word,source_grade_hint,normalized_band,source_list,rank,count,academic,pos,notes,band,preferred_band,beginner_score,intermediate_score,advanced_score,source_tags,source_files
jurisdiction,9,9-12,advanced_9_to_12,3539,2287,true,n,tier3_bnc_coca+bnc_coca_band_4k+grade_estimate_9+academic_exact,advanced,advanced,0.017,12.689,37.953,advanced_seed,advanced_9_to_12.csv
conjunction,10,9-12,advanced_9_to_12,5194,1549,true,n,tier3_bnc_coca+bnc_coca_band_6k+grade_estimate_10+academic_exact,advanced,advanced,-0.084,12.554,37.835,advanced_seed,advanced_9_to_12.csv
denomination,10,9-12,advanced_9_to_12,5249,641,true,n,tier3_bnc_coca+bnc_coca_band_6k+grade_estimate_10+academic_tion,advanced,advanced,-0.312,12.251,37.57,advanced_seed,advanced_9_to_12.csv
inscription,10,9-12,advanced_9_to_12,5487,534,true,n,tier3_bnc_coca+bnc_coca_band_6k+grade_estimate_10+academic_tion,advanced,advanced,-0.359,12.188,37.515,advanced_seed,advanced_9_to_12.csv
sophistication,10,9-12,advanced_9_to_12,5859,524,true,n,tier3_bnc_coca+bnc_coca_band_6k+grade_estimate_10+academic_tion,advanced,advanced,-0.363,12.182,37.509,advanced_seed,advanced_9_to_12.csv
sociology,9,9-12,advanced_9_to_12,3831,3539,true,n,tier3_bnc_coca+bnc_coca_band_4k+grade_estimate_9+academic_exact,advanced,advanced,0.13,12.84,36.585,advanced_seed,advanced_9_to_12.csv
notification,10,9-12,advanced_9_to_12,6578,409,true,n,tier3_bnc_coca+bnc_coca_band_7k+grade_estimate_10+academic_tion,advanced,advanced,-0.427,10.098,36.436,advanced_seed,advanced_9_to_12.csv
bureaucracy,9,9-12,advanced_9_to_12,3124,1520,true,n,tier3_bnc_coca+bnc_coca_band_4k+grade_estimate_9+academic_suffix,advanced,advanced,-0.089,12.048,36.429,advanced_seed,advanced_9_to_12.csv
biotechnology,10,9-12,advanced_9_to_12,6092,353,true,n,tier3_bnc_coca+bnc_coca_band_7k+grade_estimate_10+academic_suffix,advanced,advanced,-0.464,10.048,36.392,advanced_seed,advanced_9_to_12.csv
criminology,11,9-12,advanced_9_to_12,7224,353,true,n,tier3_bnc_coca+bnc_coca_band_8k+grade_estimate_11+academic_suffix,advanced,advanced,-0.464,10.048,36.392,advanced_seed,advanced_9_to_12.csv
infrastructure,9,9-12,advanced_9_to_12,3512,1109,true,n,tier3_bnc_coca+bnc_coca_band_4k+grade_estimate_9+academic_exact,advanced,advanced,-0.171,11.939,36.334,advanced_seed,advanced_9_to_12.csv
ornithology,12,9-12,advanced_9_to_12,9617,247,true,n,tier3_bnc_coca+bnc_coca_band_10k+grade_estimate_12+academic_suffix,advanced,advanced,-0.554,9.928,36.287,advanced_seed,advanced_9_to_12.csv
pornography,10,9-12,advanced_9_to_12,5711,944,true,n,tier3_bnc_coca+bnc_coca_band_6k+grade_estimate_10+academic_suffix,advanced,advanced,-0.212,11.884,36.286,advanced_seed,advanced_9_to_12.csv
legislature,9,9-12,advanced_9_to_12,3556,911,true,n,tier3_bnc_coca+bnc_coca_band_4k+grade_estimate_9+academic_exact,advanced,advanced,-0.221,11.871,36.275,advanced_seed,advanced_9_to_12.csv
bibliography,10,9-12,advanced_9_to_12,5087,831,true,n,tier3_bnc_coca+bnc_coca_band_6k+grade_estimate_10+academic_suffix,advanced,advanced,-0.245,11.84,36.247,advanced_seed,advanced_9_to_12.csv
palaeontology,11,9-12,advanced_9_to_12,7622,215,true,n,tier3_bnc_coca+bnc_coca_band_8k+grade_estimate_11+academic_suffix,advanced,advanced,-0.589,9.882,36.247,advanced_seed,advanced_9_to_12.csv
theology,9,9-12,advanced_9_to_12,3914,1146,true,n,tier3_bnc_coca+bnc_coca_band_4k+grade_estimate_9+academic_exact,advanced,advanced,-0.162,12.45,36.244,advanced_seed,advanced_9_to_12.csv
electorate,9,9-12,advanced_9_to_12,4298,1128,true,v,tier3_bnc_coca+bnc_coca_band_5k+grade_estimate_9+academic_exact,advanced,advanced,-0.166,12.445,36.239,advanced_seed,advanced_9_to_12.csv
autobiography,9,9-12,advanced_9_to_12,4063,709,true,n,tier3_bnc_coca+bnc_coca_band_5k+grade_estimate_9+academic_suffix,advanced,advanced,-0.286,11.785,36.2,advanced_seed,advanced_9_to_12.csv
phenomenology,11,9-12,advanced_9_to_12,8659,175,true,n,tier3_bnc_coca+bnc_coca_band_9k+grade_estimate_11+academic_suffix,advanced,advanced,-0.64,9.814,36.187,advanced_seed,advanced_9_to_12.csv
microbiology,11,9-12,advanced_9_to_12,8562,173,true,n,tier3_bnc_coca+bnc_coca_band_9k+grade_estimate_11+academic_exact,advanced,advanced,-0.643,9.81,36.184,advanced_seed,advanced_9_to_12.csv
pharmacology,12,9-12,advanced_9_to_12,9678,173,true,n,tier3_bnc_coca+bnc_coca_band_10k+grade_estimate_12+academic_suffix,advanced,advanced,-0.643,9.81,36.184,advanced_seed,advanced_9_to_12.csv
ramification,11,9-12,advanced_9_to_12,7726,152,true,n,tier3_bnc_coca+bnc_coca_band_8k+grade_estimate_11+academic_tion,advanced,advanced,-0.674,9.768,36.147,advanced_seed,advanced_9_to_12.csv
tuberculosis,10,9-12,advanced_9_to_12,5933,549,true,n,tier3_bnc_coca+bnc_coca_band_6k+grade_estimate_10+academic_suffix,advanced,advanced,-0.352,11.698,36.123,advanced_seed,advanced_9_to_12.csv
chronology,10,9-12,advanced_9_to_12,5164,742,true,n,tier3_bnc_coca+bnc_coca_band_6k+grade_estimate_10+academic_suffix,advanced,advanced,-0.274,12.301,36.113,advanced_seed,advanced_9_to_12.csv
pathology,10,9-12,advanced_9_to_12,5670,638,true,n,tier3_bnc_coca+bnc_coca_band_6k+grade_estimate_10+academic_exact,advanced,advanced,-0.313,12.249,36.068,advanced_seed,advanced_9_to_12.csv
mythology,10,9-12,advanced_9_to_12,5611,593,true,n,tier3_bnc_coca+bnc_coca_band_6k+grade_estimate_10+academic_exact,advanced,advanced,-0.332,12.224,36.046,advanced_seed,advanced_9_to_12.csv
ethnography,10,9-12,advanced_9_to_12,5324,394,true,n,tier3_bnc_coca+bnc_coca_band_6k+grade_estimate_10+academic_suffix,advanced,advanced,-0.436,11.585,36.024,advanced_seed,advanced_9_to_12.csv
meteorology,12,9-12,advanced_9_to_12,9559,98,true,n,tier3_bnc_coca+bnc_coca_band_10k+grade_estimate_12+academic_exact,advanced,advanced,-0.78,9.627,36.023,advanced_seed,advanced_9_to_12.csv
physicist,9,9-12,advanced_9_to_12,4637,547,true,n,tier3_bnc_coca+bnc_coca_band_5k+grade_estimate_9+academic_exact,advanced,advanced,-0.352,12.197,36.022,advanced_seed,advanced_9_to_12.csv
dermatology,11,9-12,advanced_9_to_12,8237,90,true,n,tier3_bnc_coca+bnc_coca_band_9k+grade_estimate_11+academic_suffix,advanced,advanced,-0.8,9.6,36.0,advanced_seed,advanced_9_to_12.csv
geology,9,9-12,advanced_9_to_12,3427,2160,true,n,tier3_bnc_coca+bnc_coca_band_4k+grade_estimate_9+academic_exact,advanced,advanced,0.002,12.169,35.736,advanced_seed,advanced_9_to_12.csv
coronation,11,9-12,advanced_9_to_12,7212,861,true,n,tier3_bnc_coca+bnc_coca_band_8k+grade_estimate_11+academic_tion,advanced,advanced,-0.236,10.352,35.158,advanced_seed,advanced_9_to_12.csv
aristocracy,10,9-12,advanced_9_to_12,6047,526,true,n,tier3_bnc_coca+bnc_coca_band_7k+grade_estimate_10+academic_suffix,advanced,advanced,-0.363,9.683,35.11,advanced_seed,advanced_9_to_12.csv
histology,11,9-12,advanced_9_to_12,7411,615,true,n,tier3_bnc_coca+bnc_coca_band_8k+grade_estimate_11+academic_exact,advanced,advanced,-0.322,10.237,35.057,advanced_seed,advanced_9_to_12.csv
phonology,11,9-12,advanced_9_to_12,7664,609,true,n,tier3_bnc_coca+bnc_coca_band_8k+grade_estimate_11+academic_exact,advanced,advanced,-0.325,10.233,35.054,advanced_seed,advanced_9_to_12.csv
physiology,10,9-12,advanced_9_to_12,6649,420,true,n,tier3_bnc_coca+bnc_coca_band_7k+grade_estimate_10+academic_exact,advanced,advanced,-0.42,10.107,34.943,advanced_seed,advanced_9_to_12.csv
symmetry,9,9-12,advanced_9_to_12,4871,1580,true,n,tier3_bnc_coca+bnc_coca_band_5k+grade_estimate_9+academic_suffix,advanced,advanced,-0.079,12.061,34.941,advanced_seed,advanced_9_to_12.csv
homology,11,9-12,advanced_9_to_12,8420,390,true,n,tier3_bnc_coca+bnc_coca_band_9k+grade_estimate_11+academic_suffix,advanced,advanced,-0.439,10.082,34.921,advanced_seed,advanced_9_to_12.csv
biography,9,9-12,advanced_9_to_12,3092,1435,true,n,tier3_bnc_coca+bnc_coca_band_4k+grade_estimate_9+academic_suffix,advanced,advanced,-0.104,12.028,34.912,advanced_seed,advanced_9_to_12.csv
astrology,11,9-12,advanced_9_to_12,7057,347,true,n,tier3_bnc_coca+bnc_coca_band_8k+grade_estimate_11+academic_suffix,advanced,advanced,-0.468,10.042,34.887,advanced_seed,advanced_9_to_12.csv
geometry,9,9-12,advanced_9_to_12,3428,1314,true,n,tier3_bnc_coca+bnc_coca_band_4k+grade_estimate_9+academic_exact,advanced,advanced,-0.127,11.998,34.885,advanced_seed,advanced_9_to_12.csv
neurology,10,9-12,advanced_9_to_12,6571,299,true,n,tier3_bnc_coca+bnc_coca_band_7k+grade_estimate_10+academic_exact,advanced,advanced,-0.506,9.992,34.843,advanced_seed,advanced_9_to_12.csv
flotation,12,9-12,advanced_9_to_12,9351,289,true,n,tier3_bnc_coca+bnc_coca_band_10k+grade_estimate_12+academic_tion,advanced,advanced,-0.515,9.981,34.833,advanced_seed,advanced_9_to_12.csv
claustrophobia,11,9-12,advanced_9_to_12,8155,195,true,n,tier3_bnc_coca+bnc_coca_band_9k+grade_estimate_11+academic_suffix,advanced,advanced,-0.613,9.349,34.818,advanced_seed,advanced_9_to_12.csv
radiology,11,9-12,advanced_9_to_12,7723,263,true,n,tier3_bnc_coca+bnc_coca_band_8k+grade_estimate_11+academic_suffix,advanced,advanced,-0.538,9.949,34.805,advanced_seed,advanced_9_to_12.csv
electrolyte,12,9-12,advanced_9_to_12,9294,185,true,n,tier3_bnc_coca+bnc_coca_band_10k+grade_estimate_12+academic_exact,advanced,advanced,-0.626,9.332,34.803,advanced_seed,advanced_9_to_12.csv
cosmology,10,9-12,advanced_9_to_12,6191,258,true,n,tier3_bnc_coca+bnc_coca_band_7k+grade_estimate_10+academic_exact,advanced,advanced,-0.543,9.943,34.8,advanced_seed,advanced_9_to_12.csv
demography,9,9-12,advanced_9_to_12,3260,976,true,n,tier3_bnc_coca+bnc_coca_band_4k+grade_estimate_9+academic_exact,advanced,advanced,-0.204,11.895,34.796,advanced_seed,advanced_9_to_12.csv
confection,11,9-12,advanced_9_to_12,7202,242,true,n,tier3_bnc_coca+bnc_coca_band_8k+grade_estimate_11+academic_tion,advanced,advanced,-0.559,9.921,34.781,advanced_seed,advanced_9_to_12.csv
anthology,11,9-12,advanced_9_to_12,7039,240,true,n,tier3_bnc_coca+bnc_coca_band_8k+grade_estimate_11+academic_suffix,advanced,advanced,-0.561,9.918,34.779,advanced_seed,advanced_9_to_12.csv
cartography,12,9-12,advanced_9_to_12,9133,169,true,n,tier3_bnc_coca+bnc_coca_band_10k+grade_estimate_12+academic_exact,advanced,advanced,-0.648,9.302,34.777,advanced_seed,advanced_9_to_12.csv
aeronautics,12,9-12,advanced_9_to_12,9015,157,true,n,tier3_bnc_coca+bnc_coca_band_10k+grade_estimate_12+academic_suffix,advanced,advanced,-0.666,9.278,34.756,advanced_seed,advanced_9_to_12.csv
habitation,12,9-12,advanced_9_to_12,9403,181,true,n,tier3_bnc_coca+bnc_coca_band_10k+grade_estimate_12+academic_tion,advanced,advanced,-0.631,9.825,34.697,advanced_seed,advanced_9_to_12.csv
immunology,12,9-12,advanced_9_to_12,9440,181,true,n,tier3_bnc_coca+bnc_coca_band_10k+grade_estimate_12+academic_suffix,advanced,advanced,-0.631,9.825,34.697,advanced_seed,advanced_9_to_12.csv
sanitation,11,9-12,advanced_9_to_12,7773,160,true,n,tier3_bnc_coca+bnc_coca_band_8k+grade_estimate_11+academic_tion,advanced,advanced,-0.662,9.784,34.661,advanced_seed,advanced_9_to_12.csv
iconography,11,9-12,advanced_9_to_12,8432,109,true,n,tier3_bnc_coca+bnc_coca_band_9k+grade_estimate_11+academic_suffix,advanced,advanced,-0.755,9.16,34.653,advanced_seed,advanced_9_to_12.csv
typology,12,9-12,advanced_9_to_12,9935,154,true,n,tier3_bnc_coca+bnc_coca_band_10k+grade_estimate_12+academic_suffix,advanced,advanced,-0.671,9.772,34.65,advanced_seed,advanced_9_to_12.csv
osteoporosis,11,9-12,advanced_9_to_12,8626,106,true,n,tier3_bnc_coca+bnc_coca_band_9k+grade_estimate_11+academic_suffix,advanced,advanced,-0.761,9.152,34.645,advanced_seed,advanced_9_to_12.csv
asymmetry,10,9-12,advanced_9_to_12,5056,519,true,n,tier3_bnc_coca+bnc_coca_band_6k+grade_estimate_10+academic_suffix,advanced,advanced,-0.366,11.679,34.606,advanced_seed,advanced_9_to_12.csv
logistics,10,9-12,advanced_9_to_12,5550,454,true,n,tier3_bnc_coca+bnc_coca_band_6k+grade_estimate_10+academic_suffix,advanced,advanced,-0.4,11.633,34.567,advanced_seed,advanced_9_to_12.csv
astrophysics,12,9-12,advanced_9_to_12,9053,79,true,n,tier3_bnc_coca+bnc_coca_band_10k+grade_estimate_12+academic_exact,advanced,advanced,-0.83,9.06,34.565,advanced_seed,advanced_9_to_12.csv
pedagogy,10,9-12,advanced_9_to_12,5679,435,true,n,tier3_bnc_coca+bnc_coca_band_6k+grade_estimate_10+academic_exact,advanced,advanced,-0.411,11.619,34.554,advanced_seed,advanced_9_to_12.csv
entomology,12,9-12,advanced_9_to_12,9309,68,true,n,tier3_bnc_coca+bnc_coca_band_10k+grade_estimate_12+academic_suffix,advanced,advanced,-0.865,9.514,34.424,advanced_seed,advanced_9_to_12.csv
zoology,11,9-12,advanced_9_to_12,8001,364,true,n,tier3_bnc_coca+bnc_coca_band_8k+grade_estimate_11+academic_exact,advanced,advanced,-0.456,9.558,34.201,advanced_seed,advanced_9_to_12.csv
certificate,9,9-12,advanced_9_to_12,3153,4268,false,v,tier3_bnc_coca+bnc_coca_band_4k+grade_estimate_9+general_or_nonacademic,advanced,advanced,2.179,11.905,34.142,advanced_seed,advanced_9_to_12.csv
anatomy,9,9-12,advanced_9_to_12,4030,799,true,n,tier3_bnc_coca+bnc_coca_band_5k+grade_estimate_9+academic_exact,advanced,advanced,-0.255,11.326,34.036,advanced_seed,advanced_9_to_12.csv
anarchy,10,9-12,advanced_9_to_12,5037,613,true,n,tier3_bnc_coca+bnc_coca_band_6k+grade_estimate_10+academic_suffix,advanced,advanced,-0.323,11.236,33.956,advanced_seed,advanced_9_to_12.csv
contemplate,9,9-12,advanced_9_to_12,3217,2192,false,v,tier3_bnc_coca+bnc_coca_band_4k+grade_estimate_9+general_or_nonacademic,advanced,advanced,2.006,11.674,33.94,advanced_seed,advanced_9_to_12.csv
deteriorate,9,9-12,advanced_9_to_12,3273,1832,false,v,tier3_bnc_coca+bnc_coca_band_4k+grade_estimate_9+general_or_nonacademic,advanced,advanced,1.959,11.612,33.886,advanced_seed,advanced_9_to_12.csv
consolidate,9,9-12,advanced_9_to_12,3213,1817,false,v,tier3_bnc_coca+bnc_coca_band_4k+grade_estimate_9+general_or_nonacademic,advanced,advanced,1.957,11.609,33.883,advanced_seed,advanced_9_to_12.csv
subordinate,9,9-12,advanced_9_to_12,3882,1796,false,v,tier3_bnc_coca+bnc_coca_band_4k+grade_estimate_9+general_or_nonacademic,advanced,advanced,1.954,11.605,33.88,advanced_seed,advanced_9_to_12.csv
congratulate,9,9-12,advanced_9_to_12,3207,1640,false,v,tier3_bnc_coca+bnc_coca_band_4k+grade_estimate_9+general_or_nonacademic,advanced,advanced,1.93,11.574,33.852,advanced_seed,advanced_9_to_12.csv
contaminate,9,9-12,advanced_9_to_12,3216,1504,false,v,tier3_bnc_coca+bnc_coca_band_4k+grade_estimate_9+general_or_nonacademic,advanced,advanced,1.908,11.544,33.826,advanced_seed,advanced_9_to_12.csv
convenience,9,9-12,advanced_9_to_12,3221,1490,false,n,tier3_bnc_coca+bnc_coca_band_4k+grade_estimate_9+general_or_nonacademic,advanced,advanced,1.906,11.541,33.823,advanced_seed,advanced_9_to_12.csv
proliferate,10,9-12,advanced_9_to_12,5722,1268,false,v,tier3_bnc_coca+bnc_coca_band_6k+grade_estimate_10+general_or_nonacademic,advanced,advanced,1.864,11.485,33.775,advanced_seed,advanced_9_to_12.csv
renaissance,9,9-12,advanced_9_to_12,4722,1170,false,n,tier3_bnc_coca+bnc_coca_band_5k+grade_estimate_9+general_or_nonacademic,advanced,advanced,1.843,11.458,33.75,advanced_seed,advanced_9_to_12.csv
conspicuous,9,9-12,advanced_9_to_12,4186,1105,false,adj,tier3_bnc_coca+bnc_coca_band_5k+grade_estimate_9+general_or_nonacademic,advanced,advanced,1.828,11.438,33.733,advanced_seed,advanced_9_to_12.csv
rehabilitate,9,9-12,advanced_9_to_12,3754,1080,false,v,tier3_bnc_coca+bnc_coca_band_4k+grade_estimate_9+general_or_nonacademic,advanced,advanced,1.822,11.43,33.726,advanced_seed,advanced_9_to_12.csv
radioactive,9,9-12,advanced_9_to_12,4694,1080,false,adj,tier3_bnc_coca+bnc_coca_band_5k+grade_estimate_9+general_or_nonacademic,advanced,advanced,1.822,11.43,33.726,advanced_seed,advanced_9_to_12.csv
prescription,9,9-12,advanced_9_to_12,3719,1049,false,n,tier3_bnc_coca+bnc_coca_band_4k+grade_estimate_9+general_or_nonacademic,advanced,advanced,1.815,11.42,33.717,advanced_seed,advanced_9_to_12.csv
nationality,9,9-12,advanced_9_to_12,4564,1003,false,n,tier3_bnc_coca+bnc_coca_band_5k+grade_estimate_9+general_or_nonacademic,advanced,advanced,1.803,11.404,33.704,advanced_seed,advanced_9_to_12.csv
substantive,9,9-12,advanced_9_to_12,4858,969,false,adj,tier3_bnc_coca+bnc_coca_band_5k+grade_estimate_9+general_or_nonacademic,advanced,advanced,1.794,11.393,33.694,advanced_seed,advanced_9_to_12.csv
commemorate,9,9-12,advanced_9_to_12,4164,908,false,v,tier3_bnc_coca+bnc_coca_band_5k+grade_estimate_9+general_or_nonacademic,advanced,advanced,1.778,11.37,33.674,advanced_seed,advanced_9_to_12.csv
compartment,9,9-12,advanced_9_to_12,4170,898,false,n,tier3_bnc_coca+bnc_coca_band_5k+grade_estimate_9+general_or_nonacademic,advanced,advanced,1.775,11.366,33.671,advanced_seed,advanced_9_to_12.csv
hospitality,10,9-12,advanced_9_to_12,5442,893,false,n,tier3_bnc_coca+bnc_coca_band_6k+grade_estimate_10+general_or_nonacademic,advanced,advanced,1.773,11.365,33.669,advanced_seed,advanced_9_to_12.csv
underestimate,9,9-12,advanced_9_to_12,4935,868,false,v,tier3_bnc_coca+bnc_coca_band_5k+grade_estimate_9+general_or_nonacademic,advanced,advanced,1.766,11.355,33.66,advanced_seed,advanced_9_to_12.csv
disposition,9,9-12,advanced_9_to_12,4262,849,false,n,tier3_bnc_coca+bnc_coca_band_5k+grade_estimate_9+general_or_nonacademic,advanced,advanced,1.76,11.347,33.654,advanced_seed,advanced_9_to_12.csv
contraction,10,9-12,advanced_9_to_12,5205,808,false,n,tier3_bnc_coca+bnc_coca_band_6k+grade_estimate_10+general_or_nonacademic,advanced,advanced,1.748,11.33,33.639,advanced_seed,advanced_9_to_12.csv
consecutive,9,9-12,advanced_9_to_12,4184,804,false,adj,tier3_bnc_coca+bnc_coca_band_5k+grade_estimate_9+general_or_nonacademic,advanced,advanced,1.746,11.328,33.637,advanced_seed,advanced_9_to_12.csv
decentralize,10,9-12,advanced_9_to_12,5237,803,false,v,tier3_bnc_coca+bnc_coca_band_6k+grade_estimate_10+general_or_nonacademic,advanced,advanced,1.746,11.328,33.637,advanced_seed,advanced_9_to_12.csv
temperament,9,9-12,advanced_9_to_12,4887,798,false,n,tier3_bnc_coca+bnc_coca_band_5k+grade_estimate_9+general_or_nonacademic,advanced,advanced,1.744,11.326,33.635,advanced_seed,advanced_9_to_12.csv
surveillance,9,9-12,advanced_9_to_12,4864,773,false,n,tier3_bnc_coca+bnc_coca_band_5k+grade_estimate_9+general_or_nonacademic,advanced,advanced,1.736,11.315,33.626,advanced_seed,advanced_9_to_12.csv
interrogate,9,9-12,advanced_9_to_12,4450,769,false,v,tier3_bnc_coca+bnc_coca_band_5k+grade_estimate_9+general_or_nonacademic,advanced,advanced,1.735,11.313,33.624,advanced_seed,advanced_9_to_12.csv
necessitate,10,9-12,advanced_9_to_12,5615,715,false,v,tier3_bnc_coca+bnc_coca_band_6k+grade_estimate_10+general_or_nonacademic,advanced,advanced,1.716,11.288,33.602,advanced_seed,advanced_9_to_12.csv
disintegrate,9,9-12,advanced_9_to_12,4257,712,false,v,tier3_bnc_coca+bnc_coca_band_5k+grade_estimate_9+general_or_nonacademic,advanced,advanced,1.715,11.287,33.601,advanced_seed,advanced_9_to_12.csv
reproductive,9,9-12,advanced_9_to_12,4726,710,false,adj,tier3_bnc_coca+bnc_coca_band_5k+grade_estimate_9+general_or_nonacademic,advanced,advanced,1.714,11.286,33.6,advanced_seed,advanced_9_to_12.csv
disseminate,10,9-12,advanced_9_to_12,5283,706,false,v,tier3_bnc_coca+bnc_coca_band_6k+grade_estimate_10+general_or_nonacademic,advanced,advanced,1.713,11.284,33.598,advanced_seed,advanced_9_to_12.csv
confederate,9,9-12,advanced_9_to_12,4180,680,false,v,tier3_bnc_coca+bnc_coca_band_5k+grade_estimate_9+general_or_nonacademic,advanced,advanced,1.703,11.271,33.587,advanced_seed,advanced_9_to_12.csv
authoritative,10,9-12,advanced_9_to_12,5063,679,false,adj,tier3_bnc_coca+bnc_coca_band_6k+grade_estimate_10+general_or_nonacademic,advanced,advanced,1.703,11.271,33.587,advanced_seed,advanced_9_to_12.csv
disillusion,10,9-12,advanced_9_to_12,5277,661,false,v,tier3_bnc_coca+bnc_coca_band_6k+grade_estimate_10+general_or_nonacademic,advanced,advanced,1.696,11.261,33.579,advanced_seed,advanced_9_to_12.csv
conglomerate,10,9-12,advanced_9_to_12,5193,612,false,v,tier3_bnc_coca+bnc_coca_band_6k+grade_estimate_10+general_or_nonacademic,advanced,advanced,1.676,11.235,33.556,advanced_seed,advanced_9_to_12.csv
informative,10,9-12,advanced_9_to_12,5483,598,false,adj,tier3_bnc_coca+bnc_coca_band_6k+grade_estimate_10+general_or_nonacademic,advanced,advanced,1.67,11.227,33.549,advanced_seed,advanced_9_to_12.csv
carbohydrate,9,9-12,advanced_9_to_12,4119,554,false,v,tier3_bnc_coca+bnc_coca_band_5k+grade_estimate_9+general_or_nonacademic,advanced,advanced,1.651,11.201,33.526,advanced_seed,advanced_9_to_12.csv
homogeneous,10,9-12,advanced_9_to_12,5438,553,false,adj,tier3_bnc_coca+bnc_coca_band_6k+grade_estimate_10+general_or_nonacademic,advanced,advanced,1.65,11.2,33.525,advanced_seed,advanced_9_to_12.csv
contentious,10,9-12,advanced_9_to_12,5202,549,false,adj,tier3_bnc_coca+bnc_coca_band_6k+grade_estimate_10+general_or_nonacademic,advanced,advanced,1.648,11.198,33.523,advanced_seed,advanced_9_to_12.csv
disproportion,10,9-12,advanced_9_to_12,5280,530,false,n,tier3_bnc_coca+bnc_coca_band_6k+grade_estimate_10+general_or_nonacademic,advanced,advanced,1.639,11.186,33.513,advanced_seed,advanced_9_to_12.csv
taxonomy,10,9-12,advanced_9_to_12,6891,366,true,n,tier3_bnc_coca+bnc_coca_band_7k+grade_estimate_10+academic_exact,advanced,advanced,-0.455,9.56,33.503,advanced_seed,advanced_9_to_12.csv
materialize,10,9-12,advanced_9_to_12,5573,480,false,v,tier3_bnc_coca+bnc_coca_band_6k+grade_estimate_10+general_or_nonacademic,advanced,advanced,1.614,11.152,33.483,advanced_seed,advanced_9_to_12.csv
conservatism,10,9-12,advanced_9_to_12,5197,478,false,n,tier3_bnc_coca+bnc_coca_band_6k+grade_estimate_10+general_or_nonacademic,advanced,advanced,1.613,11.151,33.482,advanced_seed,advanced_9_to_12.csv
fibrosis,11,9-12,advanced_9_to_12,8334,291,true,n,tier3_bnc_coca+bnc_coca_band_9k+grade_estimate_11+academic_suffix,advanced,advanced,-0.513,9.483,33.435,advanced_seed,advanced_9_to_12.csv
topography,11,9-12,advanced_9_to_12,7914,280,true,n,tier3_bnc_coca+bnc_coca_band_8k+grade_estimate_11+academic_suffix,advanced,advanced,-0.523,9.47,33.424,advanced_seed,advanced_9_to_12.csv
prognosis,11,9-12,advanced_9_to_12,7696,262,true,n,tier3_bnc_coca+bnc_coca_band_8k+grade_estimate_11+academic_suffix,advanced,advanced,-0.539,9.448,33.404,advanced_seed,advanced_9_to_12.csv
hypnosis,11,9-12,advanced_9_to_12,8429,257,true,n,tier3_bnc_coca+bnc_coca_band_9k+grade_estimate_11+academic_suffix,advanced,advanced,-0.544,9.441,33.399,advanced_seed,advanced_9_to_12.csv
typography,12,9-12,advanced_9_to_12,9934,253,true,n,tier3_bnc_coca+bnc_coca_band_10k+grade_estimate_12+academic_suffix,advanced,advanced,-0.548,9.436,33.394,advanced_seed,advanced_9_to_12.csv
protagonist,10,9-12,advanced_9_to_12,5727,341,false,n,tier3_bnc_coca+bnc_coca_band_6k+grade_estimate_10+general_or_nonacademic,advanced,advanced,1.527,11.036,33.382,advanced_seed,advanced_9_to_12.csv
psychosis,11,9-12,advanced_9_to_12,8708,211,true,n,tier3_bnc_coca+bnc_coca_band_9k+grade_estimate_11+academic_suffix,advanced,advanced,-0.593,9.376,33.341,advanced_seed,advanced_9_to_12.csv
paralysis,11,9-12,advanced_9_to_12,7631,206,true,n,tier3_bnc_coca+bnc_coca_band_8k+grade_estimate_11+academic_suffix,advanced,advanced,-0.599,9.368,33.334,advanced_seed,advanced_9_to_12.csv
neurosis,12,9-12,advanced_9_to_12,9597,183,true,n,tier3_bnc_coca+bnc_coca_band_10k+grade_estimate_12+academic_suffix,advanced,advanced,-0.629,9.328,33.3,advanced_seed,advanced_9_to_12.csv
sclerosis,11,9-12,advanced_9_to_12,8793,173,true,n,tier3_bnc_coca+bnc_coca_band_9k+grade_estimate_11+academic_suffix,advanced,advanced,-0.643,9.31,33.284,advanced_seed,advanced_9_to_12.csv
quadrant,12,9-12,advanced_9_to_12,9743,168,true,n,tier3_bnc_coca+bnc_coca_band_10k+grade_estimate_12+academic_exact,advanced,advanced,-0.65,9.3,33.275,advanced_seed,advanced_9_to_12.csv
gymnastics,11,9-12,advanced_9_to_12,7393,155,true,n,tier3_bnc_coca+bnc_coca_band_8k+grade_estimate_11+academic_suffix,advanced,advanced,-0.67,9.274,33.252,advanced_seed,advanced_9_to_12.csv
necrosis,12,9-12,advanced_9_to_12,9595,146,true,n,tier3_bnc_coca+bnc_coca_band_10k+grade_estimate_12+academic_suffix,advanced,advanced,-0.684,9.254,33.235,advanced_seed,advanced_9_to_12.csv
homophobia,11,9-12,advanced_9_to_12,8421,145,true,n,tier3_bnc_coca+bnc_coca_band_9k+grade_estimate_11+academic_suffix,advanced,advanced,-0.686,9.252,33.233,advanced_seed,advanced_9_to_12.csv
tomography,12,9-12,advanced_9_to_12,9909,137,true,n,tier3_bnc_coca+bnc_coca_band_10k+grade_estimate_12+academic_exact,advanced,advanced,-0.7,9.234,33.217,advanced_seed,advanced_9_to_12.csv
xenophobia,12,9-12,advanced_9_to_12,9993,126,true,n,tier3_bnc_coca+bnc_coca_band_10k+grade_estimate_12+academic_suffix,advanced,advanced,-0.72,9.207,33.193,advanced_seed,advanced_9_to_12.csv
dialysis,12,9-12,advanced_9_to_12,9244,119,true,n,tier3_bnc_coca+bnc_coca_band_10k+grade_estimate_12+academic_suffix,advanced,advanced,-0.734,9.188,33.177,advanced_seed,advanced_9_to_12.csv
pronoun,11,9-12,advanced_9_to_12,7700,480,true,n,tier3_bnc_coca+bnc_coca_band_8k+grade_estimate_11+academic_exact,advanced,advanced,-0.386,9.152,32.883,advanced_seed,advanced_9_to_12.csv
adverb,12,9-12,advanced_9_to_12,9012,250,true,n,tier3_bnc_coca+bnc_coca_band_10k+grade_estimate_12+academic_exact,advanced,advanced,0.249,9.432,32.69,advanced_seed,advanced_9_to_12.csv
satisfactory,9,9-12,advanced_9_to_12,3784,3482,false,n,tier3_bnc_coca+bnc_coca_band_4k+grade_estimate_9+general_or_nonacademic,advanced,advanced,2.126,11.334,32.68,advanced_seed,advanced_9_to_12.csv
socialist,9,9-12,advanced_9_to_12,3830,4179,false,n,tier3_bnc_coca+bnc_coca_band_4k+grade_estimate_9+general_or_nonacademic,advanced,advanced,2.173,11.898,32.635,advanced_seed,advanced_9_to_12.csv
dissolution,10,9-12,advanced_9_to_12,6255,782,false,n,tier3_bnc_coca+bnc_coca_band_7k+grade_estimate_10+general_or_nonacademic,advanced,advanced,1.739,9.319,32.629,advanced_seed,advanced_9_to_12.csv
constituency,9,9-12,advanced_9_to_12,3215,2690,false,n,tier3_bnc_coca+bnc_coca_band_4k+grade_estimate_9+general_or_nonacademic,advanced,advanced,2.059,11.245,32.602,advanced_seed,advanced_9_to_12.csv
phobia,11,9-12,advanced_9_to_12,8661,175,true,n,tier3_bnc_coca+bnc_coca_band_9k+grade_estimate_11+academic_suffix,advanced,advanced,0.16,9.314,32.587,advanced_seed,advanced_9_to_12.csv
physiotherapist,12,9-12,advanced_9_to_12,9680,658,false,n,tier3_bnc_coca+bnc_coca_band_10k+grade_estimate_12+general_or_nonacademic,advanced,advanced,1.695,9.26,32.577,advanced_seed,advanced_9_to_12.csv
magnificent,9,9-12,advanced_9_to_12,3578,2248,false,adj,tier3_bnc_coca+bnc_coca_band_4k+grade_estimate_9+general_or_nonacademic,advanced,advanced,2.012,11.183,32.548,advanced_seed,advanced_9_to_12.csv
spectacular,9,9-12,advanced_9_to_12,3841,2171,false,adj,tier3_bnc_coca+bnc_coca_band_4k+grade_estimate_9+general_or_nonacademic,advanced,advanced,2.003,11.171,32.537,advanced_seed,advanced_9_to_12.csv
anniversary,9,9-12,advanced_9_to_12,3038,2146,false,n,tier3_bnc_coca+bnc_coca_band_4k+grade_estimate_9+general_or_nonacademic,advanced,advanced,2.0,11.167,32.534,advanced_seed,advanced_9_to_12.csv
magistrate,9,9-12,advanced_9_to_12,4498,2846,false,v,tier3_bnc_coca+bnc_coca_band_5k+grade_estimate_9+general_or_nonacademic,advanced,advanced,2.073,11.765,32.519,advanced_seed,advanced_9_to_12.csv
intelligent,9,9-12,advanced_9_to_12,3524,2033,false,adj,tier3_bnc_coca+bnc_coca_band_4k+grade_estimate_9+general_or_nonacademic,advanced,advanced,1.986,11.148,32.517,advanced_seed,advanced_9_to_12.csv
ideological,9,9-12,advanced_9_to_12,3490,1902,false,adj,tier3_bnc_coca+bnc_coca_band_4k+grade_estimate_9+general_or_nonacademic,advanced,advanced,1.969,11.125,32.497,advanced_seed,advanced_9_to_12.csv
predominant,9,9-12,advanced_9_to_12,3712,1841,false,adj,tier3_bnc_coca+bnc_coca_band_4k+grade_estimate_9+general_or_nonacademic,advanced,advanced,1.96,11.114,32.487,advanced_seed,advanced_9_to_12.csv
confidential,9,9-12,advanced_9_to_12,3204,1836,false,adj,tier3_bnc_coca+bnc_coca_band_4k+grade_estimate_9+general_or_nonacademic,advanced,advanced,1.96,11.113,32.486,advanced_seed,advanced_9_to_12.csv
junction,9,9-12,advanced_9_to_12,4464,2459,false,n,tier3_bnc_coca+bnc_coca_band_5k+grade_estimate_9+general_or_nonacademic,advanced,advanced,2.036,11.714,32.475,advanced_seed,advanced_9_to_12.csv
commonwealth,9,9-12,advanced_9_to_12,4167,1765,false,n,tier3_bnc_coca+bnc_coca_band_5k+grade_estimate_9+general_or_nonacademic,advanced,advanced,1.95,11.099,32.474,advanced_seed,advanced_9_to_12.csv
veterinarian,9,9-12,advanced_9_to_12,3970,1737,false,n,tier3_bnc_coca+bnc_coca_band_4k+grade_estimate_9+general_or_nonacademic,advanced,advanced,1.945,11.094,32.47,advanced_seed,advanced_9_to_12.csv
conversion,9,9-12,advanced_9_to_12,3223,2416,false,n,tier3_bnc_coca+bnc_coca_band_4k+grade_estimate_9+general_or_nonacademic,advanced,advanced,2.031,11.708,32.469,advanced_seed,advanced_9_to_12.csv
metropolitan,9,9-12,advanced_9_to_12,3597,1711,false,n,tier3_bnc_coca+bnc_coca_band_4k+grade_estimate_9+general_or_nonacademic,advanced,advanced,1.941,11.089,32.465,advanced_seed,advanced_9_to_12.csv
prerogative,10,9-12,advanced_9_to_12,6687,450,false,adj,tier3_bnc_coca+bnc_coca_band_7k+grade_estimate_10+general_or_nonacademic,advanced,advanced,1.598,9.13,32.464,advanced_seed,advanced_9_to_12.csv
intravenous,10,9-12,advanced_9_to_12,6476,446,false,adj,tier3_bnc_coca+bnc_coca_band_7k+grade_estimate_10+general_or_nonacademic,advanced,advanced,1.595,9.127,32.461,advanced_seed,advanced_9_to_12.csv
counterpart,9,9-12,advanced_9_to_12,3231,1689,false,n,tier3_bnc_coca+bnc_coca_band_4k+grade_estimate_9+general_or_nonacademic,advanced,advanced,1.938,11.084,32.461,advanced_seed,advanced_9_to_12.csv
conscientious,10,9-12,advanced_9_to_12,6177,444,false,adj,tier3_bnc_coca+bnc_coca_band_7k+grade_estimate_10+general_or_nonacademic,advanced,advanced,1.594,9.126,32.46,advanced_seed,advanced_9_to_12.csv
federate,9,9-12,advanced_9_to_12,3377,2326,false,v,tier3_bnc_coca+bnc_coca_band_4k+grade_estimate_9+general_or_nonacademic,advanced,advanced,2.021,11.695,32.458,advanced_seed,advanced_9_to_12.csv
ambition,9,9-12,advanced_9_to_12,3030,2296,false,n,tier3_bnc_coca+bnc_coca_band_4k+grade_estimate_9+general_or_nonacademic,advanced,advanced,2.018,11.69,32.454,advanced_seed,advanced_9_to_12.csv
heterogeneous,12,9-12,advanced_9_to_12,9427,435,false,adj,tier3_bnc_coca+bnc_coca_band_10k+grade_estimate_12+general_or_nonacademic,advanced,advanced,1.589,9.119,32.454,advanced_seed,advanced_9_to_12.csv
subconscious,10,9-12,advanced_9_to_12,6860,428,false,adj,tier3_bnc_coca+bnc_coca_band_7k+grade_estimate_10+general_or_nonacademic,advanced,advanced,1.585,9.113,32.449,advanced_seed,advanced_9_to_12.csv
vigorous,9,9-12,advanced_9_to_12,3973,2218,false,adj,tier3_bnc_coca+bnc_coca_band_4k+grade_estimate_9+general_or_nonacademic,advanced,advanced,2.009,11.678,32.444,advanced_seed,advanced_9_to_12.csv
predecessor,9,9-12,advanced_9_to_12,3711,1590,false,n,tier3_bnc_coca+bnc_coca_band_4k+grade_estimate_9+general_or_nonacademic,advanced,advanced,1.922,11.063,32.443,advanced_seed,advanced_9_to_12.csv
forthcoming,9,9-12,advanced_9_to_12,4357,1584,false,n,tier3_bnc_coca+bnc_coca_band_5k+grade_estimate_9+general_or_nonacademic,advanced,advanced,1.921,11.062,32.442,advanced_seed,advanced_9_to_12.csv
predominate,10,9-12,advanced_9_to_12,6683,414,false,adj,tier3_bnc_coca+bnc_coca_band_7k+grade_estimate_10+general_or_nonacademic,advanced,advanced,1.576,9.102,32.439,advanced_seed,advanced_9_to_12.csv
substantiate,10,9-12,advanced_9_to_12,6862,410,false,v,tier3_bnc_coca+bnc_coca_band_7k+grade_estimate_10+general_or_nonacademic,advanced,advanced,1.574,9.099,32.436,advanced_seed,advanced_9_to_12.csv
contraceptive,10,9-12,advanced_9_to_12,6184,409,false,adj,tier3_bnc_coca+bnc_coca_band_7k+grade_estimate_10+general_or_nonacademic,advanced,advanced,1.573,9.098,32.436,advanced_seed,advanced_9_to_12.csv
petition,9,9-12,advanced_9_to_12,3685,2114,false,v,tier3_bnc_coca+bnc_coca_band_4k+grade_estimate_9+general_or_nonacademic,advanced,advanced,1.996,11.662,32.429,advanced_seed,advanced_9_to_12.csv
delicate,9,9-12,advanced_9_to_12,3259,2073,false,adj,tier3_bnc_coca+bnc_coca_band_4k+grade_estimate_9+general_or_nonacademic,advanced,advanced,1.991,11.655,32.423,advanced_seed,advanced_9_to_12.csv
penetrate,9,9-12,advanced_9_to_12,3683,2069,false,v,tier3_bnc_coca+bnc_coca_band_4k+grade_estimate_9+general_or_nonacademic,advanced,advanced,1.991,11.654,32.422,advanced_seed,advanced_9_to_12.csv
contraception,10,9-12,advanced_9_to_12,6183,391,false,n,tier3_bnc_coca+bnc_coca_band_7k+grade_estimate_10+general_or_nonacademic,advanced,advanced,1.562,9.083,32.422,advanced_seed,advanced_9_to_12.csv
predicament,10,9-12,advanced_9_to_12,6680,388,false,n,tier3_bnc_coca+bnc_coca_band_7k+grade_estimate_10+general_or_nonacademic,advanced,advanced,1.56,9.08,32.42,advanced_seed,advanced_9_to_12.csv
reverberate,10,9-12,advanced_9_to_12,6765,387,false,v,tier3_bnc_coca+bnc_coca_band_7k+grade_estimate_10+general_or_nonacademic,advanced,advanced,1.559,9.079,32.419,advanced_seed,advanced_9_to_12.csv
concession,9,9-12,advanced_9_to_12,3203,2015,false,n,tier3_bnc_coca+bnc_coca_band_4k+grade_estimate_9+general_or_nonacademic,advanced,advanced,1.984,11.645,32.414,advanced_seed,advanced_9_to_12.csv
cultivate,9,9-12,advanced_9_to_12,3241,2006,false,v,tier3_bnc_coca+bnc_coca_band_4k+grade_estimate_9+general_or_nonacademic,advanced,advanced,1.983,11.644,32.413,advanced_seed,advanced_9_to_12.csv
apprehensive,11,9-12,advanced_9_to_12,7048,376,false,adj,tier3_bnc_coca+bnc_coca_band_8k+grade_estimate_11+general_or_nonacademic,advanced,advanced,1.552,9.069,32.411,advanced_seed,advanced_9_to_12.csv
hypertension,10,9-12,advanced_9_to_12,6440,369,false,n,tier3_bnc_coca+bnc_coca_band_7k+grade_estimate_10+general_or_nonacademic,advanced,advanced,1.547,9.063,32.405,advanced_seed,advanced_9_to_12.csv
encapsulate,11,9-12,advanced_9_to_12,7301,369,false,v,tier3_bnc_coca+bnc_coca_band_8k+grade_estimate_11+general_or_nonacademic,advanced,advanced,1.547,9.063,32.405,advanced_seed,advanced_9_to_12.csv
commence,9,9-12,advanced_9_to_12,4165,1949,false,n,tier3_bnc_coca+bnc_coca_band_5k+grade_estimate_9+general_or_nonacademic,advanced,advanced,1.975,11.634,32.404,advanced_seed,advanced_9_to_12.csv
commentator,9,9-12,advanced_9_to_12,3186,1381,false,n,tier3_bnc_coca+bnc_coca_band_4k+grade_estimate_9+general_or_nonacademic,advanced,advanced,1.886,11.015,32.4,advanced_seed,advanced_9_to_12.csv
incongruous,10,9-12,advanced_9_to_12,6456,359,false,adj,tier3_bnc_coca+bnc_coca_band_7k+grade_estimate_10+general_or_nonacademic,advanced,advanced,1.54,9.054,32.397,advanced_seed,advanced_9_to_12.csv
countenance,11,9-12,advanced_9_to_12,7215,358,false,n,tier3_bnc_coca+bnc_coca_band_8k+grade_estimate_11+general_or_nonacademic,advanced,advanced,1.54,9.053,32.396,advanced_seed,advanced_9_to_12.csv
terminate,9,9-12,advanced_9_to_12,3906,1882,false,v,tier3_bnc_coca+bnc_coca_band_4k+grade_estimate_9+general_or_nonacademic,advanced,advanced,1.966,11.622,32.394,advanced_seed,advanced_9_to_12.csv
cautious,9,9-12,advanced_9_to_12,3147,1851,false,adj,tier3_bnc_coca+bnc_coca_band_4k+grade_estimate_9+general_or_nonacademic,advanced,advanced,1.962,11.616,32.389,advanced_seed,advanced_9_to_12.csv
invertebrate,11,9-12,advanced_9_to_12,7453,348,false,v,tier3_bnc_coca+bnc_coca_band_8k+grade_estimate_11+general_or_nonacademic,advanced,advanced,1.532,9.043,32.388,advanced_seed,advanced_9_to_12.csv
originate,9,9-12,advanced_9_to_12,3653,1815,false,v,tier3_bnc_coca+bnc_coca_band_4k+grade_estimate_9+general_or_nonacademic,advanced,advanced,1.957,11.609,32.383,advanced_seed,advanced_9_to_12.csv
relevance,9,9-12,advanced_9_to_12,3757,1815,false,n,tier3_bnc_coca+bnc_coca_band_4k+grade_estimate_9+general_or_nonacademic,advanced,advanced,1.957,11.609,32.383,advanced_seed,advanced_9_to_12.csv
directorate,11,9-12,advanced_9_to_12,8251,339,false,v,tier3_bnc_coca+bnc_coca_band_9k+grade_estimate_11+general_or_nonacademic,advanced,advanced,1.526,9.034,32.38,advanced_seed,advanced_9_to_12.csv
impressionist,11,9-12,advanced_9_to_12,7429,334,false,n,tier3_bnc_coca+bnc_coca_band_8k+grade_estimate_11+general_or_nonacademic,advanced,advanced,1.522,9.029,32.376,advanced_seed,advanced_9_to_12.csv
precious,9,9-12,advanced_9_to_12,3709,1766,false,adj,tier3_bnc_coca+bnc_coca_band_4k+grade_estimate_9+general_or_nonacademic,advanced,advanced,1.95,11.6,32.375,advanced_seed,advanced_9_to_12.csv
regiment,9,9-12,advanced_9_to_12,4714,1762,false,v,tier3_bnc_coca+bnc_coca_band_5k+grade_estimate_9+general_or_nonacademic,advanced,advanced,1.949,11.599,32.374,advanced_seed,advanced_9_to_12.csv
indifferent,9,9-12,advanced_9_to_12,3503,1263,false,adj,tier3_bnc_coca+bnc_coca_band_4k+grade_estimate_9+general_or_nonacademic,advanced,advanced,1.863,10.984,32.373,advanced_seed,advanced_9_to_12.csv
sentiment,9,9-12,advanced_9_to_12,3804,1754,false,n,tier3_bnc_coca+bnc_coca_band_4k+grade_estimate_9+general_or_nonacademic,advanced,advanced,1.948,11.597,32.373,advanced_seed,advanced_9_to_12.csv
orchestrate,10,9-12,advanced_9_to_12,6591,327,false,v,tier3_bnc_coca+bnc_coca_band_7k+grade_estimate_10+general_or_nonacademic,advanced,advanced,1.517,9.022,32.369,advanced_seed,advanced_9_to_12.csv
entrepreneur,9,9-12,advanced_9_to_12,3344,1244,false,n,tier3_bnc_coca+bnc_coca_band_4k+grade_estimate_9+general_or_nonacademic,advanced,advanced,1.859,10.979,32.369,advanced_seed,advanced_9_to_12.csv
extrapolate,11,9-12,advanced_9_to_12,7325,326,false,v,tier3_bnc_coca+bnc_coca_band_8k+grade_estimate_11+general_or_nonacademic,advanced,advanced,1.516,9.021,32.368,advanced_seed,advanced_9_to_12.csv
respectability,11,9-12,advanced_9_to_12,7751,325,false,n,tier3_bnc_coca+bnc_coca_band_8k+grade_estimate_11+general_or_nonacademic,advanced,advanced,1.515,9.02,32.368,advanced_seed,advanced_9_to_12.csv
determinate,11,9-12,advanced_9_to_12,7251,322,false,v,tier3_bnc_coca+bnc_coca_band_8k+grade_estimate_11+general_or_nonacademic,advanced,advanced,1.513,9.017,32.365,advanced_seed,advanced_9_to_12.csv
exaggerate,9,9-12,advanced_9_to_12,3357,1708,false,v,tier3_bnc_coca+bnc_coca_band_4k+grade_estimate_9+general_or_nonacademic,advanced,advanced,1.941,11.588,32.365,advanced_seed,advanced_9_to_12.csv
congregate,9,9-12,advanced_9_to_12,3208,1704,false,v,tier3_bnc_coca+bnc_coca_band_4k+grade_estimate_9+general_or_nonacademic,advanced,advanced,1.94,11.587,32.364,advanced_seed,advanced_9_to_12.csv
exclusion,9,9-12,advanced_9_to_12,3360,1704,false,n,tier3_bnc_coca+bnc_coca_band_4k+grade_estimate_9+general_or_nonacademic,advanced,advanced,1.94,11.587,32.364,advanced_seed,advanced_9_to_12.csv
incredulous,11,9-12,advanced_9_to_12,7433,320,false,adj,tier3_bnc_coca+bnc_coca_band_8k+grade_estimate_11+general_or_nonacademic,advanced,advanced,1.511,9.015,32.363,advanced_seed,advanced_9_to_12.csv
pronouncement,10,9-12,advanced_9_to_12,6698,317,false,n,tier3_bnc_coca+bnc_coca_band_7k+grade_estimate_10+general_or_nonacademic,advanced,advanced,1.509,9.012,32.36,advanced_seed,advanced_9_to_12.csv
repercussion,10,9-12,advanced_9_to_12,6750,316,false,n,tier3_bnc_coca+bnc_coca_band_7k+grade_estimate_10+general_or_nonacademic,advanced,advanced,1.508,9.011,32.359,advanced_seed,advanced_9_to_12.csv
decisive,9,9-12,advanced_9_to_12,3251,1670,false,adj,tier3_bnc_coca+bnc_coca_band_4k+grade_estimate_9+general_or_nonacademic,advanced,advanced,1.935,11.58,32.358,advanced_seed,advanced_9_to_12.csv
provisional,10,9-12,advanced_9_to_12,5728,1198,false,adj,tier3_bnc_coca+bnc_coca_band_6k+grade_estimate_10+general_or_nonacademic,advanced,advanced,1.849,10.966,32.357,advanced_seed,advanced_9_to_12.csv
destabilize,10,9-12,advanced_9_to_12,6236,313,false,v,tier3_bnc_coca+bnc_coca_band_7k+grade_estimate_10+general_or_nonacademic,advanced,advanced,1.506,9.007,32.356,advanced_seed,advanced_9_to_12.csv
socialism,9,9-12,advanced_9_to_12,4812,1651,false,n,tier3_bnc_coca+bnc_coca_band_5k+grade_estimate_9+general_or_nonacademic,advanced,advanced,1.932,11.576,32.354,advanced_seed,advanced_9_to_12.csv
superintendent,9,9-12,advanced_9_to_12,4861,1185,false,n,tier3_bnc_coca+bnc_coca_band_5k+grade_estimate_9+general_or_nonacademic,advanced,advanced,1.846,10.962,32.354,advanced_seed,advanced_9_to_12.csv
reconnaissance,11,9-12,advanced_9_to_12,7735,308,false,n,tier3_bnc_coca+bnc_coca_band_8k+grade_estimate_11+general_or_nonacademic,advanced,advanced,1.501,9.002,32.352,advanced_seed,advanced_9_to_12.csv
precondition,11,9-12,advanced_9_to_12,7689,307,false,v,tier3_bnc_coca+bnc_coca_band_8k+grade_estimate_11+general_or_nonacademic,advanced,advanced,1.501,9.001,32.351,advanced_seed,advanced_9_to_12.csv
ambitious,9,9-12,advanced_9_to_12,3031,1625,false,adj,tier3_bnc_coca+bnc_coca_band_4k+grade_estimate_9+general_or_nonacademic,advanced,advanced,1.928,11.571,32.349,advanced_seed,advanced_9_to_12.csv
illuminate,9,9-12,advanced_9_to_12,3492,1591,false,v,tier3_bnc_coca+bnc_coca_band_4k+grade_estimate_9+general_or_nonacademic,advanced,advanced,1.923,11.564,32.343,advanced_seed,advanced_9_to_12.csv
retribution,11,9-12,advanced_9_to_12,7754,299,false,n,tier3_bnc_coca+bnc_coca_band_8k+grade_estimate_11+general_or_nonacademic,advanced,advanced,1.494,8.992,32.343,advanced_seed,advanced_9_to_12.csv
superstition,11,9-12,advanced_9_to_12,7883,298,false,n,tier3_bnc_coca+bnc_coca_band_8k+grade_estimate_11+general_or_nonacademic,advanced,advanced,1.493,8.991,32.342,advanced_seed,advanced_9_to_12.csv
superficial,9,9-12,advanced_9_to_12,4860,1121,false,adj,tier3_bnc_coca+bnc_coca_band_5k+grade_estimate_9+general_or_nonacademic,advanced,advanced,1.832,10.943,32.337,advanced_seed,advanced_9_to_12.csv
submission,9,9-12,advanced_9_to_12,4857,1553,false,n,tier3_bnc_coca+bnc_coca_band_5k+grade_estimate_9+general_or_nonacademic,advanced,advanced,1.916,11.555,32.336,advanced_seed,advanced_9_to_12.csv
locomotive,10,9-12,advanced_9_to_12,5547,1533,false,adj,tier3_bnc_coca+bnc_coca_band_6k+grade_estimate_10+general_or_nonacademic,advanced,advanced,1.913,11.551,32.332,advanced_seed,advanced_9_to_12.csv
disorientate,10,9-12,advanced_9_to_12,6249,287,false,v,tier3_bnc_coca+bnc_coca_band_7k+grade_estimate_10+general_or_nonacademic,advanced,advanced,1.484,8.978,32.331,advanced_seed,advanced_9_to_12.csv
pretentious,11,9-12,advanced_9_to_12,7692,286,false,adj,tier3_bnc_coca+bnc_coca_band_8k+grade_estimate_11+general_or_nonacademic,advanced,advanced,1.483,8.977,32.33,advanced_seed,advanced_9_to_12.csv
optimist,9,9-12,advanced_9_to_12,3649,1520,false,n,tier3_bnc_coca+bnc_coca_band_4k+grade_estimate_9+general_or_nonacademic,advanced,advanced,1.911,11.548,32.329,advanced_seed,advanced_9_to_12.csv
expedition,9,9-12,advanced_9_to_12,3366,1500,false,n,tier3_bnc_coca+bnc_coca_band_4k+grade_estimate_9+general_or_nonacademic,advanced,advanced,1.907,11.543,32.325,advanced_seed,advanced_9_to_12.csv
integrity,9,9-12,advanced_9_to_12,3523,1473,false,n,tier3_bnc_coca+bnc_coca_band_4k+grade_estimate_9+general_or_nonacademic,advanced,advanced,1.903,11.537,32.32,advanced_seed,advanced_9_to_12.csv
multiplicity,11,9-12,advanced_9_to_12,7569,276,false,n,tier3_bnc_coca+bnc_coca_band_8k+grade_estimate_11+general_or_nonacademic,advanced,advanced,1.474,8.965,32.319,advanced_seed,advanced_9_to_12.csv
vocation,9,9-12,advanced_9_to_12,3979,1468,false,n,tier3_bnc_coca+bnc_coca_band_4k+grade_estimate_9+general_or_nonacademic,advanced,advanced,1.902,11.536,32.319,advanced_seed,advanced_9_to_12.csv
conscience,9,9-12,advanced_9_to_12,3209,1441,false,n,tier3_bnc_coca+bnc_coca_band_4k+grade_estimate_9+general_or_nonacademic,advanced,advanced,1.897,11.529,32.313,advanced_seed,advanced_9_to_12.csv
constellation,10,9-12,advanced_9_to_12,6181,267,false,n,tier3_bnc_coca+bnc_coca_band_7k+grade_estimate_10+general_or_nonacademic,advanced,advanced,1.465,8.954,32.31,advanced_seed,advanced_9_to_12.csv
documentary,9,9-12,advanced_9_to_12,3308,1018,false,n,tier3_bnc_coca+bnc_coca_band_4k+grade_estimate_9+general_or_nonacademic,advanced,advanced,1.807,10.91,32.308,advanced_seed,advanced_9_to_12.csv
compliance,9,9-12,advanced_9_to_12,3196,1408,false,n,tier3_bnc_coca+bnc_coca_band_4k+grade_estimate_9+general_or_nonacademic,advanced,advanced,1.891,11.521,32.306,advanced_seed,advanced_9_to_12.csv
excavate,9,9-12,advanced_9_to_12,3358,1403,false,v,tier3_bnc_coca+bnc_coca_band_4k+grade_estimate_9+general_or_nonacademic,advanced,advanced,1.89,11.52,32.305,advanced_seed,advanced_9_to_12.csv
abolition,10,9-12,advanced_9_to_12,5003,1400,false,n,tier3_bnc_coca+bnc_coca_band_6k+grade_estimate_10+general_or_nonacademic,advanced,advanced,1.89,11.519,32.304,advanced_seed,advanced_9_to_12.csv
compassionate,10,9-12,advanced_9_to_12,6169,261,false,adj,tier3_bnc_coca+bnc_coca_band_7k+grade_estimate_10+general_or_nonacademic,advanced,advanced,1.46,8.946,32.303,advanced_seed,advanced_9_to_12.csv
fluctuate,9,9-12,advanced_9_to_12,4351,1386,false,v,tier3_bnc_coca+bnc_coca_band_5k+grade_estimate_9+general_or_nonacademic,advanced,advanced,1.887,11.516,32.301,advanced_seed,advanced_9_to_12.csv
humiliate,9,9-12,advanced_9_to_12,3484,1376,false,v,tier3_bnc_coca+bnc_coca_band_4k+grade_estimate_9+general_or_nonacademic,advanced,advanced,1.885,11.513,32.299,advanced_seed,advanced_9_to_12.csv
validate,9,9-12,advanced_9_to_12,3959,1373,false,v,tier3_bnc_coca+bnc_coca_band_4k+grade_estimate_9+general_or_nonacademic,advanced,advanced,1.884,11.513,32.299,advanced_seed,advanced_9_to_12.csv
considerate,11,9-12,advanced_9_to_12,8178,257,false,adj,tier3_bnc_coca+bnc_coca_band_9k+grade_estimate_11+general_or_nonacademic,advanced,advanced,1.456,8.941,32.299,advanced_seed,advanced_9_to_12.csv
notorious,9,9-12,advanced_9_to_12,3632,1366,false,adj,tier3_bnc_coca+bnc_coca_band_4k+grade_estimate_9+general_or_nonacademic,advanced,advanced,1.883,11.511,32.297,advanced_seed,advanced_9_to_12.csv
ambiguous,9,9-12,advanced_9_to_12,3029,1361,false,adj,tier3_bnc_coca+bnc_coca_band_4k+grade_estimate_9+general_or_nonacademic,advanced,advanced,1.882,11.51,32.296,advanced_seed,advanced_9_to_12.csv
consistency,9,9-12,advanced_9_to_12,3211,970,false,n,tier3_bnc_coca+bnc_coca_band_4k+grade_estimate_9+general_or_nonacademic,advanced,advanced,1.795,10.893,32.294,advanced_seed,advanced_9_to_12.csv
miscellaneous,11,9-12,advanced_9_to_12,8567,248,false,adj,tier3_bnc_coca+bnc_coca_band_9k+grade_estimate_11+general_or_nonacademic,advanced,advanced,1.447,8.929,32.288,advanced_seed,advanced_9_to_12.csv
beneficiary,9,9-12,advanced_9_to_12,4081,946,false,n,tier3_bnc_coca+bnc_coca_band_5k+grade_estimate_9+general_or_nonacademic,advanced,advanced,1.788,10.884,32.286,advanced_seed,advanced_9_to_12.csv
testament,9,9-12,advanced_9_to_12,3909,1316,false,n,tier3_bnc_coca+bnc_coca_band_4k+grade_estimate_9+general_or_nonacademic,advanced,advanced,1.874,11.498,32.286,advanced_seed,advanced_9_to_12.csv
aggression,9,9-12,advanced_9_to_12,3019,1315,false,n,tier3_bnc_coca+bnc_coca_band_4k+grade_estimate_9+general_or_nonacademic,advanced,advanced,1.873,11.498,32.286,advanced_seed,advanced_9_to_12.csv
incriminate,11,9-12,advanced_9_to_12,8449,244,false,v,tier3_bnc_coca+bnc_coca_band_9k+grade_estimate_11+general_or_nonacademic,advanced,advanced,1.443,8.924,32.283,advanced_seed,advanced_9_to_12.csv
superfluous,11,9-12,advanced_9_to_12,8891,243,false,adj,tier3_bnc_coca+bnc_coca_band_9k+grade_estimate_11+general_or_nonacademic,advanced,advanced,1.442,8.922,32.282,advanced_seed,advanced_9_to_12.csv
misconception,10,9-12,advanced_9_to_12,6540,242,false,n,tier3_bnc_coca+bnc_coca_band_7k+grade_estimate_10+general_or_nonacademic,advanced,advanced,1.441,8.921,32.281,advanced_seed,advanced_9_to_12.csv
discontinuity,11,9-12,advanced_9_to_12,8256,242,false,n,tier3_bnc_coca+bnc_coca_band_9k+grade_estimate_11+general_or_nonacademic,advanced,advanced,1.441,8.921,32.281,advanced_seed,advanced_9_to_12.csv
tolerate,9,9-12,advanced_9_to_12,3930,1293,false,v,tier3_bnc_coca+bnc_coca_band_4k+grade_estimate_9+general_or_nonacademic,advanced,advanced,1.869,11.492,32.28,advanced_seed,advanced_9_to_12.csv
hallucinate,11,9-12,advanced_9_to_12,7395,240,false,v,tier3_bnc_coca+bnc_coca_band_8k+grade_estimate_11+general_or_nonacademic,advanced,advanced,1.439,8.918,32.279,advanced_seed,advanced_9_to_12.csv
persuasion,9,9-12,advanced_9_to_12,4631,1275,false,n,tier3_bnc_coca+bnc_coca_band_5k+grade_estimate_9+general_or_nonacademic,advanced,advanced,1.865,11.487,32.276,advanced_seed,advanced_9_to_12.csv
intercourse,9,9-12,advanced_9_to_12,4448,902,false,n,tier3_bnc_coca+bnc_coca_band_5k+grade_estimate_9+general_or_nonacademic,advanced,advanced,1.776,10.868,32.272,advanced_seed,advanced_9_to_12.csv
domesticate,11,9-12,advanced_9_to_12,7276,234,false,v,tier3_bnc_coca+bnc_coca_band_8k+grade_estimate_11+general_or_nonacademic,advanced,advanced,1.432,8.91,32.271,advanced_seed,advanced_9_to_12.csv
arbitrate,9,9-12,advanced_9_to_12,4051,1253,false,v,tier3_bnc_coca+bnc_coca_band_5k+grade_estimate_9+general_or_nonacademic,advanced,advanced,1.861,11.481,32.271,advanced_seed,advanced_9_to_12.csv
anonymous,9,9-12,advanced_9_to_12,3039,1235,false,adj,tier3_bnc_coca+bnc_coca_band_4k+grade_estimate_9+general_or_nonacademic,advanced,advanced,1.857,11.476,32.267,advanced_seed,advanced_9_to_12.csv
insulate,9,9-12,advanced_9_to_12,3519,1230,false,v,tier3_bnc_coca+bnc_coca_band_4k+grade_estimate_9+general_or_nonacademic,advanced,advanced,1.856,11.475,32.265,advanced_seed,advanced_9_to_12.csv
resuscitate,11,9-12,advanced_9_to_12,8763,229,false,v,tier3_bnc_coca+bnc_coca_band_9k+grade_estimate_11+general_or_nonacademic,advanced,advanced,1.427,8.903,32.265,advanced_seed,advanced_9_to_12.csv
autonomous,9,9-12,advanced_9_to_12,4065,1225,false,adj,tier3_bnc_coca+bnc_coca_band_5k+grade_estimate_9+general_or_nonacademic,advanced,advanced,1.855,11.473,32.264,advanced_seed,advanced_9_to_12.csv
catastrophe,9,9-12,advanced_9_to_12,4123,877,false,n,tier3_bnc_coca+bnc_coca_band_5k+grade_estimate_9+general_or_nonacademic,advanced,advanced,1.769,10.858,32.264,advanced_seed,advanced_9_to_12.csv
handkerchief,9,9-12,advanced_9_to_12,4396,877,false,n,tier3_bnc_coca+bnc_coca_band_5k+grade_estimate_9+general_or_nonacademic,advanced,advanced,1.769,10.858,32.264,advanced_seed,advanced_9_to_12.csv
circumference,11,9-12,advanced_9_to_12,8152,222,false,n,tier3_bnc_coca+bnc_coca_band_9k+grade_estimate_11+general_or_nonacademic,advanced,advanced,1.419,8.892,32.256,advanced_seed,advanced_9_to_12.csv
spreadsheet,10,9-12,advanced_9_to_12,5866,843,false,n,tier3_bnc_coca+bnc_coca_band_6k+grade_estimate_10+general_or_nonacademic,advanced,advanced,1.759,10.845,32.252,advanced_seed,advanced_9_to_12.csv
illustrious,11,9-12,advanced_9_to_12,8435,217,false,adj,tier3_bnc_coca+bnc_coca_band_9k+grade_estimate_11+general_or_nonacademic,advanced,advanced,1.414,8.885,32.249,advanced_seed,advanced_9_to_12.csv
reciprocate,11,9-12,advanced_9_to_12,8734,217,false,v,tier3_bnc_coca+bnc_coca_band_9k+grade_estimate_11+general_or_nonacademic,advanced,advanced,1.414,8.885,32.249,advanced_seed,advanced_9_to_12.csv
compliment,9,9-12,advanced_9_to_12,4172,1158,false,v,tier3_bnc_coca+bnc_coca_band_5k+grade_estimate_9+general_or_nonacademic,advanced,advanced,1.84,11.454,32.247,advanced_seed,advanced_9_to_12.csv
patience,9,9-12,advanced_9_to_12,3674,1155,false,n,tier3_bnc_coca+bnc_coca_band_4k+grade_estimate_9+general_or_nonacademic,advanced,advanced,1.84,11.453,32.246,advanced_seed,advanced_9_to_12.csv
locality,10,9-12,advanced_9_to_12,5545,1146,false,n,tier3_bnc_coca+bnc_coca_band_6k+grade_estimate_10+general_or_nonacademic,advanced,advanced,1.838,11.45,32.244,advanced_seed,advanced_9_to_12.csv
dysfunction,10,9-12,advanced_9_to_12,6274,213,false,n,tier3_bnc_coca+bnc_coca_band_7k+grade_estimate_10+general_or_nonacademic,advanced,advanced,1.409,8.879,32.244,advanced_seed,advanced_9_to_12.csv
overestimate,11,9-12,advanced_9_to_12,7610,213,false,v,tier3_bnc_coca+bnc_coca_band_8k+grade_estimate_11+general_or_nonacademic,advanced,advanced,1.409,8.879,32.244,advanced_seed,advanced_9_to_12.csv
solidarity,9,9-12,advanced_9_to_12,4817,1143,false,n,tier3_bnc_coca+bnc_coca_band_5k+grade_estimate_9+general_or_nonacademic,advanced,advanced,1.837,11.449,32.243,advanced_seed,advanced_9_to_12.csv
culminate,9,9-12,advanced_9_to_12,4211,1137,false,v,tier3_bnc_coca+bnc_coca_band_5k+grade_estimate_9+general_or_nonacademic,advanced,advanced,1.836,11.448,32.242,advanced_seed,advanced_9_to_12.csv
ignorance,9,9-12,advanced_9_to_12,4425,1124,false,n,tier3_bnc_coca+bnc_coca_band_5k+grade_estimate_9+general_or_nonacademic,advanced,advanced,1.833,11.444,32.238,advanced_seed,advanced_9_to_12.csv
appropriated,9,9-12,advanced_9_to_12,4047,797,false,n,tier3_bnc_coca+bnc_coca_band_5k+grade_estimate_9+general_or_nonacademic,advanced,advanced,1.744,10.825,32.235,advanced_seed,advanced_9_to_12.csv
salvation,9,9-12,advanced_9_to_12,4757,1110,false,n,tier3_bnc_coca+bnc_coca_band_5k+grade_estimate_9+general_or_nonacademic,advanced,advanced,1.83,11.439,32.234,advanced_seed,advanced_9_to_12.csv
transparent,9,9-12,advanced_9_to_12,4916,790,false,adj,tier3_bnc_coca+bnc_coca_band_5k+grade_estimate_9+general_or_nonacademic,advanced,advanced,1.742,10.822,32.232,advanced_seed,advanced_9_to_12.csv
affiliate,9,9-12,advanced_9_to_12,3018,1099,false,v,tier3_bnc_coca+bnc_coca_band_4k+grade_estimate_9+general_or_nonacademic,advanced,advanced,1.827,11.436,32.231,advanced_seed,advanced_9_to_12.csv
immigrate,9,9-12,advanced_9_to_12,4427,1097,false,v,tier3_bnc_coca+bnc_coca_band_5k+grade_estimate_9+general_or_nonacademic,advanced,advanced,1.826,11.435,32.231,advanced_seed,advanced_9_to_12.csv
surreptitious,11,9-12,advanced_9_to_12,8897,203,false,adj,tier3_bnc_coca+bnc_coca_band_9k+grade_estimate_11+general_or_nonacademic,advanced,advanced,1.397,8.863,32.23,advanced_seed,advanced_9_to_12.csv
theological,9,9-12,advanced_9_to_12,4894,783,false,adj,tier3_bnc_coca+bnc_coca_band_5k+grade_estimate_9+general_or_nonacademic,advanced,advanced,1.74,10.819,32.229,advanced_seed,advanced_9_to_12.csv
cholesterol,9,9-12,advanced_9_to_12,3164,782,false,n,tier3_bnc_coca+bnc_coca_band_4k+grade_estimate_9+general_or_nonacademic,advanced,advanced,1.739,10.819,32.229,advanced_seed,advanced_9_to_12.csv
extravagance,10,9-12,advanced_9_to_12,6320,202,false,n,tier3_bnc_coca+bnc_coca_band_7k+grade_estimate_10+general_or_nonacademic,advanced,advanced,1.396,8.861,32.228,advanced_seed,advanced_9_to_12.csv
intolerable,10,9-12,advanced_9_to_12,5494,778,false,adj,tier3_bnc_coca+bnc_coca_band_6k+grade_estimate_10+general_or_nonacademic,advanced,advanced,1.738,10.817,32.228,advanced_seed,advanced_9_to_12.csv
reluctance,9,9-12,advanced_9_to_12,4719,1073,false,n,tier3_bnc_coca+bnc_coca_band_5k+grade_estimate_9+general_or_nonacademic,advanced,advanced,1.821,11.428,32.224,advanced_seed,advanced_9_to_12.csv
nutrition,9,9-12,advanced_9_to_12,3635,1066,false,n,tier3_bnc_coca+bnc_coca_band_4k+grade_estimate_9+general_or_nonacademic,advanced,advanced,1.819,11.425,32.222,advanced_seed,advanced_9_to_12.csv
ambiguity,9,9-12,advanced_9_to_12,4023,1061,false,n,tier3_bnc_coca+bnc_coca_band_5k+grade_estimate_9+general_or_nonacademic,advanced,advanced,1.818,11.424,32.221,advanced_seed,advanced_9_to_12.csv
romanticism,11,9-12,advanced_9_to_12,8771,196,false,n,tier3_bnc_coca+bnc_coca_band_9k+grade_estimate_11+general_or_nonacademic,advanced,advanced,1.388,8.851,32.22,advanced_seed,advanced_9_to_12.csv
inquisitive,11,9-12,advanced_9_to_12,8467,195,false,adj,tier3_bnc_coca+bnc_coca_band_9k+grade_estimate_11+general_or_nonacademic,advanced,advanced,1.387,8.849,32.218,advanced_seed,advanced_9_to_12.csv
consternation,11,9-12,advanced_9_to_12,8179,194,false,n,tier3_bnc_coca+bnc_coca_band_9k+grade_estimate_11+general_or_nonacademic,advanced,advanced,1.386,8.848,32.217,advanced_seed,advanced_9_to_12.csv
technicality,12,9-12,advanced_9_to_12,9892,194,false,n,tier3_bnc_coca+bnc_coca_band_10k+grade_estimate_12+general_or_nonacademic,advanced,advanced,1.386,8.848,32.217,advanced_seed,advanced_9_to_12.csv
evacuate,9,9-12,advanced_9_to_12,3353,1045,false,v,tier3_bnc_coca+bnc_coca_band_4k+grade_estimate_9+general_or_nonacademic,advanced,advanced,1.814,11.419,32.216,advanced_seed,advanced_9_to_12.csv
ostentatious,11,9-12,advanced_9_to_12,8625,193,false,adj,tier3_bnc_coca+bnc_coca_band_9k+grade_estimate_11+general_or_nonacademic,advanced,advanced,1.384,8.846,32.215,advanced_seed,advanced_9_to_12.csv
nuisance,9,9-12,advanced_9_to_12,4577,1036,false,n,tier3_bnc_coca+bnc_coca_band_5k+grade_estimate_9+general_or_nonacademic,advanced,advanced,1.812,11.416,32.214,advanced_seed,advanced_9_to_12.csv
injunction,10,9-12,advanced_9_to_12,5485,1036,false,n,tier3_bnc_coca+bnc_coca_band_6k+grade_estimate_10+general_or_nonacademic,advanced,advanced,1.812,11.416,32.214,advanced_seed,advanced_9_to_12.csv
malnutrition,11,9-12,advanced_9_to_12,8542,191,false,n,tier3_bnc_coca+bnc_coca_band_9k+grade_estimate_11+general_or_nonacademic,advanced,advanced,1.382,8.843,32.212,advanced_seed,advanced_9_to_12.csv
ventilate,9,9-12,advanced_9_to_12,4955,1031,false,v,tier3_bnc_coca+bnc_coca_band_5k+grade_estimate_9+general_or_nonacademic,advanced,advanced,1.81,11.414,32.212,advanced_seed,advanced_9_to_12.csv
restitution,11,9-12,advanced_9_to_12,8762,190,false,n,tier3_bnc_coca+bnc_coca_band_9k+grade_estimate_11+general_or_nonacademic,advanced,advanced,1.381,8.841,32.211,advanced_seed,advanced_9_to_12.csv
disincentive,12,9-12,advanced_9_to_12,9264,189,false,adj,tier3_bnc_coca+bnc_coca_band_10k+grade_estimate_12+general_or_nonacademic,advanced,advanced,1.379,8.839,32.209,advanced_seed,advanced_9_to_12.csv
therapeutic,9,9-12,advanced_9_to_12,4895,731,false,adj,tier3_bnc_coca+bnc_coca_band_5k+grade_estimate_9+general_or_nonacademic,advanced,advanced,1.722,10.796,32.209,advanced_seed,advanced_9_to_12.csv
innovative,9,9-12,advanced_9_to_12,3517,1019,false,adj,tier3_bnc_coca+bnc_coca_band_4k+grade_estimate_9+general_or_nonacademic,advanced,advanced,1.807,11.41,32.209,advanced_seed,advanced_9_to_12.csv
corroborate,11,9-12,advanced_9_to_12,7213,188,false,v,tier3_bnc_coca+bnc_coca_band_8k+grade_estimate_11+general_or_nonacademic,advanced,advanced,1.378,8.837,32.208,advanced_seed,advanced_9_to_12.csv
notwithstanding,10,9-12,advanced_9_to_12,5625,727,false,prep,tier3_bnc_coca+bnc_coca_band_6k+grade_estimate_10+general_or_nonacademic,advanced,advanced,1.72,10.794,32.207,advanced_seed,advanced_9_to_12.csv
precaution,9,9-12,advanced_9_to_12,4667,1013,false,n,tier3_bnc_coca+bnc_coca_band_5k+grade_estimate_9+general_or_nonacademic,advanced,advanced,1.806,11.408,32.207,advanced_seed,advanced_9_to_12.csv
expressionist,11,9-12,advanced_9_to_12,8318,187,false,n,tier3_bnc_coca+bnc_coca_band_9k+grade_estimate_11+general_or_nonacademic,advanced,advanced,1.377,8.836,32.206,advanced_seed,advanced_9_to_12.csv
pharmaceutical,9,9-12,advanced_9_to_12,4636,714,false,adj,tier3_bnc_coca+bnc_coca_band_5k+grade_estimate_9+general_or_nonacademic,advanced,advanced,1.716,10.788,32.202,advanced_seed,advanced_9_to_12.csv
communism,9,9-12,advanced_9_to_12,4169,991,false,n,tier3_bnc_coca+bnc_coca_band_5k+grade_estimate_9+general_or_nonacademic,advanced,advanced,1.8,11.4,32.2,advanced_seed,advanced_9_to_12.csv
aviation,9,9-12,advanced_9_to_12,4066,982,false,n,tier3_bnc_coca+bnc_coca_band_5k+grade_estimate_9+general_or_nonacademic,advanced,advanced,1.798,11.397,32.198,advanced_seed,advanced_9_to_12.csv
interchange,10,9-12,advanced_9_to_12,5491,702,false,n,tier3_bnc_coca+bnc_coca_band_6k+grade_estimate_10+general_or_nonacademic,advanced,advanced,1.711,10.782,32.197,advanced_seed,advanced_9_to_12.csv
excommunicate,12,9-12,advanced_9_to_12,9323,180,false,v,tier3_bnc_coca+bnc_coca_band_10k+grade_estimate_12+general_or_nonacademic,advanced,advanced,1.367,8.823,32.195,advanced_seed,advanced_9_to_12.csv
unanimous,9,9-12,advanced_9_to_12,4934,970,false,adj,tier3_bnc_coca+bnc_coca_band_5k+grade_estimate_9+general_or_nonacademic,advanced,advanced,1.795,11.393,32.194,advanced_seed,advanced_9_to_12.csv
insurrection,11,9-12,advanced_9_to_12,8472,179,false,n,tier3_bnc_coca+bnc_coca_band_9k+grade_estimate_11+general_or_nonacademic,advanced,advanced,1.366,8.821,32.194,advanced_seed,advanced_9_to_12.csv
superstitious,11,9-12,advanced_9_to_12,8893,179,false,adj,tier3_bnc_coca+bnc_coca_band_9k+grade_estimate_11+general_or_nonacademic,advanced,advanced,1.366,8.821,32.194,advanced_seed,advanced_9_to_12.csv
deliverance,12,9-12,advanced_9_to_12,9231,179,false,n,tier3_bnc_coca+bnc_coca_band_10k+grade_estimate_12+general_or_nonacademic,advanced,advanced,1.366,8.821,32.194,advanced_seed,advanced_9_to_12.csv
turbulence,9,9-12,advanced_9_to_12,4927,955,false,n,tier3_bnc_coca+bnc_coca_band_5k+grade_estimate_9+general_or_nonacademic,advanced,advanced,1.791,11.388,32.189,advanced_seed,advanced_9_to_12.csv
preponderance,11,9-12,advanced_9_to_12,8690,176,false,n,tier3_bnc_coca+bnc_coca_band_9k+grade_estimate_11+general_or_nonacademic,advanced,advanced,1.362,8.816,32.189,advanced_seed,advanced_9_to_12.csv
spontaneity,11,9-12,advanced_9_to_12,8858,176,false,n,tier3_bnc_coca+bnc_coca_band_9k+grade_estimate_11+general_or_nonacademic,advanced,advanced,1.362,8.816,32.189,advanced_seed,advanced_9_to_12.csv
discrepancy,9,9-12,advanced_9_to_12,4255,683,false,n,tier3_bnc_coca+bnc_coca_band_5k+grade_estimate_9+general_or_nonacademic,advanced,advanced,1.704,10.773,32.189,advanced_seed,advanced_9_to_12.csv
incapacitate,11,9-12,advanced_9_to_12,8448,175,false,v,tier3_bnc_coca+bnc_coca_band_9k+grade_estimate_11+general_or_nonacademic,advanced,advanced,1.36,8.814,32.187,advanced_seed,advanced_9_to_12.csv
prescriptive,12,9-12,advanced_9_to_12,9713,175,false,adj,tier3_bnc_coca+bnc_coca_band_10k+grade_estimate_12+general_or_nonacademic,advanced,advanced,1.36,8.814,32.187,advanced_seed,advanced_9_to_12.csv
simplicity,9,9-12,advanced_9_to_12,4791,944,false,n,tier3_bnc_coca+bnc_coca_band_5k+grade_estimate_9+general_or_nonacademic,advanced,advanced,1.788,11.384,32.186,advanced_seed,advanced_9_to_12.csv
denunciation,12,9-12,advanced_9_to_12,9237,174,false,n,tier3_bnc_coca+bnc_coca_band_10k+grade_estimate_12+general_or_nonacademic,advanced,advanced,1.359,8.812,32.185,advanced_seed,advanced_9_to_12.csv
supposition,12,9-12,advanced_9_to_12,9871,174,false,n,tier3_bnc_coca+bnc_coca_band_10k+grade_estimate_12+general_or_nonacademic,advanced,advanced,1.359,8.812,32.185,advanced_seed,advanced_9_to_12.csv
regenerate,10,9-12,advanced_9_to_12,5766,943,false,v,tier3_bnc_coca+bnc_coca_band_6k+grade_estimate_10+general_or_nonacademic,advanced,advanced,1.787,11.383,32.185,advanced_seed,advanced_9_to_12.csv
exterminate,11,9-12,advanced_9_to_12,8320,173,false,v,tier3_bnc_coca+bnc_coca_band_9k+grade_estimate_11+general_or_nonacademic,advanced,advanced,1.357,8.81,32.184,advanced_seed,advanced_9_to_12.csv
intimidate,9,9-12,advanced_9_to_12,3528,930,false,v,tier3_bnc_coca+bnc_coca_band_4k+grade_estimate_9+general_or_nonacademic,advanced,advanced,1.784,11.379,32.181,advanced_seed,advanced_9_to_12.csv
litigate,9,9-12,advanced_9_to_12,4490,922,false,v,tier3_bnc_coca+bnc_coca_band_5k+grade_estimate_9+general_or_nonacademic,advanced,advanced,1.782,11.376,32.179,advanced_seed,advanced_9_to_12.csv
relegate,10,9-12,advanced_9_to_12,5771,922,false,v,tier3_bnc_coca+bnc_coca_band_6k+grade_estimate_10+general_or_nonacademic,advanced,advanced,1.782,11.376,32.179,advanced_seed,advanced_9_to_12.csv
innocence,9,9-12,advanced_9_to_12,4444,919,false,n,tier3_bnc_coca+bnc_coca_band_5k+grade_estimate_9+general_or_nonacademic,advanced,advanced,1.781,11.374,32.178,advanced_seed,advanced_9_to_12.csv
counterbalance,11,9-12,advanced_9_to_12,8195,169,false,n,tier3_bnc_coca+bnc_coca_band_9k+grade_estimate_11+general_or_nonacademic,advanced,advanced,1.352,8.802,32.177,advanced_seed,advanced_9_to_12.csv
liquidate,10,9-12,advanced_9_to_12,5537,914,false,v,tier3_bnc_coca+bnc_coca_band_6k+grade_estimate_10+general_or_nonacademic,advanced,advanced,1.779,11.373,32.176,advanced_seed,advanced_9_to_12.csv
publicize,9,9-12,advanced_9_to_12,4681,910,false,v,tier3_bnc_coca+bnc_coca_band_5k+grade_estimate_9+general_or_nonacademic,advanced,advanced,1.778,11.371,32.175,advanced_seed,advanced_9_to_12.csv
industrious,12,9-12,advanced_9_to_12,9458,167,false,adj,tier3_bnc_coca+bnc_coca_band_10k+grade_estimate_12+general_or_nonacademic,advanced,advanced,1.349,8.798,32.174,advanced_seed,advanced_9_to_12.csv
meditate,9,9-12,advanced_9_to_12,4520,899,false,v,tier3_bnc_coca+bnc_coca_band_5k+grade_estimate_9+general_or_nonacademic,advanced,advanced,1.775,11.367,32.171,advanced_seed,advanced_9_to_12.csv
incubate,10,9-12,advanced_9_to_12,5476,898,false,v,tier3_bnc_coca+bnc_coca_band_6k+grade_estimate_10+general_or_nonacademic,advanced,advanced,1.775,11.366,32.171,advanced_seed,advanced_9_to_12.csv
detention,9,9-12,advanced_9_to_12,4241,897,false,n,tier3_bnc_coca+bnc_coca_band_5k+grade_estimate_9+general_or_nonacademic,advanced,advanced,1.775,11.366,32.17,advanced_seed,advanced_9_to_12.csv
affinity,10,9-12,advanced_9_to_12,5019,892,false,n,tier3_bnc_coca+bnc_coca_band_6k+grade_estimate_10+general_or_nonacademic,advanced,advanced,1.773,11.364,32.169,advanced_seed,advanced_9_to_12.csv
commensurate,12,9-12,advanced_9_to_12,9171,164,false,adj,tier3_bnc_coca+bnc_coca_band_10k+grade_estimate_12+general_or_nonacademic,advanced,advanced,1.344,8.792,32.168,advanced_seed,advanced_9_to_12.csv
expropriate,12,9-12,advanced_9_to_12,9330,163,false,v,tier3_bnc_coca+bnc_coca_band_10k+grade_estimate_12+general_or_nonacademic,advanced,advanced,1.343,8.79,32.167,advanced_seed,advanced_9_to_12.csv
automate,9,9-12,advanced_9_to_12,4064,884,false,v,tier3_bnc_coca+bnc_coca_band_5k+grade_estimate_9+general_or_nonacademic,advanced,advanced,1.771,11.361,32.166,advanced_seed,advanced_9_to_12.csv
impersonate,11,9-12,advanced_9_to_12,8443,162,false,v,tier3_bnc_coca+bnc_coca_band_9k+grade_estimate_11+general_or_nonacademic,advanced,advanced,1.341,8.788,32.165,advanced_seed,advanced_9_to_12.csv
recrimination,12,9-12,advanced_9_to_12,9761,162,false,n,tier3_bnc_coca+bnc_coca_band_10k+grade_estimate_12+general_or_nonacademic,advanced,advanced,1.341,8.788,32.165,advanced_seed,advanced_9_to_12.csv
retention,9,9-12,advanced_9_to_12,4731,871,false,n,tier3_bnc_coca+bnc_coca_band_5k+grade_estimate_9+general_or_nonacademic,advanced,advanced,1.767,11.356,32.161,advanced_seed,advanced_9_to_12.csv
sciencefiction,11,9-12,advanced_9_to_12,8792,160,false,n,tier3_bnc_coca+bnc_coca_band_9k+grade_estimate_11+general_or_nonacademic,advanced,advanced,1.338,8.784,32.161,advanced_seed,advanced_9_to_12.csv
procession,9,9-12,advanced_9_to_12,4672,869,false,n,tier3_bnc_coca+bnc_coca_band_5k+grade_estimate_9+general_or_nonacademic,advanced,advanced,1.766,11.355,32.161,advanced_seed,advanced_9_to_12.csv
saturate,9,9-12,advanced_9_to_12,4759,867,false,v,tier3_bnc_coca+bnc_coca_band_5k+grade_estimate_9+general_or_nonacademic,advanced,advanced,1.766,11.354,32.16,advanced_seed,advanced_9_to_12.csv
incarcerate,11,9-12,advanced_9_to_12,7430,159,false,v,tier3_bnc_coca+bnc_coca_band_8k+grade_estimate_11+general_or_nonacademic,advanced,advanced,1.337,8.782,32.16,advanced_seed,advanced_9_to_12.csv
authoritarian,9,9-12,advanced_9_to_12,4062,619,false,n,tier3_bnc_coca+bnc_coca_band_5k+grade_estimate_9+general_or_nonacademic,advanced,advanced,1.679,10.739,32.159,advanced_seed,advanced_9_to_12.csv
millionaire,10,9-12,advanced_9_to_12,5588,619,false,n,tier3_bnc_coca+bnc_coca_band_6k+grade_estimate_10+general_or_nonacademic,advanced,advanced,1.679,10.739,32.159,advanced_seed,advanced_9_to_12.csv
conclusive,9,9-12,advanced_9_to_12,4176,861,false,adj,tier3_bnc_coca+bnc_coca_band_5k+grade_estimate_9+general_or_nonacademic,advanced,advanced,1.764,11.352,32.158,advanced_seed,advanced_9_to_12.csv
reciprocity,11,9-12,advanced_9_to_12,8735,158,false,n,tier3_bnc_coca+bnc_coca_band_9k+grade_estimate_11+general_or_nonacademic,advanced,advanced,1.335,8.78,32.158,advanced_seed,advanced_9_to_12.csv
omission,10,9-12,advanced_9_to_12,5633,860,false,n,tier3_bnc_coca+bnc_coca_band_6k+grade_estimate_10+general_or_nonacademic,advanced,advanced,1.764,11.352,32.158,advanced_seed,advanced_9_to_12.csv
basement,9,9-12,advanced_9_to_12,3078,857,false,n,tier3_bnc_coca+bnc_coca_band_4k+grade_estimate_9+general_or_nonacademic,advanced,advanced,1.763,11.35,32.157,advanced_seed,advanced_9_to_12.csv
dispassionate,12,9-12,advanced_9_to_12,9267,157,false,adj,tier3_bnc_coca+bnc_coca_band_10k+grade_estimate_12+general_or_nonacademic,advanced,advanced,1.334,8.778,32.156,advanced_seed,advanced_9_to_12.csv
heterosexual,9,9-12,advanced_9_to_12,4407,607,false,adj,tier3_bnc_coca+bnc_coca_band_5k+grade_estimate_9+general_or_nonacademic,advanced,advanced,1.674,10.732,32.153,advanced_seed,advanced_9_to_12.csv
optimism,9,9-12,advanced_9_to_12,4588,847,false,n,tier3_bnc_coca+bnc_coca_band_5k+grade_estimate_9+general_or_nonacademic,advanced,advanced,1.76,11.346,32.153,advanced_seed,advanced_9_to_12.csv
microorganism,11,9-12,advanced_9_to_12,8564,155,false,n,tier3_bnc_coca+bnc_coca_band_9k+grade_estimate_11+general_or_nonacademic,advanced,advanced,1.33,8.774,32.152,advanced_seed,advanced_9_to_12.csv
fabulous,9,9-12,advanced_9_to_12,4333,844,false,adj,tier3_bnc_coca+bnc_coca_band_5k+grade_estimate_9+general_or_nonacademic,advanced,advanced,1.759,11.345,32.152,advanced_seed,advanced_9_to_12.csv
inquisition,12,9-12,advanced_9_to_12,9462,153,false,n,tier3_bnc_coca+bnc_coca_band_10k+grade_estimate_12+general_or_nonacademic,advanced,advanced,1.327,8.77,32.149,advanced_seed,advanced_9_to_12.csv
aggravate,9,9-12,advanced_9_to_12,4009,833,false,v,tier3_bnc_coca+bnc_coca_band_5k+grade_estimate_9+general_or_nonacademic,advanced,advanced,1.755,11.341,32.148,advanced_seed,advanced_9_to_12.csv
preconception,12,9-12,advanced_9_to_12,9710,152,false,n,tier3_bnc_coca+bnc_coca_band_10k+grade_estimate_12+general_or_nonacademic,advanced,advanced,1.326,8.768,32.147,advanced_seed,advanced_9_to_12.csv
excursion,10,9-12,advanced_9_to_12,5331,829,false,n,tier3_bnc_coca+bnc_coca_band_6k+grade_estimate_10+general_or_nonacademic,advanced,advanced,1.754,11.339,32.147,advanced_seed,advanced_9_to_12.csv
probation,9,9-12,advanced_9_to_12,4671,826,false,n,tier3_bnc_coca+bnc_coca_band_5k+grade_estimate_9+general_or_nonacademic,advanced,advanced,1.753,11.338,32.146,advanced_seed,advanced_9_to_12.csv
schizophrenic,10,9-12,advanced_9_to_12,5810,591,false,adj,tier3_bnc_coca+bnc_coca_band_6k+grade_estimate_10+general_or_nonacademic,advanced,advanced,1.667,10.723,32.145,advanced_seed,advanced_9_to_12.csv
homogeneity,12,9-12,advanced_9_to_12,9433,151,false,n,tier3_bnc_coca+bnc_coca_band_10k+grade_estimate_12+general_or_nonacademic,advanced,advanced,1.324,8.765,32.145,advanced_seed,advanced_9_to_12.csv
irresistible,10,9-12,advanced_9_to_12,5502,587,false,adj,tier3_bnc_coca+bnc_coca_band_6k+grade_estimate_10+general_or_nonacademic,advanced,advanced,1.666,10.721,32.143,advanced_seed,advanced_9_to_12.csv
involuntary,10,9-12,advanced_9_to_12,5500,585,false,n,tier3_bnc_coca+bnc_coca_band_6k+grade_estimate_10+general_or_nonacademic,advanced,advanced,1.665,10.72,32.142,advanced_seed,advanced_9_to_12.csv
malfunction,11,9-12,advanced_9_to_12,8541,149,false,v,tier3_bnc_coca+bnc_coca_band_9k+grade_estimate_11+general_or_nonacademic,advanced,advanced,1.321,8.761,32.141,advanced_seed,advanced_9_to_12.csv
collision,9,9-12,advanced_9_to_12,4162,812,false,n,tier3_bnc_coca+bnc_coca_band_5k+grade_estimate_9+general_or_nonacademic,advanced,advanced,1.749,11.332,32.14,advanced_seed,advanced_9_to_12.csv
masterpiece,10,9-12,advanced_9_to_12,5572,581,false,n,tier3_bnc_coca+bnc_coca_band_6k+grade_estimate_10+general_or_nonacademic,advanced,advanced,1.663,10.717,32.14,advanced_seed,advanced_9_to_12.csv
choreograph,10,9-12,advanced_9_to_12,5162,579,false,v,tier3_bnc_coca+bnc_coca_band_6k+grade_estimate_10+general_or_nonacademic,advanced,advanced,1.662,10.716,32.139,advanced_seed,advanced_9_to_12.csv
imperative,9,9-12,advanced_9_to_12,4429,801,false,adj,tier3_bnc_coca+bnc_coca_band_5k+grade_estimate_9+general_or_nonacademic,advanced,advanced,1.745,11.327,32.136,advanced_seed,advanced_9_to_12.csv
incomprehensible,10,9-12,advanced_9_to_12,5474,573,false,adj,tier3_bnc_coca+bnc_coca_band_6k+grade_estimate_10+general_or_nonacademic,advanced,advanced,1.659,10.713,32.136,advanced_seed,advanced_9_to_12.csv
emigrate,9,9-12,advanced_9_to_12,4306,791,false,v,tier3_bnc_coca+bnc_coca_band_5k+grade_estimate_9+general_or_nonacademic,advanced,advanced,1.742,11.323,32.133,advanced_seed,advanced_9_to_12.csv
evangelical,9,9-12,advanced_9_to_12,4324,565,false,adj,tier3_bnc_coca+bnc_coca_band_5k+grade_estimate_9+general_or_nonacademic,advanced,advanced,1.656,10.708,32.132,advanced_seed,advanced_9_to_12.csv
deliberated,10,9-12,advanced_9_to_12,5243,565,false,n,tier3_bnc_coca+bnc_coca_band_6k+grade_estimate_10+general_or_nonacademic,advanced,advanced,1.656,10.708,32.132,advanced_seed,advanced_9_to_12.csv
trepidation,12,9-12,advanced_9_to_12,9919,144,false,n,tier3_bnc_coca+bnc_coca_band_10k+grade_estimate_12+general_or_nonacademic,advanced,advanced,1.313,8.75,32.131,advanced_seed,advanced_9_to_12.csv
deception,10,9-12,advanced_9_to_12,5238,786,false,n,tier3_bnc_coca+bnc_coca_band_6k+grade_estimate_10+general_or_nonacademic,advanced,advanced,1.741,11.321,32.131,advanced_seed,advanced_9_to_12.csv
preposterous,11,9-12,advanced_9_to_12,8691,143,false,adj,tier3_bnc_coca+bnc_coca_band_9k+grade_estimate_11+general_or_nonacademic,advanced,advanced,1.311,8.748,32.129,advanced_seed,advanced_9_to_12.csv
assimilate,9,9-12,advanced_9_to_12,4058,778,false,v,tier3_bnc_coca+bnc_coca_band_5k+grade_estimate_9+general_or_nonacademic,advanced,advanced,1.738,11.317,32.128,advanced_seed,advanced_9_to_12.csv
commonplace,10,9-12,advanced_9_to_12,5186,551,false,n,tier3_bnc_coca+bnc_coca_band_6k+grade_estimate_10+general_or_nonacademic,advanced,advanced,1.649,10.699,32.124,advanced_seed,advanced_9_to_12.csv
allegiance,9,9-12,advanced_9_to_12,4018,769,false,n,tier3_bnc_coca+bnc_coca_band_5k+grade_estimate_9+general_or_nonacademic,advanced,advanced,1.735,11.313,32.124,advanced_seed,advanced_9_to_12.csv
indoctrinate,11,9-12,advanced_9_to_12,8453,139,false,v,tier3_bnc_coca+bnc_coca_band_9k+grade_estimate_11+general_or_nonacademic,advanced,advanced,1.304,8.739,32.121,advanced_seed,advanced_9_to_12.csv
intermittent,10,9-12,advanced_9_to_12,5492,543,false,adj,tier3_bnc_coca+bnc_coca_band_6k+grade_estimate_10+general_or_nonacademic,advanced,advanced,1.646,10.694,32.12,advanced_seed,advanced_9_to_12.csv
hyperactive,11,9-12,advanced_9_to_12,8428,137,false,adj,tier3_bnc_coca+bnc_coca_band_9k+grade_estimate_11+general_or_nonacademic,advanced,advanced,1.3,8.734,32.117,advanced_seed,advanced_9_to_12.csv
stipulate,10,9-12,advanced_9_to_12,5876,751,false,v,tier3_bnc_coca+bnc_coca_band_6k+grade_estimate_10+general_or_nonacademic,advanced,advanced,1.729,11.305,32.117,advanced_seed,advanced_9_to_12.csv
cumulative,10,9-12,advanced_9_to_12,5229,750,false,adj,tier3_bnc_coca+bnc_coca_band_6k+grade_estimate_10+general_or_nonacademic,advanced,advanced,1.728,11.305,32.117,advanced_seed,advanced_9_to_12.csv
respiration,12,9-12,advanced_9_to_12,9772,136,false,n,tier3_bnc_coca+bnc_coca_band_10k+grade_estimate_12+general_or_nonacademic,advanced,advanced,1.299,8.731,32.115,advanced_seed,advanced_9_to_12.csv
segregate,9,9-12,advanced_9_to_12,4768,744,false,v,tier3_bnc_coca+bnc_coca_band_5k+grade_estimate_9+general_or_nonacademic,advanced,advanced,1.726,11.302,32.114,advanced_seed,advanced_9_to_12.csv
escalate,9,9-12,advanced_9_to_12,4322,729,false,v,tier3_bnc_coca+bnc_coca_band_5k+grade_estimate_9+general_or_nonacademic,advanced,advanced,1.721,11.295,32.108,advanced_seed,advanced_9_to_12.csv
degenerate,10,9-12,advanced_9_to_12,5242,729,false,v,tier3_bnc_coca+bnc_coca_band_6k+grade_estimate_10+general_or_nonacademic,advanced,advanced,1.721,11.295,32.108,advanced_seed,advanced_9_to_12.csv
humanitarian,9,9-12,advanced_9_to_12,4419,520,false,n,tier3_bnc_coca+bnc_coca_band_5k+grade_estimate_9+general_or_nonacademic,advanced,advanced,1.635,10.679,32.107,advanced_seed,advanced_9_to_12.csv
extravagant,10,9-12,advanced_9_to_12,5336,517,false,adj,tier3_bnc_coca+bnc_coca_band_6k+grade_estimate_10+general_or_nonacademic,advanced,advanced,1.633,10.677,32.105,advanced_seed,advanced_9_to_12.csv
ultraviolet,10,9-12,advanced_9_to_12,5942,517,false,n,tier3_bnc_coca+bnc_coca_band_6k+grade_estimate_10+general_or_nonacademic,advanced,advanced,1.633,10.677,32.105,advanced_seed,advanced_9_to_12.csv
detriment,10,9-12,advanced_9_to_12,5258,721,false,n,tier3_bnc_coca+bnc_coca_band_6k+grade_estimate_10+general_or_nonacademic,advanced,advanced,1.718,11.291,32.105,advanced_seed,advanced_9_to_12.csv
diversion,9,9-12,advanced_9_to_12,4268,718,false,n,tier3_bnc_coca+bnc_coca_band_5k+grade_estimate_9+general_or_nonacademic,advanced,advanced,1.717,11.29,32.103,advanced_seed,advanced_9_to_12.csv
eradicate,10,9-12,advanced_9_to_12,5317,717,false,v,tier3_bnc_coca+bnc_coca_band_6k+grade_estimate_10+general_or_nonacademic,advanced,advanced,1.717,11.289,32.103,advanced_seed,advanced_9_to_12.csv
evaporate,9,9-12,advanced_9_to_12,4325,715,false,v,tier3_bnc_coca+bnc_coca_band_5k+grade_estimate_9+general_or_nonacademic,advanced,advanced,1.716,11.288,32.102,advanced_seed,advanced_9_to_12.csv
propagate,10,9-12,advanced_9_to_12,5725,714,false,v,tier3_bnc_coca+bnc_coca_band_6k+grade_estimate_10+general_or_nonacademic,advanced,advanced,1.716,11.288,32.102,advanced_seed,advanced_9_to_12.csv
hypothetical,10,9-12,advanced_9_to_12,5456,510,false,adj,tier3_bnc_coca+bnc_coca_band_6k+grade_estimate_10+general_or_nonacademic,advanced,advanced,1.63,10.673,32.101,advanced_seed,advanced_9_to_12.csv
reiterate,10,9-12,advanced_9_to_12,5770,708,false,v,tier3_bnc_coca+bnc_coca_band_6k+grade_estimate_10+general_or_nonacademic,advanced,advanced,1.714,11.285,32.099,advanced_seed,advanced_9_to_12.csv
feminism,10,9-12,advanced_9_to_12,5347,705,false,n,tier3_bnc_coca+bnc_coca_band_6k+grade_estimate_10+general_or_nonacademic,advanced,advanced,1.713,11.283,32.098,advanced_seed,advanced_9_to_12.csv
promiscuous,12,9-12,advanced_9_to_12,9722,128,false,adj,tier3_bnc_coca+bnc_coca_band_10k+grade_estimate_12+general_or_nonacademic,advanced,advanced,1.284,8.712,32.098,advanced_seed,advanced_9_to_12.csv
indispensable,10,9-12,advanced_9_to_12,5478,485,false,adj,tier3_bnc_coca+bnc_coca_band_6k+grade_estimate_10+general_or_nonacademic,advanced,advanced,1.617,10.656,32.086,advanced_seed,advanced_9_to_12.csv
shortcoming,10,9-12,advanced_9_to_12,5828,484,false,n,tier3_bnc_coca+bnc_coca_band_6k+grade_estimate_10+general_or_nonacademic,advanced,advanced,1.616,10.655,32.086,advanced_seed,advanced_9_to_12.csv
celebrity,9,9-12,advanced_9_to_12,3149,676,false,n,tier3_bnc_coca+bnc_coca_band_4k+grade_estimate_9+general_or_nonacademic,advanced,advanced,1.702,11.269,32.085,advanced_seed,advanced_9_to_12.csv
grievance,10,9-12,advanced_9_to_12,5411,669,false,n,tier3_bnc_coca+bnc_coca_band_6k+grade_estimate_10+general_or_nonacademic,advanced,advanced,1.699,11.265,32.082,advanced_seed,advanced_9_to_12.csv
definitive,9,9-12,advanced_9_to_12,4228,666,false,adj,tier3_bnc_coca+bnc_coca_band_5k+grade_estimate_9+general_or_nonacademic,advanced,advanced,1.698,11.264,32.081,advanced_seed,advanced_9_to_12.csv
appliance,9,9-12,advanced_9_to_12,4044,664,false,n,tier3_bnc_coca+bnc_coca_band_5k+grade_estimate_9+general_or_nonacademic,advanced,advanced,1.697,11.263,32.08,advanced_seed,advanced_9_to_12.csv
proximity,9,9-12,advanced_9_to_12,4679,663,false,n,tier3_bnc_coca+bnc_coca_band_5k+grade_estimate_9+general_or_nonacademic,advanced,advanced,1.697,11.262,32.08,advanced_seed,advanced_9_to_12.csv
fluorescent,10,9-12,advanced_9_to_12,5363,473,false,adj,tier3_bnc_coca+bnc_coca_band_6k+grade_estimate_10+general_or_nonacademic,advanced,advanced,1.61,10.647,32.079,advanced_seed,advanced_9_to_12.csv
deleterious,12,9-12,advanced_9_to_12,9228,119,false,adj,tier3_bnc_coca+bnc_coca_band_10k+grade_estimate_12+general_or_nonacademic,advanced,advanced,1.266,8.688,32.077,advanced_seed,advanced_9_to_12.csv
exacerbate,9,9-12,advanced_9_to_12,4326,657,false,v,tier3_bnc_coca+bnc_coca_band_5k+grade_estimate_9+general_or_nonacademic,advanced,advanced,1.694,11.259,32.077,advanced_seed,advanced_9_to_12.csv
intelligible,9,9-12,advanced_9_to_12,4446,469,false,adj,tier3_bnc_coca+bnc_coca_band_5k+grade_estimate_9+general_or_nonacademic,advanced,advanced,1.608,10.644,32.076,advanced_seed,advanced_9_to_12.csv
intuitive,10,9-12,advanced_9_to_12,5498,647,false,adj,tier3_bnc_coca+bnc_coca_band_6k+grade_estimate_10+general_or_nonacademic,advanced,advanced,1.691,11.254,32.072,advanced_seed,advanced_9_to_12.csv
gracious,10,9-12,advanced_9_to_12,5406,637,false,adj,tier3_bnc_coca+bnc_coca_band_6k+grade_estimate_10+general_or_nonacademic,advanced,advanced,1.687,11.249,32.068,advanced_seed,advanced_9_to_12.csv
ammunition,9,9-12,advanced_9_to_12,4024,634,false,n,tier3_bnc_coca+bnc_coca_band_5k+grade_estimate_9+general_or_nonacademic,advanced,advanced,1.685,11.247,32.066,advanced_seed,advanced_9_to_12.csv
contraption,12,9-12,advanced_9_to_12,9187,114,false,n,tier3_bnc_coca+bnc_coca_band_10k+grade_estimate_12+general_or_nonacademic,advanced,advanced,1.256,8.675,32.065,advanced_seed,advanced_9_to_12.csv
exasperate,10,9-12,advanced_9_to_12,5328,628,false,v,tier3_bnc_coca+bnc_coca_band_6k+grade_estimate_10+general_or_nonacademic,advanced,advanced,1.683,11.244,32.063,advanced_seed,advanced_9_to_12.csv
reinstate,10,9-12,advanced_9_to_12,5769,628,false,v,tier3_bnc_coca+bnc_coca_band_6k+grade_estimate_10+general_or_nonacademic,advanced,advanced,1.683,11.244,32.063,advanced_seed,advanced_9_to_12.csv
synchronize,11,9-12,advanced_9_to_12,8901,112,false,v,tier3_bnc_coca+bnc_coca_band_9k+grade_estimate_11+general_or_nonacademic,advanced,advanced,1.252,8.669,32.06,advanced_seed,advanced_9_to_12.csv
redemption,10,9-12,advanced_9_to_12,5760,620,false,n,tier3_bnc_coca+bnc_coca_band_6k+grade_estimate_10+general_or_nonacademic,advanced,advanced,1.68,11.239,32.06,advanced_seed,advanced_9_to_12.csv
partiality,10,9-12,advanced_9_to_12,5667,617,false,n,tier3_bnc_coca+bnc_coca_band_6k+grade_estimate_10+general_or_nonacademic,advanced,advanced,1.678,11.238,32.058,advanced_seed,advanced_9_to_12.csv
renovate,9,9-12,advanced_9_to_12,4723,615,false,v,tier3_bnc_coca+bnc_coca_band_5k+grade_estimate_9+general_or_nonacademic,advanced,advanced,1.678,11.237,32.057,advanced_seed,advanced_9_to_12.csv
alleviate,10,9-12,advanced_9_to_12,5027,612,false,v,tier3_bnc_coca+bnc_coca_band_6k+grade_estimate_10+general_or_nonacademic,advanced,advanced,1.676,11.235,32.056,advanced_seed,advanced_9_to_12.csv
prominence,10,9-12,advanced_9_to_12,5723,609,false,n,tier3_bnc_coca+bnc_coca_band_6k+grade_estimate_10+general_or_nonacademic,advanced,advanced,1.675,11.233,32.054,advanced_seed,advanced_9_to_12.csv
retaliate,9,9-12,advanced_9_to_12,4730,605,false,v,tier3_bnc_coca+bnc_coca_band_5k+grade_estimate_9+general_or_nonacademic,advanced,advanced,1.673,11.231,32.052,advanced_seed,advanced_9_to_12.csv
medication,9,9-12,advanced_9_to_12,4519,600,false,n,tier3_bnc_coca+bnc_coca_band_5k+grade_estimate_9+general_or_nonacademic,advanced,advanced,1.671,11.228,32.05,advanced_seed,advanced_9_to_12.csv
punctuate,10,9-12,advanced_9_to_12,5731,600,false,v,tier3_bnc_coca+bnc_coca_band_6k+grade_estimate_10+general_or_nonacademic,advanced,advanced,1.671,11.228,32.05,advanced_seed,advanced_9_to_12.csv
journalism,9,9-12,advanced_9_to_12,4462,594,false,n,tier3_bnc_coca+bnc_coca_band_5k+grade_estimate_9+general_or_nonacademic,advanced,advanced,1.669,11.225,32.047,advanced_seed,advanced_9_to_12.csv
inadvertent,10,9-12,advanced_9_to_12,5468,420,false,adj,tier3_bnc_coca+bnc_coca_band_6k+grade_estimate_10+general_or_nonacademic,advanced,advanced,1.58,10.607,32.043,advanced_seed,advanced_9_to_12.csv
precipitous,12,9-12,advanced_9_to_12,9708,105,false,adj,tier3_bnc_coca+bnc_coca_band_10k+grade_estimate_12+general_or_nonacademic,advanced,advanced,1.236,8.649,32.042,advanced_seed,advanced_9_to_12.csv
vicinity,10,9-12,advanced_9_to_12,5966,578,false,n,tier3_bnc_coca+bnc_coca_band_6k+grade_estimate_10+general_or_nonacademic,advanced,advanced,1.662,11.216,32.039,advanced_seed,advanced_9_to_12.csv
deposition,10,9-12,advanced_9_to_12,5254,576,false,n,tier3_bnc_coca+bnc_coca_band_6k+grade_estimate_10+general_or_nonacademic,advanced,advanced,1.661,11.214,32.038,advanced_seed,advanced_9_to_12.csv
intricate,10,9-12,advanced_9_to_12,5495,576,false,adj,tier3_bnc_coca+bnc_coca_band_6k+grade_estimate_10+general_or_nonacademic,advanced,advanced,1.661,11.214,32.038,advanced_seed,advanced_9_to_12.csv
deregulate,10,9-12,advanced_9_to_12,5255,567,false,v,tier3_bnc_coca+bnc_coca_band_6k+grade_estimate_10+general_or_nonacademic,advanced,advanced,1.657,11.209,32.033,advanced_seed,advanced_9_to_12.csv
postoperative,11,9-12,advanced_9_to_12,8686,101,false,adj,tier3_bnc_coca+bnc_coca_band_9k+grade_estimate_11+general_or_nonacademic,advanced,advanced,1.227,8.636,32.032,advanced_seed,advanced_9_to_12.csv
miraculous,10,9-12,advanced_9_to_12,5592,562,false,adj,tier3_bnc_coca+bnc_coca_band_6k+grade_estimate_10+general_or_nonacademic,advanced,advanced,1.654,11.206,32.03,advanced_seed,advanced_9_to_12.csv
commonality,12,9-12,advanced_9_to_12,9172,98,false,n,tier3_bnc_coca+bnc_coca_band_10k+grade_estimate_12+general_or_nonacademic,advanced,advanced,1.22,8.627,32.023,advanced_seed,advanced_9_to_12.csv
intrusion,10,9-12,advanced_9_to_12,5496,548,false,n,tier3_bnc_coca+bnc_coca_band_6k+grade_estimate_10+general_or_nonacademic,advanced,advanced,1.648,11.197,32.023,advanced_seed,advanced_9_to_12.csv
intuition,10,9-12,advanced_9_to_12,5497,547,false,n,tier3_bnc_coca+bnc_coca_band_6k+grade_estimate_10+general_or_nonacademic,advanced,advanced,1.648,11.197,32.022,advanced_seed,advanced_9_to_12.csv
increment,10,9-12,advanced_9_to_12,5475,542,false,n,tier3_bnc_coca+bnc_coca_band_6k+grade_estimate_10+general_or_nonacademic,advanced,advanced,1.645,11.194,32.019,advanced_seed,advanced_9_to_12.csv
oscillate,10,9-12,advanced_9_to_12,5642,540,false,v,tier3_bnc_coca+bnc_coca_band_6k+grade_estimate_10+general_or_nonacademic,advanced,advanced,1.644,11.192,32.018,advanced_seed,advanced_9_to_12.csv
procrastinate,12,9-12,advanced_9_to_12,9718,96,false,v,tier3_bnc_coca+bnc_coca_band_10k+grade_estimate_12+general_or_nonacademic,advanced,advanced,1.215,8.62,32.018,advanced_seed,advanced_9_to_12.csv
analogous,10,9-12,advanced_9_to_12,5036,537,false,adj,tier3_bnc_coca+bnc_coca_band_6k+grade_estimate_10+general_or_nonacademic,advanced,advanced,1.643,11.19,32.017,advanced_seed,advanced_9_to_12.csv
credentials,10,9-12,advanced_9_to_12,5223,378,false,n,tier3_bnc_coca+bnc_coca_band_6k+grade_estimate_10+general_or_nonacademic,advanced,advanced,1.553,10.571,32.012,advanced_seed,advanced_9_to_12.csv
infiltrate,10,9-12,advanced_9_to_12,5481,529,false,v,tier3_bnc_coca+bnc_coca_band_6k+grade_estimate_10+general_or_nonacademic,advanced,advanced,1.639,11.185,32.012,advanced_seed,advanced_9_to_12.csv
perpetuate,10,9-12,advanced_9_to_12,5688,528,false,v,tier3_bnc_coca+bnc_coca_band_6k+grade_estimate_10+general_or_nonacademic,advanced,advanced,1.638,11.185,32.012,advanced_seed,advanced_9_to_12.csv
inaugurate,10,9-12,advanced_9_to_12,5469,520,false,v,tier3_bnc_coca+bnc_coca_band_6k+grade_estimate_10+general_or_nonacademic,advanced,advanced,1.635,11.179,32.007,advanced_seed,advanced_9_to_12.csv
mitigate,9,9-12,advanced_9_to_12,4539,518,false,v,tier3_bnc_coca+bnc_coca_band_5k+grade_estimate_9+general_or_nonacademic,advanced,advanced,1.634,11.178,32.006,advanced_seed,advanced_9_to_12.csv
lucrative,10,9-12,advanced_9_to_12,5553,518,false,adj,tier3_bnc_coca+bnc_coca_band_6k+grade_estimate_10+general_or_nonacademic,advanced,advanced,1.634,11.178,32.006,advanced_seed,advanced_9_to_12.csv
multivariate,11,9-12,advanced_9_to_12,8588,90,false,v,tier3_bnc_coca+bnc_coca_band_9k+grade_estimate_11+general_or_nonacademic,advanced,advanced,1.2,8.6,32.0,advanced_seed,advanced_9_to_12.csv
precarious,10,9-12,advanced_9_to_12,5715,501,false,adj,tier3_bnc_coca+bnc_coca_band_6k+grade_estimate_10+general_or_nonacademic,advanced,advanced,1.625,11.167,31.996,advanced_seed,advanced_9_to_12.csv
syndicate,10,9-12,advanced_9_to_12,5898,500,false,v,tier3_bnc_coca+bnc_coca_band_6k+grade_estimate_10+general_or_nonacademic,advanced,advanced,1.625,11.166,31.995,advanced_seed,advanced_9_to_12.csv
particulate,12,9-12,advanced_9_to_12,9657,88,false,v,tier3_bnc_coca+bnc_coca_band_10k+grade_estimate_12+general_or_nonacademic,advanced,advanced,1.195,8.593,31.994,advanced_seed,advanced_9_to_12.csv
merchandise,10,9-12,advanced_9_to_12,5580,351,false,v,tier3_bnc_coca+bnc_coca_band_6k+grade_estimate_10+general_or_nonacademic,advanced,advanced,1.535,10.546,31.99,advanced_seed,advanced_9_to_12.csv
elegance,10,9-12,advanced_9_to_12,5301,491,false,n,tier3_bnc_coca+bnc_coca_band_6k+grade_estimate_10+general_or_nonacademic,advanced,advanced,1.62,11.16,31.99,advanced_seed,advanced_9_to_12.csv
meticulous,10,9-12,advanced_9_to_12,5586,480,false,adj,tier3_bnc_coca+bnc_coca_band_6k+grade_estimate_10+general_or_nonacademic,advanced,advanced,1.614,11.152,31.983,advanced_seed,advanced_9_to_12.csv
fidelity,10,9-12,advanced_9_to_12,5349,478,false,n,tier3_bnc_coca+bnc_coca_band_6k+grade_estimate_10+general_or_nonacademic,advanced,advanced,1.613,11.151,31.982,advanced_seed,advanced_9_to_12.csv
inclusive,10,9-12,advanced_9_to_12,5473,472,false,adj,tier3_bnc_coca+bnc_coca_band_6k+grade_estimate_10+general_or_nonacademic,advanced,advanced,1.61,11.146,31.978,advanced_seed,advanced_9_to_12.csv
exhilarate,10,9-12,advanced_9_to_12,5334,460,false,v,tier3_bnc_coca+bnc_coca_band_6k+grade_estimate_10+general_or_nonacademic,advanced,advanced,1.603,11.138,31.97,advanced_seed,advanced_9_to_12.csv
incinerate,10,9-12,advanced_9_to_12,5471,458,false,v,tier3_bnc_coca+bnc_coca_band_6k+grade_estimate_10+general_or_nonacademic,advanced,advanced,1.602,11.136,31.969,advanced_seed,advanced_9_to_12.csv
freelance,10,9-12,advanced_9_to_12,5378,457,false,n,tier3_bnc_coca+bnc_coca_band_6k+grade_estimate_10+general_or_nonacademic,advanced,advanced,1.602,11.135,31.969,advanced_seed,advanced_9_to_12.csv
pervasive,10,9-12,advanced_9_to_12,5689,452,false,adj,tier3_bnc_coca+bnc_coca_band_6k+grade_estimate_10+general_or_nonacademic,advanced,advanced,1.599,11.132,31.965,advanced_seed,advanced_9_to_12.csv
resilience,10,9-12,advanced_9_to_12,5779,448,false,n,tier3_bnc_coca+bnc_coca_band_6k+grade_estimate_10+general_or_nonacademic,advanced,advanced,1.597,11.129,31.963,advanced_seed,advanced_9_to_12.csv
confiscate,10,9-12,advanced_9_to_12,5192,447,false,v,tier3_bnc_coca+bnc_coca_band_6k+grade_estimate_10+general_or_nonacademic,advanced,advanced,1.596,11.128,31.962,advanced_seed,advanced_9_to_12.csv
vitality,10,9-12,advanced_9_to_12,5968,443,false,n,tier3_bnc_coca+bnc_coca_band_6k+grade_estimate_10+general_or_nonacademic,advanced,advanced,1.594,11.125,31.959,advanced_seed,advanced_9_to_12.csv
resonance,10,9-12,advanced_9_to_12,5780,435,false,n,tier3_bnc_coca+bnc_coca_band_6k+grade_estimate_10+general_or_nonacademic,advanced,advanced,1.589,11.119,31.954,advanced_seed,advanced_9_to_12.csv
fabricate,10,9-12,advanced_9_to_12,5337,430,false,v,tier3_bnc_coca+bnc_coca_band_6k+grade_estimate_10+general_or_nonacademic,advanced,advanced,1.586,11.115,31.95,advanced_seed,advanced_9_to_12.csv
receptive,10,9-12,advanced_9_to_12,5755,425,false,adj,tier3_bnc_coca+bnc_coca_band_6k+grade_estimate_10+general_or_nonacademic,advanced,advanced,1.583,11.111,31.947,advanced_seed,advanced_9_to_12.csv
audition,10,9-12,advanced_9_to_12,5059,423,false,v,tier3_bnc_coca+bnc_coca_band_6k+grade_estimate_10+general_or_nonacademic,advanced,advanced,1.582,11.109,31.946,advanced_seed,advanced_9_to_12.csv
eternity,10,9-12,advanced_9_to_12,5322,419,false,n,tier3_bnc_coca+bnc_coca_band_6k+grade_estimate_10+general_or_nonacademic,advanced,advanced,1.579,11.106,31.943,advanced_seed,advanced_9_to_12.csv
attentive,10,9-12,advanced_9_to_12,5057,412,false,adj,tier3_bnc_coca+bnc_coca_band_6k+grade_estimate_10+general_or_nonacademic,advanced,advanced,1.575,11.1,31.938,advanced_seed,advanced_9_to_12.csv
incarnate,10,9-12,advanced_9_to_12,5470,406,false,v,tier3_bnc_coca+bnc_coca_band_6k+grade_estimate_10+general_or_nonacademic,advanced,advanced,1.571,11.095,31.933,advanced_seed,advanced_9_to_12.csv
perpetrate,10,9-12,advanced_9_to_12,5686,401,false,v,tier3_bnc_coca+bnc_coca_band_6k+grade_estimate_10+general_or_nonacademic,advanced,advanced,1.568,11.091,31.93,advanced_seed,advanced_9_to_12.csv
disparity,10,9-12,advanced_9_to_12,5279,397,false,n,tier3_bnc_coca+bnc_coca_band_6k+grade_estimate_10+general_or_nonacademic,advanced,advanced,1.566,11.088,31.927,advanced_seed,advanced_9_to_12.csv
luminous,10,9-12,advanced_9_to_12,5556,395,false,adj,tier3_bnc_coca+bnc_coca_band_6k+grade_estimate_10+general_or_nonacademic,advanced,advanced,1.564,11.086,31.925,advanced_seed,advanced_9_to_12.csv
sacrament,10,9-12,advanced_9_to_12,5797,392,false,n,tier3_bnc_coca+bnc_coca_band_6k+grade_estimate_10+general_or_nonacademic,advanced,advanced,1.563,11.083,31.923,advanced_seed,advanced_9_to_12.csv
understate,10,9-12,advanced_9_to_12,5945,387,false,v,tier3_bnc_coca+bnc_coca_band_6k+grade_estimate_10+general_or_nonacademic,advanced,advanced,1.559,11.079,31.919,advanced_seed,advanced_9_to_12.csv
radiance,10,9-12,advanced_9_to_12,5744,383,false,n,tier3_bnc_coca+bnc_coca_band_6k+grade_estimate_10+general_or_nonacademic,advanced,advanced,1.557,11.076,31.916,advanced_seed,advanced_9_to_12.csv
vaccinate,10,9-12,advanced_9_to_12,5957,378,false,v,tier3_bnc_coca+bnc_coca_band_6k+grade_estimate_10+general_or_nonacademic,advanced,advanced,1.553,11.071,31.912,advanced_seed,advanced_9_to_12.csv
irrigate,10,9-12,advanced_9_to_12,5503,375,false,v,tier3_bnc_coca+bnc_coca_band_6k+grade_estimate_10+general_or_nonacademic,advanced,advanced,1.551,11.068,31.91,advanced_seed,advanced_9_to_12.csv
multicultural,10,9-12,advanced_9_to_12,5603,254,false,adj,tier3_bnc_coca+bnc_coca_band_6k+grade_estimate_10+general_or_nonacademic,advanced,advanced,1.453,10.437,31.895,advanced_seed,advanced_9_to_12.csv
deprive,9,9-12,advanced_9_to_12,3265,2648,false,adj,tier3_bnc_coca+bnc_coca_band_4k+grade_estimate_9+general_or_nonacademic,advanced,advanced,2.055,11.24,31.797,advanced_seed,advanced_9_to_12.csv
equity,9,9-12,advanced_9_to_12,3346,2445,false,n,tier3_bnc_coca+bnc_coca_band_4k+grade_estimate_9+general_or_nonacademic,advanced,advanced,2.834,11.712,31.773,advanced_seed,advanced_9_to_12.csv
worship,9,9-12,advanced_9_to_12,3998,2364,false,v,tier3_bnc_coca+bnc_coca_band_4k+grade_estimate_9+general_or_nonacademic,advanced,advanced,2.025,11.2,31.763,advanced_seed,advanced_9_to_12.csv
columnist,10,9-12,advanced_9_to_12,5184,221,false,n,tier3_bnc_coca+bnc_coca_band_6k+grade_estimate_10+general_or_nonacademic,advanced,advanced,1.418,10.891,31.755,advanced_seed,advanced_9_to_12.csv
furious,9,9-12,advanced_9_to_12,3416,1844,false,adj,tier3_bnc_coca+bnc_coca_band_4k+grade_estimate_9+general_or_nonacademic,advanced,advanced,1.961,11.114,31.688,advanced_seed,advanced_9_to_12.csv
archive,9,9-12,advanced_9_to_12,3046,1817,false,adj,tier3_bnc_coca+bnc_coca_band_4k+grade_estimate_9+general_or_nonacademic,advanced,advanced,1.957,11.109,31.683,advanced_seed,advanced_9_to_12.csv
fist,9,9-12,advanced_9_to_12,3383,1683,false,v,tier3_bnc_coca+bnc_coca_band_4k+grade_estimate_9+general_or_nonacademic,advanced,advanced,3.737,11.083,31.66,advanced_seed,advanced_9_to_12.csv
mist,9,9-12,advanced_9_to_12,3606,1650,false,v,tier3_bnc_coca+bnc_coca_band_4k+grade_estimate_9+general_or_nonacademic,advanced,advanced,3.732,11.076,31.654,advanced_seed,advanced_9_to_12.csv
faction,9,9-12,advanced_9_to_12,3370,1604,false,n,tier3_bnc_coca+bnc_coca_band_4k+grade_estimate_9+general_or_nonacademic,advanced,advanced,1.925,11.066,31.646,advanced_seed,advanced_9_to_12.csv
waist,9,9-12,advanced_9_to_12,3982,1551,false,v,tier3_bnc_coca+bnc_coca_band_4k+grade_estimate_9+general_or_nonacademic,advanced,advanced,2.716,11.555,31.635,advanced_seed,advanced_9_to_12.csv
vibrate,9,9-12,advanced_9_to_12,3972,1349,false,v,tier3_bnc_coca+bnc_coca_band_4k+grade_estimate_9+general_or_nonacademic,advanced,advanced,1.88,11.007,31.593,advanced_seed,advanced_9_to_12.csv
dignity,9,9-12,advanced_9_to_12,3287,1277,false,n,tier3_bnc_coca+bnc_coca_band_4k+grade_estimate_9+general_or_nonacademic,advanced,advanced,1.866,10.988,31.577,advanced_seed,advanced_9_to_12.csv
garment,9,9-12,advanced_9_to_12,4366,1261,false,n,tier3_bnc_coca+bnc_coca_band_5k+grade_estimate_9+general_or_nonacademic,advanced,advanced,1.862,10.983,31.573,advanced_seed,advanced_9_to_12.csv
olive,9,9-12,advanced_9_to_12,3643,1234,false,adj,tier3_bnc_coca+bnc_coca_band_4k+grade_estimate_9+general_or_nonacademic,advanced,advanced,2.657,11.476,31.566,advanced_seed,advanced_9_to_12.csv
chemist,9,9-12,advanced_9_to_12,4135,1229,false,n,tier3_bnc_coca+bnc_coca_band_5k+grade_estimate_9+general_or_nonacademic,advanced,advanced,1.856,10.974,31.565,advanced_seed,advanced_9_to_12.csv
animate,9,9-12,advanced_9_to_12,3036,1156,false,v,tier3_bnc_coca+bnc_coca_band_4k+grade_estimate_9+general_or_nonacademic,advanced,advanced,1.84,10.953,31.547,advanced_seed,advanced_9_to_12.csv
thrive,9,9-12,advanced_9_to_12,3920,1142,false,adj,tier3_bnc_coca+bnc_coca_band_4k+grade_estimate_9+general_or_nonacademic,advanced,advanced,2.637,11.449,31.543,advanced_seed,advanced_9_to_12.csv
fascist,10,9-12,advanced_9_to_12,5343,1130,false,n,tier3_bnc_coca+bnc_coca_band_6k+grade_estimate_10+general_or_nonacademic,advanced,advanced,1.834,10.946,31.54,advanced_seed,advanced_9_to_12.csv
mutate,9,9-12,advanced_9_to_12,4560,1122,false,v,tier3_bnc_coca+bnc_coca_band_5k+grade_estimate_9+general_or_nonacademic,advanced,advanced,2.632,11.443,31.538,advanced_seed,advanced_9_to_12.csv
romance,9,9-12,advanced_9_to_12,3775,1103,false,n,tier3_bnc_coca+bnc_coca_band_4k+grade_estimate_9+general_or_nonacademic,advanced,advanced,1.828,10.937,31.533,advanced_seed,advanced_9_to_12.csv
deviate,9,9-12,advanced_9_to_12,4242,1094,false,v,tier3_bnc_coca+bnc_coca_band_5k+grade_estimate_9+general_or_nonacademic,advanced,advanced,1.826,10.934,31.53,advanced_seed,advanced_9_to_12.csv
agitate,9,9-12,advanced_9_to_12,4011,1081,false,v,tier3_bnc_coca+bnc_coca_band_5k+grade_estimate_9+general_or_nonacademic,advanced,advanced,1.823,10.93,31.526,advanced_seed,advanced_9_to_12.csv
jealous,9,9-12,advanced_9_to_12,4457,1045,false,adj,tier3_bnc_coca+bnc_coca_band_5k+grade_estimate_9+general_or_nonacademic,advanced,advanced,1.814,10.919,31.516,advanced_seed,advanced_9_to_12.csv
strive,9,9-12,advanced_9_to_12,4852,1040,false,adj,tier3_bnc_coca+bnc_coca_band_5k+grade_estimate_9+general_or_nonacademic,advanced,advanced,2.613,11.417,31.515,advanced_seed,advanced_9_to_12.csv
vicious,9,9-12,advanced_9_to_12,4961,1036,false,adj,tier3_bnc_coca+bnc_coca_band_5k+grade_estimate_9+general_or_nonacademic,advanced,advanced,1.812,10.916,31.514,advanced_seed,advanced_9_to_12.csv
cement,9,9-12,advanced_9_to_12,4127,1027,false,v,tier3_bnc_coca+bnc_coca_band_5k+grade_estimate_9+general_or_nonacademic,advanced,advanced,2.609,11.413,31.511,advanced_seed,advanced_9_to_12.csv
slate,9,9-12,advanced_9_to_12,4798,991,false,v,tier3_bnc_coca+bnc_coca_band_5k+grade_estimate_9+general_or_nonacademic,advanced,advanced,2.6,11.4,31.5,advanced_seed,advanced_9_to_12.csv
polytechnic,10,9-12,advanced_9_to_12,6668,1884,false,adj,tier3_bnc_coca+bnc_coca_band_7k+grade_estimate_10+general_or_nonacademic,advanced,advanced,1.966,9.122,31.494,advanced_seed,advanced_9_to_12.csv
grate,9,9-12,advanced_9_to_12,4381,956,false,v,tier3_bnc_coca+bnc_coca_band_5k+grade_estimate_9+general_or_nonacademic,advanced,advanced,2.591,11.388,31.489,advanced_seed,advanced_9_to_12.csv
naive,9,9-12,advanced_9_to_12,4563,933,false,adj,tier3_bnc_coca+bnc_coca_band_5k+grade_estimate_9+general_or_nonacademic,advanced,advanced,2.585,11.38,31.482,advanced_seed,advanced_9_to_12.csv
dentist,9,9-12,advanced_9_to_12,4235,916,false,n,tier3_bnc_coca+bnc_coca_band_5k+grade_estimate_9+general_or_nonacademic,advanced,advanced,1.78,10.873,31.477,advanced_seed,advanced_9_to_12.csv
captive,9,9-12,advanced_9_to_12,4118,912,false,adj,tier3_bnc_coca+bnc_coca_band_5k+grade_estimate_9+general_or_nonacademic,advanced,advanced,1.779,10.872,31.475,advanced_seed,advanced_9_to_12.csv
emulate,10,9-12,advanced_9_to_12,5308,848,false,v,tier3_bnc_coca+bnc_coca_band_6k+grade_estimate_10+general_or_nonacademic,advanced,advanced,1.76,10.847,31.453,advanced_seed,advanced_9_to_12.csv
mansion,9,9-12,advanced_9_to_12,4505,808,false,n,tier3_bnc_coca+bnc_coca_band_5k+grade_estimate_9+general_or_nonacademic,advanced,advanced,1.748,10.83,31.439,advanced_seed,advanced_9_to_12.csv
lesion,9,9-12,advanced_9_to_12,4481,796,false,n,tier3_bnc_coca+bnc_coca_band_5k+grade_estimate_9+general_or_nonacademic,advanced,advanced,2.544,11.325,31.434,advanced_seed,advanced_9_to_12.csv
amenity,10,9-12,advanced_9_to_12,5035,787,false,n,tier3_bnc_coca+bnc_coca_band_6k+grade_estimate_10+general_or_nonacademic,advanced,advanced,1.741,10.821,31.431,advanced_seed,advanced_9_to_12.csv
dubious,9,9-12,advanced_9_to_12,4282,780,false,adj,tier3_bnc_coca+bnc_coca_band_5k+grade_estimate_9+general_or_nonacademic,advanced,advanced,1.739,10.818,31.428,advanced_seed,advanced_9_to_12.csv
mandate,9,9-12,advanced_9_to_12,3581,763,false,v,tier3_bnc_coca+bnc_coca_band_4k+grade_estimate_9+general_or_nonacademic,advanced,advanced,1.733,10.811,31.422,advanced_seed,advanced_9_to_12.csv
maladjusted,10,9-12,advanced_9_to_12,5563,45,false,n,tier3_bnc_coca+bnc_coca_band_6k+grade_estimate_10+general_or_nonacademic,advanced,advanced,1.044,9.892,31.418,advanced_seed,advanced_9_to_12.csv
torment,9,9-12,advanced_9_to_12,4908,745,false,v,tier3_bnc_coca+bnc_coca_band_5k+grade_estimate_9+general_or_nonacademic,advanced,advanced,1.727,10.802,31.415,advanced_seed,advanced_9_to_12.csv
moist,9,9-12,advanced_9_to_12,4543,712,false,adj,tier3_bnc_coca+bnc_coca_band_5k+grade_estimate_9+general_or_nonacademic,advanced,advanced,2.515,11.287,31.401,advanced_seed,advanced_9_to_12.csv
equate,10,9-12,advanced_9_to_12,5314,710,false,v,tier3_bnc_coca+bnc_coca_band_6k+grade_estimate_10+general_or_nonacademic,advanced,advanced,2.514,11.286,31.4,advanced_seed,advanced_9_to_12.csv
pirate,9,9-12,advanced_9_to_12,4646,690,false,v,tier3_bnc_coca+bnc_coca_band_5k+grade_estimate_9+general_or_nonacademic,advanced,advanced,2.507,11.276,31.392,advanced_seed,advanced_9_to_12.csv
nitrate,10,9-12,advanced_9_to_12,5619,679,false,v,tier3_bnc_coca+bnc_coca_band_6k+grade_estimate_10+general_or_nonacademic,advanced,advanced,1.703,10.771,31.387,advanced_seed,advanced_9_to_12.csv
inmate,9,9-12,advanced_9_to_12,4442,674,false,v,tier3_bnc_coca+bnc_coca_band_5k+grade_estimate_9+general_or_nonacademic,advanced,advanced,2.501,11.268,31.385,advanced_seed,advanced_9_to_12.csv
augment,10,9-12,advanced_9_to_12,5060,652,false,v,tier3_bnc_coca+bnc_coca_band_6k+grade_estimate_10+general_or_nonacademic,advanced,advanced,1.693,10.757,31.375,advanced_seed,advanced_9_to_12.csv
skate,9,9-12,advanced_9_to_12,4793,646,false,v,tier3_bnc_coca+bnc_coca_band_5k+grade_estimate_9+general_or_nonacademic,advanced,advanced,2.49,11.254,31.372,advanced_seed,advanced_9_to_12.csv
elusive,9,9-12,advanced_9_to_12,4301,643,false,adj,tier3_bnc_coca+bnc_coca_band_5k+grade_estimate_9+general_or_nonacademic,advanced,advanced,1.689,10.752,31.37,advanced_seed,advanced_9_to_12.csv
festive,9,9-12,advanced_9_to_12,4342,641,false,adj,tier3_bnc_coca+bnc_coca_band_5k+grade_estimate_9+general_or_nonacademic,advanced,advanced,1.688,10.751,31.37,advanced_seed,advanced_9_to_12.csv
subsist,10,9-12,advanced_9_to_12,5889,613,false,v,tier3_bnc_coca+bnc_coca_band_6k+grade_estimate_10+general_or_nonacademic,advanced,advanced,1.677,10.736,31.356,advanced_seed,advanced_9_to_12.csv
lament,9,9-12,advanced_9_to_12,4471,611,false,v,tier3_bnc_coca+bnc_coca_band_5k+grade_estimate_9+general_or_nonacademic,advanced,advanced,2.476,11.234,31.355,advanced_seed,advanced_9_to_12.csv
notate,10,9-12,advanced_9_to_12,5623,595,false,v,tier3_bnc_coca+bnc_coca_band_6k+grade_estimate_10+general_or_nonacademic,advanced,advanced,2.469,11.225,31.347,advanced_seed,advanced_9_to_12.csv
baptist,9,9-12,advanced_9_to_12,4075,587,false,n,tier3_bnc_coca+bnc_coca_band_5k+grade_estimate_9+general_or_nonacademic,advanced,advanced,1.666,10.721,31.343,advanced_seed,advanced_9_to_12.csv
solicitor,9,9-12,advanced_9_to_12,4816,5838,false,n,tier3_bnc_coca+bnc_coca_band_5k+grade_estimate_9+general_or_nonacademic,advanced,advanced,2.26,11.514,31.337,advanced_seed,advanced_9_to_12.csv
cavity,10,9-12,advanced_9_to_12,5150,547,false,n,tier3_bnc_coca+bnc_coca_band_6k+grade_estimate_10+general_or_nonacademic,advanced,advanced,2.448,11.197,31.322,advanced_seed,advanced_9_to_12.csv
waive,10,9-12,advanced_9_to_12,5971,544,false,adj,tier3_bnc_coca+bnc_coca_band_6k+grade_estimate_10+general_or_nonacademic,advanced,advanced,2.446,11.195,31.32,advanced_seed,advanced_9_to_12.csv
enlist,9,9-12,advanced_9_to_12,4310,533,false,v,tier3_bnc_coca+bnc_coca_band_5k+grade_estimate_9+general_or_nonacademic,advanced,advanced,2.441,11.188,31.314,advanced_seed,advanced_9_to_12.csv
emanate,10,9-12,advanced_9_to_12,5303,523,false,v,tier3_bnc_coca+bnc_coca_band_6k+grade_estimate_10+general_or_nonacademic,advanced,advanced,1.636,10.681,31.309,advanced_seed,advanced_9_to_12.csv
lance,10,9-12,advanced_9_to_12,5523,508,false,n,tier3_bnc_coca+bnc_coca_band_6k+grade_estimate_10+general_or_nonacademic,advanced,advanced,2.429,11.171,31.3,advanced_seed,advanced_9_to_12.csv
ominous,10,9-12,advanced_9_to_12,5632,497,false,adj,tier3_bnc_coca+bnc_coca_band_6k+grade_estimate_10+general_or_nonacademic,advanced,advanced,1.623,10.664,31.294,advanced_seed,advanced_9_to_12.csv
contractual,10,9-12,advanced_9_to_12,6185,968,false,adj,tier3_bnc_coca+bnc_coca_band_7k+grade_estimate_10+general_or_nonacademic,advanced,advanced,1.794,8.892,31.293,advanced_seed,advanced_9_to_12.csv
pigment,10,9-12,advanced_9_to_12,5696,494,false,v,tier3_bnc_coca+bnc_coca_band_6k+grade_estimate_10+general_or_nonacademic,advanced,advanced,1.621,10.662,31.292,advanced_seed,advanced_9_to_12.csv
crate,10,9-12,advanced_9_to_12,5218,469,false,v,tier3_bnc_coca+bnc_coca_band_6k+grade_estimate_10+general_or_nonacademic,advanced,advanced,2.408,11.144,31.276,advanced_seed,advanced_9_to_12.csv
tuition,10,9-12,advanced_9_to_12,5934,460,false,n,tier3_bnc_coca+bnc_coca_band_6k+grade_estimate_10+general_or_nonacademic,advanced,advanced,1.603,10.638,31.27,advanced_seed,advanced_9_to_12.csv
caption,10,9-12,advanced_9_to_12,5136,446,false,v,tier3_bnc_coca+bnc_coca_band_6k+grade_estimate_10+general_or_nonacademic,advanced,advanced,1.595,10.627,31.261,advanced_seed,advanced_9_to_12.csv
scandinavia,10,9-12,advanced_9_to_12,6795,861,false,n,tier3_bnc_coca+bnc_coca_band_7k+grade_estimate_10+general_or_nonacademic,advanced,advanced,1.764,8.852,31.258,advanced_seed,advanced_9_to_12.csv
ecclesiastic,10,9-12,advanced_9_to_12,6276,836,false,adj,tier3_bnc_coca+bnc_coca_band_7k+grade_estimate_10+general_or_nonacademic,advanced,advanced,1.756,8.842,31.249,advanced_seed,advanced_9_to_12.csv
hoist,10,9-12,advanced_9_to_12,5435,403,false,v,tier3_bnc_coca+bnc_coca_band_6k+grade_estimate_10+general_or_nonacademic,advanced,advanced,2.37,11.093,31.231,advanced_seed,advanced_9_to_12.csv
practicable,11,9-12,advanced_9_to_12,7688,787,false,adj,tier3_bnc_coca+bnc_coca_band_8k+grade_estimate_11+general_or_nonacademic,advanced,advanced,1.741,8.821,31.231,advanced_seed,advanced_9_to_12.csv
vanity,10,9-12,advanced_9_to_12,5961,395,false,n,tier3_bnc_coca+bnc_coca_band_6k+grade_estimate_10+general_or_nonacademic,advanced,advanced,2.364,11.086,31.225,advanced_seed,advanced_9_to_12.csv
ordination,11,9-12,advanced_9_to_12,7599,1059,false,n,tier3_bnc_coca+bnc_coca_band_8k+grade_estimate_11+general_or_nonacademic,advanced,advanced,1.817,9.423,31.22,advanced_seed,advanced_9_to_12.csv
chancellor,9,9-12,advanced_9_to_12,3156,3890,false,n,tier3_bnc_coca+bnc_coca_band_4k+grade_estimate_9+general_or_nonacademic,advanced,advanced,2.155,11.373,31.214,advanced_seed,advanced_9_to_12.csv
plaintiff,9,9-12,advanced_9_to_12,3694,3886,false,n,tier3_bnc_coca+bnc_coca_band_4k+grade_estimate_9+general_or_nonacademic,advanced,advanced,2.154,11.372,31.213,advanced_seed,advanced_9_to_12.csv
microcomputer,11,9-12,advanced_9_to_12,8563,741,false,n,tier3_bnc_coca+bnc_coca_band_9k+grade_estimate_11+general_or_nonacademic,advanced,advanced,1.725,8.801,31.213,advanced_seed,advanced_9_to_12.csv
landlord,9,9-12,advanced_9_to_12,3550,3525,false,n,tier3_bnc_coca+bnc_coca_band_4k+grade_estimate_9+general_or_nonacademic,advanced,advanced,2.129,11.339,31.184,advanced_seed,advanced_9_to_12.csv
picturesque,10,9-12,advanced_9_to_12,6651,635,false,adj,tier3_bnc_coca+bnc_coca_band_7k+grade_estimate_10+general_or_nonacademic,advanced,advanced,1.686,8.748,31.167,advanced_seed,advanced_9_to_12.csv
inordinate,11,9-12,advanced_9_to_12,8465,883,false,adj,tier3_bnc_coca+bnc_coca_band_9k+grade_estimate_11+general_or_nonacademic,advanced,advanced,1.771,9.361,31.166,advanced_seed,advanced_9_to_12.csv
sergeant,9,9-12,advanced_9_to_12,3805,3311,false,n,tier3_bnc_coca+bnc_coca_band_4k+grade_estimate_9+general_or_nonacademic,advanced,advanced,2.113,11.317,31.165,advanced_seed,advanced_9_to_12.csv
handicap,9,9-12,advanced_9_to_12,3457,3172,false,n,tier3_bnc_coca+bnc_coca_band_4k+grade_estimate_9+general_or_nonacademic,advanced,advanced,2.102,11.302,31.152,advanced_seed,advanced_9_to_12.csv
privatise,9,9-12,advanced_9_to_12,3726,3159,false,v,tier3_bnc_coca+bnc_coca_band_4k+grade_estimate_9+general_or_nonacademic,advanced,advanced,2.101,11.301,31.151,advanced_seed,advanced_9_to_12.csv
intermediary,10,9-12,advanced_9_to_12,6473,594,false,n,tier3_bnc_coca+bnc_coca_band_7k+grade_estimate_10+general_or_nonacademic,advanced,advanced,1.669,8.725,31.147,advanced_seed,advanced_9_to_12.csv
millilitre,9,9-12,advanced_9_to_12,4533,3032,false,n,tier3_bnc_coca+bnc_coca_band_5k+grade_estimate_9+general_or_nonacademic,advanced,advanced,2.09,11.287,31.138,advanced_seed,advanced_9_to_12.csv
accountant,9,9-12,advanced_9_to_12,3007,3013,false,n,tier3_bnc_coca+bnc_coca_band_4k+grade_estimate_9+general_or_nonacademic,advanced,advanced,2.088,11.284,31.136,advanced_seed,advanced_9_to_12.csv
redundant,9,9-12,advanced_9_to_12,4709,2996,false,adj,tier3_bnc_coca+bnc_coca_band_5k+grade_estimate_9+general_or_nonacademic,advanced,advanced,2.087,11.282,31.135,advanced_seed,advanced_9_to_12.csv
convenient,9,9-12,advanced_9_to_12,3222,2939,false,adj,tier3_bnc_coca+bnc_coca_band_4k+grade_estimate_9+general_or_nonacademic,advanced,advanced,2.082,11.276,31.129,advanced_seed,advanced_9_to_12.csv
turnover,9,9-12,advanced_9_to_12,3951,2923,false,n,tier3_bnc_coca+bnc_coca_band_4k+grade_estimate_9+general_or_nonacademic,advanced,advanced,2.08,11.274,31.127,advanced_seed,advanced_9_to_12.csv
indemnity,11,9-12,advanced_9_to_12,8451,771,false,n,tier3_bnc_coca+bnc_coca_band_9k+grade_estimate_11+general_or_nonacademic,advanced,advanced,1.736,9.314,31.125,advanced_seed,advanced_9_to_12.csv
whereabouts,10,9-12,advanced_9_to_12,6987,541,false,n,tier3_bnc_coca+bnc_coca_band_7k+grade_estimate_10+general_or_nonacademic,advanced,advanced,1.645,8.693,31.119,advanced_seed,advanced_9_to_12.csv
infinitive,12,9-12,advanced_9_to_12,9460,752,false,adj,tier3_bnc_coca+bnc_coca_band_10k+grade_estimate_12+general_or_nonacademic,advanced,advanced,1.729,9.306,31.117,advanced_seed,advanced_9_to_12.csv
guardian,9,9-12,advanced_9_to_12,3451,2767,false,n,tier3_bnc_coca+bnc_coca_band_4k+grade_estimate_9+general_or_nonacademic,advanced,advanced,2.066,11.255,31.111,advanced_seed,advanced_9_to_12.csv
gastrointestinal,10,9-12,advanced_9_to_12,6368,525,false,adj,tier3_bnc_coca+bnc_coca_band_7k+grade_estimate_10+general_or_nonacademic,advanced,advanced,1.637,8.683,31.11,advanced_seed,advanced_9_to_12.csv
medieval,9,9-12,advanced_9_to_12,3591,2727,false,adj,tier3_bnc_coca+bnc_coca_band_4k+grade_estimate_9+general_or_nonacademic,advanced,advanced,2.062,11.25,31.106,advanced_seed,advanced_9_to_12.csv
constable,10,9-12,advanced_9_to_12,5199,2698,false,adj,tier3_bnc_coca+bnc_coca_band_6k+grade_estimate_10+general_or_nonacademic,advanced,advanced,2.06,11.246,31.103,advanced_seed,advanced_9_to_12.csv
deutschmark,11,9-12,advanced_9_to_12,8241,511,false,n,tier3_bnc_coca+bnc_coca_band_9k+grade_estimate_11+general_or_nonacademic,advanced,advanced,1.63,8.673,31.102,advanced_seed,advanced_9_to_12.csv
maternity,10,9-12,advanced_9_to_12,6523,712,false,n,tier3_bnc_coca+bnc_coca_band_7k+grade_estimate_10+general_or_nonacademic,advanced,advanced,1.715,9.287,31.101,advanced_seed,advanced_9_to_12.csv
generals,9,9-12,advanced_9_to_12,4368,2671,false,n,tier3_bnc_coca+bnc_coca_band_5k+grade_estimate_9+general_or_nonacademic,advanced,advanced,2.057,11.243,31.1,advanced_seed,advanced_9_to_12.csv
manslaughter,10,9-12,advanced_9_to_12,6516,506,false,n,tier3_bnc_coca+bnc_coca_band_7k+grade_estimate_10+general_or_nonacademic,advanced,advanced,1.628,8.67,31.099,advanced_seed,advanced_9_to_12.csv
discontinue,10,9-12,advanced_9_to_12,6246,505,false,n,tier3_bnc_coca+bnc_coca_band_7k+grade_estimate_10+general_or_nonacademic,advanced,advanced,1.627,8.669,31.098,advanced_seed,advanced_9_to_12.csv
amalgamate,11,9-12,advanced_9_to_12,7024,701,false,v,tier3_bnc_coca+bnc_coca_band_8k+grade_estimate_11+general_or_nonacademic,advanced,advanced,1.711,9.281,31.096,advanced_seed,advanced_9_to_12.csv
psychoanalyse,10,9-12,advanced_9_to_12,6711,494,false,n,tier3_bnc_coca+bnc_coca_band_7k+grade_estimate_10+general_or_nonacademic,advanced,advanced,1.621,8.662,31.092,advanced_seed,advanced_9_to_12.csv
microprocessor,10,9-12,advanced_9_to_12,6537,485,false,n,tier3_bnc_coca+bnc_coca_band_7k+grade_estimate_10+general_or_nonacademic,advanced,advanced,1.617,8.656,31.086,advanced_seed,advanced_9_to_12.csv
dividend,9,9-12,advanced_9_to_12,3305,2510,false,n,tier3_bnc_coca+bnc_coca_band_4k+grade_estimate_9+general_or_nonacademic,advanced,advanced,2.041,11.221,31.081,advanced_seed,advanced_9_to_12.csv
horticulture,11,9-12,advanced_9_to_12,7417,476,false,n,tier3_bnc_coca+bnc_coca_band_8k+grade_estimate_11+general_or_nonacademic,advanced,advanced,1.612,8.649,31.081,advanced_seed,advanced_9_to_12.csv
trousers,9,9-12,advanced_9_to_12,3945,2504,false,n,tier3_bnc_coca+bnc_coca_band_4k+grade_estimate_9+general_or_nonacademic,advanced,advanced,2.04,11.22,31.08,advanced_seed,advanced_9_to_12.csv
subscribe,9,9-12,advanced_9_to_12,3883,2501,false,n,tier3_bnc_coca+bnc_coca_band_4k+grade_estimate_9+general_or_nonacademic,advanced,advanced,2.04,11.22,31.08,advanced_seed,advanced_9_to_12.csv
subsidiary,9,9-12,advanced_9_to_12,3884,2495,false,n,tier3_bnc_coca+bnc_coca_band_4k+grade_estimate_9+general_or_nonacademic,advanced,advanced,2.039,11.219,31.079,advanced_seed,advanced_9_to_12.csv
homoeopathy,11,9-12,advanced_9_to_12,7414,473,false,n,tier3_bnc_coca+bnc_coca_band_8k+grade_estimate_11+general_or_nonacademic,advanced,advanced,1.61,8.647,31.079,advanced_seed,advanced_9_to_12.csv
stockbroker,11,9-12,advanced_9_to_12,7860,473,false,n,tier3_bnc_coca+bnc_coca_band_8k+grade_estimate_11+general_or_nonacademic,advanced,advanced,1.61,8.647,31.079,advanced_seed,advanced_9_to_12.csv
distress,9,9-12,advanced_9_to_12,3304,2466,false,v,tier3_bnc_coca+bnc_coca_band_4k+grade_estimate_9+general_or_nonacademic,advanced,advanced,2.036,11.215,31.076,advanced_seed,advanced_9_to_12.csv
depreciate,10,9-12,advanced_9_to_12,6234,654,false,v,tier3_bnc_coca+bnc_coca_band_7k+grade_estimate_10+general_or_nonacademic,advanced,advanced,1.693,9.258,31.076,advanced_seed,advanced_9_to_12.csv
carbonate,11,9-12,advanced_9_to_12,7144,647,false,v,tier3_bnc_coca+bnc_coca_band_8k+grade_estimate_11+general_or_nonacademic,advanced,advanced,1.691,9.254,31.072,advanced_seed,advanced_9_to_12.csv
misrepresent,10,9-12,advanced_9_to_12,6545,462,false,v,tier3_bnc_coca+bnc_coca_band_7k+grade_estimate_10+general_or_nonacademic,advanced,advanced,1.604,8.639,31.072,advanced_seed,advanced_9_to_12.csv
incontinent,11,9-12,advanced_9_to_12,7432,459,false,adj,tier3_bnc_coca+bnc_coca_band_8k+grade_estimate_11+general_or_nonacademic,advanced,advanced,1.603,8.637,31.07,advanced_seed,advanced_9_to_12.csv
encyclopedia,10,9-12,advanced_9_to_12,6292,457,false,n,tier3_bnc_coca+bnc_coca_band_7k+grade_estimate_10+general_or_nonacademic,advanced,advanced,1.602,8.635,31.069,advanced_seed,advanced_9_to_12.csv
inconsistency,10,9-12,advanced_9_to_12,6457,455,false,n,tier3_bnc_coca+bnc_coca_band_7k+grade_estimate_10+general_or_nonacademic,advanced,advanced,1.6,8.634,31.067,advanced_seed,advanced_9_to_12.csv
conservatory,10,9-12,advanced_9_to_12,6179,449,false,n,tier3_bnc_coca+bnc_coca_band_7k+grade_estimate_10+general_or_nonacademic,advanced,advanced,1.597,8.629,31.063,advanced_seed,advanced_9_to_12.csv
secretariat,11,9-12,advanced_9_to_12,7787,444,false,n,tier3_bnc_coca+bnc_coca_band_8k+grade_estimate_11+general_or_nonacademic,advanced,advanced,1.594,8.626,31.06,advanced_seed,advanced_9_to_12.csv
biochemical,11,9-12,advanced_9_to_12,7101,443,false,adj,tier3_bnc_coca+bnc_coca_band_8k+grade_estimate_11+general_or_nonacademic,advanced,advanced,1.594,8.625,31.059,advanced_seed,advanced_9_to_12.csv
utilitarian,10,9-12,advanced_9_to_12,6959,437,false,n,tier3_bnc_coca+bnc_coca_band_7k+grade_estimate_10+general_or_nonacademic,advanced,advanced,1.59,8.62,31.055,advanced_seed,advanced_9_to_12.csv
haemorrhage,10,9-12,advanced_9_to_12,6398,436,false,n,tier3_bnc_coca+bnc_coca_band_7k+grade_estimate_10+general_or_nonacademic,advanced,advanced,1.59,8.619,31.055,advanced_seed,advanced_9_to_12.csv
astonish,9,9-12,advanced_9_to_12,3058,2279,false,v,tier3_bnc_coca+bnc_coca_band_4k+grade_estimate_9+general_or_nonacademic,advanced,advanced,2.016,11.188,31.052,advanced_seed,advanced_9_to_12.csv
demolition,10,9-12,advanced_9_to_12,6230,602,false,n,tier3_bnc_coca+bnc_coca_band_7k+grade_estimate_10+general_or_nonacademic,advanced,advanced,1.672,9.229,31.051,advanced_seed,advanced_9_to_12.csv
proletariat,11,9-12,advanced_9_to_12,8700,427,false,n,tier3_bnc_coca+bnc_coca_band_9k+grade_estimate_11+general_or_nonacademic,advanced,advanced,1.584,8.612,31.048,advanced_seed,advanced_9_to_12.csv
emancipate,10,9-12,advanced_9_to_12,6285,597,false,v,tier3_bnc_coca+bnc_coca_band_7k+grade_estimate_10+general_or_nonacademic,advanced,advanced,1.67,9.227,31.048,advanced_seed,advanced_9_to_12.csv
perceptible,10,9-12,advanced_9_to_12,6632,424,false,adj,tier3_bnc_coca+bnc_coca_band_7k+grade_estimate_10+general_or_nonacademic,advanced,advanced,1.582,8.61,31.046,advanced_seed,advanced_9_to_12.csv
egalitarian,10,9-12,advanced_9_to_12,6278,423,false,n,tier3_bnc_coca+bnc_coca_band_7k+grade_estimate_10+general_or_nonacademic,advanced,advanced,1.582,8.609,31.046,advanced_seed,advanced_9_to_12.csv
contrive,10,9-12,advanced_9_to_12,6186,590,false,adj,tier3_bnc_coca+bnc_coca_band_7k+grade_estimate_10+general_or_nonacademic,advanced,advanced,1.667,9.223,31.045,advanced_seed,advanced_9_to_12.csv
lieutenant,9,9-12,advanced_9_to_12,3563,2225,false,n,tier3_bnc_coca+bnc_coca_band_4k+grade_estimate_9+general_or_nonacademic,advanced,advanced,2.01,11.179,31.044,advanced_seed,advanced_9_to_12.csv
immaculate,10,9-12,advanced_9_to_12,6447,589,false,adj,tier3_bnc_coca+bnc_coca_band_7k+grade_estimate_10+general_or_nonacademic,advanced,advanced,1.666,9.222,31.044,advanced_seed,advanced_9_to_12.csv
remunerate,11,9-12,advanced_9_to_12,8749,588,false,v,tier3_bnc_coca+bnc_coca_band_9k+grade_estimate_11+general_or_nonacademic,advanced,advanced,1.666,9.221,31.044,advanced_seed,advanced_9_to_12.csv
adjudicate,10,9-12,advanced_9_to_12,6012,584,false,v,tier3_bnc_coca+bnc_coca_band_7k+grade_estimate_10+general_or_nonacademic,advanced,advanced,1.664,9.219,31.042,advanced_seed,advanced_9_to_12.csv
accession,11,9-12,advanced_9_to_12,7007,574,false,n,tier3_bnc_coca+bnc_coca_band_8k+grade_estimate_11+general_or_nonacademic,advanced,advanced,1.66,9.213,31.036,advanced_seed,advanced_9_to_12.csv
inseparable,10,9-12,advanced_9_to_12,6468,403,false,adj,tier3_bnc_coca+bnc_coca_band_7k+grade_estimate_10+general_or_nonacademic,advanced,advanced,1.57,8.593,31.031,advanced_seed,advanced_9_to_12.csv
sufficiency,12,9-12,advanced_9_to_12,9866,403,false,n,tier3_bnc_coca+bnc_coca_band_10k+grade_estimate_12+general_or_nonacademic,advanced,advanced,1.57,8.593,31.031,advanced_seed,advanced_9_to_12.csv
tribunal,9,9-12,advanced_9_to_12,3940,2129,false,adj,tier3_bnc_coca+bnc_coca_band_4k+grade_estimate_9+general_or_nonacademic,advanced,advanced,1.998,11.164,31.031,advanced_seed,advanced_9_to_12.csv
hardware,9,9-12,advanced_9_to_12,3460,2121,false,n,tier3_bnc_coca+bnc_coca_band_4k+grade_estimate_9+general_or_nonacademic,advanced,advanced,1.997,11.163,31.03,advanced_seed,advanced_9_to_12.csv
suppress,9,9-12,advanced_9_to_12,3890,2115,false,v,tier3_bnc_coca+bnc_coca_band_4k+grade_estimate_9+general_or_nonacademic,advanced,advanced,1.996,11.162,31.029,advanced_seed,advanced_9_to_12.csv
pessimistic,10,9-12,advanced_9_to_12,6641,395,false,adj,tier3_bnc_coca+bnc_coca_band_7k+grade_estimate_10+general_or_nonacademic,advanced,advanced,1.564,8.586,31.025,advanced_seed,advanced_9_to_12.csv
paramilitary,10,9-12,advanced_9_to_12,6616,392,false,n,tier3_bnc_coca+bnc_coca_band_7k+grade_estimate_10+general_or_nonacademic,advanced,advanced,1.563,8.583,31.023,advanced_seed,advanced_9_to_12.csv
transnational,10,9-12,advanced_9_to_12,6933,391,false,adj,tier3_bnc_coca+bnc_coca_band_7k+grade_estimate_10+general_or_nonacademic,advanced,advanced,1.562,8.583,31.022,advanced_seed,advanced_9_to_12.csv
diminish,9,9-12,advanced_9_to_12,3290,2064,false,v,tier3_bnc_coca+bnc_coca_band_4k+grade_estimate_9+general_or_nonacademic,advanced,advanced,1.99,11.153,31.022,advanced_seed,advanced_9_to_12.csv
disclose,9,9-12,advanced_9_to_12,3295,2055,false,n,tier3_bnc_coca+bnc_coca_band_4k+grade_estimate_9+general_or_nonacademic,advanced,advanced,1.989,11.152,31.02,advanced_seed,advanced_9_to_12.csv
righteous,10,9-12,advanced_9_to_12,6768,534,false,adj,tier3_bnc_coca+bnc_coca_band_7k+grade_estimate_10+general_or_nonacademic,advanced,advanced,1.641,9.188,31.015,advanced_seed,advanced_9_to_12.csv
predicate,10,9-12,advanced_9_to_12,6681,525,false,v,tier3_bnc_coca+bnc_coca_band_7k+grade_estimate_10+general_or_nonacademic,advanced,advanced,1.637,9.183,31.01,advanced_seed,advanced_9_to_12.csv
caterpillar,10,9-12,advanced_9_to_12,6136,375,false,n,tier3_bnc_coca+bnc_coca_band_7k+grade_estimate_10+general_or_nonacademic,advanced,advanced,1.551,8.568,31.01,advanced_seed,advanced_9_to_12.csv
painstaking,10,9-12,advanced_9_to_12,6612,375,false,adj,tier3_bnc_coca+bnc_coca_band_7k+grade_estimate_10+general_or_nonacademic,advanced,advanced,1.551,8.568,31.01,advanced_seed,advanced_9_to_12.csv
macroeconomic,11,9-12,advanced_9_to_12,7514,375,false,adj,tier3_bnc_coca+bnc_coca_band_8k+grade_estimate_11+general_or_nonacademic,advanced,advanced,1.551,8.568,31.01,advanced_seed,advanced_9_to_12.csv
prehistoric,10,9-12,advanced_9_to_12,6685,374,false,adj,tier3_bnc_coca+bnc_coca_band_7k+grade_estimate_10+general_or_nonacademic,advanced,advanced,1.551,8.567,31.009,advanced_seed,advanced_9_to_12.csv
appreciable,11,9-12,advanced_9_to_12,7047,372,false,adj,tier3_bnc_coca+bnc_coca_band_8k+grade_estimate_11+general_or_nonacademic,advanced,advanced,1.549,8.566,31.007,advanced_seed,advanced_9_to_12.csv
ludicrous,10,9-12,advanced_9_to_12,6501,520,false,adj,tier3_bnc_coca+bnc_coca_band_7k+grade_estimate_10+general_or_nonacademic,advanced,advanced,1.635,9.179,31.007,advanced_seed,advanced_9_to_12.csv
administer,9,9-12,advanced_9_to_12,3015,1957,false,v,tier3_bnc_coca+bnc_coca_band_4k+grade_estimate_9+general_or_nonacademic,advanced,advanced,1.976,11.135,31.006,advanced_seed,advanced_9_to_12.csv
prescribe,9,9-12,advanced_9_to_12,3718,1951,false,n,tier3_bnc_coca+bnc_coca_band_4k+grade_estimate_9+general_or_nonacademic,advanced,advanced,1.975,11.134,31.005,advanced_seed,advanced_9_to_12.csv
defiance,10,9-12,advanced_9_to_12,6225,516,false,n,tier3_bnc_coca+bnc_coca_band_7k+grade_estimate_10+general_or_nonacademic,advanced,advanced,1.633,9.177,31.005,advanced_seed,advanced_9_to_12.csv
subcontract,11,9-12,advanced_9_to_12,7874,367,false,v,tier3_bnc_coca+bnc_coca_band_8k+grade_estimate_11+general_or_nonacademic,advanced,advanced,1.546,8.561,31.003,advanced_seed,advanced_9_to_12.csv
superimpose,11,9-12,advanced_9_to_12,7882,367,false,n,tier3_bnc_coca+bnc_coca_band_8k+grade_estimate_11+general_or_nonacademic,advanced,advanced,1.546,8.561,31.003,advanced_seed,advanced_9_to_12.csv
philanthropy,12,9-12,advanced_9_to_12,9679,364,false,n,tier3_bnc_coca+bnc_coca_band_10k+grade_estimate_12+general_or_nonacademic,advanced,advanced,1.544,8.558,31.001,advanced_seed,advanced_9_to_12.csv
overnight,9,9-12,advanced_9_to_12,3661,1924,false,n,tier3_bnc_coca+bnc_coca_band_4k+grade_estimate_9+general_or_nonacademic,advanced,advanced,1.972,11.129,31.001,advanced_seed,advanced_9_to_12.csv
bankrupt,9,9-12,advanced_9_to_12,3074,1911,false,v,tier3_bnc_coca+bnc_coca_band_4k+grade_estimate_9+general_or_nonacademic,advanced,advanced,1.97,11.127,30.998,advanced_seed,advanced_9_to_12.csv
peculiar,9,9-12,advanced_9_to_12,3679,1909,false,adj,tier3_bnc_coca+bnc_coca_band_4k+grade_estimate_9+general_or_nonacademic,advanced,advanced,1.97,11.126,30.998,advanced_seed,advanced_9_to_12.csv
audiovisual,12,9-12,advanced_9_to_12,9057,360,false,adj,tier3_bnc_coca+bnc_coca_band_10k+grade_estimate_12+general_or_nonacademic,advanced,advanced,1.541,8.555,30.998,advanced_seed,advanced_9_to_12.csv
scrupulous,10,9-12,advanced_9_to_12,6800,504,false,adj,tier3_bnc_coca+bnc_coca_band_7k+grade_estimate_10+general_or_nonacademic,advanced,advanced,1.627,9.169,30.998,advanced_seed,advanced_9_to_12.csv
infuriate,10,9-12,advanced_9_to_12,6463,503,false,v,tier3_bnc_coca+bnc_coca_band_7k+grade_estimate_10+general_or_nonacademic,advanced,advanced,1.626,9.168,30.997,advanced_seed,advanced_9_to_12.csv
homosexual,9,9-12,advanced_9_to_12,3474,1902,false,adj,tier3_bnc_coca+bnc_coca_band_4k+grade_estimate_9+general_or_nonacademic,advanced,advanced,1.969,11.125,30.997,advanced_seed,advanced_9_to_12.csv
undergrowth,11,9-12,advanced_9_to_12,8948,359,false,n,tier3_bnc_coca+bnc_coca_band_9k+grade_estimate_11+general_or_nonacademic,advanced,advanced,1.54,8.554,30.997,advanced_seed,advanced_9_to_12.csv
conciliate,10,9-12,advanced_9_to_12,6173,499,false,v,tier3_bnc_coca+bnc_coca_band_7k+grade_estimate_10+general_or_nonacademic,advanced,advanced,1.624,9.165,30.995,advanced_seed,advanced_9_to_12.csv
ingenious,10,9-12,advanced_9_to_12,6464,499,false,adj,tier3_bnc_coca+bnc_coca_band_7k+grade_estimate_10+general_or_nonacademic,advanced,advanced,1.624,9.165,30.995,advanced_seed,advanced_9_to_12.csv
repatriate,10,9-12,advanced_9_to_12,6748,497,false,v,tier3_bnc_coca+bnc_coca_band_7k+grade_estimate_10+general_or_nonacademic,advanced,advanced,1.623,9.164,30.994,advanced_seed,advanced_9_to_12.csv
cupboard,9,9-12,advanced_9_to_12,4212,1871,false,n,tier3_bnc_coca+bnc_coca_band_5k+grade_estimate_9+general_or_nonacademic,advanced,advanced,1.965,11.12,30.992,advanced_seed,advanced_9_to_12.csv
champagne,9,9-12,advanced_9_to_12,3155,1870,false,n,tier3_bnc_coca+bnc_coca_band_4k+grade_estimate_9+general_or_nonacademic,advanced,advanced,1.964,11.119,30.992,advanced_seed,advanced_9_to_12.csv
outstretched,10,9-12,advanced_9_to_12,6601,352,false,n,tier3_bnc_coca+bnc_coca_band_7k+grade_estimate_10+general_or_nonacademic,advanced,advanced,1.535,8.547,30.991,advanced_seed,advanced_9_to_12.csv
postulate,10,9-12,advanced_9_to_12,6673,492,false,v,tier3_bnc_coca+bnc_coca_band_7k+grade_estimate_10+general_or_nonacademic,advanced,advanced,1.62,9.161,30.99,advanced_seed,advanced_9_to_12.csv
reverend,10,9-12,advanced_9_to_12,5785,1861,false,n,tier3_bnc_coca+bnc_coca_band_6k+grade_estimate_10+general_or_nonacademic,advanced,advanced,1.963,11.118,30.99,advanced_seed,advanced_9_to_12.csv
supernatural,10,9-12,advanced_9_to_12,6869,350,false,adj,tier3_bnc_coca+bnc_coca_band_7k+grade_estimate_10+general_or_nonacademic,advanced,advanced,1.534,8.545,30.989,advanced_seed,advanced_9_to_12.csv
sentencing,9,9-12,advanced_9_to_12,3803,1854,false,n,tier3_bnc_coca+bnc_coca_band_4k+grade_estimate_9+general_or_nonacademic,advanced,advanced,1.962,11.116,30.989,advanced_seed,advanced_9_to_12.csv
mantelpiece,11,9-12,advanced_9_to_12,7525,349,false,n,tier3_bnc_coca+bnc_coca_band_8k+grade_estimate_11+general_or_nonacademic,advanced,advanced,1.533,8.544,30.989,advanced_seed,advanced_9_to_12.csv
permissible,11,9-12,advanced_9_to_12,7655,346,false,adj,tier3_bnc_coca+bnc_coca_band_8k+grade_estimate_11+general_or_nonacademic,advanced,advanced,1.531,8.541,30.986,advanced_seed,advanced_9_to_12.csv
splendid,9,9-12,advanced_9_to_12,4830,1831,false,adj,tier3_bnc_coca+bnc_coca_band_5k+grade_estimate_9+general_or_nonacademic,advanced,advanced,1.959,11.112,30.986,advanced_seed,advanced_9_to_12.csv
literacy,9,9-12,advanced_9_to_12,3569,1828,false,n,tier3_bnc_coca+bnc_coca_band_4k+grade_estimate_9+general_or_nonacademic,advanced,advanced,1.959,11.111,30.985,advanced_seed,advanced_9_to_12.csv
compulsory,10,9-12,advanced_9_to_12,5190,1825,false,n,tier3_bnc_coca+bnc_coca_band_6k+grade_estimate_10+general_or_nonacademic,advanced,advanced,1.958,11.111,30.985,advanced_seed,advanced_9_to_12.csv
appraise,9,9-12,advanced_9_to_12,3044,1819,false,v,tier3_bnc_coca+bnc_coca_band_4k+grade_estimate_9+general_or_nonacademic,advanced,advanced,1.957,11.11,30.984,advanced_seed,advanced_9_to_12.csv
eligible,9,9-12,advanced_9_to_12,3330,1813,false,adj,tier3_bnc_coca+bnc_coca_band_4k+grade_estimate_9+general_or_nonacademic,advanced,advanced,1.956,11.109,30.983,advanced_seed,advanced_9_to_12.csv
coherence,10,9-12,advanced_9_to_12,6162,477,false,n,tier3_bnc_coca+bnc_coca_band_7k+grade_estimate_10+general_or_nonacademic,advanced,advanced,1.613,9.15,30.981,advanced_seed,advanced_9_to_12.csv
repetitive,10,9-12,advanced_9_to_12,6751,477,false,adj,tier3_bnc_coca+bnc_coca_band_7k+grade_estimate_10+general_or_nonacademic,advanced,advanced,1.613,9.15,30.981,advanced_seed,advanced_9_to_12.csv
electromagnetic,10,9-12,advanced_9_to_12,6281,337,false,adj,tier3_bnc_coca+bnc_coca_band_7k+grade_estimate_10+general_or_nonacademic,advanced,advanced,1.524,8.532,30.978,advanced_seed,advanced_9_to_12.csv
linguist,11,9-12,advanced_9_to_12,7500,472,false,n,tier3_bnc_coca+bnc_coca_band_8k+grade_estimate_11+general_or_nonacademic,advanced,advanced,1.61,9.146,30.978,advanced_seed,advanced_9_to_12.csv
cohesion,10,9-12,advanced_9_to_12,6163,471,false,n,tier3_bnc_coca+bnc_coca_band_7k+grade_estimate_10+general_or_nonacademic,advanced,advanced,1.609,9.146,30.978,advanced_seed,advanced_9_to_12.csv
instigate,10,9-12,advanced_9_to_12,6471,471,false,v,tier3_bnc_coca+bnc_coca_band_7k+grade_estimate_10+general_or_nonacademic,advanced,advanced,1.609,9.146,30.978,advanced_seed,advanced_9_to_12.csv
reconcile,9,9-12,advanced_9_to_12,3746,1774,false,n,tier3_bnc_coca+bnc_coca_band_4k+grade_estimate_9+general_or_nonacademic,advanced,advanced,1.951,11.101,30.976,advanced_seed,advanced_9_to_12.csv
handsome,9,9-12,advanced_9_to_12,3458,1768,false,adj,tier3_bnc_coca+bnc_coca_band_4k+grade_estimate_9+general_or_nonacademic,advanced,advanced,1.95,11.1,30.975,advanced_seed,advanced_9_to_12.csv
terrestrial,10,9-12,advanced_9_to_12,6903,333,false,adj,tier3_bnc_coca+bnc_coca_band_7k+grade_estimate_10+general_or_nonacademic,advanced,advanced,1.521,8.528,30.975,advanced_seed,advanced_9_to_12.csv
surrender,9,9-12,advanced_9_to_12,3894,1762,false,v,tier3_bnc_coca+bnc_coca_band_4k+grade_estimate_9+general_or_nonacademic,advanced,advanced,1.949,11.099,30.974,advanced_seed,advanced_9_to_12.csv
pathological,11,9-12,advanced_9_to_12,7638,332,false,adj,tier3_bnc_coca+bnc_coca_band_8k+grade_estimate_11+general_or_nonacademic,advanced,advanced,1.52,8.527,30.974,advanced_seed,advanced_9_to_12.csv
reconstitute,11,9-12,advanced_9_to_12,7736,332,false,n,tier3_bnc_coca+bnc_coca_band_8k+grade_estimate_11+general_or_nonacademic,advanced,advanced,1.52,8.527,30.974,advanced_seed,advanced_9_to_12.csv
sterling,9,9-12,advanced_9_to_12,4844,1760,false,n,tier3_bnc_coca+bnc_coca_band_5k+grade_estimate_9+general_or_nonacademic,advanced,advanced,1.949,11.098,30.974,advanced_seed,advanced_9_to_12.csv
negligent,9,9-12,advanced_9_to_12,4565,1759,false,adj,tier3_bnc_coca+bnc_coca_band_5k+grade_estimate_9+general_or_nonacademic,advanced,advanced,1.949,11.098,30.973,advanced_seed,advanced_9_to_12.csv
nightmare,9,9-12,advanced_9_to_12,3626,1757,false,n,tier3_bnc_coca+bnc_coca_band_4k+grade_estimate_9+general_or_nonacademic,advanced,advanced,1.948,11.098,30.973,advanced_seed,advanced_9_to_12.csv
highland,9,9-12,advanced_9_to_12,4408,1756,false,n,tier3_bnc_coca+bnc_coca_band_5k+grade_estimate_9+general_or_nonacademic,advanced,advanced,1.948,11.098,30.973,advanced_seed,advanced_9_to_12.csv
nonsense,9,9-12,advanced_9_to_12,3629,1755,false,n,tier3_bnc_coca+bnc_coca_band_4k+grade_estimate_9+general_or_nonacademic,advanced,advanced,1.948,11.097,30.973,advanced_seed,advanced_9_to_12.csv
desolate,10,9-12,advanced_9_to_12,6235,463,false,adj,tier3_bnc_coca+bnc_coca_band_7k+grade_estimate_10+general_or_nonacademic,advanced,advanced,1.605,9.14,30.972,advanced_seed,advanced_9_to_12.csv
haemoglobin,12,9-12,advanced_9_to_12,9405,330,false,n,tier3_bnc_coca+bnc_coca_band_10k+grade_estimate_12+general_or_nonacademic,advanced,advanced,1.519,8.525,30.972,advanced_seed,advanced_9_to_12.csv
template,10,9-12,advanced_9_to_12,6897,462,false,v,tier3_bnc_coca+bnc_coca_band_7k+grade_estimate_10+general_or_nonacademic,advanced,advanced,1.604,9.139,30.972,advanced_seed,advanced_9_to_12.csv
consequential,11,9-12,advanced_9_to_12,7207,329,false,adj,tier3_bnc_coca+bnc_coca_band_8k+grade_estimate_11+general_or_nonacademic,advanced,advanced,1.518,8.524,30.971,advanced_seed,advanced_9_to_12.csv
hydrocarbon,11,9-12,advanced_9_to_12,7424,329,false,n,tier3_bnc_coca+bnc_coca_band_8k+grade_estimate_11+general_or_nonacademic,advanced,advanced,1.518,8.524,30.971,advanced_seed,advanced_9_to_12.csv
casualty,9,9-12,advanced_9_to_12,3143,1737,false,n,tier3_bnc_coca+bnc_coca_band_4k+grade_estimate_9+general_or_nonacademic,advanced,advanced,1.945,11.094,30.97,advanced_seed,advanced_9_to_12.csv
prestige,9,9-12,advanced_9_to_12,3721,1723,false,n,tier3_bnc_coca+bnc_coca_band_4k+grade_estimate_9+general_or_nonacademic,advanced,advanced,1.943,11.091,30.967,advanced_seed,advanced_9_to_12.csv
personalise,10,9-12,advanced_9_to_12,6638,324,false,v,tier3_bnc_coca+bnc_coca_band_7k+grade_estimate_10+general_or_nonacademic,advanced,advanced,1.514,8.519,30.967,advanced_seed,advanced_9_to_12.csv
inherent,9,9-12,advanced_9_to_12,3513,1719,false,adj,tier3_bnc_coca+bnc_coca_band_4k+grade_estimate_9+general_or_nonacademic,advanced,advanced,1.943,11.09,30.966,advanced_seed,advanced_9_to_12.csv
temperate,10,9-12,advanced_9_to_12,6895,449,false,adj,tier3_bnc_coca+bnc_coca_band_7k+grade_estimate_10+general_or_nonacademic,advanced,advanced,1.597,9.129,30.963,advanced_seed,advanced_9_to_12.csv
bourgeois,9,9-12,advanced_9_to_12,4093,1699,false,n,tier3_bnc_coca+bnc_coca_band_5k+grade_estimate_9+general_or_nonacademic,advanced,advanced,1.94,11.086,30.963,advanced_seed,advanced_9_to_12.csv
cosmopolitan,10,9-12,advanced_9_to_12,6192,319,false,n,tier3_bnc_coca+bnc_coca_band_7k+grade_estimate_10+general_or_nonacademic,advanced,advanced,1.51,8.514,30.962,advanced_seed,advanced_9_to_12.csv
applicable,9,9-12,advanced_9_to_12,3042,1693,false,adj,tier3_bnc_coca+bnc_coca_band_4k+grade_estimate_9+general_or_nonacademic,advanced,advanced,1.939,11.085,30.962,advanced_seed,advanced_9_to_12.csv
contempt,9,9-12,advanced_9_to_12,3218,1689,false,n,tier3_bnc_coca+bnc_coca_band_4k+grade_estimate_9+general_or_nonacademic,advanced,advanced,1.938,11.084,30.961,advanced_seed,advanced_9_to_12.csv
abnormal,9,9-12,advanced_9_to_12,3001,1681,false,adj,tier3_bnc_coca+bnc_coca_band_4k+grade_estimate_9+general_or_nonacademic,advanced,advanced,1.937,11.083,30.96,advanced_seed,advanced_9_to_12.csv
malicious,10,9-12,advanced_9_to_12,6513,442,false,adj,tier3_bnc_coca+bnc_coca_band_7k+grade_estimate_10+general_or_nonacademic,advanced,advanced,1.593,9.124,30.959,advanced_seed,advanced_9_to_12.csv
strenuous,10,9-12,advanced_9_to_12,6854,437,false,adj,tier3_bnc_coca+bnc_coca_band_7k+grade_estimate_10+general_or_nonacademic,advanced,advanced,1.59,9.12,30.955,advanced_seed,advanced_9_to_12.csv
innumerable,11,9-12,advanced_9_to_12,7442,311,false,adj,tier3_bnc_coca+bnc_coca_band_8k+grade_estimate_11+general_or_nonacademic,advanced,advanced,1.504,8.505,30.955,advanced_seed,advanced_9_to_12.csv
categorical,10,9-12,advanced_9_to_12,6135,310,false,adj,tier3_bnc_coca+bnc_coca_band_7k+grade_estimate_10+general_or_nonacademic,advanced,advanced,1.503,8.504,30.954,advanced_seed,advanced_9_to_12.csv
abbreviate,10,9-12,advanced_9_to_12,6003,434,false,v,tier3_bnc_coca+bnc_coca_band_7k+grade_estimate_10+general_or_nonacademic,advanced,advanced,1.588,9.118,30.953,advanced_seed,advanced_9_to_12.csv
dissociate,11,9-12,advanced_9_to_12,7270,434,false,v,tier3_bnc_coca+bnc_coca_band_8k+grade_estimate_11+general_or_nonacademic,advanced,advanced,1.588,9.118,30.953,advanced_seed,advanced_9_to_12.csv
rehearse,9,9-12,advanced_9_to_12,3755,1645,false,n,tier3_bnc_coca+bnc_coca_band_4k+grade_estimate_9+general_or_nonacademic,advanced,advanced,1.931,11.075,30.953,advanced_seed,advanced_9_to_12.csv
covenant,9,9-12,advanced_9_to_12,4195,1645,false,v,tier3_bnc_coca+bnc_coca_band_5k+grade_estimate_9+general_or_nonacademic,advanced,advanced,1.931,11.075,30.953,advanced_seed,advanced_9_to_12.csv
existential,10,9-12,advanced_9_to_12,6312,308,false,adj,tier3_bnc_coca+bnc_coca_band_7k+grade_estimate_10+general_or_nonacademic,advanced,advanced,1.501,8.502,30.952,advanced_seed,advanced_9_to_12.csv
multilateral,10,9-12,advanced_9_to_12,6556,307,false,adj,tier3_bnc_coca+bnc_coca_band_7k+grade_estimate_10+general_or_nonacademic,advanced,advanced,1.501,8.501,30.951,advanced_seed,advanced_9_to_12.csv
apprentice,9,9-12,advanced_9_to_12,4046,1631,false,n,tier3_bnc_coca+bnc_coca_band_5k+grade_estimate_9+general_or_nonacademic,advanced,advanced,1.929,11.072,30.951,advanced_seed,advanced_9_to_12.csv
embankment,11,9-12,advanced_9_to_12,7298,430,false,n,tier3_bnc_coca+bnc_coca_band_8k+grade_estimate_11+general_or_nonacademic,advanced,advanced,1.586,9.115,30.95,advanced_seed,advanced_9_to_12.csv
repudiate,10,9-12,advanced_9_to_12,6756,429,false,v,tier3_bnc_coca+bnc_coca_band_7k+grade_estimate_10+general_or_nonacademic,advanced,advanced,1.585,9.114,30.95,advanced_seed,advanced_9_to_12.csv
configure,9,9-12,advanced_9_to_12,3205,1624,false,n,tier3_bnc_coca+bnc_coca_band_4k+grade_estimate_9+general_or_nonacademic,advanced,advanced,1.928,11.071,30.949,advanced_seed,advanced_9_to_12.csv
expulsion,10,9-12,advanced_9_to_12,6317,428,false,n,tier3_bnc_coca+bnc_coca_band_7k+grade_estimate_10+general_or_nonacademic,advanced,advanced,1.585,9.113,30.949,advanced_seed,advanced_9_to_12.csv
bureaucrat,9,9-12,advanced_9_to_12,3125,1619,false,n,tier3_bnc_coca+bnc_coca_band_4k+grade_estimate_9+general_or_nonacademic,advanced,advanced,1.927,11.07,30.948,advanced_seed,advanced_9_to_12.csv
despatch,9,9-12,advanced_9_to_12,3267,1612,false,v,tier3_bnc_coca+bnc_coca_band_4k+grade_estimate_9+general_or_nonacademic,advanced,advanced,1.926,11.068,30.947,advanced_seed,advanced_9_to_12.csv
proprietor,9,9-12,advanced_9_to_12,4676,1609,false,n,tier3_bnc_coca+bnc_coca_band_5k+grade_estimate_9+general_or_nonacademic,advanced,advanced,1.926,11.067,30.946,advanced_seed,advanced_9_to_12.csv
proclaim,9,9-12,advanced_9_to_12,3727,1605,false,v,tier3_bnc_coca+bnc_coca_band_4k+grade_estimate_9+general_or_nonacademic,advanced,advanced,1.925,11.067,30.946,advanced_seed,advanced_9_to_12.csv
adhesive,11,9-12,advanced_9_to_12,7010,423,false,adj,tier3_bnc_coca+bnc_coca_band_8k+grade_estimate_11+general_or_nonacademic,advanced,advanced,1.582,9.109,30.946,advanced_seed,advanced_9_to_12.csv
ontological,11,9-12,advanced_9_to_12,7595,300,false,adj,tier3_bnc_coca+bnc_coca_band_8k+grade_estimate_11+general_or_nonacademic,advanced,advanced,1.495,8.493,30.944,advanced_seed,advanced_9_to_12.csv
diabetes,9,9-12,advanced_9_to_12,3276,1594,false,n,tier3_bnc_coca+bnc_coca_band_4k+grade_estimate_9+general_or_nonacademic,advanced,advanced,1.923,11.064,30.944,advanced_seed,advanced_9_to_12.csv
compulsion,10,9-12,advanced_9_to_12,6171,420,false,n,tier3_bnc_coca+bnc_coca_band_7k+grade_estimate_10+general_or_nonacademic,advanced,advanced,1.58,9.107,30.943,advanced_seed,advanced_9_to_12.csv
minimise,9,9-12,advanced_9_to_12,3603,1586,false,v,tier3_bnc_coca+bnc_coca_band_4k+grade_estimate_9+general_or_nonacademic,advanced,advanced,1.922,11.062,30.942,advanced_seed,advanced_9_to_12.csv
discernible,11,9-12,advanced_9_to_12,7261,297,false,adj,tier3_bnc_coca+bnc_coca_band_8k+grade_estimate_11+general_or_nonacademic,advanced,advanced,1.492,8.49,30.941,advanced_seed,advanced_9_to_12.csv
modulate,10,9-12,advanced_9_to_12,6546,416,false,v,tier3_bnc_coca+bnc_coca_band_7k+grade_estimate_10+general_or_nonacademic,advanced,advanced,1.578,9.104,30.941,advanced_seed,advanced_9_to_12.csv
vehement,10,9-12,advanced_9_to_12,6968,416,false,adj,tier3_bnc_coca+bnc_coca_band_7k+grade_estimate_10+general_or_nonacademic,advanced,advanced,1.578,9.104,30.941,advanced_seed,advanced_9_to_12.csv
inescapable,11,9-12,advanced_9_to_12,7437,294,false,adj,tier3_bnc_coca+bnc_coca_band_8k+grade_estimate_11+general_or_nonacademic,advanced,advanced,1.49,8.486,30.938,advanced_seed,advanced_9_to_12.csv
accentuate,10,9-12,advanced_9_to_12,6005,412,false,v,tier3_bnc_coca+bnc_coca_band_7k+grade_estimate_10+general_or_nonacademic,advanced,advanced,1.575,9.1,30.938,advanced_seed,advanced_9_to_12.csv
vindicate,10,9-12,advanced_9_to_12,6973,412,false,v,tier3_bnc_coca+bnc_coca_band_7k+grade_estimate_10+general_or_nonacademic,advanced,advanced,1.575,9.1,30.938,advanced_seed,advanced_9_to_12.csv
flourish,9,9-12,advanced_9_to_12,3393,1561,false,v,tier3_bnc_coca+bnc_coca_band_4k+grade_estimate_9+general_or_nonacademic,advanced,advanced,1.918,11.057,30.937,advanced_seed,advanced_9_to_12.csv
disobedient,11,9-12,advanced_9_to_12,7268,293,false,adj,tier3_bnc_coca+bnc_coca_band_8k+grade_estimate_11+general_or_nonacademic,advanced,advanced,1.489,8.485,30.937,advanced_seed,advanced_9_to_12.csv
helicopter,9,9-12,advanced_9_to_12,3468,1557,false,v,tier3_bnc_coca+bnc_coca_band_4k+grade_estimate_9+general_or_nonacademic,advanced,advanced,1.917,11.056,30.937,advanced_seed,advanced_9_to_12.csv
antagonist,10,9-12,advanced_9_to_12,6034,410,false,n,tier3_bnc_coca+bnc_coca_band_7k+grade_estimate_10+general_or_nonacademic,advanced,advanced,1.574,9.099,30.936,advanced_seed,advanced_9_to_12.csv
disperse,9,9-12,advanced_9_to_12,3299,1549,false,n,tier3_bnc_coca+bnc_coca_band_4k+grade_estimate_9+general_or_nonacademic,advanced,advanced,1.916,11.054,30.935,advanced_seed,advanced_9_to_12.csv
referendum,9,9-12,advanced_9_to_12,4713,1545,false,n,tier3_bnc_coca+bnc_coca_band_5k+grade_estimate_9+general_or_nonacademic,advanced,advanced,1.915,11.053,30.934,advanced_seed,advanced_9_to_12.csv
psychoanalytic,11,9-12,advanced_9_to_12,7705,290,false,adj,tier3_bnc_coca+bnc_coca_band_8k+grade_estimate_11+general_or_nonacademic,advanced,advanced,1.486,8.482,30.934,advanced_seed,advanced_9_to_12.csv
distract,9,9-12,advanced_9_to_12,3303,1541,false,v,tier3_bnc_coca+bnc_coca_band_4k+grade_estimate_9+general_or_nonacademic,advanced,advanced,1.914,11.052,30.933,advanced_seed,advanced_9_to_12.csv
courteous,11,9-12,advanced_9_to_12,7220,405,false,adj,tier3_bnc_coca+bnc_coca_band_8k+grade_estimate_11+general_or_nonacademic,advanced,advanced,1.571,9.094,30.933,advanced_seed,advanced_9_to_12.csv
dreadful,9,9-12,advanced_9_to_12,4278,1536,false,adj,tier3_bnc_coca+bnc_coca_band_5k+grade_estimate_9+general_or_nonacademic,advanced,advanced,1.914,11.051,30.932,advanced_seed,advanced_9_to_12.csv
constipate,11,9-12,advanced_9_to_12,8180,402,false,v,tier3_bnc_coca+bnc_coca_band_9k+grade_estimate_11+general_or_nonacademic,advanced,advanced,1.569,9.092,30.93,advanced_seed,advanced_9_to_12.csv
transcript,9,9-12,advanced_9_to_12,3935,1525,false,n,tier3_bnc_coca+bnc_coca_band_4k+grade_estimate_9+general_or_nonacademic,advanced,advanced,1.912,11.049,30.93,advanced_seed,advanced_9_to_12.csv
shepherd,9,9-12,advanced_9_to_12,4777,1520,false,v,tier3_bnc_coca+bnc_coca_band_5k+grade_estimate_9+general_or_nonacademic,advanced,advanced,1.911,11.048,30.929,advanced_seed,advanced_9_to_12.csv
periphery,9,9-12,advanced_9_to_12,3684,1519,false,n,tier3_bnc_coca+bnc_coca_band_4k+grade_estimate_9+general_or_nonacademic,advanced,advanced,1.911,11.048,30.929,advanced_seed,advanced_9_to_12.csv
ferocious,10,9-12,advanced_9_to_12,6330,400,false,adj,tier3_bnc_coca+bnc_coca_band_7k+grade_estimate_10+general_or_nonacademic,advanced,advanced,1.568,9.09,30.929,advanced_seed,advanced_9_to_12.csv
prevalent,9,9-12,advanced_9_to_12,3723,1512,false,adj,tier3_bnc_coca+bnc_coca_band_4k+grade_estimate_9+general_or_nonacademic,advanced,advanced,1.909,11.046,30.928,advanced_seed,advanced_9_to_12.csv
elongate,10,9-12,advanced_9_to_12,6283,395,false,v,tier3_bnc_coca+bnc_coca_band_7k+grade_estimate_10+general_or_nonacademic,advanced,advanced,1.564,9.086,30.925,advanced_seed,advanced_9_to_12.csv
ordnance,11,9-12,advanced_9_to_12,8622,395,false,n,tier3_bnc_coca+bnc_coca_band_9k+grade_estimate_11+general_or_nonacademic,advanced,advanced,1.564,9.086,30.925,advanced_seed,advanced_9_to_12.csv
postpone,9,9-12,advanced_9_to_12,3707,1494,false,n,tier3_bnc_coca+bnc_coca_band_4k+grade_estimate_9+general_or_nonacademic,advanced,advanced,1.906,11.042,30.924,advanced_seed,advanced_9_to_12.csv
credible,9,9-12,advanced_9_to_12,3234,1485,false,adj,tier3_bnc_coca+bnc_coca_band_4k+grade_estimate_9+general_or_nonacademic,advanced,advanced,1.905,11.04,30.922,advanced_seed,advanced_9_to_12.csv
enterprising,11,9-12,advanced_9_to_12,8299,278,false,adj,tier3_bnc_coca+bnc_coca_band_9k+grade_estimate_11+general_or_nonacademic,advanced,advanced,1.476,8.468,30.922,advanced_seed,advanced_9_to_12.csv
warehouse,9,9-12,advanced_9_to_12,3986,1479,false,n,tier3_bnc_coca+bnc_coca_band_4k+grade_estimate_9+general_or_nonacademic,advanced,advanced,1.904,11.038,30.921,advanced_seed,advanced_9_to_12.csv
idiosyncratic,11,9-12,advanced_9_to_12,7426,277,false,adj,tier3_bnc_coca+bnc_coca_band_8k+grade_estimate_11+general_or_nonacademic,advanced,advanced,1.475,8.466,30.921,advanced_seed,advanced_9_to_12.csv
crystalline,11,9-12,advanced_9_to_12,8213,277,false,n,tier3_bnc_coca+bnc_coca_band_9k+grade_estimate_11+general_or_nonacademic,advanced,advanced,1.475,8.466,30.921,advanced_seed,advanced_9_to_12.csv
disguise,9,9-12,advanced_9_to_12,3298,1476,false,v,tier3_bnc_coca+bnc_coca_band_4k+grade_estimate_9+general_or_nonacademic,advanced,advanced,1.903,11.038,30.92,advanced_seed,advanced_9_to_12.csv
preoccupy,9,9-12,advanced_9_to_12,3717,1475,false,v,tier3_bnc_coca+bnc_coca_band_4k+grade_estimate_9+general_or_nonacademic,advanced,advanced,1.903,11.037,30.92,advanced_seed,advanced_9_to_12.csv
vengeance,10,9-12,advanced_9_to_12,6970,388,false,n,tier3_bnc_coca+bnc_coca_band_7k+grade_estimate_10+general_or_nonacademic,advanced,advanced,1.56,9.08,30.92,advanced_seed,advanced_9_to_12.csv
dissipate,10,9-12,advanced_9_to_12,6254,386,false,v,tier3_bnc_coca+bnc_coca_band_7k+grade_estimate_10+general_or_nonacademic,advanced,advanced,1.559,9.078,30.918,advanced_seed,advanced_9_to_12.csv
abundant,9,9-12,advanced_9_to_12,3006,1465,false,adj,tier3_bnc_coca+bnc_coca_band_4k+grade_estimate_9+general_or_nonacademic,advanced,advanced,1.901,11.035,30.918,advanced_seed,advanced_9_to_12.csv
subjected,9,9-12,advanced_9_to_12,3880,1462,false,n,tier3_bnc_coca+bnc_coca_band_4k+grade_estimate_9+general_or_nonacademic,advanced,advanced,1.901,11.034,30.918,advanced_seed,advanced_9_to_12.csv
stratosphere,12,9-12,advanced_9_to_12,9860,274,false,n,tier3_bnc_coca+bnc_coca_band_10k+grade_estimate_12+general_or_nonacademic,advanced,advanced,1.472,8.463,30.917,advanced_seed,advanced_9_to_12.csv
beneficial,9,9-12,advanced_9_to_12,3089,1460,false,adj,tier3_bnc_coca+bnc_coca_band_4k+grade_estimate_9+general_or_nonacademic,advanced,advanced,1.9,11.034,30.917,advanced_seed,advanced_9_to_12.csv
suffocate,10,9-12,advanced_9_to_12,6868,384,false,v,tier3_bnc_coca+bnc_coca_band_7k+grade_estimate_10+general_or_nonacademic,advanced,advanced,1.557,9.076,30.917,advanced_seed,advanced_9_to_12.csv
worthwhile,9,9-12,advanced_9_to_12,4995,1456,false,n,tier3_bnc_coca+bnc_coca_band_5k+grade_estimate_9+general_or_nonacademic,advanced,advanced,1.9,11.033,30.916,advanced_seed,advanced_9_to_12.csv
dislocate,10,9-12,advanced_9_to_12,6248,383,false,v,tier3_bnc_coca+bnc_coca_band_7k+grade_estimate_10+general_or_nonacademic,advanced,advanced,1.557,9.076,30.916,advanced_seed,advanced_9_to_12.csv
ambience,10,9-12,advanced_9_to_12,6023,381,false,n,tier3_bnc_coca+bnc_coca_band_7k+grade_estimate_10+general_or_nonacademic,advanced,advanced,1.555,9.074,30.915,advanced_seed,advanced_9_to_12.csv
astronomical,10,9-12,advanced_9_to_12,6057,271,false,adj,tier3_bnc_coca+bnc_coca_band_7k+grade_estimate_10+general_or_nonacademic,advanced,advanced,1.469,8.459,30.914,advanced_seed,advanced_9_to_12.csv
miserable,9,9-12,advanced_9_to_12,3605,1443,false,adj,tier3_bnc_coca+bnc_coca_band_4k+grade_estimate_9+general_or_nonacademic,advanced,advanced,1.897,11.03,30.914,advanced_seed,advanced_9_to_12.csv
ambassador,9,9-12,advanced_9_to_12,3028,1441,false,n,tier3_bnc_coca+bnc_coca_band_4k+grade_estimate_9+general_or_nonacademic,advanced,advanced,1.897,11.029,30.913,advanced_seed,advanced_9_to_12.csv
parishioner,10,9-12,advanced_9_to_12,6618,270,false,n,tier3_bnc_coca+bnc_coca_band_7k+grade_estimate_10+general_or_nonacademic,advanced,advanced,1.468,8.458,30.913,advanced_seed,advanced_9_to_12.csv
scrutiny,9,9-12,advanced_9_to_12,3797,1439,false,n,tier3_bnc_coca+bnc_coca_band_4k+grade_estimate_9+general_or_nonacademic,advanced,advanced,1.897,11.029,30.913,advanced_seed,advanced_9_to_12.csv
thereafter,9,9-12,advanced_9_to_12,4896,1438,false,n,tier3_bnc_coca+bnc_coca_band_5k+grade_estimate_9+general_or_nonacademic,advanced,advanced,1.896,11.029,30.913,advanced_seed,advanced_9_to_12.csv
menstruate,10,9-12,advanced_9_to_12,6532,378,false,v,tier3_bnc_coca+bnc_coca_band_7k+grade_estimate_10+general_or_nonacademic,advanced,advanced,1.553,9.071,30.912,advanced_seed,advanced_9_to_12.csv
expatriate,11,9-12,advanced_9_to_12,7323,378,false,v,tier3_bnc_coca+bnc_coca_band_8k+grade_estimate_11+general_or_nonacademic,advanced,advanced,1.553,9.071,30.912,advanced_seed,advanced_9_to_12.csv
authentic,9,9-12,advanced_9_to_12,3064,1436,false,adj,tier3_bnc_coca+bnc_coca_band_4k+grade_estimate_9+general_or_nonacademic,advanced,advanced,1.896,11.028,30.912,advanced_seed,advanced_9_to_12.csv
incidental,9,9-12,advanced_9_to_12,4432,1431,false,adj,tier3_bnc_coca+bnc_coca_band_5k+grade_estimate_9+general_or_nonacademic,advanced,advanced,1.895,11.027,30.911,advanced_seed,advanced_9_to_12.csv
contingent,9,9-12,advanced_9_to_12,3219,1430,false,adj,tier3_bnc_coca+bnc_coca_band_4k+grade_estimate_9+general_or_nonacademic,advanced,advanced,1.895,11.027,30.911,advanced_seed,advanced_9_to_12.csv
squadron,10,9-12,advanced_9_to_12,5867,1429,false,n,tier3_bnc_coca+bnc_coca_band_6k+grade_estimate_10+general_or_nonacademic,advanced,advanced,1.895,11.026,30.911,advanced_seed,advanced_9_to_12.csv
pacifist,11,9-12,advanced_9_to_12,7619,376,false,n,tier3_bnc_coca+bnc_coca_band_8k+grade_estimate_11+general_or_nonacademic,advanced,advanced,1.552,9.069,30.911,advanced_seed,advanced_9_to_12.csv
remission,11,9-12,advanced_9_to_12,7742,375,false,n,tier3_bnc_coca+bnc_coca_band_8k+grade_estimate_11+general_or_nonacademic,advanced,advanced,1.551,9.068,30.91,advanced_seed,advanced_9_to_12.csv
maximise,9,9-12,advanced_9_to_12,3587,1425,false,v,tier3_bnc_coca+bnc_coca_band_4k+grade_estimate_9+general_or_nonacademic,advanced,advanced,1.894,11.025,30.91,advanced_seed,advanced_9_to_12.csv
orthodox,9,9-12,advanced_9_to_12,3654,1424,false,n,tier3_bnc_coca+bnc_coca_band_4k+grade_estimate_9+general_or_nonacademic,advanced,advanced,1.894,11.025,30.91,advanced_seed,advanced_9_to_12.csv
formative,10,9-12,advanced_9_to_12,6348,374,false,adj,tier3_bnc_coca+bnc_coca_band_7k+grade_estimate_10+general_or_nonacademic,advanced,advanced,1.551,9.067,30.909,advanced_seed,advanced_9_to_12.csv
irrevocable,11,9-12,advanced_9_to_12,7456,266,false,adj,tier3_bnc_coca+bnc_coca_band_8k+grade_estimate_11+general_or_nonacademic,advanced,advanced,1.465,8.453,30.909,advanced_seed,advanced_9_to_12.csv
intrigue,9,9-12,advanced_9_to_12,3529,1419,false,n,tier3_bnc_coca+bnc_coca_band_4k+grade_estimate_9+general_or_nonacademic,advanced,advanced,1.893,11.024,30.909,advanced_seed,advanced_9_to_12.csv
subversive,10,9-12,advanced_9_to_12,6866,370,false,adj,tier3_bnc_coca+bnc_coca_band_7k+grade_estimate_10+general_or_nonacademic,advanced,advanced,1.548,9.064,30.906,advanced_seed,advanced_9_to_12.csv
deceptive,10,9-12,advanced_9_to_12,6218,369,false,adj,tier3_bnc_coca+bnc_coca_band_7k+grade_estimate_10+general_or_nonacademic,advanced,advanced,1.547,9.063,30.905,advanced_seed,advanced_9_to_12.csv
wholehearted,11,9-12,advanced_9_to_12,8989,262,false,adj,tier3_bnc_coca+bnc_coca_band_9k+grade_estimate_11+general_or_nonacademic,advanced,advanced,1.461,8.448,30.904,advanced_seed,advanced_9_to_12.csv
assassin,9,9-12,advanced_9_to_12,3057,1394,false,n,tier3_bnc_coca+bnc_coca_band_4k+grade_estimate_9+general_or_nonacademic,advanced,advanced,1.888,11.018,30.903,advanced_seed,advanced_9_to_12.csv
spectacle,9,9-12,advanced_9_to_12,3840,1393,false,n,tier3_bnc_coca+bnc_coca_band_4k+grade_estimate_9+general_or_nonacademic,advanced,advanced,1.888,11.018,30.903,advanced_seed,advanced_9_to_12.csv
meantime,9,9-12,advanced_9_to_12,3588,1389,false,n,tier3_bnc_coca+bnc_coca_band_4k+grade_estimate_9+general_or_nonacademic,advanced,advanced,1.887,11.017,30.902,advanced_seed,advanced_9_to_12.csv
brilliance,10,9-12,advanced_9_to_12,6107,365,false,n,tier3_bnc_coca+bnc_coca_band_7k+grade_estimate_10+general_or_nonacademic,advanced,advanced,1.544,9.059,30.902,advanced_seed,advanced_9_to_12.csv
readership,11,9-12,advanced_9_to_12,7729,365,false,n,tier3_bnc_coca+bnc_coca_band_8k+grade_estimate_11+general_or_nonacademic,advanced,advanced,1.544,9.059,30.902,advanced_seed,advanced_9_to_12.csv
intelligentsia,11,9-12,advanced_9_to_12,8473,259,false,n,tier3_bnc_coca+bnc_coca_band_9k+grade_estimate_11+general_or_nonacademic,advanced,advanced,1.458,8.444,30.901,advanced_seed,advanced_9_to_12.csv
compress,9,9-12,advanced_9_to_12,3199,1383,false,v,tier3_bnc_coca+bnc_coca_band_4k+grade_estimate_9+general_or_nonacademic,advanced,advanced,1.886,11.015,30.901,advanced_seed,advanced_9_to_12.csv
obstacle,9,9-12,advanced_9_to_12,3639,1375,false,n,tier3_bnc_coca+bnc_coca_band_4k+grade_estimate_9+general_or_nonacademic,advanced,advanced,1.885,11.013,30.899,advanced_seed,advanced_9_to_12.csv
frontier,9,9-12,advanced_9_to_12,3414,1372,false,n,tier3_bnc_coca+bnc_coca_band_4k+grade_estimate_9+general_or_nonacademic,advanced,advanced,1.884,11.012,30.898,advanced_seed,advanced_9_to_12.csv
ubiquitous,12,9-12,advanced_9_to_12,9936,360,false,adj,tier3_bnc_coca+bnc_coca_band_10k+grade_estimate_12+general_or_nonacademic,advanced,advanced,1.541,9.055,30.898,advanced_seed,advanced_9_to_12.csv
franchise,9,9-12,advanced_9_to_12,3411,1369,false,v,tier3_bnc_coca+bnc_coca_band_4k+grade_estimate_9+general_or_nonacademic,advanced,advanced,1.884,11.012,30.898,advanced_seed,advanced_9_to_12.csv
displace,9,9-12,advanced_9_to_12,3300,1365,false,n,tier3_bnc_coca+bnc_coca_band_4k+grade_estimate_9+general_or_nonacademic,advanced,advanced,1.883,11.011,30.897,advanced_seed,advanced_9_to_12.csv
guerilla,9,9-12,advanced_9_to_12,3452,1353,false,n,tier3_bnc_coca+bnc_coca_band_4k+grade_estimate_9+general_or_nonacademic,advanced,advanced,1.881,11.008,30.894,advanced_seed,advanced_9_to_12.csv
feasible,9,9-12,advanced_9_to_12,4339,1351,false,adj,tier3_bnc_coca+bnc_coca_band_5k+grade_estimate_9+general_or_nonacademic,advanced,advanced,1.88,11.007,30.894,advanced_seed,advanced_9_to_12.csv
predetermine,11,9-12,advanced_9_to_12,7690,252,false,n,tier3_bnc_coca+bnc_coca_band_8k+grade_estimate_11+general_or_nonacademic,advanced,advanced,1.451,8.435,30.893,advanced_seed,advanced_9_to_12.csv
prospecting,11,9-12,advanced_9_to_12,8704,252,false,n,tier3_bnc_coca+bnc_coca_band_9k+grade_estimate_11+general_or_nonacademic,advanced,advanced,1.451,8.435,30.893,advanced_seed,advanced_9_to_12.csv
exposition,10,9-12,advanced_9_to_12,6316,354,false,n,tier3_bnc_coca+bnc_coca_band_7k+grade_estimate_10+general_or_nonacademic,advanced,advanced,1.537,9.049,30.893,advanced_seed,advanced_9_to_12.csv
deconstruct,10,9-12,advanced_9_to_12,6222,249,false,v,tier3_bnc_coca+bnc_coca_band_7k+grade_estimate_10+general_or_nonacademic,advanced,advanced,1.448,8.431,30.889,advanced_seed,advanced_9_to_12.csv
intersperse,11,9-12,advanced_9_to_12,8477,249,false,n,tier3_bnc_coca+bnc_coca_band_9k+grade_estimate_11+general_or_nonacademic,advanced,advanced,1.448,8.431,30.889,advanced_seed,advanced_9_to_12.csv
mutilate,10,9-12,advanced_9_to_12,6560,348,false,v,tier3_bnc_coca+bnc_coca_band_7k+grade_estimate_10+general_or_nonacademic,advanced,advanced,1.532,9.043,30.888,advanced_seed,advanced_9_to_12.csv
endeavour,9,9-12,advanced_9_to_12,3337,1316,false,v,tier3_bnc_coca+bnc_coca_band_4k+grade_estimate_9+general_or_nonacademic,advanced,advanced,1.874,10.998,30.886,advanced_seed,advanced_9_to_12.csv
brochure,9,9-12,advanced_9_to_12,4102,1316,false,n,tier3_bnc_coca+bnc_coca_band_5k+grade_estimate_9+general_or_nonacademic,advanced,advanced,1.874,10.998,30.886,advanced_seed,advanced_9_to_12.csv
acquaint,9,9-12,advanced_9_to_12,3010,1314,false,v,tier3_bnc_coca+bnc_coca_band_4k+grade_estimate_9+general_or_nonacademic,advanced,advanced,1.873,10.998,30.885,advanced_seed,advanced_9_to_12.csv
ingenuity,11,9-12,advanced_9_to_12,7441,345,false,n,tier3_bnc_coca+bnc_coca_band_8k+grade_estimate_11+general_or_nonacademic,advanced,advanced,1.53,9.04,30.885,advanced_seed,advanced_9_to_12.csv
discourage,9,9-12,advanced_9_to_12,3297,1313,false,n,tier3_bnc_coca+bnc_coca_band_4k+grade_estimate_9+general_or_nonacademic,advanced,advanced,1.873,10.997,30.885,advanced_seed,advanced_9_to_12.csv
atrocity,10,9-12,advanced_9_to_12,6061,343,false,n,tier3_bnc_coca+bnc_coca_band_7k+grade_estimate_10+general_or_nonacademic,advanced,advanced,1.529,9.038,30.883,advanced_seed,advanced_9_to_12.csv
permeate,10,9-12,advanced_9_to_12,6634,342,false,v,tier3_bnc_coca+bnc_coca_band_7k+grade_estimate_10+general_or_nonacademic,advanced,advanced,1.528,9.037,30.883,advanced_seed,advanced_9_to_12.csv
concomitant,11,9-12,advanced_9_to_12,7198,243,false,adj,tier3_bnc_coca+bnc_coca_band_8k+grade_estimate_11+general_or_nonacademic,advanced,advanced,1.442,8.422,30.882,advanced_seed,advanced_9_to_12.csv
belligerent,11,9-12,advanced_9_to_12,7091,242,false,adj,tier3_bnc_coca+bnc_coca_band_8k+grade_estimate_11+general_or_nonacademic,advanced,advanced,1.441,8.421,30.881,advanced_seed,advanced_9_to_12.csv
biochemistry,12,9-12,advanced_9_to_12,9092,242,false,n,tier3_bnc_coca+bnc_coca_band_10k+grade_estimate_12+general_or_nonacademic,advanced,advanced,1.441,8.421,30.881,advanced_seed,advanced_9_to_12.csv
grievous,11,9-12,advanced_9_to_12,8389,339,false,adj,tier3_bnc_coca+bnc_coca_band_9k+grade_estimate_11+general_or_nonacademic,advanced,advanced,1.526,9.034,30.88,advanced_seed,advanced_9_to_12.csv
disinterested,11,9-12,advanced_9_to_12,7266,241,false,adj,tier3_bnc_coca+bnc_coca_band_8k+grade_estimate_11+general_or_nonacademic,advanced,advanced,1.44,8.42,30.88,advanced_seed,advanced_9_to_12.csv
intractable,11,9-12,advanced_9_to_12,7447,241,false,adj,tier3_bnc_coca+bnc_coca_band_8k+grade_estimate_11+general_or_nonacademic,advanced,advanced,1.44,8.42,30.88,advanced_seed,advanced_9_to_12.csv
scramble,9,9-12,advanced_9_to_12,3793,1289,false,n,tier3_bnc_coca+bnc_coca_band_4k+grade_estimate_9+general_or_nonacademic,advanced,advanced,1.868,10.991,30.88,advanced_seed,advanced_9_to_12.csv
propensity,10,9-12,advanced_9_to_12,6699,338,false,n,tier3_bnc_coca+bnc_coca_band_7k+grade_estimate_10+general_or_nonacademic,advanced,advanced,1.525,9.033,30.879,advanced_seed,advanced_9_to_12.csv
consecrate,11,9-12,advanced_9_to_12,7206,338,false,v,tier3_bnc_coca+bnc_coca_band_8k+grade_estimate_11+general_or_nonacademic,advanced,advanced,1.525,9.033,30.879,advanced_seed,advanced_9_to_12.csv
metamorphose,11,9-12,advanced_9_to_12,7543,240,false,n,tier3_bnc_coca+bnc_coca_band_8k+grade_estimate_11+general_or_nonacademic,advanced,advanced,1.439,8.418,30.879,advanced_seed,advanced_9_to_12.csv
philharmonic,11,9-12,advanced_9_to_12,8660,240,false,adj,tier3_bnc_coca+bnc_coca_band_9k+grade_estimate_11+general_or_nonacademic,advanced,advanced,1.439,8.418,30.879,advanced_seed,advanced_9_to_12.csv
interlocutor,12,9-12,advanced_9_to_12,9471,240,false,n,tier3_bnc_coca+bnc_coca_band_10k+grade_estimate_12+general_or_nonacademic,advanced,advanced,1.439,8.418,30.879,advanced_seed,advanced_9_to_12.csv
obliterate,10,9-12,advanced_9_to_12,6585,337,false,v,tier3_bnc_coca+bnc_coca_band_7k+grade_estimate_10+general_or_nonacademic,advanced,advanced,1.524,9.032,30.878,advanced_seed,advanced_9_to_12.csv
horrendous,11,9-12,advanced_9_to_12,7416,337,false,adj,tier3_bnc_coca+bnc_coca_band_8k+grade_estimate_11+general_or_nonacademic,advanced,advanced,1.524,9.032,30.878,advanced_seed,advanced_9_to_12.csv
cardiovascular,10,9-12,advanced_9_to_12,6129,239,false,n,tier3_bnc_coca+bnc_coca_band_7k+grade_estimate_10+general_or_nonacademic,advanced,advanced,1.438,8.417,30.877,advanced_seed,advanced_9_to_12.csv
inextricable,11,9-12,advanced_9_to_12,7438,239,false,adj,tier3_bnc_coca+bnc_coca_band_8k+grade_estimate_11+general_or_nonacademic,advanced,advanced,1.438,8.417,30.877,advanced_seed,advanced_9_to_12.csv
ventricular,12,9-12,advanced_9_to_12,9962,239,false,n,tier3_bnc_coca+bnc_coca_band_10k+grade_estimate_12+general_or_nonacademic,advanced,advanced,1.438,8.417,30.877,advanced_seed,advanced_9_to_12.csv
submarine,9,9-12,advanced_9_to_12,4856,1273,false,n,tier3_bnc_coca+bnc_coca_band_5k+grade_estimate_9+general_or_nonacademic,advanced,advanced,1.865,10.987,30.876,advanced_seed,advanced_9_to_12.csv
permissive,11,9-12,advanced_9_to_12,8650,334,false,adj,tier3_bnc_coca+bnc_coca_band_9k+grade_estimate_11+general_or_nonacademic,advanced,advanced,1.522,9.029,30.876,advanced_seed,advanced_9_to_12.csv
enlighten,9,9-12,advanced_9_to_12,3340,1267,false,v,tier3_bnc_coca+bnc_coca_band_4k+grade_estimate_9+general_or_nonacademic,advanced,advanced,1.864,10.985,30.874,advanced_seed,advanced_9_to_12.csv
combustion,10,9-12,advanced_9_to_12,6167,332,false,n,tier3_bnc_coca+bnc_coca_band_7k+grade_estimate_10+general_or_nonacademic,advanced,advanced,1.52,9.027,30.874,advanced_seed,advanced_9_to_12.csv
oblivious,10,9-12,advanced_9_to_12,6586,332,false,adj,tier3_bnc_coca+bnc_coca_band_7k+grade_estimate_10+general_or_nonacademic,advanced,advanced,1.52,9.027,30.874,advanced_seed,advanced_9_to_12.csv
rudiment,10,9-12,advanced_9_to_12,6776,332,false,n,tier3_bnc_coca+bnc_coca_band_7k+grade_estimate_10+general_or_nonacademic,advanced,advanced,1.52,9.027,30.874,advanced_seed,advanced_9_to_12.csv
transatlantic,11,9-12,advanced_9_to_12,8929,236,false,adj,tier3_bnc_coca+bnc_coca_band_9k+grade_estimate_11+general_or_nonacademic,advanced,advanced,1.435,8.413,30.874,advanced_seed,advanced_9_to_12.csv
infamous,10,9-12,advanced_9_to_12,6460,331,false,adj,tier3_bnc_coca+bnc_coca_band_7k+grade_estimate_10+general_or_nonacademic,advanced,advanced,1.52,9.026,30.873,advanced_seed,advanced_9_to_12.csv
antiquarian,12,9-12,advanced_9_to_12,9037,235,false,n,tier3_bnc_coca+bnc_coca_band_10k+grade_estimate_12+general_or_nonacademic,advanced,advanced,1.433,8.411,30.872,advanced_seed,advanced_9_to_12.csv
propaganda,10,9-12,advanced_9_to_12,5724,1258,false,n,tier3_bnc_coca+bnc_coca_band_6k+grade_estimate_10+general_or_nonacademic,advanced,advanced,1.862,10.982,30.872,advanced_seed,advanced_9_to_12.csv
disclosure,9,9-12,advanced_9_to_12,3296,1257,false,n,tier3_bnc_coca+bnc_coca_band_4k+grade_estimate_9+general_or_nonacademic,advanced,advanced,1.862,10.982,30.872,advanced_seed,advanced_9_to_12.csv
obstruct,9,9-12,advanced_9_to_12,3640,1254,false,v,tier3_bnc_coca+bnc_coca_band_4k+grade_estimate_9+general_or_nonacademic,advanced,advanced,1.861,10.981,30.871,advanced_seed,advanced_9_to_12.csv
calibrate,10,9-12,advanced_9_to_12,6120,329,false,v,tier3_bnc_coca+bnc_coca_band_7k+grade_estimate_10+general_or_nonacademic,advanced,advanced,1.518,9.024,30.871,advanced_seed,advanced_9_to_12.csv
telegraph,9,9-12,advanced_9_to_12,4885,1251,false,v,tier3_bnc_coca+bnc_coca_band_5k+grade_estimate_9+general_or_nonacademic,advanced,advanced,1.86,10.981,30.871,advanced_seed,advanced_9_to_12.csv
jewellery,9,9-12,advanced_9_to_12,3536,1250,false,n,tier3_bnc_coca+bnc_coca_band_4k+grade_estimate_9+general_or_nonacademic,advanced,advanced,1.86,10.98,30.87,advanced_seed,advanced_9_to_12.csv
cohesive,10,9-12,advanced_9_to_12,6164,328,false,adj,tier3_bnc_coca+bnc_coca_band_7k+grade_estimate_10+general_or_nonacademic,advanced,advanced,1.517,9.023,30.87,advanced_seed,advanced_9_to_12.csv
normative,10,9-12,advanced_9_to_12,6576,328,false,adj,tier3_bnc_coca+bnc_coca_band_7k+grade_estimate_10+general_or_nonacademic,advanced,advanced,1.517,9.023,30.87,advanced_seed,advanced_9_to_12.csv
attenuate,11,9-12,advanced_9_to_12,7059,328,false,v,tier3_bnc_coca+bnc_coca_band_8k+grade_estimate_11+general_or_nonacademic,advanced,advanced,1.517,9.023,30.87,advanced_seed,advanced_9_to_12.csv
comprehend,9,9-12,advanced_9_to_12,3198,1246,false,v,tier3_bnc_coca+bnc_coca_band_4k+grade_estimate_9+general_or_nonacademic,advanced,advanced,1.859,10.979,30.869,advanced_seed,advanced_9_to_12.csv
dispense,9,9-12,advanced_9_to_12,4261,1240,false,n,tier3_bnc_coca+bnc_coca_band_5k+grade_estimate_9+general_or_nonacademic,advanced,advanced,1.858,10.978,30.868,advanced_seed,advanced_9_to_12.csv
perceptive,11,9-12,advanced_9_to_12,7650,324,false,adj,tier3_bnc_coca+bnc_coca_band_8k+grade_estimate_11+general_or_nonacademic,advanced,advanced,1.514,9.019,30.867,advanced_seed,advanced_9_to_12.csv
obtrusive,11,9-12,advanced_9_to_12,8612,324,false,adj,tier3_bnc_coca+bnc_coca_band_9k+grade_estimate_11+general_or_nonacademic,advanced,advanced,1.514,9.019,30.867,advanced_seed,advanced_9_to_12.csv
abstention,12,9-12,advanced_9_to_12,9007,324,false,n,tier3_bnc_coca+bnc_coca_band_10k+grade_estimate_12+general_or_nonacademic,advanced,advanced,1.514,9.019,30.867,advanced_seed,advanced_9_to_12.csv
aromatherapy,12,9-12,advanced_9_to_12,9046,230,false,n,tier3_bnc_coca+bnc_coca_band_10k+grade_estimate_12+general_or_nonacademic,advanced,advanced,1.428,8.404,30.866,advanced_seed,advanced_9_to_12.csv
translucent,11,9-12,advanced_9_to_12,7922,229,false,adj,tier3_bnc_coca+bnc_coca_band_8k+grade_estimate_11+general_or_nonacademic,advanced,advanced,1.427,8.403,30.865,advanced_seed,advanced_9_to_12.csv
trustworthy,11,9-12,advanced_9_to_12,7930,229,false,n,tier3_bnc_coca+bnc_coca_band_8k+grade_estimate_11+general_or_nonacademic,advanced,advanced,1.427,8.403,30.865,advanced_seed,advanced_9_to_12.csv
forehead,9,9-12,advanced_9_to_12,3400,1226,false,n,tier3_bnc_coca+bnc_coca_band_4k+grade_estimate_9+general_or_nonacademic,advanced,advanced,1.855,10.974,30.864,advanced_seed,advanced_9_to_12.csv
erroneous,10,9-12,advanced_9_to_12,6303,321,false,adj,tier3_bnc_coca+bnc_coca_band_7k+grade_estimate_10+general_or_nonacademic,advanced,advanced,1.512,9.016,30.864,advanced_seed,advanced_9_to_12.csv
mistress,9,9-12,advanced_9_to_12,4538,1219,false,n,tier3_bnc_coca+bnc_coca_band_5k+grade_estimate_9+general_or_nonacademic,advanced,advanced,1.854,10.972,30.863,advanced_seed,advanced_9_to_12.csv
inventive,10,9-12,advanced_9_to_12,6478,318,false,adj,tier3_bnc_coca+bnc_coca_band_7k+grade_estimate_10+general_or_nonacademic,advanced,advanced,1.51,9.013,30.861,advanced_seed,advanced_9_to_12.csv
populist,10,9-12,advanced_9_to_12,6670,318,false,n,tier3_bnc_coca+bnc_coca_band_7k+grade_estimate_10+general_or_nonacademic,advanced,advanced,1.51,9.013,30.861,advanced_seed,advanced_9_to_12.csv
antagonism,11,9-12,advanced_9_to_12,7036,318,false,n,tier3_bnc_coca+bnc_coca_band_8k+grade_estimate_11+general_or_nonacademic,advanced,advanced,1.51,9.013,30.861,advanced_seed,advanced_9_to_12.csv
feminine,9,9-12,advanced_9_to_12,3378,1211,false,adj,tier3_bnc_coca+bnc_coca_band_4k+grade_estimate_9+general_or_nonacademic,advanced,advanced,1.852,10.969,30.861,advanced_seed,advanced_9_to_12.csv
presidency,9,9-12,advanced_9_to_12,3720,1211,false,n,tier3_bnc_coca+bnc_coca_band_4k+grade_estimate_9+general_or_nonacademic,advanced,advanced,1.852,10.969,30.861,advanced_seed,advanced_9_to_12.csv
attorney,9,9-12,advanced_9_to_12,3061,1209,false,n,tier3_bnc_coca+bnc_coca_band_4k+grade_estimate_9+general_or_nonacademic,advanced,advanced,1.852,10.969,30.86,advanced_seed,advanced_9_to_12.csv
laborious,11,9-12,advanced_9_to_12,7481,317,false,adj,tier3_bnc_coca+bnc_coca_band_8k+grade_estimate_11+general_or_nonacademic,advanced,advanced,1.509,9.012,30.86,advanced_seed,advanced_9_to_12.csv
totalitarian,11,9-12,advanced_9_to_12,7917,225,false,n,tier3_bnc_coca+bnc_coca_band_8k+grade_estimate_11+general_or_nonacademic,advanced,advanced,1.423,8.397,30.86,advanced_seed,advanced_9_to_12.csv
meteorological,11,9-12,advanced_9_to_12,8561,225,false,adj,tier3_bnc_coca+bnc_coca_band_9k+grade_estimate_11+general_or_nonacademic,advanced,advanced,1.423,8.397,30.86,advanced_seed,advanced_9_to_12.csv
catchment,12,9-12,advanced_9_to_12,9139,316,false,n,tier3_bnc_coca+bnc_coca_band_10k+grade_estimate_12+general_or_nonacademic,advanced,advanced,1.508,9.011,30.859,advanced_seed,advanced_9_to_12.csv
keyboard,9,9-12,advanced_9_to_12,3541,1194,false,v,tier3_bnc_coca+bnc_coca_band_4k+grade_estimate_9+general_or_nonacademic,advanced,advanced,1.848,10.965,30.856,advanced_seed,advanced_9_to_12.csv
punitive,10,9-12,advanced_9_to_12,6717,310,false,adj,tier3_bnc_coca+bnc_coca_band_7k+grade_estimate_10+general_or_nonacademic,advanced,advanced,1.503,9.004,30.854,advanced_seed,advanced_9_to_12.csv
microscope,9,9-12,advanced_9_to_12,4528,1181,false,n,tier3_bnc_coca+bnc_coca_band_5k+grade_estimate_9+general_or_nonacademic,advanced,advanced,1.846,10.961,30.853,advanced_seed,advanced_9_to_12.csv
elucidate,11,9-12,advanced_9_to_12,7297,309,false,v,tier3_bnc_coca+bnc_coca_band_8k+grade_estimate_11+general_or_nonacademic,advanced,advanced,1.502,9.003,30.853,advanced_seed,advanced_9_to_12.csv
militant,9,9-12,advanced_9_to_12,3599,1178,false,adj,tier3_bnc_coca+bnc_coca_band_4k+grade_estimate_9+general_or_nonacademic,advanced,advanced,1.845,10.96,30.852,advanced_seed,advanced_9_to_12.csv
acupuncture,11,9-12,advanced_9_to_12,8015,219,false,n,tier3_bnc_coca+bnc_coca_band_9k+grade_estimate_11+general_or_nonacademic,advanced,advanced,1.416,8.388,30.852,advanced_seed,advanced_9_to_12.csv
proletarian,12,9-12,advanced_9_to_12,9721,219,false,n,tier3_bnc_coca+bnc_coca_band_10k+grade_estimate_12+general_or_nonacademic,advanced,advanced,1.416,8.388,30.852,advanced_seed,advanced_9_to_12.csv
impedance,12,9-12,advanced_9_to_12,9443,308,false,n,tier3_bnc_coca+bnc_coca_band_10k+grade_estimate_12+general_or_nonacademic,advanced,advanced,1.501,9.002,30.852,advanced_seed,advanced_9_to_12.csv
hemisphere,9,9-12,advanced_9_to_12,4403,1171,false,n,tier3_bnc_coca+bnc_coca_band_5k+grade_estimate_9+general_or_nonacademic,advanced,advanced,1.843,10.958,30.851,advanced_seed,advanced_9_to_12.csv
radiotherapy,12,9-12,advanced_9_to_12,9751,218,false,n,tier3_bnc_coca+bnc_coca_band_10k+grade_estimate_12+general_or_nonacademic,advanced,advanced,1.415,8.386,30.851,advanced_seed,advanced_9_to_12.csv
arrogant,9,9-12,advanced_9_to_12,3051,1170,false,adj,tier3_bnc_coca+bnc_coca_band_4k+grade_estimate_9+general_or_nonacademic,advanced,advanced,1.843,10.958,30.85,advanced_seed,advanced_9_to_12.csv
apparatus,9,9-12,advanced_9_to_12,4039,1169,false,n,tier3_bnc_coca+bnc_coca_band_5k+grade_estimate_9+general_or_nonacademic,advanced,advanced,1.843,10.957,30.85,advanced_seed,advanced_9_to_12.csv
analytic,9,9-12,advanced_9_to_12,4029,1168,false,adj,tier3_bnc_coca+bnc_coca_band_5k+grade_estimate_9+general_or_nonacademic,advanced,advanced,1.843,10.957,30.85,advanced_seed,advanced_9_to_12.csv
disgruntled,11,9-12,advanced_9_to_12,7265,217,false,n,tier3_bnc_coca+bnc_coca_band_8k+grade_estimate_11+general_or_nonacademic,advanced,advanced,1.414,8.385,30.849,advanced_seed,advanced_9_to_12.csv
photosynthesis,11,9-12,advanced_9_to_12,8664,217,false,v,tier3_bnc_coca+bnc_coca_band_9k+grade_estimate_11+general_or_nonacademic,advanced,advanced,1.414,8.385,30.849,advanced_seed,advanced_9_to_12.csv
relativity,11,9-12,advanced_9_to_12,7740,305,false,n,tier3_bnc_coca+bnc_coca_band_8k+grade_estimate_11+general_or_nonacademic,advanced,advanced,1.499,8.999,30.849,advanced_seed,advanced_9_to_12.csv
secession,11,9-12,advanced_9_to_12,7786,305,false,n,tier3_bnc_coca+bnc_coca_band_8k+grade_estimate_11+general_or_nonacademic,advanced,advanced,1.499,8.999,30.849,advanced_seed,advanced_9_to_12.csv
irradiate,11,9-12,advanced_9_to_12,8481,305,false,v,tier3_bnc_coca+bnc_coca_band_9k+grade_estimate_11+general_or_nonacademic,advanced,advanced,1.499,8.999,30.849,advanced_seed,advanced_9_to_12.csv
spectator,9,9-12,advanced_9_to_12,4826,1163,false,n,tier3_bnc_coca+bnc_coca_band_5k+grade_estimate_9+general_or_nonacademic,advanced,advanced,1.842,10.955,30.849,advanced_seed,advanced_9_to_12.csv
resurgence,10,9-12,advanced_9_to_12,6762,304,false,n,tier3_bnc_coca+bnc_coca_band_7k+grade_estimate_10+general_or_nonacademic,advanced,advanced,1.498,8.998,30.848,advanced_seed,advanced_9_to_12.csv
discursive,11,9-12,advanced_9_to_12,7263,303,false,adj,tier3_bnc_coca+bnc_coca_band_8k+grade_estimate_11+general_or_nonacademic,advanced,advanced,1.497,8.996,30.847,advanced_seed,advanced_9_to_12.csv
disapprove,9,9-12,advanced_9_to_12,4252,1153,false,n,tier3_bnc_coca+bnc_coca_band_5k+grade_estimate_9+general_or_nonacademic,advanced,advanced,1.839,10.952,30.846,advanced_seed,advanced_9_to_12.csv
cassette,9,9-12,advanced_9_to_12,4122,1151,false,n,tier3_bnc_coca+bnc_coca_band_5k+grade_estimate_9+general_or_nonacademic,advanced,advanced,1.839,10.952,30.845,advanced_seed,advanced_9_to_12.csv
interdependent,11,9-12,advanced_9_to_12,7444,213,false,adj,tier3_bnc_coca+bnc_coca_band_8k+grade_estimate_11+general_or_nonacademic,advanced,advanced,1.409,8.379,30.844,advanced_seed,advanced_9_to_12.csv
disorganized,11,9-12,advanced_9_to_12,8261,213,false,n,tier3_bnc_coca+bnc_coca_band_9k+grade_estimate_11+general_or_nonacademic,advanced,advanced,1.409,8.379,30.844,advanced_seed,advanced_9_to_12.csv
recipient,9,9-12,advanced_9_to_12,3745,1145,false,n,tier3_bnc_coca+bnc_coca_band_4k+grade_estimate_9+general_or_nonacademic,advanced,advanced,1.838,10.95,30.844,advanced_seed,advanced_9_to_12.csv
vertebrate,11,9-12,advanced_9_to_12,7963,299,false,v,tier3_bnc_coca+bnc_coca_band_8k+grade_estimate_11+general_or_nonacademic,advanced,advanced,1.494,8.992,30.843,advanced_seed,advanced_9_to_12.csv
retrospect,9,9-12,advanced_9_to_12,4732,1138,false,n,tier3_bnc_coca+bnc_coca_band_5k+grade_estimate_9+general_or_nonacademic,advanced,advanced,1.836,10.948,30.842,advanced_seed,advanced_9_to_12.csv
prostitute,9,9-12,advanced_9_to_12,3731,1137,false,n,tier3_bnc_coca+bnc_coca_band_4k+grade_estimate_9+general_or_nonacademic,advanced,advanced,1.836,10.948,30.842,advanced_seed,advanced_9_to_12.csv
cellular,9,9-12,advanced_9_to_12,4126,1137,false,n,tier3_bnc_coca+bnc_coca_band_5k+grade_estimate_9+general_or_nonacademic,advanced,advanced,1.836,10.948,30.842,advanced_seed,advanced_9_to_12.csv
disparate,10,9-12,advanced_9_to_12,6250,296,false,adj,tier3_bnc_coca+bnc_coca_band_7k+grade_estimate_10+general_or_nonacademic,advanced,advanced,1.491,8.989,30.84,advanced_seed,advanced_9_to_12.csv
orthopaedic,11,9-12,advanced_9_to_12,8624,210,false,adj,tier3_bnc_coca+bnc_coca_band_9k+grade_estimate_11+general_or_nonacademic,advanced,advanced,1.405,8.374,30.84,advanced_seed,advanced_9_to_12.csv
conspiracy,9,9-12,advanced_9_to_12,3214,1129,false,n,tier3_bnc_coca+bnc_coca_band_4k+grade_estimate_9+general_or_nonacademic,advanced,advanced,1.834,10.945,30.84,advanced_seed,advanced_9_to_12.csv
obstinate,11,9-12,advanced_9_to_12,8611,294,false,adj,tier3_bnc_coca+bnc_coca_band_9k+grade_estimate_11+general_or_nonacademic,advanced,advanced,1.49,8.986,30.838,advanced_seed,advanced_9_to_12.csv
battered,9,9-12,advanced_9_to_12,3083,1122,false,n,tier3_bnc_coca+bnc_coca_band_4k+grade_estimate_9+general_or_nonacademic,advanced,advanced,1.832,10.943,30.838,advanced_seed,advanced_9_to_12.csv
intoxicate,10,9-12,advanced_9_to_12,6475,293,false,v,tier3_bnc_coca+bnc_coca_band_7k+grade_estimate_10+general_or_nonacademic,advanced,advanced,1.489,8.985,30.837,advanced_seed,advanced_9_to_12.csv
moderation,11,9-12,advanced_9_to_12,7556,293,false,n,tier3_bnc_coca+bnc_coca_band_8k+grade_estimate_11+general_or_nonacademic,advanced,advanced,1.489,8.985,30.837,advanced_seed,advanced_9_to_12.csv
pretension,11,9-12,advanced_9_to_12,7691,293,false,n,tier3_bnc_coca+bnc_coca_band_8k+grade_estimate_11+general_or_nonacademic,advanced,advanced,1.489,8.985,30.837,advanced_seed,advanced_9_to_12.csv
clandestine,11,9-12,advanced_9_to_12,7174,208,false,adj,tier3_bnc_coca+bnc_coca_band_8k+grade_estimate_11+general_or_nonacademic,advanced,advanced,1.403,8.371,30.837,advanced_seed,advanced_9_to_12.csv
ineffectual,11,9-12,advanced_9_to_12,8454,208,false,adj,tier3_bnc_coca+bnc_coca_band_9k+grade_estimate_11+general_or_nonacademic,advanced,advanced,1.403,8.371,30.837,advanced_seed,advanced_9_to_12.csv
subservient,11,9-12,advanced_9_to_12,8883,208,false,adj,tier3_bnc_coca+bnc_coca_band_9k+grade_estimate_11+general_or_nonacademic,advanced,advanced,1.403,8.371,30.837,advanced_seed,advanced_9_to_12.csv
courtesy,9,9-12,advanced_9_to_12,3233,1116,false,n,tier3_bnc_coca+bnc_coca_band_4k+grade_estimate_9+general_or_nonacademic,advanced,advanced,1.831,10.941,30.836,advanced_seed,advanced_9_to_12.csv
conducive,11,9-12,advanced_9_to_12,7201,291,false,adj,tier3_bnc_coca+bnc_coca_band_8k+grade_estimate_11+general_or_nonacademic,advanced,advanced,1.487,8.983,30.835,advanced_seed,advanced_9_to_12.csv
stocking,9,9-12,advanced_9_to_12,4848,1111,false,v,tier3_bnc_coca+bnc_coca_band_5k+grade_estimate_9+general_or_nonacademic,advanced,advanced,1.83,10.94,30.835,advanced_seed,advanced_9_to_12.csv
inception,10,9-12,advanced_9_to_12,6453,290,false,n,tier3_bnc_coca+bnc_coca_band_7k+grade_estimate_10+general_or_nonacademic,advanced,advanced,1.486,8.982,30.834,advanced_seed,advanced_9_to_12.csv
detonate,10,9-12,advanced_9_to_12,6238,289,false,v,tier3_bnc_coca+bnc_coca_band_7k+grade_estimate_10+general_or_nonacademic,advanced,advanced,1.485,8.981,30.833,advanced_seed,advanced_9_to_12.csv
parchment,11,9-12,advanced_9_to_12,7634,289,false,n,tier3_bnc_coca+bnc_coca_band_8k+grade_estimate_11+general_or_nonacademic,advanced,advanced,1.485,8.981,30.833,advanced_seed,advanced_9_to_12.csv
accustom,9,9-12,advanced_9_to_12,3008,1102,false,v,tier3_bnc_coca+bnc_coca_band_4k+grade_estimate_9+general_or_nonacademic,advanced,advanced,1.828,10.937,30.832,advanced_seed,advanced_9_to_12.csv
elective,11,9-12,advanced_9_to_12,7294,288,false,adj,tier3_bnc_coca+bnc_coca_band_8k+grade_estimate_11+general_or_nonacademic,advanced,advanced,1.485,8.979,30.832,advanced_seed,advanced_9_to_12.csv
galvanize,10,9-12,advanced_9_to_12,6364,287,false,v,tier3_bnc_coca+bnc_coca_band_7k+grade_estimate_10+general_or_nonacademic,advanced,advanced,1.484,8.978,30.831,advanced_seed,advanced_9_to_12.csv
humility,10,9-12,advanced_9_to_12,6436,287,false,n,tier3_bnc_coca+bnc_coca_band_7k+grade_estimate_10+general_or_nonacademic,advanced,advanced,1.484,8.978,30.831,advanced_seed,advanced_9_to_12.csv
formidable,9,9-12,advanced_9_to_12,4356,1097,false,adj,tier3_bnc_coca+bnc_coca_band_5k+grade_estimate_9+general_or_nonacademic,advanced,advanced,1.826,10.935,30.831,advanced_seed,advanced_9_to_12.csv
mitochondria,11,9-12,advanced_9_to_12,8569,203,false,n,tier3_bnc_coca+bnc_coca_band_9k+grade_estimate_11+general_or_nonacademic,advanced,advanced,1.397,8.363,30.83,advanced_seed,advanced_9_to_12.csv
greenhouse,9,9-12,advanced_9_to_12,3445,1090,false,n,tier3_bnc_coca+bnc_coca_band_4k+grade_estimate_9+general_or_nonacademic,advanced,advanced,1.825,10.933,30.829,advanced_seed,advanced_9_to_12.csv
impenetrable,11,9-12,advanced_9_to_12,8442,202,false,adj,tier3_bnc_coca+bnc_coca_band_9k+grade_estimate_11+general_or_nonacademic,advanced,advanced,1.396,8.361,30.828,advanced_seed,advanced_9_to_12.csv
psychotherapy,11,9-12,advanced_9_to_12,7706,201,false,n,tier3_bnc_coca+bnc_coca_band_8k+grade_estimate_11+general_or_nonacademic,advanced,advanced,1.395,8.359,30.827,advanced_seed,advanced_9_to_12.csv
armament,11,9-12,advanced_9_to_12,8056,283,false,n,tier3_bnc_coca+bnc_coca_band_9k+grade_estimate_11+general_or_nonacademic,advanced,advanced,1.48,8.973,30.827,advanced_seed,advanced_9_to_12.csv
aluminium,9,9-12,advanced_9_to_12,3026,1080,false,n,tier3_bnc_coca+bnc_coca_band_4k+grade_estimate_9+general_or_nonacademic,advanced,advanced,1.822,10.93,30.826,advanced_seed,advanced_9_to_12.csv
wardrobe,9,9-12,advanced_9_to_12,4977,1080,false,n,tier3_bnc_coca+bnc_coca_band_5k+grade_estimate_9+general_or_nonacademic,advanced,advanced,1.822,10.93,30.826,advanced_seed,advanced_9_to_12.csv
hilarious,10,9-12,advanced_9_to_12,6418,282,false,adj,tier3_bnc_coca+bnc_coca_band_7k+grade_estimate_10+general_or_nonacademic,advanced,advanced,1.479,8.972,30.826,advanced_seed,advanced_9_to_12.csv
seductive,10,9-12,advanced_9_to_12,6808,282,false,adj,tier3_bnc_coca+bnc_coca_band_7k+grade_estimate_10+general_or_nonacademic,advanced,advanced,1.479,8.972,30.826,advanced_seed,advanced_9_to_12.csv
momentous,11,9-12,advanced_9_to_12,7558,282,false,adj,tier3_bnc_coca+bnc_coca_band_8k+grade_estimate_11+general_or_nonacademic,advanced,advanced,1.479,8.972,30.826,advanced_seed,advanced_9_to_12.csv
perestroika,11,9-12,advanced_9_to_12,8647,200,false,n,tier3_bnc_coca+bnc_coca_band_9k+grade_estimate_11+general_or_nonacademic,advanced,advanced,1.393,8.358,30.826,advanced_seed,advanced_9_to_12.csv
pollinate,11,9-12,advanced_9_to_12,7678,281,false,v,tier3_bnc_coca+bnc_coca_band_8k+grade_estimate_11+general_or_nonacademic,advanced,advanced,1.478,8.971,30.825,advanced_seed,advanced_9_to_12.csv
marathon,9,9-12,advanced_9_to_12,4506,1073,false,n,tier3_bnc_coca+bnc_coca_band_5k+grade_estimate_9+general_or_nonacademic,advanced,advanced,1.821,10.928,30.824,advanced_seed,advanced_9_to_12.csv
masculine,9,9-12,advanced_9_to_12,4512,1073,false,n,tier3_bnc_coca+bnc_coca_band_5k+grade_estimate_9+general_or_nonacademic,advanced,advanced,1.821,10.928,30.824,advanced_seed,advanced_9_to_12.csv
premature,9,9-12,advanced_9_to_12,4669,1073,false,adj,tier3_bnc_coca+bnc_coca_band_5k+grade_estimate_9+general_or_nonacademic,advanced,advanced,1.821,10.928,30.824,advanced_seed,advanced_9_to_12.csv
evangelist,11,9-12,advanced_9_to_12,7318,280,false,n,tier3_bnc_coca+bnc_coca_band_8k+grade_estimate_11+general_or_nonacademic,advanced,advanced,1.477,8.97,30.824,advanced_seed,advanced_9_to_12.csv
judicious,11,9-12,advanced_9_to_12,7469,280,false,adj,tier3_bnc_coca+bnc_coca_band_8k+grade_estimate_11+general_or_nonacademic,advanced,advanced,1.477,8.97,30.824,advanced_seed,advanced_9_to_12.csv
copyright,9,9-12,advanced_9_to_12,3225,1070,false,v,tier3_bnc_coca+bnc_coca_band_4k+grade_estimate_9+general_or_nonacademic,advanced,advanced,1.82,10.927,30.823,advanced_seed,advanced_9_to_12.csv
symphony,9,9-12,advanced_9_to_12,4872,1070,false,n,tier3_bnc_coca+bnc_coca_band_5k+grade_estimate_9+general_or_nonacademic,advanced,advanced,1.82,10.927,30.823,advanced_seed,advanced_9_to_12.csv
memorandum,10,9-12,advanced_9_to_12,5577,1069,false,n,tier3_bnc_coca+bnc_coca_band_6k+grade_estimate_10+general_or_nonacademic,advanced,advanced,1.82,10.926,30.823,advanced_seed,advanced_9_to_12.csv
demarcate,11,9-12,advanced_9_to_12,8231,278,false,v,tier3_bnc_coca+bnc_coca_band_9k+grade_estimate_11+general_or_nonacademic,advanced,advanced,1.476,8.968,30.822,advanced_seed,advanced_9_to_12.csv
spurious,11,9-12,advanced_9_to_12,8860,278,false,adj,tier3_bnc_coca+bnc_coca_band_9k+grade_estimate_11+general_or_nonacademic,advanced,advanced,1.476,8.968,30.822,advanced_seed,advanced_9_to_12.csv
interminable,11,9-12,advanced_9_to_12,8476,197,false,adj,tier3_bnc_coca+bnc_coca_band_9k+grade_estimate_11+general_or_nonacademic,advanced,advanced,1.39,8.353,30.821,advanced_seed,advanced_9_to_12.csv
demonstrable,12,9-12,advanced_9_to_12,9235,197,false,adj,tier3_bnc_coca+bnc_coca_band_10k+grade_estimate_12+general_or_nonacademic,advanced,advanced,1.39,8.353,30.821,advanced_seed,advanced_9_to_12.csv
petrochemical,12,9-12,advanced_9_to_12,9675,197,false,adj,tier3_bnc_coca+bnc_coca_band_10k+grade_estimate_12+general_or_nonacademic,advanced,advanced,1.39,8.353,30.821,advanced_seed,advanced_9_to_12.csv
thermodynamic,12,9-12,advanced_9_to_12,9901,197,false,adj,tier3_bnc_coca+bnc_coca_band_10k+grade_estimate_12+general_or_nonacademic,advanced,advanced,1.39,8.353,30.821,advanced_seed,advanced_9_to_12.csv
passport,9,9-12,advanced_9_to_12,4612,1060,false,n,tier3_bnc_coca+bnc_coca_band_5k+grade_estimate_9+general_or_nonacademic,advanced,advanced,1.818,10.924,30.821,advanced_seed,advanced_9_to_12.csv
compulsive,11,9-12,advanced_9_to_12,7195,277,false,adj,tier3_bnc_coca+bnc_coca_band_8k+grade_estimate_11+general_or_nonacademic,advanced,advanced,1.475,8.966,30.821,advanced_seed,advanced_9_to_12.csv
municipal,9,9-12,advanced_9_to_12,3619,1059,false,adj,tier3_bnc_coca+bnc_coca_band_4k+grade_estimate_9+general_or_nonacademic,advanced,advanced,1.817,10.923,30.82,advanced_seed,advanced_9_to_12.csv
courtship,11,9-12,advanced_9_to_12,7221,275,false,n,tier3_bnc_coca+bnc_coca_band_8k+grade_estimate_11+general_or_nonacademic,advanced,advanced,1.473,8.964,30.818,advanced_seed,advanced_9_to_12.csv
observance,11,9-12,advanced_9_to_12,7591,274,false,n,tier3_bnc_coca+bnc_coca_band_8k+grade_estimate_11+general_or_nonacademic,advanced,advanced,1.472,8.963,30.817,advanced_seed,advanced_9_to_12.csv
counterfeit,11,9-12,advanced_9_to_12,7217,194,false,v,tier3_bnc_coca+bnc_coca_band_8k+grade_estimate_11+general_or_nonacademic,advanced,advanced,1.386,8.348,30.817,advanced_seed,advanced_9_to_12.csv
consortium,9,9-12,advanced_9_to_12,4185,1043,false,n,tier3_bnc_coca+bnc_coca_band_5k+grade_estimate_9+general_or_nonacademic,advanced,advanced,1.813,10.918,30.816,advanced_seed,advanced_9_to_12.csv
libertarian,11,9-12,advanced_9_to_12,7498,193,false,n,tier3_bnc_coca+bnc_coca_band_8k+grade_estimate_11+general_or_nonacademic,advanced,advanced,1.384,8.346,30.815,advanced_seed,advanced_9_to_12.csv
delicatessen,12,9-12,advanced_9_to_12,9229,193,false,v,tier3_bnc_coca+bnc_coca_band_10k+grade_estimate_12+general_or_nonacademic,advanced,advanced,1.384,8.346,30.815,advanced_seed,advanced_9_to_12.csv
recalcitrant,12,9-12,advanced_9_to_12,9758,193,false,n,tier3_bnc_coca+bnc_coca_band_10k+grade_estimate_12+general_or_nonacademic,advanced,advanced,1.384,8.346,30.815,advanced_seed,advanced_9_to_12.csv
bewilder,9,9-12,advanced_9_to_12,4083,1041,false,v,tier3_bnc_coca+bnc_coca_band_5k+grade_estimate_9+general_or_nonacademic,advanced,advanced,1.813,10.917,30.815,advanced_seed,advanced_9_to_12.csv
dissatisfy,9,9-12,advanced_9_to_12,4263,1038,false,v,tier3_bnc_coca+bnc_coca_band_5k+grade_estimate_9+general_or_nonacademic,advanced,advanced,1.812,10.916,30.814,advanced_seed,advanced_9_to_12.csv
masturbate,11,9-12,advanced_9_to_12,7531,271,false,v,tier3_bnc_coca+bnc_coca_band_8k+grade_estimate_11+general_or_nonacademic,advanced,advanced,1.469,8.959,30.814,advanced_seed,advanced_9_to_12.csv
tenement,11,9-12,advanced_9_to_12,8913,271,false,n,tier3_bnc_coca+bnc_coca_band_9k+grade_estimate_11+general_or_nonacademic,advanced,advanced,1.469,8.959,30.814,advanced_seed,advanced_9_to_12.csv
insecticide,11,9-12,advanced_9_to_12,8468,192,false,n,tier3_bnc_coca+bnc_coca_band_9k+grade_estimate_11+general_or_nonacademic,advanced,advanced,1.383,8.344,30.814,advanced_seed,advanced_9_to_12.csv
multidisciplinary,11,9-12,advanced_9_to_12,8587,192,false,n,tier3_bnc_coca+bnc_coca_band_9k+grade_estimate_11+general_or_nonacademic,advanced,advanced,1.383,8.344,30.814,advanced_seed,advanced_9_to_12.csv
appetite,9,9-12,advanced_9_to_12,4041,1036,false,n,tier3_bnc_coca+bnc_coca_band_5k+grade_estimate_9+general_or_nonacademic,advanced,advanced,1.812,10.916,30.814,advanced_seed,advanced_9_to_12.csv
demolish,10,9-12,advanced_9_to_12,5247,1032,false,v,tier3_bnc_coca+bnc_coca_band_6k+grade_estimate_10+general_or_nonacademic,advanced,advanced,1.811,10.914,30.813,advanced_seed,advanced_9_to_12.csv
intransigent,12,9-12,advanced_9_to_12,9473,191,false,adj,tier3_bnc_coca+bnc_coca_band_10k+grade_estimate_12+general_or_nonacademic,advanced,advanced,1.382,8.343,30.812,advanced_seed,advanced_9_to_12.csv
eminence,12,9-12,advanced_9_to_12,9301,269,false,n,tier3_bnc_coca+bnc_coca_band_10k+grade_estimate_12+general_or_nonacademic,advanced,advanced,1.467,8.956,30.812,advanced_seed,advanced_9_to_12.csv
anonymity,10,9-12,advanced_9_to_12,6032,268,false,n,tier3_bnc_coca+bnc_coca_band_7k+grade_estimate_10+general_or_nonacademic,advanced,advanced,1.466,8.955,30.811,advanced_seed,advanced_9_to_12.csv
annihilate,11,9-12,advanced_9_to_12,7034,268,false,v,tier3_bnc_coca+bnc_coca_band_8k+grade_estimate_11+general_or_nonacademic,advanced,advanced,1.466,8.955,30.811,advanced_seed,advanced_9_to_12.csv
intrusive,11,9-12,advanced_9_to_12,7449,268,false,adj,tier3_bnc_coca+bnc_coca_band_8k+grade_estimate_11+general_or_nonacademic,advanced,advanced,1.466,8.955,30.811,advanced_seed,advanced_9_to_12.csv
laminate,11,9-12,advanced_9_to_12,7484,267,false,v,tier3_bnc_coca+bnc_coca_band_8k+grade_estimate_11+general_or_nonacademic,advanced,advanced,1.465,8.954,30.81,advanced_seed,advanced_9_to_12.csv
stagnate,11,9-12,advanced_9_to_12,7851,267,false,v,tier3_bnc_coca+bnc_coca_band_8k+grade_estimate_11+general_or_nonacademic,advanced,advanced,1.465,8.954,30.81,advanced_seed,advanced_9_to_12.csv
contiguous,11,9-12,advanced_9_to_12,8183,267,false,adj,tier3_bnc_coca+bnc_coca_band_9k+grade_estimate_11+general_or_nonacademic,advanced,advanced,1.465,8.954,30.81,advanced_seed,advanced_9_to_12.csv
pedestrian,9,9-12,advanced_9_to_12,4624,1021,false,n,tier3_bnc_coca+bnc_coca_band_5k+grade_estimate_9+general_or_nonacademic,advanced,advanced,1.808,10.911,30.809,advanced_seed,advanced_9_to_12.csv
enumerate,11,9-12,advanced_9_to_12,7307,266,false,v,tier3_bnc_coca+bnc_coca_band_8k+grade_estimate_11+general_or_nonacademic,advanced,advanced,1.465,8.953,30.809,advanced_seed,advanced_9_to_12.csv
undulate,11,9-12,advanced_9_to_12,7945,266,false,v,tier3_bnc_coca+bnc_coca_band_8k+grade_estimate_11+general_or_nonacademic,advanced,advanced,1.465,8.953,30.809,advanced_seed,advanced_9_to_12.csv
disgrace,9,9-12,advanced_9_to_12,4256,1016,false,n,tier3_bnc_coca+bnc_coca_band_5k+grade_estimate_9+general_or_nonacademic,advanced,advanced,1.807,10.909,30.808,advanced_seed,advanced_9_to_12.csv
connoisseur,11,9-12,advanced_9_to_12,8175,188,false,n,tier3_bnc_coca+bnc_coca_band_9k+grade_estimate_11+general_or_nonacademic,advanced,advanced,1.378,8.337,30.808,advanced_seed,advanced_9_to_12.csv
abdicate,11,9-12,advanced_9_to_12,8003,265,false,v,tier3_bnc_coca+bnc_coca_band_9k+grade_estimate_11+general_or_nonacademic,advanced,advanced,1.464,8.951,30.808,advanced_seed,advanced_9_to_12.csv
wholesale,9,9-12,advanced_9_to_12,4987,1011,false,n,tier3_bnc_coca+bnc_coca_band_5k+grade_estimate_9+general_or_nonacademic,advanced,advanced,1.805,10.907,30.806,advanced_seed,advanced_9_to_12.csv
parasite,9,9-12,advanced_9_to_12,4609,1010,false,n,tier3_bnc_coca+bnc_coca_band_5k+grade_estimate_9+general_or_nonacademic,advanced,advanced,1.805,10.907,30.806,advanced_seed,advanced_9_to_12.csv
volatile,9,9-12,advanced_9_to_12,4970,1009,false,n,tier3_bnc_coca+bnc_coca_band_5k+grade_estimate_9+general_or_nonacademic,advanced,advanced,1.805,10.907,30.806,advanced_seed,advanced_9_to_12.csv
rendezvous,11,9-12,advanced_9_to_12,7744,263,false,adj,tier3_bnc_coca+bnc_coca_band_8k+grade_estimate_11+general_or_nonacademic,advanced,advanced,1.462,8.949,30.805,advanced_seed,advanced_9_to_12.csv
sumptuous,11,9-12,advanced_9_to_12,7881,263,false,adj,tier3_bnc_coca+bnc_coca_band_8k+grade_estimate_11+general_or_nonacademic,advanced,advanced,1.462,8.949,30.805,advanced_seed,advanced_9_to_12.csv
paradise,9,9-12,advanced_9_to_12,4607,1007,false,v,tier3_bnc_coca+bnc_coca_band_5k+grade_estimate_9+general_or_nonacademic,advanced,advanced,1.804,10.906,30.805,advanced_seed,advanced_9_to_12.csv
reminisce,9,9-12,advanced_9_to_12,4721,1005,false,n,tier3_bnc_coca+bnc_coca_band_5k+grade_estimate_9+general_or_nonacademic,advanced,advanced,1.804,10.905,30.805,advanced_seed,advanced_9_to_12.csv
mobilise,9,9-12,advanced_9_to_12,3607,1004,false,v,tier3_bnc_coca+bnc_coca_band_4k+grade_estimate_9+general_or_nonacademic,advanced,advanced,1.804,10.905,30.804,advanced_seed,advanced_9_to_12.csv
delineate,10,9-12,advanced_9_to_12,6229,261,false,v,tier3_bnc_coca+bnc_coca_band_7k+grade_estimate_10+general_or_nonacademic,advanced,advanced,1.46,8.946,30.803,advanced_seed,advanced_9_to_12.csv
promulgate,11,9-12,advanced_9_to_12,7699,261,false,v,tier3_bnc_coca+bnc_coca_band_8k+grade_estimate_11+general_or_nonacademic,advanced,advanced,1.46,8.946,30.803,advanced_seed,advanced_9_to_12.csv
convection,11,9-12,advanced_9_to_12,8186,260,false,n,tier3_bnc_coca+bnc_coca_band_9k+grade_estimate_11+general_or_nonacademic,advanced,advanced,1.459,8.945,30.802,advanced_seed,advanced_9_to_12.csv
cylindrical,11,9-12,advanced_9_to_12,8218,184,false,adj,tier3_bnc_coca+bnc_coca_band_9k+grade_estimate_11+general_or_nonacademic,advanced,advanced,1.373,8.33,30.801,advanced_seed,advanced_9_to_12.csv
abrasive,11,9-12,advanced_9_to_12,8005,259,false,adj,tier3_bnc_coca+bnc_coca_band_9k+grade_estimate_11+general_or_nonacademic,advanced,advanced,1.458,8.944,30.801,advanced_seed,advanced_9_to_12.csv
bulletin,9,9-12,advanced_9_to_12,4108,992,false,n,tier3_bnc_coca+bnc_coca_band_5k+grade_estimate_9+general_or_nonacademic,advanced,advanced,1.801,10.901,30.801,advanced_seed,advanced_9_to_12.csv
mushroom,9,9-12,advanced_9_to_12,3621,989,false,v,tier3_bnc_coca+bnc_coca_band_4k+grade_estimate_9+general_or_nonacademic,advanced,advanced,1.8,10.9,30.8,advanced_seed,advanced_9_to_12.csv
providence,12,9-12,advanced_9_to_12,9728,258,false,n,tier3_bnc_coca+bnc_coca_band_10k+grade_estimate_12+general_or_nonacademic,advanced,advanced,1.457,8.943,30.8,advanced_seed,advanced_9_to_12.csv
mandatory,9,9-12,advanced_9_to_12,4502,985,false,n,tier3_bnc_coca+bnc_coca_band_5k+grade_estimate_9+general_or_nonacademic,advanced,advanced,1.799,10.898,30.798,advanced_seed,advanced_9_to_12.csv
dilapidated,11,9-12,advanced_9_to_12,8246,182,false,n,tier3_bnc_coca+bnc_coca_band_9k+grade_estimate_11+general_or_nonacademic,advanced,advanced,1.37,8.327,30.798,advanced_seed,advanced_9_to_12.csv
ascertain,10,9-12,advanced_9_to_12,5051,981,false,v,tier3_bnc_coca+bnc_coca_band_6k+grade_estimate_10+general_or_nonacademic,advanced,advanced,1.798,10.897,30.797,advanced_seed,advanced_9_to_12.csv
divinity,10,9-12,advanced_9_to_12,6257,255,false,n,tier3_bnc_coca+bnc_coca_band_7k+grade_estimate_10+general_or_nonacademic,advanced,advanced,1.454,8.939,30.796,advanced_seed,advanced_9_to_12.csv
consummate,11,9-12,advanced_9_to_12,7210,255,false,adj,tier3_bnc_coca+bnc_coca_band_8k+grade_estimate_11+general_or_nonacademic,advanced,advanced,1.454,8.939,30.796,advanced_seed,advanced_9_to_12.csv
tablespoon,9,9-12,advanced_9_to_12,3898,976,false,n,tier3_bnc_coca+bnc_coca_band_4k+grade_estimate_9+general_or_nonacademic,advanced,advanced,1.796,10.895,30.796,advanced_seed,advanced_9_to_12.csv
ruthless,9,9-12,advanced_9_to_12,4752,976,false,adj,tier3_bnc_coca+bnc_coca_band_5k+grade_estimate_9+general_or_nonacademic,advanced,advanced,1.796,10.895,30.796,advanced_seed,advanced_9_to_12.csv
supercomputer,12,9-12,advanced_9_to_12,9870,180,false,n,tier3_bnc_coca+bnc_coca_band_10k+grade_estimate_12+general_or_nonacademic,advanced,advanced,1.367,8.323,30.795,advanced_seed,advanced_9_to_12.csv
allusion,11,9-12,advanced_9_to_12,7021,254,false,n,tier3_bnc_coca+bnc_coca_band_8k+grade_estimate_11+general_or_nonacademic,advanced,advanced,1.453,8.937,30.795,advanced_seed,advanced_9_to_12.csv
clerical,10,9-12,advanced_9_to_12,5168,972,false,adj,tier3_bnc_coca+bnc_coca_band_6k+grade_estimate_10+general_or_nonacademic,advanced,advanced,1.795,10.894,30.794,advanced_seed,advanced_9_to_12.csv
apportion,12,9-12,advanced_9_to_12,9041,253,false,v,tier3_bnc_coca+bnc_coca_band_10k+grade_estimate_12+general_or_nonacademic,advanced,advanced,1.452,8.936,30.794,advanced_seed,advanced_9_to_12.csv
microphone,9,9-12,advanced_9_to_12,4527,969,false,n,tier3_bnc_coca+bnc_coca_band_5k+grade_estimate_9+general_or_nonacademic,advanced,advanced,1.794,10.893,30.794,advanced_seed,advanced_9_to_12.csv
memorable,9,9-12,advanced_9_to_12,4524,961,false,adj,tier3_bnc_coca+bnc_coca_band_5k+grade_estimate_9+general_or_nonacademic,advanced,advanced,1.792,10.89,30.791,advanced_seed,advanced_9_to_12.csv
override,9,9-12,advanced_9_to_12,4595,961,false,n,tier3_bnc_coca+bnc_coca_band_5k+grade_estimate_9+general_or_nonacademic,advanced,advanced,1.792,10.89,30.791,advanced_seed,advanced_9_to_12.csv
fraternity,10,9-12,advanced_9_to_12,6351,250,false,n,tier3_bnc_coca+bnc_coca_band_7k+grade_estimate_10+general_or_nonacademic,advanced,advanced,1.449,8.932,30.79,advanced_seed,advanced_9_to_12.csv
testimonial,11,9-12,advanced_9_to_12,8919,177,false,adj,tier3_bnc_coca+bnc_coca_band_9k+grade_estimate_11+general_or_nonacademic,advanced,advanced,1.363,8.317,30.79,advanced_seed,advanced_9_to_12.csv
circumscribe,11,9-12,advanced_9_to_12,8153,176,false,n,tier3_bnc_coca+bnc_coca_band_9k+grade_estimate_11+general_or_nonacademic,advanced,advanced,1.362,8.316,30.789,advanced_seed,advanced_9_to_12.csv
spectroscopy,12,9-12,advanced_9_to_12,9845,176,false,n,tier3_bnc_coca+bnc_coca_band_10k+grade_estimate_12+general_or_nonacademic,advanced,advanced,1.362,8.316,30.789,advanced_seed,advanced_9_to_12.csv
traction,11,9-12,advanced_9_to_12,7918,247,false,n,tier3_bnc_coca+bnc_coca_band_8k+grade_estimate_11+general_or_nonacademic,advanced,advanced,1.446,8.928,30.787,advanced_seed,advanced_9_to_12.csv
chronicle,9,9-12,advanced_9_to_12,3166,947,false,n,tier3_bnc_coca+bnc_coca_band_4k+grade_estimate_9+general_or_nonacademic,advanced,advanced,1.789,10.885,30.787,advanced_seed,advanced_9_to_12.csv
reticence,11,9-12,advanced_9_to_12,7753,246,false,n,tier3_bnc_coca+bnc_coca_band_8k+grade_estimate_11+general_or_nonacademic,advanced,advanced,1.445,8.927,30.786,advanced_seed,advanced_9_to_12.csv
resection,11,9-12,advanced_9_to_12,8759,246,false,v,tier3_bnc_coca+bnc_coca_band_9k+grade_estimate_11+general_or_nonacademic,advanced,advanced,1.445,8.927,30.786,advanced_seed,advanced_9_to_12.csv
whatsoever,9,9-12,advanced_9_to_12,4983,944,false,n,tier3_bnc_coca+bnc_coca_band_5k+grade_estimate_9+general_or_nonacademic,advanced,advanced,1.788,10.884,30.786,advanced_seed,advanced_9_to_12.csv
tolerant,9,9-12,advanced_9_to_12,4904,941,false,adj,tier3_bnc_coca+bnc_coca_band_5k+grade_estimate_9+general_or_nonacademic,advanced,advanced,1.787,10.883,30.785,advanced_seed,advanced_9_to_12.csv
ligament,11,9-12,advanced_9_to_12,7499,245,false,n,tier3_bnc_coca+bnc_coca_band_8k+grade_estimate_11+general_or_nonacademic,advanced,advanced,1.444,8.925,30.785,advanced_seed,advanced_9_to_12.csv
cessation,11,9-12,advanced_9_to_12,8144,245,false,n,tier3_bnc_coca+bnc_coca_band_9k+grade_estimate_11+general_or_nonacademic,advanced,advanced,1.444,8.925,30.785,advanced_seed,advanced_9_to_12.csv
monastery,9,9-12,advanced_9_to_12,4544,939,false,n,tier3_bnc_coca+bnc_coca_band_5k+grade_estimate_9+general_or_nonacademic,advanced,advanced,1.786,10.882,30.784,advanced_seed,advanced_9_to_12.csv
perfusion,12,9-12,advanced_9_to_12,9672,244,false,n,tier3_bnc_coca+bnc_coca_band_10k+grade_estimate_12+general_or_nonacademic,advanced,advanced,1.443,8.924,30.783,advanced_seed,advanced_9_to_12.csv
cemetery,9,9-12,advanced_9_to_12,3150,936,false,n,tier3_bnc_coca+bnc_coca_band_4k+grade_estimate_9+general_or_nonacademic,advanced,advanced,1.786,10.881,30.783,advanced_seed,advanced_9_to_12.csv
putative,11,9-12,advanced_9_to_12,8717,243,false,adj,tier3_bnc_coca+bnc_coca_band_9k+grade_estimate_11+general_or_nonacademic,advanced,advanced,1.442,8.922,30.782,advanced_seed,advanced_9_to_12.csv
multimedia,9,9-12,advanced_9_to_12,4557,931,false,n,tier3_bnc_coca+bnc_coca_band_5k+grade_estimate_9+general_or_nonacademic,advanced,advanced,1.784,10.879,30.782,advanced_seed,advanced_9_to_12.csv
quantify,9,9-12,advanced_9_to_12,4687,928,false,v,tier3_bnc_coca+bnc_coca_band_5k+grade_estimate_9+general_or_nonacademic,advanced,advanced,1.783,10.878,30.781,advanced_seed,advanced_9_to_12.csv
surrogate,10,9-12,advanced_9_to_12,6873,241,false,v,tier3_bnc_coca+bnc_coca_band_7k+grade_estimate_10+general_or_nonacademic,advanced,advanced,1.44,8.92,30.78,advanced_seed,advanced_9_to_12.csv
frivolous,11,9-12,advanced_9_to_12,7363,241,false,adj,tier3_bnc_coca+bnc_coca_band_8k+grade_estimate_11+general_or_nonacademic,advanced,advanced,1.44,8.92,30.78,advanced_seed,advanced_9_to_12.csv
permanence,11,9-12,advanced_9_to_12,7653,241,false,n,tier3_bnc_coca+bnc_coca_band_8k+grade_estimate_11+general_or_nonacademic,advanced,advanced,1.44,8.92,30.78,advanced_seed,advanced_9_to_12.csv
overdrive,12,9-12,advanced_9_to_12,9629,241,false,adj,tier3_bnc_coca+bnc_coca_band_10k+grade_estimate_12+general_or_nonacademic,advanced,advanced,1.44,8.92,30.78,advanced_seed,advanced_9_to_12.csv
cardinal,9,9-12,advanced_9_to_12,4121,924,false,adj,tier3_bnc_coca+bnc_coca_band_5k+grade_estimate_9+general_or_nonacademic,advanced,advanced,1.782,10.876,30.779,advanced_seed,advanced_9_to_12.csv
sensuous,11,9-12,advanced_9_to_12,8803,240,false,adj,tier3_bnc_coca+bnc_coca_band_9k+grade_estimate_11+general_or_nonacademic,advanced,advanced,1.439,8.918,30.779,advanced_seed,advanced_9_to_12.csv
aquarium,9,9-12,advanced_9_to_12,4049,921,false,n,tier3_bnc_coca+bnc_coca_band_5k+grade_estimate_9+general_or_nonacademic,advanced,advanced,1.781,10.875,30.778,advanced_seed,advanced_9_to_12.csv
animosity,11,9-12,advanced_9_to_12,7033,239,false,n,tier3_bnc_coca+bnc_coca_band_8k+grade_estimate_11+general_or_nonacademic,advanced,advanced,1.438,8.917,30.777,advanced_seed,advanced_9_to_12.csv
aerodynamic,11,9-12,advanced_9_to_12,8018,169,false,adj,tier3_bnc_coca+bnc_coca_band_9k+grade_estimate_11+general_or_nonacademic,advanced,advanced,1.352,8.302,30.777,advanced_seed,advanced_9_to_12.csv
overtake,10,9-12,advanced_9_to_12,5652,915,false,n,tier3_bnc_coca+bnc_coca_band_6k+grade_estimate_10+general_or_nonacademic,advanced,advanced,1.78,10.873,30.776,advanced_seed,advanced_9_to_12.csv
dependency,9,9-12,advanced_9_to_12,4236,914,false,n,tier3_bnc_coca+bnc_coca_band_5k+grade_estimate_9+general_or_nonacademic,advanced,advanced,1.779,10.873,30.776,advanced_seed,advanced_9_to_12.csv
courtyard,9,9-12,advanced_9_to_12,4194,912,false,n,tier3_bnc_coca+bnc_coca_band_5k+grade_estimate_9+general_or_nonacademic,advanced,advanced,1.779,10.872,30.775,advanced_seed,advanced_9_to_12.csv
encompass,9,9-12,advanced_9_to_12,4308,911,false,v,tier3_bnc_coca+bnc_coca_band_5k+grade_estimate_9+general_or_nonacademic,advanced,advanced,1.779,10.871,30.775,advanced_seed,advanced_9_to_12.csv
eucharist,11,9-12,advanced_9_to_12,7316,237,false,n,tier3_bnc_coca+bnc_coca_band_8k+grade_estimate_11+general_or_nonacademic,advanced,advanced,1.436,8.914,30.775,advanced_seed,advanced_9_to_12.csv
skeleton,9,9-12,advanced_9_to_12,4794,908,false,n,tier3_bnc_coca+bnc_coca_band_5k+grade_estimate_9+general_or_nonacademic,advanced,advanced,1.778,10.87,30.774,advanced_seed,advanced_9_to_12.csv
malpractice,11,9-12,advanced_9_to_12,7518,167,false,n,tier3_bnc_coca+bnc_coca_band_8k+grade_estimate_11+general_or_nonacademic,advanced,advanced,1.349,8.298,30.774,advanced_seed,advanced_9_to_12.csv
refurbish,10,9-12,advanced_9_to_12,5765,905,false,v,tier3_bnc_coca+bnc_coca_band_6k+grade_estimate_10+general_or_nonacademic,advanced,advanced,1.777,10.869,30.773,advanced_seed,advanced_9_to_12.csv
horrified,9,9-12,advanced_9_to_12,4415,904,false,n,tier3_bnc_coca+bnc_coca_band_5k+grade_estimate_9+general_or_nonacademic,advanced,advanced,1.777,10.869,30.773,advanced_seed,advanced_9_to_12.csv
annotate,11,9-12,advanced_9_to_12,8043,235,false,v,tier3_bnc_coca+bnc_coca_band_9k+grade_estimate_11+general_or_nonacademic,advanced,advanced,1.433,8.911,30.772,advanced_seed,advanced_9_to_12.csv
armchair,10,9-12,advanced_9_to_12,5046,902,false,n,tier3_bnc_coca+bnc_coca_band_6k+grade_estimate_10+general_or_nonacademic,advanced,advanced,1.776,10.868,30.772,advanced_seed,advanced_9_to_12.csv
imminent,9,9-12,advanced_9_to_12,4428,899,false,adj,tier3_bnc_coca+bnc_coca_band_5k+grade_estimate_9+general_or_nonacademic,advanced,advanced,1.775,10.867,30.771,advanced_seed,advanced_9_to_12.csv
intrinsic,9,9-12,advanced_9_to_12,4453,898,false,adj,tier3_bnc_coca+bnc_coca_band_5k+grade_estimate_9+general_or_nonacademic,advanced,advanced,1.775,10.866,30.771,advanced_seed,advanced_9_to_12.csv
blockbuster,11,9-12,advanced_9_to_12,7111,165,false,n,tier3_bnc_coca+bnc_coca_band_8k+grade_estimate_11+general_or_nonacademic,advanced,advanced,1.346,8.294,30.77,advanced_seed,advanced_9_to_12.csv
warranty,10,9-12,advanced_9_to_12,5976,895,false,n,tier3_bnc_coca+bnc_coca_band_6k+grade_estimate_10+general_or_nonacademic,advanced,advanced,1.774,10.865,30.77,advanced_seed,advanced_9_to_12.csv
reckless,9,9-12,advanced_9_to_12,4705,893,false,adj,tier3_bnc_coca+bnc_coca_band_5k+grade_estimate_9+general_or_nonacademic,advanced,advanced,1.773,10.865,30.769,advanced_seed,advanced_9_to_12.csv
adequacy,10,9-12,advanced_9_to_12,5010,892,false,n,tier3_bnc_coca+bnc_coca_band_6k+grade_estimate_10+general_or_nonacademic,advanced,advanced,1.773,10.864,30.769,advanced_seed,advanced_9_to_12.csv
socioeconomic,10,9-12,advanced_9_to_12,6832,164,false,adj,tier3_bnc_coca+bnc_coca_band_7k+grade_estimate_10+general_or_nonacademic,advanced,advanced,1.344,8.292,30.768,advanced_seed,advanced_9_to_12.csv
perforate,11,9-12,advanced_9_to_12,7652,231,false,v,tier3_bnc_coca+bnc_coca_band_8k+grade_estimate_11+general_or_nonacademic,advanced,advanced,1.429,8.906,30.767,advanced_seed,advanced_9_to_12.csv
apprehend,9,9-12,advanced_9_to_12,4045,886,false,v,tier3_bnc_coca+bnc_coca_band_5k+grade_estimate_9+general_or_nonacademic,advanced,advanced,1.771,10.862,30.767,advanced_seed,advanced_9_to_12.csv
slaughter,9,9-12,advanced_9_to_12,4799,885,false,v,tier3_bnc_coca+bnc_coca_band_5k+grade_estimate_9+general_or_nonacademic,advanced,advanced,1.771,10.861,30.766,advanced_seed,advanced_9_to_12.csv
corrugate,11,9-12,advanced_9_to_12,8193,230,false,v,tier3_bnc_coca+bnc_coca_band_9k+grade_estimate_11+general_or_nonacademic,advanced,advanced,1.428,8.904,30.766,advanced_seed,advanced_9_to_12.csv
impassive,11,9-12,advanced_9_to_12,8440,230,false,adj,tier3_bnc_coca+bnc_coca_band_9k+grade_estimate_11+general_or_nonacademic,advanced,advanced,1.428,8.904,30.766,advanced_seed,advanced_9_to_12.csv
prototype,9,9-12,advanced_9_to_12,4678,882,false,n,tier3_bnc_coca+bnc_coca_band_5k+grade_estimate_9+general_or_nonacademic,advanced,advanced,1.77,10.86,30.765,advanced_seed,advanced_9_to_12.csv
dehydrate,11,9-12,advanced_9_to_12,7245,229,false,v,tier3_bnc_coca+bnc_coca_band_8k+grade_estimate_11+general_or_nonacademic,advanced,advanced,1.427,8.903,30.765,advanced_seed,advanced_9_to_12.csv
overstate,11,9-12,advanced_9_to_12,7614,229,false,v,tier3_bnc_coca+bnc_coca_band_8k+grade_estimate_11+general_or_nonacademic,advanced,advanced,1.427,8.903,30.765,advanced_seed,advanced_9_to_12.csv
superconducting,11,9-12,advanced_9_to_12,8890,162,false,n,tier3_bnc_coca+bnc_coca_band_9k+grade_estimate_11+general_or_nonacademic,advanced,advanced,1.341,8.288,30.765,advanced_seed,advanced_9_to_12.csv
withhold,9,9-12,advanced_9_to_12,4993,878,false,v,tier3_bnc_coca+bnc_coca_band_5k+grade_estimate_9+general_or_nonacademic,advanced,advanced,1.769,10.859,30.764,advanced_seed,advanced_9_to_12.csv
eccentric,9,9-12,advanced_9_to_12,4292,876,false,adj,tier3_bnc_coca+bnc_coca_band_5k+grade_estimate_9+general_or_nonacademic,advanced,advanced,1.768,10.858,30.763,advanced_seed,advanced_9_to_12.csv
patronage,10,9-12,advanced_9_to_12,5672,876,false,n,tier3_bnc_coca+bnc_coca_band_6k+grade_estimate_10+general_or_nonacademic,advanced,advanced,1.768,10.858,30.763,advanced_seed,advanced_9_to_12.csv
diversify,9,9-12,advanced_9_to_12,4267,874,false,v,tier3_bnc_coca+bnc_coca_band_5k+grade_estimate_9+general_or_nonacademic,advanced,advanced,1.768,10.857,30.763,advanced_seed,advanced_9_to_12.csv
underwrite,10,9-12,advanced_9_to_12,5947,874,false,n,tier3_bnc_coca+bnc_coca_band_6k+grade_estimate_10+general_or_nonacademic,advanced,advanced,1.768,10.857,30.763,advanced_seed,advanced_9_to_12.csv
denounce,9,9-12,advanced_9_to_12,4234,873,false,n,tier3_bnc_coca+bnc_coca_band_5k+grade_estimate_9+general_or_nonacademic,advanced,advanced,1.768,10.857,30.762,advanced_seed,advanced_9_to_12.csv
transcend,9,9-12,advanced_9_to_12,4914,873,false,v,tier3_bnc_coca+bnc_coca_band_5k+grade_estimate_9+general_or_nonacademic,advanced,advanced,1.768,10.857,30.762,advanced_seed,advanced_9_to_12.csv
subterranean,11,9-12,advanced_9_to_12,8885,160,false,n,tier3_bnc_coca+bnc_coca_band_9k+grade_estimate_11+general_or_nonacademic,advanced,advanced,1.338,8.284,30.761,advanced_seed,advanced_9_to_12.csv
memorabilia,11,9-12,advanced_9_to_12,7540,159,false,n,tier3_bnc_coca+bnc_coca_band_8k+grade_estimate_11+general_or_nonacademic,advanced,advanced,1.337,8.282,30.76,advanced_seed,advanced_9_to_12.csv
fugitive,10,9-12,advanced_9_to_12,6355,224,false,adj,tier3_bnc_coca+bnc_coca_band_7k+grade_estimate_10+general_or_nonacademic,advanced,advanced,1.422,8.895,30.758,advanced_seed,advanced_9_to_12.csv
pragmatism,11,9-12,advanced_9_to_12,8687,224,false,n,tier3_bnc_coca+bnc_coca_band_9k+grade_estimate_11+general_or_nonacademic,advanced,advanced,1.422,8.895,30.758,advanced_seed,advanced_9_to_12.csv
provenance,11,9-12,advanced_9_to_12,8706,224,false,n,tier3_bnc_coca+bnc_coca_band_9k+grade_estimate_11+general_or_nonacademic,advanced,advanced,1.422,8.895,30.758,advanced_seed,advanced_9_to_12.csv
conservancy,11,9-12,advanced_9_to_12,8177,158,false,n,tier3_bnc_coca+bnc_coca_band_9k+grade_estimate_11+general_or_nonacademic,advanced,advanced,1.335,8.28,30.758,advanced_seed,advanced_9_to_12.csv
dismantle,9,9-12,advanced_9_to_12,4259,857,false,n,tier3_bnc_coca+bnc_coca_band_5k+grade_estimate_9+general_or_nonacademic,advanced,advanced,1.763,10.85,30.757,advanced_seed,advanced_9_to_12.csv
moulding,9,9-12,advanced_9_to_12,4552,855,false,n,tier3_bnc_coca+bnc_coca_band_5k+grade_estimate_9+general_or_nonacademic,advanced,advanced,1.762,10.85,30.756,advanced_seed,advanced_9_to_12.csv
dispiriting,12,9-12,advanced_9_to_12,9268,157,false,n,tier3_bnc_coca+bnc_coca_band_10k+grade_estimate_12+general_or_nonacademic,advanced,advanced,1.334,8.278,30.756,advanced_seed,advanced_9_to_12.csv
rhododendron,12,9-12,advanced_9_to_12,9775,157,false,n,tier3_bnc_coca+bnc_coca_band_10k+grade_estimate_12+general_or_nonacademic,advanced,advanced,1.334,8.278,30.756,advanced_seed,advanced_9_to_12.csv
indignant,10,9-12,advanced_9_to_12,5477,850,false,adj,tier3_bnc_coca+bnc_coca_band_6k+grade_estimate_10+general_or_nonacademic,advanced,advanced,1.761,10.848,30.754,advanced_seed,advanced_9_to_12.csv
vociferous,12,9-12,advanced_9_to_12,9974,220,false,adj,tier3_bnc_coca+bnc_coca_band_10k+grade_estimate_12+general_or_nonacademic,advanced,advanced,1.417,8.889,30.753,advanced_seed,advanced_9_to_12.csv
massacre,9,9-12,advanced_9_to_12,4513,844,false,n,tier3_bnc_coca+bnc_coca_band_5k+grade_estimate_9+general_or_nonacademic,advanced,advanced,1.759,10.845,30.752,advanced_seed,advanced_9_to_12.csv
disregard,10,9-12,advanced_9_to_12,5282,840,false,v,tier3_bnc_coca+bnc_coca_band_6k+grade_estimate_10+general_or_nonacademic,advanced,advanced,1.758,10.844,30.751,advanced_seed,advanced_9_to_12.csv
insidious,11,9-12,advanced_9_to_12,7443,218,false,adj,tier3_bnc_coca+bnc_coca_band_8k+grade_estimate_11+general_or_nonacademic,advanced,advanced,1.415,8.886,30.751,advanced_seed,advanced_9_to_12.csv
capitulate,11,9-12,advanced_9_to_12,8128,218,false,v,tier3_bnc_coca+bnc_coca_band_9k+grade_estimate_11+general_or_nonacademic,advanced,advanced,1.415,8.886,30.751,advanced_seed,advanced_9_to_12.csv
aristocrat,10,9-12,advanced_9_to_12,5045,838,false,n,tier3_bnc_coca+bnc_coca_band_6k+grade_estimate_10+general_or_nonacademic,advanced,advanced,1.757,10.843,30.75,advanced_seed,advanced_9_to_12.csv
posthumous,11,9-12,advanced_9_to_12,8685,217,false,adj,tier3_bnc_coca+bnc_coca_band_9k+grade_estimate_11+general_or_nonacademic,advanced,advanced,1.414,8.885,30.749,advanced_seed,advanced_9_to_12.csv
dishevelled,12,9-12,advanced_9_to_12,9262,153,false,n,tier3_bnc_coca+bnc_coca_band_10k+grade_estimate_12+general_or_nonacademic,advanced,advanced,1.327,8.27,30.749,advanced_seed,advanced_9_to_12.csv
reincarnating,12,9-12,advanced_9_to_12,9765,153,false,n,tier3_bnc_coca+bnc_coca_band_10k+grade_estimate_12+general_or_nonacademic,advanced,advanced,1.327,8.27,30.749,advanced_seed,advanced_9_to_12.csv
solitary,9,9-12,advanced_9_to_12,4818,833,false,n,tier3_bnc_coca+bnc_coca_band_5k+grade_estimate_9+general_or_nonacademic,advanced,advanced,1.755,10.841,30.748,advanced_seed,advanced_9_to_12.csv
invasive,11,9-12,advanced_9_to_12,7451,215,false,adj,tier3_bnc_coca+bnc_coca_band_8k+grade_estimate_11+general_or_nonacademic,advanced,advanced,1.411,8.882,30.747,advanced_seed,advanced_9_to_12.csv
deceased,9,9-12,advanced_9_to_12,4224,827,false,n,tier3_bnc_coca+bnc_coca_band_5k+grade_estimate_9+general_or_nonacademic,advanced,advanced,1.754,10.838,30.746,advanced_seed,advanced_9_to_12.csv
infringe,10,9-12,advanced_9_to_12,5484,826,false,n,tier3_bnc_coca+bnc_coca_band_6k+grade_estimate_10+general_or_nonacademic,advanced,advanced,1.753,10.838,30.746,advanced_seed,advanced_9_to_12.csv
percussion,11,9-12,advanced_9_to_12,7651,214,false,n,tier3_bnc_coca+bnc_coca_band_8k+grade_estimate_11+general_or_nonacademic,advanced,advanced,1.41,8.88,30.745,advanced_seed,advanced_9_to_12.csv
revulsion,11,9-12,advanced_9_to_12,8767,214,false,n,tier3_bnc_coca+bnc_coca_band_9k+grade_estimate_11+general_or_nonacademic,advanced,advanced,1.41,8.88,30.745,advanced_seed,advanced_9_to_12.csv
kaleidoscope,12,9-12,advanced_9_to_12,9493,151,false,n,tier3_bnc_coca+bnc_coca_band_10k+grade_estimate_12+general_or_nonacademic,advanced,advanced,1.324,8.265,30.745,advanced_seed,advanced_9_to_12.csv
psychedelic,12,9-12,advanced_9_to_12,9732,151,false,adj,tier3_bnc_coca+bnc_coca_band_10k+grade_estimate_12+general_or_nonacademic,advanced,advanced,1.324,8.265,30.745,advanced_seed,advanced_9_to_12.csv
overthrow,9,9-12,advanced_9_to_12,4597,820,false,v,tier3_bnc_coca+bnc_coca_band_5k+grade_estimate_9+general_or_nonacademic,advanced,advanced,1.751,10.835,30.743,advanced_seed,advanced_9_to_12.csv
bilateral,9,9-12,advanced_9_to_12,4084,819,false,adj,tier3_bnc_coca+bnc_coca_band_5k+grade_estimate_9+general_or_nonacademic,advanced,advanced,1.751,10.835,30.743,advanced_seed,advanced_9_to_12.csv
recollect,9,9-12,advanced_9_to_12,4707,818,false,v,tier3_bnc_coca+bnc_coca_band_5k+grade_estimate_9+general_or_nonacademic,advanced,advanced,1.751,10.834,30.743,advanced_seed,advanced_9_to_12.csv
sanctuary,9,9-12,advanced_9_to_12,4758,818,false,n,tier3_bnc_coca+bnc_coca_band_5k+grade_estimate_9+general_or_nonacademic,advanced,advanced,1.751,10.834,30.743,advanced_seed,advanced_9_to_12.csv
filament,11,9-12,advanced_9_to_12,8338,212,false,n,tier3_bnc_coca+bnc_coca_band_9k+grade_estimate_11+general_or_nonacademic,advanced,advanced,1.408,8.877,30.742,advanced_seed,advanced_9_to_12.csv
cocktail,9,9-12,advanced_9_to_12,4157,815,false,n,tier3_bnc_coca+bnc_coca_band_5k+grade_estimate_9+general_or_nonacademic,advanced,advanced,1.75,10.833,30.742,advanced_seed,advanced_9_to_12.csv
technician,9,9-12,advanced_9_to_12,4882,815,false,n,tier3_bnc_coca+bnc_coca_band_5k+grade_estimate_9+general_or_nonacademic,advanced,advanced,1.75,10.833,30.742,advanced_seed,advanced_9_to_12.csv
divisive,11,9-12,advanced_9_to_12,7272,211,false,adj,tier3_bnc_coca+bnc_coca_band_8k+grade_estimate_11+general_or_nonacademic,advanced,advanced,1.407,8.876,30.741,advanced_seed,advanced_9_to_12.csv
amorphous,11,9-12,advanced_9_to_12,8039,211,false,adj,tier3_bnc_coca+bnc_coca_band_9k+grade_estimate_11+general_or_nonacademic,advanced,advanced,1.407,8.876,30.741,advanced_seed,advanced_9_to_12.csv
evocative,11,9-12,advanced_9_to_12,8311,211,false,adj,tier3_bnc_coca+bnc_coca_band_9k+grade_estimate_11+general_or_nonacademic,advanced,advanced,1.407,8.876,30.741,advanced_seed,advanced_9_to_12.csv
ferocity,11,9-12,advanced_9_to_12,8331,211,false,n,tier3_bnc_coca+bnc_coca_band_9k+grade_estimate_11+general_or_nonacademic,advanced,advanced,1.407,8.876,30.741,advanced_seed,advanced_9_to_12.csv
conversely,9,9-12,advanced_9_to_12,4189,812,false,adv,tier3_bnc_coca+bnc_coca_band_5k+grade_estimate_9+general_or_nonacademic,advanced,advanced,1.749,10.832,30.74,advanced_seed,advanced_9_to_12.csv
archipelago,12,9-12,advanced_9_to_12,9044,148,false,n,tier3_bnc_coca+bnc_coca_band_10k+grade_estimate_12+general_or_nonacademic,advanced,advanced,1.319,8.259,30.739,advanced_seed,advanced_9_to_12.csv
extravaganza,12,9-12,advanced_9_to_12,9331,148,false,n,tier3_bnc_coca+bnc_coca_band_10k+grade_estimate_12+general_or_nonacademic,advanced,advanced,1.319,8.259,30.739,advanced_seed,advanced_9_to_12.csv
neurotransmitter,12,9-12,advanced_9_to_12,9598,148,false,n,tier3_bnc_coca+bnc_coca_band_10k+grade_estimate_12+general_or_nonacademic,advanced,advanced,1.319,8.259,30.739,advanced_seed,advanced_9_to_12.csv
ameliorate,11,9-12,advanced_9_to_12,8036,208,false,v,tier3_bnc_coca+bnc_coca_band_9k+grade_estimate_11+general_or_nonacademic,advanced,advanced,1.403,8.871,30.737,advanced_seed,advanced_9_to_12.csv
requisite,9,9-12,advanced_9_to_12,4727,801,false,n,tier3_bnc_coca+bnc_coca_band_5k+grade_estimate_9+general_or_nonacademic,advanced,advanced,1.745,10.827,30.736,advanced_seed,advanced_9_to_12.csv
affluence,11,9-12,advanced_9_to_12,8023,207,false,n,tier3_bnc_coca+bnc_coca_band_9k+grade_estimate_11+general_or_nonacademic,advanced,advanced,1.402,8.869,30.736,advanced_seed,advanced_9_to_12.csv
automobile,9,9-12,advanced_9_to_12,3065,798,false,n,tier3_bnc_coca+bnc_coca_band_4k+grade_estimate_9+general_or_nonacademic,advanced,advanced,1.744,10.826,30.735,advanced_seed,advanced_9_to_12.csv
indisputable,12,9-12,advanced_9_to_12,9457,146,false,adj,tier3_bnc_coca+bnc_coca_band_10k+grade_estimate_12+general_or_nonacademic,advanced,advanced,1.316,8.254,30.735,advanced_seed,advanced_9_to_12.csv
debilitate,11,9-12,advanced_9_to_12,7238,206,false,v,tier3_bnc_coca+bnc_coca_band_8k+grade_estimate_11+general_or_nonacademic,advanced,advanced,1.401,8.868,30.734,advanced_seed,advanced_9_to_12.csv
germinate,11,9-12,advanced_9_to_12,8376,206,false,v,tier3_bnc_coca+bnc_coca_band_9k+grade_estimate_11+general_or_nonacademic,advanced,advanced,1.401,8.868,30.734,advanced_seed,advanced_9_to_12.csv
diarrhoea,10,9-12,advanced_9_to_12,5263,794,false,n,tier3_bnc_coca+bnc_coca_band_6k+grade_estimate_10+general_or_nonacademic,advanced,advanced,1.743,10.824,30.734,advanced_seed,advanced_9_to_12.csv
conquest,10,9-12,advanced_9_to_12,5196,793,false,n,tier3_bnc_coca+bnc_coca_band_6k+grade_estimate_10+general_or_nonacademic,advanced,advanced,1.743,10.824,30.733,advanced_seed,advanced_9_to_12.csv
oversimplify,12,9-12,advanced_9_to_12,9630,145,false,v,tier3_bnc_coca+bnc_coca_band_10k+grade_estimate_12+general_or_nonacademic,advanced,advanced,1.314,8.252,30.733,advanced_seed,advanced_9_to_12.csv
castrate,11,9-12,advanced_9_to_12,8136,205,false,v,tier3_bnc_coca+bnc_coca_band_9k+grade_estimate_11+general_or_nonacademic,advanced,advanced,1.399,8.866,30.733,advanced_seed,advanced_9_to_12.csv
circumcize,11,9-12,advanced_9_to_12,8151,205,false,v,tier3_bnc_coca+bnc_coca_band_9k+grade_estimate_11+general_or_nonacademic,advanced,advanced,1.399,8.866,30.733,advanced_seed,advanced_9_to_12.csv
semblance,11,9-12,advanced_9_to_12,8802,205,false,n,tier3_bnc_coca+bnc_coca_band_9k+grade_estimate_11+general_or_nonacademic,advanced,advanced,1.399,8.866,30.733,advanced_seed,advanced_9_to_12.csv
condense,9,9-12,advanced_9_to_12,4177,791,false,n,tier3_bnc_coca+bnc_coca_band_5k+grade_estimate_9+general_or_nonacademic,advanced,advanced,1.742,10.823,30.733,advanced_seed,advanced_9_to_12.csv
farewell,9,9-12,advanced_9_to_12,4336,789,false,n,tier3_bnc_coca+bnc_coca_band_5k+grade_estimate_9+general_or_nonacademic,advanced,advanced,1.742,10.822,30.732,advanced_seed,advanced_9_to_12.csv
jeopardy,9,9-12,advanced_9_to_12,4458,789,false,n,tier3_bnc_coca+bnc_coca_band_5k+grade_estimate_9+general_or_nonacademic,advanced,advanced,1.742,10.822,30.732,advanced_seed,advanced_9_to_12.csv
pastoral,9,9-12,advanced_9_to_12,4616,788,false,adj,tier3_bnc_coca+bnc_coca_band_5k+grade_estimate_9+general_or_nonacademic,advanced,advanced,1.741,10.822,30.731,advanced_seed,advanced_9_to_12.csv
amputate,11,9-12,advanced_9_to_12,7029,204,false,v,tier3_bnc_coca+bnc_coca_band_8k+grade_estimate_11+general_or_nonacademic,advanced,advanced,1.398,8.864,30.731,advanced_seed,advanced_9_to_12.csv
ordinance,11,9-12,advanced_9_to_12,7598,204,false,n,tier3_bnc_coca+bnc_coca_band_8k+grade_estimate_11+general_or_nonacademic,advanced,advanced,1.398,8.864,30.731,advanced_seed,advanced_9_to_12.csv
accretion,11,9-12,advanced_9_to_12,8010,204,false,n,tier3_bnc_coca+bnc_coca_band_9k+grade_estimate_11+general_or_nonacademic,advanced,advanced,1.398,8.864,30.731,advanced_seed,advanced_9_to_12.csv
euphemism,11,9-12,advanced_9_to_12,8308,204,false,n,tier3_bnc_coca+bnc_coca_band_9k+grade_estimate_11+general_or_nonacademic,advanced,advanced,1.398,8.864,30.731,advanced_seed,advanced_9_to_12.csv
immobilize,11,9-12,advanced_9_to_12,8438,204,false,v,tier3_bnc_coca+bnc_coca_band_9k+grade_estimate_11+general_or_nonacademic,advanced,advanced,1.398,8.864,30.731,advanced_seed,advanced_9_to_12.csv
paratrooper,12,9-12,advanced_9_to_12,9653,144,false,n,tier3_bnc_coca+bnc_coca_band_10k+grade_estimate_12+general_or_nonacademic,advanced,advanced,1.313,8.25,30.731,advanced_seed,advanced_9_to_12.csv
socialise,9,9-12,advanced_9_to_12,4811,784,false,v,tier3_bnc_coca+bnc_coca_band_5k+grade_estimate_9+general_or_nonacademic,advanced,advanced,1.74,10.82,30.73,advanced_seed,advanced_9_to_12.csv
complicity,11,9-12,advanced_9_to_12,8169,203,false,n,tier3_bnc_coca+bnc_coca_band_9k+grade_estimate_11+general_or_nonacademic,advanced,advanced,1.397,8.863,30.73,advanced_seed,advanced_9_to_12.csv
aerospace,10,9-12,advanced_9_to_12,5018,781,false,n,tier3_bnc_coca+bnc_coca_band_6k+grade_estimate_10+general_or_nonacademic,advanced,advanced,1.739,10.819,30.729,advanced_seed,advanced_9_to_12.csv
charitable,9,9-12,advanced_9_to_12,4133,780,false,adj,tier3_bnc_coca+bnc_coca_band_5k+grade_estimate_9+general_or_nonacademic,advanced,advanced,1.739,10.818,30.728,advanced_seed,advanced_9_to_12.csv
embroider,9,9-12,advanced_9_to_12,4304,780,false,v,tier3_bnc_coca+bnc_coca_band_5k+grade_estimate_9+general_or_nonacademic,advanced,advanced,1.739,10.818,30.728,advanced_seed,advanced_9_to_12.csv
discontent,10,9-12,advanced_9_to_12,5272,778,false,v,tier3_bnc_coca+bnc_coca_band_6k+grade_estimate_10+general_or_nonacademic,advanced,advanced,1.738,10.817,30.728,advanced_seed,advanced_9_to_12.csv
amphitheatre,11,9-12,advanced_9_to_12,8040,142,false,n,tier3_bnc_coca+bnc_coca_band_9k+grade_estimate_11+general_or_nonacademic,advanced,advanced,1.309,8.245,30.727,advanced_seed,advanced_9_to_12.csv
truncate,12,9-12,advanced_9_to_12,9925,201,false,v,tier3_bnc_coca+bnc_coca_band_10k+grade_estimate_12+general_or_nonacademic,advanced,advanced,1.395,8.859,30.727,advanced_seed,advanced_9_to_12.csv
testimony,9,9-12,advanced_9_to_12,3910,776,false,n,tier3_bnc_coca+bnc_coca_band_4k+grade_estimate_9+general_or_nonacademic,advanced,advanced,1.737,10.816,30.727,advanced_seed,advanced_9_to_12.csv
commotion,11,9-12,advanced_9_to_12,7192,200,false,n,tier3_bnc_coca+bnc_coca_band_8k+grade_estimate_11+general_or_nonacademic,advanced,advanced,1.393,8.858,30.726,advanced_seed,advanced_9_to_12.csv
assiduous,12,9-12,advanced_9_to_12,9049,200,false,adj,tier3_bnc_coca+bnc_coca_band_10k+grade_estimate_12+general_or_nonacademic,advanced,advanced,1.393,8.858,30.726,advanced_seed,advanced_9_to_12.csv
accessory,9,9-12,advanced_9_to_12,4004,772,false,n,tier3_bnc_coca+bnc_coca_band_5k+grade_estimate_9+general_or_nonacademic,advanced,advanced,1.736,10.815,30.725,advanced_seed,advanced_9_to_12.csv
construe,10,9-12,advanced_9_to_12,5200,772,false,n,tier3_bnc_coca+bnc_coca_band_6k+grade_estimate_10+general_or_nonacademic,advanced,advanced,1.736,10.815,30.725,advanced_seed,advanced_9_to_12.csv
versatile,9,9-12,advanced_9_to_12,4958,770,false,n,tier3_bnc_coca+bnc_coca_band_5k+grade_estimate_9+general_or_nonacademic,advanced,advanced,1.735,10.814,30.724,advanced_seed,advanced_9_to_12.csv
decadence,11,9-12,advanced_9_to_12,7240,199,false,n,tier3_bnc_coca+bnc_coca_band_8k+grade_estimate_11+general_or_nonacademic,advanced,advanced,1.392,8.856,30.724,advanced_seed,advanced_9_to_12.csv
innocuous,11,9-12,advanced_9_to_12,8462,199,false,adj,tier3_bnc_coca+bnc_coca_band_9k+grade_estimate_11+general_or_nonacademic,advanced,advanced,1.392,8.856,30.724,advanced_seed,advanced_9_to_12.csv
communal,9,9-12,advanced_9_to_12,4168,768,false,adj,tier3_bnc_coca+bnc_coca_band_5k+grade_estimate_9+general_or_nonacademic,advanced,advanced,1.735,10.813,30.724,advanced_seed,advanced_9_to_12.csv
pamphlet,10,9-12,advanced_9_to_12,5658,767,false,n,tier3_bnc_coca+bnc_coca_band_6k+grade_estimate_10+general_or_nonacademic,advanced,advanced,1.734,10.812,30.723,advanced_seed,advanced_9_to_12.csv
thoroughfare,12,9-12,advanced_9_to_12,9903,140,false,n,tier3_bnc_coca+bnc_coca_band_10k+grade_estimate_12+general_or_nonacademic,advanced,advanced,1.306,8.241,30.723,advanced_seed,advanced_9_to_12.csv
denigrate,11,9-12,advanced_9_to_12,8234,198,false,v,tier3_bnc_coca+bnc_coca_band_9k+grade_estimate_11+general_or_nonacademic,advanced,advanced,1.391,8.854,30.723,advanced_seed,advanced_9_to_12.csv
dinosaur,9,9-12,advanced_9_to_12,4249,762,false,n,tier3_bnc_coca+bnc_coca_band_5k+grade_estimate_9+general_or_nonacademic,advanced,advanced,1.733,10.81,30.721,advanced_seed,advanced_9_to_12.csv
influenza,9,9-12,advanced_9_to_12,4438,760,false,n,tier3_bnc_coca+bnc_coca_band_5k+grade_estimate_9+general_or_nonacademic,advanced,advanced,1.732,10.809,30.721,advanced_seed,advanced_9_to_12.csv
circumspect,12,9-12,advanced_9_to_12,9158,138,false,adj,tier3_bnc_coca+bnc_coca_band_10k+grade_estimate_12+general_or_nonacademic,advanced,advanced,1.302,8.236,30.719,advanced_seed,advanced_9_to_12.csv
generator,9,9-12,advanced_9_to_12,4369,756,false,n,tier3_bnc_coca+bnc_coca_band_5k+grade_estimate_9+general_or_nonacademic,advanced,advanced,1.731,10.807,30.719,advanced_seed,advanced_9_to_12.csv
pathetic,9,9-12,advanced_9_to_12,4619,755,false,adj,tier3_bnc_coca+bnc_coca_band_5k+grade_estimate_9+general_or_nonacademic,advanced,advanced,1.73,10.807,30.719,advanced_seed,advanced_9_to_12.csv
impediment,11,9-12,advanced_9_to_12,7428,195,false,n,tier3_bnc_coca+bnc_coca_band_8k+grade_estimate_11+general_or_nonacademic,advanced,advanced,1.387,8.849,30.718,advanced_seed,advanced_9_to_12.csv
altruism,11,9-12,advanced_9_to_12,8034,195,false,n,tier3_bnc_coca+bnc_coca_band_9k+grade_estimate_11+general_or_nonacademic,advanced,advanced,1.387,8.849,30.718,advanced_seed,advanced_9_to_12.csv
habituate,12,9-12,advanced_9_to_12,9404,195,false,v,tier3_bnc_coca+bnc_coca_band_10k+grade_estimate_12+general_or_nonacademic,advanced,advanced,1.387,8.849,30.718,advanced_seed,advanced_9_to_12.csv
gratitude,9,9-12,advanced_9_to_12,4382,751,false,n,tier3_bnc_coca+bnc_coca_band_5k+grade_estimate_9+general_or_nonacademic,advanced,advanced,1.729,10.805,30.717,advanced_seed,advanced_9_to_12.csv
inundate,11,9-12,advanced_9_to_12,7450,194,false,v,tier3_bnc_coca+bnc_coca_band_8k+grade_estimate_11+general_or_nonacademic,advanced,advanced,1.386,8.848,30.717,advanced_seed,advanced_9_to_12.csv
stalemate,11,9-12,advanced_9_to_12,8865,194,false,v,tier3_bnc_coca+bnc_coca_band_9k+grade_estimate_11+general_or_nonacademic,advanced,advanced,1.386,8.848,30.717,advanced_seed,advanced_9_to_12.csv
jealousy,10,9-12,advanced_9_to_12,5508,747,false,n,tier3_bnc_coca+bnc_coca_band_6k+grade_estimate_10+general_or_nonacademic,advanced,advanced,1.727,10.803,30.715,advanced_seed,advanced_9_to_12.csv
mischief,10,9-12,advanced_9_to_12,5593,747,false,n,tier3_bnc_coca+bnc_coca_band_6k+grade_estimate_10+general_or_nonacademic,advanced,advanced,1.727,10.803,30.715,advanced_seed,advanced_9_to_12.csv
intercept,9,9-12,advanced_9_to_12,4447,744,false,v,tier3_bnc_coca+bnc_coca_band_5k+grade_estimate_9+general_or_nonacademic,advanced,advanced,1.726,10.802,30.714,advanced_seed,advanced_9_to_12.csv
presuppose,10,9-12,advanced_9_to_12,5718,742,false,n,tier3_bnc_coca+bnc_coca_band_6k+grade_estimate_10+general_or_nonacademic,advanced,advanced,1.726,10.801,30.713,advanced_seed,advanced_9_to_12.csv
excruciating,11,9-12,advanced_9_to_12,8313,135,false,adj,tier3_bnc_coca+bnc_coca_band_9k+grade_estimate_11+general_or_nonacademic,advanced,advanced,1.297,8.229,30.713,advanced_seed,advanced_9_to_12.csv
proactive,11,9-12,advanced_9_to_12,7695,191,false,adj,tier3_bnc_coca+bnc_coca_band_8k+grade_estimate_11+general_or_nonacademic,advanced,advanced,1.382,8.843,30.712,advanced_seed,advanced_9_to_12.csv
pessimism,11,9-12,advanced_9_to_12,8655,190,false,n,tier3_bnc_coca+bnc_coca_band_9k+grade_estimate_11+general_or_nonacademic,advanced,advanced,1.381,8.841,30.711,advanced_seed,advanced_9_to_12.csv
exemplify,10,9-12,advanced_9_to_12,5333,735,false,v,tier3_bnc_coca+bnc_coca_band_6k+grade_estimate_10+general_or_nonacademic,advanced,advanced,1.723,10.798,30.711,advanced_seed,advanced_9_to_12.csv
contented,10,9-12,advanced_9_to_12,5201,734,false,adj,tier3_bnc_coca+bnc_coca_band_6k+grade_estimate_10+general_or_nonacademic,advanced,advanced,1.723,10.797,30.71,advanced_seed,advanced_9_to_12.csv
artillery,9,9-12,advanced_9_to_12,4055,733,false,n,tier3_bnc_coca+bnc_coca_band_5k+grade_estimate_9+general_or_nonacademic,advanced,advanced,1.723,10.797,30.71,advanced_seed,advanced_9_to_12.csv
oxidation,12,9-12,advanced_9_to_12,9632,189,false,n,tier3_bnc_coca+bnc_coca_band_10k+grade_estimate_12+general_or_nonacademic,advanced,advanced,1.379,8.839,30.709,advanced_seed,advanced_9_to_12.csv
bungalow,10,9-12,advanced_9_to_12,5122,731,false,n,tier3_bnc_coca+bnc_coca_band_6k+grade_estimate_10+general_or_nonacademic,advanced,advanced,1.722,10.796,30.709,advanced_seed,advanced_9_to_12.csv
impassioned,12,9-12,advanced_9_to_12,9442,133,false,n,tier3_bnc_coca+bnc_coca_band_10k+grade_estimate_12+general_or_nonacademic,advanced,advanced,1.293,8.224,30.709,advanced_seed,advanced_9_to_12.csv
inscrutable,12,9-12,advanced_9_to_12,9464,133,false,adj,tier3_bnc_coca+bnc_coca_band_10k+grade_estimate_12+general_or_nonacademic,advanced,advanced,1.293,8.224,30.709,advanced_seed,advanced_9_to_12.csv
paraphernalia,12,9-12,advanced_9_to_12,9652,133,false,n,tier3_bnc_coca+bnc_coca_band_10k+grade_estimate_12+general_or_nonacademic,advanced,advanced,1.293,8.224,30.709,advanced_seed,advanced_9_to_12.csv
enunciate,11,9-12,advanced_9_to_12,8302,188,false,v,tier3_bnc_coca+bnc_coca_band_9k+grade_estimate_11+general_or_nonacademic,advanced,advanced,1.378,8.837,30.708,advanced_seed,advanced_9_to_12.csv
parachute,10,9-12,advanced_9_to_12,5661,726,false,n,tier3_bnc_coca+bnc_coca_band_6k+grade_estimate_10+general_or_nonacademic,advanced,advanced,1.72,10.794,30.707,advanced_seed,advanced_9_to_12.csv
aberration,11,9-12,advanced_9_to_12,8004,187,false,n,tier3_bnc_coca+bnc_coca_band_9k+grade_estimate_11+general_or_nonacademic,advanced,advanced,1.377,8.836,30.706,advanced_seed,advanced_9_to_12.csv
decelerate,12,9-12,advanced_9_to_12,9220,187,false,v,tier3_bnc_coca+bnc_coca_band_10k+grade_estimate_12+general_or_nonacademic,advanced,advanced,1.377,8.836,30.706,advanced_seed,advanced_9_to_12.csv
outright,9,9-12,advanced_9_to_12,4592,724,false,n,tier3_bnc_coca+bnc_coca_band_5k+grade_estimate_9+general_or_nonacademic,advanced,advanced,1.719,10.793,30.706,advanced_seed,advanced_9_to_12.csv
corporal,10,9-12,advanced_9_to_12,5209,724,false,adj,tier3_bnc_coca+bnc_coca_band_6k+grade_estimate_10+general_or_nonacademic,advanced,advanced,1.719,10.793,30.706,advanced_seed,advanced_9_to_12.csv
prodigious,11,9-12,advanced_9_to_12,8696,186,false,adj,tier3_bnc_coca+bnc_coca_band_9k+grade_estimate_11+general_or_nonacademic,advanced,advanced,1.375,8.834,30.705,advanced_seed,advanced_9_to_12.csv
heighten,9,9-12,advanced_9_to_12,4402,720,false,v,tier3_bnc_coca+bnc_coca_band_5k+grade_estimate_9+general_or_nonacademic,advanced,advanced,1.718,10.791,30.704,advanced_seed,advanced_9_to_12.csv
exterior,9,9-12,advanced_9_to_12,4331,719,false,n,tier3_bnc_coca+bnc_coca_band_5k+grade_estimate_9+general_or_nonacademic,advanced,advanced,1.718,10.79,30.704,advanced_seed,advanced_9_to_12.csv
resurrect,9,9-12,advanced_9_to_12,4729,718,false,v,tier3_bnc_coca+bnc_coca_band_5k+grade_estimate_9+general_or_nonacademic,advanced,advanced,1.717,10.79,30.703,advanced_seed,advanced_9_to_12.csv
gratuitous,11,9-12,advanced_9_to_12,8387,185,false,adj,tier3_bnc_coca+bnc_coca_band_9k+grade_estimate_11+general_or_nonacademic,advanced,advanced,1.374,8.832,30.703,advanced_seed,advanced_9_to_12.csv
temperance,12,9-12,advanced_9_to_12,9894,185,false,n,tier3_bnc_coca+bnc_coca_band_10k+grade_estimate_12+general_or_nonacademic,advanced,advanced,1.374,8.832,30.703,advanced_seed,advanced_9_to_12.csv
longevity,11,9-12,advanced_9_to_12,7504,184,false,n,tier3_bnc_coca+bnc_coca_band_8k+grade_estimate_11+general_or_nonacademic,advanced,advanced,1.373,8.83,30.701,advanced_seed,advanced_9_to_12.csv
pernicious,11,9-12,advanced_9_to_12,8651,184,false,adj,tier3_bnc_coca+bnc_coca_band_9k+grade_estimate_11+general_or_nonacademic,advanced,advanced,1.373,8.83,30.701,advanced_seed,advanced_9_to_12.csv
dishonest,10,9-12,advanced_9_to_12,5276,713,false,adj,tier3_bnc_coca+bnc_coca_band_6k+grade_estimate_10+general_or_nonacademic,advanced,advanced,1.715,10.787,30.701,advanced_seed,advanced_9_to_12.csv
peninsula,9,9-12,advanced_9_to_12,4626,712,false,n,tier3_bnc_coca+bnc_coca_band_5k+grade_estimate_9+general_or_nonacademic,advanced,advanced,1.715,10.787,30.701,advanced_seed,advanced_9_to_12.csv
persecute,9,9-12,advanced_9_to_12,4630,712,false,n,tier3_bnc_coca+bnc_coca_band_5k+grade_estimate_9+general_or_nonacademic,advanced,advanced,1.715,10.787,30.701,advanced_seed,advanced_9_to_12.csv
complacent,10,9-12,advanced_9_to_12,5189,712,false,adj,tier3_bnc_coca+bnc_coca_band_6k+grade_estimate_10+general_or_nonacademic,advanced,advanced,1.715,10.787,30.701,advanced_seed,advanced_9_to_12.csv
amphetamine,12,9-12,advanced_9_to_12,9029,129,false,n,tier3_bnc_coca+bnc_coca_band_10k+grade_estimate_12+general_or_nonacademic,advanced,advanced,1.286,8.214,30.7,advanced_seed,advanced_9_to_12.csv
governance,10,9-12,advanced_9_to_12,6379,183,false,n,tier3_bnc_coca+bnc_coca_band_7k+grade_estimate_10+general_or_nonacademic,advanced,advanced,1.371,8.828,30.7,advanced_seed,advanced_9_to_12.csv
unanimity,12,9-12,advanced_9_to_12,9938,183,false,n,tier3_bnc_coca+bnc_coca_band_10k+grade_estimate_12+general_or_nonacademic,advanced,advanced,1.371,8.828,30.7,advanced_seed,advanced_9_to_12.csv
improvise,9,9-12,advanced_9_to_12,4431,708,false,v,tier3_bnc_coca+bnc_coca_band_5k+grade_estimate_9+general_or_nonacademic,advanced,advanced,1.714,10.785,30.699,advanced_seed,advanced_9_to_12.csv
alphabet,10,9-12,advanced_9_to_12,5030,708,false,n,tier3_bnc_coca+bnc_coca_band_6k+grade_estimate_10+general_or_nonacademic,advanced,advanced,1.714,10.785,30.699,advanced_seed,advanced_9_to_12.csv
carpenter,10,9-12,advanced_9_to_12,5142,708,false,n,tier3_bnc_coca+bnc_coca_band_6k+grade_estimate_10+general_or_nonacademic,advanced,advanced,1.714,10.785,30.699,advanced_seed,advanced_9_to_12.csv
pipeline,9,9-12,advanced_9_to_12,4645,707,false,n,tier3_bnc_coca+bnc_coca_band_5k+grade_estimate_9+general_or_nonacademic,advanced,advanced,1.713,10.784,30.699,advanced_seed,advanced_9_to_12.csv
disqualify,10,9-12,advanced_9_to_12,5281,707,false,v,tier3_bnc_coca+bnc_coca_band_6k+grade_estimate_10+general_or_nonacademic,advanced,advanced,1.713,10.784,30.699,advanced_seed,advanced_9_to_12.csv
pounding,9,9-12,advanced_9_to_12,4665,706,false,n,tier3_bnc_coca+bnc_coca_band_5k+grade_estimate_9+general_or_nonacademic,advanced,advanced,1.713,10.784,30.698,advanced_seed,advanced_9_to_12.csv
captivate,11,9-12,advanced_9_to_12,7143,182,false,v,tier3_bnc_coca+bnc_coca_band_8k+grade_estimate_11+general_or_nonacademic,advanced,advanced,1.37,8.827,30.698,advanced_seed,advanced_9_to_12.csv
inventory,9,9-12,advanced_9_to_12,4455,703,false,n,tier3_bnc_coca+bnc_coca_band_5k+grade_estimate_9+general_or_nonacademic,advanced,advanced,1.712,10.782,30.697,advanced_seed,advanced_9_to_12.csv
equitable,10,9-12,advanced_9_to_12,5315,702,false,adj,tier3_bnc_coca+bnc_coca_band_6k+grade_estimate_10+general_or_nonacademic,advanced,advanced,1.711,10.782,30.697,advanced_seed,advanced_9_to_12.csv
figurative,11,9-12,advanced_9_to_12,7341,181,false,adj,tier3_bnc_coca+bnc_coca_band_8k+grade_estimate_11+general_or_nonacademic,advanced,advanced,1.369,8.825,30.697,advanced_seed,advanced_9_to_12.csv
fruition,12,9-12,advanced_9_to_12,9371,181,false,n,tier3_bnc_coca+bnc_coca_band_10k+grade_estimate_12+general_or_nonacademic,advanced,advanced,1.369,8.825,30.697,advanced_seed,advanced_9_to_12.csv
posterity,12,9-12,advanced_9_to_12,9700,181,false,n,tier3_bnc_coca+bnc_coca_band_10k+grade_estimate_12+general_or_nonacademic,advanced,advanced,1.369,8.825,30.697,advanced_seed,advanced_9_to_12.csv
cardboard,9,9-12,advanced_9_to_12,4120,700,false,n,tier3_bnc_coca+bnc_coca_band_5k+grade_estimate_9+general_or_nonacademic,advanced,advanced,1.711,10.781,30.696,advanced_seed,advanced_9_to_12.csv
wilderness,9,9-12,advanced_9_to_12,4988,700,false,n,tier3_bnc_coca+bnc_coca_band_5k+grade_estimate_9+general_or_nonacademic,advanced,advanced,1.711,10.781,30.696,advanced_seed,advanced_9_to_12.csv
dissident,10,9-12,advanced_9_to_12,5284,700,false,n,tier3_bnc_coca+bnc_coca_band_6k+grade_estimate_10+general_or_nonacademic,advanced,advanced,1.711,10.781,30.696,advanced_seed,advanced_9_to_12.csv
counterpoint,12,9-12,advanced_9_to_12,9196,127,false,n,tier3_bnc_coca+bnc_coca_band_10k+grade_estimate_12+general_or_nonacademic,advanced,advanced,1.282,8.209,30.696,advanced_seed,advanced_9_to_12.csv
invigorate,11,9-12,advanced_9_to_12,7454,180,false,v,tier3_bnc_coca+bnc_coca_band_8k+grade_estimate_11+general_or_nonacademic,advanced,advanced,1.367,8.823,30.695,advanced_seed,advanced_9_to_12.csv
cauliflower,12,9-12,advanced_9_to_12,9141,126,false,n,tier3_bnc_coca+bnc_coca_band_10k+grade_estimate_12+general_or_nonacademic,advanced,advanced,1.28,8.207,30.693,advanced_seed,advanced_9_to_12.csv
millisecond,12,9-12,advanced_9_to_12,9564,126,false,n,tier3_bnc_coca+bnc_coca_band_10k+grade_estimate_12+general_or_nonacademic,advanced,advanced,1.28,8.207,30.693,advanced_seed,advanced_9_to_12.csv
landmark,9,9-12,advanced_9_to_12,4472,694,false,n,tier3_bnc_coca+bnc_coca_band_5k+grade_estimate_9+general_or_nonacademic,advanced,advanced,1.709,10.778,30.693,advanced_seed,advanced_9_to_12.csv
diminutive,11,9-12,advanced_9_to_12,8248,178,false,adj,tier3_bnc_coca+bnc_coca_band_9k+grade_estimate_11+general_or_nonacademic,advanced,advanced,1.364,8.819,30.692,advanced_seed,advanced_9_to_12.csv
reparation,11,9-12,advanced_9_to_12,8752,178,false,n,tier3_bnc_coca+bnc_coca_band_9k+grade_estimate_11+general_or_nonacademic,advanced,advanced,1.364,8.819,30.692,advanced_seed,advanced_9_to_12.csv
aftermath,9,9-12,advanced_9_to_12,4008,690,false,n,tier3_bnc_coca+bnc_coca_band_5k+grade_estimate_9+general_or_nonacademic,advanced,advanced,1.707,10.776,30.692,advanced_seed,advanced_9_to_12.csv
calamity,11,9-12,advanced_9_to_12,8120,177,false,n,tier3_bnc_coca+bnc_coca_band_9k+grade_estimate_11+general_or_nonacademic,advanced,advanced,1.363,8.817,30.69,advanced_seed,advanced_9_to_12.csv
credence,11,9-12,advanced_9_to_12,8202,177,false,n,tier3_bnc_coca+bnc_coca_band_9k+grade_estimate_11+general_or_nonacademic,advanced,advanced,1.363,8.817,30.69,advanced_seed,advanced_9_to_12.csv
partisan,9,9-12,advanced_9_to_12,4611,687,false,n,tier3_bnc_coca+bnc_coca_band_5k+grade_estimate_9+general_or_nonacademic,advanced,advanced,1.706,10.775,30.69,advanced_seed,advanced_9_to_12.csv
binoculars,9,9-12,advanced_9_to_12,4085,686,false,n,tier3_bnc_coca+bnc_coca_band_5k+grade_estimate_9+general_or_nonacademic,advanced,advanced,1.706,10.774,30.69,advanced_seed,advanced_9_to_12.csv
hurricane,9,9-12,advanced_9_to_12,3485,685,false,n,tier3_bnc_coca+bnc_coca_band_4k+grade_estimate_9+general_or_nonacademic,advanced,advanced,1.705,10.774,30.689,advanced_seed,advanced_9_to_12.csv
sinister,10,9-12,advanced_9_to_12,5838,685,false,adj,tier3_bnc_coca+bnc_coca_band_6k+grade_estimate_10+general_or_nonacademic,advanced,advanced,1.705,10.774,30.689,advanced_seed,advanced_9_to_12.csv
underpin,10,9-12,advanced_9_to_12,5944,685,false,n,tier3_bnc_coca+bnc_coca_band_6k+grade_estimate_10+general_or_nonacademic,advanced,advanced,1.705,10.774,30.689,advanced_seed,advanced_9_to_12.csv
melodramatic,12,9-12,advanced_9_to_12,9555,124,false,adj,tier3_bnc_coca+bnc_coca_band_10k+grade_estimate_12+general_or_nonacademic,advanced,advanced,1.276,8.202,30.689,advanced_seed,advanced_9_to_12.csv
stubborn,9,9-12,advanced_9_to_12,4853,684,false,adj,tier3_bnc_coca+bnc_coca_band_5k+grade_estimate_9+general_or_nonacademic,advanced,advanced,1.705,10.773,30.689,advanced_seed,advanced_9_to_12.csv
irritable,10,9-12,advanced_9_to_12,5504,684,false,adj,tier3_bnc_coca+bnc_coca_band_6k+grade_estimate_10+general_or_nonacademic,advanced,advanced,1.705,10.773,30.689,advanced_seed,advanced_9_to_12.csv
battalion,9,9-12,advanced_9_to_12,4079,680,false,n,tier3_bnc_coca+bnc_coca_band_5k+grade_estimate_9+general_or_nonacademic,advanced,advanced,1.703,10.771,30.687,advanced_seed,advanced_9_to_12.csv
nickname,9,9-12,advanced_9_to_12,4568,680,false,n,tier3_bnc_coca+bnc_coca_band_5k+grade_estimate_9+general_or_nonacademic,advanced,advanced,1.703,10.771,30.687,advanced_seed,advanced_9_to_12.csv
exquisite,9,9-12,advanced_9_to_12,4330,677,false,adj,tier3_bnc_coca+bnc_coca_band_5k+grade_estimate_9+general_or_nonacademic,advanced,advanced,1.702,10.77,30.686,advanced_seed,advanced_9_to_12.csv
impotence,11,9-12,advanced_9_to_12,8446,174,false,n,tier3_bnc_coca+bnc_coca_band_9k+grade_estimate_11+general_or_nonacademic,advanced,advanced,1.359,8.812,30.685,advanced_seed,advanced_9_to_12.csv
carnation,12,9-12,advanced_9_to_12,9132,174,false,n,tier3_bnc_coca+bnc_coca_band_10k+grade_estimate_12+general_or_nonacademic,advanced,advanced,1.359,8.812,30.685,advanced_seed,advanced_9_to_12.csv
fastidious,12,9-12,advanced_9_to_12,9336,174,false,adj,tier3_bnc_coca+bnc_coca_band_10k+grade_estimate_12+general_or_nonacademic,advanced,advanced,1.359,8.812,30.685,advanced_seed,advanced_9_to_12.csv
moustache,9,9-12,advanced_9_to_12,4554,673,false,n,tier3_bnc_coca+bnc_coca_band_5k+grade_estimate_9+general_or_nonacademic,advanced,advanced,1.701,10.768,30.684,advanced_seed,advanced_9_to_12.csv
terrific,9,9-12,advanced_9_to_12,4892,673,false,adj,tier3_bnc_coca+bnc_coca_band_5k+grade_estimate_9+general_or_nonacademic,advanced,advanced,1.701,10.768,30.684,advanced_seed,advanced_9_to_12.csv
dissonance,11,9-12,advanced_9_to_12,8266,173,false,n,tier3_bnc_coca+bnc_coca_band_9k+grade_estimate_11+general_or_nonacademic,advanced,advanced,1.357,8.81,30.684,advanced_seed,advanced_9_to_12.csv
dementia,10,9-12,advanced_9_to_12,5246,672,false,n,tier3_bnc_coca+bnc_coca_band_6k+grade_estimate_10+general_or_nonacademic,advanced,advanced,1.7,10.767,30.684,advanced_seed,advanced_9_to_12.csv
infatuate,11,9-12,advanced_9_to_12,8457,172,false,v,tier3_bnc_coca+bnc_coca_band_9k+grade_estimate_11+general_or_nonacademic,advanced,advanced,1.356,8.808,30.682,advanced_seed,advanced_9_to_12.csv
impregnate,12,9-12,advanced_9_to_12,9447,172,false,v,tier3_bnc_coca+bnc_coca_band_10k+grade_estimate_12+general_or_nonacademic,advanced,advanced,1.356,8.808,30.682,advanced_seed,advanced_9_to_12.csv
fragrant,9,9-12,advanced_9_to_12,4359,667,false,adj,tier3_bnc_coca+bnc_coca_band_5k+grade_estimate_9+general_or_nonacademic,advanced,advanced,1.698,10.764,30.681,advanced_seed,advanced_9_to_12.csv
beforehand,10,9-12,advanced_9_to_12,5080,667,false,n,tier3_bnc_coca+bnc_coca_band_6k+grade_estimate_10+general_or_nonacademic,advanced,advanced,1.698,10.764,30.681,advanced_seed,advanced_9_to_12.csv
submissive,12,9-12,advanced_9_to_12,9862,171,false,adj,tier3_bnc_coca+bnc_coca_band_10k+grade_estimate_12+general_or_nonacademic,advanced,advanced,1.355,8.806,30.68,advanced_seed,advanced_9_to_12.csv
vegetarian,9,9-12,advanced_9_to_12,4950,663,false,n,tier3_bnc_coca+bnc_coca_band_5k+grade_estimate_9+general_or_nonacademic,advanced,advanced,1.697,10.762,30.68,advanced_seed,advanced_9_to_12.csv
fictitious,11,9-12,advanced_9_to_12,8335,170,false,adj,tier3_bnc_coca+bnc_coca_band_9k+grade_estimate_11+general_or_nonacademic,advanced,advanced,1.353,8.804,30.679,advanced_seed,advanced_9_to_12.csv
munition,11,9-12,advanced_9_to_12,8589,170,false,n,tier3_bnc_coca+bnc_coca_band_9k+grade_estimate_11+general_or_nonacademic,advanced,advanced,1.353,8.804,30.679,advanced_seed,advanced_9_to_12.csv
vindictive,12,9-12,advanced_9_to_12,9970,170,false,adj,tier3_bnc_coca+bnc_coca_band_10k+grade_estimate_12+general_or_nonacademic,advanced,advanced,1.353,8.804,30.679,advanced_seed,advanced_9_to_12.csv
capitalise,10,9-12,advanced_9_to_12,5134,660,false,v,tier3_bnc_coca+bnc_coca_band_6k+grade_estimate_10+general_or_nonacademic,advanced,advanced,1.696,10.761,30.678,advanced_seed,advanced_9_to_12.csv
perpetual,10,9-12,advanced_9_to_12,5687,660,false,adj,tier3_bnc_coca+bnc_coca_band_6k+grade_estimate_10+general_or_nonacademic,advanced,advanced,1.696,10.761,30.678,advanced_seed,advanced_9_to_12.csv
preclude,10,9-12,advanced_9_to_12,5716,659,false,n,tier3_bnc_coca+bnc_coca_band_6k+grade_estimate_10+general_or_nonacademic,advanced,advanced,1.695,10.76,30.678,advanced_seed,advanced_9_to_12.csv
diagonal,10,9-12,advanced_9_to_12,5261,658,false,adj,tier3_bnc_coca+bnc_coca_band_6k+grade_estimate_10+general_or_nonacademic,advanced,advanced,1.695,10.76,30.677,advanced_seed,advanced_9_to_12.csv
incursion,11,9-12,advanced_9_to_12,8450,169,false,n,tier3_bnc_coca+bnc_coca_band_9k+grade_estimate_11+general_or_nonacademic,advanced,advanced,1.352,8.802,30.677,advanced_seed,advanced_9_to_12.csv
rejuvenate,11,9-12,advanced_9_to_12,8747,169,false,v,tier3_bnc_coca+bnc_coca_band_9k+grade_estimate_11+general_or_nonacademic,advanced,advanced,1.352,8.802,30.677,advanced_seed,advanced_9_to_12.csv
stepmother,9,9-12,advanced_9_to_12,4841,654,false,n,tier3_bnc_coca+bnc_coca_band_5k+grade_estimate_9+general_or_nonacademic,advanced,advanced,1.693,10.758,30.676,advanced_seed,advanced_9_to_12.csv
typewrite,10,9-12,advanced_9_to_12,5941,654,false,n,tier3_bnc_coca+bnc_coca_band_6k+grade_estimate_10+general_or_nonacademic,advanced,advanced,1.693,10.758,30.676,advanced_seed,advanced_9_to_12.csv
thoroughbred,12,9-12,advanced_9_to_12,9902,118,false,n,tier3_bnc_coca+bnc_coca_band_10k+grade_estimate_12+general_or_nonacademic,advanced,advanced,1.264,8.186,30.675,advanced_seed,advanced_9_to_12.csv
conspire,10,9-12,advanced_9_to_12,5198,651,false,n,tier3_bnc_coca+bnc_coca_band_6k+grade_estimate_10+general_or_nonacademic,advanced,advanced,1.692,10.756,30.674,advanced_seed,advanced_9_to_12.csv
cosmetic,9,9-12,advanced_9_to_12,4192,650,false,adj,tier3_bnc_coca+bnc_coca_band_5k+grade_estimate_9+general_or_nonacademic,advanced,advanced,1.692,10.756,30.674,advanced_seed,advanced_9_to_12.csv
plumbing,9,9-12,advanced_9_to_12,4657,650,false,n,tier3_bnc_coca+bnc_coca_band_5k+grade_estimate_9+general_or_nonacademic,advanced,advanced,1.692,10.756,30.674,advanced_seed,advanced_9_to_12.csv
catechism,11,9-12,advanced_9_to_12,8137,167,false,n,tier3_bnc_coca+bnc_coca_band_9k+grade_estimate_11+general_or_nonacademic,advanced,advanced,1.349,8.798,30.674,advanced_seed,advanced_9_to_12.csv
contagious,11,9-12,advanced_9_to_12,8181,166,false,adj,tier3_bnc_coca+bnc_coca_band_9k+grade_estimate_11+general_or_nonacademic,advanced,advanced,1.347,8.796,30.672,advanced_seed,advanced_9_to_12.csv
disciple,10,9-12,advanced_9_to_12,5269,645,false,n,tier3_bnc_coca+bnc_coca_band_6k+grade_estimate_10+general_or_nonacademic,advanced,advanced,1.69,10.753,30.671,advanced_seed,advanced_9_to_12.csv
sensitize,12,9-12,advanced_9_to_12,9809,165,false,v,tier3_bnc_coca+bnc_coca_band_10k+grade_estimate_12+general_or_nonacademic,advanced,advanced,1.346,8.794,30.67,advanced_seed,advanced_9_to_12.csv
fortress,10,9-12,advanced_9_to_12,5374,642,false,n,tier3_bnc_coca+bnc_coca_band_6k+grade_estimate_10+general_or_nonacademic,advanced,advanced,1.689,10.751,30.67,advanced_seed,advanced_9_to_12.csv
garrison,10,9-12,advanced_9_to_12,5391,639,false,v,tier3_bnc_coca+bnc_coca_band_6k+grade_estimate_10+general_or_nonacademic,advanced,advanced,1.687,10.75,30.669,advanced_seed,advanced_9_to_12.csv
quintessential,11,9-12,advanced_9_to_12,8726,115,false,adj,tier3_bnc_coca+bnc_coca_band_9k+grade_estimate_11+general_or_nonacademic,advanced,advanced,1.258,8.178,30.668,advanced_seed,advanced_9_to_12.csv
tenacious,11,9-12,advanced_9_to_12,8911,163,false,adj,tier3_bnc_coca+bnc_coca_band_9k+grade_estimate_11+general_or_nonacademic,advanced,advanced,1.343,8.79,30.667,advanced_seed,advanced_9_to_12.csv
stranded,10,9-12,advanced_9_to_12,5880,634,false,n,tier3_bnc_coca+bnc_coca_band_6k+grade_estimate_10+general_or_nonacademic,advanced,advanced,1.685,10.747,30.666,advanced_seed,advanced_9_to_12.csv
patriarch,9,9-12,advanced_9_to_12,4620,633,false,n,tier3_bnc_coca+bnc_coca_band_5k+grade_estimate_9+general_or_nonacademic,advanced,advanced,1.685,10.747,30.666,advanced_seed,advanced_9_to_12.csv
prostate,10,9-12,advanced_9_to_12,6702,162,false,v,tier3_bnc_coca+bnc_coca_band_7k+grade_estimate_10+general_or_nonacademic,advanced,advanced,1.341,8.788,30.665,advanced_seed,advanced_9_to_12.csv
doctorate,11,9-12,advanced_9_to_12,7273,162,false,v,tier3_bnc_coca+bnc_coca_band_8k+grade_estimate_11+general_or_nonacademic,advanced,advanced,1.341,8.788,30.665,advanced_seed,advanced_9_to_12.csv
lubricate,11,9-12,advanced_9_to_12,8530,162,false,v,tier3_bnc_coca+bnc_coca_band_9k+grade_estimate_11+general_or_nonacademic,advanced,advanced,1.341,8.788,30.665,advanced_seed,advanced_9_to_12.csv
imperious,12,9-12,advanced_9_to_12,9444,162,false,adj,tier3_bnc_coca+bnc_coca_band_10k+grade_estimate_12+general_or_nonacademic,advanced,advanced,1.341,8.788,30.665,advanced_seed,advanced_9_to_12.csv
tabulate,12,9-12,advanced_9_to_12,9882,162,false,v,tier3_bnc_coca+bnc_coca_band_10k+grade_estimate_12+general_or_nonacademic,advanced,advanced,1.341,8.788,30.665,advanced_seed,advanced_9_to_12.csv
relentless,9,9-12,advanced_9_to_12,4717,631,false,adj,tier3_bnc_coca+bnc_coca_band_5k+grade_estimate_9+general_or_nonacademic,advanced,advanced,1.684,10.745,30.665,advanced_seed,advanced_9_to_12.csv
gymnasium,9,9-12,advanced_9_to_12,4391,630,false,n,tier3_bnc_coca+bnc_coca_band_5k+grade_estimate_9+general_or_nonacademic,advanced,advanced,1.684,10.745,30.664,advanced_seed,advanced_9_to_12.csv
handbook,10,9-12,advanced_9_to_12,5422,630,false,n,tier3_bnc_coca+bnc_coca_band_6k+grade_estimate_10+general_or_nonacademic,advanced,advanced,1.684,10.745,30.664,advanced_seed,advanced_9_to_12.csv
muscular,10,9-12,advanced_9_to_12,5607,630,false,adj,tier3_bnc_coca+bnc_coca_band_6k+grade_estimate_10+general_or_nonacademic,advanced,advanced,1.684,10.745,30.664,advanced_seed,advanced_9_to_12.csv
barracks,10,9-12,advanced_9_to_12,5075,628,false,n,tier3_bnc_coca+bnc_coca_band_6k+grade_estimate_10+general_or_nonacademic,advanced,advanced,1.683,10.744,30.663,advanced_seed,advanced_9_to_12.csv
strangle,10,9-12,advanced_9_to_12,5881,627,false,n,tier3_bnc_coca+bnc_coca_band_6k+grade_estimate_10+general_or_nonacademic,advanced,advanced,1.682,10.743,30.663,advanced_seed,advanced_9_to_12.csv
dynamics,9,9-12,advanced_9_to_12,4289,624,false,n,tier3_bnc_coca+bnc_coca_band_5k+grade_estimate_9+general_or_nonacademic,advanced,advanced,1.681,10.742,30.661,advanced_seed,advanced_9_to_12.csv
sanctity,11,9-12,advanced_9_to_12,8780,160,false,n,tier3_bnc_coca+bnc_coca_band_9k+grade_estimate_11+general_or_nonacademic,advanced,advanced,1.338,8.784,30.661,advanced_seed,advanced_9_to_12.csv
fortuitous,12,9-12,advanced_9_to_12,9360,160,false,adj,tier3_bnc_coca+bnc_coca_band_10k+grade_estimate_12+general_or_nonacademic,advanced,advanced,1.338,8.784,30.661,advanced_seed,advanced_9_to_12.csv
decimate,11,9-12,advanced_9_to_12,8228,159,false,v,tier3_bnc_coca+bnc_coca_band_9k+grade_estimate_11+general_or_nonacademic,advanced,advanced,1.337,8.782,30.66,advanced_seed,advanced_9_to_12.csv
hedonist,12,9-12,advanced_9_to_12,9418,159,false,n,tier3_bnc_coca+bnc_coca_band_10k+grade_estimate_12+general_or_nonacademic,advanced,advanced,1.337,8.782,30.66,advanced_seed,advanced_9_to_12.csv
distaste,10,9-12,advanced_9_to_12,5285,618,false,n,tier3_bnc_coca+bnc_coca_band_6k+grade_estimate_10+general_or_nonacademic,advanced,advanced,1.679,10.738,30.659,advanced_seed,advanced_9_to_12.csv
ejaculate,12,9-12,advanced_9_to_12,9293,158,false,v,tier3_bnc_coca+bnc_coca_band_10k+grade_estimate_12+general_or_nonacademic,advanced,advanced,1.335,8.78,30.658,advanced_seed,advanced_9_to_12.csv
overcrowd,10,9-12,advanced_9_to_12,5649,613,false,v,tier3_bnc_coca+bnc_coca_band_6k+grade_estimate_10+general_or_nonacademic,advanced,advanced,1.677,10.736,30.656,advanced_seed,advanced_9_to_12.csv
nutritious,11,9-12,advanced_9_to_12,8607,157,false,adj,tier3_bnc_coca+bnc_coca_band_9k+grade_estimate_11+general_or_nonacademic,advanced,advanced,1.334,8.778,30.656,advanced_seed,advanced_9_to_12.csv
impervious,12,9-12,advanced_9_to_12,9445,156,false,adj,tier3_bnc_coca+bnc_coca_band_10k+grade_estimate_12+general_or_nonacademic,advanced,advanced,1.332,8.776,30.654,advanced_seed,advanced_9_to_12.csv
disembodied,12,9-12,advanced_9_to_12,9259,109,false,n,tier3_bnc_coca+bnc_coca_band_10k+grade_estimate_12+general_or_nonacademic,advanced,advanced,1.245,8.16,30.653,advanced_seed,advanced_9_to_12.csv
hydroelectric,12,9-12,advanced_9_to_12,9437,109,false,adj,tier3_bnc_coca+bnc_coca_band_10k+grade_estimate_12+general_or_nonacademic,advanced,advanced,1.245,8.16,30.653,advanced_seed,advanced_9_to_12.csv
chaplain,10,9-12,advanced_9_to_12,5153,606,false,n,tier3_bnc_coca+bnc_coca_band_6k+grade_estimate_10+general_or_nonacademic,advanced,advanced,1.674,10.732,30.653,advanced_seed,advanced_9_to_12.csv
prostrate,12,9-12,advanced_9_to_12,9727,155,false,v,tier3_bnc_coca+bnc_coca_band_10k+grade_estimate_12+general_or_nonacademic,advanced,advanced,1.33,8.774,30.652,advanced_seed,advanced_9_to_12.csv
mattress,9,9-12,advanced_9_to_12,4516,605,false,n,tier3_bnc_coca+bnc_coca_band_5k+grade_estimate_9+general_or_nonacademic,advanced,advanced,1.673,10.731,30.652,advanced_seed,advanced_9_to_12.csv
chestnut,10,9-12,advanced_9_to_12,5158,605,false,n,tier3_bnc_coca+bnc_coca_band_6k+grade_estimate_10+general_or_nonacademic,advanced,advanced,1.673,10.731,30.652,advanced_seed,advanced_9_to_12.csv
paramount,10,9-12,advanced_9_to_12,5662,604,false,n,tier3_bnc_coca+bnc_coca_band_6k+grade_estimate_10+general_or_nonacademic,advanced,advanced,1.673,10.731,30.652,advanced_seed,advanced_9_to_12.csv
pavilion,10,9-12,advanced_9_to_12,5673,603,false,n,tier3_bnc_coca+bnc_coca_band_6k+grade_estimate_10+general_or_nonacademic,advanced,advanced,1.672,10.73,30.651,advanced_seed,advanced_9_to_12.csv
treachery,10,9-12,advanced_9_to_12,5926,602,false,n,tier3_bnc_coca+bnc_coca_band_6k+grade_estimate_10+general_or_nonacademic,advanced,advanced,1.672,10.729,30.651,advanced_seed,advanced_9_to_12.csv
subjugate,11,9-12,advanced_9_to_12,8881,154,false,v,tier3_bnc_coca+bnc_coca_band_9k+grade_estimate_11+general_or_nonacademic,advanced,advanced,1.329,8.772,30.65,advanced_seed,advanced_9_to_12.csv
mannerism,12,9-12,advanced_9_to_12,9539,154,false,n,tier3_bnc_coca+bnc_coca_band_10k+grade_estimate_12+general_or_nonacademic,advanced,advanced,1.329,8.772,30.65,advanced_seed,advanced_9_to_12.csv
undercurrent,12,9-12,advanced_9_to_12,9940,108,false,n,tier3_bnc_coca+bnc_coca_band_10k+grade_estimate_12+general_or_nonacademic,advanced,advanced,1.243,8.158,30.65,advanced_seed,advanced_9_to_12.csv
discredit,10,9-12,advanced_9_to_12,5273,601,false,v,tier3_bnc_coca+bnc_coca_band_6k+grade_estimate_10+general_or_nonacademic,advanced,advanced,1.672,10.729,30.65,advanced_seed,advanced_9_to_12.csv
outskirts,10,9-12,advanced_9_to_12,5647,600,false,n,tier3_bnc_coca+bnc_coca_band_6k+grade_estimate_10+general_or_nonacademic,advanced,advanced,1.671,10.728,30.65,advanced_seed,advanced_9_to_12.csv
paralyse,9,9-12,advanced_9_to_12,4608,599,false,n,tier3_bnc_coca+bnc_coca_band_5k+grade_estimate_9+general_or_nonacademic,advanced,advanced,1.671,10.728,30.649,advanced_seed,advanced_9_to_12.csv
abstinence,11,9-12,advanced_9_to_12,7006,153,false,n,tier3_bnc_coca+bnc_coca_band_8k+grade_estimate_11+general_or_nonacademic,advanced,advanced,1.327,8.77,30.649,advanced_seed,advanced_9_to_12.csv
communion,10,9-12,advanced_9_to_12,5187,596,false,n,tier3_bnc_coca+bnc_coca_band_6k+grade_estimate_10+general_or_nonacademic,advanced,advanced,1.669,10.726,30.648,advanced_seed,advanced_9_to_12.csv
anecdote,9,9-12,advanced_9_to_12,4031,595,false,n,tier3_bnc_coca+bnc_coca_band_5k+grade_estimate_9+general_or_nonacademic,advanced,advanced,1.669,10.725,30.647,advanced_seed,advanced_9_to_12.csv
appellate,11,9-12,advanced_9_to_12,8051,152,false,v,tier3_bnc_coca+bnc_coca_band_9k+grade_estimate_11+general_or_nonacademic,advanced,advanced,1.326,8.768,30.647,advanced_seed,advanced_9_to_12.csv
obnoxious,11,9-12,advanced_9_to_12,8610,152,false,adj,tier3_bnc_coca+bnc_coca_band_9k+grade_estimate_11+general_or_nonacademic,advanced,advanced,1.326,8.768,30.647,advanced_seed,advanced_9_to_12.csv
boisterous,12,9-12,advanced_9_to_12,9104,152,false,adj,tier3_bnc_coca+bnc_coca_band_10k+grade_estimate_12+general_or_nonacademic,advanced,advanced,1.326,8.768,30.647,advanced_seed,advanced_9_to_12.csv
penitence,12,9-12,advanced_9_to_12,9668,152,false,n,tier3_bnc_coca+bnc_coca_band_10k+grade_estimate_12+general_or_nonacademic,advanced,advanced,1.326,8.768,30.647,advanced_seed,advanced_9_to_12.csv
plaintive,12,9-12,advanced_9_to_12,9687,152,false,adj,tier3_bnc_coca+bnc_coca_band_10k+grade_estimate_12+general_or_nonacademic,advanced,advanced,1.326,8.768,30.647,advanced_seed,advanced_9_to_12.csv
vicarious,12,9-12,advanced_9_to_12,9965,152,false,adj,tier3_bnc_coca+bnc_coca_band_10k+grade_estimate_12+general_or_nonacademic,advanced,advanced,1.326,8.768,30.647,advanced_seed,advanced_9_to_12.csv
perverse,10,9-12,advanced_9_to_12,5690,592,false,adj,tier3_bnc_coca+bnc_coca_band_6k+grade_estimate_10+general_or_nonacademic,advanced,advanced,1.668,10.724,30.646,advanced_seed,advanced_9_to_12.csv
hysterical,10,9-12,advanced_9_to_12,5457,587,false,adj,tier3_bnc_coca+bnc_coca_band_6k+grade_estimate_10+general_or_nonacademic,advanced,advanced,1.666,10.721,30.643,advanced_seed,advanced_9_to_12.csv
cognition,11,9-12,advanced_9_to_12,7182,150,false,n,tier3_bnc_coca+bnc_coca_band_8k+grade_estimate_11+general_or_nonacademic,advanced,advanced,1.322,8.763,30.643,advanced_seed,advanced_9_to_12.csv
inoculate,11,9-12,advanced_9_to_12,8464,150,false,v,tier3_bnc_coca+bnc_coca_band_9k+grade_estimate_11+general_or_nonacademic,advanced,advanced,1.322,8.763,30.643,advanced_seed,advanced_9_to_12.csv
comptroller,12,9-12,advanced_9_to_12,9175,105,false,n,tier3_bnc_coca+bnc_coca_band_10k+grade_estimate_12+general_or_nonacademic,advanced,advanced,1.236,8.149,30.642,advanced_seed,advanced_9_to_12.csv
rationale,9,9-12,advanced_9_to_12,4702,585,false,n,tier3_bnc_coca+bnc_coca_band_5k+grade_estimate_9+general_or_nonacademic,advanced,advanced,1.665,10.72,30.642,advanced_seed,advanced_9_to_12.csv
mahogany,10,9-12,advanced_9_to_12,5560,585,false,n,tier3_bnc_coca+bnc_coca_band_6k+grade_estimate_10+general_or_nonacademic,advanced,advanced,1.665,10.72,30.642,advanced_seed,advanced_9_to_12.csv
underway,10,9-12,advanced_9_to_12,5946,584,false,adv,tier3_bnc_coca+bnc_coca_band_6k+grade_estimate_10+general_or_nonacademic,advanced,advanced,1.664,10.719,30.642,advanced_seed,advanced_9_to_12.csv
drawback,10,9-12,advanced_9_to_12,5292,583,false,n,tier3_bnc_coca+bnc_coca_band_6k+grade_estimate_10+general_or_nonacademic,advanced,advanced,1.664,10.718,30.641,advanced_seed,advanced_9_to_12.csv
unilateral,10,9-12,advanced_9_to_12,5948,583,false,adj,tier3_bnc_coca+bnc_coca_band_6k+grade_estimate_10+general_or_nonacademic,advanced,advanced,1.664,10.718,30.641,advanced_seed,advanced_9_to_12.csv
withstand,10,9-12,advanced_9_to_12,5987,583,false,v,tier3_bnc_coca+bnc_coca_band_6k+grade_estimate_10+general_or_nonacademic,advanced,advanced,1.664,10.718,30.641,advanced_seed,advanced_9_to_12.csv
pragmatist,12,9-12,advanced_9_to_12,9704,149,false,n,tier3_bnc_coca+bnc_coca_band_10k+grade_estimate_12+general_or_nonacademic,advanced,advanced,1.321,8.761,30.641,advanced_seed,advanced_9_to_12.csv
ponderous,12,9-12,advanced_9_to_12,9694,148,false,adj,tier3_bnc_coca+bnc_coca_band_10k+grade_estimate_12+general_or_nonacademic,advanced,advanced,1.319,8.759,30.639,advanced_seed,advanced_9_to_12.csv
honeymoon,10,9-12,advanced_9_to_12,5439,578,false,n,tier3_bnc_coca+bnc_coca_band_6k+grade_estimate_10+general_or_nonacademic,advanced,advanced,1.662,10.716,30.639,advanced_seed,advanced_9_to_12.csv
contaminant,11,9-12,advanced_9_to_12,8182,103,false,n,tier3_bnc_coca+bnc_coca_band_9k+grade_estimate_11+general_or_nonacademic,advanced,advanced,1.232,8.142,30.637,advanced_seed,advanced_9_to_12.csv
indignity,12,9-12,advanced_9_to_12,9455,147,false,n,tier3_bnc_coca+bnc_coca_band_10k+grade_estimate_12+general_or_nonacademic,advanced,advanced,1.318,8.757,30.637,advanced_seed,advanced_9_to_12.csv
equivocal,10,9-12,advanced_9_to_12,5316,573,false,adj,tier3_bnc_coca+bnc_coca_band_6k+grade_estimate_10+general_or_nonacademic,advanced,advanced,1.659,10.713,30.636,advanced_seed,advanced_9_to_12.csv
emphatic,10,9-12,advanced_9_to_12,5307,572,false,adj,tier3_bnc_coca+bnc_coca_band_6k+grade_estimate_10+general_or_nonacademic,advanced,advanced,1.659,10.712,30.635,advanced_seed,advanced_9_to_12.csv
insinuate,11,9-12,advanced_9_to_12,8470,146,false,v,tier3_bnc_coca+bnc_coca_band_9k+grade_estimate_11+general_or_nonacademic,advanced,advanced,1.316,8.754,30.635,advanced_seed,advanced_9_to_12.csv
extricate,12,9-12,advanced_9_to_12,9332,146,false,v,tier3_bnc_coca+bnc_coca_band_10k+grade_estimate_12+general_or_nonacademic,advanced,advanced,1.316,8.754,30.635,advanced_seed,advanced_9_to_12.csv
kindergarten,11,9-12,advanced_9_to_12,7477,102,false,v,tier3_bnc_coca+bnc_coca_band_8k+grade_estimate_11+general_or_nonacademic,advanced,advanced,1.23,8.139,30.634,advanced_seed,advanced_9_to_12.csv
maritime,10,9-12,advanced_9_to_12,5569,570,false,n,tier3_bnc_coca+bnc_coca_band_6k+grade_estimate_10+general_or_nonacademic,advanced,advanced,1.658,10.711,30.634,advanced_seed,advanced_9_to_12.csv
respirator,10,9-12,advanced_9_to_12,5781,570,false,n,tier3_bnc_coca+bnc_coca_band_6k+grade_estimate_10+general_or_nonacademic,advanced,advanced,1.658,10.711,30.634,advanced_seed,advanced_9_to_12.csv
automotive,11,9-12,advanced_9_to_12,7065,145,false,adj,tier3_bnc_coca+bnc_coca_band_8k+grade_estimate_11+general_or_nonacademic,advanced,advanced,1.314,8.752,30.633,advanced_seed,advanced_9_to_12.csv
resonate,11,9-12,advanced_9_to_12,7749,145,false,v,tier3_bnc_coca+bnc_coca_band_8k+grade_estimate_11+general_or_nonacademic,advanced,advanced,1.314,8.752,30.633,advanced_seed,advanced_9_to_12.csv
dynamism,12,9-12,advanced_9_to_12,9287,145,false,n,tier3_bnc_coca+bnc_coca_band_10k+grade_estimate_12+general_or_nonacademic,advanced,advanced,1.314,8.752,30.633,advanced_seed,advanced_9_to_12.csv
aerobics,10,9-12,advanced_9_to_12,5017,566,false,n,tier3_bnc_coca+bnc_coca_band_6k+grade_estimate_10+general_or_nonacademic,advanced,advanced,1.656,10.708,30.632,advanced_seed,advanced_9_to_12.csv
reciprocal,10,9-12,advanced_9_to_12,5758,566,false,adj,tier3_bnc_coca+bnc_coca_band_6k+grade_estimate_10+general_or_nonacademic,advanced,advanced,1.656,10.708,30.632,advanced_seed,advanced_9_to_12.csv
camaraderie,12,9-12,advanced_9_to_12,9126,101,false,n,tier3_bnc_coca+bnc_coca_band_10k+grade_estimate_12+general_or_nonacademic,advanced,advanced,1.227,8.136,30.632,advanced_seed,advanced_9_to_12.csv
copulate,12,9-12,advanced_9_to_12,9192,144,false,v,tier3_bnc_coca+bnc_coca_band_10k+grade_estimate_12+general_or_nonacademic,advanced,advanced,1.313,8.75,30.631,advanced_seed,advanced_9_to_12.csv
infantry,10,9-12,advanced_9_to_12,5480,563,false,n,tier3_bnc_coca+bnc_coca_band_6k+grade_estimate_10+general_or_nonacademic,advanced,advanced,1.655,10.707,30.631,advanced_seed,advanced_9_to_12.csv
registry,10,9-12,advanced_9_to_12,5767,563,false,n,tier3_bnc_coca+bnc_coca_band_6k+grade_estimate_10+general_or_nonacademic,advanced,advanced,1.655,10.707,30.631,advanced_seed,advanced_9_to_12.csv
arthritis,10,9-12,advanced_9_to_12,5048,562,false,n,tier3_bnc_coca+bnc_coca_band_6k+grade_estimate_10+general_or_nonacademic,advanced,advanced,1.654,10.706,30.63,advanced_seed,advanced_9_to_12.csv
diplomacy,9,9-12,advanced_9_to_12,4251,561,false,n,tier3_bnc_coca+bnc_coca_band_5k+grade_estimate_9+general_or_nonacademic,advanced,advanced,1.654,10.705,30.63,advanced_seed,advanced_9_to_12.csv
indecision,12,9-12,advanced_9_to_12,9453,143,false,n,tier3_bnc_coca+bnc_coca_band_10k+grade_estimate_12+general_or_nonacademic,advanced,advanced,1.311,8.748,30.629,advanced_seed,advanced_9_to_12.csv
diligent,10,9-12,advanced_9_to_12,5266,560,false,adj,tier3_bnc_coca+bnc_coca_band_6k+grade_estimate_10+general_or_nonacademic,advanced,advanced,1.654,10.705,30.629,advanced_seed,advanced_9_to_12.csv
incandescent,12,9-12,advanced_9_to_12,9450,100,false,adj,tier3_bnc_coca+bnc_coca_band_10k+grade_estimate_12+general_or_nonacademic,advanced,advanced,1.225,8.133,30.629,advanced_seed,advanced_9_to_12.csv
auspicious,12,9-12,advanced_9_to_12,9059,142,false,adj,tier3_bnc_coca+bnc_coca_band_10k+grade_estimate_12+general_or_nonacademic,advanced,advanced,1.309,8.745,30.627,advanced_seed,advanced_9_to_12.csv
chimpanzee,10,9-12,advanced_9_to_12,5160,553,false,n,tier3_bnc_coca+bnc_coca_band_6k+grade_estimate_10+general_or_nonacademic,advanced,advanced,1.65,10.7,30.625,advanced_seed,advanced_9_to_12.csv
tenacity,12,9-12,advanced_9_to_12,9896,141,false,n,tier3_bnc_coca+bnc_coca_band_10k+grade_estimate_12+general_or_nonacademic,advanced,advanced,1.307,8.743,30.625,advanced_seed,advanced_9_to_12.csv
accredit,10,9-12,advanced_9_to_12,5007,552,false,v,tier3_bnc_coca+bnc_coca_band_6k+grade_estimate_10+general_or_nonacademic,advanced,advanced,1.65,10.7,30.625,advanced_seed,advanced_9_to_12.csv
apparition,11,9-12,advanced_9_to_12,8050,140,false,n,tier3_bnc_coca+bnc_coca_band_9k+grade_estimate_11+general_or_nonacademic,advanced,advanced,1.306,8.741,30.623,advanced_seed,advanced_9_to_12.csv
voluminous,12,9-12,advanced_9_to_12,9975,140,false,adj,tier3_bnc_coca+bnc_coca_band_10k+grade_estimate_12+general_or_nonacademic,advanced,advanced,1.306,8.741,30.623,advanced_seed,advanced_9_to_12.csv
multitude,10,9-12,advanced_9_to_12,5604,548,false,n,tier3_bnc_coca+bnc_coca_band_6k+grade_estimate_10+general_or_nonacademic,advanced,advanced,1.648,10.697,30.623,advanced_seed,advanced_9_to_12.csv
renounce,10,9-12,advanced_9_to_12,5775,548,false,n,tier3_bnc_coca+bnc_coca_band_6k+grade_estimate_10+general_or_nonacademic,advanced,advanced,1.648,10.697,30.623,advanced_seed,advanced_9_to_12.csv
concurrent,10,9-12,advanced_9_to_12,5191,547,false,adj,tier3_bnc_coca+bnc_coca_band_6k+grade_estimate_10+general_or_nonacademic,advanced,advanced,1.648,10.697,30.622,advanced_seed,advanced_9_to_12.csv
metaphysic,10,9-12,advanced_9_to_12,5584,547,false,adj,tier3_bnc_coca+bnc_coca_band_6k+grade_estimate_10+general_or_nonacademic,advanced,advanced,1.648,10.697,30.622,advanced_seed,advanced_9_to_12.csv
capricious,12,9-12,advanced_9_to_12,9131,139,false,adj,tier3_bnc_coca+bnc_coca_band_10k+grade_estimate_12+general_or_nonacademic,advanced,advanced,1.304,8.739,30.621,advanced_seed,advanced_9_to_12.csv
charisma,10,9-12,advanced_9_to_12,5155,539,false,n,tier3_bnc_coca+bnc_coca_band_6k+grade_estimate_10+general_or_nonacademic,advanced,advanced,1.644,10.692,30.618,advanced_seed,advanced_9_to_12.csv
judiciary,9,9-12,advanced_9_to_12,4463,538,false,n,tier3_bnc_coca+bnc_coca_band_5k+grade_estimate_9+general_or_nonacademic,advanced,advanced,1.643,10.691,30.617,advanced_seed,advanced_9_to_12.csv
gregarious,12,9-12,advanced_9_to_12,9393,137,false,adj,tier3_bnc_coca+bnc_coca_band_10k+grade_estimate_12+general_or_nonacademic,advanced,advanced,1.3,8.734,30.617,advanced_seed,advanced_9_to_12.csv
inculcate,12,9-12,advanced_9_to_12,9452,137,false,v,tier3_bnc_coca+bnc_coca_band_10k+grade_estimate_12+general_or_nonacademic,advanced,advanced,1.3,8.734,30.617,advanced_seed,advanced_9_to_12.csv
ambivalent,10,9-12,advanced_9_to_12,5033,535,false,adj,tier3_bnc_coca+bnc_coca_band_6k+grade_estimate_10+general_or_nonacademic,advanced,advanced,1.642,10.689,30.615,advanced_seed,advanced_9_to_12.csv
aye,9,9-12,advanced_9_to_12,3070,5428,false,n,tier3_bnc_coca+bnc_coca_band_4k+grade_estimate_9+general_or_nonacademic,advanced,advanced,4.041,10.988,30.615,advanced_seed,advanced_9_to_12.csv
catalyst,10,9-12,advanced_9_to_12,5147,532,false,n,tier3_bnc_coca+bnc_coca_band_6k+grade_estimate_10+general_or_nonacademic,advanced,advanced,1.64,10.687,30.614,advanced_seed,advanced_9_to_12.csv
seasoning,9,9-12,advanced_9_to_12,4765,531,false,n,tier3_bnc_coca+bnc_coca_band_5k+grade_estimate_9+general_or_nonacademic,advanced,advanced,1.64,10.687,30.613,advanced_seed,advanced_9_to_12.csv
assorted,10,9-12,advanced_9_to_12,5055,531,false,n,tier3_bnc_coca+bnc_coca_band_6k+grade_estimate_10+general_or_nonacademic,advanced,advanced,1.64,10.687,30.613,advanced_seed,advanced_9_to_12.csv
eloquent,10,9-12,advanced_9_to_12,5302,531,false,adj,tier3_bnc_coca+bnc_coca_band_6k+grade_estimate_10+general_or_nonacademic,advanced,advanced,1.64,10.687,30.613,advanced_seed,advanced_9_to_12.csv
repulsive,12,9-12,advanced_9_to_12,9769,135,false,adj,tier3_bnc_coca+bnc_coca_band_10k+grade_estimate_12+general_or_nonacademic,advanced,advanced,1.297,8.729,30.613,advanced_seed,advanced_9_to_12.csv
venerate,12,9-12,advanced_9_to_12,9959,135,false,v,tier3_bnc_coca+bnc_coca_band_10k+grade_estimate_12+general_or_nonacademic,advanced,advanced,1.297,8.729,30.613,advanced_seed,advanced_9_to_12.csv
disenfranchise,12,9-12,advanced_9_to_12,9260,94,false,v,tier3_bnc_coca+bnc_coca_band_10k+grade_estimate_12+general_or_nonacademic,advanced,advanced,1.21,8.114,30.612,advanced_seed,advanced_9_to_12.csv
bachelor,10,9-12,advanced_9_to_12,5067,525,false,n,tier3_bnc_coca+bnc_coca_band_6k+grade_estimate_10+general_or_nonacademic,advanced,advanced,1.637,10.683,30.61,advanced_seed,advanced_9_to_12.csv
hesitant,10,9-12,advanced_9_to_12,5432,524,false,adj,tier3_bnc_coca+bnc_coca_band_6k+grade_estimate_10+general_or_nonacademic,advanced,advanced,1.637,10.682,30.609,advanced_seed,advanced_9_to_12.csv
propulsion,11,9-12,advanced_9_to_12,8703,133,false,n,tier3_bnc_coca+bnc_coca_band_9k+grade_estimate_11+general_or_nonacademic,advanced,advanced,1.293,8.724,30.609,advanced_seed,advanced_9_to_12.csv
recuperate,11,9-12,advanced_9_to_12,8739,133,false,v,tier3_bnc_coca+bnc_coca_band_9k+grade_estimate_11+general_or_nonacademic,advanced,advanced,1.293,8.724,30.609,advanced_seed,advanced_9_to_12.csv
trafficked,10,9-12,advanced_9_to_12,5921,523,false,n,tier3_bnc_coca+bnc_coca_band_6k+grade_estimate_10+general_or_nonacademic,advanced,advanced,1.636,10.681,30.609,advanced_seed,advanced_9_to_12.csv
defected,10,9-12,advanced_9_to_12,5239,521,false,n,tier3_bnc_coca+bnc_coca_band_6k+grade_estimate_10+general_or_nonacademic,advanced,advanced,1.635,10.68,30.608,advanced_seed,advanced_9_to_12.csv
barbarism,12,9-12,advanced_9_to_12,9073,132,false,n,tier3_bnc_coca+bnc_coca_band_10k+grade_estimate_12+general_or_nonacademic,advanced,advanced,1.291,8.722,30.607,advanced_seed,advanced_9_to_12.csv
efficacy,9,9-12,advanced_9_to_12,4296,519,false,n,tier3_bnc_coca+bnc_coca_band_5k+grade_estimate_9+general_or_nonacademic,advanced,advanced,1.634,10.679,30.606,advanced_seed,advanced_9_to_12.csv
brassiere,10,9-12,advanced_9_to_12,5109,519,false,n,tier3_bnc_coca+bnc_coca_band_6k+grade_estimate_10+general_or_nonacademic,advanced,advanced,1.634,10.679,30.606,advanced_seed,advanced_9_to_12.csv
wireless,9,9-12,advanced_9_to_12,4991,518,false,adj,tier3_bnc_coca+bnc_coca_band_5k+grade_estimate_9+general_or_nonacademic,advanced,advanced,1.634,10.678,30.606,advanced_seed,advanced_9_to_12.csv
hamburger,9,9-12,advanced_9_to_12,4395,517,false,n,tier3_bnc_coca+bnc_coca_band_5k+grade_estimate_9+general_or_nonacademic,advanced,advanced,1.633,10.677,30.605,advanced_seed,advanced_9_to_12.csv
apartheid,10,9-12,advanced_9_to_12,5040,517,false,n,tier3_bnc_coca+bnc_coca_band_6k+grade_estimate_10+general_or_nonacademic,advanced,advanced,1.633,10.677,30.605,advanced_seed,advanced_9_to_12.csv
traverse,10,9-12,advanced_9_to_12,5925,517,false,n,tier3_bnc_coca+bnc_coca_band_6k+grade_estimate_10+general_or_nonacademic,advanced,advanced,1.633,10.677,30.605,advanced_seed,advanced_9_to_12.csv
lavender,10,9-12,advanced_9_to_12,5529,514,false,n,tier3_bnc_coca+bnc_coca_band_6k+grade_estimate_10+general_or_nonacademic,advanced,advanced,1.632,10.675,30.604,advanced_seed,advanced_9_to_12.csv
ensemble,9,9-12,advanced_9_to_12,4312,512,false,n,tier3_bnc_coca+bnc_coca_band_5k+grade_estimate_9+general_or_nonacademic,advanced,advanced,1.631,10.674,30.602,advanced_seed,advanced_9_to_12.csv
relinquish,10,9-12,advanced_9_to_12,5773,512,false,v,tier3_bnc_coca+bnc_coca_band_6k+grade_estimate_10+general_or_nonacademic,advanced,advanced,1.631,10.674,30.602,advanced_seed,advanced_9_to_12.csv
firework,10,9-12,advanced_9_to_12,5355,510,false,n,tier3_bnc_coca+bnc_coca_band_6k+grade_estimate_10+general_or_nonacademic,advanced,advanced,1.63,10.673,30.601,advanced_seed,advanced_9_to_12.csv
forensic,10,9-12,advanced_9_to_12,5371,510,false,adj,tier3_bnc_coca+bnc_coca_band_6k+grade_estimate_10+general_or_nonacademic,advanced,advanced,1.63,10.673,30.601,advanced_seed,advanced_9_to_12.csv
transient,10,9-12,advanced_9_to_12,5923,508,false,adj,tier3_bnc_coca+bnc_coca_band_6k+grade_estimate_10+general_or_nonacademic,advanced,advanced,1.629,10.671,30.6,advanced_seed,advanced_9_to_12.csv
delirious,12,9-12,advanced_9_to_12,9230,128,false,adj,tier3_bnc_coca+bnc_coca_band_10k+grade_estimate_12+general_or_nonacademic,advanced,advanced,1.284,8.712,30.598,advanced_seed,advanced_9_to_12.csv
enormity,12,9-12,advanced_9_to_12,9308,128,false,n,tier3_bnc_coca+bnc_coca_band_10k+grade_estimate_12+general_or_nonacademic,advanced,advanced,1.284,8.712,30.598,advanced_seed,advanced_9_to_12.csv
distrust,10,9-12,advanced_9_to_12,5287,504,false,v,tier3_bnc_coca+bnc_coca_band_6k+grade_estimate_10+general_or_nonacademic,advanced,advanced,1.627,10.669,30.598,advanced_seed,advanced_9_to_12.csv
opportune,10,9-12,advanced_9_to_12,5635,504,false,adj,tier3_bnc_coca+bnc_coca_band_6k+grade_estimate_10+general_or_nonacademic,advanced,advanced,1.627,10.669,30.598,advanced_seed,advanced_9_to_12.csv
outweigh,10,9-12,advanced_9_to_12,5648,504,false,v,tier3_bnc_coca+bnc_coca_band_6k+grade_estimate_10+general_or_nonacademic,advanced,advanced,1.627,10.669,30.598,advanced_seed,advanced_9_to_12.csv
subdivide,10,9-12,advanced_9_to_12,5885,502,false,n,tier3_bnc_coca+bnc_coca_band_6k+grade_estimate_10+general_or_nonacademic,advanced,advanced,1.626,10.667,30.596,advanced_seed,advanced_9_to_12.csv
intersect,9,9-12,advanced_9_to_12,4451,499,false,v,tier3_bnc_coca+bnc_coca_band_5k+grade_estimate_9+general_or_nonacademic,advanced,advanced,1.624,10.665,30.595,advanced_seed,advanced_9_to_12.csv
submerge,10,9-12,advanced_9_to_12,5887,499,false,n,tier3_bnc_coca+bnc_coca_band_6k+grade_estimate_10+general_or_nonacademic,advanced,advanced,1.624,10.665,30.595,advanced_seed,advanced_9_to_12.csv
underachieve,12,9-12,advanced_9_to_12,9939,88,false,n,tier3_bnc_coca+bnc_coca_band_10k+grade_estimate_12+general_or_nonacademic,advanced,advanced,1.195,8.093,30.594,advanced_seed,advanced_9_to_12.csv
godfather,10,9-12,advanced_9_to_12,5404,497,false,n,tier3_bnc_coca+bnc_coca_band_6k+grade_estimate_10+general_or_nonacademic,advanced,advanced,1.623,10.664,30.594,advanced_seed,advanced_9_to_12.csv
ostensible,10,9-12,advanced_9_to_12,5643,497,false,adj,tier3_bnc_coca+bnc_coca_band_6k+grade_estimate_10+general_or_nonacademic,advanced,advanced,1.623,10.664,30.594,advanced_seed,advanced_9_to_12.csv
unsettle,10,9-12,advanced_9_to_12,5952,496,false,n,tier3_bnc_coca+bnc_coca_band_6k+grade_estimate_10+general_or_nonacademic,advanced,advanced,1.622,10.663,30.593,advanced_seed,advanced_9_to_12.csv
hibernate,12,9-12,advanced_9_to_12,9430,125,false,v,tier3_bnc_coca+bnc_coca_band_10k+grade_estimate_12+general_or_nonacademic,advanced,advanced,1.278,8.704,30.591,advanced_seed,advanced_9_to_12.csv
explicable,10,9-12,advanced_9_to_12,5335,492,false,adj,tier3_bnc_coca+bnc_coca_band_6k+grade_estimate_10+general_or_nonacademic,advanced,advanced,1.62,10.661,30.59,advanced_seed,advanced_9_to_12.csv
ointment,12,9-12,advanced_9_to_12,9612,124,false,n,tier3_bnc_coca+bnc_coca_band_10k+grade_estimate_12+general_or_nonacademic,advanced,advanced,1.276,8.702,30.589,advanced_seed,advanced_9_to_12.csv
precocious,12,9-12,advanced_9_to_12,9709,124,false,adj,tier3_bnc_coca+bnc_coca_band_10k+grade_estimate_12+general_or_nonacademic,advanced,advanced,1.276,8.702,30.589,advanced_seed,advanced_9_to_12.csv
enquire,9,9-12,advanced_9_to_12,4311,4980,false,n,tier3_bnc_coca+bnc_coca_band_5k+grade_estimate_9+general_or_nonacademic,advanced,advanced,2.219,10.958,30.589,advanced_seed,advanced_9_to_12.csv
fleeting,10,9-12,advanced_9_to_12,5356,489,false,adj,tier3_bnc_coca+bnc_coca_band_6k+grade_estimate_10+general_or_nonacademic,advanced,advanced,1.619,10.658,30.589,advanced_seed,advanced_9_to_12.csv
benevolent,10,9-12,advanced_9_to_12,5083,487,false,adj,tier3_bnc_coca+bnc_coca_band_6k+grade_estimate_10+general_or_nonacademic,advanced,advanced,1.618,10.657,30.587,advanced_seed,advanced_9_to_12.csv
nostalgia,10,9-12,advanced_9_to_12,5621,487,false,n,tier3_bnc_coca+bnc_coca_band_6k+grade_estimate_10+general_or_nonacademic,advanced,advanced,1.618,10.657,30.587,advanced_seed,advanced_9_to_12.csv
sustenance,12,9-12,advanced_9_to_12,9873,123,false,n,tier3_bnc_coca+bnc_coca_band_10k+grade_estimate_12+general_or_nonacademic,advanced,advanced,1.274,8.699,30.587,advanced_seed,advanced_9_to_12.csv
blockade,9,9-12,advanced_9_to_12,4087,485,false,n,tier3_bnc_coca+bnc_coca_band_5k+grade_estimate_9+general_or_nonacademic,advanced,advanced,1.617,10.656,30.586,advanced_seed,advanced_9_to_12.csv
mosquito,9,9-12,advanced_9_to_12,4550,485,false,n,tier3_bnc_coca+bnc_coca_band_5k+grade_estimate_9+general_or_nonacademic,advanced,advanced,1.617,10.656,30.586,advanced_seed,advanced_9_to_12.csv
adversary,10,9-12,advanced_9_to_12,5016,482,false,n,tier3_bnc_coca+bnc_coca_band_6k+grade_estimate_10+general_or_nonacademic,advanced,advanced,1.615,10.654,30.584,advanced_seed,advanced_9_to_12.csv
exemplar,10,9-12,advanced_9_to_12,5332,480,false,n,tier3_bnc_coca+bnc_coca_band_6k+grade_estimate_10+general_or_nonacademic,advanced,advanced,1.614,10.652,30.583,advanced_seed,advanced_9_to_12.csv
humanities,10,9-12,advanced_9_to_12,5449,479,false,n,tier3_bnc_coca+bnc_coca_band_6k+grade_estimate_10+general_or_nonacademic,advanced,advanced,1.614,10.651,30.583,advanced_seed,advanced_9_to_12.csv
souvenir,10,9-12,advanced_9_to_12,5860,478,false,n,tier3_bnc_coca+bnc_coca_band_6k+grade_estimate_10+general_or_nonacademic,advanced,advanced,1.613,10.651,30.582,advanced_seed,advanced_9_to_12.csv
scribble,10,9-12,advanced_9_to_12,5815,474,false,n,tier3_bnc_coca+bnc_coca_band_6k+grade_estimate_10+general_or_nonacademic,advanced,advanced,1.611,10.648,30.579,advanced_seed,advanced_9_to_12.csv
silhouette,10,9-12,advanced_9_to_12,5837,473,false,n,tier3_bnc_coca+bnc_coca_band_6k+grade_estimate_10+general_or_nonacademic,advanced,advanced,1.61,10.647,30.579,advanced_seed,advanced_9_to_12.csv
delinquent,10,9-12,advanced_9_to_12,5244,470,false,adj,tier3_bnc_coca+bnc_coca_band_6k+grade_estimate_10+general_or_nonacademic,advanced,advanced,1.609,10.645,30.577,advanced_seed,advanced_9_to_12.csv
melancholy,10,9-12,advanced_9_to_12,5576,470,false,adv,tier3_bnc_coca+bnc_coca_band_6k+grade_estimate_10+general_or_nonacademic,advanced,advanced,1.609,10.645,30.577,advanced_seed,advanced_9_to_12.csv
holistic,10,9-12,advanced_9_to_12,5436,467,false,adj,tier3_bnc_coca+bnc_coca_band_6k+grade_estimate_10+general_or_nonacademic,advanced,advanced,1.607,10.643,30.575,advanced_seed,advanced_9_to_12.csv
upheaval,10,9-12,advanced_9_to_12,5953,467,false,adj,tier3_bnc_coca+bnc_coca_band_6k+grade_estimate_10+general_or_nonacademic,advanced,advanced,1.607,10.643,30.575,advanced_seed,advanced_9_to_12.csv
optimise,10,9-12,advanced_9_to_12,5636,466,false,v,tier3_bnc_coca+bnc_coca_band_6k+grade_estimate_10+general_or_nonacademic,advanced,advanced,1.607,10.642,30.574,advanced_seed,advanced_9_to_12.csv
voluptuous,12,9-12,advanced_9_to_12,9976,117,false,adj,tier3_bnc_coca+bnc_coca_band_10k+grade_estimate_12+general_or_nonacademic,advanced,advanced,1.262,8.683,30.573,advanced_seed,advanced_9_to_12.csv
bush,9,9-12,advanced_9_to_12,3126,4723,false,n,tier3_bnc_coca+bnc_coca_band_4k+grade_estimate_9+general_or_nonacademic,advanced,advanced,4.005,10.94,30.573,advanced_seed,advanced_9_to_12.csv
streamline,10,9-12,advanced_9_to_12,5882,463,false,n,tier3_bnc_coca+bnc_coca_band_6k+grade_estimate_10+general_or_nonacademic,advanced,advanced,1.605,10.64,30.572,advanced_seed,advanced_9_to_12.csv
slippery,10,9-12,advanced_9_to_12,5846,461,false,n,tier3_bnc_coca+bnc_coca_band_6k+grade_estimate_10+general_or_nonacademic,advanced,advanced,1.604,10.638,30.571,advanced_seed,advanced_9_to_12.csv
collegiate,11,9-12,advanced_9_to_12,8166,116,false,v,tier3_bnc_coca+bnc_coca_band_9k+grade_estimate_11+general_or_nonacademic,advanced,advanced,1.26,8.68,30.57,advanced_seed,advanced_9_to_12.csv
desecrate,12,9-12,advanced_9_to_12,9241,116,false,v,tier3_bnc_coca+bnc_coca_band_10k+grade_estimate_12+general_or_nonacademic,advanced,advanced,1.26,8.68,30.57,advanced_seed,advanced_9_to_12.csv
nativity,12,9-12,advanced_9_to_12,9592,116,false,n,tier3_bnc_coca+bnc_coca_band_10k+grade_estimate_12+general_or_nonacademic,advanced,advanced,1.26,8.68,30.57,advanced_seed,advanced_9_to_12.csv
advocacy,9,9-12,advanced_9_to_12,4006,457,false,n,tier3_bnc_coca+bnc_coca_band_5k+grade_estimate_9+general_or_nonacademic,advanced,advanced,1.602,10.635,30.569,advanced_seed,advanced_9_to_12.csv
millennium,9,9-12,advanced_9_to_12,4532,456,false,n,tier3_bnc_coca+bnc_coca_band_5k+grade_estimate_9+general_or_nonacademic,advanced,advanced,1.601,10.635,30.568,advanced_seed,advanced_9_to_12.csv
barbecue,10,9-12,advanced_9_to_12,5073,456,false,n,tier3_bnc_coca+bnc_coca_band_6k+grade_estimate_10+general_or_nonacademic,advanced,advanced,1.601,10.635,30.568,advanced_seed,advanced_9_to_12.csv
overhaul,10,9-12,advanced_9_to_12,5650,456,false,v,tier3_bnc_coca+bnc_coca_band_6k+grade_estimate_10+general_or_nonacademic,advanced,advanced,1.601,10.635,30.568,advanced_seed,advanced_9_to_12.csv
ambulate,12,9-12,advanced_9_to_12,9027,115,false,v,tier3_bnc_coca+bnc_coca_band_10k+grade_estimate_12+general_or_nonacademic,advanced,advanced,1.258,8.678,30.568,advanced_seed,advanced_9_to_12.csv
populous,12,9-12,advanced_9_to_12,9696,115,false,adj,tier3_bnc_coca+bnc_coca_band_10k+grade_estimate_12+general_or_nonacademic,advanced,advanced,1.258,8.678,30.568,advanced_seed,advanced_9_to_12.csv
horrific,10,9-12,advanced_9_to_12,5440,453,false,adj,tier3_bnc_coca+bnc_coca_band_6k+grade_estimate_10+general_or_nonacademic,advanced,advanced,1.599,10.632,30.566,advanced_seed,advanced_9_to_12.csv
confluence,12,9-12,advanced_9_to_12,9182,114,false,n,tier3_bnc_coca+bnc_coca_band_10k+grade_estimate_12+general_or_nonacademic,advanced,advanced,1.256,8.675,30.565,advanced_seed,advanced_9_to_12.csv
hermeneutic,12,9-12,advanced_9_to_12,9424,79,false,adj,tier3_bnc_coca+bnc_coca_band_10k+grade_estimate_12+general_or_nonacademic,advanced,advanced,1.17,8.06,30.565,advanced_seed,advanced_9_to_12.csv
exonerate,12,9-12,advanced_9_to_12,9325,113,false,v,tier3_bnc_coca+bnc_coca_band_10k+grade_estimate_12+general_or_nonacademic,advanced,advanced,1.254,8.672,30.563,advanced_seed,advanced_9_to_12.csv
intellect,10,9-12,advanced_9_to_12,5490,448,false,n,tier3_bnc_coca+bnc_coca_band_6k+grade_estimate_10+general_or_nonacademic,advanced,advanced,1.597,10.629,30.563,advanced_seed,advanced_9_to_12.csv
psychosocial,11,9-12,advanced_9_to_12,8709,78,false,adj,tier3_bnc_coca+bnc_coca_band_9k+grade_estimate_11+general_or_nonacademic,advanced,advanced,1.167,8.056,30.561,advanced_seed,advanced_9_to_12.csv
hegemony,10,9-12,advanced_9_to_12,5428,445,false,n,tier3_bnc_coca+bnc_coca_band_6k+grade_estimate_10+general_or_nonacademic,advanced,advanced,1.595,10.626,30.561,advanced_seed,advanced_9_to_12.csv
audacious,12,9-12,advanced_9_to_12,9055,112,false,adj,tier3_bnc_coca+bnc_coca_band_10k+grade_estimate_12+general_or_nonacademic,advanced,advanced,1.252,8.669,30.56,advanced_seed,advanced_9_to_12.csv
audacity,12,9-12,advanced_9_to_12,9056,112,false,n,tier3_bnc_coca+bnc_coca_band_10k+grade_estimate_12+general_or_nonacademic,advanced,advanced,1.252,8.669,30.56,advanced_seed,advanced_9_to_12.csv
luscious,12,9-12,advanced_9_to_12,9527,112,false,adj,tier3_bnc_coca+bnc_coca_band_10k+grade_estimate_12+general_or_nonacademic,advanced,advanced,1.252,8.669,30.56,advanced_seed,advanced_9_to_12.csv
percolate,12,9-12,advanced_9_to_12,9671,112,false,v,tier3_bnc_coca+bnc_coca_band_10k+grade_estimate_12+general_or_nonacademic,advanced,advanced,1.252,8.669,30.56,advanced_seed,advanced_9_to_12.csv
pneumonia,10,9-12,advanced_9_to_12,5707,444,false,n,tier3_bnc_coca+bnc_coca_band_6k+grade_estimate_10+general_or_nonacademic,advanced,advanced,1.594,10.626,30.56,advanced_seed,advanced_9_to_12.csv
impoverish,10,9-12,advanced_9_to_12,5466,443,false,v,tier3_bnc_coca+bnc_coca_band_6k+grade_estimate_10+general_or_nonacademic,advanced,advanced,1.594,10.625,30.559,advanced_seed,advanced_9_to_12.csv
rendition,11,9-12,advanced_9_to_12,8750,111,false,n,tier3_bnc_coca+bnc_coca_band_9k+grade_estimate_11+general_or_nonacademic,advanced,advanced,1.25,8.666,30.558,advanced_seed,advanced_9_to_12.csv
entrench,10,9-12,advanced_9_to_12,5312,440,false,v,tier3_bnc_coca+bnc_coca_band_6k+grade_estimate_10+general_or_nonacademic,advanced,advanced,1.592,10.623,30.557,advanced_seed,advanced_9_to_12.csv
perennial,10,9-12,advanced_9_to_12,5682,440,false,adj,tier3_bnc_coca+bnc_coca_band_6k+grade_estimate_10+general_or_nonacademic,advanced,advanced,1.592,10.623,30.557,advanced_seed,advanced_9_to_12.csv
latitude,10,9-12,advanced_9_to_12,5527,438,false,n,tier3_bnc_coca+bnc_coca_band_6k+grade_estimate_10+general_or_nonacademic,advanced,advanced,1.591,10.621,30.556,advanced_seed,advanced_9_to_12.csv
splinter,10,9-12,advanced_9_to_12,5864,437,false,v,tier3_bnc_coca+bnc_coca_band_6k+grade_estimate_10+general_or_nonacademic,advanced,advanced,1.59,10.62,30.555,advanced_seed,advanced_9_to_12.csv
underrate,12,9-12,advanced_9_to_12,9943,109,false,v,tier3_bnc_coca+bnc_coca_band_10k+grade_estimate_12+general_or_nonacademic,advanced,advanced,1.245,8.66,30.553,advanced_seed,advanced_9_to_12.csv
nightclub,10,9-12,advanced_9_to_12,5618,433,false,n,tier3_bnc_coca+bnc_coca_band_6k+grade_estimate_10+general_or_nonacademic,advanced,advanced,1.588,10.617,30.552,advanced_seed,advanced_9_to_12.csv
impending,10,9-12,advanced_9_to_12,5464,432,false,n,tier3_bnc_coca+bnc_coca_band_6k+grade_estimate_10+general_or_nonacademic,advanced,advanced,1.587,10.616,30.552,advanced_seed,advanced_9_to_12.csv
continuum,10,9-12,advanced_9_to_12,5203,431,false,n,tier3_bnc_coca+bnc_coca_band_6k+grade_estimate_10+general_or_nonacademic,advanced,advanced,1.587,10.616,30.551,advanced_seed,advanced_9_to_12.csv
voracious,12,9-12,advanced_9_to_12,9978,108,false,adj,tier3_bnc_coca+bnc_coca_band_10k+grade_estimate_12+general_or_nonacademic,advanced,advanced,1.243,8.658,30.55,advanced_seed,advanced_9_to_12.csv
ward,9,9-12,advanced_9_to_12,3985,4360,false,n,tier3_bnc_coca+bnc_coca_band_4k+grade_estimate_9+general_or_nonacademic,advanced,advanced,3.984,10.912,30.548,advanced_seed,advanced_9_to_12.csv
uprising,10,9-12,advanced_9_to_12,5954,427,false,n,tier3_bnc_coca+bnc_coca_band_6k+grade_estimate_10+general_or_nonacademic,advanced,advanced,1.584,10.612,30.548,advanced_seed,advanced_9_to_12.csv
interstellar,12,9-12,advanced_9_to_12,9472,74,false,n,tier3_bnc_coca+bnc_coca_band_10k+grade_estimate_12+general_or_nonacademic,advanced,advanced,1.155,8.039,30.547,advanced_seed,advanced_9_to_12.csv
inscribe,10,9-12,advanced_9_to_12,5486,425,false,n,tier3_bnc_coca+bnc_coca_band_6k+grade_estimate_10+general_or_nonacademic,advanced,advanced,1.583,10.611,30.547,advanced_seed,advanced_9_to_12.csv
pinpoint,10,9-12,advanced_9_to_12,5698,423,false,v,tier3_bnc_coca+bnc_coca_band_6k+grade_estimate_10+general_or_nonacademic,advanced,advanced,1.582,10.609,30.546,advanced_seed,advanced_9_to_12.csv
gubernatorial,12,9-12,advanced_9_to_12,9400,73,false,adj,tier3_bnc_coca+bnc_coca_band_10k+grade_estimate_12+general_or_nonacademic,advanced,advanced,1.151,8.035,30.543,advanced_seed,advanced_9_to_12.csv
blueprint,10,9-12,advanced_9_to_12,5098,419,false,n,tier3_bnc_coca+bnc_coca_band_6k+grade_estimate_10+general_or_nonacademic,advanced,advanced,1.579,10.606,30.543,advanced_seed,advanced_9_to_12.csv
overhear,10,9-12,advanced_9_to_12,5651,415,false,v,tier3_bnc_coca+bnc_coca_band_6k+grade_estimate_10+general_or_nonacademic,advanced,advanced,1.577,10.603,30.54,advanced_seed,advanced_9_to_12.csv
conflate,12,9-12,advanced_9_to_12,9181,101,false,v,tier3_bnc_coca+bnc_coca_band_10k+grade_estimate_12+general_or_nonacademic,advanced,advanced,1.227,8.636,30.532,advanced_seed,advanced_9_to_12.csv
gigantic,10,9-12,advanced_9_to_12,5396,403,false,adj,tier3_bnc_coca+bnc_coca_band_6k+grade_estimate_10+general_or_nonacademic,advanced,advanced,1.57,10.593,30.531,advanced_seed,advanced_9_to_12.csv
breach,9,9-12,advanced_9_to_12,3108,4095,false,v,tier3_bnc_coca+bnc_coca_band_4k+grade_estimate_9+general_or_nonacademic,advanced,advanced,2.968,11.391,30.529,advanced_seed,advanced_9_to_12.csv
affluent,10,9-12,advanced_9_to_12,5021,398,false,adj,tier3_bnc_coca+bnc_coca_band_6k+grade_estimate_10+general_or_nonacademic,advanced,advanced,1.566,10.589,30.527,advanced_seed,advanced_9_to_12.csv
disconnect,10,9-12,advanced_9_to_12,5271,397,false,v,tier3_bnc_coca+bnc_coca_band_6k+grade_estimate_10+general_or_nonacademic,advanced,advanced,1.566,10.588,30.527,advanced_seed,advanced_9_to_12.csv
attrition,11,9-12,advanced_9_to_12,8066,99,false,n,tier3_bnc_coca+bnc_coca_band_9k+grade_estimate_11+general_or_nonacademic,advanced,advanced,1.222,8.63,30.526,advanced_seed,advanced_9_to_12.csv
granulate,11,9-12,advanced_9_to_12,8385,99,false,v,tier3_bnc_coca+bnc_coca_band_9k+grade_estimate_11+general_or_nonacademic,advanced,advanced,1.222,8.63,30.526,advanced_seed,advanced_9_to_12.csv
impunity,12,9-12,advanced_9_to_12,9448,99,false,n,tier3_bnc_coca+bnc_coca_band_10k+grade_estimate_12+general_or_nonacademic,advanced,advanced,1.222,8.63,30.526,advanced_seed,advanced_9_to_12.csv
squirrel,10,9-12,advanced_9_to_12,5870,395,false,v,tier3_bnc_coca+bnc_coca_band_6k+grade_estimate_10+general_or_nonacademic,advanced,advanced,1.564,10.586,30.525,advanced_seed,advanced_9_to_12.csv
behalf,9,9-12,advanced_9_to_12,3087,4037,false,n,tier3_bnc_coca+bnc_coca_band_4k+grade_estimate_9+general_or_nonacademic,advanced,advanced,2.964,11.386,30.525,advanced_seed,advanced_9_to_12.csv
billionaire,12,9-12,advanced_9_to_12,9091,68,false,n,tier3_bnc_coca+bnc_coca_band_10k+grade_estimate_12+general_or_nonacademic,advanced,advanced,1.135,8.014,30.524,advanced_seed,advanced_9_to_12.csv
explicate,12,9-12,advanced_9_to_12,9328,98,false,v,tier3_bnc_coca+bnc_coca_band_10k+grade_estimate_12+general_or_nonacademic,advanced,advanced,1.22,8.627,30.523,advanced_seed,advanced_9_to_12.csv
modality,12,9-12,advanced_9_to_12,9571,97,false,n,tier3_bnc_coca+bnc_coca_band_10k+grade_estimate_12+general_or_nonacademic,advanced,advanced,1.218,8.624,30.521,advanced_seed,advanced_9_to_12.csv
cricket,9,9-12,advanced_9_to_12,4203,3952,false,v,tier3_bnc_coca+bnc_coca_band_5k+grade_estimate_9+general_or_nonacademic,advanced,advanced,2.159,10.878,30.519,advanced_seed,advanced_9_to_12.csv
decapitate,12,9-12,advanced_9_to_12,9219,96,false,v,tier3_bnc_coca+bnc_coca_band_10k+grade_estimate_12+general_or_nonacademic,advanced,advanced,1.215,8.62,30.518,advanced_seed,advanced_9_to_12.csv
overweight,10,9-12,advanced_9_to_12,5653,384,false,n,tier3_bnc_coca+bnc_coca_band_6k+grade_estimate_10+general_or_nonacademic,advanced,advanced,1.557,10.576,30.517,advanced_seed,advanced_9_to_12.csv
vinaigrette,12,9-12,advanced_9_to_12,9969,66,false,n,tier3_bnc_coca+bnc_coca_band_10k+grade_estimate_12+general_or_nonacademic,advanced,advanced,1.128,8.005,30.517,advanced_seed,advanced_9_to_12.csv
necklace,10,9-12,advanced_9_to_12,5616,383,false,n,tier3_bnc_coca+bnc_coca_band_6k+grade_estimate_10+general_or_nonacademic,advanced,advanced,1.557,10.576,30.516,advanced_seed,advanced_9_to_12.csv
theologian,10,9-12,advanced_9_to_12,5910,378,false,n,tier3_bnc_coca+bnc_coca_band_6k+grade_estimate_10+general_or_nonacademic,advanced,advanced,1.553,10.571,30.512,advanced_seed,advanced_9_to_12.csv
officiate,12,9-12,advanced_9_to_12,9611,93,false,v,tier3_bnc_coca+bnc_coca_band_10k+grade_estimate_12+general_or_nonacademic,advanced,advanced,1.208,8.61,30.509,advanced_seed,advanced_9_to_12.csv
quarterback,11,9-12,advanced_9_to_12,7718,64,false,n,tier3_bnc_coca+bnc_coca_band_8k+grade_estimate_11+general_or_nonacademic,advanced,advanced,1.122,7.995,30.508,advanced_seed,advanced_9_to_12.csv
twilight,10,9-12,advanced_9_to_12,5938,373,false,n,tier3_bnc_coca+bnc_coca_band_6k+grade_estimate_10+general_or_nonacademic,advanced,advanced,1.55,10.567,30.508,advanced_seed,advanced_9_to_12.csv
briefcase,10,9-12,advanced_9_to_12,5111,371,false,n,tier3_bnc_coca+bnc_coca_band_6k+grade_estimate_10+general_or_nonacademic,advanced,advanced,1.549,10.565,30.507,advanced_seed,advanced_9_to_12.csv
procreate,12,9-12,advanced_9_to_12,9719,92,false,v,tier3_bnc_coca+bnc_coca_band_10k+grade_estimate_12+general_or_nonacademic,advanced,advanced,1.205,8.607,30.506,advanced_seed,advanced_9_to_12.csv
carnival,10,9-12,advanced_9_to_12,5140,367,false,adj,tier3_bnc_coca+bnc_coca_band_6k+grade_estimate_10+general_or_nonacademic,advanced,advanced,1.546,10.561,30.503,advanced_seed,advanced_9_to_12.csv
reimburse,10,9-12,advanced_9_to_12,5768,364,false,n,tier3_bnc_coca+bnc_coca_band_6k+grade_estimate_10+general_or_nonacademic,advanced,advanced,1.544,10.558,30.501,advanced_seed,advanced_9_to_12.csv
sideline,10,9-12,advanced_9_to_12,5835,360,false,n,tier3_bnc_coca+bnc_coca_band_6k+grade_estimate_10+general_or_nonacademic,advanced,advanced,1.541,10.555,30.498,advanced_seed,advanced_9_to_12.csv
refinance,12,9-12,advanced_9_to_12,9763,89,false,n,tier3_bnc_coca+bnc_coca_band_10k+grade_estimate_12+general_or_nonacademic,advanced,advanced,1.197,8.597,30.497,advanced_seed,advanced_9_to_12.csv
laureate,12,9-12,advanced_9_to_12,9506,86,false,v,tier3_bnc_coca+bnc_coca_band_10k+grade_estimate_12+general_or_nonacademic,advanced,advanced,1.189,8.586,30.488,advanced_seed,advanced_9_to_12.csv
testosterone,12,9-12,advanced_9_to_12,9900,59,false,n,tier3_bnc_coca+bnc_coca_band_10k+grade_estimate_12+general_or_nonacademic,advanced,advanced,1.103,7.971,30.487,advanced_seed,advanced_9_to_12.csv
rugby,10,9-12,advanced_9_to_12,5794,3476,false,n,tier3_bnc_coca+bnc_coca_band_6k+grade_estimate_10+general_or_nonacademic,advanced,advanced,2.925,11.334,30.48,advanced_seed,advanced_9_to_12.csv
lad,9,9-12,advanced_9_to_12,4468,3459,false,n,tier3_bnc_coca+bnc_coca_band_5k+grade_estimate_9+general_or_nonacademic,advanced,advanced,3.924,10.832,30.478,advanced_seed,advanced_9_to_12.csv
marinate,12,9-12,advanced_9_to_12,9544,83,false,v,tier3_bnc_coca+bnc_coca_band_10k+grade_estimate_12+general_or_nonacademic,advanced,advanced,1.181,8.575,30.478,advanced_seed,advanced_9_to_12.csv
gulf,9,9-12,advanced_9_to_12,3453,3363,false,n,tier3_bnc_coca+bnc_coca_band_4k+grade_estimate_9+general_or_nonacademic,advanced,advanced,3.917,10.822,30.47,advanced_seed,advanced_9_to_12.csv
publicist,12,9-12,advanced_9_to_12,9735,80,false,n,tier3_bnc_coca+bnc_coca_band_10k+grade_estimate_12+general_or_nonacademic,advanced,advanced,1.173,8.563,30.468,advanced_seed,advanced_9_to_12.csv
cater,9,9-12,advanced_9_to_12,3144,3217,false,v,tier3_bnc_coca+bnc_coca_band_4k+grade_estimate_9+general_or_nonacademic,advanced,advanced,2.905,11.307,30.456,advanced_seed,advanced_9_to_12.csv
premiere,10,9-12,advanced_9_to_12,5717,311,false,n,tier3_bnc_coca+bnc_coca_band_6k+grade_estimate_10+general_or_nonacademic,advanced,advanced,1.504,10.505,30.455,advanced_seed,advanced_9_to_12.csv
deaf,9,9-12,advanced_9_to_12,3248,3179,false,n,tier3_bnc_coca+bnc_coca_band_4k+grade_estimate_9+general_or_nonacademic,advanced,advanced,3.902,10.803,30.453,advanced_seed,advanced_9_to_12.csv
proponent,10,9-12,advanced_9_to_12,5726,307,false,n,tier3_bnc_coca+bnc_coca_band_6k+grade_estimate_10+general_or_nonacademic,advanced,advanced,1.501,10.501,30.451,advanced_seed,advanced_9_to_12.csv
booking,9,9-12,advanced_9_to_12,3104,3095,false,n,tier3_bnc_coca+bnc_coca_band_4k+grade_estimate_9+general_or_nonacademic,advanced,advanced,2.095,10.794,30.444,advanced_seed,advanced_9_to_12.csv
spite,9,9-12,advanced_9_to_12,4829,3080,false,n,tier3_bnc_coca+bnc_coca_band_5k+grade_estimate_9+general_or_nonacademic,advanced,advanced,2.894,11.292,30.443,advanced_seed,advanced_9_to_12.csv
limousine,10,9-12,advanced_9_to_12,5534,287,false,n,tier3_bnc_coca+bnc_coca_band_6k+grade_estimate_10+general_or_nonacademic,advanced,advanced,1.484,10.478,30.431,advanced_seed,advanced_9_to_12.csv
enclose,9,9-12,advanced_9_to_12,3336,2958,false,n,tier3_bnc_coca+bnc_coca_band_4k+grade_estimate_9+general_or_nonacademic,advanced,advanced,2.083,10.778,30.431,advanced_seed,advanced_9_to_12.csv
premier,9,9-12,advanced_9_to_12,3715,2943,false,n,tier3_bnc_coca+bnc_coca_band_4k+grade_estimate_9+general_or_nonacademic,advanced,advanced,2.082,10.776,30.429,advanced_seed,advanced_9_to_12.csv
ecosystem,10,9-12,advanced_9_to_12,5298,283,false,n,tier3_bnc_coca+bnc_coca_band_6k+grade_estimate_10+general_or_nonacademic,advanced,advanced,1.48,10.473,30.427,advanced_seed,advanced_9_to_12.csv
squad,9,9-12,advanced_9_to_12,3854,2886,false,n,tier3_bnc_coca+bnc_coca_band_4k+grade_estimate_9+general_or_nonacademic,advanced,advanced,2.877,11.269,30.423,advanced_seed,advanced_9_to_12.csv
timber,9,9-12,advanced_9_to_12,3928,2852,false,v,tier3_bnc_coca+bnc_coca_band_4k+grade_estimate_9+general_or_nonacademic,advanced,advanced,2.874,11.265,30.42,advanced_seed,advanced_9_to_12.csv
dormitory,10,9-12,advanced_9_to_12,5289,275,false,n,tier3_bnc_coca+bnc_coca_band_6k+grade_estimate_10+general_or_nonacademic,advanced,advanced,1.473,10.464,30.418,advanced_seed,advanced_9_to_12.csv
terrace,9,9-12,advanced_9_to_12,3907,2824,false,n,tier3_bnc_coca+bnc_coca_band_4k+grade_estimate_9+general_or_nonacademic,advanced,advanced,2.071,10.762,30.417,advanced_seed,advanced_9_to_12.csv
conform,9,9-12,advanced_9_to_12,3206,2792,false,v,tier3_bnc_coca+bnc_coca_band_4k+grade_estimate_9+general_or_nonacademic,advanced,advanced,2.068,10.758,30.413,advanced_seed,advanced_9_to_12.csv
pat,9,9-12,advanced_9_to_12,3672,2774,false,n,tier3_bnc_coca+bnc_coca_band_4k+grade_estimate_9+general_or_nonacademic,advanced,advanced,3.867,10.756,30.411,advanced_seed,advanced_9_to_12.csv
temple,9,9-12,advanced_9_to_12,3903,2730,false,n,tier3_bnc_coca+bnc_coca_band_4k+grade_estimate_9+general_or_nonacademic,advanced,advanced,2.863,11.25,30.406,advanced_seed,advanced_9_to_12.csv
earl,9,9-12,advanced_9_to_12,3322,2709,false,n,tier3_bnc_coca+bnc_coca_band_4k+grade_estimate_9+general_or_nonacademic,advanced,advanced,3.861,10.748,30.404,advanced_seed,advanced_9_to_12.csv
utter,9,9-12,advanced_9_to_12,3958,2674,false,v,tier3_bnc_coca+bnc_coca_band_4k+grade_estimate_9+general_or_nonacademic,advanced,advanced,2.857,11.243,30.4,advanced_seed,advanced_9_to_12.csv
marshal,9,9-12,advanced_9_to_12,4510,2648,false,adj,tier3_bnc_coca+bnc_coca_band_5k+grade_estimate_9+general_or_nonacademic,advanced,advanced,2.055,10.74,30.397,advanced_seed,advanced_9_to_12.csv
canal,9,9-12,advanced_9_to_12,3135,2609,false,adj,tier3_bnc_coca+bnc_coca_band_4k+grade_estimate_9+general_or_nonacademic,advanced,advanced,2.851,11.235,30.393,advanced_seed,advanced_9_to_12.csv
widow,9,9-12,advanced_9_to_12,3996,2594,false,v,tier3_bnc_coca+bnc_coca_band_4k+grade_estimate_9+general_or_nonacademic,advanced,advanced,2.849,11.233,30.391,advanced_seed,advanced_9_to_12.csv
scarce,9,9-12,advanced_9_to_12,3787,2588,false,adj,tier3_bnc_coca+bnc_coca_band_4k+grade_estimate_9+general_or_nonacademic,advanced,advanced,2.849,11.232,30.39,advanced_seed,advanced_9_to_12.csv
fascism,10,9-12,advanced_9_to_12,6326,674,false,n,tier3_bnc_coca+bnc_coca_band_7k+grade_estimate_10+general_or_nonacademic,advanced,advanced,1.701,8.768,30.385,advanced_seed,advanced_9_to_12.csv
upwards,9,9-12,advanced_9_to_12,3956,2521,false,adv,tier3_bnc_coca+bnc_coca_band_4k+grade_estimate_9+general_or_nonacademic,advanced,advanced,2.042,10.723,30.382,advanced_seed,advanced_9_to_12.csv
riot,9,9-12,advanced_9_to_12,3769,2515,false,v,tier3_bnc_coca+bnc_coca_band_4k+grade_estimate_9+general_or_nonacademic,advanced,advanced,3.841,10.722,30.382,advanced_seed,advanced_9_to_12.csv
murmur,9,9-12,advanced_9_to_12,3620,2513,false,v,tier3_bnc_coca+bnc_coca_band_4k+grade_estimate_9+general_or_nonacademic,advanced,advanced,2.841,11.222,30.381,advanced_seed,advanced_9_to_12.csv
pope,9,9-12,advanced_9_to_12,3703,2513,false,n,tier3_bnc_coca+bnc_coca_band_4k+grade_estimate_9+general_or_nonacademic,advanced,advanced,3.841,10.722,30.381,advanced_seed,advanced_9_to_12.csv
ulcer,9,9-12,advanced_9_to_12,4932,2502,false,n,tier3_bnc_coca+bnc_coca_band_5k+grade_estimate_9+general_or_nonacademic,advanced,advanced,2.84,11.22,30.38,advanced_seed,advanced_9_to_12.csv
attain,9,9-12,advanced_9_to_12,3060,2487,false,v,tier3_bnc_coca+bnc_coca_band_4k+grade_estimate_9+general_or_nonacademic,advanced,advanced,2.838,11.218,30.378,advanced_seed,advanced_9_to_12.csv
dwell,9,9-12,advanced_9_to_12,3319,2466,false,v,tier3_bnc_coca+bnc_coca_band_4k+grade_estimate_9+general_or_nonacademic,advanced,advanced,2.836,11.215,30.376,advanced_seed,advanced_9_to_12.csv
rove,9,9-12,advanced_9_to_12,4748,2463,false,n,tier3_bnc_coca+bnc_coca_band_5k+grade_estimate_9+general_or_nonacademic,advanced,advanced,3.836,10.715,30.375,advanced_seed,advanced_9_to_12.csv
telecom,9,9-12,advanced_9_to_12,3901,2456,false,n,tier3_bnc_coca+bnc_coca_band_4k+grade_estimate_9+general_or_nonacademic,advanced,advanced,2.035,10.714,30.374,advanced_seed,advanced_9_to_12.csv
bull,9,9-12,advanced_9_to_12,3120,2455,false,n,tier3_bnc_coca+bnc_coca_band_4k+grade_estimate_9+general_or_nonacademic,advanced,advanced,3.835,10.713,30.374,advanced_seed,advanced_9_to_12.csv
clash,9,9-12,advanced_9_to_12,3170,2453,false,v,tier3_bnc_coca+bnc_coca_band_4k+grade_estimate_9+general_or_nonacademic,advanced,advanced,2.835,11.213,30.374,advanced_seed,advanced_9_to_12.csv
needle,9,9-12,advanced_9_to_12,3625,2448,false,n,tier3_bnc_coca+bnc_coca_band_4k+grade_estimate_9+general_or_nonacademic,advanced,advanced,2.834,11.212,30.373,advanced_seed,advanced_9_to_12.csv
thrust,9,9-12,advanced_9_to_12,3921,2448,false,v,tier3_bnc_coca+bnc_coca_band_4k+grade_estimate_9+general_or_nonacademic,advanced,advanced,2.834,11.212,30.373,advanced_seed,advanced_9_to_12.csv
vendor,9,9-12,advanced_9_to_12,3963,2442,false,n,tier3_bnc_coca+bnc_coca_band_4k+grade_estimate_9+general_or_nonacademic,advanced,advanced,2.834,11.212,30.373,advanced_seed,advanced_9_to_12.csv
superb,9,9-12,advanced_9_to_12,3888,2440,false,adj,tier3_bnc_coca+bnc_coca_band_4k+grade_estimate_9+general_or_nonacademic,advanced,advanced,2.833,11.211,30.372,advanced_seed,advanced_9_to_12.csv
dot,9,9-12,advanced_9_to_12,3313,2439,false,n,tier3_bnc_coca+bnc_coca_band_4k+grade_estimate_9+general_or_nonacademic,advanced,advanced,3.833,10.711,30.372,advanced_seed,advanced_9_to_12.csv
premium,9,9-12,advanced_9_to_12,3716,2430,false,n,tier3_bnc_coca+bnc_coca_band_4k+grade_estimate_9+general_or_nonacademic,advanced,advanced,2.032,10.71,30.371,advanced_seed,advanced_9_to_12.csv
borough,10,9-12,advanced_9_to_12,5105,2397,false,n,tier3_bnc_coca+bnc_coca_band_6k+grade_estimate_10+general_or_nonacademic,advanced,advanced,2.029,10.705,30.367,advanced_seed,advanced_9_to_12.csv
kit,9,9-12,advanced_9_to_12,3545,2396,false,n,tier3_bnc_coca+bnc_coca_band_4k+grade_estimate_9+general_or_nonacademic,advanced,advanced,3.829,10.705,30.367,advanced_seed,advanced_9_to_12.csv
villa,9,9-12,advanced_9_to_12,3974,2395,false,n,tier3_bnc_coca+bnc_coca_band_4k+grade_estimate_9+general_or_nonacademic,advanced,advanced,2.829,11.205,30.367,advanced_seed,advanced_9_to_12.csv
insurgent,10,9-12,advanced_9_to_12,5489,229,false,n,tier3_bnc_coca+bnc_coca_band_6k+grade_estimate_10+general_or_nonacademic,advanced,advanced,1.427,10.403,30.365,advanced_seed,advanced_9_to_12.csv
fleet,9,9-12,advanced_9_to_12,3387,2379,false,n,tier3_bnc_coca+bnc_coca_band_4k+grade_estimate_9+general_or_nonacademic,advanced,advanced,2.827,11.203,30.365,advanced_seed,advanced_9_to_12.csv
exempt,9,9-12,advanced_9_to_12,3361,2358,false,v,tier3_bnc_coca+bnc_coca_band_4k+grade_estimate_9+general_or_nonacademic,advanced,advanced,2.825,11.2,30.362,advanced_seed,advanced_9_to_12.csv
homicide,10,9-12,advanced_9_to_12,5437,226,false,n,tier3_bnc_coca+bnc_coca_band_6k+grade_estimate_10+general_or_nonacademic,advanced,advanced,1.424,10.398,30.361,advanced_seed,advanced_9_to_12.csv
compile,9,9-12,advanced_9_to_12,3194,2345,false,n,tier3_bnc_coca+bnc_coca_band_4k+grade_estimate_9+general_or_nonacademic,advanced,advanced,2.023,10.698,30.36,advanced_seed,advanced_9_to_12.csv
reign,9,9-12,advanced_9_to_12,3756,2342,false,v,tier3_bnc_coca+bnc_coca_band_4k+grade_estimate_9+general_or_nonacademic,advanced,advanced,2.823,11.197,30.36,advanced_seed,advanced_9_to_12.csv
repay,9,9-12,advanced_9_to_12,3758,2340,false,v,tier3_bnc_coca+bnc_coca_band_4k+grade_estimate_9+general_or_nonacademic,advanced,advanced,2.823,11.197,30.36,advanced_seed,advanced_9_to_12.csv
stitch,9,9-12,advanced_9_to_12,3869,2337,false,v,tier3_bnc_coca+bnc_coca_band_4k+grade_estimate_9+general_or_nonacademic,advanced,advanced,2.822,11.196,30.359,advanced_seed,advanced_9_to_12.csv
distort,9,9-12,advanced_9_to_12,3302,2309,false,v,tier3_bnc_coca+bnc_coca_band_4k+grade_estimate_9+general_or_nonacademic,advanced,advanced,2.019,10.692,30.356,advanced_seed,advanced_9_to_12.csv
obey,9,9-12,advanced_9_to_12,3636,2308,false,v,tier3_bnc_coca+bnc_coca_band_4k+grade_estimate_9+general_or_nonacademic,advanced,advanced,3.819,10.692,30.356,advanced_seed,advanced_9_to_12.csv
resent,9,9-12,advanced_9_to_12,3760,2300,false,v,tier3_bnc_coca+bnc_coca_band_4k+grade_estimate_9+general_or_nonacademic,advanced,advanced,2.818,11.191,30.355,advanced_seed,advanced_9_to_12.csv
devise,9,9-12,advanced_9_to_12,3275,2291,false,v,tier3_bnc_coca+bnc_coca_band_4k+grade_estimate_9+general_or_nonacademic,advanced,advanced,2.817,11.19,30.353,advanced_seed,advanced_9_to_12.csv
thou,9,9-12,advanced_9_to_12,3917,2269,false,n,tier3_bnc_coca+bnc_coca_band_4k+grade_estimate_9+general_or_nonacademic,advanced,advanced,3.815,10.686,30.35,advanced_seed,advanced_9_to_12.csv
bass,9,9-12,advanced_9_to_12,3080,2262,false,n,tier3_bnc_coca+bnc_coca_band_4k+grade_estimate_9+general_or_nonacademic,advanced,advanced,3.814,10.685,30.349,advanced_seed,advanced_9_to_12.csv
await,9,9-12,advanced_9_to_12,3068,2241,false,v,tier3_bnc_coca+bnc_coca_band_4k+grade_estimate_9+general_or_nonacademic,advanced,advanced,2.811,11.182,30.347,advanced_seed,advanced_9_to_12.csv
summon,9,9-12,advanced_9_to_12,3887,2230,false,v,tier3_bnc_coca+bnc_coca_band_4k+grade_estimate_9+general_or_nonacademic,advanced,advanced,2.81,11.18,30.345,advanced_seed,advanced_9_to_12.csv
arch,9,9-12,advanced_9_to_12,3045,2223,false,v,tier3_bnc_coca+bnc_coca_band_4k+grade_estimate_9+general_or_nonacademic,advanced,advanced,3.809,10.679,30.344,advanced_seed,advanced_9_to_12.csv
steep,9,9-12,advanced_9_to_12,3863,2223,false,adj,tier3_bnc_coca+bnc_coca_band_4k+grade_estimate_9+general_or_nonacademic,advanced,advanced,2.809,11.179,30.344,advanced_seed,advanced_9_to_12.csv
dull,9,9-12,advanced_9_to_12,3317,2217,false,v,tier3_bnc_coca+bnc_coca_band_4k+grade_estimate_9+general_or_nonacademic,advanced,advanced,3.809,10.678,30.343,advanced_seed,advanced_9_to_12.csv
isle,10,9-12,advanced_9_to_12,5505,2215,false,n,tier3_bnc_coca+bnc_coca_band_6k+grade_estimate_10+general_or_nonacademic,advanced,advanced,3.808,10.678,30.343,advanced_seed,advanced_9_to_12.csv
frown,9,9-12,advanced_9_to_12,3415,2210,false,v,tier3_bnc_coca+bnc_coca_band_4k+grade_estimate_9+general_or_nonacademic,advanced,advanced,2.808,11.177,30.342,advanced_seed,advanced_9_to_12.csv
trustee,9,9-12,advanced_9_to_12,3946,2210,false,n,tier3_bnc_coca+bnc_coca_band_4k+grade_estimate_9+general_or_nonacademic,advanced,advanced,2.008,10.677,30.342,advanced_seed,advanced_9_to_12.csv
opt,9,9-12,advanced_9_to_12,3647,2191,false,v,tier3_bnc_coca+bnc_coca_band_4k+grade_estimate_9+general_or_nonacademic,advanced,advanced,3.806,10.674,30.34,advanced_seed,advanced_9_to_12.csv
virgin,9,9-12,advanced_9_to_12,3975,2191,false,n,tier3_bnc_coca+bnc_coca_band_4k+grade_estimate_9+general_or_nonacademic,advanced,advanced,2.806,11.174,30.34,advanced_seed,advanced_9_to_12.csv
basketball,9,9-12,advanced_9_to_12,4077,210,false,n,tier3_bnc_coca+bnc_coca_band_5k+grade_estimate_9+general_or_nonacademic,advanced,advanced,1.405,10.374,30.34,advanced_seed,advanced_9_to_12.csv
aspire,9,9-12,advanced_9_to_12,3056,2187,false,n,tier3_bnc_coca+bnc_coca_band_4k+grade_estimate_9+general_or_nonacademic,advanced,advanced,2.805,11.173,30.339,advanced_seed,advanced_9_to_12.csv
boxed,9,9-12,advanced_9_to_12,3106,2182,false,n,tier3_bnc_coca+bnc_coca_band_4k+grade_estimate_9+general_or_nonacademic,advanced,advanced,2.805,11.173,30.339,advanced_seed,advanced_9_to_12.csv
erect,9,9-12,advanced_9_to_12,3347,2162,false,v,tier3_bnc_coca+bnc_coca_band_4k+grade_estimate_9+general_or_nonacademic,advanced,advanced,2.802,11.169,30.336,advanced_seed,advanced_9_to_12.csv
tropics,9,9-12,advanced_9_to_12,3944,2162,false,n,tier3_bnc_coca+bnc_coca_band_4k+grade_estimate_9+general_or_nonacademic,advanced,advanced,2.002,10.669,30.336,advanced_seed,advanced_9_to_12.csv
mutter,9,9-12,advanced_9_to_12,3622,2132,false,v,tier3_bnc_coca+bnc_coca_band_4k+grade_estimate_9+general_or_nonacademic,advanced,advanced,2.798,11.165,30.332,advanced_seed,advanced_9_to_12.csv
verse,9,9-12,advanced_9_to_12,3968,2131,false,n,tier3_bnc_coca+bnc_coca_band_4k+grade_estimate_9+general_or_nonacademic,advanced,advanced,2.798,11.164,30.331,advanced_seed,advanced_9_to_12.csv
devil,9,9-12,advanced_9_to_12,3274,2120,false,n,tier3_bnc_coca+bnc_coca_band_4k+grade_estimate_9+general_or_nonacademic,advanced,advanced,2.797,11.163,30.33,advanced_seed,advanced_9_to_12.csv
firefight,10,9-12,advanced_9_to_12,5354,203,false,v,tier3_bnc_coca+bnc_coca_band_6k+grade_estimate_10+general_or_nonacademic,advanced,advanced,1.397,10.363,30.33,advanced_seed,advanced_9_to_12.csv
tile,9,9-12,advanced_9_to_12,3926,2112,false,n,tier3_bnc_coca+bnc_coca_band_4k+grade_estimate_9+general_or_nonacademic,advanced,advanced,3.796,10.661,30.329,advanced_seed,advanced_9_to_12.csv
steer,9,9-12,advanced_9_to_12,3864,2110,false,v,tier3_bnc_coca+bnc_coca_band_4k+grade_estimate_9+general_or_nonacademic,advanced,advanced,2.796,11.161,30.328,advanced_seed,advanced_9_to_12.csv
fuse,9,9-12,advanced_9_to_12,3418,2108,false,n,tier3_bnc_coca+bnc_coca_band_4k+grade_estimate_9+general_or_nonacademic,advanced,advanced,3.796,10.661,30.328,advanced_seed,advanced_9_to_12.csv
nursery,9,9-12,advanced_9_to_12,3634,2103,false,n,tier3_bnc_coca+bnc_coca_band_4k+grade_estimate_9+general_or_nonacademic,advanced,advanced,1.995,10.66,30.327,advanced_seed,advanced_9_to_12.csv
receipt,9,9-12,advanced_9_to_12,3744,2099,false,v,tier3_bnc_coca+bnc_coca_band_4k+grade_estimate_9+general_or_nonacademic,advanced,advanced,1.994,10.659,30.327,advanced_seed,advanced_9_to_12.csv
prevail,9,9-12,advanced_9_to_12,3722,2092,false,v,tier3_bnc_coca+bnc_coca_band_4k+grade_estimate_9+general_or_nonacademic,advanced,advanced,1.994,10.658,30.326,advanced_seed,advanced_9_to_12.csv
haste,9,9-12,advanced_9_to_12,3463,2085,false,n,tier3_bnc_coca+bnc_coca_band_4k+grade_estimate_9+general_or_nonacademic,advanced,advanced,2.793,11.157,30.325,advanced_seed,advanced_9_to_12.csv
immense,9,9-12,advanced_9_to_12,3495,2084,false,adj,tier3_bnc_coca+bnc_coca_band_4k+grade_estimate_9+general_or_nonacademic,advanced,advanced,1.993,10.657,30.325,advanced_seed,advanced_9_to_12.csv
moor,9,9-12,advanced_9_to_12,4546,2083,false,v,tier3_bnc_coca+bnc_coca_band_5k+grade_estimate_9+general_or_nonacademic,advanced,advanced,3.792,10.657,30.325,advanced_seed,advanced_9_to_12.csv
manor,9,9-12,advanced_9_to_12,4504,2082,false,n,tier3_bnc_coca+bnc_coca_band_5k+grade_estimate_9+general_or_nonacademic,advanced,advanced,2.792,11.156,30.324,advanced_seed,advanced_9_to_12.csv
refine,9,9-12,advanced_9_to_12,3750,2080,false,n,tier3_bnc_coca+bnc_coca_band_4k+grade_estimate_9+general_or_nonacademic,advanced,advanced,2.792,11.156,30.324,advanced_seed,advanced_9_to_12.csv
mucus,9,9-12,advanced_9_to_12,4555,2080,false,n,tier3_bnc_coca+bnc_coca_band_5k+grade_estimate_9+general_or_nonacademic,advanced,advanced,2.792,11.156,30.324,advanced_seed,advanced_9_to_12.csv
conceal,9,9-12,advanced_9_to_12,3201,2079,false,v,tier3_bnc_coca+bnc_coca_band_4k+grade_estimate_9+general_or_nonacademic,advanced,advanced,1.992,10.656,30.324,advanced_seed,advanced_9_to_12.csv
tidy,9,9-12,advanced_9_to_12,4900,2077,false,v,tier3_bnc_coca+bnc_coca_band_5k+grade_estimate_9+general_or_nonacademic,advanced,advanced,3.792,10.656,30.324,advanced_seed,advanced_9_to_12.csv
spine,9,9-12,advanced_9_to_12,3846,2076,false,n,tier3_bnc_coca+bnc_coca_band_4k+grade_estimate_9+general_or_nonacademic,advanced,advanced,2.792,11.155,30.324,advanced_seed,advanced_9_to_12.csv
plead,9,9-12,advanced_9_to_12,3696,2074,false,v,tier3_bnc_coca+bnc_coca_band_4k+grade_estimate_9+general_or_nonacademic,advanced,advanced,2.791,11.155,30.323,advanced_seed,advanced_9_to_12.csv
sheer,9,9-12,advanced_9_to_12,3809,2074,false,n,tier3_bnc_coca+bnc_coca_band_4k+grade_estimate_9+general_or_nonacademic,advanced,advanced,2.791,11.155,30.323,advanced_seed,advanced_9_to_12.csv
amateur,9,9-12,advanced_9_to_12,3027,2067,false,n,tier3_bnc_coca+bnc_coca_band_4k+grade_estimate_9+general_or_nonacademic,advanced,advanced,1.99,10.654,30.322,advanced_seed,advanced_9_to_12.csv
detach,9,9-12,advanced_9_to_12,3270,2056,false,v,tier3_bnc_coca+bnc_coca_band_4k+grade_estimate_9+general_or_nonacademic,advanced,advanced,2.789,11.152,30.321,advanced_seed,advanced_9_to_12.csv
warrant,9,9-12,advanced_9_to_12,3987,2052,false,v,tier3_bnc_coca+bnc_coca_band_4k+grade_estimate_9+general_or_nonacademic,advanced,advanced,1.989,10.651,30.32,advanced_seed,advanced_9_to_12.csv
recur,9,9-12,advanced_9_to_12,3748,2031,false,n,tier3_bnc_coca+bnc_coca_band_4k+grade_estimate_9+general_or_nonacademic,advanced,advanced,2.786,11.148,30.317,advanced_seed,advanced_9_to_12.csv
elegant,9,9-12,advanced_9_to_12,3327,2029,false,adj,tier3_bnc_coca+bnc_coca_band_4k+grade_estimate_9+general_or_nonacademic,advanced,advanced,1.986,10.648,30.317,advanced_seed,advanced_9_to_12.csv
chap,9,9-12,advanced_9_to_12,4132,2028,false,n,tier3_bnc_coca+bnc_coca_band_5k+grade_estimate_9+general_or_nonacademic,advanced,advanced,3.786,10.647,30.316,advanced_seed,advanced_9_to_12.csv
marched,9,9-12,advanced_9_to_12,3584,2024,false,n,tier3_bnc_coca+bnc_coca_band_4k+grade_estimate_9+general_or_nonacademic,advanced,advanced,1.985,10.647,30.316,advanced_seed,advanced_9_to_12.csv
abbey,9,9-12,advanced_9_to_12,4001,2022,false,n,tier3_bnc_coca+bnc_coca_band_5k+grade_estimate_9+general_or_nonacademic,advanced,advanced,2.785,11.146,30.316,advanced_seed,advanced_9_to_12.csv
ash,9,9-12,advanced_9_to_12,3055,2017,false,n,tier3_bnc_coca+bnc_coca_band_4k+grade_estimate_9+general_or_nonacademic,advanced,advanced,3.784,10.645,30.315,advanced_seed,advanced_9_to_12.csv
dean,10,9-12,advanced_9_to_12,5234,2015,false,n,tier3_bnc_coca+bnc_coca_band_6k+grade_estimate_10+general_or_nonacademic,advanced,advanced,3.784,10.645,30.314,advanced_seed,advanced_9_to_12.csv
baptism,10,9-12,advanced_9_to_12,6075,533,false,n,tier3_bnc_coca+bnc_coca_band_7k+grade_estimate_10+general_or_nonacademic,advanced,advanced,1.641,8.688,30.314,advanced_seed,advanced_9_to_12.csv
leaflet,9,9-12,advanced_9_to_12,4478,2008,false,v,tier3_bnc_coca+bnc_coca_band_5k+grade_estimate_9+general_or_nonacademic,advanced,advanced,1.983,10.644,30.313,advanced_seed,advanced_9_to_12.csv
whiskey,9,9-12,advanced_9_to_12,3995,2007,false,n,tier3_bnc_coca+bnc_coca_band_4k+grade_estimate_9+general_or_nonacademic,advanced,advanced,1.983,10.644,30.313,advanced_seed,advanced_9_to_12.csv
tedious,10,9-12,advanced_9_to_12,6893,530,false,adj,tier3_bnc_coca+bnc_coca_band_7k+grade_estimate_10+general_or_nonacademic,advanced,advanced,1.639,8.686,30.313,advanced_seed,advanced_9_to_12.csv
envision,11,9-12,advanced_9_to_12,8304,44,false,v,tier3_bnc_coca+bnc_coca_band_9k+grade_estimate_11+general_or_nonacademic,advanced,advanced,1.039,8.386,30.313,advanced_seed,advanced_9_to_12.csv
fare,9,9-12,advanced_9_to_12,3373,1990,false,n,tier3_bnc_coca+bnc_coca_band_4k+grade_estimate_9+general_or_nonacademic,advanced,advanced,3.781,10.641,30.311,advanced_seed,advanced_9_to_12.csv
rigid,9,9-12,advanced_9_to_12,3767,1990,false,adj,tier3_bnc_coca+bnc_coca_band_4k+grade_estimate_9+general_or_nonacademic,advanced,advanced,2.781,11.141,30.311,advanced_seed,advanced_9_to_12.csv
rod,9,9-12,advanced_9_to_12,3774,1989,false,n,tier3_bnc_coca+bnc_coca_band_4k+grade_estimate_9+general_or_nonacademic,advanced,advanced,3.78,10.641,30.311,advanced_seed,advanced_9_to_12.csv
theft,9,9-12,advanced_9_to_12,3913,1989,false,n,tier3_bnc_coca+bnc_coca_band_4k+grade_estimate_9+general_or_nonacademic,advanced,advanced,2.78,11.141,30.311,advanced_seed,advanced_9_to_12.csv
collar,9,9-12,advanced_9_to_12,3183,1985,false,v,tier3_bnc_coca+bnc_coca_band_4k+grade_estimate_9+general_or_nonacademic,advanced,advanced,2.78,11.14,30.31,advanced_seed,advanced_9_to_12.csv
lace,9,9-12,advanced_9_to_12,3548,1967,false,n,tier3_bnc_coca+bnc_coca_band_4k+grade_estimate_9+general_or_nonacademic,advanced,advanced,3.778,10.637,30.307,advanced_seed,advanced_9_to_12.csv
fraud,9,9-12,advanced_9_to_12,3412,1965,false,n,tier3_bnc_coca+bnc_coca_band_4k+grade_estimate_9+general_or_nonacademic,advanced,advanced,2.777,11.136,30.307,advanced_seed,advanced_9_to_12.csv
horn,9,9-12,advanced_9_to_12,3480,1953,false,v,tier3_bnc_coca+bnc_coca_band_4k+grade_estimate_9+general_or_nonacademic,advanced,advanced,3.776,10.634,30.305,advanced_seed,advanced_9_to_12.csv
pursuit,9,9-12,advanced_9_to_12,3735,1942,false,n,tier3_bnc_coca+bnc_coca_band_4k+grade_estimate_9+general_or_nonacademic,advanced,advanced,1.974,10.632,30.303,advanced_seed,advanced_9_to_12.csv
interim,9,9-12,advanced_9_to_12,3526,1938,false,n,tier3_bnc_coca+bnc_coca_band_4k+grade_estimate_9+general_or_nonacademic,advanced,advanced,1.974,10.632,30.303,advanced_seed,advanced_9_to_12.csv
patent,9,9-12,advanced_9_to_12,3673,1935,false,v,tier3_bnc_coca+bnc_coca_band_4k+grade_estimate_9+general_or_nonacademic,advanced,advanced,2.773,11.131,30.302,advanced_seed,advanced_9_to_12.csv
hideous,10,9-12,advanced_9_to_12,6417,509,false,adj,tier3_bnc_coca+bnc_coca_band_7k+grade_estimate_10+general_or_nonacademic,advanced,advanced,1.629,8.672,30.301,advanced_seed,advanced_9_to_12.csv
cave,9,9-12,advanced_9_to_12,3148,1920,false,n,tier3_bnc_coca+bnc_coca_band_4k+grade_estimate_9+general_or_nonacademic,advanced,advanced,3.771,10.628,30.3,advanced_seed,advanced_9_to_12.csv
bold,9,9-12,advanced_9_to_12,3101,1909,false,adj,tier3_bnc_coca+bnc_coca_band_4k+grade_estimate_9+general_or_nonacademic,advanced,advanced,3.77,10.626,30.298,advanced_seed,advanced_9_to_12.csv
furnish,9,9-12,advanced_9_to_12,3417,1907,false,v,tier3_bnc_coca+bnc_coca_band_4k+grade_estimate_9+general_or_nonacademic,advanced,advanced,1.97,10.626,30.298,advanced_seed,advanced_9_to_12.csv
condominium,12,9-12,advanced_9_to_12,9180,27,false,n,tier3_bnc_coca+bnc_coca_band_10k+grade_estimate_12+general_or_nonacademic,advanced,advanced,0.941,7.755,30.298,advanced_seed,advanced_9_to_12.csv
coup,9,9-12,advanced_9_to_12,3232,1906,false,n,tier3_bnc_coca+bnc_coca_band_4k+grade_estimate_9+general_or_nonacademic,advanced,advanced,3.769,10.626,30.298,advanced_seed,advanced_9_to_12.csv
obsess,9,9-12,advanced_9_to_12,3638,1895,false,v,tier3_bnc_coca+bnc_coca_band_4k+grade_estimate_9+general_or_nonacademic,advanced,advanced,2.768,11.124,30.296,advanced_seed,advanced_9_to_12.csv
tribute,9,9-12,advanced_9_to_12,3941,1894,false,n,tier3_bnc_coca+bnc_coca_band_4k+grade_estimate_9+general_or_nonacademic,advanced,advanced,1.968,10.624,30.296,advanced_seed,advanced_9_to_12.csv
digest,9,9-12,advanced_9_to_12,3286,1893,false,v,tier3_bnc_coca+bnc_coca_band_4k+grade_estimate_9+general_or_nonacademic,advanced,advanced,2.768,11.124,30.296,advanced_seed,advanced_9_to_12.csv
deter,9,9-12,advanced_9_to_12,3272,1887,false,n,tier3_bnc_coca+bnc_coca_band_4k+grade_estimate_9+general_or_nonacademic,advanced,advanced,2.767,11.122,30.295,advanced_seed,advanced_9_to_12.csv
ferry,9,9-12,advanced_9_to_12,3379,1884,false,v,tier3_bnc_coca+bnc_coca_band_4k+grade_estimate_9+general_or_nonacademic,advanced,advanced,2.766,11.122,30.294,advanced_seed,advanced_9_to_12.csv
inn,9,9-12,advanced_9_to_12,3516,1879,false,n,tier3_bnc_coca+bnc_coca_band_4k+grade_estimate_9+general_or_nonacademic,advanced,advanced,3.766,10.621,30.293,advanced_seed,advanced_9_to_12.csv
abolish,9,9-12,advanced_9_to_12,4003,1877,false,v,tier3_bnc_coca+bnc_coca_band_5k+grade_estimate_9+general_or_nonacademic,advanced,advanced,1.965,10.621,30.293,advanced_seed,advanced_9_to_12.csv
flats,9,9-12,advanced_9_to_12,4348,1876,false,n,tier3_bnc_coca+bnc_coca_band_5k+grade_estimate_9+general_or_nonacademic,advanced,advanced,2.765,11.12,30.293,advanced_seed,advanced_9_to_12.csv
rubber,9,9-12,advanced_9_to_12,3778,1868,false,n,tier3_bnc_coca+bnc_coca_band_4k+grade_estimate_9+general_or_nonacademic,advanced,advanced,2.764,11.119,30.292,advanced_seed,advanced_9_to_12.csv
betray,9,9-12,advanced_9_to_12,3090,1866,false,v,tier3_bnc_coca+bnc_coca_band_4k+grade_estimate_9+general_or_nonacademic,advanced,advanced,2.764,11.119,30.291,advanced_seed,advanced_9_to_12.csv
dip,9,9-12,advanced_9_to_12,3292,1866,false,n,tier3_bnc_coca+bnc_coca_band_4k+grade_estimate_9+general_or_nonacademic,advanced,advanced,3.764,10.619,30.291,advanced_seed,advanced_9_to_12.csv
medal,9,9-12,advanced_9_to_12,3589,1860,false,adj,tier3_bnc_coca+bnc_coca_band_4k+grade_estimate_9+general_or_nonacademic,advanced,advanced,2.763,11.117,30.29,advanced_seed,advanced_9_to_12.csv
stall,9,9-12,advanced_9_to_12,3859,1852,false,v,tier3_bnc_coca+bnc_coca_band_4k+grade_estimate_9+general_or_nonacademic,advanced,advanced,2.762,11.116,30.289,advanced_seed,advanced_9_to_12.csv
haul,9,9-12,advanced_9_to_12,3465,1848,false,v,tier3_bnc_coca+bnc_coca_band_4k+grade_estimate_9+general_or_nonacademic,advanced,advanced,3.761,10.615,30.288,advanced_seed,advanced_9_to_12.csv
preach,9,9-12,advanced_9_to_12,3708,1848,false,v,tier3_bnc_coca+bnc_coca_band_4k+grade_estimate_9+general_or_nonacademic,advanced,advanced,2.761,11.115,30.288,advanced_seed,advanced_9_to_12.csv
roses,9,9-12,advanced_9_to_12,3776,1841,false,n,tier3_bnc_coca+bnc_coca_band_4k+grade_estimate_9+general_or_nonacademic,advanced,advanced,2.76,11.114,30.287,advanced_seed,advanced_9_to_12.csv
mini,10,9-12,advanced_9_to_12,5591,1841,false,n,tier3_bnc_coca+bnc_coca_band_6k+grade_estimate_10+general_or_nonacademic,advanced,advanced,3.76,10.614,30.287,advanced_seed,advanced_9_to_12.csv
patron,9,9-12,advanced_9_to_12,3677,1840,false,n,tier3_bnc_coca+bnc_coca_band_4k+grade_estimate_9+general_or_nonacademic,advanced,advanced,2.76,11.114,30.287,advanced_seed,advanced_9_to_12.csv
fined,9,9-12,advanced_9_to_12,3381,1836,false,n,tier3_bnc_coca+bnc_coca_band_4k+grade_estimate_9+general_or_nonacademic,advanced,advanced,2.76,11.113,30.286,advanced_seed,advanced_9_to_12.csv
flush,9,9-12,advanced_9_to_12,3395,1833,false,v,tier3_bnc_coca+bnc_coca_band_4k+grade_estimate_9+general_or_nonacademic,advanced,advanced,2.759,11.112,30.286,advanced_seed,advanced_9_to_12.csv
arouse,9,9-12,advanced_9_to_12,3049,1832,false,n,tier3_bnc_coca+bnc_coca_band_4k+grade_estimate_9+general_or_nonacademic,advanced,advanced,2.759,11.112,30.286,advanced_seed,advanced_9_to_12.csv
wit,9,9-12,advanced_9_to_12,3997,1829,false,n,tier3_bnc_coca+bnc_coca_band_4k+grade_estimate_9+general_or_nonacademic,advanced,advanced,3.759,10.612,30.285,advanced_seed,advanced_9_to_12.csv
veil,9,9-12,advanced_9_to_12,3961,1824,false,v,tier3_bnc_coca+bnc_coca_band_4k+grade_estimate_9+general_or_nonacademic,advanced,advanced,3.758,10.611,30.284,advanced_seed,advanced_9_to_12.csv
gloom,9,9-12,advanced_9_to_12,3434,1822,false,n,tier3_bnc_coca+bnc_coca_band_4k+grade_estimate_9+general_or_nonacademic,advanced,advanced,2.758,11.11,30.284,advanced_seed,advanced_9_to_12.csv
despair,9,9-12,advanced_9_to_12,3266,1820,false,v,tier3_bnc_coca+bnc_coca_band_4k+grade_estimate_9+general_or_nonacademic,advanced,advanced,1.957,10.61,30.284,advanced_seed,advanced_9_to_12.csv
suite,9,9-12,advanced_9_to_12,3886,1818,false,n,tier3_bnc_coca+bnc_coca_band_4k+grade_estimate_9+general_or_nonacademic,advanced,advanced,2.757,11.11,30.283,advanced_seed,advanced_9_to_12.csv
sceptic,9,9-12,advanced_9_to_12,3790,1814,false,adj,tier3_bnc_coca+bnc_coca_band_4k+grade_estimate_9+general_or_nonacademic,advanced,advanced,1.957,10.609,30.283,advanced_seed,advanced_9_to_12.csv
stride,9,9-12,advanced_9_to_12,3875,1812,false,n,tier3_bnc_coca+bnc_coca_band_4k+grade_estimate_9+general_or_nonacademic,advanced,advanced,2.756,11.108,30.282,advanced_seed,advanced_9_to_12.csv
lounge,9,9-12,advanced_9_to_12,3575,1809,false,n,tier3_bnc_coca+bnc_coca_band_4k+grade_estimate_9+general_or_nonacademic,advanced,advanced,2.756,11.108,30.282,advanced_seed,advanced_9_to_12.csv
blade,9,9-12,advanced_9_to_12,3095,1808,false,n,tier3_bnc_coca+bnc_coca_band_4k+grade_estimate_9+general_or_nonacademic,advanced,advanced,2.756,11.108,30.282,advanced_seed,advanced_9_to_12.csv
slim,9,9-12,advanced_9_to_12,3822,1806,false,adj,tier3_bnc_coca+bnc_coca_band_4k+grade_estimate_9+general_or_nonacademic,advanced,advanced,3.755,10.607,30.281,advanced_seed,advanced_9_to_12.csv
bastard,9,9-12,advanced_9_to_12,3081,1802,false,n,tier3_bnc_coca+bnc_coca_band_4k+grade_estimate_9+general_or_nonacademic,advanced,advanced,1.955,10.607,30.281,advanced_seed,advanced_9_to_12.csv
bronze,9,9-12,advanced_9_to_12,3114,1802,false,n,tier3_bnc_coca+bnc_coca_band_4k+grade_estimate_9+general_or_nonacademic,advanced,advanced,2.755,11.107,30.281,advanced_seed,advanced_9_to_12.csv
query,9,9-12,advanced_9_to_12,4691,1790,false,v,tier3_bnc_coca+bnc_coca_band_5k+grade_estimate_9+general_or_nonacademic,advanced,advanced,2.753,11.104,30.279,advanced_seed,advanced_9_to_12.csv
sleeve,9,9-12,advanced_9_to_12,3821,1788,false,n,tier3_bnc_coca+bnc_coca_band_4k+grade_estimate_9+general_or_nonacademic,advanced,advanced,2.753,11.104,30.278,advanced_seed,advanced_9_to_12.csv
madam,9,9-12,advanced_9_to_12,4497,1788,false,n,tier3_bnc_coca+bnc_coca_band_5k+grade_estimate_9+general_or_nonacademic,advanced,advanced,2.753,11.104,30.278,advanced_seed,advanced_9_to_12.csv
forbid,9,9-12,advanced_9_to_12,3398,1787,false,n,tier3_bnc_coca+bnc_coca_band_4k+grade_estimate_9+general_or_nonacademic,advanced,advanced,2.753,11.104,30.278,advanced_seed,advanced_9_to_12.csv
savage,9,9-12,advanced_9_to_12,3785,1779,false,adj,tier3_bnc_coca+bnc_coca_band_4k+grade_estimate_9+general_or_nonacademic,advanced,advanced,2.752,11.102,30.277,advanced_seed,advanced_9_to_12.csv
concede,9,9-12,advanced_9_to_12,3202,1775,false,n,tier3_bnc_coca+bnc_coca_band_4k+grade_estimate_9+general_or_nonacademic,advanced,advanced,1.951,10.601,30.276,advanced_seed,advanced_9_to_12.csv
packet,9,9-12,advanced_9_to_12,3666,1771,false,v,tier3_bnc_coca+bnc_coca_band_4k+grade_estimate_9+general_or_nonacademic,advanced,advanced,2.75,11.101,30.275,advanced_seed,advanced_9_to_12.csv
mock,9,9-12,advanced_9_to_12,3608,1769,false,v,tier3_bnc_coca+bnc_coca_band_4k+grade_estimate_9+general_or_nonacademic,advanced,advanced,3.75,10.6,30.275,advanced_seed,advanced_9_to_12.csv
terrify,9,9-12,advanced_9_to_12,3908,1769,false,v,tier3_bnc_coca+bnc_coca_band_4k+grade_estimate_9+general_or_nonacademic,advanced,advanced,1.95,10.6,30.275,advanced_seed,advanced_9_to_12.csv
queue,10,9-12,advanced_9_to_12,5739,1766,false,v,tier3_bnc_coca+bnc_coca_band_6k+grade_estimate_10+general_or_nonacademic,advanced,advanced,2.75,11.1,30.275,advanced_seed,advanced_9_to_12.csv
dislike,9,9-12,advanced_9_to_12,4258,1765,false,n,tier3_bnc_coca+bnc_coca_band_5k+grade_estimate_9+general_or_nonacademic,advanced,advanced,1.95,10.599,30.274,advanced_seed,advanced_9_to_12.csv
brute,9,9-12,advanced_9_to_12,3116,1762,false,n,tier3_bnc_coca+bnc_coca_band_4k+grade_estimate_9+general_or_nonacademic,advanced,advanced,2.749,11.099,30.274,advanced_seed,advanced_9_to_12.csv
custody,9,9-12,advanced_9_to_12,3243,1754,false,n,tier3_bnc_coca+bnc_coca_band_4k+grade_estimate_9+general_or_nonacademic,advanced,advanced,1.948,10.597,30.273,advanced_seed,advanced_9_to_12.csv
oppress,9,9-12,advanced_9_to_12,3646,1749,false,v,tier3_bnc_coca+bnc_coca_band_4k+grade_estimate_9+general_or_nonacademic,advanced,advanced,1.947,10.596,30.272,advanced_seed,advanced_9_to_12.csv
explode,9,9-12,advanced_9_to_12,3368,1743,false,n,tier3_bnc_coca+bnc_coca_band_4k+grade_estimate_9+general_or_nonacademic,advanced,advanced,1.946,10.595,30.271,advanced_seed,advanced_9_to_12.csv
incur,9,9-12,advanced_9_to_12,4434,1741,false,n,tier3_bnc_coca+bnc_coca_band_5k+grade_estimate_9+general_or_nonacademic,advanced,advanced,2.746,11.095,30.27,advanced_seed,advanced_9_to_12.csv
trim,9,9-12,advanced_9_to_12,3942,1737,false,n,tier3_bnc_coca+bnc_coca_band_4k+grade_estimate_9+general_or_nonacademic,advanced,advanced,3.745,10.594,30.27,advanced_seed,advanced_9_to_12.csv
appal,9,9-12,advanced_9_to_12,4038,1737,false,adj,tier3_bnc_coca+bnc_coca_band_5k+grade_estimate_9+general_or_nonacademic,advanced,advanced,2.745,11.094,30.27,advanced_seed,advanced_9_to_12.csv
script,9,9-12,advanced_9_to_12,3796,1736,false,v,tier3_bnc_coca+bnc_coca_band_4k+grade_estimate_9+general_or_nonacademic,advanced,advanced,2.745,11.094,30.269,advanced_seed,advanced_9_to_12.csv
wells,9,9-12,advanced_9_to_12,3993,1735,false,n,tier3_bnc_coca+bnc_coca_band_4k+grade_estimate_9+general_or_nonacademic,advanced,advanced,2.745,11.093,30.269,advanced_seed,advanced_9_to_12.csv
wreck,9,9-12,advanced_9_to_12,3999,1715,false,v,tier3_bnc_coca+bnc_coca_band_4k+grade_estimate_9+general_or_nonacademic,advanced,advanced,2.742,11.089,30.266,advanced_seed,advanced_9_to_12.csv
dual,9,9-12,advanced_9_to_12,3316,1714,false,adj,tier3_bnc_coca+bnc_coca_band_4k+grade_estimate_9+general_or_nonacademic,advanced,advanced,3.742,10.589,30.266,advanced_seed,advanced_9_to_12.csv
deploy,9,9-12,advanced_9_to_12,3264,1712,false,v,tier3_bnc_coca+bnc_coca_band_4k+grade_estimate_9+general_or_nonacademic,advanced,advanced,2.742,11.089,30.265,advanced_seed,advanced_9_to_12.csv
clutch,9,9-12,advanced_9_to_12,3179,1707,false,v,tier3_bnc_coca+bnc_coca_band_4k+grade_estimate_9+general_or_nonacademic,advanced,advanced,2.741,11.088,30.264,advanced_seed,advanced_9_to_12.csv
scrap,9,9-12,advanced_9_to_12,3794,1707,false,n,tier3_bnc_coca+bnc_coca_band_4k+grade_estimate_9+general_or_nonacademic,advanced,advanced,2.741,11.088,30.264,advanced_seed,advanced_9_to_12.csv
venue,9,9-12,advanced_9_to_12,3964,1700,false,n,tier3_bnc_coca+bnc_coca_band_4k+grade_estimate_9+general_or_nonacademic,advanced,advanced,2.74,11.086,30.263,advanced_seed,advanced_9_to_12.csv
inland,9,9-12,advanced_9_to_12,4441,1697,false,n,tier3_bnc_coca+bnc_coca_band_5k+grade_estimate_9+general_or_nonacademic,advanced,advanced,2.739,11.086,30.263,advanced_seed,advanced_9_to_12.csv
deity,12,9-12,advanced_9_to_12,9226,447,false,n,tier3_bnc_coca+bnc_coca_band_10k+grade_estimate_12+general_or_nonacademic,advanced,advanced,2.396,9.128,30.262,advanced_seed,advanced_9_to_12.csv
grim,9,9-12,advanced_9_to_12,3449,1691,false,adj,tier3_bnc_coca+bnc_coca_band_4k+grade_estimate_9+general_or_nonacademic,advanced,advanced,3.738,10.585,30.261,advanced_seed,advanced_9_to_12.csv
owl,9,9-12,advanced_9_to_12,3663,1687,false,n,tier3_bnc_coca+bnc_coca_band_4k+grade_estimate_9+general_or_nonacademic,advanced,advanced,3.738,10.584,30.261,advanced_seed,advanced_9_to_12.csv
referee,9,9-12,advanced_9_to_12,4712,1687,false,v,tier3_bnc_coca+bnc_coca_band_5k+grade_estimate_9+general_or_nonacademic,advanced,advanced,1.938,10.584,30.261,advanced_seed,advanced_9_to_12.csv
startle,9,9-12,advanced_9_to_12,3861,1684,false,n,tier3_bnc_coca+bnc_coca_band_4k+grade_estimate_9+general_or_nonacademic,advanced,advanced,1.937,10.583,30.26,advanced_seed,advanced_9_to_12.csv
compel,9,9-12,advanced_9_to_12,3192,1674,false,n,tier3_bnc_coca+bnc_coca_band_4k+grade_estimate_9+general_or_nonacademic,advanced,advanced,2.736,11.081,30.258,advanced_seed,advanced_9_to_12.csv
forge,9,9-12,advanced_9_to_12,3402,1673,false,n,tier3_bnc_coca+bnc_coca_band_4k+grade_estimate_9+general_or_nonacademic,advanced,advanced,2.736,11.081,30.258,advanced_seed,advanced_9_to_12.csv
abrupt,9,9-12,advanced_9_to_12,3003,1672,false,adj,tier3_bnc_coca+bnc_coca_band_4k+grade_estimate_9+general_or_nonacademic,advanced,advanced,2.735,11.081,30.258,advanced_seed,advanced_9_to_12.csv
axe,9,9-12,advanced_9_to_12,3069,1666,false,n,tier3_bnc_coca+bnc_coca_band_4k+grade_estimate_9+general_or_nonacademic,advanced,advanced,3.735,10.579,30.257,advanced_seed,advanced_9_to_12.csv
harmony,9,9-12,advanced_9_to_12,3461,1666,false,n,tier3_bnc_coca+bnc_coca_band_4k+grade_estimate_9+general_or_nonacademic,advanced,advanced,1.935,10.579,30.257,advanced_seed,advanced_9_to_12.csv
indulge,9,9-12,advanced_9_to_12,3507,1665,false,n,tier3_bnc_coca+bnc_coca_band_4k+grade_estimate_9+general_or_nonacademic,advanced,advanced,1.934,10.579,30.257,advanced_seed,advanced_9_to_12.csv
tumour,9,9-12,advanced_9_to_12,3950,1664,false,n,tier3_bnc_coca+bnc_coca_band_4k+grade_estimate_9+general_or_nonacademic,advanced,advanced,2.734,11.079,30.257,advanced_seed,advanced_9_to_12.csv
ferment,10,9-12,advanced_9_to_12,6329,439,false,v,tier3_bnc_coca+bnc_coca_band_7k+grade_estimate_10+general_or_nonacademic,advanced,advanced,1.591,8.622,30.257,advanced_seed,advanced_9_to_12.csv
viscous,11,9-12,advanced_9_to_12,7970,439,false,adj,tier3_bnc_coca+bnc_coca_band_8k+grade_estimate_11+general_or_nonacademic,advanced,advanced,1.591,8.622,30.257,advanced_seed,advanced_9_to_12.csv
exile,9,9-12,advanced_9_to_12,3363,1663,false,n,tier3_bnc_coca+bnc_coca_band_4k+grade_estimate_9+general_or_nonacademic,advanced,advanced,2.734,11.079,30.256,advanced_seed,advanced_9_to_12.csv
omit,9,9-12,advanced_9_to_12,3644,1662,false,n,tier3_bnc_coca+bnc_coca_band_4k+grade_estimate_9+general_or_nonacademic,advanced,advanced,3.734,10.579,30.256,advanced_seed,advanced_9_to_12.csv
scent,9,9-12,advanced_9_to_12,3789,1661,false,v,tier3_bnc_coca+bnc_coca_band_4k+grade_estimate_9+general_or_nonacademic,advanced,advanced,2.734,11.078,30.256,advanced_seed,advanced_9_to_12.csv
debut,9,9-12,advanced_9_to_12,3249,1660,false,n,tier3_bnc_coca+bnc_coca_band_4k+grade_estimate_9+general_or_nonacademic,advanced,advanced,2.734,11.078,30.256,advanced_seed,advanced_9_to_12.csv
drown,9,9-12,advanced_9_to_12,3315,1657,false,v,tier3_bnc_coca+bnc_coca_band_4k+grade_estimate_9+general_or_nonacademic,advanced,advanced,2.733,11.078,30.255,advanced_seed,advanced_9_to_12.csv
slam,9,9-12,advanced_9_to_12,3819,1645,false,n,tier3_bnc_coca+bnc_coca_band_4k+grade_estimate_9+general_or_nonacademic,advanced,advanced,3.731,10.575,30.253,advanced_seed,advanced_9_to_12.csv
cab,9,9-12,advanced_9_to_12,3129,1644,false,n,tier3_bnc_coca+bnc_coca_band_4k+grade_estimate_9+general_or_nonacademic,advanced,advanced,3.731,10.575,30.253,advanced_seed,advanced_9_to_12.csv
coffin,9,9-12,advanced_9_to_12,3180,1643,false,n,tier3_bnc_coca+bnc_coca_band_4k+grade_estimate_9+general_or_nonacademic,advanced,advanced,2.731,11.075,30.253,advanced_seed,advanced_9_to_12.csv
blaze,9,9-12,advanced_9_to_12,3096,1640,false,n,tier3_bnc_coca+bnc_coca_band_4k+grade_estimate_9+general_or_nonacademic,advanced,advanced,2.73,11.074,30.252,advanced_seed,advanced_9_to_12.csv
steward,9,9-12,advanced_9_to_12,4845,1639,false,n,tier3_bnc_coca+bnc_coca_band_5k+grade_estimate_9+general_or_nonacademic,advanced,advanced,1.93,10.574,30.252,advanced_seed,advanced_9_to_12.csv
tobacco,9,9-12,advanced_9_to_12,3929,1637,false,n,tier3_bnc_coca+bnc_coca_band_4k+grade_estimate_9+general_or_nonacademic,advanced,advanced,1.93,10.573,30.252,advanced_seed,advanced_9_to_12.csv
deem,9,9-12,advanced_9_to_12,3253,1635,false,v,tier3_bnc_coca+bnc_coca_band_4k+grade_estimate_9+general_or_nonacademic,advanced,advanced,3.73,10.573,30.251,advanced_seed,advanced_9_to_12.csv
statue,9,9-12,advanced_9_to_12,3862,1631,false,n,tier3_bnc_coca+bnc_coca_band_4k+grade_estimate_9+general_or_nonacademic,advanced,advanced,2.729,11.072,30.251,advanced_seed,advanced_9_to_12.csv
lap,9,9-12,advanced_9_to_12,3551,1626,false,n,tier3_bnc_coca+bnc_coca_band_4k+grade_estimate_9+general_or_nonacademic,advanced,advanced,3.728,10.571,30.25,advanced_seed,advanced_9_to_12.csv
glimpse,9,9-12,advanced_9_to_12,3433,1620,false,n,tier3_bnc_coca+bnc_coca_band_4k+grade_estimate_9+general_or_nonacademic,advanced,advanced,1.927,10.57,30.249,advanced_seed,advanced_9_to_12.csv
spark,9,9-12,advanced_9_to_12,3836,1620,false,v,tier3_bnc_coca+bnc_coca_band_4k+grade_estimate_9+general_or_nonacademic,advanced,advanced,2.727,11.07,30.249,advanced_seed,advanced_9_to_12.csv
parity,10,9-12,advanced_9_to_12,6619,427,false,n,tier3_bnc_coca+bnc_coca_band_7k+grade_estimate_10+general_or_nonacademic,advanced,advanced,2.384,9.112,30.248,advanced_seed,advanced_9_to_12.csv
tuck,9,9-12,advanced_9_to_12,3947,1618,false,v,tier3_bnc_coca+bnc_coca_band_4k+grade_estimate_9+general_or_nonacademic,advanced,advanced,3.727,10.569,30.248,advanced_seed,advanced_9_to_12.csv
yacht,9,9-12,advanced_9_to_12,4998,1615,false,v,tier3_bnc_coca+bnc_coca_band_5k+grade_estimate_9+general_or_nonacademic,advanced,advanced,2.727,11.069,30.248,advanced_seed,advanced_9_to_12.csv
eve,9,9-12,advanced_9_to_12,3354,1613,false,n,tier3_bnc_coca+bnc_coca_band_4k+grade_estimate_9+general_or_nonacademic,advanced,advanced,3.726,10.568,30.247,advanced_seed,advanced_9_to_12.csv
infer,9,9-12,advanced_9_to_12,3508,1612,false,n,tier3_bnc_coca+bnc_coca_band_4k+grade_estimate_9+general_or_nonacademic,advanced,advanced,2.726,11.068,30.247,advanced_seed,advanced_9_to_12.csv
trophy,9,9-12,advanced_9_to_12,3943,1609,false,n,tier3_bnc_coca+bnc_coca_band_4k+grade_estimate_9+general_or_nonacademic,advanced,advanced,2.726,11.067,30.246,advanced_seed,advanced_9_to_12.csv
divine,9,9-12,advanced_9_to_12,3306,1606,false,adj,tier3_bnc_coca+bnc_coca_band_4k+grade_estimate_9+general_or_nonacademic,advanced,advanced,2.725,11.067,30.246,advanced_seed,advanced_9_to_12.csv
chin,9,9-12,advanced_9_to_12,3161,1604,false,n,tier3_bnc_coca+bnc_coca_band_4k+grade_estimate_9+general_or_nonacademic,advanced,advanced,3.725,10.566,30.246,advanced_seed,advanced_9_to_12.csv
marsh,9,9-12,advanced_9_to_12,4509,1604,false,n,tier3_bnc_coca+bnc_coca_band_5k+grade_estimate_9+general_or_nonacademic,advanced,advanced,2.725,11.066,30.246,advanced_seed,advanced_9_to_12.csv
heir,9,9-12,advanced_9_to_12,3467,1601,false,n,tier3_bnc_coca+bnc_coca_band_4k+grade_estimate_9+general_or_nonacademic,advanced,advanced,3.724,10.566,30.245,advanced_seed,advanced_9_to_12.csv
repress,9,9-12,advanced_9_to_12,3759,1601,false,v,tier3_bnc_coca+bnc_coca_band_4k+grade_estimate_9+general_or_nonacademic,advanced,advanced,1.924,10.566,30.245,advanced_seed,advanced_9_to_12.csv
armour,9,9-12,advanced_9_to_12,3048,1598,false,v,tier3_bnc_coca+bnc_coca_band_4k+grade_estimate_9+general_or_nonacademic,advanced,advanced,2.724,11.065,30.244,advanced_seed,advanced_9_to_12.csv
chaos,9,9-12,advanced_9_to_12,3157,1595,false,n,tier3_bnc_coca+bnc_coca_band_4k+grade_estimate_9+general_or_nonacademic,advanced,advanced,2.723,11.064,30.244,advanced_seed,advanced_9_to_12.csv
destiny,9,9-12,advanced_9_to_12,3269,1589,false,n,tier3_bnc_coca+bnc_coca_band_4k+grade_estimate_9+general_or_nonacademic,advanced,advanced,1.922,10.563,30.243,advanced_seed,advanced_9_to_12.csv
lively,9,9-12,advanced_9_to_12,3570,1589,false,adv,tier3_bnc_coca+bnc_coca_band_4k+grade_estimate_9+general_or_nonacademic,advanced,advanced,2.722,11.063,30.243,advanced_seed,advanced_9_to_12.csv
wee,9,9-12,advanced_9_to_12,4981,1585,false,n,tier3_bnc_coca+bnc_coca_band_5k+grade_estimate_9+general_or_nonacademic,advanced,advanced,3.722,10.562,30.242,advanced_seed,advanced_9_to_12.csv
tremble,9,9-12,advanced_9_to_12,3938,1581,false,n,tier3_bnc_coca+bnc_coca_band_4k+grade_estimate_9+general_or_nonacademic,advanced,advanced,1.921,10.561,30.241,advanced_seed,advanced_9_to_12.csv
ham,9,9-12,advanced_9_to_12,4394,1580,false,n,tier3_bnc_coca+bnc_coca_band_5k+grade_estimate_9+general_or_nonacademic,advanced,advanced,3.721,10.561,30.241,advanced_seed,advanced_9_to_12.csv
refresh,9,9-12,advanced_9_to_12,3751,1579,false,v,tier3_bnc_coca+bnc_coca_band_4k+grade_estimate_9+general_or_nonacademic,advanced,advanced,1.921,10.561,30.241,advanced_seed,advanced_9_to_12.csv
prolong,9,9-12,advanced_9_to_12,3728,1578,false,v,tier3_bnc_coca+bnc_coca_band_4k+grade_estimate_9+general_or_nonacademic,advanced,advanced,1.921,10.561,30.241,advanced_seed,advanced_9_to_12.csv
evenly,9,9-12,advanced_9_to_12,3355,1576,false,adv,tier3_bnc_coca+bnc_coca_band_4k+grade_estimate_9+general_or_nonacademic,advanced,advanced,2.72,11.06,30.24,advanced_seed,advanced_9_to_12.csv
pious,10,9-12,advanced_9_to_12,6653,415,false,adj,tier3_bnc_coca+bnc_coca_band_7k+grade_estimate_10+general_or_nonacademic,advanced,advanced,2.377,9.103,30.24,advanced_seed,advanced_9_to_12.csv
miracle,9,9-12,advanced_9_to_12,3604,1566,false,n,tier3_bnc_coca+bnc_coca_band_4k+grade_estimate_9+general_or_nonacademic,advanced,advanced,1.919,10.558,30.238,advanced_seed,advanced_9_to_12.csv
upgrade,9,9-12,advanced_9_to_12,3955,1566,false,n,tier3_bnc_coca+bnc_coca_band_4k+grade_estimate_9+general_or_nonacademic,advanced,advanced,1.919,10.558,30.238,advanced_seed,advanced_9_to_12.csv
baron,9,9-12,advanced_9_to_12,4076,1565,false,n,tier3_bnc_coca+bnc_coca_band_5k+grade_estimate_9+general_or_nonacademic,advanced,advanced,2.718,11.058,30.238,advanced_seed,advanced_9_to_12.csv
volt,9,9-12,advanced_9_to_12,4971,1565,false,n,tier3_bnc_coca+bnc_coca_band_5k+grade_estimate_9+general_or_nonacademic,advanced,advanced,3.718,10.558,30.238,advanced_seed,advanced_9_to_12.csv
inflame,9,9-12,advanced_9_to_12,3510,1562,false,n,tier3_bnc_coca+bnc_coca_band_4k+grade_estimate_9+general_or_nonacademic,advanced,advanced,1.918,10.557,30.238,advanced_seed,advanced_9_to_12.csv
optic,9,9-12,advanced_9_to_12,3648,1560,false,adj,tier3_bnc_coca+bnc_coca_band_4k+grade_estimate_9+general_or_nonacademic,advanced,advanced,2.718,11.057,30.237,advanced_seed,advanced_9_to_12.csv
levy,10,9-12,advanced_9_to_12,5532,1560,false,v,tier3_bnc_coca+bnc_coca_band_6k+grade_estimate_10+general_or_nonacademic,advanced,advanced,3.718,10.557,30.237,advanced_seed,advanced_9_to_12.csv
rebate,10,9-12,advanced_9_to_12,6732,411,false,v,tier3_bnc_coca+bnc_coca_band_7k+grade_estimate_10+general_or_nonacademic,advanced,advanced,2.375,9.099,30.237,advanced_seed,advanced_9_to_12.csv
ladder,9,9-12,advanced_9_to_12,3549,1557,false,n,tier3_bnc_coca+bnc_coca_band_4k+grade_estimate_9+general_or_nonacademic,advanced,advanced,2.717,11.056,30.237,advanced_seed,advanced_9_to_12.csv
fax,9,9-12,advanced_9_to_12,3376,1556,false,v,tier3_bnc_coca+bnc_coca_band_4k+grade_estimate_9+general_or_nonacademic,advanced,advanced,3.717,10.556,30.236,advanced_seed,advanced_9_to_12.csv
patrol,9,9-12,advanced_9_to_12,3676,1554,false,n,tier3_bnc_coca+bnc_coca_band_4k+grade_estimate_9+general_or_nonacademic,advanced,advanced,2.717,11.055,30.236,advanced_seed,advanced_9_to_12.csv
mould,9,9-12,advanced_9_to_12,3615,1550,false,n,tier3_bnc_coca+bnc_coca_band_4k+grade_estimate_9+general_or_nonacademic,advanced,advanced,2.716,11.054,30.235,advanced_seed,advanced_9_to_12.csv
spur,9,9-12,advanced_9_to_12,3852,1549,false,n,tier3_bnc_coca+bnc_coca_band_4k+grade_estimate_9+general_or_nonacademic,advanced,advanced,3.716,10.554,30.235,advanced_seed,advanced_9_to_12.csv
torture,9,9-12,advanced_9_to_12,3931,1547,false,n,tier3_bnc_coca+bnc_coca_band_4k+grade_estimate_9+general_or_nonacademic,advanced,advanced,1.915,10.554,30.235,advanced_seed,advanced_9_to_12.csv
weep,9,9-12,advanced_9_to_12,3992,1547,false,v,tier3_bnc_coca+bnc_coca_band_4k+grade_estimate_9+general_or_nonacademic,advanced,advanced,3.715,10.554,30.235,advanced_seed,advanced_9_to_12.csv
deflate,10,9-12,advanced_9_to_12,6226,407,false,v,tier3_bnc_coca+bnc_coca_band_7k+grade_estimate_10+general_or_nonacademic,advanced,advanced,1.572,8.596,30.234,advanced_seed,advanced_9_to_12.csv
negate,10,9-12,advanced_9_to_12,6565,407,false,v,tier3_bnc_coca+bnc_coca_band_7k+grade_estimate_10+general_or_nonacademic,advanced,advanced,2.372,9.096,30.234,advanced_seed,advanced_9_to_12.csv
cliffhanger,12,9-12,advanced_9_to_12,9161,20,false,n,tier3_bnc_coca+bnc_coca_band_10k+grade_estimate_12+general_or_nonacademic,advanced,advanced,0.886,7.682,30.234,advanced_seed,advanced_9_to_12.csv
herb,9,9-12,advanced_9_to_12,3470,1541,false,n,tier3_bnc_coca+bnc_coca_band_4k+grade_estimate_9+general_or_nonacademic,advanced,advanced,3.714,10.552,30.233,advanced_seed,advanced_9_to_12.csv
cubism,11,9-12,advanced_9_to_12,7229,406,false,n,tier3_bnc_coca+bnc_coca_band_8k+grade_estimate_11+general_or_nonacademic,advanced,advanced,2.371,9.095,30.233,advanced_seed,advanced_9_to_12.csv
erupt,9,9-12,advanced_9_to_12,3348,1539,false,v,tier3_bnc_coca+bnc_coca_band_4k+grade_estimate_9+general_or_nonacademic,advanced,advanced,2.714,11.052,30.233,advanced_seed,advanced_9_to_12.csv
burgle,9,9-12,advanced_9_to_12,4109,1534,false,n,tier3_bnc_coca+bnc_coca_band_5k+grade_estimate_9+general_or_nonacademic,advanced,advanced,2.713,11.051,30.232,advanced_seed,advanced_9_to_12.csv
parade,9,9-12,advanced_9_to_12,3667,1530,false,n,tier3_bnc_coca+bnc_coca_band_4k+grade_estimate_9+general_or_nonacademic,advanced,advanced,2.713,11.05,30.231,advanced_seed,advanced_9_to_12.csv
hive,10,9-12,advanced_9_to_12,6423,402,false,adj,tier3_bnc_coca+bnc_coca_band_7k+grade_estimate_10+general_or_nonacademic,advanced,advanced,3.369,8.592,30.23,advanced_seed,advanced_9_to_12.csv
sedate,10,9-12,advanced_9_to_12,6807,402,false,adj,tier3_bnc_coca+bnc_coca_band_7k+grade_estimate_10+general_or_nonacademic,advanced,advanced,2.369,9.092,30.23,advanced_seed,advanced_9_to_12.csv
ballet,9,9-12,advanced_9_to_12,3071,1521,false,n,tier3_bnc_coca+bnc_coca_band_4k+grade_estimate_9+general_or_nonacademic,advanced,advanced,2.711,11.048,30.229,advanced_seed,advanced_9_to_12.csv
glove,9,9-12,advanced_9_to_12,3435,1521,false,n,tier3_bnc_coca+bnc_coca_band_4k+grade_estimate_9+general_or_nonacademic,advanced,advanced,2.711,11.048,30.229,advanced_seed,advanced_9_to_12.csv
gasp,9,9-12,advanced_9_to_12,3423,1520,false,v,tier3_bnc_coca+bnc_coca_band_4k+grade_estimate_9+general_or_nonacademic,advanced,advanced,3.711,10.548,30.229,advanced_seed,advanced_9_to_12.csv
longing,9,9-12,advanced_9_to_12,3572,1518,false,adj,tier3_bnc_coca+bnc_coca_band_4k+grade_estimate_9+general_or_nonacademic,advanced,advanced,1.91,10.547,30.229,advanced_seed,advanced_9_to_12.csv
vivid,9,9-12,advanced_9_to_12,3977,1513,false,adj,tier3_bnc_coca+bnc_coca_band_4k+grade_estimate_9+general_or_nonacademic,advanced,advanced,2.71,11.046,30.228,advanced_seed,advanced_9_to_12.csv
cremate,11,9-12,advanced_9_to_12,7223,398,false,v,tier3_bnc_coca+bnc_coca_band_8k+grade_estimate_11+general_or_nonacademic,advanced,advanced,1.566,8.589,30.227,advanced_seed,advanced_9_to_12.csv
thigh,9,9-12,advanced_9_to_12,3916,1510,false,n,tier3_bnc_coca+bnc_coca_band_4k+grade_estimate_9+general_or_nonacademic,advanced,advanced,2.709,11.045,30.227,advanced_seed,advanced_9_to_12.csv
beast,9,9-12,advanced_9_to_12,3086,1509,false,adj,tier3_bnc_coca+bnc_coca_band_4k+grade_estimate_9+general_or_nonacademic,advanced,advanced,2.709,11.045,30.227,advanced_seed,advanced_9_to_12.csv
fling,9,9-12,advanced_9_to_12,3390,1509,false,v,tier3_bnc_coca+bnc_coca_band_4k+grade_estimate_9+general_or_nonacademic,advanced,advanced,2.709,11.045,30.227,advanced_seed,advanced_9_to_12.csv
flank,9,9-12,advanced_9_to_12,3384,1508,false,v,tier3_bnc_coca+bnc_coca_band_4k+grade_estimate_9+general_or_nonacademic,advanced,advanced,2.709,11.045,30.227,advanced_seed,advanced_9_to_12.csv
agony,9,9-12,advanced_9_to_12,3020,1506,false,n,tier3_bnc_coca+bnc_coca_band_4k+grade_estimate_9+general_or_nonacademic,advanced,advanced,2.708,11.045,30.226,advanced_seed,advanced_9_to_12.csv
utilise,9,9-12,advanced_9_to_12,3957,1506,false,v,tier3_bnc_coca+bnc_coca_band_4k+grade_estimate_9+general_or_nonacademic,advanced,advanced,1.908,10.545,30.226,advanced_seed,advanced_9_to_12.csv
hull,10,9-12,advanced_9_to_12,5447,1505,false,n,tier3_bnc_coca+bnc_coca_band_6k+grade_estimate_10+general_or_nonacademic,advanced,advanced,3.708,10.544,30.226,advanced_seed,advanced_9_to_12.csv
embassy,9,9-12,advanced_9_to_12,3331,1504,false,n,tier3_bnc_coca+bnc_coca_band_4k+grade_estimate_9+general_or_nonacademic,advanced,advanced,1.908,10.544,30.226,advanced_seed,advanced_9_to_12.csv
depart,9,9-12,advanced_9_to_12,3261,1502,false,v,tier3_bnc_coca+bnc_coca_band_4k+grade_estimate_9+general_or_nonacademic,advanced,advanced,2.708,11.044,30.226,advanced_seed,advanced_9_to_12.csv
ego,9,9-12,advanced_9_to_12,3324,1502,false,n,tier3_bnc_coca+bnc_coca_band_4k+grade_estimate_9+general_or_nonacademic,advanced,advanced,3.708,10.544,30.226,advanced_seed,advanced_9_to_12.csv
enlarge,9,9-12,advanced_9_to_12,3339,1502,false,n,tier3_bnc_coca+bnc_coca_band_4k+grade_estimate_9+general_or_nonacademic,advanced,advanced,1.908,10.544,30.226,advanced_seed,advanced_9_to_12.csv
plea,9,9-12,advanced_9_to_12,3695,1501,false,n,tier3_bnc_coca+bnc_coca_band_4k+grade_estimate_9+general_or_nonacademic,advanced,advanced,3.708,10.543,30.225,advanced_seed,advanced_9_to_12.csv
shatter,9,9-12,advanced_9_to_12,3808,1501,false,v,tier3_bnc_coca+bnc_coca_band_4k+grade_estimate_9+general_or_nonacademic,advanced,advanced,1.908,10.543,30.225,advanced_seed,advanced_9_to_12.csv
diesel,9,9-12,advanced_9_to_12,4245,1499,false,n,tier3_bnc_coca+bnc_coca_band_5k+grade_estimate_9+general_or_nonacademic,advanced,advanced,2.707,11.043,30.225,advanced_seed,advanced_9_to_12.csv
supper,9,9-12,advanced_9_to_12,3889,1496,false,n,tier3_bnc_coca+bnc_coca_band_4k+grade_estimate_9+general_or_nonacademic,advanced,advanced,2.707,11.042,30.224,advanced_seed,advanced_9_to_12.csv
weary,9,9-12,advanced_9_to_12,3990,1495,false,v,tier3_bnc_coca+bnc_coca_band_4k+grade_estimate_9+general_or_nonacademic,advanced,advanced,2.707,11.042,30.224,advanced_seed,advanced_9_to_12.csv
peel,9,9-12,advanced_9_to_12,3680,1493,false,v,tier3_bnc_coca+bnc_coca_band_4k+grade_estimate_9+general_or_nonacademic,advanced,advanced,3.706,10.542,30.224,advanced_seed,advanced_9_to_12.csv
defy,9,9-12,advanced_9_to_12,3258,1488,false,v,tier3_bnc_coca+bnc_coca_band_4k+grade_estimate_9+general_or_nonacademic,advanced,advanced,3.705,10.54,30.223,advanced_seed,advanced_9_to_12.csv
fond,9,9-12,advanced_9_to_12,3397,1486,false,adj,tier3_bnc_coca+bnc_coca_band_4k+grade_estimate_9+general_or_nonacademic,advanced,advanced,3.705,10.54,30.222,advanced_seed,advanced_9_to_12.csv
foresee,9,9-12,advanced_9_to_12,3401,1482,false,v,tier3_bnc_coca+bnc_coca_band_4k+grade_estimate_9+general_or_nonacademic,advanced,advanced,1.904,10.539,30.222,advanced_seed,advanced_9_to_12.csv
seldom,9,9-12,advanced_9_to_12,3799,1482,false,n,tier3_bnc_coca+bnc_coca_band_4k+grade_estimate_9+general_or_nonacademic,advanced,advanced,2.704,11.039,30.222,advanced_seed,advanced_9_to_12.csv
stab,9,9-12,advanced_9_to_12,3855,1482,false,n,tier3_bnc_coca+bnc_coca_band_4k+grade_estimate_9+general_or_nonacademic,advanced,advanced,3.704,10.539,30.222,advanced_seed,advanced_9_to_12.csv
alike,9,9-12,advanced_9_to_12,3022,1477,false,adv,tier3_bnc_coca+bnc_coca_band_4k+grade_estimate_9+general_or_nonacademic,advanced,advanced,2.703,11.038,30.221,advanced_seed,advanced_9_to_12.csv
adhere,9,9-12,advanced_9_to_12,3013,1475,false,n,tier3_bnc_coca+bnc_coca_band_4k+grade_estimate_9+general_or_nonacademic,advanced,advanced,2.703,11.037,30.22,advanced_seed,advanced_9_to_12.csv
quarry,9,9-12,advanced_9_to_12,4690,1474,false,v,tier3_bnc_coca+bnc_coca_band_5k+grade_estimate_9+general_or_nonacademic,advanced,advanced,2.703,11.037,30.22,advanced_seed,advanced_9_to_12.csv
primate,10,9-12,advanced_9_to_12,6691,388,false,v,tier3_bnc_coca+bnc_coca_band_7k+grade_estimate_10+general_or_nonacademic,advanced,advanced,1.56,8.58,30.22,advanced_seed,advanced_9_to_12.csv
texture,9,9-12,advanced_9_to_12,3912,1472,false,n,tier3_bnc_coca+bnc_coca_band_4k+grade_estimate_9+general_or_nonacademic,advanced,advanced,1.903,10.537,30.22,advanced_seed,advanced_9_to_12.csv
ranger,9,9-12,advanced_9_to_12,3740,1470,false,n,tier3_bnc_coca+bnc_coca_band_4k+grade_estimate_9+general_or_nonacademic,advanced,advanced,2.702,11.036,30.219,advanced_seed,advanced_9_to_12.csv
bowel,9,9-12,advanced_9_to_12,4095,1470,false,n,tier3_bnc_coca+bnc_coca_band_5k+grade_estimate_9+general_or_nonacademic,advanced,advanced,2.702,11.036,30.219,advanced_seed,advanced_9_to_12.csv
bride,9,9-12,advanced_9_to_12,3111,1469,false,n,tier3_bnc_coca+bnc_coca_band_4k+grade_estimate_9+general_or_nonacademic,advanced,advanced,2.702,11.036,30.219,advanced_seed,advanced_9_to_12.csv
fame,9,9-12,advanced_9_to_12,3372,1469,false,n,tier3_bnc_coca+bnc_coca_band_4k+grade_estimate_9+general_or_nonacademic,advanced,advanced,3.702,10.536,30.219,advanced_seed,advanced_9_to_12.csv
align,9,9-12,advanced_9_to_12,3021,1467,false,v,tier3_bnc_coca+bnc_coca_band_4k+grade_estimate_9+general_or_nonacademic,advanced,advanced,2.702,11.036,30.219,advanced_seed,advanced_9_to_12.csv
serum,9,9-12,advanced_9_to_12,4773,1462,false,n,tier3_bnc_coca+bnc_coca_band_5k+grade_estimate_9+general_or_nonacademic,advanced,advanced,2.701,11.034,30.218,advanced_seed,advanced_9_to_12.csv
escort,9,9-12,advanced_9_to_12,3349,1461,false,v,tier3_bnc_coca+bnc_coca_band_4k+grade_estimate_9+general_or_nonacademic,advanced,advanced,2.701,11.034,30.217,advanced_seed,advanced_9_to_12.csv
deduct,9,9-12,advanced_9_to_12,3252,1460,false,v,tier3_bnc_coca+bnc_coca_band_4k+grade_estimate_9+general_or_nonacademic,advanced,advanced,2.7,11.034,30.217,advanced_seed,advanced_9_to_12.csv
exert,9,9-12,advanced_9_to_12,3362,1456,false,v,tier3_bnc_coca+bnc_coca_band_4k+grade_estimate_9+general_or_nonacademic,advanced,advanced,2.7,11.033,30.216,advanced_seed,advanced_9_to_12.csv
typed,9,9-12,advanced_9_to_12,4931,1456,false,n,tier3_bnc_coca+bnc_coca_band_5k+grade_estimate_9+general_or_nonacademic,advanced,advanced,2.7,11.033,30.216,advanced_seed,advanced_9_to_12.csv
ram,9,9-12,advanced_9_to_12,3739,1450,false,n,tier3_bnc_coca+bnc_coca_band_4k+grade_estimate_9+general_or_nonacademic,advanced,advanced,3.699,10.531,30.215,advanced_seed,advanced_9_to_12.csv
genre,9,9-12,advanced_9_to_12,3426,1448,false,n,tier3_bnc_coca+bnc_coca_band_4k+grade_estimate_9+general_or_nonacademic,advanced,advanced,2.698,11.031,30.215,advanced_seed,advanced_9_to_12.csv
slump,9,9-12,advanced_9_to_12,3824,1447,false,v,tier3_bnc_coca+bnc_coca_band_4k+grade_estimate_9+general_or_nonacademic,advanced,advanced,2.698,11.031,30.214,advanced_seed,advanced_9_to_12.csv
salmon,9,9-12,advanced_9_to_12,3782,1445,false,n,tier3_bnc_coca+bnc_coca_band_4k+grade_estimate_9+general_or_nonacademic,advanced,advanced,2.698,11.03,30.214,advanced_seed,advanced_9_to_12.csv
heath,10,9-12,advanced_9_to_12,5425,1444,false,n,tier3_bnc_coca+bnc_coca_band_6k+grade_estimate_10+general_or_nonacademic,advanced,advanced,2.698,11.03,30.214,advanced_seed,advanced_9_to_12.csv
prop,9,9-12,advanced_9_to_12,3729,1440,false,n,tier3_bnc_coca+bnc_coca_band_4k+grade_estimate_9+general_or_nonacademic,advanced,advanced,3.697,10.529,30.213,advanced_seed,advanced_9_to_12.csv
restate,11,9-12,advanced_9_to_12,7752,378,false,v,tier3_bnc_coca+bnc_coca_band_8k+grade_estimate_11+general_or_nonacademic,advanced,advanced,1.553,8.571,30.212,advanced_seed,advanced_9_to_12.csv
impair,9,9-12,advanced_9_to_12,3496,1435,false,v,tier3_bnc_coca+bnc_coca_band_4k+grade_estimate_9+general_or_nonacademic,advanced,advanced,2.696,11.028,30.212,advanced_seed,advanced_9_to_12.csv
tragic,9,9-12,advanced_9_to_12,3933,1433,false,adj,tier3_bnc_coca+bnc_coca_band_4k+grade_estimate_9+general_or_nonacademic,advanced,advanced,2.696,11.027,30.211,advanced_seed,advanced_9_to_12.csv
embody,9,9-12,advanced_9_to_12,3332,1432,false,v,tier3_bnc_coca+bnc_coca_band_4k+grade_estimate_9+general_or_nonacademic,advanced,advanced,2.695,11.027,30.211,advanced_seed,advanced_9_to_12.csv
haunt,9,9-12,advanced_9_to_12,3466,1430,false,v,tier3_bnc_coca+bnc_coca_band_4k+grade_estimate_9+general_or_nonacademic,advanced,advanced,2.695,11.027,30.211,advanced_seed,advanced_9_to_12.csv
grief,9,9-12,advanced_9_to_12,3447,1427,false,n,tier3_bnc_coca+bnc_coca_band_4k+grade_estimate_9+general_or_nonacademic,advanced,advanced,2.694,11.026,30.21,advanced_seed,advanced_9_to_12.csv
monk,9,9-12,advanced_9_to_12,4545,1427,false,n,tier3_bnc_coca+bnc_coca_band_5k+grade_estimate_9+general_or_nonacademic,advanced,advanced,3.694,10.526,30.21,advanced_seed,advanced_9_to_12.csv
decree,9,9-12,advanced_9_to_12,4225,1426,false,v,tier3_bnc_coca+bnc_coca_band_5k+grade_estimate_9+general_or_nonacademic,advanced,advanced,2.694,11.026,30.21,advanced_seed,advanced_9_to_12.csv
defer,9,9-12,advanced_9_to_12,3256,1423,false,n,tier3_bnc_coca+bnc_coca_band_4k+grade_estimate_9+general_or_nonacademic,advanced,advanced,2.694,11.025,30.209,advanced_seed,advanced_9_to_12.csv
litre,10,9-12,advanced_9_to_12,5538,1422,false,n,tier3_bnc_coca+bnc_coca_band_6k+grade_estimate_10+general_or_nonacademic,advanced,advanced,2.694,11.025,30.209,advanced_seed,advanced_9_to_12.csv
absurd,9,9-12,advanced_9_to_12,3005,1419,false,adj,tier3_bnc_coca+bnc_coca_band_4k+grade_estimate_9+general_or_nonacademic,advanced,advanced,2.693,11.024,30.209,advanced_seed,advanced_9_to_12.csv
ozone,9,9-12,advanced_9_to_12,3665,1418,false,n,tier3_bnc_coca+bnc_coca_band_4k+grade_estimate_9+general_or_nonacademic,advanced,advanced,2.693,11.024,30.208,advanced_seed,advanced_9_to_12.csv
quota,9,9-12,advanced_9_to_12,3737,1416,false,n,tier3_bnc_coca+bnc_coca_band_4k+grade_estimate_9+general_or_nonacademic,advanced,advanced,2.692,11.023,30.208,advanced_seed,advanced_9_to_12.csv
tick,9,9-12,advanced_9_to_12,3924,1416,false,v,tier3_bnc_coca+bnc_coca_band_4k+grade_estimate_9+general_or_nonacademic,advanced,advanced,3.692,10.523,30.208,advanced_seed,advanced_9_to_12.csv
kin,9,9-12,advanced_9_to_12,3544,1415,false,n,tier3_bnc_coca+bnc_coca_band_4k+grade_estimate_9+general_or_nonacademic,advanced,advanced,3.692,10.523,30.208,advanced_seed,advanced_9_to_12.csv
beard,9,9-12,advanced_9_to_12,3085,1414,false,v,tier3_bnc_coca+bnc_coca_band_4k+grade_estimate_9+general_or_nonacademic,advanced,advanced,2.692,11.023,30.207,advanced_seed,advanced_9_to_12.csv
mosaic,9,9-12,advanced_9_to_12,4549,1411,false,adj,tier3_bnc_coca+bnc_coca_band_5k+grade_estimate_9+general_or_nonacademic,advanced,advanced,2.692,11.022,30.207,advanced_seed,advanced_9_to_12.csv
winding,9,9-12,advanced_9_to_12,4989,1409,false,n,tier3_bnc_coca+bnc_coca_band_5k+grade_estimate_9+general_or_nonacademic,advanced,advanced,1.891,10.522,30.206,advanced_seed,advanced_9_to_12.csv
hollow,9,9-12,advanced_9_to_12,3473,1404,false,v,tier3_bnc_coca+bnc_coca_band_4k+grade_estimate_9+general_or_nonacademic,advanced,advanced,2.69,11.02,30.205,advanced_seed,advanced_9_to_12.csv
magnate,11,9-12,advanced_9_to_12,8536,369,false,v,tier3_bnc_coca+bnc_coca_band_9k+grade_estimate_11+general_or_nonacademic,advanced,advanced,1.547,8.563,30.205,advanced_seed,advanced_9_to_12.csv
broker,9,9-12,advanced_9_to_12,3113,1401,false,v,tier3_bnc_coca+bnc_coca_band_4k+grade_estimate_9+general_or_nonacademic,advanced,advanced,2.69,11.02,30.205,advanced_seed,advanced_9_to_12.csv
ornate,10,9-12,advanced_9_to_12,6595,368,false,adj,tier3_bnc_coca+bnc_coca_band_7k+grade_estimate_10+general_or_nonacademic,advanced,advanced,2.346,9.062,30.204,advanced_seed,advanced_9_to_12.csv
foul,9,9-12,advanced_9_to_12,3407,1399,false,v,tier3_bnc_coca+bnc_coca_band_4k+grade_estimate_9+general_or_nonacademic,advanced,advanced,3.689,10.519,30.204,advanced_seed,advanced_9_to_12.csv
rib,9,9-12,advanced_9_to_12,3764,1397,false,n,tier3_bnc_coca+bnc_coca_band_4k+grade_estimate_9+general_or_nonacademic,advanced,advanced,3.689,10.519,30.204,advanced_seed,advanced_9_to_12.csv
spit,9,9-12,advanced_9_to_12,3847,1392,false,n,tier3_bnc_coca+bnc_coca_band_4k+grade_estimate_9+general_or_nonacademic,advanced,advanced,3.688,10.517,30.203,advanced_seed,advanced_9_to_12.csv
flock,9,9-12,advanced_9_to_12,3391,1391,false,v,tier3_bnc_coca+bnc_coca_band_4k+grade_estimate_9+general_or_nonacademic,advanced,advanced,2.688,11.017,30.203,advanced_seed,advanced_9_to_12.csv
entail,9,9-12,advanced_9_to_12,4314,1390,false,v,tier3_bnc_coca+bnc_coca_band_5k+grade_estimate_9+general_or_nonacademic,advanced,advanced,2.688,11.017,30.202,advanced_seed,advanced_9_to_12.csv
embark,9,9-12,advanced_9_to_12,4302,1389,false,v,tier3_bnc_coca+bnc_coca_band_5k+grade_estimate_9+general_or_nonacademic,advanced,advanced,2.687,11.017,30.202,advanced_seed,advanced_9_to_12.csv
hood,9,9-12,advanced_9_to_12,3475,1386,false,v,tier3_bnc_coca+bnc_coca_band_4k+grade_estimate_9+general_or_nonacademic,advanced,advanced,3.687,10.516,30.201,advanced_seed,advanced_9_to_12.csv
antique,9,9-12,advanced_9_to_12,3041,1384,false,n,tier3_bnc_coca+bnc_coca_band_4k+grade_estimate_9+general_or_nonacademic,advanced,advanced,1.887,10.515,30.201,advanced_seed,advanced_9_to_12.csv
causal,9,9-12,advanced_9_to_12,4124,1382,false,adj,tier3_bnc_coca+bnc_coca_band_5k+grade_estimate_9+general_or_nonacademic,advanced,advanced,2.686,11.015,30.201,advanced_seed,advanced_9_to_12.csv
albeit,9,9-12,advanced_9_to_12,4016,1381,false,conj,tier3_bnc_coca+bnc_coca_band_5k+grade_estimate_9+general_or_nonacademic,advanced,advanced,2.686,11.015,30.2,advanced_seed,advanced_9_to_12.csv
mar,10,9-12,advanced_9_to_12,5567,1376,false,n,tier3_bnc_coca+bnc_coca_band_6k+grade_estimate_10+general_or_nonacademic,advanced,advanced,3.685,10.513,30.199,advanced_seed,advanced_9_to_12.csv
gravel,9,9-12,advanced_9_to_12,3441,1375,false,adj,tier3_bnc_coca+bnc_coca_band_4k+grade_estimate_9+general_or_nonacademic,advanced,advanced,2.685,11.013,30.199,advanced_seed,advanced_9_to_12.csv
porous,11,9-12,advanced_9_to_12,7681,361,false,adj,tier3_bnc_coca+bnc_coca_band_8k+grade_estimate_11+general_or_nonacademic,advanced,advanced,2.342,9.055,30.199,advanced_seed,advanced_9_to_12.csv
fiscal,9,9-12,advanced_9_to_12,3382,1369,false,adj,tier3_bnc_coca+bnc_coca_band_4k+grade_estimate_9+general_or_nonacademic,advanced,advanced,2.684,11.012,30.198,advanced_seed,advanced_9_to_12.csv
temper,9,9-12,advanced_9_to_12,4886,1369,false,n,tier3_bnc_coca+bnc_coca_band_5k+grade_estimate_9+general_or_nonacademic,advanced,advanced,2.684,11.012,30.198,advanced_seed,advanced_9_to_12.csv
cube,9,9-12,advanced_9_to_12,3239,1368,false,n,tier3_bnc_coca+bnc_coca_band_4k+grade_estimate_9+general_or_nonacademic,advanced,advanced,3.684,10.511,30.197,advanced_seed,advanced_9_to_12.csv
laser,9,9-12,advanced_9_to_12,3552,1367,false,n,tier3_bnc_coca+bnc_coca_band_4k+grade_estimate_9+general_or_nonacademic,advanced,advanced,2.683,11.011,30.197,advanced_seed,advanced_9_to_12.csv
abate,10,9-12,advanced_9_to_12,6002,359,false,v,tier3_bnc_coca+bnc_coca_band_7k+grade_estimate_10+general_or_nonacademic,advanced,advanced,2.34,9.054,30.197,advanced_seed,advanced_9_to_12.csv
dim,9,9-12,advanced_9_to_12,3289,1363,false,adj,tier3_bnc_coca+bnc_coca_band_4k+grade_estimate_9+general_or_nonacademic,advanced,advanced,3.683,10.51,30.196,advanced_seed,advanced_9_to_12.csv
con,9,9-12,advanced_9_to_12,3200,1362,false,n,tier3_bnc_coca+bnc_coca_band_4k+grade_estimate_9+general_or_nonacademic,advanced,advanced,3.682,10.51,30.196,advanced_seed,advanced_9_to_12.csv
strap,9,9-12,advanced_9_to_12,3872,1359,false,n,tier3_bnc_coca+bnc_coca_band_4k+grade_estimate_9+general_or_nonacademic,advanced,advanced,2.682,11.009,30.195,advanced_seed,advanced_9_to_12.csv
gospel,9,9-12,advanced_9_to_12,3438,1353,false,n,tier3_bnc_coca+bnc_coca_band_4k+grade_estimate_9+general_or_nonacademic,advanced,advanced,2.681,11.008,30.194,advanced_seed,advanced_9_to_12.csv
stagger,9,9-12,advanced_9_to_12,3858,1352,false,v,tier3_bnc_coca+bnc_coca_band_4k+grade_estimate_9+general_or_nonacademic,advanced,advanced,1.881,10.507,30.194,advanced_seed,advanced_9_to_12.csv
serial,9,9-12,advanced_9_to_12,4771,1351,false,adj,tier3_bnc_coca+bnc_coca_band_5k+grade_estimate_9+general_or_nonacademic,advanced,advanced,2.68,11.007,30.194,advanced_seed,advanced_9_to_12.csv
clergy,9,9-12,advanced_9_to_12,4151,1349,false,n,tier3_bnc_coca+bnc_coca_band_5k+grade_estimate_9+general_or_nonacademic,advanced,advanced,2.68,11.007,30.193,advanced_seed,advanced_9_to_12.csv
rigour,9,9-12,advanced_9_to_12,3768,1347,false,n,tier3_bnc_coca+bnc_coca_band_4k+grade_estimate_9+general_or_nonacademic,advanced,advanced,2.68,11.006,30.193,advanced_seed,advanced_9_to_12.csv
shaft,9,9-12,advanced_9_to_12,3806,1344,false,v,tier3_bnc_coca+bnc_coca_band_4k+grade_estimate_9+general_or_nonacademic,advanced,advanced,2.679,11.005,30.192,advanced_seed,advanced_9_to_12.csv
snatch,9,9-12,advanced_9_to_12,3825,1344,false,v,tier3_bnc_coca+bnc_coca_band_4k+grade_estimate_9+general_or_nonacademic,advanced,advanced,2.679,11.005,30.192,advanced_seed,advanced_9_to_12.csv
tailor,9,9-12,advanced_9_to_12,4877,1339,false,v,tier3_bnc_coca+bnc_coca_band_5k+grade_estimate_9+general_or_nonacademic,advanced,advanced,2.678,11.004,30.191,advanced_seed,advanced_9_to_12.csv
curse,9,9-12,advanced_9_to_12,3242,1334,false,n,tier3_bnc_coca+bnc_coca_band_4k+grade_estimate_9+general_or_nonacademic,advanced,advanced,2.677,11.003,30.19,advanced_seed,advanced_9_to_12.csv
glide,9,9-12,advanced_9_to_12,3432,1330,false,n,tier3_bnc_coca+bnc_coca_band_4k+grade_estimate_9+general_or_nonacademic,advanced,advanced,2.676,11.002,30.189,advanced_seed,advanced_9_to_12.csv
hybrid,9,9-12,advanced_9_to_12,3487,1329,false,n,tier3_bnc_coca+bnc_coca_band_4k+grade_estimate_9+general_or_nonacademic,advanced,advanced,2.676,11.001,30.189,advanced_seed,advanced_9_to_12.csv
sparkle,9,9-12,advanced_9_to_12,3837,1320,false,n,tier3_bnc_coca+bnc_coca_band_4k+grade_estimate_9+general_or_nonacademic,advanced,advanced,1.874,10.499,30.187,advanced_seed,advanced_9_to_12.csv
plough,9,9-12,advanced_9_to_12,4655,1320,false,v,tier3_bnc_coca+bnc_coca_band_5k+grade_estimate_9+general_or_nonacademic,advanced,advanced,2.674,10.999,30.187,advanced_seed,advanced_9_to_12.csv
cynical,9,9-12,advanced_9_to_12,3244,1309,false,adj,tier3_bnc_coca+bnc_coca_band_4k+grade_estimate_9+general_or_nonacademic,advanced,advanced,1.872,10.496,30.184,advanced_seed,advanced_9_to_12.csv
textile,9,9-12,advanced_9_to_12,3911,1308,false,n,tier3_bnc_coca+bnc_coca_band_4k+grade_estimate_9+general_or_nonacademic,advanced,advanced,1.872,10.496,30.184,advanced_seed,advanced_9_to_12.csv
exclaim,9,9-12,advanced_9_to_12,3359,1306,false,v,tier3_bnc_coca+bnc_coca_band_4k+grade_estimate_9+general_or_nonacademic,advanced,advanced,1.872,10.495,30.183,advanced_seed,advanced_9_to_12.csv
caravan,10,9-12,advanced_9_to_12,5137,1306,false,n,tier3_bnc_coca+bnc_coca_band_6k+grade_estimate_10+general_or_nonacademic,advanced,advanced,1.872,10.495,30.183,advanced_seed,advanced_9_to_12.csv
waiter,9,9-12,advanced_9_to_12,3983,1304,false,n,tier3_bnc_coca+bnc_coca_band_4k+grade_estimate_9+general_or_nonacademic,advanced,advanced,2.671,10.995,30.183,advanced_seed,advanced_9_to_12.csv
throne,9,9-12,advanced_9_to_12,4898,1301,false,n,tier3_bnc_coca+bnc_coca_band_5k+grade_estimate_9+general_or_nonacademic,advanced,advanced,2.671,10.994,30.182,advanced_seed,advanced_9_to_12.csv
jerk,9,9-12,advanced_9_to_12,3535,1300,false,v,tier3_bnc_coca+bnc_coca_band_4k+grade_estimate_9+general_or_nonacademic,advanced,advanced,3.67,10.494,30.182,advanced_seed,advanced_9_to_12.csv
slap,9,9-12,advanced_9_to_12,3820,1300,false,n,tier3_bnc_coca+bnc_coca_band_4k+grade_estimate_9+general_or_nonacademic,advanced,advanced,3.67,10.494,30.182,advanced_seed,advanced_9_to_12.csv
stuffed,9,9-12,advanced_9_to_12,3878,1300,false,n,tier3_bnc_coca+bnc_coca_band_4k+grade_estimate_9+general_or_nonacademic,advanced,advanced,1.87,10.494,30.182,advanced_seed,advanced_9_to_12.csv
flick,9,9-12,advanced_9_to_12,3388,1299,false,v,tier3_bnc_coca+bnc_coca_band_4k+grade_estimate_9+general_or_nonacademic,advanced,advanced,2.67,10.994,30.182,advanced_seed,advanced_9_to_12.csv
hatch,9,9-12,advanced_9_to_12,3464,1299,false,v,tier3_bnc_coca+bnc_coca_band_4k+grade_estimate_9+general_or_nonacademic,advanced,advanced,2.67,10.994,30.182,advanced_seed,advanced_9_to_12.csv
surge,9,9-12,advanced_9_to_12,3891,1298,false,n,tier3_bnc_coca+bnc_coca_band_4k+grade_estimate_9+general_or_nonacademic,advanced,advanced,2.67,10.993,30.182,advanced_seed,advanced_9_to_12.csv
peered,9,9-12,advanced_9_to_12,3681,1297,false,n,tier3_bnc_coca+bnc_coca_band_4k+grade_estimate_9+general_or_nonacademic,advanced,advanced,2.67,10.993,30.181,advanced_seed,advanced_9_to_12.csv
sacred,9,9-12,advanced_9_to_12,3781,1293,false,adj,tier3_bnc_coca+bnc_coca_band_4k+grade_estimate_9+general_or_nonacademic,advanced,advanced,2.669,10.992,30.18,advanced_seed,advanced_9_to_12.csv
gall,10,9-12,advanced_9_to_12,5386,1292,false,v,tier3_bnc_coca+bnc_coca_band_6k+grade_estimate_10+general_or_nonacademic,advanced,advanced,3.669,10.492,30.18,advanced_seed,advanced_9_to_12.csv
gamble,9,9-12,advanced_9_to_12,3421,1290,false,n,tier3_bnc_coca+bnc_coca_band_4k+grade_estimate_9+general_or_nonacademic,advanced,advanced,2.668,10.991,30.18,advanced_seed,advanced_9_to_12.csv
misery,9,9-12,advanced_9_to_12,4537,1289,false,n,tier3_bnc_coca+bnc_coca_band_5k+grade_estimate_9+general_or_nonacademic,advanced,advanced,2.668,10.991,30.18,advanced_seed,advanced_9_to_12.csv
herald,9,9-12,advanced_9_to_12,4405,1288,false,v,tier3_bnc_coca+bnc_coca_band_5k+grade_estimate_9+general_or_nonacademic,advanced,advanced,2.668,10.991,30.179,advanced_seed,advanced_9_to_12.csv
devious,11,9-12,advanced_9_to_12,8242,338,false,adj,tier3_bnc_coca+bnc_coca_band_9k+grade_estimate_11+general_or_nonacademic,advanced,advanced,1.525,8.533,30.179,advanced_seed,advanced_9_to_12.csv
fuss,9,9-12,advanced_9_to_12,4365,1287,false,v,tier3_bnc_coca+bnc_coca_band_5k+grade_estimate_9+general_or_nonacademic,advanced,advanced,3.668,10.49,30.179,advanced_seed,advanced_9_to_12.csv
fork,9,9-12,advanced_9_to_12,3403,1285,false,v,tier3_bnc_coca+bnc_coca_band_4k+grade_estimate_9+general_or_nonacademic,advanced,advanced,3.667,10.49,30.179,advanced_seed,advanced_9_to_12.csv
default,9,9-12,advanced_9_to_12,4227,1285,false,v,tier3_bnc_coca+bnc_coca_band_5k+grade_estimate_9+general_or_nonacademic,advanced,advanced,1.867,10.49,30.179,advanced_seed,advanced_9_to_12.csv
peg,10,9-12,advanced_9_to_12,5680,1282,false,n,tier3_bnc_coca+bnc_coca_band_6k+grade_estimate_10+general_or_nonacademic,advanced,advanced,3.667,10.489,30.178,advanced_seed,advanced_9_to_12.csv
alpha,9,9-12,advanced_9_to_12,3024,1281,false,n,tier3_bnc_coca+bnc_coca_band_4k+grade_estimate_9+general_or_nonacademic,advanced,advanced,2.667,10.989,30.178,advanced_seed,advanced_9_to_12.csv
splash,9,9-12,advanced_9_to_12,3848,1280,false,v,tier3_bnc_coca+bnc_coca_band_4k+grade_estimate_9+general_or_nonacademic,advanced,advanced,2.666,10.988,30.177,advanced_seed,advanced_9_to_12.csv
fixate,10,9-12,advanced_9_to_12,6337,335,false,v,tier3_bnc_coca+bnc_coca_band_7k+grade_estimate_10+general_or_nonacademic,advanced,advanced,2.323,9.03,30.176,advanced_seed,advanced_9_to_12.csv
skull,9,9-12,advanced_9_to_12,3818,1276,false,n,tier3_bnc_coca+bnc_coca_band_4k+grade_estimate_9+general_or_nonacademic,advanced,advanced,2.666,10.987,30.176,advanced_seed,advanced_9_to_12.csv
tag,9,9-12,advanced_9_to_12,3899,1276,false,n,tier3_bnc_coca+bnc_coca_band_4k+grade_estimate_9+general_or_nonacademic,advanced,advanced,3.666,10.487,30.176,advanced_seed,advanced_9_to_12.csv
plaster,9,9-12,advanced_9_to_12,4653,1276,false,v,tier3_bnc_coca+bnc_coca_band_5k+grade_estimate_9+general_or_nonacademic,advanced,advanced,1.866,10.487,30.176,advanced_seed,advanced_9_to_12.csv
upright,9,9-12,advanced_9_to_12,4939,1276,false,adj,tier3_bnc_coca+bnc_coca_band_5k+grade_estimate_9+general_or_nonacademic,advanced,advanced,1.866,10.487,30.176,advanced_seed,advanced_9_to_12.csv
utterly,9,9-12,advanced_9_to_12,4943,1276,false,adv,tier3_bnc_coca+bnc_coca_band_5k+grade_estimate_9+general_or_nonacademic,advanced,advanced,1.866,10.487,30.176,advanced_seed,advanced_9_to_12.csv
cock,9,9-12,advanced_9_to_12,4156,1274,false,v,tier3_bnc_coca+bnc_coca_band_5k+grade_estimate_9+general_or_nonacademic,advanced,advanced,3.665,10.487,30.176,advanced_seed,advanced_9_to_12.csv
deed,9,9-12,advanced_9_to_12,4226,1272,false,n,tier3_bnc_coca+bnc_coca_band_5k+grade_estimate_9+general_or_nonacademic,advanced,advanced,3.665,10.486,30.176,advanced_seed,advanced_9_to_12.csv
tablet,9,9-12,advanced_9_to_12,4874,1271,false,n,tier3_bnc_coca+bnc_coca_band_5k+grade_estimate_9+general_or_nonacademic,advanced,advanced,2.665,10.986,30.175,advanced_seed,advanced_9_to_12.csv
iterate,11,9-12,advanced_9_to_12,7459,333,false,v,tier3_bnc_coca+bnc_coca_band_8k+grade_estimate_11+general_or_nonacademic,advanced,advanced,1.521,8.528,30.175,advanced_seed,advanced_9_to_12.csv
brigade,9,9-12,advanced_9_to_12,4100,1266,false,n,tier3_bnc_coca+bnc_coca_band_5k+grade_estimate_9+general_or_nonacademic,advanced,advanced,1.864,10.485,30.174,advanced_seed,advanced_9_to_12.csv
polymer,10,9-12,advanced_9_to_12,5710,1264,false,n,tier3_bnc_coca+bnc_coca_band_6k+grade_estimate_10+general_or_nonacademic,advanced,advanced,1.863,10.484,30.174,advanced_seed,advanced_9_to_12.csv
gleam,9,9-12,advanced_9_to_12,3431,1263,false,v,tier3_bnc_coca+bnc_coca_band_4k+grade_estimate_9+general_or_nonacademic,advanced,advanced,2.663,10.984,30.173,advanced_seed,advanced_9_to_12.csv
offset,9,9-12,advanced_9_to_12,3642,1263,false,n,tier3_bnc_coca+bnc_coca_band_4k+grade_estimate_9+general_or_nonacademic,advanced,advanced,2.663,10.984,30.173,advanced_seed,advanced_9_to_12.csv
bounds,9,9-12,advanced_9_to_12,3105,1262,false,n,tier3_bnc_coca+bnc_coca_band_4k+grade_estimate_9+general_or_nonacademic,advanced,advanced,2.663,10.984,30.173,advanced_seed,advanced_9_to_12.csv
graze,9,9-12,advanced_9_to_12,3442,1261,false,n,tier3_bnc_coca+bnc_coca_band_4k+grade_estimate_9+general_or_nonacademic,advanced,advanced,2.662,10.983,30.173,advanced_seed,advanced_9_to_12.csv
enact,9,9-12,advanced_9_to_12,3335,1260,false,v,tier3_bnc_coca+bnc_coca_band_4k+grade_estimate_9+general_or_nonacademic,advanced,advanced,2.662,10.983,30.173,advanced_seed,advanced_9_to_12.csv
eyebrow,9,9-12,advanced_9_to_12,3369,1260,false,n,tier3_bnc_coca+bnc_coca_band_4k+grade_estimate_9+general_or_nonacademic,advanced,advanced,1.862,10.483,30.173,advanced_seed,advanced_9_to_12.csv
wary,9,9-12,advanced_9_to_12,4979,1260,false,n,tier3_bnc_coca+bnc_coca_band_5k+grade_estimate_9+general_or_nonacademic,advanced,advanced,3.662,10.483,30.173,advanced_seed,advanced_9_to_12.csv
carol,10,9-12,advanced_9_to_12,5141,1258,false,n,tier3_bnc_coca+bnc_coca_band_6k+grade_estimate_10+general_or_nonacademic,advanced,advanced,2.662,10.982,30.172,advanced_seed,advanced_9_to_12.csv
spate,11,9-12,advanced_9_to_12,7835,330,false,v,tier3_bnc_coca+bnc_coca_band_8k+grade_estimate_11+general_or_nonacademic,advanced,advanced,2.319,9.025,30.172,advanced_seed,advanced_9_to_12.csv
regain,9,9-12,advanced_9_to_12,3752,1256,false,v,tier3_bnc_coca+bnc_coca_band_4k+grade_estimate_9+general_or_nonacademic,advanced,advanced,2.661,10.982,30.172,advanced_seed,advanced_9_to_12.csv
stumble,9,9-12,advanced_9_to_12,3879,1255,false,n,tier3_bnc_coca+bnc_coca_band_4k+grade_estimate_9+general_or_nonacademic,advanced,advanced,1.861,10.482,30.171,advanced_seed,advanced_9_to_12.csv
tug,9,9-12,advanced_9_to_12,3948,1255,false,n,tier3_bnc_coca+bnc_coca_band_4k+grade_estimate_9+general_or_nonacademic,advanced,advanced,3.661,10.482,30.171,advanced_seed,advanced_9_to_12.csv
amplify,9,9-12,advanced_9_to_12,4027,1255,false,v,tier3_bnc_coca+bnc_coca_band_5k+grade_estimate_9+general_or_nonacademic,advanced,advanced,1.861,10.482,30.171,advanced_seed,advanced_9_to_12.csv
hay,9,9-12,advanced_9_to_12,4400,1254,false,n,tier3_bnc_coca+bnc_coca_band_5k+grade_estimate_9+general_or_nonacademic,advanced,advanced,3.661,10.481,30.171,advanced_seed,advanced_9_to_12.csv
atheist,10,9-12,advanced_9_to_12,6058,329,false,n,tier3_bnc_coca+bnc_coca_band_7k+grade_estimate_10+general_or_nonacademic,advanced,advanced,1.518,8.524,30.171,advanced_seed,advanced_9_to_12.csv
maize,11,9-12,advanced_9_to_12,7516,329,false,v,tier3_bnc_coca+bnc_coca_band_8k+grade_estimate_11+general_or_nonacademic,advanced,advanced,2.318,9.024,30.171,advanced_seed,advanced_9_to_12.csv
butcher,9,9-12,advanced_9_to_12,4111,1252,false,v,tier3_bnc_coca+bnc_coca_band_5k+grade_estimate_9+general_or_nonacademic,advanced,advanced,1.861,10.481,30.171,advanced_seed,advanced_9_to_12.csv
calorie,9,9-12,advanced_9_to_12,3133,1251,false,n,tier3_bnc_coca+bnc_coca_band_4k+grade_estimate_9+general_or_nonacademic,advanced,advanced,1.86,10.481,30.171,advanced_seed,advanced_9_to_12.csv
thunder,9,9-12,advanced_9_to_12,3923,1251,false,v,tier3_bnc_coca+bnc_coca_band_4k+grade_estimate_9+general_or_nonacademic,advanced,advanced,1.86,10.481,30.171,advanced_seed,advanced_9_to_12.csv
gown,9,9-12,advanced_9_to_12,4377,1246,false,v,tier3_bnc_coca+bnc_coca_band_5k+grade_estimate_9+general_or_nonacademic,advanced,advanced,3.659,10.479,30.169,advanced_seed,advanced_9_to_12.csv
reed,10,9-12,advanced_9_to_12,5761,1243,false,n,tier3_bnc_coca+bnc_coca_band_6k+grade_estimate_10+general_or_nonacademic,advanced,advanced,3.659,10.478,30.169,advanced_seed,advanced_9_to_12.csv
anchor,9,9-12,advanced_9_to_12,3035,1242,false,v,tier3_bnc_coca+bnc_coca_band_4k+grade_estimate_9+general_or_nonacademic,advanced,advanced,2.659,10.978,30.168,advanced_seed,advanced_9_to_12.csv
vest,9,9-12,advanced_9_to_12,4959,1241,false,v,tier3_bnc_coca+bnc_coca_band_5k+grade_estimate_9+general_or_nonacademic,advanced,advanced,3.658,10.478,30.168,advanced_seed,advanced_9_to_12.csv
intake,9,9-12,advanced_9_to_12,4445,1239,false,n,tier3_bnc_coca+bnc_coca_band_5k+grade_estimate_9+general_or_nonacademic,advanced,advanced,2.658,10.977,30.168,advanced_seed,advanced_9_to_12.csv
gothic,10,9-12,advanced_9_to_12,5405,1237,false,adj,tier3_bnc_coca+bnc_coca_band_6k+grade_estimate_10+general_or_nonacademic,advanced,advanced,2.658,10.977,30.167,advanced_seed,advanced_9_to_12.csv
fort,9,9-12,advanced_9_to_12,3404,1232,false,n,tier3_bnc_coca+bnc_coca_band_4k+grade_estimate_9+general_or_nonacademic,advanced,advanced,3.656,10.475,30.166,advanced_seed,advanced_9_to_12.csv
gossip,9,9-12,advanced_9_to_12,3439,1231,false,v,tier3_bnc_coca+bnc_coca_band_4k+grade_estimate_9+general_or_nonacademic,advanced,advanced,2.656,10.975,30.166,advanced_seed,advanced_9_to_12.csv
signify,9,9-12,advanced_9_to_12,4788,1230,false,v,tier3_bnc_coca+bnc_coca_band_5k+grade_estimate_9+general_or_nonacademic,advanced,advanced,1.856,10.475,30.165,advanced_seed,advanced_9_to_12.csv
soar,9,9-12,advanced_9_to_12,3828,1227,false,v,tier3_bnc_coca+bnc_coca_band_4k+grade_estimate_9+general_or_nonacademic,advanced,advanced,3.655,10.474,30.165,advanced_seed,advanced_9_to_12.csv
divert,9,9-12,advanced_9_to_12,4269,1225,false,v,tier3_bnc_coca+bnc_coca_band_5k+grade_estimate_9+general_or_nonacademic,advanced,advanced,2.655,10.973,30.164,advanced_seed,advanced_9_to_12.csv
intact,9,9-12,advanced_9_to_12,3521,1224,false,n,tier3_bnc_coca+bnc_coca_band_4k+grade_estimate_9+general_or_nonacademic,advanced,advanced,2.655,10.973,30.164,advanced_seed,advanced_9_to_12.csv
patriot,9,9-12,advanced_9_to_12,3675,1224,false,n,tier3_bnc_coca+bnc_coca_band_4k+grade_estimate_9+general_or_nonacademic,advanced,advanced,1.855,10.473,30.164,advanced_seed,advanced_9_to_12.csv
loom,9,9-12,advanced_9_to_12,3573,1222,false,v,tier3_bnc_coca+bnc_coca_band_4k+grade_estimate_9+general_or_nonacademic,advanced,advanced,3.654,10.472,30.163,advanced_seed,advanced_9_to_12.csv
outlook,9,9-12,advanced_9_to_12,3658,1220,false,n,tier3_bnc_coca+bnc_coca_band_4k+grade_estimate_9+general_or_nonacademic,advanced,advanced,1.854,10.472,30.163,advanced_seed,advanced_9_to_12.csv
arc,9,9-12,advanced_9_to_12,4052,1219,false,v,tier3_bnc_coca+bnc_coca_band_5k+grade_estimate_9+general_or_nonacademic,advanced,advanced,3.654,10.472,30.163,advanced_seed,advanced_9_to_12.csv
pill,9,9-12,advanced_9_to_12,3689,1218,false,n,tier3_bnc_coca+bnc_coca_band_4k+grade_estimate_9+general_or_nonacademic,advanced,advanced,3.654,10.471,30.162,advanced_seed,advanced_9_to_12.csv
sip,9,9-12,advanced_9_to_12,3815,1218,false,n,tier3_bnc_coca+bnc_coca_band_4k+grade_estimate_9+general_or_nonacademic,advanced,advanced,3.654,10.471,30.162,advanced_seed,advanced_9_to_12.csv
tangle,9,9-12,advanced_9_to_12,3900,1217,false,n,tier3_bnc_coca+bnc_coca_band_4k+grade_estimate_9+general_or_nonacademic,advanced,advanced,2.653,10.971,30.162,advanced_seed,advanced_9_to_12.csv
corps,9,9-12,advanced_9_to_12,3228,1216,false,n,tier3_bnc_coca+bnc_coca_band_4k+grade_estimate_9+general_or_nonacademic,advanced,advanced,2.653,10.971,30.162,advanced_seed,advanced_9_to_12.csv
lens,9,9-12,advanced_9_to_12,3559,1215,false,v,tier3_bnc_coca+bnc_coca_band_4k+grade_estimate_9+general_or_nonacademic,advanced,advanced,3.653,10.471,30.162,advanced_seed,advanced_9_to_12.csv
flicker,9,9-12,advanced_9_to_12,3389,1214,false,v,tier3_bnc_coca+bnc_coca_band_4k+grade_estimate_9+general_or_nonacademic,advanced,advanced,1.853,10.47,30.161,advanced_seed,advanced_9_to_12.csv
bail,9,9-12,advanced_9_to_12,4070,1214,false,v,tier3_bnc_coca+bnc_coca_band_5k+grade_estimate_9+general_or_nonacademic,advanced,advanced,3.653,10.47,30.161,advanced_seed,advanced_9_to_12.csv
euro,10,9-12,advanced_9_to_12,5325,1214,false,n,tier3_bnc_coca+bnc_coca_band_6k+grade_estimate_10+general_or_nonacademic,advanced,advanced,3.653,10.47,30.161,advanced_seed,advanced_9_to_12.csv
token,9,9-12,advanced_9_to_12,4902,1213,false,v,tier3_bnc_coca+bnc_coca_band_5k+grade_estimate_9+general_or_nonacademic,advanced,advanced,2.652,10.97,30.161,advanced_seed,advanced_9_to_12.csv
emotive,12,9-12,advanced_9_to_12,9303,318,false,adj,tier3_bnc_coca+bnc_coca_band_10k+grade_estimate_12+general_or_nonacademic,advanced,advanced,1.51,8.513,30.161,advanced_seed,advanced_9_to_12.csv
tee,9,9-12,advanced_9_to_12,4883,1212,false,v,tier3_bnc_coca+bnc_coca_band_5k+grade_estimate_9+general_or_nonacademic,advanced,advanced,3.652,10.47,30.161,advanced_seed,advanced_9_to_12.csv
glaze,9,9-12,advanced_9_to_12,4373,1211,false,n,tier3_bnc_coca+bnc_coca_band_5k+grade_estimate_9+general_or_nonacademic,advanced,advanced,2.652,10.969,30.161,advanced_seed,advanced_9_to_12.csv
census,9,9-12,advanced_9_to_12,3152,1210,false,n,tier3_bnc_coca+bnc_coca_band_4k+grade_estimate_9+general_or_nonacademic,advanced,advanced,2.652,10.969,30.16,advanced_seed,advanced_9_to_12.csv
legacy,9,9-12,advanced_9_to_12,3555,1210,false,n,tier3_bnc_coca+bnc_coca_band_4k+grade_estimate_9+general_or_nonacademic,advanced,advanced,2.652,10.969,30.16,advanced_seed,advanced_9_to_12.csv
karate,11,9-12,advanced_9_to_12,7472,317,false,v,tier3_bnc_coca+bnc_coca_band_8k+grade_estimate_11+general_or_nonacademic,advanced,advanced,2.309,9.012,30.16,advanced_seed,advanced_9_to_12.csv
litter,9,9-12,advanced_9_to_12,4491,1208,false,v,tier3_bnc_coca+bnc_coca_band_5k+grade_estimate_9+general_or_nonacademic,advanced,advanced,2.651,10.969,30.16,advanced_seed,advanced_9_to_12.csv
detain,9,9-12,advanced_9_to_12,3271,1207,false,v,tier3_bnc_coca+bnc_coca_band_4k+grade_estimate_9+general_or_nonacademic,advanced,advanced,2.651,10.968,30.16,advanced_seed,advanced_9_to_12.csv
pearl,9,9-12,advanced_9_to_12,3678,1207,false,n,tier3_bnc_coca+bnc_coca_band_4k+grade_estimate_9+general_or_nonacademic,advanced,advanced,2.651,10.968,30.16,advanced_seed,advanced_9_to_12.csv
rig,9,9-12,advanced_9_to_12,4739,1207,false,n,tier3_bnc_coca+bnc_coca_band_5k+grade_estimate_9+general_or_nonacademic,advanced,advanced,3.651,10.468,30.16,advanced_seed,advanced_9_to_12.csv
exotic,9,9-12,advanced_9_to_12,3365,1203,false,adj,tier3_bnc_coca+bnc_coca_band_4k+grade_estimate_9+general_or_nonacademic,advanced,advanced,2.65,10.967,30.159,advanced_seed,advanced_9_to_12.csv
glamour,9,9-12,advanced_9_to_12,3429,1200,false,n,tier3_bnc_coca+bnc_coca_band_4k+grade_estimate_9+general_or_nonacademic,advanced,advanced,1.85,10.466,30.158,advanced_seed,advanced_9_to_12.csv
console,9,9-12,advanced_9_to_12,3212,1199,false,n,tier3_bnc_coca+bnc_coca_band_4k+grade_estimate_9+general_or_nonacademic,advanced,advanced,1.849,10.466,30.158,advanced_seed,advanced_9_to_12.csv
idle,9,9-12,advanced_9_to_12,3491,1198,false,n,tier3_bnc_coca+bnc_coca_band_4k+grade_estimate_9+general_or_nonacademic,advanced,advanced,3.649,10.466,30.157,advanced_seed,advanced_9_to_12.csv
cushion,9,9-12,advanced_9_to_12,4215,1197,false,v,tier3_bnc_coca+bnc_coca_band_5k+grade_estimate_9+general_or_nonacademic,advanced,advanced,1.849,10.465,30.157,advanced_seed,advanced_9_to_12.csv
mighty,9,9-12,advanced_9_to_12,3598,1196,false,n,tier3_bnc_coca+bnc_coca_band_4k+grade_estimate_9+general_or_nonacademic,advanced,advanced,2.649,10.965,30.157,advanced_seed,advanced_9_to_12.csv
sane,9,9-12,advanced_9_to_12,3783,1196,false,adj,tier3_bnc_coca+bnc_coca_band_4k+grade_estimate_9+general_or_nonacademic,advanced,advanced,3.649,10.465,30.157,advanced_seed,advanced_9_to_12.csv
meadow,9,9-12,advanced_9_to_12,4517,1196,false,n,tier3_bnc_coca+bnc_coca_band_5k+grade_estimate_9+general_or_nonacademic,advanced,advanced,2.649,10.965,30.157,advanced_seed,advanced_9_to_12.csv
jersey,10,9-12,advanced_9_to_12,5511,1196,false,n,tier3_bnc_coca+bnc_coca_band_6k+grade_estimate_10+general_or_nonacademic,advanced,advanced,2.649,10.965,30.157,advanced_seed,advanced_9_to_12.csv
fore,9,9-12,advanced_9_to_12,3399,1194,false,n,tier3_bnc_coca+bnc_coca_band_4k+grade_estimate_9+general_or_nonacademic,advanced,advanced,3.648,10.465,30.156,advanced_seed,advanced_9_to_12.csv
coexist,10,9-12,advanced_9_to_12,6161,312,false,v,tier3_bnc_coca+bnc_coca_band_7k+grade_estimate_10+general_or_nonacademic,advanced,advanced,1.505,8.506,30.155,advanced_seed,advanced_9_to_12.csv
inflict,9,9-12,advanced_9_to_12,4437,1187,false,v,tier3_bnc_coca+bnc_coca_band_5k+grade_estimate_9+general_or_nonacademic,advanced,advanced,1.847,10.462,30.155,advanced_seed,advanced_9_to_12.csv
envy,9,9-12,advanced_9_to_12,3345,1186,false,v,tier3_bnc_coca+bnc_coca_band_4k+grade_estimate_9+general_or_nonacademic,advanced,advanced,3.647,10.462,30.154,advanced_seed,advanced_9_to_12.csv
kidnap,9,9-12,advanced_9_to_12,3542,1186,false,v,tier3_bnc_coca+bnc_coca_band_4k+grade_estimate_9+general_or_nonacademic,advanced,advanced,2.647,10.962,30.154,advanced_seed,advanced_9_to_12.csv
lesbian,9,9-12,advanced_9_to_12,3560,1186,false,n,tier3_bnc_coca+bnc_coca_band_4k+grade_estimate_9+general_or_nonacademic,advanced,advanced,1.847,10.462,30.154,advanced_seed,advanced_9_to_12.csv
endow,9,9-12,advanced_9_to_12,3338,1183,false,v,tier3_bnc_coca+bnc_coca_band_4k+grade_estimate_9+general_or_nonacademic,advanced,advanced,2.646,10.961,30.154,advanced_seed,advanced_9_to_12.csv
blink,9,9-12,advanced_9_to_12,3097,1182,false,v,tier3_bnc_coca+bnc_coca_band_4k+grade_estimate_9+general_or_nonacademic,advanced,advanced,2.646,10.961,30.153,advanced_seed,advanced_9_to_12.csv
flare,9,9-12,advanced_9_to_12,4347,1181,false,n,tier3_bnc_coca+bnc_coca_band_5k+grade_estimate_9+general_or_nonacademic,advanced,advanced,2.646,10.961,30.153,advanced_seed,advanced_9_to_12.csv
rocked,9,9-12,advanced_9_to_12,3772,1179,false,n,tier3_bnc_coca+bnc_coca_band_4k+grade_estimate_9+general_or_nonacademic,advanced,advanced,2.645,10.96,30.153,advanced_seed,advanced_9_to_12.csv
secular,9,9-12,advanced_9_to_12,3798,1179,false,n,tier3_bnc_coca+bnc_coca_band_4k+grade_estimate_9+general_or_nonacademic,advanced,advanced,1.845,10.46,30.153,advanced_seed,advanced_9_to_12.csv
maid,9,9-12,advanced_9_to_12,4499,1179,false,n,tier3_bnc_coca+bnc_coca_band_5k+grade_estimate_9+general_or_nonacademic,advanced,advanced,3.645,10.46,30.153,advanced_seed,advanced_9_to_12.csv
verify,9,9-12,advanced_9_to_12,3967,1176,false,v,tier3_bnc_coca+bnc_coca_band_4k+grade_estimate_9+general_or_nonacademic,advanced,advanced,2.644,10.959,30.152,advanced_seed,advanced_9_to_12.csv
buzz,9,9-12,advanced_9_to_12,3128,1174,false,v,tier3_bnc_coca+bnc_coca_band_4k+grade_estimate_9+general_or_nonacademic,advanced,advanced,3.644,10.459,30.151,advanced_seed,advanced_9_to_12.csv
boarder,9,9-12,advanced_9_to_12,3099,1173,false,n,tier3_bnc_coca+bnc_coca_band_4k+grade_estimate_9+general_or_nonacademic,advanced,advanced,1.844,10.458,30.151,advanced_seed,advanced_9_to_12.csv
scrape,9,9-12,advanced_9_to_12,3795,1173,false,n,tier3_bnc_coca+bnc_coca_band_4k+grade_estimate_9+general_or_nonacademic,advanced,advanced,2.644,10.958,30.151,advanced_seed,advanced_9_to_12.csv
chalk,9,9-12,advanced_9_to_12,4130,1171,false,v,tier3_bnc_coca+bnc_coca_band_5k+grade_estimate_9+general_or_nonacademic,advanced,advanced,2.643,10.958,30.151,advanced_seed,advanced_9_to_12.csv
canon,10,9-12,advanced_9_to_12,5132,1170,false,n,tier3_bnc_coca+bnc_coca_band_6k+grade_estimate_10+general_or_nonacademic,advanced,advanced,2.643,10.958,30.15,advanced_seed,advanced_9_to_12.csv
glitter,9,9-12,advanced_9_to_12,4374,1169,false,v,tier3_bnc_coca+bnc_coca_band_5k+grade_estimate_9+general_or_nonacademic,advanced,advanced,1.843,10.457,30.15,advanced_seed,advanced_9_to_12.csv
yarn,10,9-12,advanced_9_to_12,5995,1169,false,n,tier3_bnc_coca+bnc_coca_band_6k+grade_estimate_10+general_or_nonacademic,advanced,advanced,3.643,10.457,30.15,advanced_seed,advanced_9_to_12.csv
elate,11,9-12,advanced_9_to_12,7293,305,false,v,tier3_bnc_coca+bnc_coca_band_8k+grade_estimate_11+general_or_nonacademic,advanced,advanced,2.299,8.999,30.149,advanced_seed,advanced_9_to_12.csv
gestate,11,9-12,advanced_9_to_12,8377,305,false,v,tier3_bnc_coca+bnc_coca_band_9k+grade_estimate_11+general_or_nonacademic,advanced,advanced,1.499,8.499,30.149,advanced_seed,advanced_9_to_12.csv
lyric,9,9-12,advanced_9_to_12,3577,1163,false,adj,tier3_bnc_coca+bnc_coca_band_4k+grade_estimate_9+general_or_nonacademic,advanced,advanced,2.642,10.955,30.149,advanced_seed,advanced_9_to_12.csv
pact,9,9-12,advanced_9_to_12,4600,1162,false,n,tier3_bnc_coca+bnc_coca_band_5k+grade_estimate_9+general_or_nonacademic,advanced,advanced,3.641,10.455,30.148,advanced_seed,advanced_9_to_12.csv
wax,9,9-12,advanced_9_to_12,3989,1159,false,v,tier3_bnc_coca+bnc_coca_band_4k+grade_estimate_9+general_or_nonacademic,advanced,advanced,3.641,10.454,30.147,advanced_seed,advanced_9_to_12.csv
hostage,9,9-12,advanced_9_to_12,3481,1158,false,n,tier3_bnc_coca+bnc_coca_band_4k+grade_estimate_9+general_or_nonacademic,advanced,advanced,1.84,10.454,30.147,advanced_seed,advanced_9_to_12.csv
brow,9,9-12,advanced_9_to_12,4103,1157,false,n,tier3_bnc_coca+bnc_coca_band_5k+grade_estimate_9+general_or_nonacademic,advanced,advanced,3.64,10.454,30.147,advanced_seed,advanced_9_to_12.csv
pony,9,9-12,advanced_9_to_12,4660,1156,false,n,tier3_bnc_coca+bnc_coca_band_5k+grade_estimate_9+general_or_nonacademic,advanced,advanced,3.64,10.453,30.147,advanced_seed,advanced_9_to_12.csv
uphold,9,9-12,advanced_9_to_12,4938,1155,false,v,tier3_bnc_coca+bnc_coca_band_5k+grade_estimate_9+general_or_nonacademic,advanced,advanced,2.64,10.953,30.146,advanced_seed,advanced_9_to_12.csv
evoke,9,9-12,advanced_9_to_12,3356,1154,false,n,tier3_bnc_coca+bnc_coca_band_4k+grade_estimate_9+general_or_nonacademic,advanced,advanced,2.64,10.953,30.146,advanced_seed,advanced_9_to_12.csv
rifle,9,9-12,advanced_9_to_12,3766,1146,false,n,tier3_bnc_coca+bnc_coca_band_4k+grade_estimate_9+general_or_nonacademic,advanced,advanced,2.638,10.95,30.144,advanced_seed,advanced_9_to_12.csv
amnesty,9,9-12,advanced_9_to_12,4025,1146,false,n,tier3_bnc_coca+bnc_coca_band_5k+grade_estimate_9+general_or_nonacademic,advanced,advanced,1.838,10.45,30.144,advanced_seed,advanced_9_to_12.csv
numeric,9,9-12,advanced_9_to_12,4579,1143,false,adj,tier3_bnc_coca+bnc_coca_band_5k+grade_estimate_9+general_or_nonacademic,advanced,advanced,1.837,10.449,30.143,advanced_seed,advanced_9_to_12.csv
outfit,9,9-12,advanced_9_to_12,3656,1142,false,n,tier3_bnc_coca+bnc_coca_band_4k+grade_estimate_9+general_or_nonacademic,advanced,advanced,2.637,10.949,30.143,advanced_seed,advanced_9_to_12.csv
scar,9,9-12,advanced_9_to_12,3786,1142,false,n,tier3_bnc_coca+bnc_coca_band_4k+grade_estimate_9+general_or_nonacademic,advanced,advanced,3.637,10.449,30.143,advanced_seed,advanced_9_to_12.csv
evasion,11,9-12,advanced_9_to_12,7319,299,false,n,tier3_bnc_coca+bnc_coca_band_8k+grade_estimate_11+general_or_nonacademic,advanced,advanced,1.494,8.492,30.143,advanced_seed,advanced_9_to_12.csv
tan,9,9-12,advanced_9_to_12,4879,1141,false,n,tier3_bnc_coca+bnc_coca_band_5k+grade_estimate_9+general_or_nonacademic,advanced,advanced,3.637,10.449,30.143,advanced_seed,advanced_9_to_12.csv
costume,9,9-12,advanced_9_to_12,3229,1139,false,n,tier3_bnc_coca+bnc_coca_band_4k+grade_estimate_9+general_or_nonacademic,advanced,advanced,1.836,10.448,30.142,advanced_seed,advanced_9_to_12.csv
flop,9,9-12,advanced_9_to_12,4350,1136,false,n,tier3_bnc_coca+bnc_coca_band_5k+grade_estimate_9+general_or_nonacademic,advanced,advanced,3.636,10.447,30.141,advanced_seed,advanced_9_to_12.csv
groan,9,9-12,advanced_9_to_12,4384,1136,false,v,tier3_bnc_coca+bnc_coca_band_5k+grade_estimate_9+general_or_nonacademic,advanced,advanced,2.636,10.947,30.141,advanced_seed,advanced_9_to_12.csv
briefed,9,9-12,advanced_9_to_12,3112,1135,false,n,tier3_bnc_coca+bnc_coca_band_4k+grade_estimate_9+general_or_nonacademic,advanced,advanced,1.835,10.447,30.141,advanced_seed,advanced_9_to_12.csv
rattle,9,9-12,advanced_9_to_12,3742,1135,false,n,tier3_bnc_coca+bnc_coca_band_4k+grade_estimate_9+general_or_nonacademic,advanced,advanced,2.635,10.947,30.141,advanced_seed,advanced_9_to_12.csv
arena,9,9-12,advanced_9_to_12,3047,1132,false,n,tier3_bnc_coca+bnc_coca_band_4k+grade_estimate_9+general_or_nonacademic,advanced,advanced,2.635,10.946,30.14,advanced_seed,advanced_9_to_12.csv
dale,9,9-12,advanced_9_to_12,4218,1132,false,n,tier3_bnc_coca+bnc_coca_band_5k+grade_estimate_9+general_or_nonacademic,advanced,advanced,3.635,10.446,30.14,advanced_seed,advanced_9_to_12.csv
humble,9,9-12,advanced_9_to_12,3483,1131,false,n,tier3_bnc_coca+bnc_coca_band_4k+grade_estimate_9+general_or_nonacademic,advanced,advanced,2.634,10.946,30.14,advanced_seed,advanced_9_to_12.csv
pier,9,9-12,advanced_9_to_12,4640,1128,false,n,tier3_bnc_coca+bnc_coca_band_5k+grade_estimate_9+general_or_nonacademic,advanced,advanced,3.634,10.445,30.139,advanced_seed,advanced_9_to_12.csv
tread,9,9-12,advanced_9_to_12,4917,1126,false,v,tier3_bnc_coca+bnc_coca_band_5k+grade_estimate_9+general_or_nonacademic,advanced,advanced,2.633,10.944,30.139,advanced_seed,advanced_9_to_12.csv
warrior,9,9-12,advanced_9_to_12,3988,1125,false,n,tier3_bnc_coca+bnc_coca_band_4k+grade_estimate_9+general_or_nonacademic,advanced,advanced,1.833,10.444,30.138,advanced_seed,advanced_9_to_12.csv
flap,9,9-12,advanced_9_to_12,3385,1124,false,n,tier3_bnc_coca+bnc_coca_band_4k+grade_estimate_9+general_or_nonacademic,advanced,advanced,3.633,10.444,30.138,advanced_seed,advanced_9_to_12.csv
pinch,9,9-12,advanced_9_to_12,3691,1124,false,v,tier3_bnc_coca+bnc_coca_band_4k+grade_estimate_9+general_or_nonacademic,advanced,advanced,2.633,10.944,30.138,advanced_seed,advanced_9_to_12.csv
bud,9,9-12,advanced_9_to_12,4105,1122,false,n,tier3_bnc_coca+bnc_coca_band_5k+grade_estimate_9+general_or_nonacademic,advanced,advanced,3.632,10.443,30.138,advanced_seed,advanced_9_to_12.csv
stool,9,9-12,advanced_9_to_12,4849,1122,false,n,tier3_bnc_coca+bnc_coca_band_5k+grade_estimate_9+general_or_nonacademic,advanced,advanced,2.632,10.943,30.138,advanced_seed,advanced_9_to_12.csv
lily,10,9-12,advanced_9_to_12,5533,1120,false,adv,tier3_bnc_coca+bnc_coca_band_6k+grade_estimate_10+general_or_nonacademic,advanced,advanced,3.632,10.442,30.137,advanced_seed,advanced_9_to_12.csv
bulb,9,9-12,advanced_9_to_12,3118,1119,false,n,tier3_bnc_coca+bnc_coca_band_4k+grade_estimate_9+general_or_nonacademic,advanced,advanced,3.632,10.442,30.137,advanced_seed,advanced_9_to_12.csv
fog,9,9-12,advanced_9_to_12,3396,1119,false,n,tier3_bnc_coca+bnc_coca_band_4k+grade_estimate_9+general_or_nonacademic,advanced,advanced,3.632,10.442,30.137,advanced_seed,advanced_9_to_12.csv
dwarf,9,9-12,advanced_9_to_12,4287,1119,false,v,tier3_bnc_coca+bnc_coca_band_5k+grade_estimate_9+general_or_nonacademic,advanced,advanced,2.632,10.942,30.137,advanced_seed,advanced_9_to_12.csv
cherry,9,9-12,advanced_9_to_12,4136,1118,false,n,tier3_bnc_coca+bnc_coca_band_5k+grade_estimate_9+general_or_nonacademic,advanced,advanced,2.631,10.942,30.137,advanced_seed,advanced_9_to_12.csv
flatter,9,9-12,advanced_9_to_12,4349,1117,false,v,tier3_bnc_coca+bnc_coca_band_5k+grade_estimate_9+general_or_nonacademic,advanced,advanced,1.831,10.442,30.136,advanced_seed,advanced_9_to_12.csv
corpse,9,9-12,advanced_9_to_12,4191,1116,false,n,tier3_bnc_coca+bnc_coca_band_5k+grade_estimate_9+general_or_nonacademic,advanced,advanced,2.631,10.941,30.136,advanced_seed,advanced_9_to_12.csv
torch,9,9-12,advanced_9_to_12,4907,1116,false,v,tier3_bnc_coca+bnc_coca_band_5k+grade_estimate_9+general_or_nonacademic,advanced,advanced,2.631,10.941,30.136,advanced_seed,advanced_9_to_12.csv
stroll,9,9-12,advanced_9_to_12,3877,1112,false,v,tier3_bnc_coca+bnc_coca_band_4k+grade_estimate_9+general_or_nonacademic,advanced,advanced,2.63,10.94,30.135,advanced_seed,advanced_9_to_12.csv
alley,9,9-12,advanced_9_to_12,3023,1111,false,n,tier3_bnc_coca+bnc_coca_band_4k+grade_estimate_9+general_or_nonacademic,advanced,advanced,2.63,10.94,30.135,advanced_seed,advanced_9_to_12.csv
invoke,9,9-12,advanced_9_to_12,3531,1111,false,n,tier3_bnc_coca+bnc_coca_band_4k+grade_estimate_9+general_or_nonacademic,advanced,advanced,2.63,10.94,30.135,advanced_seed,advanced_9_to_12.csv
revolt,9,9-12,advanced_9_to_12,4736,1110,false,v,tier3_bnc_coca+bnc_coca_band_5k+grade_estimate_9+general_or_nonacademic,advanced,advanced,2.63,10.939,30.134,advanced_seed,advanced_9_to_12.csv
feast,9,9-12,advanced_9_to_12,4340,1105,false,v,tier3_bnc_coca+bnc_coca_band_5k+grade_estimate_9+general_or_nonacademic,advanced,advanced,2.628,10.938,30.133,advanced_seed,advanced_9_to_12.csv
moan,9,9-12,advanced_9_to_12,4540,1104,false,v,tier3_bnc_coca+bnc_coca_band_5k+grade_estimate_9+general_or_nonacademic,advanced,advanced,3.628,10.438,30.133,advanced_seed,advanced_9_to_12.csv
dread,9,9-12,advanced_9_to_12,4277,1101,false,v,tier3_bnc_coca+bnc_coca_band_5k+grade_estimate_9+general_or_nonacademic,advanced,advanced,2.627,10.937,30.132,advanced_seed,advanced_9_to_12.csv
hiss,9,9-12,advanced_9_to_12,4412,1099,false,v,tier3_bnc_coca+bnc_coca_band_5k+grade_estimate_9+general_or_nonacademic,advanced,advanced,3.627,10.436,30.131,advanced_seed,advanced_9_to_12.csv
folly,10,9-12,advanced_9_to_12,5369,1099,false,adv,tier3_bnc_coca+bnc_coca_band_6k+grade_estimate_10+general_or_nonacademic,advanced,advanced,2.627,10.936,30.131,advanced_seed,advanced_9_to_12.csv
belly,9,9-12,advanced_9_to_12,3088,1098,false,adv,tier3_bnc_coca+bnc_coca_band_4k+grade_estimate_9+general_or_nonacademic,advanced,advanced,2.627,10.936,30.131,advanced_seed,advanced_9_to_12.csv
drip,9,9-12,advanced_9_to_12,3314,1098,false,n,tier3_bnc_coca+bnc_coca_band_4k+grade_estimate_9+general_or_nonacademic,advanced,advanced,3.627,10.436,30.131,advanced_seed,advanced_9_to_12.csv
genius,9,9-12,advanced_9_to_12,3425,1096,false,n,tier3_bnc_coca+bnc_coca_band_4k+grade_estimate_9+general_or_nonacademic,advanced,advanced,2.626,10.935,30.131,advanced_seed,advanced_9_to_12.csv
dart,9,9-12,advanced_9_to_12,4220,1096,false,v,tier3_bnc_coca+bnc_coca_band_5k+grade_estimate_9+general_or_nonacademic,advanced,advanced,3.626,10.435,30.131,advanced_seed,advanced_9_to_12.csv
fury,9,9-12,advanced_9_to_12,4364,1094,false,n,tier3_bnc_coca+bnc_coca_band_5k+grade_estimate_9+general_or_nonacademic,advanced,advanced,3.626,10.434,30.13,advanced_seed,advanced_9_to_12.csv
cult,9,9-12,advanced_9_to_12,3240,1092,false,n,tier3_bnc_coca+bnc_coca_band_4k+grade_estimate_9+general_or_nonacademic,advanced,advanced,3.625,10.434,30.13,advanced_seed,advanced_9_to_12.csv
chorus,9,9-12,advanced_9_to_12,4139,1092,false,v,tier3_bnc_coca+bnc_coca_band_5k+grade_estimate_9+general_or_nonacademic,advanced,advanced,2.625,10.934,30.13,advanced_seed,advanced_9_to_12.csv
choke,9,9-12,advanced_9_to_12,3163,1091,false,n,tier3_bnc_coca+bnc_coca_band_4k+grade_estimate_9+general_or_nonacademic,advanced,advanced,2.625,10.933,30.129,advanced_seed,advanced_9_to_12.csv
descent,9,9-12,advanced_9_to_12,4239,1089,false,n,tier3_bnc_coca+bnc_coca_band_5k+grade_estimate_9+general_or_nonacademic,advanced,advanced,1.825,10.433,30.129,advanced_seed,advanced_9_to_12.csv
drastic,9,9-12,advanced_9_to_12,4276,1088,false,adj,tier3_bnc_coca+bnc_coca_band_5k+grade_estimate_9+general_or_nonacademic,advanced,advanced,1.824,10.432,30.128,advanced_seed,advanced_9_to_12.csv
moss,10,9-12,advanced_9_to_12,5598,1088,false,n,tier3_bnc_coca+bnc_coca_band_6k+grade_estimate_10+general_or_nonacademic,advanced,advanced,3.624,10.432,30.128,advanced_seed,advanced_9_to_12.csv
jockey,9,9-12,advanced_9_to_12,4460,1087,false,v,tier3_bnc_coca+bnc_coca_band_5k+grade_estimate_9+general_or_nonacademic,advanced,advanced,2.624,10.932,30.128,advanced_seed,advanced_9_to_12.csv
mystic,9,9-12,advanced_9_to_12,4562,1087,false,adj,tier3_bnc_coca+bnc_coca_band_5k+grade_estimate_9+general_or_nonacademic,advanced,advanced,2.624,10.932,30.128,advanced_seed,advanced_9_to_12.csv
majesty,9,9-12,advanced_9_to_12,4500,1085,false,n,tier3_bnc_coca+bnc_coca_band_5k+grade_estimate_9+general_or_nonacademic,advanced,advanced,1.824,10.432,30.128,advanced_seed,advanced_9_to_12.csv
spider,9,9-12,advanced_9_to_12,4827,1084,false,n,tier3_bnc_coca+bnc_coca_band_5k+grade_estimate_9+general_or_nonacademic,advanced,advanced,2.623,10.931,30.127,advanced_seed,advanced_9_to_12.csv
drape,9,9-12,advanced_9_to_12,4275,1083,false,n,tier3_bnc_coca+bnc_coca_band_5k+grade_estimate_9+general_or_nonacademic,advanced,advanced,2.623,10.931,30.127,advanced_seed,advanced_9_to_12.csv
dairy,9,9-12,advanced_9_to_12,4217,1080,false,v,tier3_bnc_coca+bnc_coca_band_5k+grade_estimate_9+general_or_nonacademic,advanced,advanced,2.622,10.93,30.126,advanced_seed,advanced_9_to_12.csv
sadist,11,9-12,advanced_9_to_12,7770,282,false,n,tier3_bnc_coca+bnc_coca_band_8k+grade_estimate_11+general_or_nonacademic,advanced,advanced,2.279,8.972,30.126,advanced_seed,advanced_9_to_12.csv
appropriable,11,9-12,advanced_9_to_12,7049,11,false,adj,tier3_bnc_coca+bnc_coca_band_8k+grade_estimate_11+general_or_nonacademic,advanced,advanced,0.793,7.558,30.126,advanced_seed,advanced_9_to_12.csv
asylum,9,9-12,advanced_9_to_12,4060,1076,false,n,tier3_bnc_coca+bnc_coca_band_5k+grade_estimate_9+general_or_nonacademic,advanced,advanced,2.621,10.929,30.125,advanced_seed,advanced_9_to_12.csv
greed,9,9-12,advanced_9_to_12,3444,1075,false,n,tier3_bnc_coca+bnc_coca_band_4k+grade_estimate_9+general_or_nonacademic,advanced,advanced,2.621,10.928,30.125,advanced_seed,advanced_9_to_12.csv
sow,9,9-12,advanced_9_to_12,4822,1074,false,v,tier3_bnc_coca+bnc_coca_band_5k+grade_estimate_9+general_or_nonacademic,advanced,advanced,3.621,10.428,30.125,advanced_seed,advanced_9_to_12.csv
bladder,10,9-12,advanced_9_to_12,5090,1072,false,n,tier3_bnc_coca+bnc_coca_band_6k+grade_estimate_10+general_or_nonacademic,advanced,advanced,1.821,10.427,30.124,advanced_seed,advanced_9_to_12.csv
gypsy,10,9-12,advanced_9_to_12,5419,1072,false,n,tier3_bnc_coca+bnc_coca_band_6k+grade_estimate_10+general_or_nonacademic,advanced,advanced,2.621,10.927,30.124,advanced_seed,advanced_9_to_12.csv
lick,9,9-12,advanced_9_to_12,3562,1070,false,v,tier3_bnc_coca+bnc_coca_band_4k+grade_estimate_9+general_or_nonacademic,advanced,advanced,3.62,10.427,30.123,advanced_seed,advanced_9_to_12.csv
amid,9,9-12,advanced_9_to_12,3033,1069,false,prep,tier3_bnc_coca+bnc_coca_band_4k+grade_estimate_9+general_or_nonacademic,advanced,advanced,3.62,10.426,30.123,advanced_seed,advanced_9_to_12.csv
sofa,9,9-12,advanced_9_to_12,4814,1069,false,n,tier3_bnc_coca+bnc_coca_band_5k+grade_estimate_9+general_or_nonacademic,advanced,advanced,3.62,10.426,30.123,advanced_seed,advanced_9_to_12.csv
dome,9,9-12,advanced_9_to_12,3311,1067,false,n,tier3_bnc_coca+bnc_coca_band_4k+grade_estimate_9+general_or_nonacademic,advanced,advanced,3.619,10.426,30.123,advanced_seed,advanced_9_to_12.csv
rocket,9,9-12,advanced_9_to_12,3773,1067,false,v,tier3_bnc_coca+bnc_coca_band_4k+grade_estimate_9+general_or_nonacademic,advanced,advanced,2.619,10.926,30.123,advanced_seed,advanced_9_to_12.csv
blunt,9,9-12,advanced_9_to_12,4090,1066,false,v,tier3_bnc_coca+bnc_coca_band_5k+grade_estimate_9+general_or_nonacademic,advanced,advanced,2.619,10.925,30.122,advanced_seed,advanced_9_to_12.csv
pillar,9,9-12,advanced_9_to_12,4643,1066,false,v,tier3_bnc_coca+bnc_coca_band_5k+grade_estimate_9+general_or_nonacademic,advanced,advanced,2.619,10.925,30.122,advanced_seed,advanced_9_to_12.csv
void,9,9-12,advanced_9_to_12,4969,1066,false,v,tier3_bnc_coca+bnc_coca_band_5k+grade_estimate_9+general_or_nonacademic,advanced,advanced,3.619,10.425,30.122,advanced_seed,advanced_9_to_12.csv
dissent,9,9-12,advanced_9_to_12,4264,1065,false,v,tier3_bnc_coca+bnc_coca_band_5k+grade_estimate_9+general_or_nonacademic,advanced,advanced,1.819,10.425,30.122,advanced_seed,advanced_9_to_12.csv
liaison,9,9-12,advanced_9_to_12,4483,1065,false,n,tier3_bnc_coca+bnc_coca_band_5k+grade_estimate_9+general_or_nonacademic,advanced,advanced,1.819,10.425,30.122,advanced_seed,advanced_9_to_12.csv
squat,9,9-12,advanced_9_to_12,4836,1065,false,n,tier3_bnc_coca+bnc_coca_band_5k+grade_estimate_9+general_or_nonacademic,advanced,advanced,2.619,10.925,30.122,advanced_seed,advanced_9_to_12.csv
sway,9,9-12,advanced_9_to_12,4868,1064,false,v,tier3_bnc_coca+bnc_coca_band_5k+grade_estimate_9+general_or_nonacademic,advanced,advanced,3.619,10.425,30.122,advanced_seed,advanced_9_to_12.csv
shrine,9,9-12,advanced_9_to_12,4781,1059,false,n,tier3_bnc_coca+bnc_coca_band_5k+grade_estimate_9+general_or_nonacademic,advanced,advanced,2.617,10.923,30.12,advanced_seed,advanced_9_to_12.csv
hatred,9,9-12,advanced_9_to_12,4398,1058,false,n,tier3_bnc_coca+bnc_coca_band_5k+grade_estimate_9+general_or_nonacademic,advanced,advanced,2.617,10.923,30.12,advanced_seed,advanced_9_to_12.csv
quarrel,9,9-12,advanced_9_to_12,4689,1058,false,v,tier3_bnc_coca+bnc_coca_band_5k+grade_estimate_9+general_or_nonacademic,advanced,advanced,1.817,10.423,30.12,advanced_seed,advanced_9_to_12.csv
spiral,9,9-12,advanced_9_to_12,4828,1058,false,adj,tier3_bnc_coca+bnc_coca_band_5k+grade_estimate_9+general_or_nonacademic,advanced,advanced,2.617,10.923,30.12,advanced_seed,advanced_9_to_12.csv
regress,9,9-12,advanced_9_to_12,3753,1056,false,v,tier3_bnc_coca+bnc_coca_band_4k+grade_estimate_9+general_or_nonacademic,advanced,advanced,1.817,10.422,30.119,advanced_seed,advanced_9_to_12.csv
doom,9,9-12,advanced_9_to_12,4274,1055,false,v,tier3_bnc_coca+bnc_coca_band_5k+grade_estimate_9+general_or_nonacademic,advanced,advanced,3.616,10.422,30.119,advanced_seed,advanced_9_to_12.csv
rust,9,9-12,advanced_9_to_12,4751,1055,false,v,tier3_bnc_coca+bnc_coca_band_5k+grade_estimate_9+general_or_nonacademic,advanced,advanced,3.616,10.422,30.119,advanced_seed,advanced_9_to_12.csv
spice,9,9-12,advanced_9_to_12,3844,1054,false,n,tier3_bnc_coca+bnc_coca_band_4k+grade_estimate_9+general_or_nonacademic,advanced,advanced,2.616,10.922,30.119,advanced_seed,advanced_9_to_12.csv
conquer,9,9-12,advanced_9_to_12,4183,1054,false,v,tier3_bnc_coca+bnc_coca_band_5k+grade_estimate_9+general_or_nonacademic,advanced,advanced,1.816,10.422,30.119,advanced_seed,advanced_9_to_12.csv
linger,9,9-12,advanced_9_to_12,3567,1053,false,v,tier3_bnc_coca+bnc_coca_band_4k+grade_estimate_9+general_or_nonacademic,advanced,advanced,2.616,10.921,30.119,advanced_seed,advanced_9_to_12.csv
vacuum,9,9-12,advanced_9_to_12,4947,1053,false,v,tier3_bnc_coca+bnc_coca_band_5k+grade_estimate_9+general_or_nonacademic,advanced,advanced,2.616,10.921,30.119,advanced_seed,advanced_9_to_12.csv
pillow,9,9-12,advanced_9_to_12,3690,1052,false,n,tier3_bnc_coca+bnc_coca_band_4k+grade_estimate_9+general_or_nonacademic,advanced,advanced,2.616,10.921,30.118,advanced_seed,advanced_9_to_12.csv
harass,9,9-12,advanced_9_to_12,3459,1051,false,v,tier3_bnc_coca+bnc_coca_band_4k+grade_estimate_9+general_or_nonacademic,advanced,advanced,2.615,10.921,30.118,advanced_seed,advanced_9_to_12.csv
coral,9,9-12,advanced_9_to_12,4190,1051,false,adj,tier3_bnc_coca+bnc_coca_band_5k+grade_estimate_9+general_or_nonacademic,advanced,advanced,2.615,10.921,30.118,advanced_seed,advanced_9_to_12.csv
revenge,9,9-12,advanced_9_to_12,4734,1050,false,n,tier3_bnc_coca+bnc_coca_band_5k+grade_estimate_9+general_or_nonacademic,advanced,advanced,1.815,10.42,30.118,advanced_seed,advanced_9_to_12.csv
ink,9,9-12,advanced_9_to_12,3515,1044,false,v,tier3_bnc_coca+bnc_coca_band_4k+grade_estimate_9+general_or_nonacademic,advanced,advanced,3.614,10.418,30.116,advanced_seed,advanced_9_to_12.csv
bleak,9,9-12,advanced_9_to_12,4086,1043,false,adj,tier3_bnc_coca+bnc_coca_band_5k+grade_estimate_9+general_or_nonacademic,advanced,advanced,2.613,10.918,30.116,advanced_seed,advanced_9_to_12.csv
ratify,9,9-12,advanced_9_to_12,4700,1041,false,v,tier3_bnc_coca+bnc_coca_band_5k+grade_estimate_9+general_or_nonacademic,advanced,advanced,2.613,10.917,30.115,advanced_seed,advanced_9_to_12.csv
burrow,10,9-12,advanced_9_to_12,5126,1041,false,v,tier3_bnc_coca+bnc_coca_band_6k+grade_estimate_10+general_or_nonacademic,advanced,advanced,2.613,10.917,30.115,advanced_seed,advanced_9_to_12.csv
odour,9,9-12,advanced_9_to_12,3641,1040,false,n,tier3_bnc_coca+bnc_coca_band_4k+grade_estimate_9+general_or_nonacademic,advanced,advanced,2.613,10.917,30.115,advanced_seed,advanced_9_to_12.csv
guild,9,9-12,advanced_9_to_12,4389,1037,false,n,tier3_bnc_coca+bnc_coca_band_5k+grade_estimate_9+general_or_nonacademic,advanced,advanced,2.612,10.916,30.114,advanced_seed,advanced_9_to_12.csv
menace,9,9-12,advanced_9_to_12,4525,1037,false,n,tier3_bnc_coca+bnc_coca_band_5k+grade_estimate_9+general_or_nonacademic,advanced,advanced,2.612,10.916,30.114,advanced_seed,advanced_9_to_12.csv
blur,9,9-12,advanced_9_to_12,3098,1036,false,n,tier3_bnc_coca+bnc_coca_band_4k+grade_estimate_9+general_or_nonacademic,advanced,advanced,3.612,10.416,30.114,advanced_seed,advanced_9_to_12.csv
poke,9,9-12,advanced_9_to_12,3700,1035,false,n,tier3_bnc_coca+bnc_coca_band_4k+grade_estimate_9+general_or_nonacademic,advanced,advanced,3.611,10.415,30.113,advanced_seed,advanced_9_to_12.csv
diocese,9,9-12,advanced_9_to_12,4250,1034,false,n,tier3_bnc_coca+bnc_coca_band_5k+grade_estimate_9+general_or_nonacademic,advanced,advanced,1.811,10.415,30.113,advanced_seed,advanced_9_to_12.csv
spike,9,9-12,advanced_9_to_12,3845,1032,false,n,tier3_bnc_coca+bnc_coca_band_4k+grade_estimate_9+general_or_nonacademic,advanced,advanced,2.611,10.914,30.113,advanced_seed,advanced_9_to_12.csv
grease,9,9-12,advanced_9_to_12,3443,1031,false,n,tier3_bnc_coca+bnc_coca_band_4k+grade_estimate_9+general_or_nonacademic,advanced,advanced,2.61,10.914,30.112,advanced_seed,advanced_9_to_12.csv
nun,9,9-12,advanced_9_to_12,4580,1031,false,n,tier3_bnc_coca+bnc_coca_band_5k+grade_estimate_9+general_or_nonacademic,advanced,advanced,3.61,10.414,30.112,advanced_seed,advanced_9_to_12.csv
shear,10,9-12,advanced_9_to_12,5825,1031,false,v,tier3_bnc_coca+bnc_coca_band_6k+grade_estimate_10+general_or_nonacademic,advanced,advanced,2.61,10.914,30.112,advanced_seed,advanced_9_to_12.csv
bathe,9,9-12,advanced_9_to_12,3082,1030,false,n,tier3_bnc_coca+bnc_coca_band_4k+grade_estimate_9+general_or_nonacademic,advanced,advanced,2.61,10.914,30.112,advanced_seed,advanced_9_to_12.csv
kneel,9,9-12,advanced_9_to_12,3546,1029,false,v,tier3_bnc_coca+bnc_coca_band_4k+grade_estimate_9+general_or_nonacademic,advanced,advanced,2.61,10.913,30.112,advanced_seed,advanced_9_to_12.csv
morale,9,9-12,advanced_9_to_12,4547,1028,false,n,tier3_bnc_coca+bnc_coca_band_5k+grade_estimate_9+general_or_nonacademic,advanced,advanced,2.61,10.913,30.111,advanced_seed,advanced_9_to_12.csv
tilt,9,9-12,advanced_9_to_12,3927,1027,false,v,tier3_bnc_coca+bnc_coca_band_4k+grade_estimate_9+general_or_nonacademic,advanced,advanced,3.609,10.413,30.111,advanced_seed,advanced_9_to_12.csv
laity,11,9-12,advanced_9_to_12,8503,268,false,n,tier3_bnc_coca+bnc_coca_band_9k+grade_estimate_11+general_or_nonacademic,advanced,advanced,2.266,8.955,30.111,advanced_seed,advanced_9_to_12.csv
tier,10,9-12,advanced_9_to_12,5916,1026,false,v,tier3_bnc_coca+bnc_coca_band_6k+grade_estimate_10+general_or_nonacademic,advanced,advanced,3.609,10.412,30.111,advanced_seed,advanced_9_to_12.csv
toll,9,9-12,advanced_9_to_12,4905,1025,false,n,tier3_bnc_coca+bnc_coca_band_5k+grade_estimate_9+general_or_nonacademic,advanced,advanced,3.609,10.412,30.11,advanced_seed,advanced_9_to_12.csv
cargo,9,9-12,advanced_9_to_12,3140,1020,false,n,tier3_bnc_coca+bnc_coca_band_4k+grade_estimate_9+general_or_nonacademic,advanced,advanced,2.608,10.91,30.109,advanced_seed,advanced_9_to_12.csv
civic,9,9-12,advanced_9_to_12,3169,1019,false,adj,tier3_bnc_coca+bnc_coca_band_4k+grade_estimate_9+general_or_nonacademic,advanced,advanced,2.607,10.91,30.109,advanced_seed,advanced_9_to_12.csv
potent,9,9-12,advanced_9_to_12,4664,1019,false,adj,tier3_bnc_coca+bnc_coca_band_5k+grade_estimate_9+general_or_nonacademic,advanced,advanced,2.607,10.91,30.109,advanced_seed,advanced_9_to_12.csv
grove,9,9-12,advanced_9_to_12,4386,1018,false,n,tier3_bnc_coca+bnc_coca_band_5k+grade_estimate_9+general_or_nonacademic,advanced,advanced,2.607,10.91,30.108,advanced_seed,advanced_9_to_12.csv
flaw,9,9-12,advanced_9_to_12,3386,1017,false,v,tier3_bnc_coca+bnc_coca_band_4k+grade_estimate_9+general_or_nonacademic,advanced,advanced,3.607,10.409,30.108,advanced_seed,advanced_9_to_12.csv
crusade,9,9-12,advanced_9_to_12,4208,1014,false,n,tier3_bnc_coca+bnc_coca_band_5k+grade_estimate_9+general_or_nonacademic,advanced,advanced,1.806,10.408,30.107,advanced_seed,advanced_9_to_12.csv
stark,9,9-12,advanced_9_to_12,4839,1014,false,adj,tier3_bnc_coca+bnc_coca_band_5k+grade_estimate_9+general_or_nonacademic,advanced,advanced,2.606,10.908,30.107,advanced_seed,advanced_9_to_12.csv
sulphur,9,9-12,advanced_9_to_12,4859,1014,false,n,tier3_bnc_coca+bnc_coca_band_5k+grade_estimate_9+general_or_nonacademic,advanced,advanced,1.806,10.408,30.107,advanced_seed,advanced_9_to_12.csv
velvet,9,9-12,advanced_9_to_12,4953,1014,false,n,tier3_bnc_coca+bnc_coca_band_5k+grade_estimate_9+general_or_nonacademic,advanced,advanced,2.606,10.908,30.107,advanced_seed,advanced_9_to_12.csv
eldest,10,9-12,advanced_9_to_12,5300,1013,false,n,tier3_bnc_coca+bnc_coca_band_6k+grade_estimate_10+general_or_nonacademic,advanced,advanced,2.606,10.908,30.107,advanced_seed,advanced_9_to_12.csv
ample,9,9-12,advanced_9_to_12,4026,1012,false,n,tier3_bnc_coca+bnc_coca_band_5k+grade_estimate_9+general_or_nonacademic,advanced,advanced,2.606,10.908,30.107,advanced_seed,advanced_9_to_12.csv
crouch,9,9-12,advanced_9_to_12,4206,1012,false,v,tier3_bnc_coca+bnc_coca_band_5k+grade_estimate_9+general_or_nonacademic,advanced,advanced,2.606,10.908,30.107,advanced_seed,advanced_9_to_12.csv
lash,9,9-12,advanced_9_to_12,4475,1012,false,v,tier3_bnc_coca+bnc_coca_band_5k+grade_estimate_9+general_or_nonacademic,advanced,advanced,3.606,10.408,30.107,advanced_seed,advanced_9_to_12.csv
hail,9,9-12,advanced_9_to_12,4393,1010,false,v,tier3_bnc_coca+bnc_coca_band_5k+grade_estimate_9+general_or_nonacademic,advanced,advanced,3.605,10.407,30.106,advanced_seed,advanced_9_to_12.csv
flora,10,9-12,advanced_9_to_12,5359,1010,false,n,tier3_bnc_coca+bnc_coca_band_6k+grade_estimate_10+general_or_nonacademic,advanced,advanced,2.605,10.907,30.106,advanced_seed,advanced_9_to_12.csv
tenuous,11,9-12,advanced_9_to_12,7902,263,false,adj,tier3_bnc_coca+bnc_coca_band_8k+grade_estimate_11+general_or_nonacademic,advanced,advanced,1.462,8.449,30.105,advanced_seed,advanced_9_to_12.csv
witch,9,9-12,advanced_9_to_12,4992,1005,false,v,tier3_bnc_coca+bnc_coca_band_5k+grade_estimate_9+general_or_nonacademic,advanced,advanced,2.604,10.905,30.105,advanced_seed,advanced_9_to_12.csv
puff,9,9-12,advanced_9_to_12,4682,1003,false,v,tier3_bnc_coca+bnc_coca_band_5k+grade_estimate_9+general_or_nonacademic,advanced,advanced,3.603,10.404,30.104,advanced_seed,advanced_9_to_12.csv
bead,9,9-12,advanced_9_to_12,3084,1002,false,v,tier3_bnc_coca+bnc_coca_band_4k+grade_estimate_9+general_or_nonacademic,advanced,advanced,3.603,10.404,30.104,advanced_seed,advanced_9_to_12.csv
helmet,9,9-12,advanced_9_to_12,3469,1001,false,v,tier3_bnc_coca+bnc_coca_band_4k+grade_estimate_9+general_or_nonacademic,advanced,advanced,2.603,10.904,30.103,advanced_seed,advanced_9_to_12.csv
disco,10,9-12,advanced_9_to_12,5270,1001,false,n,tier3_bnc_coca+bnc_coca_band_6k+grade_estimate_10+general_or_nonacademic,advanced,advanced,2.603,10.904,30.103,advanced_seed,advanced_9_to_12.csv
chimney,9,9-12,advanced_9_to_12,4137,998,false,n,tier3_bnc_coca+bnc_coca_band_5k+grade_estimate_9+general_or_nonacademic,advanced,advanced,1.802,10.403,30.102,advanced_seed,advanced_9_to_12.csv
coil,9,9-12,advanced_9_to_12,4160,995,false,v,tier3_bnc_coca+bnc_coca_band_5k+grade_estimate_9+general_or_nonacademic,advanced,advanced,3.601,10.402,30.102,advanced_seed,advanced_9_to_12.csv
ripe,9,9-12,advanced_9_to_12,4742,995,false,adj,tier3_bnc_coca+bnc_coca_band_5k+grade_estimate_9+general_or_nonacademic,advanced,advanced,3.601,10.402,30.102,advanced_seed,advanced_9_to_12.csv
diploma,10,9-12,advanced_9_to_12,5267,995,false,n,tier3_bnc_coca+bnc_coca_band_6k+grade_estimate_10+general_or_nonacademic,advanced,advanced,1.801,10.402,30.102,advanced_seed,advanced_9_to_12.csv
stalk,9,9-12,advanced_9_to_12,4838,994,false,v,tier3_bnc_coca+bnc_coca_band_5k+grade_estimate_9+general_or_nonacademic,advanced,advanced,2.601,10.901,30.101,advanced_seed,advanced_9_to_12.csv
warden,10,9-12,advanced_9_to_12,5974,994,false,v,tier3_bnc_coca+bnc_coca_band_6k+grade_estimate_10+general_or_nonacademic,advanced,advanced,2.601,10.901,30.101,advanced_seed,advanced_9_to_12.csv
buffer,9,9-12,advanced_9_to_12,4106,992,false,v,tier3_bnc_coca+bnc_coca_band_5k+grade_estimate_9+general_or_nonacademic,advanced,advanced,2.601,10.901,30.101,advanced_seed,advanced_9_to_12.csv
linen,9,9-12,advanced_9_to_12,4487,992,false,v,tier3_bnc_coca+bnc_coca_band_5k+grade_estimate_9+general_or_nonacademic,advanced,advanced,2.601,10.901,30.101,advanced_seed,advanced_9_to_12.csv
biopsy,10,9-12,advanced_9_to_12,5089,991,false,n,tier3_bnc_coca+bnc_coca_band_6k+grade_estimate_10+general_or_nonacademic,advanced,advanced,2.6,10.9,30.1,advanced_seed,advanced_9_to_12.csv
plasma,9,9-12,advanced_9_to_12,4652,989,false,n,tier3_bnc_coca+bnc_coca_band_5k+grade_estimate_9+general_or_nonacademic,advanced,advanced,2.6,10.9,30.1,advanced_seed,advanced_9_to_12.csv
claw,9,9-12,advanced_9_to_12,4148,988,false,v,tier3_bnc_coca+bnc_coca_band_5k+grade_estimate_9+general_or_nonacademic,advanced,advanced,3.599,10.399,30.099,advanced_seed,advanced_9_to_12.csv
socket,9,9-12,advanced_9_to_12,4813,988,false,n,tier3_bnc_coca+bnc_coca_band_5k+grade_estimate_9+general_or_nonacademic,advanced,advanced,2.599,10.899,30.099,advanced_seed,advanced_9_to_12.csv
shudder,9,9-12,advanced_9_to_12,4783,987,false,v,tier3_bnc_coca+bnc_coca_band_5k+grade_estimate_9+general_or_nonacademic,advanced,advanced,1.799,10.399,30.099,advanced_seed,advanced_9_to_12.csv
outset,9,9-12,advanced_9_to_12,4593,986,false,n,tier3_bnc_coca+bnc_coca_band_5k+grade_estimate_9+general_or_nonacademic,advanced,advanced,2.599,10.899,30.099,advanced_seed,advanced_9_to_12.csv
dial,9,9-12,advanced_9_to_12,3280,985,false,v,tier3_bnc_coca+bnc_coca_band_4k+grade_estimate_9+general_or_nonacademic,advanced,advanced,3.599,10.398,30.098,advanced_seed,advanced_9_to_12.csv
groom,9,9-12,advanced_9_to_12,4385,985,false,v,tier3_bnc_coca+bnc_coca_band_5k+grade_estimate_9+general_or_nonacademic,advanced,advanced,2.599,10.898,30.098,advanced_seed,advanced_9_to_12.csv
bully,9,9-12,advanced_9_to_12,3122,984,false,adv,tier3_bnc_coca+bnc_coca_band_4k+grade_estimate_9+general_or_nonacademic,advanced,advanced,2.598,10.898,30.098,advanced_seed,advanced_9_to_12.csv
chuck,9,9-12,advanced_9_to_12,4140,984,false,v,tier3_bnc_coca+bnc_coca_band_5k+grade_estimate_9+general_or_nonacademic,advanced,advanced,2.598,10.898,30.098,advanced_seed,advanced_9_to_12.csv
holly,9,9-12,advanced_9_to_12,4414,984,false,adv,tier3_bnc_coca+bnc_coca_band_5k+grade_estimate_9+general_or_nonacademic,advanced,advanced,2.598,10.898,30.098,advanced_seed,advanced_9_to_12.csv
hectare,10,9-12,advanced_9_to_12,5426,983,false,n,tier3_bnc_coca+bnc_coca_band_6k+grade_estimate_10+general_or_nonacademic,advanced,advanced,1.798,10.398,30.098,advanced_seed,advanced_9_to_12.csv
notify,9,9-12,advanced_9_to_12,4573,982,false,v,tier3_bnc_coca+bnc_coca_band_5k+grade_estimate_9+general_or_nonacademic,advanced,advanced,2.598,10.897,30.098,advanced_seed,advanced_9_to_12.csv
kite,10,9-12,advanced_9_to_12,5520,982,false,n,tier3_bnc_coca+bnc_coca_band_6k+grade_estimate_10+general_or_nonacademic,advanced,advanced,3.598,10.397,30.098,advanced_seed,advanced_9_to_12.csv
alps,10,9-12,advanced_9_to_12,5031,979,false,n,tier3_bnc_coca+bnc_coca_band_6k+grade_estimate_10+general_or_nonacademic,advanced,advanced,3.597,10.396,30.097,advanced_seed,advanced_9_to_12.csv
commend,9,9-12,advanced_9_to_12,4166,978,false,v,tier3_bnc_coca+bnc_coca_band_5k+grade_estimate_9+general_or_nonacademic,advanced,advanced,1.797,10.396,30.096,advanced_seed,advanced_9_to_12.csv
vacate,11,9-12,advanced_9_to_12,7955,255,false,v,tier3_bnc_coca+bnc_coca_band_8k+grade_estimate_11+general_or_nonacademic,advanced,advanced,2.254,8.939,30.096,advanced_seed,advanced_9_to_12.csv
lining,9,9-12,advanced_9_to_12,4488,977,false,n,tier3_bnc_coca+bnc_coca_band_5k+grade_estimate_9+general_or_nonacademic,advanced,advanced,2.597,10.895,30.096,advanced_seed,advanced_9_to_12.csv
sour,9,9-12,advanced_9_to_12,4821,976,false,v,tier3_bnc_coca+bnc_coca_band_5k+grade_estimate_9+general_or_nonacademic,advanced,advanced,3.596,10.395,30.096,advanced_seed,advanced_9_to_12.csv
scrub,9,9-12,advanced_9_to_12,4763,974,false,n,tier3_bnc_coca+bnc_coca_band_5k+grade_estimate_9+general_or_nonacademic,advanced,advanced,2.596,10.894,30.095,advanced_seed,advanced_9_to_12.csv
esteem,10,9-12,advanced_9_to_12,5320,974,false,v,tier3_bnc_coca+bnc_coca_band_6k+grade_estimate_10+general_or_nonacademic,advanced,advanced,2.596,10.894,30.095,advanced_seed,advanced_9_to_12.csv
brisk,9,9-12,advanced_9_to_12,4101,973,false,adj,tier3_bnc_coca+bnc_coca_band_5k+grade_estimate_9+general_or_nonacademic,advanced,advanced,2.596,10.894,30.095,advanced_seed,advanced_9_to_12.csv
recite,9,9-12,advanced_9_to_12,4704,972,false,n,tier3_bnc_coca+bnc_coca_band_5k+grade_estimate_9+general_or_nonacademic,advanced,advanced,2.595,10.894,30.094,advanced_seed,advanced_9_to_12.csv
altar,9,9-12,advanced_9_to_12,4021,971,false,n,tier3_bnc_coca+bnc_coca_band_5k+grade_estimate_9+general_or_nonacademic,advanced,advanced,2.595,10.893,30.094,advanced_seed,advanced_9_to_12.csv
crane,9,9-12,advanced_9_to_12,4200,970,false,n,tier3_bnc_coca+bnc_coca_band_5k+grade_estimate_9+general_or_nonacademic,advanced,advanced,2.595,10.893,30.094,advanced_seed,advanced_9_to_12.csv
fasten,9,9-12,advanced_9_to_12,4337,969,false,v,tier3_bnc_coca+bnc_coca_band_5k+grade_estimate_9+general_or_nonacademic,advanced,advanced,2.594,10.893,30.094,advanced_seed,advanced_9_to_12.csv
bypass,9,9-12,advanced_9_to_12,4113,967,false,v,tier3_bnc_coca+bnc_coca_band_5k+grade_estimate_9+general_or_nonacademic,advanced,advanced,2.594,10.892,30.093,advanced_seed,advanced_9_to_12.csv
diffuse,9,9-12,advanced_9_to_12,4247,966,false,n,tier3_bnc_coca+bnc_coca_band_5k+grade_estimate_9+general_or_nonacademic,advanced,advanced,1.794,10.392,30.093,advanced_seed,advanced_9_to_12.csv
vow,9,9-12,advanced_9_to_12,4973,962,false,v,tier3_bnc_coca+bnc_coca_band_5k+grade_estimate_9+general_or_nonacademic,advanced,advanced,3.593,10.39,30.091,advanced_seed,advanced_9_to_12.csv
admiral,10,9-12,advanced_9_to_12,5013,960,false,adj,tier3_bnc_coca+bnc_coca_band_6k+grade_estimate_10+general_or_nonacademic,advanced,advanced,1.792,10.389,30.091,advanced_seed,advanced_9_to_12.csv
pigeon,9,9-12,advanced_9_to_12,4642,957,false,n,tier3_bnc_coca+bnc_coca_band_5k+grade_estimate_9+general_or_nonacademic,advanced,advanced,2.591,10.888,30.09,advanced_seed,advanced_9_to_12.csv
shrub,9,9-12,advanced_9_to_12,4782,957,false,n,tier3_bnc_coca+bnc_coca_band_5k+grade_estimate_9+general_or_nonacademic,advanced,advanced,2.591,10.888,30.09,advanced_seed,advanced_9_to_12.csv
devalue,10,9-12,advanced_9_to_12,5259,956,false,n,tier3_bnc_coca+bnc_coca_band_6k+grade_estimate_10+general_or_nonacademic,advanced,advanced,1.791,10.388,30.089,advanced_seed,advanced_9_to_12.csv
callous,11,9-12,advanced_9_to_12,8122,249,false,adj,tier3_bnc_coca+bnc_coca_band_9k+grade_estimate_11+general_or_nonacademic,advanced,advanced,1.448,8.431,30.089,advanced_seed,advanced_9_to_12.csv
expire,9,9-12,advanced_9_to_12,4329,955,false,n,tier3_bnc_coca+bnc_coca_band_5k+grade_estimate_9+general_or_nonacademic,advanced,advanced,2.591,10.888,30.089,advanced_seed,advanced_9_to_12.csv
median,9,9-12,advanced_9_to_12,4518,954,false,n,tier3_bnc_coca+bnc_coca_band_5k+grade_estimate_9+general_or_nonacademic,advanced,advanced,2.59,10.887,30.089,advanced_seed,advanced_9_to_12.csv
vine,9,9-12,advanced_9_to_12,4963,954,false,n,tier3_bnc_coca+bnc_coca_band_5k+grade_estimate_9+general_or_nonacademic,advanced,advanced,3.59,10.387,30.089,advanced_seed,advanced_9_to_12.csv
eternal,9,9-12,advanced_9_to_12,4323,952,false,adj,tier3_bnc_coca+bnc_coca_band_5k+grade_estimate_9+general_or_nonacademic,advanced,advanced,1.79,10.387,30.088,advanced_seed,advanced_9_to_12.csv
filth,9,9-12,advanced_9_to_12,4344,952,false,n,tier3_bnc_coca+bnc_coca_band_5k+grade_estimate_9+general_or_nonacademic,advanced,advanced,2.59,10.887,30.088,advanced_seed,advanced_9_to_12.csv
tomb,9,9-12,advanced_9_to_12,4906,952,false,v,tier3_bnc_coca+bnc_coca_band_5k+grade_estimate_9+general_or_nonacademic,advanced,advanced,3.59,10.387,30.088,advanced_seed,advanced_9_to_12.csv
plague,9,9-12,advanced_9_to_12,3693,951,false,n,tier3_bnc_coca+bnc_coca_band_4k+grade_estimate_9+general_or_nonacademic,advanced,advanced,2.59,10.886,30.088,advanced_seed,advanced_9_to_12.csv
heroin,9,9-12,advanced_9_to_12,4406,951,false,n,tier3_bnc_coca+bnc_coca_band_5k+grade_estimate_9+general_or_nonacademic,advanced,advanced,2.59,10.886,30.088,advanced_seed,advanced_9_to_12.csv
streak,9,9-12,advanced_9_to_12,3874,949,false,v,tier3_bnc_coca+bnc_coca_band_4k+grade_estimate_9+general_or_nonacademic,advanced,advanced,2.589,10.885,30.087,advanced_seed,advanced_9_to_12.csv
embryo,9,9-12,advanced_9_to_12,4305,949,false,n,tier3_bnc_coca+bnc_coca_band_5k+grade_estimate_9+general_or_nonacademic,advanced,advanced,2.589,10.885,30.087,advanced_seed,advanced_9_to_12.csv
aboard,9,9-12,advanced_9_to_12,3002,948,false,prep,tier3_bnc_coca+bnc_coca_band_4k+grade_estimate_9+general_or_nonacademic,advanced,advanced,2.589,10.885,30.087,advanced_seed,advanced_9_to_12.csv
arduous,11,9-12,advanced_9_to_12,7052,247,false,adj,tier3_bnc_coca+bnc_coca_band_8k+grade_estimate_11+general_or_nonacademic,advanced,advanced,1.446,8.428,30.087,advanced_seed,advanced_9_to_12.csv
deer,9,9-12,advanced_9_to_12,3254,946,false,n,tier3_bnc_coca+bnc_coca_band_4k+grade_estimate_9+general_or_nonacademic,advanced,advanced,3.588,10.384,30.086,advanced_seed,advanced_9_to_12.csv
enrich,9,9-12,advanced_9_to_12,3341,945,false,v,tier3_bnc_coca+bnc_coca_band_4k+grade_estimate_9+general_or_nonacademic,advanced,advanced,2.588,10.884,30.086,advanced_seed,advanced_9_to_12.csv
grind,9,9-12,advanced_9_to_12,3450,945,false,v,tier3_bnc_coca+bnc_coca_band_4k+grade_estimate_9+general_or_nonacademic,advanced,advanced,2.588,10.884,30.086,advanced_seed,advanced_9_to_12.csv
frantic,9,9-12,advanced_9_to_12,4360,945,false,adj,tier3_bnc_coca+bnc_coca_band_5k+grade_estimate_9+general_or_nonacademic,advanced,advanced,1.788,10.384,30.086,advanced_seed,advanced_9_to_12.csv
apt,9,9-12,advanced_9_to_12,4048,941,false,adj,tier3_bnc_coca+bnc_coca_band_5k+grade_estimate_9+general_or_nonacademic,advanced,advanced,3.587,10.383,30.085,advanced_seed,advanced_9_to_12.csv
lotion,11,9-12,advanced_9_to_12,7507,245,false,n,tier3_bnc_coca+bnc_coca_band_8k+grade_estimate_11+general_or_nonacademic,advanced,advanced,2.244,8.925,30.085,advanced_seed,advanced_9_to_12.csv
mourn,9,9-12,advanced_9_to_12,3616,940,false,v,tier3_bnc_coca+bnc_coca_band_4k+grade_estimate_9+general_or_nonacademic,advanced,advanced,2.587,10.882,30.084,advanced_seed,advanced_9_to_12.csv
sob,9,9-12,advanced_9_to_12,4809,940,false,n,tier3_bnc_coca+bnc_coca_band_5k+grade_estimate_9+general_or_nonacademic,advanced,advanced,3.587,10.382,30.084,advanced_seed,advanced_9_to_12.csv
hurdle,9,9-12,advanced_9_to_12,4420,939,false,n,tier3_bnc_coca+bnc_coca_band_5k+grade_estimate_9+general_or_nonacademic,advanced,advanced,2.586,10.882,30.084,advanced_seed,advanced_9_to_12.csv
pistol,9,9-12,advanced_9_to_12,4647,939,false,n,tier3_bnc_coca+bnc_coca_band_5k+grade_estimate_9+general_or_nonacademic,advanced,advanced,2.586,10.882,30.084,advanced_seed,advanced_9_to_12.csv
bald,9,9-12,advanced_9_to_12,4073,938,false,v,tier3_bnc_coca+bnc_coca_band_5k+grade_estimate_9+general_or_nonacademic,advanced,advanced,3.586,10.381,30.084,advanced_seed,advanced_9_to_12.csv
hover,9,9-12,advanced_9_to_12,4416,937,false,v,tier3_bnc_coca+bnc_coca_band_5k+grade_estimate_9+general_or_nonacademic,advanced,advanced,2.586,10.881,30.083,advanced_seed,advanced_9_to_12.csv
gig,9,9-12,advanced_9_to_12,4370,935,false,n,tier3_bnc_coca+bnc_coca_band_5k+grade_estimate_9+general_or_nonacademic,advanced,advanced,3.585,10.38,30.083,advanced_seed,advanced_9_to_12.csv
rag,9,9-12,advanced_9_to_12,4695,932,false,n,tier3_bnc_coca+bnc_coca_band_5k+grade_estimate_9+general_or_nonacademic,advanced,advanced,3.584,10.379,30.082,advanced_seed,advanced_9_to_12.csv
enrol,9,9-12,advanced_9_to_12,3342,931,false,v,tier3_bnc_coca+bnc_coca_band_4k+grade_estimate_9+general_or_nonacademic,advanced,advanced,2.584,10.879,30.082,advanced_seed,advanced_9_to_12.csv
pierce,9,9-12,advanced_9_to_12,4641,930,false,n,tier3_bnc_coca+bnc_coca_band_5k+grade_estimate_9+general_or_nonacademic,advanced,advanced,2.584,10.879,30.081,advanced_seed,advanced_9_to_12.csv
onerous,11,9-12,advanced_9_to_12,8620,242,false,adj,tier3_bnc_coca+bnc_coca_band_9k+grade_estimate_11+general_or_nonacademic,advanced,advanced,1.441,8.421,30.081,advanced_seed,advanced_9_to_12.csv
kettle,10,9-12,advanced_9_to_12,5518,928,false,n,tier3_bnc_coca+bnc_coca_band_6k+grade_estimate_10+general_or_nonacademic,advanced,advanced,2.583,10.878,30.081,advanced_seed,advanced_9_to_12.csv
sticky,9,9-12,advanced_9_to_12,4846,927,false,n,tier3_bnc_coca+bnc_coca_band_5k+grade_estimate_9+general_or_nonacademic,advanced,advanced,2.583,10.877,30.08,advanced_seed,advanced_9_to_12.csv
sober,9,9-12,advanced_9_to_12,4810,926,false,v,tier3_bnc_coca+bnc_coca_band_5k+grade_estimate_9+general_or_nonacademic,advanced,advanced,2.583,10.877,30.08,advanced_seed,advanced_9_to_12.csv
annuity,11,9-12,advanced_9_to_12,7035,241,false,n,tier3_bnc_coca+bnc_coca_band_8k+grade_estimate_11+general_or_nonacademic,advanced,advanced,1.44,8.42,30.08,advanced_seed,advanced_9_to_12.csv
senator,9,9-12,advanced_9_to_12,3801,925,false,n,tier3_bnc_coca+bnc_coca_band_4k+grade_estimate_9+general_or_nonacademic,advanced,advanced,1.782,10.377,30.08,advanced_seed,advanced_9_to_12.csv
botany,9,9-12,advanced_9_to_12,4092,925,false,n,tier3_bnc_coca+bnc_coca_band_5k+grade_estimate_9+general_or_nonacademic,advanced,advanced,2.582,10.877,30.08,advanced_seed,advanced_9_to_12.csv
quest,9,9-12,advanced_9_to_12,4692,925,false,v,tier3_bnc_coca+bnc_coca_band_5k+grade_estimate_9+general_or_nonacademic,advanced,advanced,2.582,10.877,30.08,advanced_seed,advanced_9_to_12.csv
ecstasy,9,9-12,advanced_9_to_12,4295,924,false,n,tier3_bnc_coca+bnc_coca_band_5k+grade_estimate_9+general_or_nonacademic,advanced,advanced,1.782,10.376,30.079,advanced_seed,advanced_9_to_12.csv
gel,9,9-12,advanced_9_to_12,4367,924,false,n,tier3_bnc_coca+bnc_coca_band_5k+grade_estimate_9+general_or_nonacademic,advanced,advanced,3.582,10.376,30.079,advanced_seed,advanced_9_to_12.csv
trench,9,9-12,advanced_9_to_12,4918,924,false,v,tier3_bnc_coca+bnc_coca_band_5k+grade_estimate_9+general_or_nonacademic,advanced,advanced,2.582,10.876,30.079,advanced_seed,advanced_9_to_12.csv
earnest,9,9-12,advanced_9_to_12,4290,923,false,adj,tier3_bnc_coca+bnc_coca_band_5k+grade_estimate_9+general_or_nonacademic,advanced,advanced,1.782,10.376,30.079,advanced_seed,advanced_9_to_12.csv
foam,9,9-12,advanced_9_to_12,4353,923,false,v,tier3_bnc_coca+bnc_coca_band_5k+grade_estimate_9+general_or_nonacademic,advanced,advanced,3.582,10.376,30.079,advanced_seed,advanced_9_to_12.csv
cloak,9,9-12,advanced_9_to_12,4152,922,false,v,tier3_bnc_coca+bnc_coca_band_5k+grade_estimate_9+general_or_nonacademic,advanced,advanced,2.582,10.876,30.079,advanced_seed,advanced_9_to_12.csv
dam,9,9-12,advanced_9_to_12,3245,921,false,n,tier3_bnc_coca+bnc_coca_band_4k+grade_estimate_9+general_or_nonacademic,advanced,advanced,3.581,10.375,30.078,advanced_seed,advanced_9_to_12.csv
prone,9,9-12,advanced_9_to_12,4673,921,false,n,tier3_bnc_coca+bnc_coca_band_5k+grade_estimate_9+general_or_nonacademic,advanced,advanced,2.581,10.875,30.078,advanced_seed,advanced_9_to_12.csv
fiddle,9,9-12,advanced_9_to_12,4343,919,false,n,tier3_bnc_coca+bnc_coca_band_5k+grade_estimate_9+general_or_nonacademic,advanced,advanced,2.581,10.874,30.078,advanced_seed,advanced_9_to_12.csv
whence,11,9-12,advanced_9_to_12,8981,239,false,n,tier3_bnc_coca+bnc_coca_band_9k+grade_estimate_11+general_or_nonacademic,advanced,advanced,2.238,8.917,30.077,advanced_seed,advanced_9_to_12.csv
cereal,9,9-12,advanced_9_to_12,4129,918,false,adj,tier3_bnc_coca+bnc_coca_band_5k+grade_estimate_9+general_or_nonacademic,advanced,advanced,2.581,10.874,30.077,advanced_seed,advanced_9_to_12.csv
jolly,10,9-12,advanced_9_to_12,5512,918,false,adv,tier3_bnc_coca+bnc_coca_band_6k+grade_estimate_10+general_or_nonacademic,advanced,advanced,2.581,10.874,30.077,advanced_seed,advanced_9_to_12.csv
vain,10,9-12,advanced_9_to_12,5959,917,false,adj,tier3_bnc_coca+bnc_coca_band_6k+grade_estimate_10+general_or_nonacademic,advanced,advanced,3.58,10.374,30.077,advanced_seed,advanced_9_to_12.csv
copious,11,9-12,advanced_9_to_12,8190,238,false,adj,tier3_bnc_coca+bnc_coca_band_9k+grade_estimate_11+general_or_nonacademic,advanced,advanced,1.437,8.416,30.076,advanced_seed,advanced_9_to_12.csv
roast,9,9-12,advanced_9_to_12,3770,912,false,v,tier3_bnc_coca+bnc_coca_band_4k+grade_estimate_9+general_or_nonacademic,advanced,advanced,2.579,10.872,30.075,advanced_seed,advanced_9_to_12.csv
bust,9,9-12,advanced_9_to_12,4110,912,false,n,tier3_bnc_coca+bnc_coca_band_5k+grade_estimate_9+general_or_nonacademic,advanced,advanced,3.579,10.372,30.075,advanced_seed,advanced_9_to_12.csv
ensue,9,9-12,advanced_9_to_12,4313,912,false,n,tier3_bnc_coca+bnc_coca_band_5k+grade_estimate_9+general_or_nonacademic,advanced,advanced,2.579,10.872,30.075,advanced_seed,advanced_9_to_12.csv
siege,9,9-12,advanced_9_to_12,4787,912,false,n,tier3_bnc_coca+bnc_coca_band_5k+grade_estimate_9+general_or_nonacademic,advanced,advanced,2.579,10.872,30.075,advanced_seed,advanced_9_to_12.csv
unrest,10,9-12,advanced_9_to_12,5951,912,false,n,tier3_bnc_coca+bnc_coca_band_6k+grade_estimate_10+general_or_nonacademic,advanced,advanced,2.579,10.872,30.075,advanced_seed,advanced_9_to_12.csv
transit,9,9-12,advanced_9_to_12,4915,911,false,v,tier3_bnc_coca+bnc_coca_band_5k+grade_estimate_9+general_or_nonacademic,advanced,advanced,1.779,10.371,30.075,advanced_seed,advanced_9_to_12.csv
distil,10,9-12,advanced_9_to_12,5286,909,false,n,tier3_bnc_coca+bnc_coca_band_6k+grade_estimate_10+general_or_nonacademic,advanced,advanced,2.578,10.871,30.074,advanced_seed,advanced_9_to_12.csv
seam,9,9-12,advanced_9_to_12,4764,908,false,v,tier3_bnc_coca+bnc_coca_band_5k+grade_estimate_9+general_or_nonacademic,advanced,advanced,3.578,10.37,30.074,advanced_seed,advanced_9_to_12.csv
trance,11,9-12,advanced_9_to_12,7919,236,false,n,tier3_bnc_coca+bnc_coca_band_8k+grade_estimate_11+general_or_nonacademic,advanced,advanced,2.235,8.913,30.074,advanced_seed,advanced_9_to_12.csv
stray,9,9-12,advanced_9_to_12,4851,905,false,v,tier3_bnc_coca+bnc_coca_band_5k+grade_estimate_9+general_or_nonacademic,advanced,advanced,2.577,10.869,30.073,advanced_seed,advanced_9_to_12.csv
boycott,9,9-12,advanced_9_to_12,4096,904,false,v,tier3_bnc_coca+bnc_coca_band_5k+grade_estimate_9+general_or_nonacademic,advanced,advanced,1.777,10.369,30.073,advanced_seed,advanced_9_to_12.csv
fend,9,9-12,advanced_9_to_12,4341,904,false,v,tier3_bnc_coca+bnc_coca_band_5k+grade_estimate_9+general_or_nonacademic,advanced,advanced,3.577,10.369,30.073,advanced_seed,advanced_9_to_12.csv
convene,9,9-12,advanced_9_to_12,4187,903,false,n,tier3_bnc_coca+bnc_coca_band_5k+grade_estimate_9+general_or_nonacademic,advanced,advanced,1.776,10.368,30.072,advanced_seed,advanced_9_to_12.csv
rim,9,9-12,advanced_9_to_12,4740,903,false,n,tier3_bnc_coca+bnc_coca_band_5k+grade_estimate_9+general_or_nonacademic,advanced,advanced,3.576,10.368,30.072,advanced_seed,advanced_9_to_12.csv
coroner,10,9-12,advanced_9_to_12,5208,900,false,n,tier3_bnc_coca+bnc_coca_band_6k+grade_estimate_10+general_or_nonacademic,advanced,advanced,1.775,10.367,30.071,advanced_seed,advanced_9_to_12.csv
nuance,10,9-12,advanced_9_to_12,6580,234,false,n,tier3_bnc_coca+bnc_coca_band_7k+grade_estimate_10+general_or_nonacademic,advanced,advanced,2.232,8.91,30.071,advanced_seed,advanced_9_to_12.csv
bait,9,9-12,advanced_9_to_12,4071,899,false,v,tier3_bnc_coca+bnc_coca_band_5k+grade_estimate_9+general_or_nonacademic,advanced,advanced,3.575,10.367,30.071,advanced_seed,advanced_9_to_12.csv
cafe,9,9-12,advanced_9_to_12,3131,895,false,n,tier3_bnc_coca+bnc_coca_band_4k+grade_estimate_9+general_or_nonacademic,advanced,advanced,3.574,10.365,30.07,advanced_seed,advanced_9_to_12.csv
eminent,10,9-12,advanced_9_to_12,5305,895,false,adj,tier3_bnc_coca+bnc_coca_band_6k+grade_estimate_10+general_or_nonacademic,advanced,advanced,1.774,10.365,30.07,advanced_seed,advanced_9_to_12.csv
blush,9,9-12,advanced_9_to_12,4091,890,false,v,tier3_bnc_coca+bnc_coca_band_5k+grade_estimate_9+general_or_nonacademic,advanced,advanced,2.573,10.863,30.068,advanced_seed,advanced_9_to_12.csv
harness,9,9-12,advanced_9_to_12,4397,889,false,v,tier3_bnc_coca+bnc_coca_band_5k+grade_estimate_9+general_or_nonacademic,advanced,advanced,1.772,10.363,30.068,advanced_seed,advanced_9_to_12.csv
smuggle,9,9-12,advanced_9_to_12,4805,889,false,n,tier3_bnc_coca+bnc_coca_band_5k+grade_estimate_9+general_or_nonacademic,advanced,advanced,1.772,10.363,30.068,advanced_seed,advanced_9_to_12.csv
furtive,11,9-12,advanced_9_to_12,8363,231,false,adj,tier3_bnc_coca+bnc_coca_band_9k+grade_estimate_11+general_or_nonacademic,advanced,advanced,1.429,8.406,30.067,advanced_seed,advanced_9_to_12.csv
fume,9,9-12,advanced_9_to_12,4362,888,false,n,tier3_bnc_coca+bnc_coca_band_5k+grade_estimate_9+general_or_nonacademic,advanced,advanced,3.572,10.363,30.067,advanced_seed,advanced_9_to_12.csv
hack,9,9-12,advanced_9_to_12,4392,888,false,v,tier3_bnc_coca+bnc_coca_band_5k+grade_estimate_9+general_or_nonacademic,advanced,advanced,3.572,10.363,30.067,advanced_seed,advanced_9_to_12.csv
brandy,10,9-12,advanced_9_to_12,5108,888,false,n,tier3_bnc_coca+bnc_coca_band_6k+grade_estimate_10+general_or_nonacademic,advanced,advanced,2.572,10.863,30.067,advanced_seed,advanced_9_to_12.csv
excise,10,9-12,advanced_9_to_12,5330,887,false,v,tier3_bnc_coca+bnc_coca_band_6k+grade_estimate_10+general_or_nonacademic,advanced,advanced,2.572,10.862,30.067,advanced_seed,advanced_9_to_12.csv
zoo,9,9-12,advanced_9_to_12,5000,886,false,n,tier3_bnc_coca+bnc_coca_band_5k+grade_estimate_9+general_or_nonacademic,advanced,advanced,3.571,10.362,30.067,advanced_seed,advanced_9_to_12.csv
lotus,10,9-12,advanced_9_to_12,5552,886,false,n,tier3_bnc_coca+bnc_coca_band_6k+grade_estimate_10+general_or_nonacademic,advanced,advanced,2.571,10.862,30.067,advanced_seed,advanced_9_to_12.csv
massage,9,9-12,advanced_9_to_12,4514,885,false,n,tier3_bnc_coca+bnc_coca_band_5k+grade_estimate_9+general_or_nonacademic,advanced,advanced,1.771,10.361,30.066,advanced_seed,advanced_9_to_12.csv
laden,9,9-12,advanced_9_to_12,4469,884,false,v,tier3_bnc_coca+bnc_coca_band_5k+grade_estimate_9+general_or_nonacademic,advanced,advanced,2.571,10.861,30.066,advanced_seed,advanced_9_to_12.csv
prose,9,9-12,advanced_9_to_12,4677,884,false,n,tier3_bnc_coca+bnc_coca_band_5k+grade_estimate_9+general_or_nonacademic,advanced,advanced,2.571,10.861,30.066,advanced_seed,advanced_9_to_12.csv
anomaly,9,9-12,advanced_9_to_12,4034,882,false,adv,tier3_bnc_coca+bnc_coca_band_5k+grade_estimate_9+general_or_nonacademic,advanced,advanced,1.77,10.36,30.065,advanced_seed,advanced_9_to_12.csv
spouse,9,9-12,advanced_9_to_12,3851,881,false,n,tier3_bnc_coca+bnc_coca_band_4k+grade_estimate_9+general_or_nonacademic,advanced,advanced,2.57,10.86,30.065,advanced_seed,advanced_9_to_12.csv
scout,9,9-12,advanced_9_to_12,3792,880,false,v,tier3_bnc_coca+bnc_coca_band_4k+grade_estimate_9+general_or_nonacademic,advanced,advanced,2.57,10.86,30.065,advanced_seed,advanced_9_to_12.csv
dumb,9,9-12,advanced_9_to_12,4283,880,false,adj,tier3_bnc_coca+bnc_coca_band_5k+grade_estimate_9+general_or_nonacademic,advanced,advanced,3.57,10.36,30.065,advanced_seed,advanced_9_to_12.csv
limp,9,9-12,advanced_9_to_12,4486,880,false,v,tier3_bnc_coca+bnc_coca_band_5k+grade_estimate_9+general_or_nonacademic,advanced,advanced,3.57,10.36,30.065,advanced_seed,advanced_9_to_12.csv
pending,9,9-12,advanced_9_to_12,4625,879,false,n,tier3_bnc_coca+bnc_coca_band_5k+grade_estimate_9+general_or_nonacademic,advanced,advanced,1.769,10.359,30.064,advanced_seed,advanced_9_to_12.csv
trolley,10,9-12,advanced_9_to_12,5930,878,false,n,tier3_bnc_coca+bnc_coca_band_6k+grade_estimate_10+general_or_nonacademic,advanced,advanced,1.769,10.359,30.064,advanced_seed,advanced_9_to_12.csv
rap,9,9-12,advanced_9_to_12,3741,877,false,n,tier3_bnc_coca+bnc_coca_band_4k+grade_estimate_9+general_or_nonacademic,advanced,advanced,3.569,10.358,30.064,advanced_seed,advanced_9_to_12.csv
pal,9,9-12,advanced_9_to_12,4602,875,false,adj,tier3_bnc_coca+bnc_coca_band_5k+grade_estimate_9+general_or_nonacademic,advanced,advanced,3.568,10.358,30.063,advanced_seed,advanced_9_to_12.csv
petty,9,9-12,advanced_9_to_12,4635,873,false,n,tier3_bnc_coca+bnc_coca_band_5k+grade_estimate_9+general_or_nonacademic,advanced,advanced,2.568,10.857,30.062,advanced_seed,advanced_9_to_12.csv
diverge,9,9-12,advanced_9_to_12,4266,872,false,n,tier3_bnc_coca+bnc_coca_band_5k+grade_estimate_9+general_or_nonacademic,advanced,advanced,1.767,10.356,30.062,advanced_seed,advanced_9_to_12.csv
lag,9,9-12,advanced_9_to_12,4470,872,false,n,tier3_bnc_coca+bnc_coca_band_5k+grade_estimate_9+general_or_nonacademic,advanced,advanced,3.567,10.356,30.062,advanced_seed,advanced_9_to_12.csv
sterile,9,9-12,advanced_9_to_12,4843,871,false,n,tier3_bnc_coca+bnc_coca_band_5k+grade_estimate_9+general_or_nonacademic,advanced,advanced,1.767,10.356,30.061,advanced_seed,advanced_9_to_12.csv
banner,9,9-12,advanced_9_to_12,4074,870,false,n,tier3_bnc_coca+bnc_coca_band_5k+grade_estimate_9+general_or_nonacademic,advanced,advanced,2.567,10.856,30.061,advanced_seed,advanced_9_to_12.csv
chef,9,9-12,advanced_9_to_12,3159,869,false,n,tier3_bnc_coca+bnc_coca_band_4k+grade_estimate_9+general_or_nonacademic,advanced,advanced,3.566,10.355,30.061,advanced_seed,advanced_9_to_12.csv
crook,9,9-12,advanced_9_to_12,4205,869,false,v,tier3_bnc_coca+bnc_coca_band_5k+grade_estimate_9+general_or_nonacademic,advanced,advanced,2.566,10.855,30.061,advanced_seed,advanced_9_to_12.csv
trot,9,9-12,advanced_9_to_12,4923,869,false,n,tier3_bnc_coca+bnc_coca_band_5k+grade_estimate_9+general_or_nonacademic,advanced,advanced,3.566,10.355,30.061,advanced_seed,advanced_9_to_12.csv
zip,9,9-12,advanced_9_to_12,4999,869,false,n,tier3_bnc_coca+bnc_coca_band_5k+grade_estimate_9+general_or_nonacademic,advanced,advanced,3.566,10.355,30.061,advanced_seed,advanced_9_to_12.csv
marital,9,9-12,advanced_9_to_12,4508,868,false,adj,tier3_bnc_coca+bnc_coca_band_5k+grade_estimate_9+general_or_nonacademic,advanced,advanced,1.766,10.355,30.06,advanced_seed,advanced_9_to_12.csv
cartoon,9,9-12,advanced_9_to_12,3142,867,false,n,tier3_bnc_coca+bnc_coca_band_4k+grade_estimate_9+general_or_nonacademic,advanced,advanced,1.766,10.354,30.06,advanced_seed,advanced_9_to_12.csv
artery,9,9-12,advanced_9_to_12,4054,867,false,n,tier3_bnc_coca+bnc_coca_band_5k+grade_estimate_9+general_or_nonacademic,advanced,advanced,2.566,10.854,30.06,advanced_seed,advanced_9_to_12.csv
stud,9,9-12,advanced_9_to_12,4854,866,false,n,tier3_bnc_coca+bnc_coca_band_5k+grade_estimate_9+general_or_nonacademic,advanced,advanced,3.566,10.354,30.06,advanced_seed,advanced_9_to_12.csv
verge,9,9-12,advanced_9_to_12,4957,865,false,n,tier3_bnc_coca+bnc_coca_band_5k+grade_estimate_9+general_or_nonacademic,advanced,advanced,2.565,10.854,30.059,advanced_seed,advanced_9_to_12.csv
ascend,9,9-12,advanced_9_to_12,4056,864,false,v,tier3_bnc_coca+bnc_coca_band_5k+grade_estimate_9+general_or_nonacademic,advanced,advanced,2.565,10.853,30.059,advanced_seed,advanced_9_to_12.csv
expel,9,9-12,advanced_9_to_12,4328,864,false,n,tier3_bnc_coca+bnc_coca_band_5k+grade_estimate_9+general_or_nonacademic,advanced,advanced,2.565,10.853,30.059,advanced_seed,advanced_9_to_12.csv
papal,10,9-12,advanced_9_to_12,5660,864,false,adj,tier3_bnc_coca+bnc_coca_band_6k+grade_estimate_10+general_or_nonacademic,advanced,advanced,2.565,10.853,30.059,advanced_seed,advanced_9_to_12.csv
daunt,9,9-12,advanced_9_to_12,4221,863,false,v,tier3_bnc_coca+bnc_coca_band_5k+grade_estimate_9+general_or_nonacademic,advanced,advanced,2.565,10.853,30.059,advanced_seed,advanced_9_to_12.csv
relive,11,9-12,advanced_9_to_12,7741,224,false,adj,tier3_bnc_coca+bnc_coca_band_8k+grade_estimate_11+general_or_nonacademic,advanced,advanced,2.222,8.895,30.058,advanced_seed,advanced_9_to_12.csv
coarse,9,9-12,advanced_9_to_12,4154,861,false,adj,tier3_bnc_coca+bnc_coca_band_5k+grade_estimate_9+general_or_nonacademic,advanced,advanced,2.564,10.852,30.058,advanced_seed,advanced_9_to_12.csv
heave,9,9-12,advanced_9_to_12,4401,860,false,n,tier3_bnc_coca+bnc_coca_band_5k+grade_estimate_9+general_or_nonacademic,advanced,advanced,2.564,10.852,30.058,advanced_seed,advanced_9_to_12.csv
mare,10,9-12,advanced_9_to_12,5568,860,false,n,tier3_bnc_coca+bnc_coca_band_6k+grade_estimate_10+general_or_nonacademic,advanced,advanced,3.564,10.352,30.058,advanced_seed,advanced_9_to_12.csv
envious,11,9-12,advanced_9_to_12,8303,223,false,adj,tier3_bnc_coca+bnc_coca_band_9k+grade_estimate_11+general_or_nonacademic,advanced,advanced,1.42,8.394,30.057,advanced_seed,advanced_9_to_12.csv
factual,9,9-12,advanced_9_to_12,4335,857,false,adj,tier3_bnc_coca+bnc_coca_band_5k+grade_estimate_9+general_or_nonacademic,advanced,advanced,1.763,10.35,30.057,advanced_seed,advanced_9_to_12.csv
hinder,9,9-12,advanced_9_to_12,4410,857,false,v,tier3_bnc_coca+bnc_coca_band_5k+grade_estimate_9+general_or_nonacademic,advanced,advanced,2.563,10.85,30.057,advanced_seed,advanced_9_to_12.csv
soothe,9,9-12,advanced_9_to_12,4819,857,false,n,tier3_bnc_coca+bnc_coca_band_5k+grade_estimate_9+general_or_nonacademic,advanced,advanced,2.563,10.85,30.057,advanced_seed,advanced_9_to_12.csv
jog,9,9-12,advanced_9_to_12,4461,855,false,n,tier3_bnc_coca+bnc_coca_band_5k+grade_estimate_9+general_or_nonacademic,advanced,advanced,3.562,10.35,30.056,advanced_seed,advanced_9_to_12.csv
crest,9,9-12,advanced_9_to_12,4202,852,false,v,tier3_bnc_coca+bnc_coca_band_5k+grade_estimate_9+general_or_nonacademic,advanced,advanced,2.561,10.848,30.055,advanced_seed,advanced_9_to_12.csv
sever,9,9-12,advanced_9_to_12,4774,852,false,v,tier3_bnc_coca+bnc_coca_band_5k+grade_estimate_9+general_or_nonacademic,advanced,advanced,2.561,10.848,30.055,advanced_seed,advanced_9_to_12.csv
shuffle,9,9-12,advanced_9_to_12,4784,851,false,n,tier3_bnc_coca+bnc_coca_band_5k+grade_estimate_9+general_or_nonacademic,advanced,advanced,1.761,10.348,30.055,advanced_seed,advanced_9_to_12.csv
salon,9,9-12,advanced_9_to_12,4755,850,false,n,tier3_bnc_coca+bnc_coca_band_5k+grade_estimate_9+general_or_nonacademic,advanced,advanced,2.561,10.848,30.054,advanced_seed,advanced_9_to_12.csv
wade,10,9-12,advanced_9_to_12,5970,850,false,n,tier3_bnc_coca+bnc_coca_band_6k+grade_estimate_10+general_or_nonacademic,advanced,advanced,3.561,10.348,30.054,advanced_seed,advanced_9_to_12.csv
disarm,9,9-12,advanced_9_to_12,4253,849,false,v,tier3_bnc_coca+bnc_coca_band_5k+grade_estimate_9+general_or_nonacademic,advanced,advanced,2.56,10.847,30.054,advanced_seed,advanced_9_to_12.csv
solemn,9,9-12,advanced_9_to_12,4815,849,false,adj,tier3_bnc_coca+bnc_coca_band_5k+grade_estimate_9+general_or_nonacademic,advanced,advanced,2.56,10.847,30.054,advanced_seed,advanced_9_to_12.csv
airways,9,9-12,advanced_9_to_12,4014,848,false,n,tier3_bnc_coca+bnc_coca_band_5k+grade_estimate_9+general_or_nonacademic,advanced,advanced,1.76,10.347,30.053,advanced_seed,advanced_9_to_12.csv
demise,9,9-12,advanced_9_to_12,4232,848,false,v,tier3_bnc_coca+bnc_coca_band_5k+grade_estimate_9+general_or_nonacademic,advanced,advanced,2.56,10.847,30.053,advanced_seed,advanced_9_to_12.csv
climax,10,9-12,advanced_9_to_12,5169,848,false,v,tier3_bnc_coca+bnc_coca_band_6k+grade_estimate_10+general_or_nonacademic,advanced,advanced,2.56,10.847,30.053,advanced_seed,advanced_9_to_12.csv
frigate,12,9-12,advanced_9_to_12,9367,220,false,v,tier3_bnc_coca+bnc_coca_band_10k+grade_estimate_12+general_or_nonacademic,advanced,advanced,1.417,8.389,30.053,advanced_seed,advanced_9_to_12.csv
adore,9,9-12,advanced_9_to_12,4005,847,false,n,tier3_bnc_coca+bnc_coca_band_5k+grade_estimate_9+general_or_nonacademic,advanced,advanced,2.56,10.846,30.053,advanced_seed,advanced_9_to_12.csv
smack,9,9-12,advanced_9_to_12,4803,846,false,v,tier3_bnc_coca+bnc_coca_band_5k+grade_estimate_9+general_or_nonacademic,advanced,advanced,2.559,10.846,30.053,advanced_seed,advanced_9_to_12.csv
nephew,9,9-12,advanced_9_to_12,4566,845,false,n,tier3_bnc_coca+bnc_coca_band_5k+grade_estimate_9+general_or_nonacademic,advanced,advanced,2.559,10.846,30.052,advanced_seed,advanced_9_to_12.csv
pea,9,9-12,advanced_9_to_12,4621,844,false,n,tier3_bnc_coca+bnc_coca_band_5k+grade_estimate_9+general_or_nonacademic,advanced,advanced,3.559,10.345,30.052,advanced_seed,advanced_9_to_12.csv
larva,9,9-12,advanced_9_to_12,4474,843,false,n,tier3_bnc_coca+bnc_coca_band_5k+grade_estimate_9+general_or_nonacademic,advanced,advanced,2.559,10.845,30.052,advanced_seed,advanced_9_to_12.csv
vacant,9,9-12,advanced_9_to_12,4944,842,false,adj,tier3_bnc_coca+bnc_coca_band_5k+grade_estimate_9+general_or_nonacademic,advanced,advanced,2.558,10.844,30.051,advanced_seed,advanced_9_to_12.csv
bribe,9,9-12,advanced_9_to_12,4099,841,false,n,tier3_bnc_coca+bnc_coca_band_5k+grade_estimate_9+general_or_nonacademic,advanced,advanced,2.558,10.844,30.051,advanced_seed,advanced_9_to_12.csv
comb,9,9-12,advanced_9_to_12,4163,841,false,v,tier3_bnc_coca+bnc_coca_band_5k+grade_estimate_9+general_or_nonacademic,advanced,advanced,3.558,10.344,30.051,advanced_seed,advanced_9_to_12.csv
revert,10,9-12,advanced_9_to_12,5786,841,false,v,tier3_bnc_coca+bnc_coca_band_6k+grade_estimate_10+general_or_nonacademic,advanced,advanced,2.558,10.844,30.051,advanced_seed,advanced_9_to_12.csv
fake,9,9-12,advanced_9_to_12,3371,840,false,n,tier3_bnc_coca+bnc_coca_band_4k+grade_estimate_9+general_or_nonacademic,advanced,advanced,3.558,10.344,30.051,advanced_seed,advanced_9_to_12.csv
intrude,9,9-12,advanced_9_to_12,4454,840,false,n,tier3_bnc_coca+bnc_coca_band_5k+grade_estimate_9+general_or_nonacademic,advanced,advanced,1.758,10.344,30.051,advanced_seed,advanced_9_to_12.csv
tack,9,9-12,advanced_9_to_12,4876,838,false,v,tier3_bnc_coca+bnc_coca_band_5k+grade_estimate_9+general_or_nonacademic,advanced,advanced,3.557,10.343,30.05,advanced_seed,advanced_9_to_12.csv
tow,9,9-12,advanced_9_to_12,4909,837,false,v,tier3_bnc_coca+bnc_coca_band_5k+grade_estimate_9+general_or_nonacademic,advanced,advanced,3.557,10.342,30.05,advanced_seed,advanced_9_to_12.csv
ovation,11,9-12,advanced_9_to_12,8631,217,false,n,tier3_bnc_coca+bnc_coca_band_9k+grade_estimate_11+general_or_nonacademic,advanced,advanced,1.414,8.385,30.049,advanced_seed,advanced_9_to_12.csv
abdomen,9,9-12,advanced_9_to_12,4002,835,false,v,tier3_bnc_coca+bnc_coca_band_5k+grade_estimate_9+general_or_nonacademic,advanced,advanced,1.756,10.341,30.049,advanced_seed,advanced_9_to_12.csv
oversee,9,9-12,advanced_9_to_12,3662,834,false,v,tier3_bnc_coca+bnc_coca_band_4k+grade_estimate_9+general_or_nonacademic,advanced,advanced,1.756,10.341,30.048,advanced_seed,advanced_9_to_12.csv
swamp,9,9-12,advanced_9_to_12,4866,834,false,v,tier3_bnc_coca+bnc_coca_band_5k+grade_estimate_9+general_or_nonacademic,advanced,advanced,2.556,10.841,30.048,advanced_seed,advanced_9_to_12.csv
allot,10,9-12,advanced_9_to_12,5028,834,false,n,tier3_bnc_coca+bnc_coca_band_6k+grade_estimate_10+general_or_nonacademic,advanced,advanced,2.556,10.841,30.048,advanced_seed,advanced_9_to_12.csv
oscar,10,9-12,advanced_9_to_12,5641,834,false,n,tier3_bnc_coca+bnc_coca_band_6k+grade_estimate_10+general_or_nonacademic,advanced,advanced,2.556,10.841,30.048,advanced_seed,advanced_9_to_12.csv
tsar,10,9-12,advanced_9_to_12,5932,834,false,n,tier3_bnc_coca+bnc_coca_band_6k+grade_estimate_10+general_or_nonacademic,advanced,advanced,3.556,10.341,30.048,advanced_seed,advanced_9_to_12.csv
cosy,9,9-12,advanced_9_to_12,4193,833,false,n,tier3_bnc_coca+bnc_coca_band_5k+grade_estimate_9+general_or_nonacademic,advanced,advanced,3.555,10.341,30.048,advanced_seed,advanced_9_to_12.csv
asthma,9,9-12,advanced_9_to_12,4059,832,false,n,tier3_bnc_coca+bnc_coca_band_5k+grade_estimate_9+general_or_nonacademic,advanced,advanced,2.555,10.84,30.048,advanced_seed,advanced_9_to_12.csv
prudent,9,9-12,advanced_9_to_12,4680,831,false,adj,tier3_bnc_coca+bnc_coca_band_5k+grade_estimate_9+general_or_nonacademic,advanced,advanced,1.755,10.34,30.047,advanced_seed,advanced_9_to_12.csv
dazzle,9,9-12,advanced_9_to_12,4222,829,false,n,tier3_bnc_coca+bnc_coca_band_5k+grade_estimate_9+general_or_nonacademic,advanced,advanced,2.554,10.839,30.047,advanced_seed,advanced_9_to_12.csv
overt,9,9-12,advanced_9_to_12,4596,829,false,adj,tier3_bnc_coca+bnc_coca_band_5k+grade_estimate_9+general_or_nonacademic,advanced,advanced,2.554,10.839,30.047,advanced_seed,advanced_9_to_12.csv
depot,9,9-12,advanced_9_to_12,4238,826,false,n,tier3_bnc_coca+bnc_coca_band_5k+grade_estimate_9+general_or_nonacademic,advanced,advanced,2.553,10.838,30.046,advanced_seed,advanced_9_to_12.csv
chaired,10,9-12,advanced_9_to_12,5151,825,false,n,tier3_bnc_coca+bnc_coca_band_6k+grade_estimate_10+general_or_nonacademic,advanced,advanced,1.753,10.337,30.045,advanced_seed,advanced_9_to_12.csv
hygiene,10,9-12,advanced_9_to_12,5453,825,false,n,tier3_bnc_coca+bnc_coca_band_6k+grade_estimate_10+general_or_nonacademic,advanced,advanced,1.753,10.337,30.045,advanced_seed,advanced_9_to_12.csv
howl,9,9-12,advanced_9_to_12,4417,824,false,v,tier3_bnc_coca+bnc_coca_band_5k+grade_estimate_9+general_or_nonacademic,advanced,advanced,3.553,10.337,30.045,advanced_seed,advanced_9_to_12.csv
shorts,9,9-12,advanced_9_to_12,4778,823,false,n,tier3_bnc_coca+bnc_coca_band_5k+grade_estimate_9+general_or_nonacademic,advanced,advanced,2.552,10.837,30.044,advanced_seed,advanced_9_to_12.csv
deplete,9,9-12,advanced_9_to_12,4237,821,false,n,tier3_bnc_coca+bnc_coca_band_5k+grade_estimate_9+general_or_nonacademic,advanced,advanced,1.752,10.336,30.044,advanced_seed,advanced_9_to_12.csv
mint,9,9-12,advanced_9_to_12,4536,821,false,n,tier3_bnc_coca+bnc_coca_band_5k+grade_estimate_9+general_or_nonacademic,advanced,advanced,3.552,10.336,30.044,advanced_seed,advanced_9_to_12.csv
dismay,9,9-12,advanced_9_to_12,4260,820,false,v,tier3_bnc_coca+bnc_coca_band_5k+grade_estimate_9+general_or_nonacademic,advanced,advanced,2.551,10.835,30.043,advanced_seed,advanced_9_to_12.csv
poise,9,9-12,advanced_9_to_12,4658,820,false,v,tier3_bnc_coca+bnc_coca_band_5k+grade_estimate_9+general_or_nonacademic,advanced,advanced,2.551,10.835,30.043,advanced_seed,advanced_9_to_12.csv
grape,9,9-12,advanced_9_to_12,4380,819,false,n,tier3_bnc_coca+bnc_coca_band_5k+grade_estimate_9+general_or_nonacademic,advanced,advanced,2.551,10.835,30.043,advanced_seed,advanced_9_to_12.csv
drunken,9,9-12,advanced_9_to_12,4280,818,false,adj,tier3_bnc_coca+bnc_coca_band_5k+grade_estimate_9+general_or_nonacademic,advanced,advanced,1.751,10.334,30.043,advanced_seed,advanced_9_to_12.csv
vandal,10,9-12,advanced_9_to_12,5960,818,false,adj,tier3_bnc_coca+bnc_coca_band_6k+grade_estimate_10+general_or_nonacademic,advanced,advanced,2.551,10.834,30.043,advanced_seed,advanced_9_to_12.csv
vase,9,9-12,advanced_9_to_12,4949,816,false,n,tier3_bnc_coca+bnc_coca_band_5k+grade_estimate_9+general_or_nonacademic,advanced,advanced,3.55,10.334,30.042,advanced_seed,advanced_9_to_12.csv
scorn,10,9-12,advanced_9_to_12,5812,815,false,v,tier3_bnc_coca+bnc_coca_band_6k+grade_estimate_10+general_or_nonacademic,advanced,advanced,2.55,10.833,30.042,advanced_seed,advanced_9_to_12.csv
evasive,11,9-12,advanced_9_to_12,8310,211,false,adj,tier3_bnc_coca+bnc_coca_band_9k+grade_estimate_11+general_or_nonacademic,advanced,advanced,1.407,8.376,30.041,advanced_seed,advanced_9_to_12.csv
paddle,9,9-12,advanced_9_to_12,4601,813,false,n,tier3_bnc_coca+bnc_coca_band_5k+grade_estimate_9+general_or_nonacademic,advanced,advanced,2.549,10.832,30.041,advanced_seed,advanced_9_to_12.csv
perfume,9,9-12,advanced_9_to_12,4628,813,false,n,tier3_bnc_coca+bnc_coca_band_5k+grade_estimate_9+general_or_nonacademic,advanced,advanced,1.749,10.332,30.041,advanced_seed,advanced_9_to_12.csv
adjoin,10,9-12,advanced_9_to_12,5012,813,false,v,tier3_bnc_coca+bnc_coca_band_6k+grade_estimate_10+general_or_nonacademic,advanced,advanced,2.549,10.832,30.041,advanced_seed,advanced_9_to_12.csv
coupon,10,9-12,advanced_9_to_12,5213,812,false,n,tier3_bnc_coca+bnc_coca_band_6k+grade_estimate_10+general_or_nonacademic,advanced,advanced,2.549,10.832,30.04,advanced_seed,advanced_9_to_12.csv
robe,9,9-12,advanced_9_to_12,4746,810,false,n,tier3_bnc_coca+bnc_coca_band_5k+grade_estimate_9+general_or_nonacademic,advanced,advanced,3.548,10.331,30.04,advanced_seed,advanced_9_to_12.csv
robust,9,9-12,advanced_9_to_12,4747,810,false,adj,tier3_bnc_coca+bnc_coca_band_5k+grade_estimate_9+general_or_nonacademic,advanced,advanced,2.548,10.831,30.04,advanced_seed,advanced_9_to_12.csv
ironed,10,9-12,advanced_9_to_12,5501,809,false,n,tier3_bnc_coca+bnc_coca_band_6k+grade_estimate_10+general_or_nonacademic,advanced,advanced,2.548,10.831,30.039,advanced_seed,advanced_9_to_12.csv
vacancy,10,9-12,advanced_9_to_12,5956,809,false,n,tier3_bnc_coca+bnc_coca_band_6k+grade_estimate_10+general_or_nonacademic,advanced,advanced,1.748,10.331,30.039,advanced_seed,advanced_9_to_12.csv
comrade,9,9-12,advanced_9_to_12,4175,808,false,adj,tier3_bnc_coca+bnc_coca_band_5k+grade_estimate_9+general_or_nonacademic,advanced,advanced,1.748,10.33,30.039,advanced_seed,advanced_9_to_12.csv
preside,9,9-12,advanced_9_to_12,4670,808,false,n,tier3_bnc_coca+bnc_coca_band_5k+grade_estimate_9+general_or_nonacademic,advanced,advanced,1.748,10.33,30.039,advanced_seed,advanced_9_to_12.csv
slogan,9,9-12,advanced_9_to_12,4802,808,false,n,tier3_bnc_coca+bnc_coca_band_5k+grade_estimate_9+general_or_nonacademic,advanced,advanced,2.548,10.83,30.039,advanced_seed,advanced_9_to_12.csv
mankind,9,9-12,advanced_9_to_12,4503,807,false,n,tier3_bnc_coca+bnc_coca_band_5k+grade_estimate_9+general_or_nonacademic,advanced,advanced,1.747,10.33,30.039,advanced_seed,advanced_9_to_12.csv
ale,10,9-12,advanced_9_to_12,5025,807,false,n,tier3_bnc_coca+bnc_coca_band_6k+grade_estimate_10+general_or_nonacademic,advanced,advanced,3.547,10.33,30.039,advanced_seed,advanced_9_to_12.csv
felled,10,9-12,advanced_9_to_12,5346,807,false,n,tier3_bnc_coca+bnc_coca_band_6k+grade_estimate_10+general_or_nonacademic,advanced,advanced,2.547,10.83,30.039,advanced_seed,advanced_9_to_12.csv
venous,12,9-12,advanced_9_to_12,9961,209,false,adj,tier3_bnc_coca+bnc_coca_band_10k+grade_estimate_12+general_or_nonacademic,advanced,advanced,2.204,8.872,30.038,advanced_seed,advanced_9_to_12.csv
subside,10,9-12,advanced_9_to_12,5888,805,false,n,tier3_bnc_coca+bnc_coca_band_6k+grade_estimate_10+general_or_nonacademic,advanced,advanced,1.747,10.329,30.038,advanced_seed,advanced_9_to_12.csv
insulin,10,9-12,advanced_9_to_12,5488,803,false,n,tier3_bnc_coca+bnc_coca_band_6k+grade_estimate_10+general_or_nonacademic,advanced,advanced,1.746,10.328,30.037,advanced_seed,advanced_9_to_12.csv
grill,9,9-12,advanced_9_to_12,3448,802,false,v,tier3_bnc_coca+bnc_coca_band_4k+grade_estimate_9+general_or_nonacademic,advanced,advanced,2.546,10.828,30.037,advanced_seed,advanced_9_to_12.csv
lapse,9,9-12,advanced_9_to_12,4473,802,false,n,tier3_bnc_coca+bnc_coca_band_5k+grade_estimate_9+general_or_nonacademic,advanced,advanced,2.546,10.828,30.037,advanced_seed,advanced_9_to_12.csv
empower,9,9-12,advanced_9_to_12,4307,800,false,v,tier3_bnc_coca+bnc_coca_band_5k+grade_estimate_9+general_or_nonacademic,advanced,advanced,1.745,10.327,30.036,advanced_seed,advanced_9_to_12.csv
gloss,10,9-12,advanced_9_to_12,5402,799,false,v,tier3_bnc_coca+bnc_coca_band_6k+grade_estimate_10+general_or_nonacademic,advanced,advanced,2.545,10.826,30.036,advanced_seed,advanced_9_to_12.csv
accrue,10,9-12,advanced_9_to_12,5008,798,false,n,tier3_bnc_coca+bnc_coca_band_6k+grade_estimate_10+general_or_nonacademic,advanced,advanced,2.544,10.826,30.035,advanced_seed,advanced_9_to_12.csv
reef,9,9-12,advanced_9_to_12,4710,797,false,n,tier3_bnc_coca+bnc_coca_band_5k+grade_estimate_9+general_or_nonacademic,advanced,advanced,3.544,10.325,30.035,advanced_seed,advanced_9_to_12.csv
advent,10,9-12,advanced_9_to_12,5015,797,false,n,tier3_bnc_coca+bnc_coca_band_6k+grade_estimate_10+general_or_nonacademic,advanced,advanced,2.544,10.825,30.035,advanced_seed,advanced_9_to_12.csv
silicon,9,9-12,advanced_9_to_12,4789,795,false,n,tier3_bnc_coca+bnc_coca_band_5k+grade_estimate_9+general_or_nonacademic,advanced,advanced,1.743,10.325,30.034,advanced_seed,advanced_9_to_12.csv
grit,9,9-12,advanced_9_to_12,4383,794,false,n,tier3_bnc_coca+bnc_coca_band_5k+grade_estimate_9+general_or_nonacademic,advanced,advanced,3.543,10.324,30.034,advanced_seed,advanced_9_to_12.csv
deviant,10,9-12,advanced_9_to_12,5260,794,false,n,tier3_bnc_coca+bnc_coca_band_6k+grade_estimate_10+general_or_nonacademic,advanced,advanced,1.743,10.324,30.034,advanced_seed,advanced_9_to_12.csv
surf,9,9-12,advanced_9_to_12,4862,793,false,v,tier3_bnc_coca+bnc_coca_band_5k+grade_estimate_9+general_or_nonacademic,advanced,advanced,3.543,10.324,30.033,advanced_seed,advanced_9_to_12.csv
circus,9,9-12,advanced_9_to_12,4143,792,false,n,tier3_bnc_coca+bnc_coca_band_5k+grade_estimate_9+general_or_nonacademic,advanced,advanced,2.543,10.823,30.033,advanced_seed,advanced_9_to_12.csv
mortar,9,9-12,advanced_9_to_12,4548,792,false,v,tier3_bnc_coca+bnc_coca_band_5k+grade_estimate_9+general_or_nonacademic,advanced,advanced,2.543,10.823,30.033,advanced_seed,advanced_9_to_12.csv
slender,9,9-12,advanced_9_to_12,4800,792,false,n,tier3_bnc_coca+bnc_coca_band_5k+grade_estimate_9+general_or_nonacademic,advanced,advanced,1.743,10.323,30.033,advanced_seed,advanced_9_to_12.csv
groove,10,9-12,advanced_9_to_12,5414,792,false,n,tier3_bnc_coca+bnc_coca_band_6k+grade_estimate_10+general_or_nonacademic,advanced,advanced,2.543,10.823,30.033,advanced_seed,advanced_9_to_12.csv
hydrate,11,9-12,advanced_9_to_12,7423,205,false,v,tier3_bnc_coca+bnc_coca_band_8k+grade_estimate_11+general_or_nonacademic,advanced,advanced,1.399,8.366,30.033,advanced_seed,advanced_9_to_12.csv
posture,9,9-12,advanced_9_to_12,4663,791,false,n,tier3_bnc_coca+bnc_coca_band_5k+grade_estimate_9+general_or_nonacademic,advanced,advanced,1.742,10.323,30.033,advanced_seed,advanced_9_to_12.csv
bog,10,9-12,advanced_9_to_12,5101,790,false,n,tier3_bnc_coca+bnc_coca_band_6k+grade_estimate_10+general_or_nonacademic,advanced,advanced,3.542,10.322,30.032,advanced_seed,advanced_9_to_12.csv
obscene,9,9-12,advanced_9_to_12,4584,789,false,adj,tier3_bnc_coca+bnc_coca_band_5k+grade_estimate_9+general_or_nonacademic,advanced,advanced,1.742,10.322,30.032,advanced_seed,advanced_9_to_12.csv
latent,10,9-12,advanced_9_to_12,5526,789,false,adj,tier3_bnc_coca+bnc_coca_band_6k+grade_estimate_10+general_or_nonacademic,advanced,advanced,2.542,10.822,30.032,advanced_seed,advanced_9_to_12.csv
beta,9,9-12,advanced_9_to_12,4082,788,false,n,tier3_bnc_coca+bnc_coca_band_5k+grade_estimate_9+general_or_nonacademic,advanced,advanced,3.541,10.322,30.031,advanced_seed,advanced_9_to_12.csv
retort,10,9-12,advanced_9_to_12,5783,788,false,v,tier3_bnc_coca+bnc_coca_band_6k+grade_estimate_10+general_or_nonacademic,advanced,advanced,2.541,10.822,30.031,advanced_seed,advanced_9_to_12.csv
booth,10,9-12,advanced_9_to_12,5104,787,false,n,tier3_bnc_coca+bnc_coca_band_6k+grade_estimate_10+general_or_nonacademic,advanced,advanced,2.541,10.821,30.031,advanced_seed,advanced_9_to_12.csv
reel,9,9-12,advanced_9_to_12,4711,784,false,v,tier3_bnc_coca+bnc_coca_band_5k+grade_estimate_9+general_or_nonacademic,advanced,advanced,3.54,10.32,30.03,advanced_seed,advanced_9_to_12.csv
sewage,9,9-12,advanced_9_to_12,4775,784,false,n,tier3_bnc_coca+bnc_coca_band_5k+grade_estimate_9+general_or_nonacademic,advanced,advanced,2.54,10.82,30.03,advanced_seed,advanced_9_to_12.csv
hound,10,9-12,advanced_9_to_12,5443,784,false,v,tier3_bnc_coca+bnc_coca_band_6k+grade_estimate_10+general_or_nonacademic,advanced,advanced,2.54,10.82,30.03,advanced_seed,advanced_9_to_12.csv
ramble,10,9-12,advanced_9_to_12,5748,783,false,n,tier3_bnc_coca+bnc_coca_band_6k+grade_estimate_10+general_or_nonacademic,advanced,advanced,2.54,10.819,30.029,advanced_seed,advanced_9_to_12.csv
renown,9,9-12,advanced_9_to_12,4724,782,false,v,tier3_bnc_coca+bnc_coca_band_5k+grade_estimate_9+general_or_nonacademic,advanced,advanced,2.539,10.819,30.029,advanced_seed,advanced_9_to_12.csv
cripple,9,9-12,advanced_9_to_12,4204,781,false,n,tier3_bnc_coca+bnc_coca_band_5k+grade_estimate_9+general_or_nonacademic,advanced,advanced,1.739,10.319,30.029,advanced_seed,advanced_9_to_12.csv
convoy,10,9-12,advanced_9_to_12,5206,781,false,n,tier3_bnc_coca+bnc_coca_band_6k+grade_estimate_10+general_or_nonacademic,advanced,advanced,2.539,10.819,30.029,advanced_seed,advanced_9_to_12.csv
clench,9,9-12,advanced_9_to_12,4150,778,false,v,tier3_bnc_coca+bnc_coca_band_5k+grade_estimate_9+general_or_nonacademic,advanced,advanced,2.538,10.817,30.028,advanced_seed,advanced_9_to_12.csv
sorrow,9,9-12,advanced_9_to_12,4820,778,false,v,tier3_bnc_coca+bnc_coca_band_5k+grade_estimate_9+general_or_nonacademic,advanced,advanced,2.538,10.817,30.028,advanced_seed,advanced_9_to_12.csv
dilate,11,9-12,advanced_9_to_12,8247,201,false,v,tier3_bnc_coca+bnc_coca_band_9k+grade_estimate_11+general_or_nonacademic,advanced,advanced,2.195,8.859,30.027,advanced_seed,advanced_9_to_12.csv
placate,11,9-12,advanced_9_to_12,8670,201,false,v,tier3_bnc_coca+bnc_coca_band_9k+grade_estimate_11+general_or_nonacademic,advanced,advanced,1.395,8.359,30.027,advanced_seed,advanced_9_to_12.csv
propel,9,9-12,advanced_9_to_12,4674,776,false,n,tier3_bnc_coca+bnc_coca_band_5k+grade_estimate_9+general_or_nonacademic,advanced,advanced,2.537,10.816,30.027,advanced_seed,advanced_9_to_12.csv
trout,9,9-12,advanced_9_to_12,4924,774,false,n,tier3_bnc_coca+bnc_coca_band_5k+grade_estimate_9+general_or_nonacademic,advanced,advanced,2.537,10.815,30.026,advanced_seed,advanced_9_to_12.csv
rein,9,9-12,advanced_9_to_12,4715,773,false,v,tier3_bnc_coca+bnc_coca_band_5k+grade_estimate_9+general_or_nonacademic,advanced,advanced,3.536,10.315,30.026,advanced_seed,advanced_9_to_12.csv
stove,9,9-12,advanced_9_to_12,4850,773,false,n,tier3_bnc_coca+bnc_coca_band_5k+grade_estimate_9+general_or_nonacademic,advanced,advanced,2.536,10.815,30.026,advanced_seed,advanced_9_to_12.csv
beloved,9,9-12,advanced_9_to_12,4080,772,false,n,tier3_bnc_coca+bnc_coca_band_5k+grade_estimate_9+general_or_nonacademic,advanced,advanced,1.736,10.315,30.025,advanced_seed,advanced_9_to_12.csv
dice,9,9-12,advanced_9_to_12,4244,771,false,n,tier3_bnc_coca+bnc_coca_band_5k+grade_estimate_9+general_or_nonacademic,advanced,advanced,3.536,10.314,30.025,advanced_seed,advanced_9_to_12.csv
hum,9,9-12,advanced_9_to_12,4418,771,false,n,tier3_bnc_coca+bnc_coca_band_5k+grade_estimate_9+general_or_nonacademic,advanced,advanced,3.536,10.314,30.025,advanced_seed,advanced_9_to_12.csv
warfare,9,9-12,advanced_9_to_12,4978,771,false,n,tier3_bnc_coca+bnc_coca_band_5k+grade_estimate_9+general_or_nonacademic,advanced,advanced,1.736,10.314,30.025,advanced_seed,advanced_9_to_12.csv
vintage,9,9-12,advanced_9_to_12,4965,769,false,n,tier3_bnc_coca+bnc_coca_band_5k+grade_estimate_9+general_or_nonacademic,advanced,advanced,1.735,10.313,30.024,advanced_seed,advanced_9_to_12.csv
frail,10,9-12,advanced_9_to_12,5375,768,false,adj,tier3_bnc_coca+bnc_coca_band_6k+grade_estimate_10+general_or_nonacademic,advanced,advanced,2.535,10.813,30.024,advanced_seed,advanced_9_to_12.csv
icon,9,9-12,advanced_9_to_12,4422,766,false,n,tier3_bnc_coca+bnc_coca_band_5k+grade_estimate_9+general_or_nonacademic,advanced,advanced,3.534,10.312,30.023,advanced_seed,advanced_9_to_12.csv
legion,9,9-12,advanced_9_to_12,4480,766,false,n,tier3_bnc_coca+bnc_coca_band_5k+grade_estimate_9+general_or_nonacademic,advanced,advanced,2.534,10.812,30.023,advanced_seed,advanced_9_to_12.csv
austere,10,9-12,advanced_9_to_12,5062,765,false,adj,tier3_bnc_coca+bnc_coca_band_6k+grade_estimate_10+general_or_nonacademic,advanced,advanced,1.734,10.311,30.023,advanced_seed,advanced_9_to_12.csv
sponge,10,9-12,advanced_9_to_12,5865,765,false,n,tier3_bnc_coca+bnc_coca_band_6k+grade_estimate_10+general_or_nonacademic,advanced,advanced,2.534,10.811,30.023,advanced_seed,advanced_9_to_12.csv
clasp,9,9-12,advanced_9_to_12,4147,764,false,v,tier3_bnc_coca+bnc_coca_band_5k+grade_estimate_9+general_or_nonacademic,advanced,advanced,2.533,10.811,30.022,advanced_seed,advanced_9_to_12.csv
nylon,10,9-12,advanced_9_to_12,5630,764,false,n,tier3_bnc_coca+bnc_coca_band_6k+grade_estimate_10+general_or_nonacademic,advanced,advanced,2.533,10.811,30.022,advanced_seed,advanced_9_to_12.csv
pear,10,9-12,advanced_9_to_12,5677,764,false,n,tier3_bnc_coca+bnc_coca_band_6k+grade_estimate_10+general_or_nonacademic,advanced,advanced,3.533,10.311,30.022,advanced_seed,advanced_9_to_12.csv
relish,9,9-12,advanced_9_to_12,4718,763,false,v,tier3_bnc_coca+bnc_coca_band_5k+grade_estimate_9+general_or_nonacademic,advanced,advanced,2.533,10.811,30.022,advanced_seed,advanced_9_to_12.csv
outing,10,9-12,advanced_9_to_12,5645,763,false,n,tier3_bnc_coca+bnc_coca_band_6k+grade_estimate_10+general_or_nonacademic,advanced,advanced,2.533,10.811,30.022,advanced_seed,advanced_9_to_12.csv
wretch,10,9-12,advanced_9_to_12,5992,763,false,v,tier3_bnc_coca+bnc_coca_band_6k+grade_estimate_10+general_or_nonacademic,advanced,advanced,2.533,10.811,30.022,advanced_seed,advanced_9_to_12.csv
noon,9,9-12,advanced_9_to_12,3630,762,false,n,tier3_bnc_coca+bnc_coca_band_4k+grade_estimate_9+general_or_nonacademic,advanced,advanced,3.533,10.31,30.021,advanced_seed,advanced_9_to_12.csv
aerial,9,9-12,advanced_9_to_12,4007,762,false,adj,tier3_bnc_coca+bnc_coca_band_5k+grade_estimate_9+general_or_nonacademic,advanced,advanced,2.533,10.81,30.021,advanced_seed,advanced_9_to_12.csv
blot,10,9-12,advanced_9_to_12,5097,762,false,n,tier3_bnc_coca+bnc_coca_band_6k+grade_estimate_10+general_or_nonacademic,advanced,advanced,3.533,10.31,30.021,advanced_seed,advanced_9_to_12.csv
brood,10,9-12,advanced_9_to_12,5115,762,false,v,tier3_bnc_coca+bnc_coca_band_6k+grade_estimate_10+general_or_nonacademic,advanced,advanced,2.533,10.81,30.021,advanced_seed,advanced_9_to_12.csv
erode,9,9-12,advanced_9_to_12,4320,760,false,n,tier3_bnc_coca+bnc_coca_band_5k+grade_estimate_9+general_or_nonacademic,advanced,advanced,2.532,10.809,30.021,advanced_seed,advanced_9_to_12.csv
bland,10,9-12,advanced_9_to_12,5091,759,false,adj,tier3_bnc_coca+bnc_coca_band_6k+grade_estimate_10+general_or_nonacademic,advanced,advanced,2.532,10.809,30.02,advanced_seed,advanced_9_to_12.csv
purify,10,9-12,advanced_9_to_12,5735,757,false,v,tier3_bnc_coca+bnc_coca_band_6k+grade_estimate_10+general_or_nonacademic,advanced,advanced,2.531,10.808,30.019,advanced_seed,advanced_9_to_12.csv
clap,9,9-12,advanced_9_to_12,4146,756,false,n,tier3_bnc_coca+bnc_coca_band_5k+grade_estimate_9+general_or_nonacademic,advanced,advanced,3.531,10.307,30.019,advanced_seed,advanced_9_to_12.csv
discern,9,9-12,advanced_9_to_12,4254,756,false,v,tier3_bnc_coca+bnc_coca_band_5k+grade_estimate_9+general_or_nonacademic,advanced,advanced,1.731,10.307,30.019,advanced_seed,advanced_9_to_12.csv
grunt,9,9-12,advanced_9_to_12,4388,756,false,v,tier3_bnc_coca+bnc_coca_band_5k+grade_estimate_9+general_or_nonacademic,advanced,advanced,2.531,10.807,30.019,advanced_seed,advanced_9_to_12.csv
reclaim,9,9-12,advanced_9_to_12,4706,756,false,v,tier3_bnc_coca+bnc_coca_band_5k+grade_estimate_9+general_or_nonacademic,advanced,advanced,1.731,10.307,30.019,advanced_seed,advanced_9_to_12.csv
wrestle,9,9-12,advanced_9_to_12,4996,756,false,n,tier3_bnc_coca+bnc_coca_band_5k+grade_estimate_9+general_or_nonacademic,advanced,advanced,1.731,10.307,30.019,advanced_seed,advanced_9_to_12.csv
procure,10,9-12,advanced_9_to_12,5720,752,false,n,tier3_bnc_coca+bnc_coca_band_6k+grade_estimate_10+general_or_nonacademic,advanced,advanced,1.729,10.306,30.017,advanced_seed,advanced_9_to_12.csv
wry,10,9-12,advanced_9_to_12,5993,752,false,adj,tier3_bnc_coca+bnc_coca_band_6k+grade_estimate_10+general_or_nonacademic,advanced,advanced,3.529,10.306,30.017,advanced_seed,advanced_9_to_12.csv
induct,10,9-12,advanced_9_to_12,5479,751,false,v,tier3_bnc_coca+bnc_coca_band_6k+grade_estimate_10+general_or_nonacademic,advanced,advanced,2.529,10.805,30.017,advanced_seed,advanced_9_to_12.csv
relay,9,9-12,advanced_9_to_12,4716,748,false,v,tier3_bnc_coca+bnc_coca_band_5k+grade_estimate_9+general_or_nonacademic,advanced,advanced,2.528,10.804,30.016,advanced_seed,advanced_9_to_12.csv
veto,9,9-12,advanced_9_to_12,4960,748,false,v,tier3_bnc_coca+bnc_coca_band_5k+grade_estimate_9+general_or_nonacademic,advanced,advanced,3.528,10.304,30.016,advanced_seed,advanced_9_to_12.csv
palate,11,9-12,advanced_9_to_12,7624,193,false,v,tier3_bnc_coca+bnc_coca_band_8k+grade_estimate_11+general_or_nonacademic,advanced,advanced,2.184,8.846,30.015,advanced_seed,advanced_9_to_12.csv
sued,9,9-12,advanced_9_to_12,3885,746,false,n,tier3_bnc_coca+bnc_coca_band_4k+grade_estimate_9+general_or_nonacademic,advanced,advanced,3.527,10.303,30.015,advanced_seed,advanced_9_to_12.csv
ceramic,9,9-12,advanced_9_to_12,4128,746,false,adj,tier3_bnc_coca+bnc_coca_band_5k+grade_estimate_9+general_or_nonacademic,advanced,advanced,1.727,10.303,30.015,advanced_seed,advanced_9_to_12.csv
chatter,9,9-12,advanced_9_to_12,4134,746,false,v,tier3_bnc_coca+bnc_coca_band_5k+grade_estimate_9+general_or_nonacademic,advanced,advanced,1.727,10.303,30.015,advanced_seed,advanced_9_to_12.csv
muse,9,9-12,advanced_9_to_12,4559,746,false,n,tier3_bnc_coca+bnc_coca_band_5k+grade_estimate_9+general_or_nonacademic,advanced,advanced,3.527,10.303,30.015,advanced_seed,advanced_9_to_12.csv
lavish,9,9-12,advanced_9_to_12,4477,744,false,v,tier3_bnc_coca+bnc_coca_band_5k+grade_estimate_9+general_or_nonacademic,advanced,advanced,2.526,10.802,30.014,advanced_seed,advanced_9_to_12.csv
tractor,9,9-12,advanced_9_to_12,4911,744,false,n,tier3_bnc_coca+bnc_coca_band_5k+grade_estimate_9+general_or_nonacademic,advanced,advanced,1.726,10.302,30.014,advanced_seed,advanced_9_to_12.csv
oracle,10,9-12,advanced_9_to_12,5637,744,false,n,tier3_bnc_coca+bnc_coca_band_6k+grade_estimate_10+general_or_nonacademic,advanced,advanced,2.526,10.802,30.014,advanced_seed,advanced_9_to_12.csv
blossom,9,9-12,advanced_9_to_12,4088,743,false,v,tier3_bnc_coca+bnc_coca_band_5k+grade_estimate_9+general_or_nonacademic,advanced,advanced,1.726,10.301,30.014,advanced_seed,advanced_9_to_12.csv
couch,9,9-12,advanced_9_to_12,3230,742,false,v,tier3_bnc_coca+bnc_coca_band_4k+grade_estimate_9+general_or_nonacademic,advanced,advanced,2.526,10.801,30.013,advanced_seed,advanced_9_to_12.csv
crunch,9,9-12,advanced_9_to_12,4207,741,false,v,tier3_bnc_coca+bnc_coca_band_5k+grade_estimate_9+general_or_nonacademic,advanced,advanced,2.525,10.801,30.013,advanced_seed,advanced_9_to_12.csv
demon,9,9-12,advanced_9_to_12,4233,740,false,n,tier3_bnc_coca+bnc_coca_band_5k+grade_estimate_9+general_or_nonacademic,advanced,advanced,2.525,10.8,30.013,advanced_seed,advanced_9_to_12.csv
bastion,11,9-12,advanced_9_to_12,8083,191,false,n,tier3_bnc_coca+bnc_coca_band_9k+grade_estimate_11+general_or_nonacademic,advanced,advanced,1.382,8.343,30.012,advanced_seed,advanced_9_to_12.csv
butt,9,9-12,advanced_9_to_12,4112,738,false,v,tier3_bnc_coca+bnc_coca_band_5k+grade_estimate_9+general_or_nonacademic,advanced,advanced,3.524,10.299,30.012,advanced_seed,advanced_9_to_12.csv
enchant,10,9-12,advanced_9_to_12,5309,738,false,v,tier3_bnc_coca+bnc_coca_band_6k+grade_estimate_10+general_or_nonacademic,advanced,advanced,1.724,10.299,30.012,advanced_seed,advanced_9_to_12.csv
rave,10,9-12,advanced_9_to_12,5750,738,false,n,tier3_bnc_coca+bnc_coca_band_6k+grade_estimate_10+general_or_nonacademic,advanced,advanced,3.524,10.299,30.012,advanced_seed,advanced_9_to_12.csv
annex,10,9-12,advanced_9_to_12,5038,732,false,v,tier3_bnc_coca+bnc_coca_band_6k+grade_estimate_10+general_or_nonacademic,advanced,advanced,2.522,10.796,30.009,advanced_seed,advanced_9_to_12.csv
pyramid,9,9-12,advanced_9_to_12,4685,730,false,n,tier3_bnc_coca+bnc_coca_band_5k+grade_estimate_9+general_or_nonacademic,advanced,advanced,1.722,10.295,30.008,advanced_seed,advanced_9_to_12.csv
scoop,9,9-12,advanced_9_to_12,4761,729,false,v,tier3_bnc_coca+bnc_coca_band_5k+grade_estimate_9+general_or_nonacademic,advanced,advanced,2.521,10.795,30.008,advanced_seed,advanced_9_to_12.csv
hymn,10,9-12,advanced_9_to_12,5454,729,false,n,tier3_bnc_coca+bnc_coca_band_6k+grade_estimate_10+general_or_nonacademic,advanced,advanced,3.521,10.295,30.008,advanced_seed,advanced_9_to_12.csv
rhyme,10,9-12,advanced_9_to_12,5787,729,false,n,tier3_bnc_coca+bnc_coca_band_6k+grade_estimate_10+general_or_nonacademic,advanced,advanced,2.521,10.795,30.008,advanced_seed,advanced_9_to_12.csv
anguish,9,9-12,advanced_9_to_12,4033,728,false,v,tier3_bnc_coca+bnc_coca_band_5k+grade_estimate_9+general_or_nonacademic,advanced,advanced,1.721,10.294,30.008,advanced_seed,advanced_9_to_12.csv
tenure,9,9-12,advanced_9_to_12,4890,728,false,n,tier3_bnc_coca+bnc_coca_band_5k+grade_estimate_9+general_or_nonacademic,advanced,advanced,2.521,10.794,30.008,advanced_seed,advanced_9_to_12.csv
mend,10,9-12,advanced_9_to_12,5578,728,false,v,tier3_bnc_coca+bnc_coca_band_6k+grade_estimate_10+general_or_nonacademic,advanced,advanced,3.521,10.294,30.008,advanced_seed,advanced_9_to_12.csv
peril,9,9-12,advanced_9_to_12,4629,726,false,n,tier3_bnc_coca+bnc_coca_band_5k+grade_estimate_9+general_or_nonacademic,advanced,advanced,2.52,10.794,30.007,advanced_seed,advanced_9_to_12.csv
cramp,9,9-12,advanced_9_to_12,4199,725,false,v,tier3_bnc_coca+bnc_coca_band_5k+grade_estimate_9+general_or_nonacademic,advanced,advanced,2.52,10.793,30.006,advanced_seed,advanced_9_to_12.csv
putt,9,9-12,advanced_9_to_12,4684,724,false,v,tier3_bnc_coca+bnc_coca_band_5k+grade_estimate_9+general_or_nonacademic,advanced,advanced,3.519,10.293,30.006,advanced_seed,advanced_9_to_12.csv
engrave,9,9-12,advanced_9_to_12,4309,722,false,n,tier3_bnc_coca+bnc_coca_band_5k+grade_estimate_9+general_or_nonacademic,advanced,advanced,1.719,10.292,30.005,advanced_seed,advanced_9_to_12.csv
hurl,9,9-12,advanced_9_to_12,4421,722,false,v,tier3_bnc_coca+bnc_coca_band_5k+grade_estimate_9+general_or_nonacademic,advanced,advanced,3.519,10.292,30.005,advanced_seed,advanced_9_to_12.csv
infuse,9,9-12,advanced_9_to_12,4439,722,false,n,tier3_bnc_coca+bnc_coca_band_5k+grade_estimate_9+general_or_nonacademic,advanced,advanced,2.519,10.792,30.005,advanced_seed,advanced_9_to_12.csv
buoy,10,9-12,advanced_9_to_12,5125,722,false,v,tier3_bnc_coca+bnc_coca_band_6k+grade_estimate_10+general_or_nonacademic,advanced,advanced,3.519,10.292,30.005,advanced_seed,advanced_9_to_12.csv
algae,10,9-12,advanced_9_to_12,5026,721,false,n,tier3_bnc_coca+bnc_coca_band_6k+grade_estimate_10+general_or_nonacademic,advanced,advanced,2.518,10.791,30.005,advanced_seed,advanced_9_to_12.csv
confide,9,9-12,advanced_9_to_12,4181,719,false,n,tier3_bnc_coca+bnc_coca_band_5k+grade_estimate_9+general_or_nonacademic,advanced,advanced,1.718,10.29,30.004,advanced_seed,advanced_9_to_12.csv
deacon,10,9-12,advanced_9_to_12,5233,719,false,n,tier3_bnc_coca+bnc_coca_band_6k+grade_estimate_10+general_or_nonacademic,advanced,advanced,2.518,10.79,30.004,advanced_seed,advanced_9_to_12.csv
mound,9,9-12,advanced_9_to_12,4553,718,false,v,tier3_bnc_coca+bnc_coca_band_5k+grade_estimate_9+general_or_nonacademic,advanced,advanced,2.517,10.79,30.003,advanced_seed,advanced_9_to_12.csv
bloc,10,9-12,advanced_9_to_12,5096,716,false,n,tier3_bnc_coca+bnc_coca_band_6k+grade_estimate_10+general_or_nonacademic,advanced,advanced,3.517,10.289,30.003,advanced_seed,advanced_9_to_12.csv
dynasty,10,9-12,advanced_9_to_12,5297,716,false,n,tier3_bnc_coca+bnc_coca_band_6k+grade_estimate_10+general_or_nonacademic,advanced,advanced,1.717,10.289,30.003,advanced_seed,advanced_9_to_12.csv
donkey,10,9-12,advanced_9_to_12,5288,715,false,n,tier3_bnc_coca+bnc_coca_band_6k+grade_estimate_10+general_or_nonacademic,advanced,advanced,2.516,10.788,30.002,advanced_seed,advanced_9_to_12.csv
famine,10,9-12,advanced_9_to_12,5341,715,false,n,tier3_bnc_coca+bnc_coca_band_6k+grade_estimate_10+general_or_nonacademic,advanced,advanced,2.516,10.788,30.002,advanced_seed,advanced_9_to_12.csv
despise,10,9-12,advanced_9_to_12,5257,714,false,v,tier3_bnc_coca+bnc_coca_band_6k+grade_estimate_10+general_or_nonacademic,advanced,advanced,1.716,10.288,30.002,advanced_seed,advanced_9_to_12.csv
torque,10,9-12,advanced_9_to_12,5918,714,false,n,tier3_bnc_coca+bnc_coca_band_6k+grade_estimate_10+general_or_nonacademic,advanced,advanced,2.516,10.788,30.002,advanced_seed,advanced_9_to_12.csv
angler,9,9-12,advanced_9_to_12,4032,713,false,n,tier3_bnc_coca+bnc_coca_band_5k+grade_estimate_9+general_or_nonacademic,advanced,advanced,2.515,10.787,30.001,advanced_seed,advanced_9_to_12.csv
foil,9,9-12,advanced_9_to_12,4354,713,false,v,tier3_bnc_coca+bnc_coca_band_5k+grade_estimate_9+general_or_nonacademic,advanced,advanced,3.515,10.287,30.001,advanced_seed,advanced_9_to_12.csv
slack,9,9-12,advanced_9_to_12,4796,712,false,adj,tier3_bnc_coca+bnc_coca_band_5k+grade_estimate_9+general_or_nonacademic,advanced,advanced,2.515,10.787,30.001,advanced_seed,advanced_9_to_12.csv
twitch,9,9-12,advanced_9_to_12,4930,711,false,v,tier3_bnc_coca+bnc_coca_band_5k+grade_estimate_9+general_or_nonacademic,advanced,advanced,2.515,10.786,30.001,advanced_seed,advanced_9_to_12.csv
foliage,9,9-12,advanced_9_to_12,4355,710,false,n,tier3_bnc_coca+bnc_coca_band_5k+grade_estimate_9+general_or_nonacademic,advanced,advanced,1.714,10.286,30.0,advanced_seed,advanced_9_to_12.csv
migrant,9,9-12,advanced_9_to_12,4530,708,false,n,tier3_bnc_coca+bnc_coca_band_5k+grade_estimate_9+general_or_nonacademic,advanced,advanced,1.714,10.285,29.999,advanced_seed,advanced_9_to_12.csv
plight,10,9-12,advanced_9_to_12,5703,708,false,n,tier3_bnc_coca+bnc_coca_band_6k+grade_estimate_10+general_or_nonacademic,advanced,advanced,2.514,10.785,29.999,advanced_seed,advanced_9_to_12.csv
coerce,9,9-12,advanced_9_to_12,4159,705,false,n,tier3_bnc_coca+bnc_coca_band_5k+grade_estimate_9+general_or_nonacademic,advanced,advanced,2.513,10.783,29.998,advanced_seed,advanced_9_to_12.csv
lure,9,9-12,advanced_9_to_12,4494,705,false,n,tier3_bnc_coca+bnc_coca_band_5k+grade_estimate_9+general_or_nonacademic,advanced,advanced,3.513,10.283,29.998,advanced_seed,advanced_9_to_12.csv
dodge,9,9-12,advanced_9_to_12,4271,704,false,n,tier3_bnc_coca+bnc_coca_band_5k+grade_estimate_9+general_or_nonacademic,advanced,advanced,2.512,10.783,29.998,advanced_seed,advanced_9_to_12.csv
oath,9,9-12,advanced_9_to_12,4583,704,false,n,tier3_bnc_coca+bnc_coca_band_5k+grade_estimate_9+general_or_nonacademic,advanced,advanced,3.512,10.283,29.998,advanced_seed,advanced_9_to_12.csv
gland,10,9-12,advanced_9_to_12,5399,704,false,n,tier3_bnc_coca+bnc_coca_band_6k+grade_estimate_10+general_or_nonacademic,advanced,advanced,2.512,10.783,29.998,advanced_seed,advanced_9_to_12.csv
dub,9,9-12,advanced_9_to_12,4281,703,false,n,tier3_bnc_coca+bnc_coca_band_5k+grade_estimate_9+general_or_nonacademic,advanced,advanced,3.512,10.282,29.997,advanced_seed,advanced_9_to_12.csv
hinge,9,9-12,advanced_9_to_12,4411,702,false,n,tier3_bnc_coca+bnc_coca_band_5k+grade_estimate_9+general_or_nonacademic,advanced,advanced,2.511,10.782,29.997,advanced_seed,advanced_9_to_12.csv
pedal,9,9-12,advanced_9_to_12,4623,702,false,v,tier3_bnc_coca+bnc_coca_band_5k+grade_estimate_9+general_or_nonacademic,advanced,advanced,2.511,10.782,29.997,advanced_seed,advanced_9_to_12.csv
hamper,10,9-12,advanced_9_to_12,5421,702,false,v,tier3_bnc_coca+bnc_coca_band_6k+grade_estimate_10+general_or_nonacademic,advanced,advanced,2.511,10.782,29.997,advanced_seed,advanced_9_to_12.csv
stout,10,9-12,advanced_9_to_12,5878,702,false,adj,tier3_bnc_coca+bnc_coca_band_6k+grade_estimate_10+general_or_nonacademic,advanced,advanced,2.511,10.782,29.997,advanced_seed,advanced_9_to_12.csv
innings,9,9-12,advanced_9_to_12,4443,699,false,n,tier3_bnc_coca+bnc_coca_band_5k+grade_estimate_9+general_or_nonacademic,advanced,advanced,1.71,10.281,29.995,advanced_seed,advanced_9_to_12.csv
ripple,9,9-12,advanced_9_to_12,4743,698,false,n,tier3_bnc_coca+bnc_coca_band_5k+grade_estimate_9+general_or_nonacademic,advanced,advanced,2.51,10.78,29.995,advanced_seed,advanced_9_to_12.csv
bulge,9,9-12,advanced_9_to_12,4107,697,false,n,tier3_bnc_coca+bnc_coca_band_5k+grade_estimate_9+general_or_nonacademic,advanced,advanced,2.51,10.78,29.995,advanced_seed,advanced_9_to_12.csv
curator,9,9-12,advanced_9_to_12,4213,697,false,n,tier3_bnc_coca+bnc_coca_band_5k+grade_estimate_9+general_or_nonacademic,advanced,advanced,1.71,10.28,29.995,advanced_seed,advanced_9_to_12.csv
trumpet,9,9-12,advanced_9_to_12,4925,695,false,v,tier3_bnc_coca+bnc_coca_band_5k+grade_estimate_9+general_or_nonacademic,advanced,advanced,1.709,10.279,29.994,advanced_seed,advanced_9_to_12.csv
awe,9,9-12,advanced_9_to_12,4067,694,false,v,tier3_bnc_coca+bnc_coca_band_5k+grade_estimate_9+general_or_nonacademic,advanced,advanced,3.509,10.278,29.993,advanced_seed,advanced_9_to_12.csv
smear,9,9-12,advanced_9_to_12,4804,694,false,v,tier3_bnc_coca+bnc_coca_band_5k+grade_estimate_9+general_or_nonacademic,advanced,advanced,2.509,10.778,29.993,advanced_seed,advanced_9_to_12.csv
dusk,9,9-12,advanced_9_to_12,4286,693,false,n,tier3_bnc_coca+bnc_coca_band_5k+grade_estimate_9+general_or_nonacademic,advanced,advanced,3.508,10.278,29.993,advanced_seed,advanced_9_to_12.csv
weld,9,9-12,advanced_9_to_12,4982,693,false,v,tier3_bnc_coca+bnc_coca_band_5k+grade_estimate_9+general_or_nonacademic,advanced,advanced,3.508,10.278,29.993,advanced_seed,advanced_9_to_12.csv
gutter,10,9-12,advanced_9_to_12,5418,693,false,v,tier3_bnc_coca+bnc_coca_band_6k+grade_estimate_10+general_or_nonacademic,advanced,advanced,2.508,10.778,29.993,advanced_seed,advanced_9_to_12.csv
malign,10,9-12,advanced_9_to_12,5564,693,false,v,tier3_bnc_coca+bnc_coca_band_6k+grade_estimate_10+general_or_nonacademic,advanced,advanced,2.508,10.778,29.993,advanced_seed,advanced_9_to_12.csv
halve,10,9-12,advanced_9_to_12,5420,692,false,n,tier3_bnc_coca+bnc_coca_band_6k+grade_estimate_10+general_or_nonacademic,advanced,advanced,2.508,10.777,29.992,advanced_seed,advanced_9_to_12.csv
congest,9,9-12,advanced_9_to_12,4182,691,false,v,tier3_bnc_coca+bnc_coca_band_5k+grade_estimate_9+general_or_nonacademic,advanced,advanced,1.707,10.277,29.992,advanced_seed,advanced_9_to_12.csv
paste,9,9-12,advanced_9_to_12,4614,691,false,n,tier3_bnc_coca+bnc_coca_band_5k+grade_estimate_9+general_or_nonacademic,advanced,advanced,2.507,10.777,29.992,advanced_seed,advanced_9_to_12.csv
lurk,9,9-12,advanced_9_to_12,4495,689,false,v,tier3_bnc_coca+bnc_coca_band_5k+grade_estimate_9+general_or_nonacademic,advanced,advanced,3.507,10.276,29.991,advanced_seed,advanced_9_to_12.csv
trickle,9,9-12,advanced_9_to_12,4919,689,false,n,tier3_bnc_coca+bnc_coca_band_5k+grade_estimate_9+general_or_nonacademic,advanced,advanced,1.707,10.276,29.991,advanced_seed,advanced_9_to_12.csv
ongoing,9,9-12,advanced_9_to_12,3645,687,false,n,tier3_bnc_coca+bnc_coca_band_4k+grade_estimate_9+general_or_nonacademic,advanced,advanced,1.706,10.275,29.99,advanced_seed,advanced_9_to_12.csv
sneak,9,9-12,advanced_9_to_12,4807,685,false,v,tier3_bnc_coca+bnc_coca_band_5k+grade_estimate_9+general_or_nonacademic,advanced,advanced,2.505,10.774,29.989,advanced_seed,advanced_9_to_12.csv
plume,10,9-12,advanced_9_to_12,5705,685,false,n,tier3_bnc_coca+bnc_coca_band_6k+grade_estimate_10+general_or_nonacademic,advanced,advanced,2.505,10.774,29.989,advanced_seed,advanced_9_to_12.csv
poach,10,9-12,advanced_9_to_12,5708,685,false,v,tier3_bnc_coca+bnc_coca_band_6k+grade_estimate_10+general_or_nonacademic,advanced,advanced,2.505,10.774,29.989,advanced_seed,advanced_9_to_12.csv
stifle,10,9-12,advanced_9_to_12,5875,685,false,n,tier3_bnc_coca+bnc_coca_band_6k+grade_estimate_10+general_or_nonacademic,advanced,advanced,2.505,10.774,29.989,advanced_seed,advanced_9_to_12.csv
lethal,9,9-12,advanced_9_to_12,4482,684,false,adj,tier3_bnc_coca+bnc_coca_band_5k+grade_estimate_9+general_or_nonacademic,advanced,advanced,2.505,10.773,29.989,advanced_seed,advanced_9_to_12.csv
noxious,11,9-12,advanced_9_to_12,8604,176,false,adj,tier3_bnc_coca+bnc_coca_band_9k+grade_estimate_11+general_or_nonacademic,advanced,advanced,1.362,8.316,29.989,advanced_seed,advanced_9_to_12.csv
picket,10,9-12,advanced_9_to_12,5694,682,false,v,tier3_bnc_coca+bnc_coca_band_6k+grade_estimate_10+general_or_nonacademic,advanced,advanced,2.504,10.772,29.988,advanced_seed,advanced_9_to_12.csv
envisage,11,9-12,advanced_9_to_12,7308,1844,false,n,tier3_bnc_coca+bnc_coca_band_8k+grade_estimate_11+general_or_nonacademic,advanced,advanced,1.961,9.114,29.988,advanced_seed,advanced_9_to_12.csv
cocaine,9,9-12,advanced_9_to_12,4155,681,false,n,tier3_bnc_coca+bnc_coca_band_5k+grade_estimate_9+general_or_nonacademic,advanced,advanced,1.704,10.272,29.988,advanced_seed,advanced_9_to_12.csv
cradle,9,9-12,advanced_9_to_12,4198,681,false,n,tier3_bnc_coca+bnc_coca_band_5k+grade_estimate_9+general_or_nonacademic,advanced,advanced,2.504,10.772,29.988,advanced_seed,advanced_9_to_12.csv
redeem,10,9-12,advanced_9_to_12,5759,681,false,v,tier3_bnc_coca+bnc_coca_band_6k+grade_estimate_10+general_or_nonacademic,advanced,advanced,2.504,10.772,29.988,advanced_seed,advanced_9_to_12.csv
wasp,10,9-12,advanced_9_to_12,5977,681,false,n,tier3_bnc_coca+bnc_coca_band_6k+grade_estimate_10+general_or_nonacademic,advanced,advanced,3.504,10.272,29.988,advanced_seed,advanced_9_to_12.csv
reflex,10,9-12,advanced_9_to_12,5762,680,false,n,tier3_bnc_coca+bnc_coca_band_6k+grade_estimate_10+general_or_nonacademic,advanced,advanced,2.503,10.771,29.987,advanced_seed,advanced_9_to_12.csv
flake,9,9-12,advanced_9_to_12,4346,679,false,n,tier3_bnc_coca+bnc_coca_band_5k+grade_estimate_9+general_or_nonacademic,advanced,advanced,2.503,10.771,29.987,advanced_seed,advanced_9_to_12.csv
rake,9,9-12,advanced_9_to_12,4697,679,false,n,tier3_bnc_coca+bnc_coca_band_5k+grade_estimate_9+general_or_nonacademic,advanced,advanced,3.503,10.271,29.987,advanced_seed,advanced_9_to_12.csv
jug,10,9-12,advanced_9_to_12,5514,679,false,n,tier3_bnc_coca+bnc_coca_band_6k+grade_estimate_10+general_or_nonacademic,advanced,advanced,3.503,10.271,29.987,advanced_seed,advanced_9_to_12.csv
purport,10,9-12,advanced_9_to_12,5736,679,false,v,tier3_bnc_coca+bnc_coca_band_6k+grade_estimate_10+general_or_nonacademic,advanced,advanced,1.703,10.271,29.987,advanced_seed,advanced_9_to_12.csv
prophet,9,9-12,advanced_9_to_12,4675,677,false,n,tier3_bnc_coca+bnc_coca_band_5k+grade_estimate_9+general_or_nonacademic,advanced,advanced,1.702,10.27,29.986,advanced_seed,advanced_9_to_12.csv
gentry,10,9-12,advanced_9_to_12,5395,677,false,n,tier3_bnc_coca+bnc_coca_band_6k+grade_estimate_10+general_or_nonacademic,advanced,advanced,2.502,10.77,29.986,advanced_seed,advanced_9_to_12.csv
saloon,10,9-12,advanced_9_to_12,5802,677,false,n,tier3_bnc_coca+bnc_coca_band_6k+grade_estimate_10+general_or_nonacademic,advanced,advanced,2.502,10.77,29.986,advanced_seed,advanced_9_to_12.csv
cobble,10,9-12,advanced_9_to_12,5177,676,false,n,tier3_bnc_coca+bnc_coca_band_6k+grade_estimate_10+general_or_nonacademic,advanced,advanced,2.502,10.769,29.985,advanced_seed,advanced_9_to_12.csv
probate,12,9-12,advanced_9_to_12,9717,174,false,v,tier3_bnc_coca+bnc_coca_band_10k+grade_estimate_12+general_or_nonacademic,advanced,advanced,1.359,8.312,29.985,advanced_seed,advanced_9_to_12.csv
cane,9,9-12,advanced_9_to_12,4116,675,false,n,tier3_bnc_coca+bnc_coca_band_5k+grade_estimate_9+general_or_nonacademic,advanced,advanced,3.501,10.269,29.985,advanced_seed,advanced_9_to_12.csv
logo,9,9-12,advanced_9_to_12,4492,675,false,n,tier3_bnc_coca+bnc_coca_band_5k+grade_estimate_9+general_or_nonacademic,advanced,advanced,3.501,10.269,29.985,advanced_seed,advanced_9_to_12.csv
pluck,9,9-12,advanced_9_to_12,4656,673,false,v,tier3_bnc_coca+bnc_coca_band_5k+grade_estimate_9+general_or_nonacademic,advanced,advanced,2.501,10.768,29.984,advanced_seed,advanced_9_to_12.csv
revolve,9,9-12,advanced_9_to_12,4737,673,false,n,tier3_bnc_coca+bnc_coca_band_5k+grade_estimate_9+general_or_nonacademic,advanced,advanced,1.701,10.268,29.984,advanced_seed,advanced_9_to_12.csv
ibid,10,9-12,advanced_9_to_12,5458,673,false,n,tier3_bnc_coca+bnc_coca_band_6k+grade_estimate_10+general_or_nonacademic,advanced,advanced,3.501,10.268,29.984,advanced_seed,advanced_9_to_12.csv
maiden,10,9-12,advanced_9_to_12,5561,673,false,adj,tier3_bnc_coca+bnc_coca_band_6k+grade_estimate_10+general_or_nonacademic,advanced,advanced,2.501,10.768,29.984,advanced_seed,advanced_9_to_12.csv
orchard,10,9-12,advanced_9_to_12,5638,673,false,n,tier3_bnc_coca+bnc_coca_band_6k+grade_estimate_10+general_or_nonacademic,advanced,advanced,1.701,10.268,29.984,advanced_seed,advanced_9_to_12.csv
cleanse,9,9-12,advanced_9_to_12,4149,672,false,n,tier3_bnc_coca+bnc_coca_band_5k+grade_estimate_9+general_or_nonacademic,advanced,advanced,1.7,10.267,29.984,advanced_seed,advanced_9_to_12.csv
rite,9,9-12,advanced_9_to_12,4744,672,false,n,tier3_bnc_coca+bnc_coca_band_5k+grade_estimate_9+general_or_nonacademic,advanced,advanced,3.5,10.267,29.984,advanced_seed,advanced_9_to_12.csv
vigil,9,9-12,advanced_9_to_12,4962,672,false,n,tier3_bnc_coca+bnc_coca_band_5k+grade_estimate_9+general_or_nonacademic,advanced,advanced,2.5,10.767,29.984,advanced_seed,advanced_9_to_12.csv
brownie,10,9-12,advanced_9_to_12,5116,672,false,n,tier3_bnc_coca+bnc_coca_band_6k+grade_estimate_10+general_or_nonacademic,advanced,advanced,1.7,10.267,29.984,advanced_seed,advanced_9_to_12.csv
plump,10,9-12,advanced_9_to_12,5706,672,false,v,tier3_bnc_coca+bnc_coca_band_6k+grade_estimate_10+general_or_nonacademic,advanced,advanced,2.5,10.767,29.984,advanced_seed,advanced_9_to_12.csv
epic,9,9-12,advanced_9_to_12,4316,671,false,adj,tier3_bnc_coca+bnc_coca_band_5k+grade_estimate_9+general_or_nonacademic,advanced,advanced,3.5,10.267,29.983,advanced_seed,advanced_9_to_12.csv
spear,9,9-12,advanced_9_to_12,4825,671,false,v,tier3_bnc_coca+bnc_coca_band_5k+grade_estimate_9+general_or_nonacademic,advanced,advanced,2.5,10.767,29.983,advanced_seed,advanced_9_to_12.csv
justly,10,9-12,advanced_9_to_12,5517,671,false,adv,tier3_bnc_coca+bnc_coca_band_6k+grade_estimate_10+general_or_nonacademic,advanced,advanced,2.5,10.767,29.983,advanced_seed,advanced_9_to_12.csv
wallet,9,9-12,advanced_9_to_12,4976,670,false,n,tier3_bnc_coca+bnc_coca_band_5k+grade_estimate_9+general_or_nonacademic,advanced,advanced,2.5,10.766,29.983,advanced_seed,advanced_9_to_12.csv
shutter,10,9-12,advanced_9_to_12,5833,670,false,v,tier3_bnc_coca+bnc_coca_band_6k+grade_estimate_10+general_or_nonacademic,advanced,advanced,1.7,10.266,29.983,advanced_seed,advanced_9_to_12.csv
martyr,9,9-12,advanced_9_to_12,4511,668,false,v,tier3_bnc_coca+bnc_coca_band_5k+grade_estimate_9+general_or_nonacademic,advanced,advanced,2.499,10.765,29.982,advanced_seed,advanced_9_to_12.csv
bout,9,9-12,advanced_9_to_12,4094,665,false,n,tier3_bnc_coca+bnc_coca_band_5k+grade_estimate_9+general_or_nonacademic,advanced,advanced,3.498,10.263,29.981,advanced_seed,advanced_9_to_12.csv
feeble,10,9-12,advanced_9_to_12,5345,665,false,n,tier3_bnc_coca+bnc_coca_band_6k+grade_estimate_10+general_or_nonacademic,advanced,advanced,2.498,10.763,29.981,advanced_seed,advanced_9_to_12.csv
secrecy,10,9-12,advanced_9_to_12,5817,665,false,n,tier3_bnc_coca+bnc_coca_band_6k+grade_estimate_10+general_or_nonacademic,advanced,advanced,1.698,10.263,29.981,advanced_seed,advanced_9_to_12.csv
oxide,10,9-12,advanced_9_to_12,5654,664,false,n,tier3_bnc_coca+bnc_coca_band_6k+grade_estimate_10+general_or_nonacademic,advanced,advanced,2.497,10.763,29.98,advanced_seed,advanced_9_to_12.csv
revere,9,9-12,advanced_9_to_12,4735,661,false,n,tier3_bnc_coca+bnc_coca_band_5k+grade_estimate_9+general_or_nonacademic,advanced,advanced,2.496,10.761,29.979,advanced_seed,advanced_9_to_12.csv
cigar,9,9-12,advanced_9_to_12,4142,660,false,n,tier3_bnc_coca+bnc_coca_band_5k+grade_estimate_9+general_or_nonacademic,advanced,advanced,2.496,10.761,29.978,advanced_seed,advanced_9_to_12.csv
spawn,9,9-12,advanced_9_to_12,4824,660,false,v,tier3_bnc_coca+bnc_coca_band_5k+grade_estimate_9+general_or_nonacademic,advanced,advanced,2.496,10.761,29.978,advanced_seed,advanced_9_to_12.csv
trailer,9,9-12,advanced_9_to_12,4912,660,false,n,tier3_bnc_coca+bnc_coca_band_5k+grade_estimate_9+general_or_nonacademic,advanced,advanced,1.696,10.261,29.978,advanced_seed,advanced_9_to_12.csv
vent,9,9-12,advanced_9_to_12,4954,660,false,v,tier3_bnc_coca+bnc_coca_band_5k+grade_estimate_9+general_or_nonacademic,advanced,advanced,3.496,10.261,29.978,advanced_seed,advanced_9_to_12.csv
granny,10,9-12,advanced_9_to_12,5409,660,false,n,tier3_bnc_coca+bnc_coca_band_6k+grade_estimate_10+general_or_nonacademic,advanced,advanced,2.496,10.761,29.978,advanced_seed,advanced_9_to_12.csv
clumsy,10,9-12,advanced_9_to_12,5175,659,false,n,tier3_bnc_coca+bnc_coca_band_6k+grade_estimate_10+general_or_nonacademic,advanced,advanced,2.495,10.76,29.978,advanced_seed,advanced_9_to_12.csv
compost,9,9-12,advanced_9_to_12,4174,658,false,v,tier3_bnc_coca+bnc_coca_band_5k+grade_estimate_9+general_or_nonacademic,advanced,advanced,1.695,10.26,29.977,advanced_seed,advanced_9_to_12.csv
swirl,9,9-12,advanced_9_to_12,4870,658,false,v,tier3_bnc_coca+bnc_coca_band_5k+grade_estimate_9+general_or_nonacademic,advanced,advanced,2.495,10.76,29.977,advanced_seed,advanced_9_to_12.csv
cleave,10,9-12,advanced_9_to_12,5167,658,false,n,tier3_bnc_coca+bnc_coca_band_6k+grade_estimate_10+general_or_nonacademic,advanced,advanced,2.495,10.76,29.977,advanced_seed,advanced_9_to_12.csv
joist,12,9-12,advanced_9_to_12,9488,169,false,n,tier3_bnc_coca+bnc_coca_band_10k+grade_estimate_12+general_or_nonacademic,advanced,advanced,2.152,8.802,29.977,advanced_seed,advanced_9_to_12.csv
rumble,9,9-12,advanced_9_to_12,4749,657,false,n,tier3_bnc_coca+bnc_coca_band_5k+grade_estimate_9+general_or_nonacademic,advanced,advanced,2.494,10.759,29.977,advanced_seed,advanced_9_to_12.csv
abide,10,9-12,advanced_9_to_12,5002,657,false,n,tier3_bnc_coca+bnc_coca_band_6k+grade_estimate_10+general_or_nonacademic,advanced,advanced,2.494,10.759,29.977,advanced_seed,advanced_9_to_12.csv
forgo,10,9-12,advanced_9_to_12,5372,657,false,v,tier3_bnc_coca+bnc_coca_band_6k+grade_estimate_10+general_or_nonacademic,advanced,advanced,2.494,10.759,29.977,advanced_seed,advanced_9_to_12.csv
prune,10,9-12,advanced_9_to_12,5729,657,false,n,tier3_bnc_coca+bnc_coca_band_6k+grade_estimate_10+general_or_nonacademic,advanced,advanced,2.494,10.759,29.977,advanced_seed,advanced_9_to_12.csv
twofold,10,9-12,advanced_9_to_12,5940,657,false,n,tier3_bnc_coca+bnc_coca_band_6k+grade_estimate_10+general_or_nonacademic,advanced,advanced,1.694,10.259,29.977,advanced_seed,advanced_9_to_12.csv
coke,9,9-12,advanced_9_to_12,4161,655,false,n,tier3_bnc_coca+bnc_coca_band_5k+grade_estimate_9+general_or_nonacademic,advanced,advanced,3.494,10.258,29.976,advanced_seed,advanced_9_to_12.csv
bleach,10,9-12,advanced_9_to_12,5093,654,false,v,tier3_bnc_coca+bnc_coca_band_6k+grade_estimate_10+general_or_nonacademic,advanced,advanced,2.493,10.758,29.976,advanced_seed,advanced_9_to_12.csv
cram,10,9-12,advanced_9_to_12,5217,654,false,n,tier3_bnc_coca+bnc_coca_band_6k+grade_estimate_10+general_or_nonacademic,advanced,advanced,3.493,10.258,29.976,advanced_seed,advanced_9_to_12.csv
dole,9,9-12,advanced_9_to_12,4272,653,false,n,tier3_bnc_coca+bnc_coca_band_5k+grade_estimate_9+general_or_nonacademic,advanced,advanced,3.493,10.257,29.975,advanced_seed,advanced_9_to_12.csv
skim,10,9-12,advanced_9_to_12,5840,653,false,n,tier3_bnc_coca+bnc_coca_band_6k+grade_estimate_10+general_or_nonacademic,advanced,advanced,3.493,10.257,29.975,advanced_seed,advanced_9_to_12.csv
junk,9,9-12,advanced_9_to_12,4465,652,false,n,tier3_bnc_coca+bnc_coca_band_5k+grade_estimate_9+general_or_nonacademic,advanced,advanced,3.493,10.257,29.975,advanced_seed,advanced_9_to_12.csv
memoir,9,9-12,advanced_9_to_12,4523,652,false,n,tier3_bnc_coca+bnc_coca_band_5k+grade_estimate_9+general_or_nonacademic,advanced,advanced,2.493,10.757,29.975,advanced_seed,advanced_9_to_12.csv
purge,10,9-12,advanced_9_to_12,5734,652,false,n,tier3_bnc_coca+bnc_coca_band_6k+grade_estimate_10+general_or_nonacademic,advanced,advanced,2.493,10.757,29.975,advanced_seed,advanced_9_to_12.csv
slit,10,9-12,advanced_9_to_12,5847,652,false,n,tier3_bnc_coca+bnc_coca_band_6k+grade_estimate_10+general_or_nonacademic,advanced,advanced,3.493,10.257,29.975,advanced_seed,advanced_9_to_12.csv
durable,9,9-12,advanced_9_to_12,4285,651,false,adj,tier3_bnc_coca+bnc_coca_band_5k+grade_estimate_9+general_or_nonacademic,advanced,advanced,1.692,10.256,29.974,advanced_seed,advanced_9_to_12.csv
aisle,9,9-12,advanced_9_to_12,4015,649,false,n,tier3_bnc_coca+bnc_coca_band_5k+grade_estimate_9+general_or_nonacademic,advanced,advanced,2.491,10.755,29.973,advanced_seed,advanced_9_to_12.csv
crow,10,9-12,advanced_9_to_12,5224,648,false,v,tier3_bnc_coca+bnc_coca_band_6k+grade_estimate_10+general_or_nonacademic,advanced,advanced,3.491,10.255,29.973,advanced_seed,advanced_9_to_12.csv
glossy,10,9-12,advanced_9_to_12,5403,648,false,n,tier3_bnc_coca+bnc_coca_band_6k+grade_estimate_10+general_or_nonacademic,advanced,advanced,2.491,10.755,29.973,advanced_seed,advanced_9_to_12.csv
punk,10,9-12,advanced_9_to_12,5732,648,false,n,tier3_bnc_coca+bnc_coca_band_6k+grade_estimate_10+general_or_nonacademic,advanced,advanced,3.491,10.255,29.973,advanced_seed,advanced_9_to_12.csv
yawn,10,9-12,advanced_9_to_12,5996,648,false,v,tier3_bnc_coca+bnc_coca_band_6k+grade_estimate_10+general_or_nonacademic,advanced,advanced,3.491,10.255,29.973,advanced_seed,advanced_9_to_12.csv
fluent,10,9-12,advanced_9_to_12,5361,647,false,adj,tier3_bnc_coca+bnc_coca_band_6k+grade_estimate_10+general_or_nonacademic,advanced,advanced,2.491,10.754,29.972,advanced_seed,advanced_9_to_12.csv
impetus,10,9-12,advanced_9_to_12,5465,647,false,n,tier3_bnc_coca+bnc_coca_band_6k+grade_estimate_10+general_or_nonacademic,advanced,advanced,1.691,10.254,29.972,advanced_seed,advanced_9_to_12.csv
loathe,10,9-12,advanced_9_to_12,5543,647,false,n,tier3_bnc_coca+bnc_coca_band_6k+grade_estimate_10+general_or_nonacademic,advanced,advanced,2.491,10.754,29.972,advanced_seed,advanced_9_to_12.csv
toddle,9,9-12,advanced_9_to_12,4901,646,false,n,tier3_bnc_coca+bnc_coca_band_5k+grade_estimate_9+general_or_nonacademic,advanced,advanced,2.49,10.754,29.972,advanced_seed,advanced_9_to_12.csv
salute,9,9-12,advanced_9_to_12,4756,645,false,n,tier3_bnc_coca+bnc_coca_band_5k+grade_estimate_9+general_or_nonacademic,advanced,advanced,2.49,10.753,29.971,advanced_seed,advanced_9_to_12.csv
turf,9,9-12,advanced_9_to_12,4928,645,false,v,tier3_bnc_coca+bnc_coca_band_5k+grade_estimate_9+general_or_nonacademic,advanced,advanced,3.49,10.253,29.971,advanced_seed,advanced_9_to_12.csv
hitch,10,9-12,advanced_9_to_12,5434,645,false,v,tier3_bnc_coca+bnc_coca_band_6k+grade_estimate_10+general_or_nonacademic,advanced,advanced,2.49,10.753,29.971,advanced_seed,advanced_9_to_12.csv
allergy,9,9-12,advanced_9_to_12,4019,644,false,n,tier3_bnc_coca+bnc_coca_band_5k+grade_estimate_9+general_or_nonacademic,advanced,advanced,1.689,10.252,29.971,advanced_seed,advanced_9_to_12.csv
lust,9,9-12,advanced_9_to_12,4496,644,false,n,tier3_bnc_coca+bnc_coca_band_5k+grade_estimate_9+general_or_nonacademic,advanced,advanced,3.489,10.252,29.971,advanced_seed,advanced_9_to_12.csv
seduce,9,9-12,advanced_9_to_12,4767,644,false,n,tier3_bnc_coca+bnc_coca_band_5k+grade_estimate_9+general_or_nonacademic,advanced,advanced,2.489,10.752,29.971,advanced_seed,advanced_9_to_12.csv
acclaim,10,9-12,advanced_9_to_12,5005,644,false,v,tier3_bnc_coca+bnc_coca_band_6k+grade_estimate_10+general_or_nonacademic,advanced,advanced,1.689,10.252,29.971,advanced_seed,advanced_9_to_12.csv
deform,10,9-12,advanced_9_to_12,5241,644,false,v,tier3_bnc_coca+bnc_coca_band_6k+grade_estimate_10+general_or_nonacademic,advanced,advanced,2.489,10.752,29.971,advanced_seed,advanced_9_to_12.csv
breadth,10,9-12,advanced_9_to_12,5110,643,false,n,tier3_bnc_coca+bnc_coca_band_6k+grade_estimate_10+general_or_nonacademic,advanced,advanced,1.689,10.252,29.97,advanced_seed,advanced_9_to_12.csv
fanatic,10,9-12,advanced_9_to_12,5342,643,false,adj,tier3_bnc_coca+bnc_coca_band_6k+grade_estimate_10+general_or_nonacademic,advanced,advanced,1.689,10.252,29.97,advanced_seed,advanced_9_to_12.csv
thrash,10,9-12,advanced_9_to_12,5912,643,false,v,tier3_bnc_coca+bnc_coca_band_6k+grade_estimate_10+general_or_nonacademic,advanced,advanced,2.489,10.752,29.97,advanced_seed,advanced_9_to_12.csv
midst,9,9-12,advanced_9_to_12,4529,642,false,n,tier3_bnc_coca+bnc_coca_band_5k+grade_estimate_9+general_or_nonacademic,advanced,advanced,2.489,10.751,29.97,advanced_seed,advanced_9_to_12.csv
mimic,9,9-12,advanced_9_to_12,4534,641,false,adj,tier3_bnc_coca+bnc_coca_band_5k+grade_estimate_9+general_or_nonacademic,advanced,advanced,2.488,10.751,29.97,advanced_seed,advanced_9_to_12.csv
granite,10,9-12,advanced_9_to_12,5408,641,false,n,tier3_bnc_coca+bnc_coca_band_6k+grade_estimate_10+general_or_nonacademic,advanced,advanced,1.688,10.251,29.97,advanced_seed,advanced_9_to_12.csv
mingle,10,9-12,advanced_9_to_12,5590,641,false,n,tier3_bnc_coca+bnc_coca_band_6k+grade_estimate_10+general_or_nonacademic,advanced,advanced,2.488,10.751,29.97,advanced_seed,advanced_9_to_12.csv
suffice,10,9-12,advanced_9_to_12,5892,640,false,n,tier3_bnc_coca+bnc_coca_band_6k+grade_estimate_10+general_or_nonacademic,advanced,advanced,1.688,10.25,29.969,advanced_seed,advanced_9_to_12.csv
wail,9,9-12,advanced_9_to_12,4975,639,false,v,tier3_bnc_coca+bnc_coca_band_5k+grade_estimate_9+general_or_nonacademic,advanced,advanced,3.487,10.25,29.969,advanced_seed,advanced_9_to_12.csv
bustle,10,9-12,advanced_9_to_12,5127,639,false,n,tier3_bnc_coca+bnc_coca_band_6k+grade_estimate_10+general_or_nonacademic,advanced,advanced,2.487,10.75,29.969,advanced_seed,advanced_9_to_12.csv
vault,10,9-12,advanced_9_to_12,5963,639,false,n,tier3_bnc_coca+bnc_coca_band_6k+grade_estimate_10+general_or_nonacademic,advanced,advanced,2.487,10.75,29.969,advanced_seed,advanced_9_to_12.csv
oesophagus,12,9-12,advanced_9_to_12,9610,1730,false,n,tier3_bnc_coca+bnc_coca_band_10k+grade_estimate_12+general_or_nonacademic,advanced,advanced,1.944,9.092,29.968,advanced_seed,advanced_9_to_12.csv
ponder,9,9-12,advanced_9_to_12,4659,638,false,v,tier3_bnc_coca+bnc_coca_band_5k+grade_estimate_9+general_or_nonacademic,advanced,advanced,2.487,10.749,29.968,advanced_seed,advanced_9_to_12.csv
subdue,10,9-12,advanced_9_to_12,5886,638,false,n,tier3_bnc_coca+bnc_coca_band_6k+grade_estimate_10+general_or_nonacademic,advanced,advanced,2.487,10.749,29.968,advanced_seed,advanced_9_to_12.csv
tabloid,9,9-12,advanced_9_to_12,4875,637,false,n,tier3_bnc_coca+bnc_coca_band_5k+grade_estimate_9+general_or_nonacademic,advanced,advanced,1.687,10.249,29.968,advanced_seed,advanced_9_to_12.csv
ashore,10,9-12,advanced_9_to_12,5053,636,false,n,tier3_bnc_coca+bnc_coca_band_6k+grade_estimate_10+general_or_nonacademic,advanced,advanced,2.486,10.748,29.967,advanced_seed,advanced_9_to_12.csv
conjure,10,9-12,advanced_9_to_12,5195,636,false,n,tier3_bnc_coca+bnc_coca_band_6k+grade_estimate_10+general_or_nonacademic,advanced,advanced,1.686,10.248,29.967,advanced_seed,advanced_9_to_12.csv
fret,10,9-12,advanced_9_to_12,5380,636,false,n,tier3_bnc_coca+bnc_coca_band_6k+grade_estimate_10+general_or_nonacademic,advanced,advanced,3.486,10.248,29.967,advanced_seed,advanced_9_to_12.csv
indict,9,9-12,advanced_9_to_12,4435,635,false,v,tier3_bnc_coca+bnc_coca_band_5k+grade_estimate_9+general_or_nonacademic,advanced,advanced,2.486,10.748,29.967,advanced_seed,advanced_9_to_12.csv
gist,12,9-12,advanced_9_to_12,9384,163,false,n,tier3_bnc_coca+bnc_coca_band_10k+grade_estimate_12+general_or_nonacademic,advanced,advanced,3.143,8.29,29.967,advanced_seed,advanced_9_to_12.csv
attic,10,9-12,advanced_9_to_12,5058,634,false,adj,tier3_bnc_coca+bnc_coca_band_6k+grade_estimate_10+general_or_nonacademic,advanced,advanced,2.485,10.747,29.966,advanced_seed,advanced_9_to_12.csv
shrewd,10,9-12,advanced_9_to_12,5830,634,false,adj,tier3_bnc_coca+bnc_coca_band_6k+grade_estimate_10+general_or_nonacademic,advanced,advanced,2.485,10.747,29.966,advanced_seed,advanced_9_to_12.csv
vomit,10,9-12,advanced_9_to_12,5969,634,false,v,tier3_bnc_coca+bnc_coca_band_6k+grade_estimate_10+general_or_nonacademic,advanced,advanced,2.485,10.747,29.966,advanced_seed,advanced_9_to_12.csv
mumble,10,9-12,advanced_9_to_12,5605,633,false,n,tier3_bnc_coca+bnc_coca_band_6k+grade_estimate_10+general_or_nonacademic,advanced,advanced,2.485,10.747,29.966,advanced_seed,advanced_9_to_12.csv
ragged,10,9-12,advanced_9_to_12,5747,632,false,adj,tier3_bnc_coca+bnc_coca_band_6k+grade_estimate_10+general_or_nonacademic,advanced,advanced,2.485,10.746,29.965,advanced_seed,advanced_9_to_12.csv
pulsate,11,9-12,advanced_9_to_12,8712,162,false,v,tier3_bnc_coca+bnc_coca_band_9k+grade_estimate_11+general_or_nonacademic,advanced,advanced,1.341,8.288,29.965,advanced_seed,advanced_9_to_12.csv
pagan,10,9-12,advanced_9_to_12,5656,631,false,n,tier3_bnc_coca+bnc_coca_band_6k+grade_estimate_10+general_or_nonacademic,advanced,advanced,2.484,10.745,29.965,advanced_seed,advanced_9_to_12.csv
etch,10,9-12,advanced_9_to_12,5321,630,false,v,tier3_bnc_coca+bnc_coca_band_6k+grade_estimate_10+general_or_nonacademic,advanced,advanced,3.484,10.245,29.964,advanced_seed,advanced_9_to_12.csv
mesh,10,9-12,advanced_9_to_12,5582,629,false,v,tier3_bnc_coca+bnc_coca_band_6k+grade_estimate_10+general_or_nonacademic,advanced,advanced,3.483,10.244,29.964,advanced_seed,advanced_9_to_12.csv
terrain,9,9-12,advanced_9_to_12,4891,628,false,n,tier3_bnc_coca+bnc_coca_band_5k+grade_estimate_9+general_or_nonacademic,advanced,advanced,1.683,10.244,29.963,advanced_seed,advanced_9_to_12.csv
expanse,9,9-12,advanced_9_to_12,4327,627,false,n,tier3_bnc_coca+bnc_coca_band_5k+grade_estimate_9+general_or_nonacademic,advanced,advanced,1.682,10.243,29.963,advanced_seed,advanced_9_to_12.csv
gum,9,9-12,advanced_9_to_12,4390,627,false,n,tier3_bnc_coca+bnc_coca_band_5k+grade_estimate_9+general_or_nonacademic,advanced,advanced,3.482,10.243,29.963,advanced_seed,advanced_9_to_12.csv
alas,10,9-12,advanced_9_to_12,5024,627,false,int,tier3_bnc_coca+bnc_coca_band_6k+grade_estimate_10+general_or_nonacademic,advanced,advanced,3.482,10.243,29.963,advanced_seed,advanced_9_to_12.csv
curry,10,9-12,advanced_9_to_12,5230,627,false,v,tier3_bnc_coca+bnc_coca_band_6k+grade_estimate_10+general_or_nonacademic,advanced,advanced,2.482,10.743,29.963,advanced_seed,advanced_9_to_12.csv
fortify,10,9-12,advanced_9_to_12,5373,627,false,v,tier3_bnc_coca+bnc_coca_band_6k+grade_estimate_10+general_or_nonacademic,advanced,advanced,1.682,10.243,29.963,advanced_seed,advanced_9_to_12.csv
stereo,9,9-12,advanced_9_to_12,4842,626,false,n,tier3_bnc_coca+bnc_coca_band_5k+grade_estimate_9+general_or_nonacademic,advanced,advanced,2.482,10.743,29.962,advanced_seed,advanced_9_to_12.csv
pike,10,9-12,advanced_9_to_12,5697,624,false,n,tier3_bnc_coca+bnc_coca_band_6k+grade_estimate_10+general_or_nonacademic,advanced,advanced,3.481,10.242,29.961,advanced_seed,advanced_9_to_12.csv
raucous,11,9-12,advanced_9_to_12,8730,160,false,adj,tier3_bnc_coca+bnc_coca_band_9k+grade_estimate_11+general_or_nonacademic,advanced,advanced,1.338,8.284,29.961,advanced_seed,advanced_9_to_12.csv
buffet,10,9-12,advanced_9_to_12,5119,623,false,n,tier3_bnc_coca+bnc_coca_band_6k+grade_estimate_10+general_or_nonacademic,advanced,advanced,2.481,10.741,29.961,advanced_seed,advanced_9_to_12.csv
nude,9,9-12,advanced_9_to_12,4576,621,false,n,tier3_bnc_coca+bnc_coca_band_5k+grade_estimate_9+general_or_nonacademic,advanced,advanced,3.48,10.24,29.96,advanced_seed,advanced_9_to_12.csv
pizza,9,9-12,advanced_9_to_12,4649,621,false,n,tier3_bnc_coca+bnc_coca_band_5k+grade_estimate_9+general_or_nonacademic,advanced,advanced,2.48,10.74,29.96,advanced_seed,advanced_9_to_12.csv
caress,10,9-12,advanced_9_to_12,5139,620,false,v,tier3_bnc_coca+bnc_coca_band_6k+grade_estimate_10+general_or_nonacademic,advanced,advanced,2.48,10.739,29.96,advanced_seed,advanced_9_to_12.csv
jelly,10,9-12,advanced_9_to_12,5510,620,false,adv,tier3_bnc_coca+bnc_coca_band_6k+grade_estimate_10+general_or_nonacademic,advanced,advanced,2.48,10.739,29.96,advanced_seed,advanced_9_to_12.csv
staple,10,9-12,advanced_9_to_12,5871,620,false,n,tier3_bnc_coca+bnc_coca_band_6k+grade_estimate_10+general_or_nonacademic,advanced,advanced,2.48,10.739,29.96,advanced_seed,advanced_9_to_12.csv
hockey,9,9-12,advanced_9_to_12,4413,619,false,n,tier3_bnc_coca+bnc_coca_band_5k+grade_estimate_9+general_or_nonacademic,advanced,advanced,2.479,10.739,29.959,advanced_seed,advanced_9_to_12.csv
gin,10,9-12,advanced_9_to_12,5397,619,false,n,tier3_bnc_coca+bnc_coca_band_6k+grade_estimate_10+general_or_nonacademic,advanced,advanced,3.479,10.239,29.959,advanced_seed,advanced_9_to_12.csv
canopy,10,9-12,advanced_9_to_12,5133,616,false,n,tier3_bnc_coca+bnc_coca_band_6k+grade_estimate_10+general_or_nonacademic,advanced,advanced,2.478,10.737,29.958,advanced_seed,advanced_9_to_12.csv
buckle,9,9-12,advanced_9_to_12,4104,615,false,n,tier3_bnc_coca+bnc_coca_band_5k+grade_estimate_9+general_or_nonacademic,advanced,advanced,2.478,10.737,29.957,advanced_seed,advanced_9_to_12.csv
pork,9,9-12,advanced_9_to_12,4662,614,false,n,tier3_bnc_coca+bnc_coca_band_5k+grade_estimate_9+general_or_nonacademic,advanced,advanced,3.477,10.236,29.957,advanced_seed,advanced_9_to_12.csv
elicit,9,9-12,advanced_9_to_12,4300,613,false,v,tier3_bnc_coca+bnc_coca_band_5k+grade_estimate_9+general_or_nonacademic,advanced,advanced,2.477,10.736,29.956,advanced_seed,advanced_9_to_12.csv
polo,10,9-12,advanced_9_to_12,5709,613,false,n,tier3_bnc_coca+bnc_coca_band_6k+grade_estimate_10+general_or_nonacademic,advanced,advanced,3.477,10.236,29.956,advanced_seed,advanced_9_to_12.csv
trek,10,9-12,advanced_9_to_12,5927,613,false,n,tier3_bnc_coca+bnc_coca_band_6k+grade_estimate_10+general_or_nonacademic,advanced,advanced,3.477,10.236,29.956,advanced_seed,advanced_9_to_12.csv
penance,12,9-12,advanced_9_to_12,9667,157,false,n,tier3_bnc_coca+bnc_coca_band_10k+grade_estimate_12+general_or_nonacademic,advanced,advanced,1.334,8.278,29.956,advanced_seed,advanced_9_to_12.csv
bombard,10,9-12,advanced_9_to_12,5103,612,false,v,tier3_bnc_coca+bnc_coca_band_6k+grade_estimate_10+general_or_nonacademic,advanced,advanced,1.676,10.235,29.956,advanced_seed,advanced_9_to_12.csv
liner,10,9-12,advanced_9_to_12,5536,612,false,n,tier3_bnc_coca+bnc_coca_band_6k+grade_estimate_10+general_or_nonacademic,advanced,advanced,2.476,10.735,29.956,advanced_seed,advanced_9_to_12.csv
ail,9,9-12,advanced_9_to_12,4013,611,false,v,tier3_bnc_coca+bnc_coca_band_5k+grade_estimate_9+general_or_nonacademic,advanced,advanced,3.476,10.234,29.955,advanced_seed,advanced_9_to_12.csv
rinse,9,9-12,advanced_9_to_12,4741,611,false,n,tier3_bnc_coca+bnc_coca_band_5k+grade_estimate_9+general_or_nonacademic,advanced,advanced,2.476,10.734,29.955,advanced_seed,advanced_9_to_12.csv
visa,9,9-12,advanced_9_to_12,4967,610,false,n,tier3_bnc_coca+bnc_coca_band_5k+grade_estimate_9+general_or_nonacademic,advanced,advanced,3.475,10.234,29.955,advanced_seed,advanced_9_to_12.csv
plaque,10,9-12,advanced_9_to_12,5701,610,false,n,tier3_bnc_coca+bnc_coca_band_6k+grade_estimate_10+general_or_nonacademic,advanced,advanced,2.475,10.734,29.955,advanced_seed,advanced_9_to_12.csv
ordeal,10,9-12,advanced_9_to_12,5639,609,false,adj,tier3_bnc_coca+bnc_coca_band_6k+grade_estimate_10+general_or_nonacademic,advanced,advanced,2.475,10.733,29.954,advanced_seed,advanced_9_to_12.csv
reunion,9,9-12,advanced_9_to_12,4733,606,false,n,tier3_bnc_coca+bnc_coca_band_5k+grade_estimate_9+general_or_nonacademic,advanced,advanced,1.674,10.232,29.953,advanced_seed,advanced_9_to_12.csv
mantle,10,9-12,advanced_9_to_12,5565,606,false,n,tier3_bnc_coca+bnc_coca_band_6k+grade_estimate_10+general_or_nonacademic,advanced,advanced,2.474,10.732,29.953,advanced_seed,advanced_9_to_12.csv
pickup,9,9-12,advanced_9_to_12,4638,605,false,n,tier3_bnc_coca+bnc_coca_band_5k+grade_estimate_9+general_or_nonacademic,advanced,advanced,2.473,10.731,29.952,advanced_seed,advanced_9_to_12.csv
bliss,10,9-12,advanced_9_to_12,5094,605,false,n,tier3_bnc_coca+bnc_coca_band_6k+grade_estimate_10+general_or_nonacademic,advanced,advanced,2.473,10.731,29.952,advanced_seed,advanced_9_to_12.csv
ramp,9,9-12,advanced_9_to_12,4698,604,false,n,tier3_bnc_coca+bnc_coca_band_5k+grade_estimate_9+general_or_nonacademic,advanced,advanced,3.473,10.231,29.952,advanced_seed,advanced_9_to_12.csv
militia,9,9-12,advanced_9_to_12,4531,603,false,n,tier3_bnc_coca+bnc_coca_band_5k+grade_estimate_9+general_or_nonacademic,advanced,advanced,1.672,10.23,29.951,advanced_seed,advanced_9_to_12.csv
plank,10,9-12,advanced_9_to_12,5700,603,false,v,tier3_bnc_coca+bnc_coca_band_6k+grade_estimate_10+general_or_nonacademic,advanced,advanced,2.472,10.73,29.951,advanced_seed,advanced_9_to_12.csv
rouse,10,9-12,advanced_9_to_12,5792,603,false,n,tier3_bnc_coca+bnc_coca_band_6k+grade_estimate_10+general_or_nonacademic,advanced,advanced,2.472,10.73,29.951,advanced_seed,advanced_9_to_12.csv
immerse,9,9-12,advanced_9_to_12,4426,601,false,n,tier3_bnc_coca+bnc_coca_band_5k+grade_estimate_9+general_or_nonacademic,advanced,advanced,1.672,10.229,29.95,advanced_seed,advanced_9_to_12.csv
almond,10,9-12,advanced_9_to_12,5029,600,false,n,tier3_bnc_coca+bnc_coca_band_6k+grade_estimate_10+general_or_nonacademic,advanced,advanced,2.471,10.728,29.95,advanced_seed,advanced_9_to_12.csv
tanker,10,9-12,advanced_9_to_12,5904,599,false,n,tier3_bnc_coca+bnc_coca_band_6k+grade_estimate_10+general_or_nonacademic,advanced,advanced,2.471,10.728,29.949,advanced_seed,advanced_9_to_12.csv
ascribe,10,9-12,advanced_9_to_12,5052,597,false,n,tier3_bnc_coca+bnc_coca_band_6k+grade_estimate_10+general_or_nonacademic,advanced,advanced,1.67,10.227,29.948,advanced_seed,advanced_9_to_12.csv
ore,10,9-12,advanced_9_to_12,5640,596,false,n,tier3_bnc_coca+bnc_coca_band_6k+grade_estimate_10+general_or_nonacademic,advanced,advanced,3.469,10.226,29.948,advanced_seed,advanced_9_to_12.csv
relic,10,9-12,advanced_9_to_12,5772,596,false,adj,tier3_bnc_coca+bnc_coca_band_6k+grade_estimate_10+general_or_nonacademic,advanced,advanced,2.469,10.726,29.948,advanced_seed,advanced_9_to_12.csv
facial,9,9-12,advanced_9_to_12,4334,595,false,adj,tier3_bnc_coca+bnc_coca_band_5k+grade_estimate_9+general_or_nonacademic,advanced,advanced,2.469,10.725,29.947,advanced_seed,advanced_9_to_12.csv
numb,9,9-12,advanced_9_to_12,4578,595,false,v,tier3_bnc_coca+bnc_coca_band_5k+grade_estimate_9+general_or_nonacademic,advanced,advanced,3.469,10.225,29.947,advanced_seed,advanced_9_to_12.csv
throb,10,9-12,advanced_9_to_12,5913,594,false,n,tier3_bnc_coca+bnc_coca_band_6k+grade_estimate_10+general_or_nonacademic,advanced,advanced,2.469,10.725,29.947,advanced_seed,advanced_9_to_12.csv
florist,11,9-12,advanced_9_to_12,8349,152,false,n,tier3_bnc_coca+bnc_coca_band_9k+grade_estimate_11+general_or_nonacademic,advanced,advanced,1.326,8.268,29.947,advanced_seed,advanced_9_to_12.csv
potion,12,9-12,advanced_9_to_12,9702,152,false,n,tier3_bnc_coca+bnc_coca_band_10k+grade_estimate_12+general_or_nonacademic,advanced,advanced,2.126,8.768,29.947,advanced_seed,advanced_9_to_12.csv
banish,10,9-12,advanced_9_to_12,5070,593,false,v,tier3_bnc_coca+bnc_coca_band_6k+grade_estimate_10+general_or_nonacademic,advanced,advanced,2.468,10.724,29.946,advanced_seed,advanced_9_to_12.csv
collide,10,9-12,advanced_9_to_12,5182,593,false,n,tier3_bnc_coca+bnc_coca_band_6k+grade_estimate_10+general_or_nonacademic,advanced,advanced,1.668,10.224,29.946,advanced_seed,advanced_9_to_12.csv
sewer,10,9-12,advanced_9_to_12,5824,593,false,n,tier3_bnc_coca+bnc_coca_band_6k+grade_estimate_10+general_or_nonacademic,advanced,advanced,2.468,10.724,29.946,advanced_seed,advanced_9_to_12.csv
sprawl,9,9-12,advanced_9_to_12,4831,592,false,v,tier3_bnc_coca+bnc_coca_band_5k+grade_estimate_9+general_or_nonacademic,advanced,advanced,2.468,10.724,29.946,advanced_seed,advanced_9_to_12.csv
liquor,9,9-12,advanced_9_to_12,4489,591,false,n,tier3_bnc_coca+bnc_coca_band_5k+grade_estimate_9+general_or_nonacademic,advanced,advanced,2.467,10.723,29.945,advanced_seed,advanced_9_to_12.csv
clinch,10,9-12,advanced_9_to_12,5170,591,false,v,tier3_bnc_coca+bnc_coca_band_6k+grade_estimate_10+general_or_nonacademic,advanced,advanced,2.467,10.723,29.945,advanced_seed,advanced_9_to_12.csv
genesis,10,9-12,advanced_9_to_12,5393,591,false,n,tier3_bnc_coca+bnc_coca_band_6k+grade_estimate_10+general_or_nonacademic,advanced,advanced,1.667,10.223,29.945,advanced_seed,advanced_9_to_12.csv
runway,9,9-12,advanced_9_to_12,4750,590,false,n,tier3_bnc_coca+bnc_coca_band_5k+grade_estimate_9+general_or_nonacademic,advanced,advanced,2.467,10.723,29.945,advanced_seed,advanced_9_to_12.csv
cockpit,10,9-12,advanced_9_to_12,5178,590,false,n,tier3_bnc_coca+bnc_coca_band_6k+grade_estimate_10+general_or_nonacademic,advanced,advanced,1.667,10.223,29.945,advanced_seed,advanced_9_to_12.csv
grudge,10,9-12,advanced_9_to_12,5415,590,false,n,tier3_bnc_coca+bnc_coca_band_6k+grade_estimate_10+general_or_nonacademic,advanced,advanced,2.467,10.723,29.945,advanced_seed,advanced_9_to_12.csv
riddle,10,9-12,advanced_9_to_12,5788,590,false,n,tier3_bnc_coca+bnc_coca_band_6k+grade_estimate_10+general_or_nonacademic,advanced,advanced,2.467,10.723,29.945,advanced_seed,advanced_9_to_12.csv
pastry,9,9-12,advanced_9_to_12,4617,589,false,n,tier3_bnc_coca+bnc_coca_band_5k+grade_estimate_9+general_or_nonacademic,advanced,advanced,2.466,10.722,29.944,advanced_seed,advanced_9_to_12.csv
slum,10,9-12,advanced_9_to_12,5850,589,false,n,tier3_bnc_coca+bnc_coca_band_6k+grade_estimate_10+general_or_nonacademic,advanced,advanced,3.466,10.222,29.944,advanced_seed,advanced_9_to_12.csv
bum,10,9-12,advanced_9_to_12,5120,588,false,n,tier3_bnc_coca+bnc_coca_band_6k+grade_estimate_10+general_or_nonacademic,advanced,advanced,3.466,10.221,29.944,advanced_seed,advanced_9_to_12.csv
morbid,10,9-12,advanced_9_to_12,5596,588,false,adj,tier3_bnc_coca+bnc_coca_band_6k+grade_estimate_10+general_or_nonacademic,advanced,advanced,2.466,10.721,29.944,advanced_seed,advanced_9_to_12.csv
pasta,9,9-12,advanced_9_to_12,4613,587,false,n,tier3_bnc_coca+bnc_coca_band_5k+grade_estimate_9+general_or_nonacademic,advanced,advanced,2.466,10.721,29.943,advanced_seed,advanced_9_to_12.csv
ascent,10,9-12,advanced_9_to_12,5050,587,false,n,tier3_bnc_coca+bnc_coca_band_6k+grade_estimate_10+general_or_nonacademic,advanced,advanced,2.466,10.721,29.943,advanced_seed,advanced_9_to_12.csv
sherry,10,9-12,advanced_9_to_12,5826,587,false,n,tier3_bnc_coca+bnc_coca_band_6k+grade_estimate_10+general_or_nonacademic,advanced,advanced,2.466,10.721,29.943,advanced_seed,advanced_9_to_12.csv
vapour,10,9-12,advanced_9_to_12,5962,587,false,n,tier3_bnc_coca+bnc_coca_band_6k+grade_estimate_10+general_or_nonacademic,advanced,advanced,2.466,10.721,29.943,advanced_seed,advanced_9_to_12.csv
quiver,10,9-12,advanced_9_to_12,5741,586,false,v,tier3_bnc_coca+bnc_coca_band_6k+grade_estimate_10+general_or_nonacademic,advanced,advanced,2.465,10.72,29.943,advanced_seed,advanced_9_to_12.csv
blouse,9,9-12,advanced_9_to_12,4089,585,false,n,tier3_bnc_coca+bnc_coca_band_5k+grade_estimate_9+general_or_nonacademic,advanced,advanced,2.465,10.72,29.942,advanced_seed,advanced_9_to_12.csv
clan,9,9-12,advanced_9_to_12,4145,585,false,n,tier3_bnc_coca+bnc_coca_band_5k+grade_estimate_9+general_or_nonacademic,advanced,advanced,3.465,10.22,29.942,advanced_seed,advanced_9_to_12.csv
crab,9,9-12,advanced_9_to_12,4197,585,false,n,tier3_bnc_coca+bnc_coca_band_5k+grade_estimate_9+general_or_nonacademic,advanced,advanced,3.465,10.22,29.942,advanced_seed,advanced_9_to_12.csv
parlour,10,9-12,advanced_9_to_12,5663,585,false,n,tier3_bnc_coca+bnc_coca_band_6k+grade_estimate_10+general_or_nonacademic,advanced,advanced,1.665,10.22,29.942,advanced_seed,advanced_9_to_12.csv
rash,10,9-12,advanced_9_to_12,5749,585,false,adj,tier3_bnc_coca+bnc_coca_band_6k+grade_estimate_10+general_or_nonacademic,advanced,advanced,3.465,10.22,29.942,advanced_seed,advanced_9_to_12.csv
refrain,10,9-12,advanced_9_to_12,5763,585,false,v,tier3_bnc_coca+bnc_coca_band_6k+grade_estimate_10+general_or_nonacademic,advanced,advanced,1.665,10.22,29.942,advanced_seed,advanced_9_to_12.csv
snort,10,9-12,advanced_9_to_12,5855,584,false,v,tier3_bnc_coca+bnc_coca_band_6k+grade_estimate_10+general_or_nonacademic,advanced,advanced,2.464,10.719,29.942,advanced_seed,advanced_9_to_12.csv
leash,9,9-12,advanced_9_to_12,4479,583,false,v,tier3_bnc_coca+bnc_coca_band_5k+grade_estimate_9+general_or_nonacademic,advanced,advanced,2.464,10.718,29.941,advanced_seed,advanced_9_to_12.csv
gem,10,9-12,advanced_9_to_12,5392,582,false,n,tier3_bnc_coca+bnc_coca_band_6k+grade_estimate_10+general_or_nonacademic,advanced,advanced,3.463,10.218,29.941,advanced_seed,advanced_9_to_12.csv
pebble,10,9-12,advanced_9_to_12,5678,582,false,n,tier3_bnc_coca+bnc_coca_band_6k+grade_estimate_10+general_or_nonacademic,advanced,advanced,2.463,10.718,29.941,advanced_seed,advanced_9_to_12.csv
acquit,10,9-12,advanced_9_to_12,5009,580,false,n,tier3_bnc_coca+bnc_coca_band_6k+grade_estimate_10+general_or_nonacademic,advanced,advanced,2.463,10.717,29.94,advanced_seed,advanced_9_to_12.csv
bellow,10,9-12,advanced_9_to_12,5082,580,false,v,tier3_bnc_coca+bnc_coca_band_6k+grade_estimate_10+general_or_nonacademic,advanced,advanced,2.463,10.717,29.94,advanced_seed,advanced_9_to_12.csv
lurch,10,9-12,advanced_9_to_12,5557,580,false,v,tier3_bnc_coca+bnc_coca_band_6k+grade_estimate_10+general_or_nonacademic,advanced,advanced,2.463,10.717,29.94,advanced_seed,advanced_9_to_12.csv
rouge,10,9-12,advanced_9_to_12,5791,579,false,n,tier3_bnc_coca+bnc_coca_band_6k+grade_estimate_10+general_or_nonacademic,advanced,advanced,2.462,10.716,29.939,advanced_seed,advanced_9_to_12.csv
peach,9,9-12,advanced_9_to_12,4622,578,false,n,tier3_bnc_coca+bnc_coca_band_5k+grade_estimate_9+general_or_nonacademic,advanced,advanced,2.462,10.716,29.939,advanced_seed,advanced_9_to_12.csv
deport,10,9-12,advanced_9_to_12,5253,578,false,v,tier3_bnc_coca+bnc_coca_band_6k+grade_estimate_10+general_or_nonacademic,advanced,advanced,2.462,10.716,29.939,advanced_seed,advanced_9_to_12.csv
loaf,10,9-12,advanced_9_to_12,5542,578,false,n,tier3_bnc_coca+bnc_coca_band_6k+grade_estimate_10+general_or_nonacademic,advanced,advanced,3.462,10.216,29.939,advanced_seed,advanced_9_to_12.csv
digit,10,9-12,advanced_9_to_12,5264,577,false,n,tier3_bnc_coca+bnc_coca_band_6k+grade_estimate_10+general_or_nonacademic,advanced,advanced,2.461,10.715,29.938,advanced_seed,advanced_9_to_12.csv
corrode,10,9-12,advanced_9_to_12,5211,576,false,n,tier3_bnc_coca+bnc_coca_band_6k+grade_estimate_10+general_or_nonacademic,advanced,advanced,1.661,10.214,29.938,advanced_seed,advanced_9_to_12.csv
nought,9,9-12,advanced_9_to_12,3633,575,false,n,tier3_bnc_coca+bnc_coca_band_4k+grade_estimate_9+general_or_nonacademic,advanced,advanced,2.46,10.714,29.937,advanced_seed,advanced_9_to_12.csv
pivot,9,9-12,advanced_9_to_12,4648,575,false,v,tier3_bnc_coca+bnc_coca_band_5k+grade_estimate_9+general_or_nonacademic,advanced,advanced,2.46,10.714,29.937,advanced_seed,advanced_9_to_12.csv
dune,10,9-12,advanced_9_to_12,5295,575,false,n,tier3_bnc_coca+bnc_coca_band_6k+grade_estimate_10+general_or_nonacademic,advanced,advanced,3.46,10.214,29.937,advanced_seed,advanced_9_to_12.csv
novelty,10,9-12,advanced_9_to_12,5627,574,false,n,tier3_bnc_coca+bnc_coca_band_6k+grade_estimate_10+general_or_nonacademic,advanced,advanced,1.66,10.213,29.936,advanced_seed,advanced_9_to_12.csv
tart,10,9-12,advanced_9_to_12,5905,574,false,adj,tier3_bnc_coca+bnc_coca_band_6k+grade_estimate_10+general_or_nonacademic,advanced,advanced,3.46,10.213,29.936,advanced_seed,advanced_9_to_12.csv
certify,9,9-12,advanced_9_to_12,3154,573,false,v,tier3_bnc_coca+bnc_coca_band_4k+grade_estimate_9+general_or_nonacademic,advanced,advanced,1.659,10.213,29.936,advanced_seed,advanced_9_to_12.csv
shriek,10,9-12,advanced_9_to_12,5831,573,false,v,tier3_bnc_coca+bnc_coca_band_6k+grade_estimate_10+general_or_nonacademic,advanced,advanced,2.459,10.713,29.936,advanced_seed,advanced_9_to_12.csv
hitherto,10,9-12,advanced_9_to_12,6422,1553,false,n,tier3_bnc_coca+bnc_coca_band_7k+grade_estimate_10+general_or_nonacademic,advanced,advanced,1.916,9.055,29.936,advanced_seed,advanced_9_to_12.csv
dizzy,9,9-12,advanced_9_to_12,4270,572,false,v,tier3_bnc_coca+bnc_coca_band_5k+grade_estimate_9+general_or_nonacademic,advanced,advanced,2.459,10.712,29.935,advanced_seed,advanced_9_to_12.csv
bash,10,9-12,advanced_9_to_12,5077,571,false,v,tier3_bnc_coca+bnc_coca_band_6k+grade_estimate_10+general_or_nonacademic,advanced,advanced,3.459,10.211,29.935,advanced_seed,advanced_9_to_12.csv
nourish,10,9-12,advanced_9_to_12,5626,571,false,v,tier3_bnc_coca+bnc_coca_band_6k+grade_estimate_10+general_or_nonacademic,advanced,advanced,1.659,10.211,29.935,advanced_seed,advanced_9_to_12.csv
penis,10,9-12,advanced_9_to_12,5681,570,false,n,tier3_bnc_coca+bnc_coca_band_6k+grade_estimate_10+general_or_nonacademic,advanced,advanced,2.458,10.711,29.934,advanced_seed,advanced_9_to_12.csv
refund,10,9-12,advanced_9_to_12,5764,570,false,v,tier3_bnc_coca+bnc_coca_band_6k+grade_estimate_10+general_or_nonacademic,advanced,advanced,2.458,10.711,29.934,advanced_seed,advanced_9_to_12.csv
slick,9,9-12,advanced_9_to_12,4801,569,false,v,tier3_bnc_coca+bnc_coca_band_5k+grade_estimate_9+general_or_nonacademic,advanced,advanced,2.458,10.71,29.934,advanced_seed,advanced_9_to_12.csv
baffle,10,9-12,advanced_9_to_12,5068,569,false,n,tier3_bnc_coca+bnc_coca_band_6k+grade_estimate_10+general_or_nonacademic,advanced,advanced,2.458,10.71,29.934,advanced_seed,advanced_9_to_12.csv
reap,10,9-12,advanced_9_to_12,5752,567,false,v,tier3_bnc_coca+bnc_coca_band_6k+grade_estimate_10+general_or_nonacademic,advanced,advanced,3.457,10.209,29.933,advanced_seed,advanced_9_to_12.csv
roam,9,9-12,advanced_9_to_12,4745,566,false,v,tier3_bnc_coca+bnc_coca_band_5k+grade_estimate_9+general_or_nonacademic,advanced,advanced,3.456,10.208,29.932,advanced_seed,advanced_9_to_12.csv
racket,10,9-12,advanced_9_to_12,5743,566,false,n,tier3_bnc_coca+bnc_coca_band_6k+grade_estimate_10+general_or_nonacademic,advanced,advanced,2.456,10.708,29.932,advanced_seed,advanced_9_to_12.csv
apostle,10,9-12,advanced_9_to_12,5042,565,false,n,tier3_bnc_coca+bnc_coca_band_6k+grade_estimate_10+general_or_nonacademic,advanced,advanced,1.656,10.208,29.932,advanced_seed,advanced_9_to_12.csv
spa,9,9-12,advanced_9_to_12,4823,564,false,n,tier3_bnc_coca+bnc_coca_band_5k+grade_estimate_9+general_or_nonacademic,advanced,advanced,3.455,10.207,29.931,advanced_seed,advanced_9_to_12.csv
dent,10,9-12,advanced_9_to_12,5251,564,false,v,tier3_bnc_coca+bnc_coca_band_6k+grade_estimate_10+general_or_nonacademic,advanced,advanced,3.455,10.207,29.931,advanced_seed,advanced_9_to_12.csv
snarl,10,9-12,advanced_9_to_12,5853,564,false,v,tier3_bnc_coca+bnc_coca_band_6k+grade_estimate_10+general_or_nonacademic,advanced,advanced,2.455,10.707,29.931,advanced_seed,advanced_9_to_12.csv
nurture,9,9-12,advanced_9_to_12,4581,563,false,n,tier3_bnc_coca+bnc_coca_band_5k+grade_estimate_9+general_or_nonacademic,advanced,advanced,1.655,10.207,29.931,advanced_seed,advanced_9_to_12.csv
megabyte,11,9-12,advanced_9_to_12,7538,1524,false,n,tier3_bnc_coca+bnc_coca_band_8k+grade_estimate_11+general_or_nonacademic,advanced,advanced,1.911,9.049,29.93,advanced_seed,advanced_9_to_12.csv
pants,9,9-12,advanced_9_to_12,4603,561,false,n,tier3_bnc_coca+bnc_coca_band_5k+grade_estimate_9+general_or_nonacademic,advanced,advanced,2.454,10.705,29.93,advanced_seed,advanced_9_to_12.csv
jaguar,10,9-12,advanced_9_to_12,5507,561,false,n,tier3_bnc_coca+bnc_coca_band_6k+grade_estimate_10+general_or_nonacademic,advanced,advanced,2.454,10.705,29.93,advanced_seed,advanced_9_to_12.csv
aerate,12,9-12,advanced_9_to_12,9014,143,false,v,tier3_bnc_coca+bnc_coca_band_10k+grade_estimate_12+general_or_nonacademic,advanced,advanced,2.111,8.748,29.929,advanced_seed,advanced_9_to_12.csv
curtail,10,9-12,advanced_9_to_12,5231,560,false,v,tier3_bnc_coca+bnc_coca_band_6k+grade_estimate_10+general_or_nonacademic,advanced,advanced,1.654,10.205,29.929,advanced_seed,advanced_9_to_12.csv
beware,10,9-12,advanced_9_to_12,5086,559,false,n,tier3_bnc_coca+bnc_coca_band_6k+grade_estimate_10+general_or_nonacademic,advanced,advanced,2.453,10.704,29.929,advanced_seed,advanced_9_to_12.csv
niece,9,9-12,advanced_9_to_12,4569,558,false,n,tier3_bnc_coca+bnc_coca_band_5k+grade_estimate_9+general_or_nonacademic,advanced,advanced,2.453,10.703,29.928,advanced_seed,advanced_9_to_12.csv
vaccine,9,9-12,advanced_9_to_12,4946,558,false,n,tier3_bnc_coca+bnc_coca_band_5k+grade_estimate_9+general_or_nonacademic,advanced,advanced,1.653,10.203,29.928,advanced_seed,advanced_9_to_12.csv
adorn,10,9-12,advanced_9_to_12,5014,558,false,v,tier3_bnc_coca+bnc_coca_band_6k+grade_estimate_10+general_or_nonacademic,advanced,advanced,2.453,10.703,29.928,advanced_seed,advanced_9_to_12.csv
deflect,10,9-12,advanced_9_to_12,5240,558,false,v,tier3_bnc_coca+bnc_coca_band_6k+grade_estimate_10+general_or_nonacademic,advanced,advanced,1.653,10.203,29.928,advanced_seed,advanced_9_to_12.csv
wield,10,9-12,advanced_9_to_12,5982,558,false,v,tier3_bnc_coca+bnc_coca_band_6k+grade_estimate_10+general_or_nonacademic,advanced,advanced,2.453,10.703,29.928,advanced_seed,advanced_9_to_12.csv
psychic,10,9-12,advanced_9_to_12,5730,557,false,adj,tier3_bnc_coca+bnc_coca_band_6k+grade_estimate_10+general_or_nonacademic,advanced,advanced,1.652,10.203,29.928,advanced_seed,advanced_9_to_12.csv
dangle,9,9-12,advanced_9_to_12,4219,555,false,n,tier3_bnc_coca+bnc_coca_band_5k+grade_estimate_9+general_or_nonacademic,advanced,advanced,2.451,10.702,29.926,advanced_seed,advanced_9_to_12.csv
ape,10,9-12,advanced_9_to_12,5041,555,false,n,tier3_bnc_coca+bnc_coca_band_6k+grade_estimate_10+general_or_nonacademic,advanced,advanced,3.451,10.202,29.926,advanced_seed,advanced_9_to_12.csv
grieve,10,9-12,advanced_9_to_12,5412,555,false,n,tier3_bnc_coca+bnc_coca_band_6k+grade_estimate_10+general_or_nonacademic,advanced,advanced,2.451,10.702,29.926,advanced_seed,advanced_9_to_12.csv
ignite,9,9-12,advanced_9_to_12,4424,554,false,n,tier3_bnc_coca+bnc_coca_band_5k+grade_estimate_9+general_or_nonacademic,advanced,advanced,2.451,10.701,29.926,advanced_seed,advanced_9_to_12.csv
barge,10,9-12,advanced_9_to_12,5074,554,false,n,tier3_bnc_coca+bnc_coca_band_6k+grade_estimate_10+general_or_nonacademic,advanced,advanced,2.451,10.701,29.926,advanced_seed,advanced_9_to_12.csv
clatter,10,9-12,advanced_9_to_12,5166,554,false,v,tier3_bnc_coca+bnc_coca_band_6k+grade_estimate_10+general_or_nonacademic,advanced,advanced,1.651,10.201,29.926,advanced_seed,advanced_9_to_12.csv
incise,10,9-12,advanced_9_to_12,5472,554,false,v,tier3_bnc_coca+bnc_coca_band_6k+grade_estimate_10+general_or_nonacademic,advanced,advanced,2.451,10.701,29.926,advanced_seed,advanced_9_to_12.csv
razor,10,9-12,advanced_9_to_12,5751,554,false,n,tier3_bnc_coca+bnc_coca_band_6k+grade_estimate_10+general_or_nonacademic,advanced,advanced,2.451,10.701,29.926,advanced_seed,advanced_9_to_12.csv
vagina,10,9-12,advanced_9_to_12,5958,554,false,n,tier3_bnc_coca+bnc_coca_band_6k+grade_estimate_10+general_or_nonacademic,advanced,advanced,2.451,10.701,29.926,advanced_seed,advanced_9_to_12.csv
creak,10,9-12,advanced_9_to_12,5221,552,false,v,tier3_bnc_coca+bnc_coca_band_6k+grade_estimate_10+general_or_nonacademic,advanced,advanced,2.45,10.7,29.925,advanced_seed,advanced_9_to_12.csv
uranium,10,9-12,advanced_9_to_12,5955,552,false,n,tier3_bnc_coca+bnc_coca_band_6k+grade_estimate_10+general_or_nonacademic,advanced,advanced,1.65,10.2,29.925,advanced_seed,advanced_9_to_12.csv
avert,10,9-12,advanced_9_to_12,5064,551,false,v,tier3_bnc_coca+bnc_coca_band_6k+grade_estimate_10+general_or_nonacademic,advanced,advanced,2.449,10.699,29.924,advanced_seed,advanced_9_to_12.csv
boulder,10,9-12,advanced_9_to_12,5106,551,false,n,tier3_bnc_coca+bnc_coca_band_6k+grade_estimate_10+general_or_nonacademic,advanced,advanced,1.649,10.199,29.924,advanced_seed,advanced_9_to_12.csv
flex,10,9-12,advanced_9_to_12,5357,551,false,v,tier3_bnc_coca+bnc_coca_band_6k+grade_estimate_10+general_or_nonacademic,advanced,advanced,3.449,10.199,29.924,advanced_seed,advanced_9_to_12.csv
testify,9,9-12,advanced_9_to_12,4893,550,false,v,tier3_bnc_coca+bnc_coca_band_5k+grade_estimate_9+general_or_nonacademic,advanced,advanced,1.649,10.199,29.924,advanced_seed,advanced_9_to_12.csv
afflict,10,9-12,advanced_9_to_12,5020,550,false,v,tier3_bnc_coca+bnc_coca_band_6k+grade_estimate_10+general_or_nonacademic,advanced,advanced,1.649,10.199,29.924,advanced_seed,advanced_9_to_12.csv
gratify,10,9-12,advanced_9_to_12,5410,550,false,v,tier3_bnc_coca+bnc_coca_band_6k+grade_estimate_10+general_or_nonacademic,advanced,advanced,1.649,10.199,29.924,advanced_seed,advanced_9_to_12.csv
sprout,9,9-12,advanced_9_to_12,4834,549,false,v,tier3_bnc_coca+bnc_coca_band_5k+grade_estimate_9+general_or_nonacademic,advanced,advanced,2.448,10.698,29.923,advanced_seed,advanced_9_to_12.csv
liturgy,10,9-12,advanced_9_to_12,5539,549,false,n,tier3_bnc_coca+bnc_coca_band_6k+grade_estimate_10+general_or_nonacademic,advanced,advanced,1.648,10.198,29.923,advanced_seed,advanced_9_to_12.csv
repeal,10,9-12,advanced_9_to_12,5776,548,false,v,tier3_bnc_coca+bnc_coca_band_6k+grade_estimate_10+general_or_nonacademic,advanced,advanced,2.448,10.697,29.923,advanced_seed,advanced_9_to_12.csv
applaud,9,9-12,advanced_9_to_12,4042,547,false,v,tier3_bnc_coca+bnc_coca_band_5k+grade_estimate_9+general_or_nonacademic,advanced,advanced,1.648,10.197,29.922,advanced_seed,advanced_9_to_12.csv
parrot,10,9-12,advanced_9_to_12,5665,547,false,v,tier3_bnc_coca+bnc_coca_band_6k+grade_estimate_10+general_or_nonacademic,advanced,advanced,2.448,10.697,29.922,advanced_seed,advanced_9_to_12.csv
dignify,10,9-12,advanced_9_to_12,5265,546,false,v,tier3_bnc_coca+bnc_coca_band_6k+grade_estimate_10+general_or_nonacademic,advanced,advanced,1.647,10.196,29.922,advanced_seed,advanced_9_to_12.csv
evict,10,9-12,advanced_9_to_12,5327,546,false,v,tier3_bnc_coca+bnc_coca_band_6k+grade_estimate_10+general_or_nonacademic,advanced,advanced,2.447,10.696,29.922,advanced_seed,advanced_9_to_12.csv
erotic,10,9-12,advanced_9_to_12,5318,544,false,adj,tier3_bnc_coca+bnc_coca_band_6k+grade_estimate_10+general_or_nonacademic,advanced,advanced,2.446,10.695,29.92,advanced_seed,advanced_9_to_12.csv
dummy,10,9-12,advanced_9_to_12,5294,543,false,n,tier3_bnc_coca+bnc_coca_band_6k+grade_estimate_10+general_or_nonacademic,advanced,advanced,2.446,10.694,29.92,advanced_seed,advanced_9_to_12.csv
loot,9,9-12,advanced_9_to_12,4493,542,false,v,tier3_bnc_coca+bnc_coca_band_5k+grade_estimate_9+general_or_nonacademic,advanced,advanced,3.445,10.194,29.919,advanced_seed,advanced_9_to_12.csv
remnant,10,9-12,advanced_9_to_12,5774,542,false,n,tier3_bnc_coca+bnc_coca_band_6k+grade_estimate_10+general_or_nonacademic,advanced,advanced,1.645,10.194,29.919,advanced_seed,advanced_9_to_12.csv
strait,10,9-12,advanced_9_to_12,5879,542,false,n,tier3_bnc_coca+bnc_coca_band_6k+grade_estimate_10+general_or_nonacademic,advanced,advanced,2.445,10.694,29.919,advanced_seed,advanced_9_to_12.csv
cavalry,10,9-12,advanced_9_to_12,5148,541,false,n,tier3_bnc_coca+bnc_coca_band_6k+grade_estimate_10+general_or_nonacademic,advanced,advanced,1.645,10.193,29.919,advanced_seed,advanced_9_to_12.csv
swoop,10,9-12,advanced_9_to_12,5896,541,false,v,tier3_bnc_coca+bnc_coca_band_6k+grade_estimate_10+general_or_nonacademic,advanced,advanced,2.445,10.693,29.919,advanced_seed,advanced_9_to_12.csv
churn,10,9-12,advanced_9_to_12,5165,540,false,v,tier3_bnc_coca+bnc_coca_band_6k+grade_estimate_10+general_or_nonacademic,advanced,advanced,2.444,10.692,29.918,advanced_seed,advanced_9_to_12.csv
flirt,10,9-12,advanced_9_to_12,5358,540,false,v,tier3_bnc_coca+bnc_coca_band_6k+grade_estimate_10+general_or_nonacademic,advanced,advanced,2.444,10.692,29.918,advanced_seed,advanced_9_to_12.csv
gulp,10,9-12,advanced_9_to_12,5417,540,false,v,tier3_bnc_coca+bnc_coca_band_6k+grade_estimate_10+general_or_nonacademic,advanced,advanced,3.444,10.192,29.918,advanced_seed,advanced_9_to_12.csv
zeal,10,9-12,advanced_9_to_12,6000,540,false,adj,tier3_bnc_coca+bnc_coca_band_6k+grade_estimate_10+general_or_nonacademic,advanced,advanced,3.444,10.192,29.918,advanced_seed,advanced_9_to_12.csv
blatant,10,9-12,advanced_9_to_12,5092,539,false,adj,tier3_bnc_coca+bnc_coca_band_6k+grade_estimate_10+general_or_nonacademic,advanced,advanced,1.644,10.192,29.918,advanced_seed,advanced_9_to_12.csv
teen,9,9-12,advanced_9_to_12,4884,538,false,v,tier3_bnc_coca+bnc_coca_band_5k+grade_estimate_9+general_or_nonacademic,advanced,advanced,3.443,10.191,29.917,advanced_seed,advanced_9_to_12.csv
umpire,10,9-12,advanced_9_to_12,5943,537,false,n,tier3_bnc_coca+bnc_coca_band_6k+grade_estimate_10+general_or_nonacademic,advanced,advanced,2.443,10.69,29.917,advanced_seed,advanced_9_to_12.csv
evade,10,9-12,advanced_9_to_12,5326,536,false,n,tier3_bnc_coca+bnc_coca_band_6k+grade_estimate_10+general_or_nonacademic,advanced,advanced,2.442,10.69,29.916,advanced_seed,advanced_9_to_12.csv
schism,12,9-12,advanced_9_to_12,9798,136,false,n,tier3_bnc_coca+bnc_coca_band_10k+grade_estimate_12+general_or_nonacademic,advanced,advanced,2.099,8.731,29.915,advanced_seed,advanced_9_to_12.csv
condom,9,9-12,advanced_9_to_12,4178,534,false,n,tier3_bnc_coca+bnc_coca_band_5k+grade_estimate_9+general_or_nonacademic,advanced,advanced,2.441,10.688,29.915,advanced_seed,advanced_9_to_12.csv
tub,9,9-12,advanced_9_to_12,4926,534,false,n,tier3_bnc_coca+bnc_coca_band_5k+grade_estimate_9+general_or_nonacademic,advanced,advanced,3.441,10.188,29.915,advanced_seed,advanced_9_to_12.csv
den,10,9-12,advanced_9_to_12,5248,534,false,v,tier3_bnc_coca+bnc_coca_band_6k+grade_estimate_10+general_or_nonacademic,advanced,advanced,3.441,10.188,29.915,advanced_seed,advanced_9_to_12.csv
feat,10,9-12,advanced_9_to_12,5344,534,false,n,tier3_bnc_coca+bnc_coca_band_6k+grade_estimate_10+general_or_nonacademic,advanced,advanced,3.441,10.188,29.915,advanced_seed,advanced_9_to_12.csv
petal,10,9-12,advanced_9_to_12,5691,534,false,adj,tier3_bnc_coca+bnc_coca_band_6k+grade_estimate_10+general_or_nonacademic,advanced,advanced,2.441,10.688,29.915,advanced_seed,advanced_9_to_12.csv
tab,10,9-12,advanced_9_to_12,5901,534,false,n,tier3_bnc_coca+bnc_coca_band_6k+grade_estimate_10+general_or_nonacademic,advanced,advanced,3.441,10.188,29.915,advanced_seed,advanced_9_to_12.csv
yen,10,9-12,advanced_9_to_12,5999,534,false,v,tier3_bnc_coca+bnc_coca_band_6k+grade_estimate_10+general_or_nonacademic,advanced,advanced,3.441,10.188,29.915,advanced_seed,advanced_9_to_12.csv
wizard,9,9-12,advanced_9_to_12,4994,533,false,n,tier3_bnc_coca+bnc_coca_band_5k+grade_estimate_9+general_or_nonacademic,advanced,advanced,2.441,10.688,29.914,advanced_seed,advanced_9_to_12.csv
deride,10,9-12,advanced_9_to_12,5256,533,false,n,tier3_bnc_coca+bnc_coca_band_6k+grade_estimate_10+general_or_nonacademic,advanced,advanced,2.441,10.688,29.914,advanced_seed,advanced_9_to_12.csv
martial,10,9-12,advanced_9_to_12,5570,533,false,adj,tier3_bnc_coca+bnc_coca_band_6k+grade_estimate_10+general_or_nonacademic,advanced,advanced,1.641,10.188,29.914,advanced_seed,advanced_9_to_12.csv
cascade,10,9-12,advanced_9_to_12,5145,532,false,n,tier3_bnc_coca+bnc_coca_band_6k+grade_estimate_10+general_or_nonacademic,advanced,advanced,1.64,10.187,29.914,advanced_seed,advanced_9_to_12.csv
mow,10,9-12,advanced_9_to_12,5600,532,false,v,tier3_bnc_coca+bnc_coca_band_6k+grade_estimate_10+general_or_nonacademic,advanced,advanced,3.44,10.187,29.914,advanced_seed,advanced_9_to_12.csv
squeak,10,9-12,advanced_9_to_12,5868,532,false,v,tier3_bnc_coca+bnc_coca_band_6k+grade_estimate_10+general_or_nonacademic,advanced,advanced,2.44,10.687,29.914,advanced_seed,advanced_9_to_12.csv
turmoil,10,9-12,advanced_9_to_12,5937,532,false,n,tier3_bnc_coca+bnc_coca_band_6k+grade_estimate_10+general_or_nonacademic,advanced,advanced,1.64,10.187,29.914,advanced_seed,advanced_9_to_12.csv
benign,10,9-12,advanced_9_to_12,5084,531,false,adj,tier3_bnc_coca+bnc_coca_band_6k+grade_estimate_10+general_or_nonacademic,advanced,advanced,2.44,10.687,29.913,advanced_seed,advanced_9_to_12.csv
camel,10,9-12,advanced_9_to_12,5131,531,false,n,tier3_bnc_coca+bnc_coca_band_6k+grade_estimate_10+general_or_nonacademic,advanced,advanced,2.44,10.687,29.913,advanced_seed,advanced_9_to_12.csv
focal,10,9-12,advanced_9_to_12,5366,529,false,adj,tier3_bnc_coca+bnc_coca_band_6k+grade_estimate_10+general_or_nonacademic,advanced,advanced,2.439,10.685,29.912,advanced_seed,advanced_9_to_12.csv
succumb,10,9-12,advanced_9_to_12,5891,528,false,v,tier3_bnc_coca+bnc_coca_band_6k+grade_estimate_10+general_or_nonacademic,advanced,advanced,1.638,10.185,29.912,advanced_seed,advanced_9_to_12.csv
outlive,12,9-12,advanced_9_to_12,9623,134,false,adj,tier3_bnc_coca+bnc_coca_band_10k+grade_estimate_12+general_or_nonacademic,advanced,advanced,1.295,8.227,29.911,advanced_seed,advanced_9_to_12.csv
aide,9,9-12,advanced_9_to_12,4012,525,false,n,tier3_bnc_coca+bnc_coca_band_5k+grade_estimate_9+general_or_nonacademic,advanced,advanced,3.437,10.183,29.91,advanced_seed,advanced_9_to_12.csv
graft,10,9-12,advanced_9_to_12,5407,524,false,v,tier3_bnc_coca+bnc_coca_band_6k+grade_estimate_10+general_or_nonacademic,advanced,advanced,2.437,10.682,29.909,advanced_seed,advanced_9_to_12.csv
outlaw,10,9-12,advanced_9_to_12,5646,523,false,v,tier3_bnc_coca+bnc_coca_band_6k+grade_estimate_10+general_or_nonacademic,advanced,advanced,2.436,10.681,29.909,advanced_seed,advanced_9_to_12.csv
salvage,10,9-12,advanced_9_to_12,5803,523,false,n,tier3_bnc_coca+bnc_coca_band_6k+grade_estimate_10+general_or_nonacademic,advanced,advanced,1.636,10.181,29.909,advanced_seed,advanced_9_to_12.csv
sturdy,10,9-12,advanced_9_to_12,5884,523,false,n,tier3_bnc_coca+bnc_coca_band_6k+grade_estimate_10+general_or_nonacademic,advanced,advanced,2.436,10.681,29.909,advanced_seed,advanced_9_to_12.csv
humid,10,9-12,advanced_9_to_12,5450,522,false,n,tier3_bnc_coca+bnc_coca_band_6k+grade_estimate_10+general_or_nonacademic,advanced,advanced,2.436,10.681,29.908,advanced_seed,advanced_9_to_12.csv
stoop,10,9-12,advanced_9_to_12,5877,522,false,v,tier3_bnc_coca+bnc_coca_band_6k+grade_estimate_10+general_or_nonacademic,advanced,advanced,2.436,10.681,29.908,advanced_seed,advanced_9_to_12.csv
amber,10,9-12,advanced_9_to_12,5032,521,false,n,tier3_bnc_coca+bnc_coca_band_6k+grade_estimate_10+general_or_nonacademic,advanced,advanced,2.435,10.68,29.908,advanced_seed,advanced_9_to_12.csv
cohort,10,9-12,advanced_9_to_12,5181,518,false,n,tier3_bnc_coca+bnc_coca_band_6k+grade_estimate_10+general_or_nonacademic,advanced,advanced,2.434,10.678,29.906,advanced_seed,advanced_9_to_12.csv
crater,10,9-12,advanced_9_to_12,5219,518,false,v,tier3_bnc_coca+bnc_coca_band_6k+grade_estimate_10+general_or_nonacademic,advanced,advanced,2.434,10.678,29.906,advanced_seed,advanced_9_to_12.csv
barb,10,9-12,advanced_9_to_12,5072,517,false,v,tier3_bnc_coca+bnc_coca_band_6k+grade_estimate_10+general_or_nonacademic,advanced,advanced,3.433,10.177,29.905,advanced_seed,advanced_9_to_12.csv
maze,10,9-12,advanced_9_to_12,5574,517,false,n,tier3_bnc_coca+bnc_coca_band_6k+grade_estimate_10+general_or_nonacademic,advanced,advanced,3.433,10.177,29.905,advanced_seed,advanced_9_to_12.csv
shred,9,9-12,advanced_9_to_12,4779,516,false,n,tier3_bnc_coca+bnc_coca_band_5k+grade_estimate_9+general_or_nonacademic,advanced,advanced,2.433,10.677,29.905,advanced_seed,advanced_9_to_12.csv
huddle,10,9-12,advanced_9_to_12,5445,516,false,n,tier3_bnc_coca+bnc_coca_band_6k+grade_estimate_10+general_or_nonacademic,advanced,advanced,2.433,10.677,29.905,advanced_seed,advanced_9_to_12.csv
yearn,10,9-12,advanced_9_to_12,5997,516,false,v,tier3_bnc_coca+bnc_coca_band_6k+grade_estimate_10+general_or_nonacademic,advanced,advanced,2.433,10.677,29.905,advanced_seed,advanced_9_to_12.csv
prance,12,9-12,advanced_9_to_12,9705,131,false,n,tier3_bnc_coca+bnc_coca_band_10k+grade_estimate_12+general_or_nonacademic,advanced,advanced,2.09,8.719,29.904,advanced_seed,advanced_9_to_12.csv
browse,10,9-12,advanced_9_to_12,5117,515,false,n,tier3_bnc_coca+bnc_coca_band_6k+grade_estimate_10+general_or_nonacademic,advanced,advanced,2.432,10.676,29.904,advanced_seed,advanced_9_to_12.csv
fumble,10,9-12,advanced_9_to_12,5382,515,false,n,tier3_bnc_coca+bnc_coca_band_6k+grade_estimate_10+general_or_nonacademic,advanced,advanced,2.432,10.676,29.904,advanced_seed,advanced_9_to_12.csv
cherish,10,9-12,advanced_9_to_12,5156,514,false,v,tier3_bnc_coca+bnc_coca_band_6k+grade_estimate_10+general_or_nonacademic,advanced,advanced,1.632,10.175,29.904,advanced_seed,advanced_9_to_12.csv
futile,10,9-12,advanced_9_to_12,5383,514,false,n,tier3_bnc_coca+bnc_coca_band_6k+grade_estimate_10+general_or_nonacademic,advanced,advanced,2.432,10.675,29.904,advanced_seed,advanced_9_to_12.csv
perk,10,9-12,advanced_9_to_12,5685,514,false,v,tier3_bnc_coca+bnc_coca_band_6k+grade_estimate_10+general_or_nonacademic,advanced,advanced,3.432,10.175,29.904,advanced_seed,advanced_9_to_12.csv
preview,10,9-12,advanced_9_to_12,5719,514,false,v,tier3_bnc_coca+bnc_coca_band_6k+grade_estimate_10+general_or_nonacademic,advanced,advanced,1.632,10.175,29.904,advanced_seed,advanced_9_to_12.csv
shroud,10,9-12,advanced_9_to_12,5832,514,false,v,tier3_bnc_coca+bnc_coca_band_6k+grade_estimate_10+general_or_nonacademic,advanced,advanced,2.432,10.675,29.904,advanced_seed,advanced_9_to_12.csv
recede,10,9-12,advanced_9_to_12,5754,512,false,n,tier3_bnc_coca+bnc_coca_band_6k+grade_estimate_10+general_or_nonacademic,advanced,advanced,2.431,10.674,29.902,advanced_seed,advanced_9_to_12.csv
manoeuvre,12,9-12,advanced_9_to_12,9540,1388,false,n,tier3_bnc_coca+bnc_coca_band_10k+grade_estimate_12+general_or_nonacademic,advanced,advanced,1.887,9.016,29.902,advanced_seed,advanced_9_to_12.csv
heed,10,9-12,advanced_9_to_12,5427,511,false,v,tier3_bnc_coca+bnc_coca_band_6k+grade_estimate_10+general_or_nonacademic,advanced,advanced,3.43,10.173,29.902,advanced_seed,advanced_9_to_12.csv
implant,9,9-12,advanced_9_to_12,4430,510,false,v,tier3_bnc_coca+bnc_coca_band_5k+grade_estimate_9+general_or_nonacademic,advanced,advanced,1.63,10.173,29.901,advanced_seed,advanced_9_to_12.csv
falter,10,9-12,advanced_9_to_12,5340,509,false,v,tier3_bnc_coca+bnc_coca_band_6k+grade_estimate_10+general_or_nonacademic,advanced,advanced,2.429,10.672,29.901,advanced_seed,advanced_9_to_12.csv
suction,12,9-12,advanced_9_to_12,9865,129,false,n,tier3_bnc_coca+bnc_coca_band_10k+grade_estimate_12+general_or_nonacademic,advanced,advanced,1.286,8.214,29.9,advanced_seed,advanced_9_to_12.csv
dire,10,9-12,advanced_9_to_12,5268,508,false,adj,tier3_bnc_coca+bnc_coca_band_6k+grade_estimate_10+general_or_nonacademic,advanced,advanced,3.429,10.171,29.9,advanced_seed,advanced_9_to_12.csv
foe,10,9-12,advanced_9_to_12,5367,508,false,n,tier3_bnc_coca+bnc_coca_band_6k+grade_estimate_10+general_or_nonacademic,advanced,advanced,3.429,10.171,29.9,advanced_seed,advanced_9_to_12.csv
cocoa,10,9-12,advanced_9_to_12,5179,507,false,n,tier3_bnc_coca+bnc_coca_band_6k+grade_estimate_10+general_or_nonacademic,advanced,advanced,2.428,10.671,29.899,advanced_seed,advanced_9_to_12.csv
flute,10,9-12,advanced_9_to_12,5364,507,false,n,tier3_bnc_coca+bnc_coca_band_6k+grade_estimate_10+general_or_nonacademic,advanced,advanced,2.428,10.671,29.899,advanced_seed,advanced_9_to_12.csv
sensual,10,9-12,advanced_9_to_12,5822,507,false,adj,tier3_bnc_coca+bnc_coca_band_6k+grade_estimate_10+general_or_nonacademic,advanced,advanced,1.628,10.171,29.899,advanced_seed,advanced_9_to_12.csv
muster,10,9-12,advanced_9_to_12,5609,506,false,v,tier3_bnc_coca+bnc_coca_band_6k+grade_estimate_10+general_or_nonacademic,advanced,advanced,2.428,10.67,29.899,advanced_seed,advanced_9_to_12.csv
nostril,10,9-12,advanced_9_to_12,5622,506,false,n,tier3_bnc_coca+bnc_coca_band_6k+grade_estimate_10+general_or_nonacademic,advanced,advanced,1.628,10.17,29.899,advanced_seed,advanced_9_to_12.csv
frenzy,10,9-12,advanced_9_to_12,5379,505,false,n,tier3_bnc_coca+bnc_coca_band_6k+grade_estimate_10+general_or_nonacademic,advanced,advanced,2.427,10.669,29.898,advanced_seed,advanced_9_to_12.csv
inhale,9,9-12,advanced_9_to_12,4440,504,false,n,tier3_bnc_coca+bnc_coca_band_5k+grade_estimate_9+general_or_nonacademic,advanced,advanced,2.427,10.669,29.898,advanced_seed,advanced_9_to_12.csv
sparse,10,9-12,advanced_9_to_12,5861,504,false,adj,tier3_bnc_coca+bnc_coca_band_6k+grade_estimate_10+general_or_nonacademic,advanced,advanced,2.427,10.669,29.898,advanced_seed,advanced_9_to_12.csv
abduct,10,9-12,advanced_9_to_12,5001,503,false,v,tier3_bnc_coca+bnc_coca_band_6k+grade_estimate_10+general_or_nonacademic,advanced,advanced,2.426,10.668,29.897,advanced_seed,advanced_9_to_12.csv
assail,10,9-12,advanced_9_to_12,5054,502,false,v,tier3_bnc_coca+bnc_coca_band_6k+grade_estimate_10+general_or_nonacademic,advanced,advanced,2.426,10.667,29.896,advanced_seed,advanced_9_to_12.csv
nag,10,9-12,advanced_9_to_12,5612,502,false,n,tier3_bnc_coca+bnc_coca_band_6k+grade_estimate_10+general_or_nonacademic,advanced,advanced,3.426,10.167,29.896,advanced_seed,advanced_9_to_12.csv
cuisine,10,9-12,advanced_9_to_12,5228,501,false,n,tier3_bnc_coca+bnc_coca_band_6k+grade_estimate_10+general_or_nonacademic,advanced,advanced,1.625,10.167,29.896,advanced_seed,advanced_9_to_12.csv
woo,10,9-12,advanced_9_to_12,5990,501,false,v,tier3_bnc_coca+bnc_coca_band_6k+grade_estimate_10+general_or_nonacademic,advanced,advanced,3.425,10.167,29.896,advanced_seed,advanced_9_to_12.csv
covert,10,9-12,advanced_9_to_12,5214,500,false,adj,tier3_bnc_coca+bnc_coca_band_6k+grade_estimate_10+general_or_nonacademic,advanced,advanced,2.425,10.666,29.895,advanced_seed,advanced_9_to_12.csv
dove,10,9-12,advanced_9_to_12,5291,499,false,n,tier3_bnc_coca+bnc_coca_band_6k+grade_estimate_10+general_or_nonacademic,advanced,advanced,3.424,10.165,29.895,advanced_seed,advanced_9_to_12.csv
satire,10,9-12,advanced_9_to_12,5805,499,false,n,tier3_bnc_coca+bnc_coca_band_6k+grade_estimate_10+general_or_nonacademic,advanced,advanced,2.424,10.665,29.895,advanced_seed,advanced_9_to_12.csv
hem,10,9-12,advanced_9_to_12,5429,498,false,n,tier3_bnc_coca+bnc_coca_band_6k+grade_estimate_10+general_or_nonacademic,advanced,advanced,3.424,10.165,29.894,advanced_seed,advanced_9_to_12.csv
subvert,10,9-12,advanced_9_to_12,5890,497,false,v,tier3_bnc_coca+bnc_coca_band_6k+grade_estimate_10+general_or_nonacademic,advanced,advanced,1.623,10.164,29.894,advanced_seed,advanced_9_to_12.csv
decency,10,9-12,advanced_9_to_12,5236,494,false,n,tier3_bnc_coca+bnc_coca_band_6k+grade_estimate_10+general_or_nonacademic,advanced,advanced,1.621,10.162,29.892,advanced_seed,advanced_9_to_12.csv
wither,10,9-12,advanced_9_to_12,5986,494,false,v,tier3_bnc_coca+bnc_coca_band_6k+grade_estimate_10+general_or_nonacademic,advanced,advanced,2.421,10.662,29.892,advanced_seed,advanced_9_to_12.csv
prism,11,9-12,advanced_9_to_12,8695,125,false,n,tier3_bnc_coca+bnc_coca_band_9k+grade_estimate_11+general_or_nonacademic,advanced,advanced,2.078,8.704,29.891,advanced_seed,advanced_9_to_12.csv
enmity,12,9-12,advanced_9_to_12,9307,125,false,n,tier3_bnc_coca+bnc_coca_band_10k+grade_estimate_12+general_or_nonacademic,advanced,advanced,2.078,8.704,29.891,advanced_seed,advanced_9_to_12.csv
dismal,10,9-12,advanced_9_to_12,5278,493,false,adj,tier3_bnc_coca+bnc_coca_band_6k+grade_estimate_10+general_or_nonacademic,advanced,advanced,2.421,10.661,29.891,advanced_seed,advanced_9_to_12.csv
freak,10,9-12,advanced_9_to_12,5377,493,false,n,tier3_bnc_coca+bnc_coca_band_6k+grade_estimate_10+general_or_nonacademic,advanced,advanced,2.421,10.661,29.891,advanced_seed,advanced_9_to_12.csv
papa,9,9-12,advanced_9_to_12,4604,492,false,n,tier3_bnc_coca+bnc_coca_band_5k+grade_estimate_9+general_or_nonacademic,advanced,advanced,3.42,10.161,29.89,advanced_seed,advanced_9_to_12.csv
wobble,10,9-12,advanced_9_to_12,5988,492,false,n,tier3_bnc_coca+bnc_coca_band_6k+grade_estimate_10+general_or_nonacademic,advanced,advanced,2.42,10.661,29.89,advanced_seed,advanced_9_to_12.csv
hunch,10,9-12,advanced_9_to_12,5451,491,false,v,tier3_bnc_coca+bnc_coca_band_6k+grade_estimate_10+general_or_nonacademic,advanced,advanced,2.42,10.66,29.89,advanced_seed,advanced_9_to_12.csv
cuff,10,9-12,advanced_9_to_12,5227,490,false,v,tier3_bnc_coca+bnc_coca_band_6k+grade_estimate_10+general_or_nonacademic,advanced,advanced,3.419,10.159,29.889,advanced_seed,advanced_9_to_12.csv
gape,10,9-12,advanced_9_to_12,5388,490,false,n,tier3_bnc_coca+bnc_coca_band_6k+grade_estimate_10+general_or_nonacademic,advanced,advanced,3.419,10.159,29.889,advanced_seed,advanced_9_to_12.csv
retard,10,9-12,advanced_9_to_12,5782,490,false,v,tier3_bnc_coca+bnc_coca_band_6k+grade_estimate_10+general_or_nonacademic,advanced,advanced,2.419,10.659,29.889,advanced_seed,advanced_9_to_12.csv
warp,10,9-12,advanced_9_to_12,5975,489,false,v,tier3_bnc_coca+bnc_coca_band_6k+grade_estimate_10+general_or_nonacademic,advanced,advanced,3.419,10.158,29.889,advanced_seed,advanced_9_to_12.csv
crease,10,9-12,advanced_9_to_12,5222,487,false,n,tier3_bnc_coca+bnc_coca_band_6k+grade_estimate_10+general_or_nonacademic,advanced,advanced,2.418,10.657,29.887,advanced_seed,advanced_9_to_12.csv
seep,10,9-12,advanced_9_to_12,5819,487,false,v,tier3_bnc_coca+bnc_coca_band_6k+grade_estimate_10+general_or_nonacademic,advanced,advanced,3.418,10.157,29.887,advanced_seed,advanced_9_to_12.csv
jeep,10,9-12,advanced_9_to_12,5509,486,false,n,tier3_bnc_coca+bnc_coca_band_6k+grade_estimate_10+general_or_nonacademic,advanced,advanced,3.417,10.156,29.887,advanced_seed,advanced_9_to_12.csv
slipper,10,9-12,advanced_9_to_12,5845,486,false,n,tier3_bnc_coca+bnc_coca_band_6k+grade_estimate_10+general_or_nonacademic,advanced,advanced,1.617,10.156,29.887,advanced_seed,advanced_9_to_12.csv
predate,12,9-12,advanced_9_to_12,9711,123,false,v,tier3_bnc_coca+bnc_coca_band_10k+grade_estimate_12+general_or_nonacademic,advanced,advanced,1.274,8.199,29.887,advanced_seed,advanced_9_to_12.csv
chaotic,10,9-12,advanced_9_to_12,5152,485,false,adj,tier3_bnc_coca+bnc_coca_band_6k+grade_estimate_10+general_or_nonacademic,advanced,advanced,1.617,10.156,29.886,advanced_seed,advanced_9_to_12.csv
delude,10,9-12,advanced_9_to_12,5245,485,false,n,tier3_bnc_coca+bnc_coca_band_6k+grade_estimate_10+general_or_nonacademic,advanced,advanced,2.417,10.656,29.886,advanced_seed,advanced_9_to_12.csv
nudge,10,9-12,advanced_9_to_12,5629,485,false,n,tier3_bnc_coca+bnc_coca_band_6k+grade_estimate_10+general_or_nonacademic,advanced,advanced,2.417,10.656,29.886,advanced_seed,advanced_9_to_12.csv
audible,9,9-12,advanced_9_to_12,4061,484,false,adj,tier3_bnc_coca+bnc_coca_band_5k+grade_estimate_9+general_or_nonacademic,advanced,advanced,1.616,10.155,29.886,advanced_seed,advanced_9_to_12.csv
dwindle,10,9-12,advanced_9_to_12,5296,484,false,n,tier3_bnc_coca+bnc_coca_band_6k+grade_estimate_10+general_or_nonacademic,advanced,advanced,1.616,10.155,29.886,advanced_seed,advanced_9_to_12.csv
jurist,12,9-12,advanced_9_to_12,9491,122,false,n,tier3_bnc_coca+bnc_coca_band_10k+grade_estimate_12+general_or_nonacademic,advanced,advanced,2.072,8.696,29.884,advanced_seed,advanced_9_to_12.csv
paucity,12,9-12,advanced_9_to_12,9663,122,false,n,tier3_bnc_coca+bnc_coca_band_10k+grade_estimate_12+general_or_nonacademic,advanced,advanced,1.272,8.196,29.884,advanced_seed,advanced_9_to_12.csv
idol,10,9-12,advanced_9_to_12,5459,482,false,n,tier3_bnc_coca+bnc_coca_band_6k+grade_estimate_10+general_or_nonacademic,advanced,advanced,3.415,10.154,29.884,advanced_seed,advanced_9_to_12.csv
paw,10,9-12,advanced_9_to_12,5674,482,false,v,tier3_bnc_coca+bnc_coca_band_6k+grade_estimate_10+general_or_nonacademic,advanced,advanced,3.415,10.154,29.884,advanced_seed,advanced_9_to_12.csv
taunt,10,9-12,advanced_9_to_12,5907,482,false,v,tier3_bnc_coca+bnc_coca_band_6k+grade_estimate_10+general_or_nonacademic,advanced,advanced,2.415,10.654,29.884,advanced_seed,advanced_9_to_12.csv
humane,10,9-12,advanced_9_to_12,5448,481,false,adj,tier3_bnc_coca+bnc_coca_band_6k+grade_estimate_10+general_or_nonacademic,advanced,advanced,2.415,10.653,29.884,advanced_seed,advanced_9_to_12.csv
sag,10,9-12,advanced_9_to_12,5798,481,false,n,tier3_bnc_coca+bnc_coca_band_6k+grade_estimate_10+general_or_nonacademic,advanced,advanced,3.415,10.153,29.884,advanced_seed,advanced_9_to_12.csv
spectre,10,9-12,advanced_9_to_12,5862,481,false,n,tier3_bnc_coca+bnc_coca_band_6k+grade_estimate_10+general_or_nonacademic,advanced,advanced,1.615,10.153,29.884,advanced_seed,advanced_9_to_12.csv
taboo,10,9-12,advanced_9_to_12,5902,481,false,v,tier3_bnc_coca+bnc_coca_band_6k+grade_estimate_10+general_or_nonacademic,advanced,advanced,2.415,10.653,29.884,advanced_seed,advanced_9_to_12.csv
abound,10,9-12,advanced_9_to_12,5004,480,false,v,tier3_bnc_coca+bnc_coca_band_6k+grade_estimate_10+general_or_nonacademic,advanced,advanced,2.414,10.652,29.883,advanced_seed,advanced_9_to_12.csv
recess,10,9-12,advanced_9_to_12,5757,480,false,v,tier3_bnc_coca+bnc_coca_band_6k+grade_estimate_10+general_or_nonacademic,advanced,advanced,2.414,10.652,29.883,advanced_seed,advanced_9_to_12.csv
revel,10,9-12,advanced_9_to_12,5784,479,false,v,tier3_bnc_coca+bnc_coca_band_6k+grade_estimate_10+general_or_nonacademic,advanced,advanced,2.414,10.651,29.883,advanced_seed,advanced_9_to_12.csv
glint,10,9-12,advanced_9_to_12,5400,476,false,v,tier3_bnc_coca+bnc_coca_band_6k+grade_estimate_10+general_or_nonacademic,advanced,advanced,2.412,10.649,29.881,advanced_seed,advanced_9_to_12.csv
patio,10,9-12,advanced_9_to_12,5671,475,false,n,tier3_bnc_coca+bnc_coca_band_6k+grade_estimate_10+general_or_nonacademic,advanced,advanced,2.411,10.649,29.88,advanced_seed,advanced_9_to_12.csv
polity,11,9-12,advanced_9_to_12,8676,120,false,n,tier3_bnc_coca+bnc_coca_band_9k+grade_estimate_11+general_or_nonacademic,advanced,advanced,2.068,8.691,29.88,advanced_seed,advanced_9_to_12.csv
beckon,10,9-12,advanced_9_to_12,5078,474,false,v,tier3_bnc_coca+bnc_coca_band_6k+grade_estimate_10+general_or_nonacademic,advanced,advanced,2.411,10.648,29.879,advanced_seed,advanced_9_to_12.csv
immoral,10,9-12,advanced_9_to_12,5461,474,false,adj,tier3_bnc_coca+bnc_coca_band_6k+grade_estimate_10+general_or_nonacademic,advanced,advanced,1.611,10.148,29.879,advanced_seed,advanced_9_to_12.csv
crave,10,9-12,advanced_9_to_12,5220,473,false,n,tier3_bnc_coca+bnc_coca_band_6k+grade_estimate_10+general_or_nonacademic,advanced,advanced,2.41,10.647,29.879,advanced_seed,advanced_9_to_12.csv
fiery,10,9-12,advanced_9_to_12,5350,472,false,n,tier3_bnc_coca+bnc_coca_band_6k+grade_estimate_10+general_or_nonacademic,advanced,advanced,2.41,10.646,29.878,advanced_seed,advanced_9_to_12.csv
plum,10,9-12,advanced_9_to_12,5704,472,false,n,tier3_bnc_coca+bnc_coca_band_6k+grade_estimate_10+general_or_nonacademic,advanced,advanced,3.41,10.146,29.878,advanced_seed,advanced_9_to_12.csv
saga,10,9-12,advanced_9_to_12,5799,472,false,n,tier3_bnc_coca+bnc_coca_band_6k+grade_estimate_10+general_or_nonacademic,advanced,advanced,3.41,10.146,29.878,advanced_seed,advanced_9_to_12.csv
heroine,10,9-12,advanced_9_to_12,5431,471,false,n,tier3_bnc_coca+bnc_coca_band_6k+grade_estimate_10+general_or_nonacademic,advanced,advanced,1.609,10.146,29.878,advanced_seed,advanced_9_to_12.csv
irate,12,9-12,advanced_9_to_12,9478,119,false,adj,tier3_bnc_coca+bnc_coca_band_10k+grade_estimate_12+general_or_nonacademic,advanced,advanced,2.066,8.688,29.877,advanced_seed,advanced_9_to_12.csv
surreal,10,9-12,advanced_9_to_12,5894,470,false,adj,tier3_bnc_coca+bnc_coca_band_6k+grade_estimate_10+general_or_nonacademic,advanced,advanced,1.609,10.145,29.877,advanced_seed,advanced_9_to_12.csv
whisk,9,9-12,advanced_9_to_12,4986,469,false,v,tier3_bnc_coca+bnc_coca_band_5k+grade_estimate_9+general_or_nonacademic,advanced,advanced,2.408,10.644,29.876,advanced_seed,advanced_9_to_12.csv
modem,9,9-12,advanced_9_to_12,4542,467,false,n,tier3_bnc_coca+bnc_coca_band_5k+grade_estimate_9+general_or_nonacademic,advanced,advanced,2.407,10.643,29.875,advanced_seed,advanced_9_to_12.csv
err,10,9-12,advanced_9_to_12,5319,466,false,v,tier3_bnc_coca+bnc_coca_band_6k+grade_estimate_10+general_or_nonacademic,advanced,advanced,3.407,10.142,29.874,advanced_seed,advanced_9_to_12.csv
parody,10,9-12,advanced_9_to_12,5664,466,false,v,tier3_bnc_coca+bnc_coca_band_6k+grade_estimate_10+general_or_nonacademic,advanced,advanced,2.407,10.642,29.874,advanced_seed,advanced_9_to_12.csv
toxin,10,9-12,advanced_9_to_12,5920,465,false,n,tier3_bnc_coca+bnc_coca_band_6k+grade_estimate_10+general_or_nonacademic,advanced,advanced,2.406,10.641,29.874,advanced_seed,advanced_9_to_12.csv
simmer,9,9-12,advanced_9_to_12,4790,463,false,v,tier3_bnc_coca+bnc_coca_band_5k+grade_estimate_9+general_or_nonacademic,advanced,advanced,2.405,10.64,29.872,advanced_seed,advanced_9_to_12.csv
oust,10,9-12,advanced_9_to_12,5644,463,false,v,tier3_bnc_coca+bnc_coca_band_6k+grade_estimate_10+general_or_nonacademic,advanced,advanced,3.405,10.14,29.872,advanced_seed,advanced_9_to_12.csv
rustle,10,9-12,advanced_9_to_12,5796,463,false,n,tier3_bnc_coca+bnc_coca_band_6k+grade_estimate_10+general_or_nonacademic,advanced,advanced,2.405,10.64,29.872,advanced_seed,advanced_9_to_12.csv
ambush,10,9-12,advanced_9_to_12,5034,462,false,v,tier3_bnc_coca+bnc_coca_band_6k+grade_estimate_10+general_or_nonacademic,advanced,advanced,2.404,10.639,29.872,advanced_seed,advanced_9_to_12.csv
falcon,10,9-12,advanced_9_to_12,5339,461,false,n,tier3_bnc_coca+bnc_coca_band_6k+grade_estimate_10+general_or_nonacademic,advanced,advanced,2.404,10.638,29.871,advanced_seed,advanced_9_to_12.csv
firearm,10,9-12,advanced_9_to_12,5353,461,false,n,tier3_bnc_coca+bnc_coca_band_6k+grade_estimate_10+general_or_nonacademic,advanced,advanced,1.604,10.138,29.871,advanced_seed,advanced_9_to_12.csv
waver,10,9-12,advanced_9_to_12,5978,461,false,v,tier3_bnc_coca+bnc_coca_band_6k+grade_estimate_10+general_or_nonacademic,advanced,advanced,2.404,10.638,29.871,advanced_seed,advanced_9_to_12.csv
memo,9,9-12,advanced_9_to_12,4522,460,false,n,tier3_bnc_coca+bnc_coca_band_5k+grade_estimate_9+general_or_nonacademic,advanced,advanced,3.403,10.138,29.87,advanced_seed,advanced_9_to_12.csv
footing,10,9-12,advanced_9_to_12,5370,460,false,n,tier3_bnc_coca+bnc_coca_band_6k+grade_estimate_10+general_or_nonacademic,advanced,advanced,1.603,10.138,29.87,advanced_seed,advanced_9_to_12.csv
nausea,10,9-12,advanced_9_to_12,5614,460,false,n,tier3_bnc_coca+bnc_coca_band_6k+grade_estimate_10+general_or_nonacademic,advanced,advanced,2.403,10.638,29.87,advanced_seed,advanced_9_to_12.csv
walnut,10,9-12,advanced_9_to_12,5972,460,false,n,tier3_bnc_coca+bnc_coca_band_6k+grade_estimate_10+general_or_nonacademic,advanced,advanced,2.403,10.638,29.87,advanced_seed,advanced_9_to_12.csv
repel,10,9-12,advanced_9_to_12,5777,459,false,n,tier3_bnc_coca+bnc_coca_band_6k+grade_estimate_10+general_or_nonacademic,advanced,advanced,2.403,10.637,29.87,advanced_seed,advanced_9_to_12.csv
serene,10,9-12,advanced_9_to_12,5823,459,false,adj,tier3_bnc_coca+bnc_coca_band_6k+grade_estimate_10+general_or_nonacademic,advanced,advanced,2.403,10.637,29.87,advanced_seed,advanced_9_to_12.csv
tavern,10,9-12,advanced_9_to_12,5908,459,false,n,tier3_bnc_coca+bnc_coca_band_6k+grade_estimate_10+general_or_nonacademic,advanced,advanced,2.403,10.637,29.87,advanced_seed,advanced_9_to_12.csv
thwart,10,9-12,advanced_9_to_12,5914,459,false,v,tier3_bnc_coca+bnc_coca_band_6k+grade_estimate_10+general_or_nonacademic,advanced,advanced,2.403,10.637,29.87,advanced_seed,advanced_9_to_12.csv
sibling,9,9-12,advanced_9_to_12,4786,458,false,n,tier3_bnc_coca+bnc_coca_band_5k+grade_estimate_9+general_or_nonacademic,advanced,advanced,1.602,10.136,29.869,advanced_seed,advanced_9_to_12.csv
bristle,10,9-12,advanced_9_to_12,5114,457,false,n,tier3_bnc_coca+bnc_coca_band_6k+grade_estimate_10+general_or_nonacademic,advanced,advanced,1.602,10.135,29.869,advanced_seed,advanced_9_to_12.csv
crumple,10,9-12,advanced_9_to_12,5226,457,false,n,tier3_bnc_coca+bnc_coca_band_6k+grade_estimate_10+general_or_nonacademic,advanced,advanced,1.602,10.135,29.869,advanced_seed,advanced_9_to_12.csv
lush,10,9-12,advanced_9_to_12,5558,456,false,adj,tier3_bnc_coca+bnc_coca_band_6k+grade_estimate_10+general_or_nonacademic,advanced,advanced,3.401,10.135,29.868,advanced_seed,advanced_9_to_12.csv
aquatic,10,9-12,advanced_9_to_12,5044,455,false,adj,tier3_bnc_coca+bnc_coca_band_6k+grade_estimate_10+general_or_nonacademic,advanced,advanced,1.6,10.134,29.867,advanced_seed,advanced_9_to_12.csv
duct,10,9-12,advanced_9_to_12,5293,455,false,v,tier3_bnc_coca+bnc_coca_band_6k+grade_estimate_10+general_or_nonacademic,advanced,advanced,3.4,10.134,29.867,advanced_seed,advanced_9_to_12.csv
folder,10,9-12,advanced_9_to_12,5368,455,false,n,tier3_bnc_coca+bnc_coca_band_6k+grade_estimate_10+general_or_nonacademic,advanced,advanced,2.4,10.634,29.867,advanced_seed,advanced_9_to_12.csv
dessert,9,9-12,advanced_9_to_12,4240,454,false,n,tier3_bnc_coca+bnc_coca_band_5k+grade_estimate_9+general_or_nonacademic,advanced,advanced,1.6,10.133,29.867,advanced_seed,advanced_9_to_12.csv
brink,10,9-12,advanced_9_to_12,5113,454,false,n,tier3_bnc_coca+bnc_coca_band_6k+grade_estimate_10+general_or_nonacademic,advanced,advanced,2.4,10.633,29.867,advanced_seed,advanced_9_to_12.csv
pyjamas,10,9-12,advanced_9_to_12,5737,454,false,n,tier3_bnc_coca+bnc_coca_band_6k+grade_estimate_10+general_or_nonacademic,advanced,advanced,1.6,10.133,29.867,advanced_seed,advanced_9_to_12.csv
gala,10,9-12,advanced_9_to_12,5385,453,false,n,tier3_bnc_coca+bnc_coca_band_6k+grade_estimate_10+general_or_nonacademic,advanced,advanced,3.399,10.132,29.866,advanced_seed,advanced_9_to_12.csv
lineage,10,9-12,advanced_9_to_12,5535,453,false,n,tier3_bnc_coca+bnc_coca_band_6k+grade_estimate_10+general_or_nonacademic,advanced,advanced,1.599,10.132,29.866,advanced_seed,advanced_9_to_12.csv
brim,10,9-12,advanced_9_to_12,5112,452,false,n,tier3_bnc_coca+bnc_coca_band_6k+grade_estimate_10+general_or_nonacademic,advanced,advanced,3.399,10.132,29.865,advanced_seed,advanced_9_to_12.csv
hose,10,9-12,advanced_9_to_12,5441,452,false,n,tier3_bnc_coca+bnc_coca_band_6k+grade_estimate_10+general_or_nonacademic,advanced,advanced,3.399,10.132,29.865,advanced_seed,advanced_9_to_12.csv
clog,10,9-12,advanced_9_to_12,5171,451,false,n,tier3_bnc_coca+bnc_coca_band_6k+grade_estimate_10+general_or_nonacademic,advanced,advanced,3.398,10.131,29.865,advanced_seed,advanced_9_to_12.csv
pant,10,9-12,advanced_9_to_12,5659,449,false,v,tier3_bnc_coca+bnc_coca_band_6k+grade_estimate_10+general_or_nonacademic,advanced,advanced,3.397,10.129,29.863,advanced_seed,advanced_9_to_12.csv
pate,12,9-12,advanced_9_to_12,9660,113,false,v,tier3_bnc_coca+bnc_coca_band_10k+grade_estimate_12+general_or_nonacademic,advanced,advanced,3.054,8.172,29.863,advanced_seed,advanced_9_to_12.csv
crackle,10,9-12,advanced_9_to_12,5216,448,false,n,tier3_bnc_coca+bnc_coca_band_6k+grade_estimate_10+general_or_nonacademic,advanced,advanced,1.597,10.129,29.863,advanced_seed,advanced_9_to_12.csv
excel,10,9-12,advanced_9_to_12,5329,448,false,n,tier3_bnc_coca+bnc_coca_band_6k+grade_estimate_10+general_or_nonacademic,advanced,advanced,2.397,10.629,29.863,advanced_seed,advanced_9_to_12.csv
knob,10,9-12,advanced_9_to_12,5521,448,false,n,tier3_bnc_coca+bnc_coca_band_6k+grade_estimate_10+general_or_nonacademic,advanced,advanced,3.397,10.129,29.863,advanced_seed,advanced_9_to_12.csv
imprint,10,9-12,advanced_9_to_12,5467,447,false,v,tier3_bnc_coca+bnc_coca_band_6k+grade_estimate_10+general_or_nonacademic,advanced,advanced,1.596,10.128,29.862,advanced_seed,advanced_9_to_12.csv
floral,10,9-12,advanced_9_to_12,5360,446,false,adj,tier3_bnc_coca+bnc_coca_band_6k+grade_estimate_10+general_or_nonacademic,advanced,advanced,2.395,10.627,29.861,advanced_seed,advanced_9_to_12.csv
muffle,10,9-12,advanced_9_to_12,5601,442,false,n,tier3_bnc_coca+bnc_coca_band_6k+grade_estimate_10+general_or_nonacademic,advanced,advanced,2.393,10.624,29.859,advanced_seed,advanced_9_to_12.csv
savour,10,9-12,advanced_9_to_12,5806,442,false,v,tier3_bnc_coca+bnc_coca_band_6k+grade_estimate_10+general_or_nonacademic,advanced,advanced,2.393,10.624,29.859,advanced_seed,advanced_9_to_12.csv
barren,10,9-12,advanced_9_to_12,5076,441,false,v,tier3_bnc_coca+bnc_coca_band_6k+grade_estimate_10+general_or_nonacademic,advanced,advanced,2.393,10.623,29.858,advanced_seed,advanced_9_to_12.csv
itch,10,9-12,advanced_9_to_12,5506,441,false,v,tier3_bnc_coca+bnc_coca_band_6k+grade_estimate_10+general_or_nonacademic,advanced,advanced,3.393,10.123,29.858,advanced_seed,advanced_9_to_12.csv
vinegar,9,9-12,advanced_9_to_12,4964,439,false,n,tier3_bnc_coca+bnc_coca_band_5k+grade_estimate_9+general_or_nonacademic,advanced,advanced,1.591,10.122,29.857,advanced_seed,advanced_9_to_12.csv
deodorize,10,9-12,advanced_9_to_12,6232,2,false,v,tier3_bnc_coca+bnc_coca_band_7k+grade_estimate_10+general_or_nonacademic,advanced,advanced,0.648,7.863,29.855,advanced_seed,advanced_9_to_12.csv
cardiac,10,9-12,advanced_9_to_12,5138,437,false,n,tier3_bnc_coca+bnc_coca_band_6k+grade_estimate_10+general_or_nonacademic,advanced,advanced,1.59,10.12,29.855,advanced_seed,advanced_9_to_12.csv
entice,10,9-12,advanced_9_to_12,5311,437,false,n,tier3_bnc_coca+bnc_coca_band_6k+grade_estimate_10+general_or_nonacademic,advanced,advanced,2.39,10.62,29.855,advanced_seed,advanced_9_to_12.csv
hearty,10,9-12,advanced_9_to_12,5424,437,false,n,tier3_bnc_coca+bnc_coca_band_6k+grade_estimate_10+general_or_nonacademic,advanced,advanced,2.39,10.62,29.855,advanced_seed,advanced_9_to_12.csv
mash,10,9-12,advanced_9_to_12,5571,437,false,v,tier3_bnc_coca+bnc_coca_band_6k+grade_estimate_10+general_or_nonacademic,advanced,advanced,3.39,10.12,29.855,advanced_seed,advanced_9_to_12.csv
bunny,10,9-12,advanced_9_to_12,5124,436,false,n,tier3_bnc_coca+bnc_coca_band_6k+grade_estimate_10+general_or_nonacademic,advanced,advanced,2.39,10.619,29.855,advanced_seed,advanced_9_to_12.csv
ethanol,10,9-12,advanced_9_to_12,5323,436,false,n,tier3_bnc_coca+bnc_coca_band_6k+grade_estimate_10+general_or_nonacademic,advanced,advanced,1.59,10.119,29.855,advanced_seed,advanced_9_to_12.csv
hype,10,9-12,advanced_9_to_12,5455,436,false,n,tier3_bnc_coca+bnc_coca_band_6k+grade_estimate_10+general_or_nonacademic,advanced,advanced,3.39,10.119,29.855,advanced_seed,advanced_9_to_12.csv
topple,10,9-12,advanced_9_to_12,5917,436,false,n,tier3_bnc_coca+bnc_coca_band_6k+grade_estimate_10+general_or_nonacademic,advanced,advanced,2.39,10.619,29.855,advanced_seed,advanced_9_to_12.csv
wince,10,9-12,advanced_9_to_12,5985,436,false,n,tier3_bnc_coca+bnc_coca_band_6k+grade_estimate_10+general_or_nonacademic,advanced,advanced,2.39,10.619,29.855,advanced_seed,advanced_9_to_12.csv
mundane,10,9-12,advanced_9_to_12,5606,435,false,adj,tier3_bnc_coca+bnc_coca_band_6k+grade_estimate_10+general_or_nonacademic,advanced,advanced,1.589,10.119,29.854,advanced_seed,advanced_9_to_12.csv
candy,9,9-12,advanced_9_to_12,4115,434,false,v,tier3_bnc_coca+bnc_coca_band_5k+grade_estimate_9+general_or_nonacademic,advanced,advanced,2.388,10.618,29.853,advanced_seed,advanced_9_to_12.csv
slop,10,9-12,advanced_9_to_12,5848,434,false,n,tier3_bnc_coca+bnc_coca_band_6k+grade_estimate_10+general_or_nonacademic,advanced,advanced,3.388,10.118,29.853,advanced_seed,advanced_9_to_12.csv
solicit,10,9-12,advanced_9_to_12,5857,434,false,v,tier3_bnc_coca+bnc_coca_band_6k+grade_estimate_10+general_or_nonacademic,advanced,advanced,1.588,10.118,29.853,advanced_seed,advanced_9_to_12.csv
bunker,10,9-12,advanced_9_to_12,5123,431,false,n,tier3_bnc_coca+bnc_coca_band_6k+grade_estimate_10+general_or_nonacademic,advanced,advanced,2.387,10.616,29.851,advanced_seed,advanced_9_to_12.csv
siren,10,9-12,advanced_9_to_12,5839,431,false,v,tier3_bnc_coca+bnc_coca_band_6k+grade_estimate_10+general_or_nonacademic,advanced,advanced,2.387,10.616,29.851,advanced_seed,advanced_9_to_12.csv
bobbed,10,9-12,advanced_9_to_12,5100,430,false,n,tier3_bnc_coca+bnc_coca_band_6k+grade_estimate_10+general_or_nonacademic,advanced,advanced,2.386,10.615,29.85,advanced_seed,advanced_9_to_12.csv
clutter,10,9-12,advanced_9_to_12,5176,430,false,v,tier3_bnc_coca+bnc_coca_band_6k+grade_estimate_10+general_or_nonacademic,advanced,advanced,1.586,10.115,29.85,advanced_seed,advanced_9_to_12.csv
mince,10,9-12,advanced_9_to_12,5589,429,false,n,tier3_bnc_coca+bnc_coca_band_6k+grade_estimate_10+general_or_nonacademic,advanced,advanced,2.385,10.614,29.85,advanced_seed,advanced_9_to_12.csv
sage,10,9-12,advanced_9_to_12,5800,429,false,adj,tier3_bnc_coca+bnc_coca_band_6k+grade_estimate_10+general_or_nonacademic,advanced,advanced,3.385,10.114,29.85,advanced_seed,advanced_9_to_12.csv
notch,10,9-12,advanced_9_to_12,5624,428,false,v,tier3_bnc_coca+bnc_coca_band_6k+grade_estimate_10+general_or_nonacademic,advanced,advanced,2.385,10.613,29.849,advanced_seed,advanced_9_to_12.csv
blister,10,9-12,advanced_9_to_12,5095,427,false,v,tier3_bnc_coca+bnc_coca_band_6k+grade_estimate_10+general_or_nonacademic,advanced,advanced,1.584,10.112,29.848,advanced_seed,advanced_9_to_12.csv
bolster,10,9-12,advanced_9_to_12,5102,427,false,v,tier3_bnc_coca+bnc_coca_band_6k+grade_estimate_10+general_or_nonacademic,advanced,advanced,1.584,10.112,29.848,advanced_seed,advanced_9_to_12.csv
scant,10,9-12,advanced_9_to_12,5808,427,false,adj,tier3_bnc_coca+bnc_coca_band_6k+grade_estimate_10+general_or_nonacademic,advanced,advanced,2.384,10.612,29.848,advanced_seed,advanced_9_to_12.csv
shilling,11,9-12,advanced_9_to_12,7798,1161,false,v,tier3_bnc_coca+bnc_coca_band_8k+grade_estimate_11+general_or_nonacademic,advanced,advanced,1.841,8.955,29.848,advanced_seed,advanced_9_to_12.csv
cartel,10,9-12,advanced_9_to_12,5143,426,false,n,tier3_bnc_coca+bnc_coca_band_6k+grade_estimate_10+general_or_nonacademic,advanced,advanced,2.384,10.612,29.848,advanced_seed,advanced_9_to_12.csv
maple,10,9-12,advanced_9_to_12,5566,426,false,n,tier3_bnc_coca+bnc_coca_band_6k+grade_estimate_10+general_or_nonacademic,advanced,advanced,2.384,10.612,29.848,advanced_seed,advanced_9_to_12.csv
rogue,10,9-12,advanced_9_to_12,5790,426,false,n,tier3_bnc_coca+bnc_coca_band_6k+grade_estimate_10+general_or_nonacademic,advanced,advanced,2.384,10.612,29.848,advanced_seed,advanced_9_to_12.csv
slug,10,9-12,advanced_9_to_12,5849,426,false,n,tier3_bnc_coca+bnc_coca_band_6k+grade_estimate_10+general_or_nonacademic,advanced,advanced,3.384,10.112,29.848,advanced_seed,advanced_9_to_12.csv
steroid,10,9-12,advanced_9_to_12,5873,426,false,n,tier3_bnc_coca+bnc_coca_band_6k+grade_estimate_10+general_or_nonacademic,advanced,advanced,1.584,10.112,29.848,advanced_seed,advanced_9_to_12.csv
grimace,10,9-12,advanced_9_to_12,5413,425,false,n,tier3_bnc_coca+bnc_coca_band_6k+grade_estimate_10+general_or_nonacademic,advanced,advanced,1.583,10.111,29.847,advanced_seed,advanced_9_to_12.csv
embargo,10,9-12,advanced_9_to_12,5304,423,false,n,tier3_bnc_coca+bnc_coca_band_6k+grade_estimate_10+general_or_nonacademic,advanced,advanced,1.582,10.109,29.846,advanced_seed,advanced_9_to_12.csv
payroll,10,9-12,advanced_9_to_12,5675,423,false,n,tier3_bnc_coca+bnc_coca_band_6k+grade_estimate_10+general_or_nonacademic,advanced,advanced,1.582,10.109,29.846,advanced_seed,advanced_9_to_12.csv
sacks,9,9-12,advanced_9_to_12,4753,422,false,n,tier3_bnc_coca+bnc_coca_band_5k+grade_estimate_9+general_or_nonacademic,advanced,advanced,2.381,10.608,29.845,advanced_seed,advanced_9_to_12.csv
mainframe,10,9-12,advanced_9_to_12,6508,1148,false,n,tier3_bnc_coca+bnc_coca_band_7k+grade_estimate_10+general_or_nonacademic,advanced,advanced,1.838,8.951,29.845,advanced_seed,advanced_9_to_12.csv
fluff,10,9-12,advanced_9_to_12,5362,421,false,v,tier3_bnc_coca+bnc_coca_band_6k+grade_estimate_10+general_or_nonacademic,advanced,advanced,2.381,10.608,29.844,advanced_seed,advanced_9_to_12.csv
impede,10,9-12,advanced_9_to_12,5463,421,false,n,tier3_bnc_coca+bnc_coca_band_6k+grade_estimate_10+general_or_nonacademic,advanced,advanced,2.381,10.608,29.844,advanced_seed,advanced_9_to_12.csv
fray,10,9-12,advanced_9_to_12,5376,420,false,v,tier3_bnc_coca+bnc_coca_band_6k+grade_estimate_10+general_or_nonacademic,advanced,advanced,3.38,10.107,29.843,advanced_seed,advanced_9_to_12.csv
slay,10,9-12,advanced_9_to_12,5842,418,false,v,tier3_bnc_coca+bnc_coca_band_6k+grade_estimate_10+general_or_nonacademic,advanced,advanced,3.379,10.105,29.842,advanced_seed,advanced_9_to_12.csv
vibrant,10,9-12,advanced_9_to_12,5965,418,false,adj,tier3_bnc_coca+bnc_coca_band_6k+grade_estimate_10+general_or_nonacademic,advanced,advanced,1.579,10.105,29.842,advanced_seed,advanced_9_to_12.csv
hike,9,9-12,advanced_9_to_12,4409,417,false,n,tier3_bnc_coca+bnc_coca_band_5k+grade_estimate_9+general_or_nonacademic,advanced,advanced,3.378,10.104,29.841,advanced_seed,advanced_9_to_12.csv
influx,10,9-12,advanced_9_to_12,5482,417,false,n,tier3_bnc_coca+bnc_coca_band_6k+grade_estimate_10+general_or_nonacademic,advanced,advanced,2.378,10.604,29.841,advanced_seed,advanced_9_to_12.csv
bluff,10,9-12,advanced_9_to_12,5099,414,false,v,tier3_bnc_coca+bnc_coca_band_6k+grade_estimate_10+general_or_nonacademic,advanced,advanced,2.376,10.602,29.839,advanced_seed,advanced_9_to_12.csv
pickle,10,9-12,advanced_9_to_12,5695,414,false,n,tier3_bnc_coca+bnc_coca_band_6k+grade_estimate_10+general_or_nonacademic,advanced,advanced,2.376,10.602,29.839,advanced_seed,advanced_9_to_12.csv
whore,10,9-12,advanced_9_to_12,5981,414,false,n,tier3_bnc_coca+bnc_coca_band_6k+grade_estimate_10+general_or_nonacademic,advanced,advanced,2.376,10.602,29.839,advanced_seed,advanced_9_to_12.csv
cadet,10,9-12,advanced_9_to_12,5129,413,false,n,tier3_bnc_coca+bnc_coca_band_6k+grade_estimate_10+general_or_nonacademic,advanced,advanced,2.376,10.601,29.838,advanced_seed,advanced_9_to_12.csv
artisan,10,9-12,advanced_9_to_12,5049,412,false,n,tier3_bnc_coca+bnc_coca_band_6k+grade_estimate_10+general_or_nonacademic,advanced,advanced,1.575,10.1,29.838,advanced_seed,advanced_9_to_12.csv
mosque,10,9-12,advanced_9_to_12,5597,412,false,n,tier3_bnc_coca+bnc_coca_band_6k+grade_estimate_10+general_or_nonacademic,advanced,advanced,2.375,10.6,29.838,advanced_seed,advanced_9_to_12.csv
sly,10,9-12,advanced_9_to_12,5851,412,false,adv,tier3_bnc_coca+bnc_coca_band_6k+grade_estimate_10+general_or_nonacademic,advanced,advanced,3.375,10.1,29.838,advanced_seed,advanced_9_to_12.csv
