word,source_grade_hint,normalized_band,source_list,rank,count,academic,pos,notes,band,preferred_band,beginner_score,intermediate_score,advanced_score,source_tags,source_files
he,K,k-5th grade,beginner_k_to_5,1,,false,pron,tier1_dolch+dolch_primer+fry_overlap+grade1_week3_item3,beginner,beginner,30.8,7.0,2.0,beginner_seed,beginner_k_to_5.csv
if,1,k-5th grade,beginner_k_to_5,1,,false,conj,tier1_dolch+dolch_grade3+fry_overlap+grade1_week13_item2,beginner,beginner,30.8,7.0,2.0,beginner_seed,beginner_k_to_5.csv
of,1,k-5th grade,beginner_k_to_5,1,,false,prep,tier1_dolch+dolch_grade1+fry_overlap+grade1_week1_item2,beginner,beginner,30.8,7.0,2.0,beginner_seed,beginner_k_to_5.csv
the,K,k-5th grade,beginner_k_to_5,1,,false,det,tier1_dolch+dolch_preprimer+fry_overlap+grade1_week1_item1,beginner,beginner,30.8,7.0,2.0,beginner_seed,beginner_k_to_5.csv
full,2,k-5th grade,beginner_k_to_5,2,,false,adj,tier1_dolch+dolch_grade3+fry_overlap+grade2_week16_item16,beginner,beginner,30.8,7.0,2.0,beginner_seed,beginner_k_to_5.csv
now,K,k-5th grade,beginner_k_to_5,2,,false,adv,tier1_dolch+dolch_primer+fry_overlap+grade1_week23_item2,beginner,beginner,30.8,7.0,2.0,beginner_seed,beginner_k_to_5.csv
one,K,k-5th grade,beginner_k_to_5,2,,false,det,tier1_dolch+dolch_preprimer+fry_overlap+grade1_week7_item3,beginner,beginner,30.8,7.0,2.0,beginner_seed,beginner_k_to_5.csv
take,1,k-5th grade,beginner_k_to_5,2,,false,v,tier1_dolch+dolch_grade1+fry_overlap+grade2_week1_item4,beginner,beginner,30.8,7.0,2.0,beginner_seed,beginner_k_to_5.csv
his,1,k-5th grade,beginner_k_to_5,3,,false,det,tier1_dolch+dolch_grade1+fry_overlap+grade1_week5_item2,beginner,beginner,30.8,7.0,2.0,beginner_seed,beginner_k_to_5.csv
long,1,k-5th grade,beginner_k_to_5,3,,false,adj,tier1_dolch+dolch_grade3+fry_overlap+grade1_week23_item4,beginner,beginner,30.8,7.0,2.0,beginner_seed,beginner_k_to_5.csv
to,K,k-5th grade,beginner_k_to_5,3,,false,prep,tier1_dolch+dolch_preprimer+fry_overlap+grade1_week2_item1,beginner,beginner,30.8,7.0,2.0,beginner_seed,beginner_k_to_5.csv
very,2,k-5th grade,beginner_k_to_5,3,,false,adv,tier1_dolch+dolch_grade2+fry_overlap+grade2_week4_item1,beginner,beginner,30.8,7.0,2.0,beginner_seed,beginner_k_to_5.csv
was,K,k-5th grade,beginner_k_to_5,3,,false,v,tier1_dolch+dolch_primer+fry_overlap+grade1_week3_item4,beginner,beginner,30.8,7.0,2.0,beginner_seed,beginner_k_to_5.csv
done,2,k-5th grade,beginner_k_to_5,4,,false,n,tier1_dolch+dolch_grade3+fry_overlap+grade2_week14_item11,beginner,beginner,30.8,7.0,2.0,beginner_seed,beginner_k_to_5.csv
my,K,k-5th grade,beginner_k_to_5,4,,false,det,tier1_dolch+dolch_preprimer+fry_overlap+grade1_week21_item1,beginner,beginner,30.8,7.0,2.0,beginner_seed,beginner_k_to_5.csv
no,K,k-5th grade,beginner_k_to_5,4,,false,adv,tier1_dolch+dolch_primer+fry_overlap+grade1_week20_item1,beginner,beginner,30.8,7.0,2.0,beginner_seed,beginner_k_to_5.csv
and,K,k-5th grade,beginner_k_to_5,5,,false,conj,tier1_dolch+dolch_preprimer+fry_overlap+grade1_week1_item3,beginner,beginner,30.8,7.0,2.0,beginner_seed,beginner_k_to_5.csv
had,1,k-5th grade,beginner_k_to_5,5,,false,v,tier1_dolch+dolch_grade1+fry_overlap+grade1_week7_item4,beginner,beginner,30.8,7.0,2.0,beginner_seed,beginner_k_to_5.csv
that,K,k-5th grade,beginner_k_to_5,5,,false,det,tier1_dolch+dolch_primer+fry_overlap+grade1_week1_item4,beginner,beginner,30.8,7.0,2.0,beginner_seed,beginner_k_to_5.csv
your,1,k-5th grade,beginner_k_to_5,5,,false,det,tier1_dolch+dolch_grade2+fry_overlap+grade1_week10_item2,beginner,beginner,30.8,7.0,2.0,beginner_seed,beginner_k_to_5.csv
came,K,k-5th grade,beginner_k_to_5,6,,false,v,tier1_dolch+dolch_primer+fry_overlap+grade2_week9_item3,beginner,beginner,30.8,7.0,2.0,beginner_seed,beginner_k_to_5.csv
made,1,k-5th grade,beginner_k_to_5,6,,false,n,tier1_dolch+dolch_grade2+fry_overlap+grade1_week25_item2,beginner,beginner,30.8,7.0,2.0,beginner_seed,beginner_k_to_5.csv
mat,1,k-5th grade,beginner_k_to_5,6,,false,n,elementary_fill+grade1+grade1_week1_item6,beginner,beginner,30.8,7.0,2.0,beginner_seed,beginner_k_to_5.csv
me,K,k-5th grade,beginner_k_to_5,6,,false,pron,tier1_dolch+dolch_preprimer+fry_overlap+grade2_week3_item2,beginner,beginner,30.8,7.0,2.0,beginner_seed,beginner_k_to_5.csv
old,1,k-5th grade,beginner_k_to_5,6,,false,adj,tier1_dolch+dolch_grade1+fry_overlap+grade2_week8_item2,beginner,beginner,30.8,7.0,2.0,beginner_seed,beginner_k_to_5.csv
a,K,k-5th grade,beginner_k_to_5,7,,false,det,tier1_dolch+dolch_preprimer+fry_overlap,beginner,beginner,30.8,7.0,2.0,beginner_seed,beginner_k_to_5.csv
got,2,k-5th grade,beginner_k_to_5,7,,false,n,tier1_dolch+dolch_grade3+fry_overlap+grade2_week4_item14,beginner,beginner,30.8,7.0,2.0,beginner_seed,beginner_k_to_5.csv
him,1,k-5th grade,beginner_k_to_5,7,,false,pron,tier1_dolch+dolch_grade1+fry_overlap+grade1_week17_item2,beginner,beginner,30.8,7.0,2.0,beginner_seed,beginner_k_to_5.csv
its,2,k-5th grade,beginner_k_to_5,7,,false,det,tier1_dolch+dolch_grade2,beginner,beginner,30.8,7.0,2.0,beginner_seed,beginner_k_to_5.csv
she,K,k-5th grade,beginner_k_to_5,7,,false,pron,tier1_dolch+dolch_primer+fry_overlap+grade1_week12_item2,beginner,beginner,30.8,7.0,2.0,beginner_seed,beginner_k_to_5.csv
big,K,k-5th grade,beginner_k_to_5,8,,false,adj,tier1_dolch+dolch_preprimer+fry_overlap+grade1_week6_item5,beginner,beginner,30.8,7.0,2.0,beginner_seed,beginner_k_to_5.csv
by,1,k-5th grade,beginner_k_to_5,8,,false,prep,tier1_dolch+dolch_grade1+fry_overlap+grade1_week8_item1,beginner,beginner,30.8,7.0,2.0,beginner_seed,beginner_k_to_5.csv
gave,2,k-5th grade,beginner_k_to_5,8,,false,n,tier1_dolch+dolch_grade2+fry_overlap+grade2_week7_item11,beginner,beginner,30.8,7.0,2.0,beginner_seed,beginner_k_to_5.csv
pick,3,k-5th grade,beginner_k_to_5,8,,false,v,tier1_dolch+dolch_grade3,beginner,beginner,30.8,7.0,2.0,beginner_seed,beginner_k_to_5.csv
ride,K,k-5th grade,beginner_k_to_5,8,,false,v,tier1_dolch+dolch_primer+fry_overlap+grade2_week27_item14,beginner,beginner,30.8,7.0,2.0,beginner_seed,beginner_k_to_5.csv
barn,2,k-5th grade,beginner_k_to_5,9,,false,n,elementary_fill+grade2+grade2_week1_item9,beginner,beginner,30.8,7.0,2.0,beginner_seed,beginner_k_to_5.csv
her,1,k-5th grade,beginner_k_to_5,9,,false,pron,tier1_dolch+dolch_grade1+fry_overlap+grade1_week16_item2,beginner,beginner,30.8,7.0,2.0,beginner_seed,beginner_k_to_5.csv
i,K,k-5th grade,beginner_k_to_5,9,,false,pron,tier1_dolch+dolch_preprimer+fry_overlap,beginner,beginner,30.8,7.0,2.0,beginner_seed,beginner_k_to_5.csv
on,K,k-5th grade,beginner_k_to_5,9,,false,prep,tier1_dolch+dolch_primer+fry_overlap+grade1_week4_item2,beginner,beginner,30.8,7.0,2.0,beginner_seed,beginner_k_to_5.csv
six,2,k-5th grade,beginner_k_to_5,9,,false,det,tier1_dolch+dolch_grade3+fry_overlap+grade2_week19_item16,beginner,beginner,30.8,7.0,2.0,beginner_seed,beginner_k_to_5.csv
card,2,k-5th grade,beginner_k_to_5,10,,false,n,elementary_fill+grade2+grade2_week1_item10,beginner,beginner,30.8,7.0,2.0,beginner_seed,beginner_k_to_5.csv
come,K,k-5th grade,beginner_k_to_5,10,,false,v,tier1_dolch+dolch_preprimer+fry_overlap+grade1_week25_item1,beginner,beginner,30.8,7.0,2.0,beginner_seed,beginner_k_to_5.csv
into,K,k-5th grade,beginner_k_to_5,10,,false,prep,tier1_dolch+dolch_primer+fry_overlap+grade1_week17_item3,beginner,beginner,30.8,7.0,2.0,beginner_seed,beginner_k_to_5.csv
us,2,k-5th grade,beginner_k_to_5,10,,false,pron,tier1_dolch+dolch_grade2+fry_overlap+grade2_week15_item4,beginner,beginner,30.8,7.0,2.0,beginner_seed,beginner_k_to_5.csv
some,1,k-5th grade,beginner_k_to_5,11,,false,det,tier1_dolch+dolch_grade1+fry_overlap+grade1_week16_item1,beginner,beginner,30.8,7.0,2.0,beginner_seed,beginner_k_to_5.csv
they,K,k-5th grade,beginner_k_to_5,11,,false,pron,tier1_dolch+dolch_primer+fry_overlap+grade1_week5_item3,beginner,beginner,30.8,7.0,2.0,beginner_seed,beginner_k_to_5.csv
you,K,k-5th grade,beginner_k_to_5,11,,false,pron,tier1_dolch+dolch_preprimer+fry_overlap+grade1_week2_item4,beginner,beginner,30.8,7.0,2.0,beginner_seed,beginner_k_to_5.csv
blue,K,k-5th grade,beginner_k_to_5,12,,false,adj,tier1_dolch+dolch_preprimer+fry_overlap+grade2_week8_item6,beginner,beginner,30.8,7.0,2.0,beginner_seed,beginner_k_to_5.csv
buy,2,k-5th grade,beginner_k_to_5,12,,false,v,tier1_dolch+dolch_grade2+fry_overlap+grade3_week17_item2,beginner,beginner,30.8,7.0,2.0,beginner_seed,beginner_k_to_5.csv
cut,1,k-5th grade,beginner_k_to_5,12,,false,v,tier1_dolch+dolch_grade3+fry_overlap+grade1_week13_item5,beginner,beginner,30.8,7.0,2.0,beginner_seed,beginner_k_to_5.csv
good,K,k-5th grade,beginner_k_to_5,12,,false,adj,tier1_dolch+dolch_primer+fry_overlap+grade1_week33_item3,beginner,beginner,30.8,7.0,2.0,beginner_seed,beginner_k_to_5.csv
as,1,k-5th grade,beginner_k_to_5,13,,false,n,tier1_dolch+dolch_grade1+fry_overlap+grade1_week4_item4,beginner,beginner,30.8,7.0,2.0,beginner_seed,beginner_k_to_5.csv
but,K,k-5th grade,beginner_k_to_5,13,,false,conj,tier1_dolch+dolch_primer+fry_overlap+grade1_week8_item3,beginner,beginner,30.8,7.0,2.0,beginner_seed,beginner_k_to_5.csv
it,K,k-5th grade,beginner_k_to_5,13,,false,pron,tier1_dolch+dolch_preprimer+fry_overlap+grade1_week3_item2,beginner,beginner,30.8,7.0,2.0,beginner_seed,beginner_k_to_5.csv
eyes,2,k-5th grade,beginner_k_to_5,14,,false,n,elementary_fill+grade2+grade2_week1_item14,beginner,beginner,30.8,7.0,2.0,beginner_seed,beginner_k_to_5.csv
kind,2,k-5th grade,beginner_k_to_5,14,,false,n,tier1_dolch+dolch_grade3+fry_overlap+grade2_week8_item16,beginner,beginner,30.8,7.0,2.0,beginner_seed,beginner_k_to_5.csv
let,1,k-5th grade,beginner_k_to_5,14,,false,v,tier1_dolch+dolch_grade1+fry_overlap+grade1_week17_item8,beginner,beginner,30.8,7.0,2.0,beginner_seed,beginner_k_to_5.csv
red,K,k-5th grade,beginner_k_to_5,14,,false,adj,tier1_dolch+dolch_preprimer+fry_overlap+grade1_week18_item5,beginner,beginner,30.8,7.0,2.0,beginner_seed,beginner_k_to_5.csv
want,K,k-5th grade,beginner_k_to_5,14,,false,v,tier1_dolch+dolch_primer+fry_overlap+grade2_week9_item4,beginner,beginner,30.8,7.0,2.0,beginner_seed,beginner_k_to_5.csv
at,K,k-5th grade,beginner_k_to_5,15,,false,prep,tier1_dolch+dolch_primer+fry_overlap+grade1_week6_item1,beginner,beginner,30.8,7.0,2.0,beginner_seed,beginner_k_to_5.csv
date,2,k-5th grade,beginner_k_to_5,15,,false,n,elementary_fill+grade2+grade2_week1_item15,beginner,beginner,30.8,7.5,3.4,beginner_seed,beginner_k_to_5.csv
in,K,k-5th grade,beginner_k_to_5,15,,false,prep,tier1_dolch+dolch_preprimer+fry_overlap+grade1_week2_item2,beginner,beginner,30.8,7.0,2.0,beginner_seed,beginner_k_to_5.csv
oxen,4,k-5th grade,beginner_k_to_5,15,,false,n,elementary_fill+grade4+grade4_week1_item15,beginner,beginner,30.8,7.0,2.0,beginner_seed,beginner_k_to_5.csv
then,1,k-5th grade,beginner_k_to_5,15,,false,adv,tier1_dolch+dolch_grade1+fry_overlap+grade1_week15_item1,beginner,beginner,30.8,7.0,2.0,beginner_seed,beginner_k_to_5.csv
fall,2,k-5th grade,beginner_k_to_5,16,,false,v,tier1_dolch+dolch_grade3+fry_overlap+grade2_week13_item5,beginner,beginner,30.8,7.0,2.0,beginner_seed,beginner_k_to_5.csv
pan,1,k-5th grade,beginner_k_to_5,16,,false,n,elementary_fill+grade1+grade1_week2_item8,beginner,beginner,30.8,7.0,2.0,beginner_seed,beginner_k_to_5.csv
too,K,k-5th grade,beginner_k_to_5,16,,false,adv,tier1_dolch+dolch_primer+fry_overlap+grade2_week7_item5,beginner,beginner,30.8,7.0,2.0,beginner_seed,beginner_k_to_5.csv
use,1,k-5th grade,beginner_k_to_5,16,,false,v,tier1_dolch+dolch_grade2+fry_overlap+grade1_week11_item2,beginner,beginner,30.8,7.0,2.0,beginner_seed,beginner_k_to_5.csv
said,K,k-5th grade,beginner_k_to_5,17,,false,v,tier1_dolch+dolch_preprimer+fry_overlap+grade1_week10_item4,beginner,beginner,30.8,7.0,2.0,beginner_seed,beginner_k_to_5.csv
with,K,k-5th grade,beginner_k_to_5,17,,false,prep,tier1_dolch+dolch_primer+fry_overlap+grade1_week5_item1,beginner,beginner,30.8,7.0,2.0,beginner_seed,beginner_k_to_5.csv
fast,2,k-5th grade,beginner_k_to_5,18,,false,adv,tier1_dolch+dolch_grade2+fry_overlap+grade2_week16_item6,beginner,beginner,30.8,7.0,2.0,beginner_seed,beginner_k_to_5.csv
jump,K,k-5th grade,beginner_k_to_5,18,,false,v,tier1_dolch+dolch_preprimer,beginner,beginner,30.8,7.0,2.0,beginner_seed,beginner_k_to_5.csv
walk,1,k-5th grade,beginner_k_to_5,18,,false,v,tier1_dolch+dolch_grade1+fry_overlap+grade3_week12_item4,beginner,beginner,30.8,7.0,2.0,beginner_seed,beginner_k_to_5.csv
all,K,k-5th grade,beginner_k_to_5,19,,false,n,tier1_dolch+dolch_primer+fry_overlap+grade1_week9_item2,beginner,beginner,30.8,7.0,2.0,beginner_seed,beginner_k_to_5.csv
call,2,k-5th grade,beginner_k_to_5,19,,false,v,tier1_dolch+dolch_grade2+fry_overlap,beginner,beginner,30.8,7.0,2.0,beginner_seed,beginner_k_to_5.csv
for,K,k-5th grade,beginner_k_to_5,19,,false,prep,tier1_dolch+dolch_preprimer+fry_overlap+grade1_week4_item1,beginner,beginner,30.8,7.0,2.0,beginner_seed,beginner_k_to_5.csv
when,1,k-5th grade,beginner_k_to_5,19,,false,adv,tier1_dolch+dolch_grade1+fry_overlap+grade1_week10_item1,beginner,beginner,30.8,7.0,2.0,beginner_seed,beginner_k_to_5.csv
away,K,k-5th grade,beginner_k_to_5,20,,false,adv,tier1_dolch+dolch_preprimer+fry_overlap+grade2_week18_item1,beginner,beginner,30.8,7.0,2.0,beginner_seed,beginner_k_to_5.csv
four,K,k-5th grade,beginner_k_to_5,20,,false,det,tier1_dolch+dolch_primer+fry_overlap+grade2_week6_item3,beginner,beginner,30.8,7.0,2.0,beginner_seed,beginner_k_to_5.csv
pull,2,k-5th grade,beginner_k_to_5,20,,false,v,tier1_dolch+dolch_grade2+grade2_week5_item15,beginner,beginner,30.8,7.0,2.0,beginner_seed,beginner_k_to_5.csv
much,2,k-5th grade,beginner_k_to_5,21,,false,n,tier1_dolch+dolch_grade3+fry_overlap+grade2_week19_item6,beginner,beginner,30.8,7.0,2.0,beginner_seed,beginner_k_to_5.csv
up,K,k-5th grade,beginner_k_to_5,21,,false,n,tier1_dolch+dolch_preprimer+fry_overlap+grade1_week13_item4,beginner,beginner,30.8,7.0,2.0,beginner_seed,beginner_k_to_5.csv
were,1,k-5th grade,beginner_k_to_5,21,,false,v,tier1_dolch+dolch_grade1+fry_overlap+grade1_week9_item3,beginner,beginner,30.8,7.0,2.0,beginner_seed,beginner_k_to_5.csv
both,2,k-5th grade,beginner_k_to_5,22,,false,det,tier1_dolch+dolch_grade2+fry_overlap+grade3_week9_item4,beginner,beginner,30.8,7.0,2.0,beginner_seed,beginner_k_to_5.csv
cap,1,k-5th grade,beginner_k_to_5,22,,false,n,elementary_fill+grade1+grade1_week3_item6,beginner,beginner,30.8,7.0,2.0,beginner_seed,beginner_k_to_5.csv
here,K,k-5th grade,beginner_k_to_5,22,,false,adv,tier1_dolch+dolch_preprimer+fry_overlap+grade2_week13_item4,beginner,beginner,30.8,7.0,2.0,beginner_seed,beginner_k_to_5.csv
may,1,k-5th grade,beginner_k_to_5,22,,false,v,tier1_dolch+dolch_grade1+fry_overlap+grade1_week25_item3,beginner,beginner,30.8,7.0,2.0,beginner_seed,beginner_k_to_5.csv
own,3,k-5th grade,beginner_k_to_5,22,,false,n,tier1_dolch+dolch_grade3+fry_overlap+grade3_week2_item2,beginner,beginner,30.8,7.0,2.0,beginner_seed,beginner_k_to_5.csv
saw,K,k-5th grade,beginner_k_to_5,22,,false,v,tier1_dolch+dolch_primer+fry_overlap+grade2_week3_item6,beginner,beginner,30.8,7.0,2.0,beginner_seed,beginner_k_to_5.csv
five,1,k-5th grade,beginner_k_to_5,23,,false,adj,tier1_dolch+dolch_grade2+fry_overlap+grade1_week28_item6,beginner,beginner,30.8,7.5,3.4,beginner_seed,beginner_k_to_5.csv
keep,3,k-5th grade,beginner_k_to_5,23,,false,v,tier1_dolch+dolch_grade3+fry_overlap+grade3_week3_item4,beginner,beginner,30.8,7.0,2.0,beginner_seed,beginner_k_to_5.csv
look,K,k-5th grade,beginner_k_to_5,23,,false,v,tier1_dolch+dolch_preprimer+fry_overlap+grade1_week18_item2,beginner,beginner,30.8,7.0,2.0,beginner_seed,beginner_k_to_5.csv
mail,2,k-5th grade,beginner_k_to_5,23,,false,n,elementary_fill+grade2+grade2_week2_item7,beginner,beginner,30.8,7.0,2.0,beginner_seed,beginner_k_to_5.csv
nap,1,k-5th grade,beginner_k_to_5,23,,false,n,elementary_fill+grade1+grade1_week3_item7,beginner,beginner,30.8,7.0,2.0,beginner_seed,beginner_k_to_5.csv
out,K,k-5th grade,beginner_k_to_5,23,,false,prep,tier1_dolch+dolch_primer+fry_overlap+grade1_week14_item3,beginner,beginner,30.8,7.0,2.0,beginner_seed,beginner_k_to_5.csv
them,1,k-5th grade,beginner_k_to_5,23,,false,pron,tier1_dolch+dolch_grade1+fry_overlap+grade1_week15_item2,beginner,beginner,30.8,7.0,2.0,beginner_seed,beginner_k_to_5.csv
help,K,k-5th grade,beginner_k_to_5,24,,false,v,tier1_dolch+dolch_preprimer+fry_overlap+grade2_week6_item4,beginner,beginner,30.8,7.0,2.0,beginner_seed,beginner_k_to_5.csv
pond,3,k-5th grade,beginner_k_to_5,24,,false,n,elementary_fill+grade3+grade3_week2_item8,beginner,beginner,30.8,7.0,2.0,beginner_seed,beginner_k_to_5.csv
show,1,k-5th grade,beginner_k_to_5,24,,false,v,tier1_dolch+dolch_grade3+fry_overlap+grade1_week31_item5,beginner,beginner,30.8,7.0,2.0,beginner_seed,beginner_k_to_5.csv
sit,1,k-5th grade,beginner_k_to_5,24,,false,v,tier1_dolch+dolch_grade2+fry_overlap+grade1_week5_item5,beginner,beginner,30.8,7.0,2.0,beginner_seed,beginner_k_to_5.csv
stop,1,k-5th grade,beginner_k_to_5,24,,false,v,tier1_dolch+dolch_grade1+fry_overlap+grade1_week32_item7,beginner,beginner,30.8,7.0,2.0,beginner_seed,beginner_k_to_5.csv
tap,1,k-5th grade,beginner_k_to_5,24,,false,n,elementary_fill+grade1+grade1_week3_item8,beginner,beginner,30.8,7.0,2.0,beginner_seed,beginner_k_to_5.csv
well,K,k-5th grade,beginner_k_to_5,24,,false,adv,tier1_dolch+dolch_primer+fry_overlap+grade1_week20_item8,beginner,beginner,30.8,7.0,2.0,beginner_seed,beginner_k_to_5.csv
ask,1,k-5th grade,beginner_k_to_5,25,,false,v,tier1_dolch+dolch_grade1+fry_overlap+grade2_week18_item9,beginner,beginner,30.8,7.0,2.0,beginner_seed,beginner_k_to_5.csv
be,K,k-5th grade,beginner_k_to_5,25,,false,v,tier1_dolch+dolch_primer+fry_overlap+grade1_week6_item2,beginner,beginner,30.8,7.0,2.0,beginner_seed,beginner_k_to_5.csv
is,K,k-5th grade,beginner_k_to_5,25,,false,v,tier1_dolch+dolch_preprimer+fry_overlap+grade1_week2_item3,beginner,beginner,30.8,7.0,2.0,beginner_seed,beginner_k_to_5.csv
try,1,k-5th grade,beginner_k_to_5,25,,false,v,tier1_dolch+dolch_grade3+fry_overlap+grade1_week29_item6,beginner,beginner,30.8,7.0,2.0,beginner_seed,beginner_k_to_5.csv
wash,2,k-5th grade,beginner_k_to_5,25,,false,v,tier1_dolch+dolch_grade2+fry_overlap+grade2_week20_item9,beginner,beginner,30.8,7.0,2.0,beginner_seed,beginner_k_to_5.csv
fly,1,k-5th grade,beginner_k_to_5,26,,false,adv,tier1_dolch+dolch_grade1+fry_overlap+grade3_week18_item1,beginner,beginner,30.8,7.0,2.0,beginner_seed,beginner_k_to_5.csv
hot,1,k-5th grade,beginner_k_to_5,26,,false,adj,tier1_dolch+dolch_grade3+fry_overlap+grade1_week9_item5,beginner,beginner,30.8,7.0,2.0,beginner_seed,beginner_k_to_5.csv
make,K,k-5th grade,beginner_k_to_5,26,,false,v,tier1_dolch+dolch_preprimer+fry_overlap+grade1_week16_item4,beginner,beginner,30.8,7.0,2.0,beginner_seed,beginner_k_to_5.csv
ran,K,k-5th grade,beginner_k_to_5,26,,false,v,tier1_dolch+dolch_primer+fry_overlap+grade1_week2_item7,beginner,beginner,30.8,7.0,2.0,beginner_seed,beginner_k_to_5.csv
an,1,k-5th grade,beginner_k_to_5,27,,false,det,tier1_dolch+dolch_grade1+fry_overlap+grade1_week11_item3,beginner,beginner,30.8,7.0,2.0,beginner_seed,beginner_k_to_5.csv
go,K,k-5th grade,beginner_k_to_5,27,,false,v,tier1_dolch+dolch_preprimer+fry_overlap+grade1_week19_item2,beginner,beginner,30.8,7.0,2.0,beginner_seed,beginner_k_to_5.csv
have,K,k-5th grade,beginner_k_to_5,27,,false,v,tier1_dolch+dolch_primer+fry_overlap+grade1_week6_item4,beginner,beginner,30.8,7.0,2.0,beginner_seed,beginner_k_to_5.csv
or,1,k-5th grade,beginner_k_to_5,27,,false,conj,tier1_dolch+dolch_grade2+fry_overlap+grade1_week7_item2,beginner,beginner,30.8,7.0,2.0,beginner_seed,beginner_k_to_5.csv
paid,2,k-5th grade,beginner_k_to_5,27,,false,v,elementary_fill+grade2+grade2_week2_item11,beginner,beginner,30.8,7.0,2.0,beginner_seed,beginner_k_to_5.csv
far,2,k-5th grade,beginner_k_to_5,28,,false,adv,tier1_dolch+dolch_grade3+fry_overlap+grade2_week5_item13,beginner,beginner,30.8,7.0,2.0,beginner_seed,beginner_k_to_5.csv
read,2,k-5th grade,beginner_k_to_5,28,,false,v,tier1_dolch+dolch_grade2+fry_overlap+grade2_week14_item4,beginner,beginner,30.8,7.0,2.0,beginner_seed,beginner_k_to_5.csv
am,K,k-5th grade,beginner_k_to_5,29,,false,v,tier1_dolch+dolch_primer+fry_overlap,beginner,beginner,30.8,7.0,2.0,beginner_seed,beginner_k_to_5.csv
over,1,k-5th grade,beginner_k_to_5,29,,false,prep,tier1_dolch+dolch_grade1+fry_overlap+grade2_week1_item1,beginner,beginner,30.8,7.0,2.0,beginner_seed,beginner_k_to_5.csv
ten,1,k-5th grade,beginner_k_to_5,29,,false,det,tier1_dolch+dolch_grade3+fry_overlap+grade1_week19_item8,beginner,beginner,30.8,7.0,2.0,beginner_seed,beginner_k_to_5.csv
we,K,k-5th grade,beginner_k_to_5,29,,false,pron,tier1_dolch+dolch_preprimer+fry_overlap+grade1_week9_item4,beginner,beginner,30.8,7.0,2.0,beginner_seed,beginner_k_to_5.csv
draw,2,k-5th grade,beginner_k_to_5,30,,false,v,tier1_dolch+dolch_grade3+fry_overlap+grade2_week3_item11,beginner,beginner,30.8,7.0,2.0,beginner_seed,beginner_k_to_5.csv
eat,K,k-5th grade,beginner_k_to_5,30,,false,v,tier1_dolch+dolch_primer+fry_overlap+grade2_week5_item5,beginner,beginner,30.8,7.0,2.0,beginner_seed,beginner_k_to_5.csv
give,1,k-5th grade,beginner_k_to_5,30,,false,v,tier1_dolch+dolch_grade1+fry_overlap+grade2_week3_item4,beginner,beginner,30.8,7.5,3.4,beginner_seed,beginner_k_to_5.csv
sack,1,k-5th grade,beginner_k_to_5,30,,false,n,elementary_fill+grade1+grade1_week4_item6,beginner,beginner,30.8,7.0,2.0,beginner_seed,beginner_k_to_5.csv
two,K,k-5th grade,beginner_k_to_5,30,,false,det,tier1_dolch+dolch_preprimer+fry_overlap+grade1_week18_item3,beginner,beginner,30.8,7.0,2.0,beginner_seed,beginner_k_to_5.csv
why,2,k-5th grade,beginner_k_to_5,30,,false,adv,tier1_dolch+dolch_grade2+fry_overlap+grade2_week29_item5,beginner,beginner,30.8,7.0,2.0,beginner_seed,beginner_k_to_5.csv
been,1,k-5th grade,beginner_k_to_5,31,,false,v,tier1_dolch+dolch_grade2+fry_overlap+grade1_week22_item1,beginner,beginner,30.8,7.0,2.0,beginner_seed,beginner_k_to_5.csv
do,K,k-5th grade,beginner_k_to_5,31,,false,v,tier1_dolch+dolch_primer+fry_overlap+grade1_week12_item3,beginner,beginner,30.8,7.0,2.0,beginner_seed,beginner_k_to_5.csv
just,1,k-5th grade,beginner_k_to_5,31,,false,n,tier1_dolch+dolch_grade1+fry_overlap+grade2_week4_item5,beginner,beginner,30.8,7.0,2.0,beginner_seed,beginner_k_to_5.csv
once,1,k-5th grade,beginner_k_to_5,32,,false,adv,tier1_dolch+dolch_grade1+fry_overlap+grade3_week14_item4,beginner,beginner,30.8,7.0,2.0,beginner_seed,beginner_k_to_5.csv
play,K,k-5th grade,beginner_k_to_5,32,,false,v,tier1_dolch+dolch_preprimer+fry_overlap+grade1_week27_item5,beginner,beginner,30.8,7.0,2.0,beginner_seed,beginner_k_to_5.csv
who,K,k-5th grade,beginner_k_to_5,32,,false,pron,tier1_dolch+dolch_primer+fry_overlap+grade1_week22_item3,beginner,beginner,30.8,7.0,2.0,beginner_seed,beginner_k_to_5.csv
did,K,k-5th grade,beginner_k_to_5,33,,false,v,tier1_dolch+dolch_primer+fry_overlap+grade1_week24_item3,beginner,beginner,30.8,7.0,2.0,beginner_seed,beginner_k_to_5.csv
down,K,k-5th grade,beginner_k_to_5,33,,false,n,tier1_dolch+dolch_preprimer+fry_overlap+grade1_week24_item1,beginner,beginner,30.8,7.0,2.0,beginner_seed,beginner_k_to_5.csv
from,1,k-5th grade,beginner_k_to_5,33,,false,prep,tier1_dolch+dolch_grade1+fry_overlap+grade1_week7_item1,beginner,beginner,30.8,7.0,2.0,beginner_seed,beginner_k_to_5.csv
off,2,k-5th grade,beginner_k_to_5,33,,false,prep,tier1_dolch+dolch_grade2+fry_overlap+grade2_week17_item2,beginner,beginner,30.8,7.0,2.0,beginner_seed,beginner_k_to_5.csv
grow,1,k-5th grade,beginner_k_to_5,34,,false,v,tier1_dolch+dolch_grade3+fry_overlap+grade1_week31_item3,beginner,beginner,30.8,7.0,2.0,beginner_seed,beginner_k_to_5.csv
new,K,k-5th grade,beginner_k_to_5,34,,false,n,tier1_dolch+dolch_primer+fry_overlap+grade2_week1_item2,beginner,beginner,30.8,7.0,2.0,beginner_seed,beginner_k_to_5.csv
open,1,k-5th grade,beginner_k_to_5,34,,false,adj,tier1_dolch+dolch_grade1+fry_overlap+grade3_week8_item3,beginner,beginner,30.8,7.0,2.0,beginner_seed,beginner_k_to_5.csv
run,K,k-5th grade,beginner_k_to_5,34,,false,v,tier1_dolch+dolch_preprimer+fry_overlap+grade1_week15_item6,beginner,beginner,30.8,7.0,2.0,beginner_seed,beginner_k_to_5.csv
any,1,k-5th grade,beginner_k_to_5,35,,false,det,tier1_dolch+dolch_grade1+fry_overlap+grade2_week8_item3,beginner,beginner,30.8,7.0,2.0,beginner_seed,beginner_k_to_5.csv
can,K,k-5th grade,beginner_k_to_5,35,,false,v,tier1_dolch+dolch_preprimer+fry_overlap+grade1_week2_item6,beginner,beginner,30.8,7.0,2.0,beginner_seed,beginner_k_to_5.csv
cold,2,k-5th grade,beginner_k_to_5,35,,false,adj,tier1_dolch+dolch_grade2+fry_overlap+grade2_week6_item7,beginner,beginner,30.8,7.0,2.0,beginner_seed,beginner_k_to_5.csv
only,2,k-5th grade,beginner_k_to_5,35,,false,adv,tier1_dolch+dolch_grade3+fry_overlap+grade2_week1_item5,beginner,beginner,30.8,7.0,2.0,beginner_seed,beginner_k_to_5.csv
what,K,k-5th grade,beginner_k_to_5,35,,false,det,tier1_dolch+dolch_primer+fry_overlap+grade1_week9_item1,beginner,beginner,30.8,7.0,2.0,beginner_seed,beginner_k_to_5.csv
best,2,k-5th grade,beginner_k_to_5,36,,false,adj,tier1_dolch+dolch_grade2+fry_overlap+grade3_week1_item6,beginner,beginner,30.8,7.0,2.0,beginner_seed,beginner_k_to_5.csv
find,K,k-5th grade,beginner_k_to_5,36,,false,v,tier1_dolch+dolch_preprimer+fry_overlap+grade1_week23_item3,beginner,beginner,30.8,7.0,2.0,beginner_seed,beginner_k_to_5.csv
has,1,k-5th grade,beginner_k_to_5,36,,false,v,tier1_dolch+dolch_grade1+fry_overlap+grade1_week18_item1,beginner,beginner,30.8,7.0,2.0,beginner_seed,beginner_k_to_5.csv
must,K,k-5th grade,beginner_k_to_5,36,,false,v,tier1_dolch+dolch_primer+fry_overlap+grade1_week24_item7,beginner,beginner,30.8,7.0,2.0,beginner_seed,beginner_k_to_5.csv
pit,1,k-5th grade,beginner_k_to_5,36,,false,n,elementary_fill+grade1+grade1_week5_item4,beginner,beginner,30.8,7.0,2.0,beginner_seed,beginner_k_to_5.csv
how,1,k-5th grade,beginner_k_to_5,37,,false,adv,tier1_dolch+dolch_grade1+fry_overlap+grade1_week12_item4,beginner,beginner,30.8,7.0,2.0,beginner_seed,beginner_k_to_5.csv
see,K,k-5th grade,beginner_k_to_5,37,,false,v,tier1_dolch+dolch_preprimer+fry_overlap+grade1_week19_item3,beginner,beginner,30.8,7.0,2.0,beginner_seed,beginner_k_to_5.csv
so,K,k-5th grade,beginner_k_to_5,37,,false,conj,tier1_dolch+dolch_primer+fry_overlap+grade1_week15_item4,beginner,beginner,30.8,7.0,2.0,beginner_seed,beginner_k_to_5.csv
tell,1,k-5th grade,beginner_k_to_5,37,,false,v,tier1_dolch+dolch_grade2+fry_overlap+grade1_week20_item5,beginner,beginner,30.8,7.0,2.0,beginner_seed,beginner_k_to_5.csv
live,1,k-5th grade,beginner_k_to_5,38,,false,v,tier1_dolch+dolch_grade1+fry_overlap+grade2_week3_item1,beginner,beginner,30.8,7.5,3.4,beginner_seed,beginner_k_to_5.csv
upon,2,k-5th grade,beginner_k_to_5,38,,false,prep,tier1_dolch+dolch_grade2+fry_overlap+grade3_week5_item1,beginner,beginner,30.8,7.0,2.0,beginner_seed,beginner_k_to_5.csv
get,K,k-5th grade,beginner_k_to_5,39,,false,v,tier1_dolch+dolch_primer+fry_overlap+grade1_week17_item6,beginner,beginner,30.8,7.0,2.0,beginner_seed,beginner_k_to_5.csv
hold,2,k-5th grade,beginner_k_to_5,39,,false,v,tier1_dolch+dolch_grade3+fry_overlap+grade2_week1_item16,beginner,beginner,30.8,7.0,2.0,beginner_seed,beginner_k_to_5.csv
know,1,k-5th grade,beginner_k_to_5,39,,false,v,tier1_dolch+dolch_grade1+fry_overlap+grade2_week2_item3,beginner,beginner,30.8,7.0,2.0,beginner_seed,beginner_k_to_5.csv
not,K,k-5th grade,beginner_k_to_5,39,,false,adv,tier1_dolch+dolch_preprimer+fry_overlap+grade1_week8_item4,beginner,beginner,30.8,7.0,2.0,beginner_seed,beginner_k_to_5.csv
work,2,k-5th grade,beginner_k_to_5,39,,false,v,tier1_dolch+dolch_grade2+fry_overlap+grade2_week2_item2,beginner,beginner,30.8,7.0,2.0,beginner_seed,beginner_k_to_5.csv
raw,2,k-5th grade,beginner_k_to_5,40,,false,n,elementary_fill+grade2+grade2_week3_item8,beginner,beginner,30.8,7.0,2.0,beginner_seed,beginner_k_to_5.csv
jar,2,k-5th grade,beginner_k_to_5,41,,false,n,elementary_fill+grade2+grade2_week3_item9,beginner,beginner,30.8,7.0,2.0,beginner_seed,beginner_k_to_5.csv
like,K,k-5th grade,beginner_k_to_5,41,,false,n,tier1_dolch+dolch_primer+fry_overlap+grade1_week17_item1,beginner,beginner,30.8,7.0,2.0,beginner_seed,beginner_k_to_5.csv
put,1,k-5th grade,beginner_k_to_5,41,,false,v,tier1_dolch+dolch_grade1+fry_overlap+grade2_week11_item2,beginner,beginner,30.8,7.0,2.0,beginner_seed,beginner_k_to_5.csv
warm,2,k-5th grade,beginner_k_to_5,41,,false,adj,tier1_dolch+dolch_grade3+fry_overlap+grade2_week14_item3,beginner,beginner,30.8,7.0,2.0,beginner_seed,beginner_k_to_5.csv
sing,2,k-5th grade,beginner_k_to_5,42,,false,v,tier1_dolch+dolch_grade2+fry_overlap+grade2_week22_item3,beginner,beginner,30.8,7.0,2.0,beginner_seed,beginner_k_to_5.csv
soon,K,k-5th grade,beginner_k_to_5,42,,false,adv,tier1_dolch+dolch_primer+fry_overlap+grade2_week9_item2,beginner,beginner,30.8,7.0,2.0,beginner_seed,beginner_k_to_5.csv
does,2,k-5th grade,beginner_k_to_5,43,,false,v,tier1_dolch+dolch_grade2+fry_overlap+grade2_week11_item4,beginner,beginner,30.8,7.0,2.0,beginner_seed,beginner_k_to_5.csv
this,K,k-5th grade,beginner_k_to_5,43,,false,det,tier1_dolch+dolch_primer+fry_overlap+grade1_week6_item3,beginner,beginner,30.8,7.0,2.0,beginner_seed,beginner_k_to_5.csv
each,1,k-5th grade,beginner_k_to_5,44,,false,det,tier2_fry_filtered+fry_rank_44+grade1_week11_item4,beginner,beginner,30.8,7.0,2.0,beginner_seed,beginner_k_to_5.csv
our,K,k-5th grade,beginner_k_to_5,44,,false,det,tier1_dolch+dolch_primer+fry_overlap+grade2_week4_item4,beginner,beginner,30.8,7.0,2.0,beginner_seed,beginner_k_to_5.csv
whom,4,k-5th grade,beginner_k_to_5,44,,false,pron,elementary_fill+grade4+grade4_week3_item4,beginner,beginner,30.8,7.0,2.0,beginner_seed,beginner_k_to_5.csv
wish,2,k-5th grade,beginner_k_to_5,44,,false,adj,tier1_dolch+dolch_grade2+fry_overlap+grade2_week20_item10,beginner,beginner,30.8,7.0,2.0,beginner_seed,beginner_k_to_5.csv
goes,2,k-5th grade,beginner_k_to_5,45,,false,n,tier1_dolch+dolch_grade2,beginner,beginner,30.8,7.0,2.0,beginner_seed,beginner_k_to_5.csv
will,K,k-5th grade,beginner_k_to_5,45,,false,v,tier1_dolch+dolch_primer+fry_overlap+grade1_week13_item3,beginner,beginner,30.8,7.0,2.0,beginner_seed,beginner_k_to_5.csv
ate,K,k-5th grade,beginner_k_to_5,46,,false,n,tier1_dolch+dolch_primer,beginner,beginner,30.8,7.5,3.4,beginner_seed,beginner_k_to_5.csv
many,1,k-5th grade,beginner_k_to_5,46,,false,det,tier1_dolch+dolch_grade2+fry_overlap+grade1_week14_item4,beginner,beginner,30.8,7.0,2.0,beginner_seed,beginner_k_to_5.csv
pig,1,k-5th grade,beginner_k_to_5,46,,false,n,elementary_fill+grade1+grade1_week6_item6,beginner,beginner,30.8,7.0,2.0,beginner_seed,beginner_k_to_5.csv
dig,1,k-5th grade,beginner_k_to_5,47,,false,n,elementary_fill+grade1+grade1_week6_item7,beginner,beginner,30.8,7.0,2.0,beginner_seed,beginner_k_to_5.csv
yes,K,k-5th grade,beginner_k_to_5,47,,false,adv,tier1_dolch+dolch_primer+fry_overlap+grade2_week17_item13,beginner,beginner,30.8,7.0,2.0,beginner_seed,beginner_k_to_5.csv
say,K,k-5th grade,beginner_k_to_5,48,,false,v,tier1_dolch+dolch_primer+fry_overlap+grade2_week6_item1,beginner,beginner,30.8,7.0,2.0,beginner_seed,beginner_k_to_5.csv
wig,1,k-5th grade,beginner_k_to_5,48,,false,n,elementary_fill+grade1+grade1_week6_item8,beginner,beginner,30.8,7.0,2.0,beginner_seed,beginner_k_to_5.csv
went,K,k-5th grade,beginner_k_to_5,49,,false,v,tier1_dolch+dolch_primer+fry_overlap+grade2_week14_item2,beginner,beginner,30.8,7.0,2.0,beginner_seed,beginner_k_to_5.csv
are,K,k-5th grade,beginner_k_to_5,51,,false,v,tier1_dolch+dolch_primer+fry_overlap+grade1_week4_item3,beginner,beginner,30.8,7.0,2.0,beginner_seed,beginner_k_to_5.csv
pin,1,k-5th grade,beginner_k_to_5,53,,false,n,elementary_fill+grade1+grade1_week7_item5,beginner,beginner,30.8,7.0,2.0,beginner_seed,beginner_k_to_5.csv
dirt,2,k-5th grade,beginner_k_to_5,55,,false,n,elementary_fill+grade2+grade2_week4_item7,beginner,beginner,30.8,7.0,2.0,beginner_seed,beginner_k_to_5.csv
spin,1,k-5th grade,beginner_k_to_5,55,,false,n,elementary_fill+grade1+grade1_week7_item7,beginner,beginner,30.8,7.0,2.0,beginner_seed,beginner_k_to_5.csv
sick,1,k-5th grade,beginner_k_to_5,61,,false,n,elementary_fill+grade1+grade1_week8_item5,beginner,beginner,30.8,7.0,2.0,beginner_seed,beginner_k_to_5.csv
kick,1,k-5th grade,beginner_k_to_5,62,,false,n,elementary_fill+grade1+grade1_week8_item6,beginner,beginner,30.8,7.0,2.0,beginner_seed,beginner_k_to_5.csv
time,1,k-5th grade,beginner_k_to_5,68,,false,n,tier2_fry_filtered+fry_rank_68+grade1_week17_item4,beginner,beginner,30.8,7.0,2.0,beginner_seed,beginner_k_to_5.csv
pot,1,k-5th grade,beginner_k_to_5,70,,false,n,elementary_fill+grade1+grade1_week9_item6,beginner,beginner,30.8,7.0,2.0,beginner_seed,beginner_k_to_5.csv
more,1,k-5th grade,beginner_k_to_5,72,,false,adv,tier2_fry_filtered+fry_rank_72+grade1_week18_item4,beginner,beginner,30.8,7.0,2.0,beginner_seed,beginner_k_to_5.csv
pop,1,k-5th grade,beginner_k_to_5,75,,false,n,elementary_fill+grade1+grade1_week10_item3,beginner,beginner,30.8,7.0,2.0,beginner_seed,beginner_k_to_5.csv
mop,1,k-5th grade,beginner_k_to_5,77,,false,n,elementary_fill+grade1+grade1_week10_item5,beginner,beginner,30.8,7.0,2.0,beginner_seed,beginner_k_to_5.csv
push,2,k-5th grade,beginner_k_to_5,78,,false,v,elementary_fill+grade2+grade2_week5_item14,beginner,beginner,30.8,7.0,2.0,beginner_seed,beginner_k_to_5.csv
way,1,k-5th grade,beginner_k_to_5,78,,false,n,tier2_fry_filtered+fry_rank_78+grade1_week27_item1,beginner,beginner,30.8,7.0,2.0,beginner_seed,beginner_k_to_5.csv
zero,3,k-5th grade,beginner_k_to_5,78,,false,n,elementary_fill+grade3+grade3_week5_item14,beginner,beginner,30.8,7.0,2.0,beginner_seed,beginner_k_to_5.csv
hop,1,k-5th grade,beginner_k_to_5,79,,false,n,elementary_fill+grade1+grade1_week10_item7,beginner,beginner,30.8,7.0,2.0,beginner_seed,beginner_k_to_5.csv
than,1,k-5th grade,beginner_k_to_5,82,,false,conj,tier2_fry_filtered+fry_rank_82+grade1_week3_item1,beginner,beginner,30.8,7.0,2.0,beginner_seed,beginner_k_to_5.csv
mob,1,k-5th grade,beginner_k_to_5,86,,false,n,elementary_fill+grade1+grade1_week11_item6,beginner,beginner,30.8,7.0,2.0,beginner_seed,beginner_k_to_5.csv
cob,1,k-5th grade,beginner_k_to_5,87,,false,n,elementary_fill+grade1+grade1_week11_item7,beginner,beginner,30.8,7.0,2.0,beginner_seed,beginner_k_to_5.csv
fold,2,k-5th grade,beginner_k_to_5,88,,false,n,elementary_fill+grade2+grade2_week6_item8,beginner,beginner,30.8,7.0,2.0,beginner_seed,beginner_k_to_5.csv
oil,1,k-5th grade,beginner_k_to_5,88,,false,n,tier2_fry_filtered+fry_rank_88+grade1_week22_item4,beginner,beginner,30.8,7.0,2.0,beginner_seed,beginner_k_to_5.csv
rob,1,k-5th grade,beginner_k_to_5,88,,false,n,elementary_fill+grade1+grade1_week11_item8,beginner,beginner,30.8,7.0,2.0,beginner_seed,beginner_k_to_5.csv
mold,2,k-5th grade,beginner_k_to_5,89,,false,n,elementary_fill+grade2+grade2_week6_item9,beginner,beginner,30.8,7.0,2.0,beginner_seed,beginner_k_to_5.csv
knot,3,k-5th grade,beginner_k_to_5,90,,false,n,elementary_fill+grade3+grade3_week6_item10,beginner,beginner,30.8,7.0,2.0,beginner_seed,beginner_k_to_5.csv
sold,2,k-5th grade,beginner_k_to_5,90,,false,n,elementary_fill+grade2+grade2_week6_item10,beginner,beginner,30.8,7.0,2.0,beginner_seed,beginner_k_to_5.csv
day,1,k-5th grade,beginner_k_to_5,93,,false,n,tier2_fry_filtered+fry_rank_93+grade1_week24_item2,beginner,beginner,30.8,7.0,2.0,beginner_seed,beginner_k_to_5.csv
sock,1,k-5th grade,beginner_k_to_5,93,,false,n,elementary_fill+grade1+grade1_week12_item5,beginner,beginner,30.8,7.0,2.0,beginner_seed,beginner_k_to_5.csv
part,1,k-5th grade,beginner_k_to_5,99,,false,n,tier2_fry_filtered+fry_rank_99+grade1_week25_item4,beginner,beginner,30.8,7.0,2.0,beginner_seed,beginner_k_to_5.csv
nut,1,k-5th grade,beginner_k_to_5,102,,false,n,elementary_fill+grade1+grade1_week13_item6,beginner,beginner,30.8,7.0,2.0,beginner_seed,beginner_k_to_5.csv
hut,1,k-5th grade,beginner_k_to_5,103,,false,n,elementary_fill+grade1+grade1_week13_item7,beginner,beginner,30.8,7.0,2.0,beginner_seed,beginner_k_to_5.csv
shut,1,k-5th grade,beginner_k_to_5,104,,false,n,elementary_fill+grade1+grade1_week13_item8,beginner,beginner,30.8,7.0,2.0,beginner_seed,beginner_k_to_5.csv
bug,1,k-5th grade,beginner_k_to_5,109,,false,n,elementary_fill+grade1+grade1_week14_item5,beginner,beginner,30.8,7.0,2.0,beginner_seed,beginner_k_to_5.csv
year,2,k-5th grade,beginner_k_to_5,109,,false,n,tier2_fry_filtered+fry_rank_109+grade2_week24_item15,beginner,beginner,30.8,7.0,2.0,beginner_seed,beginner_k_to_5.csv
hug,1,k-5th grade,beginner_k_to_5,110,,false,n,elementary_fill+grade1+grade1_week14_item6,beginner,beginner,30.8,7.0,2.0,beginner_seed,beginner_k_to_5.csv
rug,1,k-5th grade,beginner_k_to_5,111,,false,n,elementary_fill+grade1+grade1_week14_item7,beginner,beginner,30.8,7.0,2.0,beginner_seed,beginner_k_to_5.csv
back,1,k-5th grade,beginner_k_to_5,112,,false,n,tier2_fry_filtered+fry_rank_112+grade1_week4_item5,beginner,beginner,30.8,7.0,2.0,beginner_seed,beginner_k_to_5.csv
mug,1,k-5th grade,beginner_k_to_5,112,,false,n,elementary_fill+grade1+grade1_week14_item8,beginner,beginner,30.8,7.0,2.0,beginner_seed,beginner_k_to_5.csv
most,2,k-5th grade,beginner_k_to_5,114,,false,n,tier2_fry_filtered+fry_rank_114+grade2_week3_item5,beginner,beginner,30.8,7.0,2.0,beginner_seed,beginner_k_to_5.csv
bun,1,k-5th grade,beginner_k_to_5,120,,false,n,elementary_fill+grade1+grade1_week15_item8,beginner,beginner,30.8,7.0,2.0,beginner_seed,beginner_k_to_5.csv
name,1,k-5th grade,beginner_k_to_5,120,,false,n,tier2_fry_filtered+fry_rank_120+grade1_week26_item5,beginner,beginner,30.8,7.0,2.0,beginner_seed,beginner_k_to_5.csv
glue,2,k-5th grade,beginner_k_to_5,121,,false,n,elementary_fill+grade2+grade2_week8_item9,beginner,beginner,30.8,7.0,2.0,beginner_seed,beginner_k_to_5.csv
due,2,k-5th grade,beginner_k_to_5,122,,false,n,elementary_fill+grade2+grade2_week8_item10,beginner,beginner,30.8,7.0,2.0,beginner_seed,beginner_k_to_5.csv
man,1,k-5th grade,beginner_k_to_5,123,,false,n,tier2_fry_filtered+fry_rank_123+grade1_week2_item5,beginner,beginner,30.8,7.0,2.0,beginner_seed,beginner_k_to_5.csv
duck,1,k-5th grade,beginner_k_to_5,125,,false,n,elementary_fill+grade1+grade1_week16_item5,beginner,beginner,30.8,7.0,2.0,beginner_seed,beginner_k_to_5.csv
luck,1,k-5th grade,beginner_k_to_5,126,,false,n,elementary_fill+grade1+grade1_week16_item6,beginner,beginner,30.8,7.0,2.0,beginner_seed,beginner_k_to_5.csv
suck,1,k-5th grade,beginner_k_to_5,127,,false,n,elementary_fill+grade1+grade1_week16_item7,beginner,beginner,30.8,7.0,2.0,beginner_seed,beginner_k_to_5.csv
line,2,k-5th grade,beginner_k_to_5,132,,false,n,tier2_fry_filtered+fry_rank_132+grade2_week7_item3,beginner,beginner,30.8,7.0,2.0,beginner_seed,beginner_k_to_5.csv
oval,4,k-5th grade,beginner_k_to_5,132,,false,adj,elementary_fill+grade4+grade4_week7_item12,beginner,beginner,30.8,7.0,2.0,beginner_seed,beginner_k_to_5.csv
pet,1,k-5th grade,beginner_k_to_5,133,,false,n,elementary_fill+grade1+grade1_week17_item5,beginner,beginner,30.8,7.0,2.0,beginner_seed,beginner_k_to_5.csv
mean,2,k-5th grade,beginner_k_to_5,135,,false,n,tier2_fry_filtered+fry_rank_135+grade2_week10_item6,beginner,beginner,30.8,7.0,2.0,beginner_seed,beginner_k_to_5.csv
wet,1,k-5th grade,beginner_k_to_5,135,,false,n,elementary_fill+grade1+grade1_week17_item7,beginner,beginner,30.8,7.0,2.0,beginner_seed,beginner_k_to_5.csv
burn,2,k-5th grade,beginner_k_to_5,137,,false,v,elementary_fill+grade2+grade2_week9_item9,beginner,beginner,30.8,7.0,2.0,beginner_seed,beginner_k_to_5.csv
curl,2,k-5th grade,beginner_k_to_5,138,,false,n,elementary_fill+grade2+grade2_week9_item10,beginner,beginner,30.8,7.0,2.0,beginner_seed,beginner_k_to_5.csv
same,2,k-5th grade,beginner_k_to_5,138,,false,adj,tier2_fry_filtered+fry_rank_138+grade2_week8_item4,beginner,beginner,30.8,7.0,2.0,beginner_seed,beginner_k_to_5.csv
boy,2,k-5th grade,beginner_k_to_5,140,,false,n,tier2_fry_filtered+fry_rank_140+grade2_week9_item1,beginner,beginner,30.8,7.0,2.0,beginner_seed,beginner_k_to_5.csv
fed,1,k-5th grade,beginner_k_to_5,143,,false,v,elementary_fill+grade1+grade1_week18_item7,beginner,beginner,30.8,7.0,2.0,beginner_seed,beginner_k_to_5.csv
sled,1,k-5th grade,beginner_k_to_5,144,,false,v,elementary_fill+grade1+grade1_week18_item8,beginner,beginner,30.8,7.0,2.0,beginner_seed,beginner_k_to_5.csv
also,2,k-5th grade,beginner_k_to_5,145,,false,n,tier2_fry_filtered+fry_rank_145+grade2_week10_item1,beginner,beginner,30.8,7.0,2.0,beginner_seed,beginner_k_to_5.csv
form,2,k-5th grade,beginner_k_to_5,147,,false,n,tier2_fry_filtered+fry_rank_147+grade2_week27_item13,beginner,beginner,30.8,7.0,2.0,beginner_seed,beginner_k_to_5.csv
hen,1,k-5th grade,beginner_k_to_5,150,,false,n,elementary_fill+grade1+grade1_week19_item6,beginner,beginner,30.8,7.0,2.0,beginner_seed,beginner_k_to_5.csv
set,1,k-5th grade,beginner_k_to_5,150,,false,n,tier2_fry_filtered+fry_rank_150+grade1_week24_item4,beginner,beginner,30.8,7.0,2.0,beginner_seed,beginner_k_to_5.csv
pen,1,k-5th grade,beginner_k_to_5,151,,false,n,elementary_fill+grade1+grade1_week19_item7,beginner,beginner,30.8,7.0,2.0,beginner_seed,beginner_k_to_5.csv
end,2,k-5th grade,beginner_k_to_5,152,,false,n,tier2_fry_filtered+fry_rank_152+grade2_week11_item3,beginner,beginner,30.8,7.0,2.0,beginner_seed,beginner_k_to_5.csv
peak,2,k-5th grade,beginner_k_to_5,152,,false,n,elementary_fill+grade2+grade2_week10_item8,beginner,beginner,30.8,7.0,2.0,beginner_seed,beginner_k_to_5.csv
even,2,k-5th grade,beginner_k_to_5,159,,false,n,tier2_fry_filtered+fry_rank_159+grade2_week12_item5,beginner,beginner,30.8,7.0,2.0,beginner_seed,beginner_k_to_5.csv
such,2,k-5th grade,beginner_k_to_5,160,,false,n,tier2_fry_filtered+fry_rank_160+grade2_week19_item7,beginner,beginner,30.8,7.0,2.0,beginner_seed,beginner_k_to_5.csv
ant,1,k-5th grade,beginner_k_to_5,162,,false,adj,elementary_fill+grade1+grade1_week21_item2,beginner,beginner,30.8,7.0,2.0,beginner_seed,beginner_k_to_5.csv
turn,2,k-5th grade,beginner_k_to_5,162,,false,v,tier2_fry_filtered+fry_rank_162+grade2_week9_item8,beginner,beginner,30.8,7.0,2.0,beginner_seed,beginner_k_to_5.csv
glad,1,k-5th grade,beginner_k_to_5,167,,false,n,elementary_fill+grade1+grade1_week21_item7,beginner,beginner,30.8,7.0,2.0,beginner_seed,beginner_k_to_5.csv
hoe,3,k-5th grade,beginner_k_to_5,167,,false,n,elementary_fill+grade3+grade3_week11_item7,beginner,beginner,30.8,7.0,2.0,beginner_seed,beginner_k_to_5.csv
men,1,k-5th grade,beginner_k_to_5,167,,false,n,tier2_fry_filtered+fry_rank_167+grade1_week19_item5,beginner,beginner,30.8,7.0,2.0,beginner_seed,beginner_k_to_5.csv
mad,1,k-5th grade,beginner_k_to_5,168,,false,n,elementary_fill+grade1+grade1_week21_item8,beginner,beginner,30.8,7.0,2.0,beginner_seed,beginner_k_to_5.csv
need,1,k-5th grade,beginner_k_to_5,169,,false,v,tier2_fry_filtered+fry_rank_169+grade1_week36_item5,beginner,beginner,30.8,7.0,2.0,beginner_seed,beginner_k_to_5.csv
land,2,k-5th grade,beginner_k_to_5,170,,false,n,tier2_fry_filtered+fry_rank_170+grade2_week17_item11,beginner,beginner,30.8,7.0,2.0,beginner_seed,beginner_k_to_5.csv
home,2,k-5th grade,beginner_k_to_5,172,,false,n,tier2_fry_filtered+fry_rank_172+grade2_week15_item3,beginner,beginner,30.8,7.0,2.0,beginner_seed,beginner_k_to_5.csv
lip,1,k-5th grade,beginner_k_to_5,174,,false,n,elementary_fill+grade1+grade1_week22_item6,beginner,beginner,30.8,7.0,2.0,beginner_seed,beginner_k_to_5.csv
move,2,k-5th grade,beginner_k_to_5,174,,false,v,tier2_fry_filtered+fry_rank_174+grade2_week15_item5,beginner,beginner,30.8,7.0,2.0,beginner_seed,beginner_k_to_5.csv
kid,1,k-5th grade,beginner_k_to_5,175,,false,n,elementary_fill+grade1+grade1_week22_item7,beginner,beginner,30.8,7.0,2.0,beginner_seed,beginner_k_to_5.csv
pelt,3,k-5th grade,beginner_k_to_5,176,,false,n,elementary_fill+grade3+grade3_week11_item16,beginner,beginner,30.8,7.0,2.0,beginner_seed,beginner_k_to_5.csv
hand,2,k-5th grade,beginner_k_to_5,177,,false,n,tier2_fry_filtered+fry_rank_177+grade2_week16_item3,beginner,beginner,30.8,7.0,2.0,beginner_seed,beginner_k_to_5.csv
mom,1,k-5th grade,beginner_k_to_5,181,,false,n,elementary_fill+grade1+grade1_week23_item5,beginner,beginner,30.8,7.0,2.0,beginner_seed,beginner_k_to_5.csv
fox,1,k-5th grade,beginner_k_to_5,182,,false,n,elementary_fill+grade1+grade1_week23_item6,beginner,beginner,30.8,7.0,2.0,beginner_seed,beginner_k_to_5.csv
chop,1,k-5th grade,beginner_k_to_5,183,,false,n,elementary_fill+grade1+grade1_week23_item7,beginner,beginner,30.8,7.0,2.0,beginner_seed,beginner_k_to_5.csv
stew,2,k-5th grade,beginner_k_to_5,183,,false,n,elementary_fill+grade2+grade2_week12_item7,beginner,beginner,30.8,7.0,2.0,beginner_seed,beginner_k_to_5.csv
air,2,k-5th grade,beginner_k_to_5,184,,false,n,tier2_fry_filtered+fry_rank_184+grade2_week17_item5,beginner,beginner,30.8,7.0,2.0,beginner_seed,beginner_k_to_5.csv
drew,2,k-5th grade,beginner_k_to_5,184,,false,n,elementary_fill+grade2+grade2_week12_item8,beginner,beginner,30.8,7.0,2.0,beginner_seed,beginner_k_to_5.csv
chew,2,k-5th grade,beginner_k_to_5,185,,false,n,elementary_fill+grade2+grade2_week12_item9,beginner,beginner,30.8,7.0,2.0,beginner_seed,beginner_k_to_5.csv
brew,2,k-5th grade,beginner_k_to_5,187,,false,n,elementary_fill+grade2+grade2_week12_item11,beginner,beginner,30.8,7.0,2.0,beginner_seed,beginner_k_to_5.csv
bus,1,k-5th grade,beginner_k_to_5,189,,false,n,elementary_fill+grade1+grade1_week24_item5,beginner,beginner,30.8,7.0,2.0,beginner_seed,beginner_k_to_5.csv
page,1,k-5th grade,beginner_k_to_5,189,,false,n,tier2_fry_filtered+fry_rank_189+grade1_week26_item2,beginner,beginner,30.8,7.0,2.0,beginner_seed,beginner_k_to_5.csv
cup,1,k-5th grade,beginner_k_to_5,192,,false,n,elementary_fill+grade1+grade1_week24_item8,beginner,beginner,30.8,7.0,2.0,beginner_seed,beginner_k_to_5.csv
web,1,k-5th grade,beginner_k_to_5,197,,false,n,elementary_fill+grade1+grade1_week25_item5,beginner,beginner,30.8,7.0,2.0,beginner_seed,beginner_k_to_5.csv
germ,2,k-5th grade,beginner_k_to_5,198,,false,n,elementary_fill+grade2+grade2_week13_item6,beginner,beginner,30.8,7.0,2.0,beginner_seed,beginner_k_to_5.csv
herd,2,k-5th grade,beginner_k_to_5,199,,false,n,elementary_fill+grade2+grade2_week13_item7,beginner,beginner,30.8,7.0,2.0,beginner_seed,beginner_k_to_5.csv
high,3,k-5th grade,beginner_k_to_5,200,,false,adj,tier2_fry_filtered+fry_rank_200+grade3_week1_item1,beginner,beginner,30.8,7.0,2.0,beginner_seed,beginner_k_to_5.csv
near,3,k-5th grade,beginner_k_to_5,202,,false,adv,tier2_fry_filtered+fry_rank_202+grade3_week1_item3,beginner,beginner,30.8,7.0,2.0,beginner_seed,beginner_k_to_5.csv
fern,2,k-5th grade,beginner_k_to_5,203,,false,n,elementary_fill+grade2+grade2_week13_item11,beginner,beginner,30.8,7.0,2.0,beginner_seed,beginner_k_to_5.csv
food,2,k-5th grade,beginner_k_to_5,204,,false,n,tier2_fry_filtered+fry_rank_204+grade2_week13_item12,beginner,beginner,30.8,7.0,2.0,beginner_seed,beginner_k_to_5.csv
tape,1,k-5th grade,beginner_k_to_5,204,,false,n,elementary_fill+grade1+grade1_week26_item4,beginner,beginner,30.8,7.0,2.0,beginner_seed,beginner_k_to_5.csv
tame,1,k-5th grade,beginner_k_to_5,207,,false,n,elementary_fill+grade1+grade1_week26_item7,beginner,beginner,30.8,7.0,2.0,beginner_seed,beginner_k_to_5.csv
last,2,k-5th grade,beginner_k_to_5,210,,false,n,tier2_fry_filtered+fry_rank_210+grade2_week16_item8,beginner,beginner,30.8,7.0,2.0,beginner_seed,beginner_k_to_5.csv
tray,1,k-5th grade,beginner_k_to_5,214,,false,n,elementary_fill+grade1+grade1_week27_item6,beginner,beginner,30.8,7.0,2.0,beginner_seed,beginner_k_to_5.csv
tree,1,k-5th grade,beginner_k_to_5,214,,false,n,tier2_fry_filtered+fry_rank_214+grade1_week27_item8,beginner,beginner,30.8,7.0,2.0,beginner_seed,beginner_k_to_5.csv
core,2,k-5th grade,beginner_k_to_5,215,,false,n,elementary_fill+grade2+grade2_week14_item7,beginner,beginner,30.8,7.0,2.0,beginner_seed,beginner_k_to_5.csv
city,3,k-5th grade,beginner_k_to_5,217,,false,n,tier2_fry_filtered+fry_rank_217+grade3_week4_item3,beginner,beginner,30.8,7.5,3.4,beginner_seed,beginner_k_to_5.csv
nice,1,k-5th grade,beginner_k_to_5,217,,false,n,elementary_fill+grade1+grade1_week28_item1,beginner,beginner,30.8,7.0,2.0,beginner_seed,beginner_k_to_5.csv
port,2,k-5th grade,beginner_k_to_5,218,,false,n,elementary_fill+grade2+grade2_week14_item10,beginner,beginner,30.8,7.0,2.0,beginner_seed,beginner_k_to_5.csv
dawn,3,k-5th grade,beginner_k_to_5,219,,false,n,elementary_fill+grade3+grade3_week14_item11,beginner,beginner,30.8,7.0,2.0,beginner_seed,beginner_k_to_5.csv
eye,2,k-5th grade,beginner_k_to_5,219,,false,n,tier2_fry_filtered+fry_rank_219+grade_estimated_from_fry_rank,beginner,beginner,30.8,7.0,2.0,beginner_seed,beginner_k_to_5.csv
wise,1,k-5th grade,beginner_k_to_5,220,,false,n,elementary_fill+grade1+grade1_week28_item4,beginner,beginner,30.8,7.0,2.0,beginner_seed,beginner_k_to_5.csv
dime,1,k-5th grade,beginner_k_to_5,221,,false,n,elementary_fill+grade1+grade1_week28_item5,beginner,beginner,30.8,7.0,2.0,beginner_seed,beginner_k_to_5.csv
head,2,k-5th grade,beginner_k_to_5,222,,false,n,tier2_fry_filtered+fry_rank_222+grade2_week11_item6,beginner,beginner,30.8,7.0,2.0,beginner_seed,beginner_k_to_5.csv
lime,1,k-5th grade,beginner_k_to_5,223,,false,n,elementary_fill+grade1+grade1_week28_item7,beginner,beginner,30.8,7.0,2.0,beginner_seed,beginner_k_to_5.csv
cry,1,k-5th grade,beginner_k_to_5,226,,false,v,elementary_fill+grade1+grade1_week29_item2,beginner,beginner,30.8,7.0,2.0,beginner_seed,beginner_k_to_5.csv
left,2,k-5th grade,beginner_k_to_5,226,,false,v,tier2_fry_filtered+fry_rank_226+grade2_week27_item6,beginner,beginner,30.8,7.0,2.0,beginner_seed,beginner_k_to_5.csv
few,2,k-5th grade,beginner_k_to_5,228,,false,det,tier2_fry_filtered+fry_rank_228+grade2_week12_item10,beginner,beginner,30.8,7.0,2.0,beginner_seed,beginner_k_to_5.csv
shy,1,k-5th grade,beginner_k_to_5,228,,false,n,elementary_fill+grade1+grade1_week29_item4,beginner,beginner,30.8,7.0,2.0,beginner_seed,beginner_k_to_5.csv
spy,1,k-5th grade,beginner_k_to_5,229,,false,n,elementary_fill+grade1+grade1_week29_item5,beginner,beginner,30.8,7.0,2.0,beginner_seed,beginner_k_to_5.csv
bump,2,k-5th grade,beginner_k_to_5,230,,false,n,elementary_fill+grade2+grade2_week15_item6,beginner,beginner,30.8,7.0,2.0,beginner_seed,beginner_k_to_5.csv
bone,1,k-5th grade,beginner_k_to_5,234,,false,n,elementary_fill+grade1+grade1_week30_item2,beginner,beginner,30.8,7.0,2.0,beginner_seed,beginner_k_to_5.csv
seem,3,k-5th grade,beginner_k_to_5,234,,false,v,tier2_fry_filtered+fry_rank_234+grade3_week7_item5,beginner,beginner,30.8,7.0,2.0,beginner_seed,beginner_k_to_5.csv
camp,2,k-5th grade,beginner_k_to_5,235,,false,n,elementary_fill+grade2+grade2_week15_item11,beginner,beginner,30.8,7.0,2.0,beginner_seed,beginner_k_to_5.csv
code,1,k-5th grade,beginner_k_to_5,235,,false,n,elementary_fill+grade1+grade1_week30_item3,beginner,beginner,30.8,7.0,2.0,beginner_seed,beginner_k_to_5.csv
next,3,k-5th grade,beginner_k_to_5,235,,false,n,tier2_fry_filtered+fry_rank_235+grade3_week1_item7,beginner,beginner,30.8,7.0,2.0,beginner_seed,beginner_k_to_5.csv
hard,2,k-5th grade,beginner_k_to_5,236,,false,adj,tier2_fry_filtered+fry_rank_236+grade2_week1_item8,beginner,beginner,30.8,7.0,2.0,beginner_seed,beginner_k_to_5.csv
axle,3,k-5th grade,beginner_k_to_5,239,,false,n,elementary_fill+grade3+grade3_week15_item15,beginner,beginner,30.8,7.0,2.0,beginner_seed,beginner_k_to_5.csv
life,2,k-5th grade,beginner_k_to_5,240,,false,n,tier2_fry_filtered+fry_rank_240+grade2_week4_item15,beginner,beginner,30.8,7.0,2.0,beginner_seed,beginner_k_to_5.csv
coat,1,k-5th grade,beginner_k_to_5,249,,false,n,elementary_fill+grade1+grade1_week32_item1,beginner,beginner,30.8,7.0,2.0,beginner_seed,beginner_k_to_5.csv
cast,2,k-5th grade,beginner_k_to_5,251,,false,n,elementary_fill+grade2+grade2_week16_item11,beginner,beginner,30.8,7.0,2.0,beginner_seed,beginner_k_to_5.csv
soak,1,k-5th grade,beginner_k_to_5,252,,false,n,elementary_fill+grade1+grade1_week32_item4,beginner,beginner,30.8,7.0,2.0,beginner_seed,beginner_k_to_5.csv
load,1,k-5th grade,beginner_k_to_5,253,,false,n,elementary_fill+grade1+grade1_week32_item5,beginner,beginner,30.8,7.0,2.0,beginner_seed,beginner_k_to_5.csv
side,2,k-5th grade,beginner_k_to_5,253,,false,n,tier2_fry_filtered+fry_rank_253+grade2_week7_item4,beginner,beginner,30.8,7.0,2.0,beginner_seed,beginner_k_to_5.csv
feet,2,k-5th grade,beginner_k_to_5,254,,false,n,tier2_fry_filtered+fry_rank_254+grade2_week17_item1,beginner,beginner,30.8,7.0,2.0,beginner_seed,beginner_k_to_5.csv
fuel,2,k-5th grade,beginner_k_to_5,254,,false,n,elementary_fill+grade2+grade2_week16_item14,beginner,beginner,30.8,7.0,2.0,beginner_seed,beginner_k_to_5.csv
soap,1,k-5th grade,beginner_k_to_5,254,,false,n,elementary_fill+grade1+grade1_week32_item6,beginner,beginner,30.8,7.0,2.0,beginner_seed,beginner_k_to_5.csv
car,2,k-5th grade,beginner_k_to_5,255,,false,n,tier2_fry_filtered+fry_rank_255+grade2_week1_item6,beginner,beginner,30.8,7.0,2.0,beginner_seed,beginner_k_to_5.csv
mile,2,k-5th grade,beginner_k_to_5,256,,false,n,tier2_fry_filtered+fry_rank_256+grade2_week24_item16,beginner,beginner,30.8,7.0,2.0,beginner_seed,beginner_k_to_5.csv
hook,1,k-5th grade,beginner_k_to_5,257,,false,n,elementary_fill+grade1+grade1_week33_item1,beginner,beginner,30.8,7.0,2.0,beginner_seed,beginner_k_to_5.csv
sea,3,k-5th grade,beginner_k_to_5,260,,false,n,tier2_fry_filtered+fry_rank_260+grade3_week13_item1,beginner,beginner,30.8,7.0,2.0,beginner_seed,beginner_k_to_5.csv
bend,2,k-5th grade,beginner_k_to_5,262,,false,n,elementary_fill+grade2+grade2_week17_item6,beginner,beginner,30.8,7.0,2.0,beginner_seed,beginner_k_to_5.csv
took,1,k-5th grade,beginner_k_to_5,263,,false,v,tier2_fry_filtered+fry_rank_263+grade1_week33_item2,beginner,beginner,30.8,7.0,2.0,beginner_seed,beginner_k_to_5.csv
airy,3,k-5th grade,beginner_k_to_5,265,,false,n,elementary_fill+grade3+grade3_week17_item9,beginner,beginner,30.8,7.0,2.0,beginner_seed,beginner_k_to_5.csv
cow,1,k-5th grade,beginner_k_to_5,265,,false,n,elementary_fill+grade1+grade1_week34_item1,beginner,beginner,30.8,7.0,2.0,beginner_seed,beginner_k_to_5.csv
plow,1,k-5th grade,beginner_k_to_5,266,,false,n,elementary_fill+grade1+grade1_week34_item2,beginner,beginner,30.8,7.0,2.0,beginner_seed,beginner_k_to_5.csv
book,3,k-5th grade,beginner_k_to_5,269,,false,n,tier2_fry_filtered+fry_rank_269+grade3_week14_item5,beginner,beginner,30.8,7.0,2.0,beginner_seed,beginner_k_to_5.csv
hear,3,k-5th grade,beginner_k_to_5,270,,false,v,tier2_fry_filtered+fry_rank_270+grade3_week19_item7,beginner,beginner,30.8,7.0,2.0,beginner_seed,beginner_k_to_5.csv
vote,1,k-5th grade,beginner_k_to_5,272,,false,n,elementary_fill+grade1+grade1_week34_item8,beginner,beginner,30.8,7.0,2.0,beginner_seed,beginner_k_to_5.csv
late,2,k-5th grade,beginner_k_to_5,274,,false,n,tier2_fry_filtered+fry_rank_274+grade2_week7_item1,beginner,beginner,30.8,7.5,3.4,beginner_seed,beginner_k_to_5.csv
miss,3,k-5th grade,beginner_k_to_5,275,,false,n,tier2_fry_filtered+fry_rank_275+grade3_week16_item1,beginner,beginner,30.8,7.0,2.0,beginner_seed,beginner_k_to_5.csv
idea,3,k-5th grade,beginner_k_to_5,276,,false,n,tier2_fry_filtered+fry_rank_276+grade3_week16_item2,beginner,beginner,30.8,7.0,2.0,beginner_seed,beginner_k_to_5.csv
roof,1,k-5th grade,beginner_k_to_5,277,,false,n,elementary_fill+grade1+grade1_week35_item5,beginner,beginner,30.8,7.0,2.0,beginner_seed,beginner_k_to_5.csv
desk,2,k-5th grade,beginner_k_to_5,278,,false,n,elementary_fill+grade2+grade2_week18_item6,beginner,beginner,30.8,7.0,2.0,beginner_seed,beginner_k_to_5.csv
pool,1,k-5th grade,beginner_k_to_5,278,,false,n,elementary_fill+grade1+grade1_week35_item6,beginner,beginner,30.8,7.0,2.0,beginner_seed,beginner_k_to_5.csv
worn,3,k-5th grade,beginner_k_to_5,278,,false,n,elementary_fill+grade3+grade3_week18_item6,beginner,beginner,30.8,7.0,2.0,beginner_seed,beginner_k_to_5.csv
face,2,k-5th grade,beginner_k_to_5,279,,false,n,tier2_fry_filtered+fry_rank_279+grade2_week28_item12,beginner,beginner,30.8,7.0,2.0,beginner_seed,beginner_k_to_5.csv
mask,2,k-5th grade,beginner_k_to_5,279,,false,n,elementary_fill+grade2+grade2_week18_item7,beginner,beginner,30.8,7.0,2.0,beginner_seed,beginner_k_to_5.csv
task,2,k-5th grade,beginner_k_to_5,280,,false,n,elementary_fill+grade2+grade2_week18_item8,beginner,beginner,30.8,7.0,2.0,beginner_seed,beginner_k_to_5.csv
tusk,2,k-5th grade,beginner_k_to_5,282,,false,n,elementary_fill+grade2+grade2_week18_item10,beginner,beginner,30.8,7.0,2.0,beginner_seed,beginner_k_to_5.csv
disk,2,k-5th grade,beginner_k_to_5,283,,false,n,elementary_fill+grade2+grade2_week18_item11,beginner,beginner,30.8,7.0,2.0,beginner_seed,beginner_k_to_5.csv
real,3,k-5th grade,beginner_k_to_5,283,,false,adj,tier2_fry_filtered+fry_rank_283+grade3_week17_item4,beginner,beginner,30.8,7.0,2.0,beginner_seed,beginner_k_to_5.csv
hero,2,k-5th grade,beginner_k_to_5,284,,false,n,elementary_fill+grade2+grade2_week18_item12,beginner,beginner,30.8,7.0,2.0,beginner_seed,beginner_k_to_5.csv
seed,1,k-5th grade,beginner_k_to_5,284,,false,v,elementary_fill+grade1+grade1_week36_item4,beginner,beginner,30.8,7.0,2.0,beginner_seed,beginner_k_to_5.csv
girl,2,k-5th grade,beginner_k_to_5,287,,false,n,tier2_fry_filtered+fry_rank_287+grade2_week4_item6,beginner,beginner,30.8,7.0,2.0,beginner_seed,beginner_k_to_5.csv
wolf,5,k-5th grade,beginner_k_to_5,289,,false,n,elementary_fill+grade5+grade5_week15_item9,beginner,beginner,30.8,7.0,2.0,beginner_seed,beginner_k_to_5.csv
talk,3,k-5th grade,beginner_k_to_5,292,,false,v,tier2_fry_filtered+fry_rank_292+grade3_week19_item3,beginner,beginner,30.8,7.0,2.0,beginner_seed,beginner_k_to_5.csv
list,3,k-5th grade,beginner_k_to_5,294,,false,n,tier2_fry_filtered+fry_rank_294+grade3_week19_item5,beginner,beginner,30.8,7.5,3.4,beginner_seed,beginner_k_to_5.csv
song,2,k-5th grade,beginner_k_to_5,295,,false,n,tier2_fry_filtered+fry_rank_295+grade2_week8_item13,beginner,beginner,30.8,7.0,2.0,beginner_seed,beginner_k_to_5.csv
bare,3,k-5th grade,beginner_k_to_5,296,,false,n,elementary_fill+grade3+grade3_week19_item8,beginner,beginner,30.8,7.0,2.0,beginner_seed,beginner_k_to_5.csv
elf,5,k-5th grade,beginner_k_to_5,297,,false,n,elementary_fill+grade5+grade5_week15_item17,beginner,beginner,30.8,7.0,2.0,beginner_seed,beginner_k_to_5.csv
it's,3,k-5th grade,beginner_k_to_5,299,,false,pron,tier2_fry_filtered+fry_rank_299+grade3_week20_item5,beginner,beginner,30.8,7.0,2.0,beginner_seed,beginner_k_to_5.csv
body,2,k-5th grade,beginner_k_to_5,301,,false,n,tier2_fry_filtered+fry_rank_301+grade2_week13_item3,beginner,beginner,30.8,7.0,2.0,beginner_seed,beginner_k_to_5.csv
sun,1,k-5th grade,beginner_k_to_5,305,,false,n,tier2_fry_filtered+fry_rank_305+grade1_week15_item5,beginner,beginner,30.8,7.0,2.0,beginner_seed,beginner_k_to_5.csv
fish,2,k-5th grade,beginner_k_to_5,307,,false,adj,tier2_fry_filtered+fry_rank_307+grade2_week9_item14,beginner,beginner,30.8,7.0,2.0,beginner_seed,beginner_k_to_5.csv
area,3,k-5th grade,beginner_k_to_5,308,,false,n,tier2_fry_filtered+fry_rank_308+grade3_week2_item13,beginner,beginner,30.8,7.0,2.0,beginner_seed,beginner_k_to_5.csv
mark,3,k-5th grade,beginner_k_to_5,309,,false,n,tier2_fry_filtered+fry_rank_309+grade_estimated_from_fry_rank,beginner,beginner,30.8,7.0,2.0,beginner_seed,beginner_k_to_5.csv
dog,1,k-5th grade,beginner_k_to_5,310,,false,n,tier2_fry_filtered+fry_rank_310+grade1_week23_item1,beginner,beginner,30.8,7.0,2.0,beginner_seed,beginner_k_to_5.csv
hush,2,k-5th grade,beginner_k_to_5,310,,false,n,elementary_fill+grade2+grade2_week20_item6,beginner,beginner,30.8,7.0,2.0,beginner_seed,beginner_k_to_5.csv
dash,2,k-5th grade,beginner_k_to_5,312,,false,n,elementary_fill+grade2+grade2_week20_item8,beginner,beginner,30.8,7.0,2.0,beginner_seed,beginner_k_to_5.csv
dish,2,k-5th grade,beginner_k_to_5,315,,false,adj,elementary_fill+grade2+grade2_week20_item11,beginner,beginner,30.8,7.0,2.0,beginner_seed,beginner_k_to_5.csv
hare,3,k-5th grade,beginner_k_to_5,315,,false,n,elementary_fill+grade3+grade3_week20_item11,beginner,beginner,30.8,7.0,2.0,beginner_seed,beginner_k_to_5.csv
room,2,k-5th grade,beginner_k_to_5,315,,false,n,tier2_fry_filtered+fry_rank_315+grade2_week11_item13,beginner,beginner,30.8,7.0,2.0,beginner_seed,beginner_k_to_5.csv
knew,2,k-5th grade,beginner_k_to_5,316,,false,v,tier2_fry_filtered+fry_rank_316+grade2_week29_item15,beginner,beginner,30.8,7.0,2.0,beginner_seed,beginner_k_to_5.csv
coin,2,k-5th grade,beginner_k_to_5,317,,false,n,elementary_fill+grade2+grade2_week20_item13,beginner,beginner,30.8,7.0,2.0,beginner_seed,beginner_k_to_5.csv
ever,2,k-5th grade,beginner_k_to_5,318,,false,adv,tier2_fry_filtered+fry_rank_318+grade2_week12_item12,beginner,beginner,30.8,7.0,2.0,beginner_seed,beginner_k_to_5.csv
told,2,k-5th grade,beginner_k_to_5,320,,false,v,tier2_fry_filtered+fry_rank_320+grade2_week6_item11,beginner,beginner,30.8,7.0,2.0,beginner_seed,beginner_k_to_5.csv
easy,3,k-5th grade,beginner_k_to_5,324,,false,adj,tier2_fry_filtered+fry_rank_324+grade3_week3_item11,beginner,beginner,30.8,7.0,2.0,beginner_seed,beginner_k_to_5.csv
firm,3,k-5th grade,beginner_k_to_5,324,,false,n,elementary_fill+grade3+grade3_week21_item4,beginner,beginner,30.8,7.0,2.0,beginner_seed,beginner_k_to_5.csv
door,2,k-5th grade,beginner_k_to_5,328,,false,n,tier2_fry_filtered+fry_rank_328+grade2_week14_item16,beginner,beginner,30.8,7.0,2.0,beginner_seed,beginner_k_to_5.csv
sure,1,k-5th grade,beginner_k_to_5,329,,false,adj,tier2_fry_filtered+fry_rank_329+grade1_week34_item7,beginner,beginner,30.8,7.0,2.0,beginner_seed,beginner_k_to_5.csv
top,1,k-5th grade,beginner_k_to_5,331,,false,n,tier2_fry_filtered+fry_rank_331+grade1_week10_item6,beginner,beginner,30.8,7.0,2.0,beginner_seed,beginner_k_to_5.csv
ship,1,k-5th grade,beginner_k_to_5,332,,false,n,tier2_fry_filtered+fry_rank_332+grade1_week22_item8,beginner,beginner,30.8,7.5,3.4,beginner_seed,beginner_k_to_5.csv
low,1,k-5th grade,beginner_k_to_5,340,,false,adj,tier2_fry_filtered+fry_rank_340+grade1_week31_item1,beginner,beginner,30.8,7.0,2.0,beginner_seed,beginner_k_to_5.csv
wind,2,k-5th grade,beginner_k_to_5,352,,false,n,tier2_fry_filtered+fry_rank_352+grade2_week17_item12,beginner,beginner,30.8,7.0,2.0,beginner_seed,beginner_k_to_5.csv
rock,1,k-5th grade,beginner_k_to_5,353,,false,n,tier2_fry_filtered+fry_rank_353+grade1_week12_item6,beginner,beginner,30.8,7.0,2.0,beginner_seed,beginner_k_to_5.csv
step,2,k-5th grade,beginner_k_to_5,362,,false,n,tier2_fry_filtered+fry_rank_362+grade2_week13_item1,beginner,beginner,30.8,7.0,2.0,beginner_seed,beginner_k_to_5.csv
data,3,k-5th grade,beginner_k_to_5,365,,false,n,elementary_fill+grade3+grade3_week23_item13,beginner,beginner,30.8,7.0,2.0,beginner_seed,beginner_k_to_5.csv
true,2,k-5th grade,beginner_k_to_5,366,,false,adj,tier2_fry_filtered+fry_rank_366+grade2_week8_item7,beginner,beginner,30.8,7.0,2.0,beginner_seed,beginner_k_to_5.csv
bath,2,k-5th grade,beginner_k_to_5,369,,false,n,elementary_fill+grade2+grade2_week24_item1,beginner,beginner,30.8,7.0,2.0,beginner_seed,beginner_k_to_5.csv
math,2,k-5th grade,beginner_k_to_5,370,,false,n,elementary_fill+grade2+grade2_week24_item2,beginner,beginner,30.8,7.0,2.0,beginner_seed,beginner_k_to_5.csv
moth,2,k-5th grade,beginner_k_to_5,371,,false,n,elementary_fill+grade2+grade2_week24_item3,beginner,beginner,30.8,7.0,2.0,beginner_seed,beginner_k_to_5.csv
path,2,k-5th grade,beginner_k_to_5,375,,false,n,elementary_fill+grade2+grade2_week24_item7,beginner,beginner,30.8,7.0,2.0,beginner_seed,beginner_k_to_5.csv
farm,2,k-5th grade,beginner_k_to_5,376,,false,n,tier2_fry_filtered+fry_rank_376+grade2_week15_item1,beginner,beginner,30.8,7.0,2.0,beginner_seed,beginner_k_to_5.csv
hour,2,k-5th grade,beginner_k_to_5,380,,false,n,elementary_fill+grade2+grade2_week24_item12,beginner,beginner,30.8,7.0,2.0,beginner_seed,beginner_k_to_5.csv
seen,2,k-5th grade,beginner_k_to_5,380,,false,n,tier2_fry_filtered+fry_rank_380+grade2_week5_item4,beginner,beginner,30.8,7.0,2.0,beginner_seed,beginner_k_to_5.csv
solo,4,k-5th grade,beginner_k_to_5,381,,false,n,elementary_fill+grade4+grade4_week20_item1,beginner,beginner,30.8,7.0,2.0,beginner_seed,beginner_k_to_5.csv
duet,4,k-5th grade,beginner_k_to_5,382,,false,n,elementary_fill+grade4+grade4_week20_item2,beginner,beginner,30.8,7.0,2.0,beginner_seed,beginner_k_to_5.csv
plan,2,k-5th grade,beginner_k_to_5,383,,false,n,tier2_fry_filtered+fry_rank_383+grade2_week14_item1,beginner,beginner,30.8,7.0,2.0,beginner_seed,beginner_k_to_5.csv
trio,4,k-5th grade,beginner_k_to_5,386,,false,n,elementary_fill+grade4+grade4_week20_item6,beginner,beginner,30.8,7.0,2.0,beginner_seed,beginner_k_to_5.csv
pack,2,k-5th grade,beginner_k_to_5,387,,false,n,elementary_fill+grade2+grade2_week25_item3,beginner,beginner,30.8,7.0,2.0,beginner_seed,beginner_k_to_5.csv
war,3,k-5th grade,beginner_k_to_5,387,,false,n,tier2_fry_filtered+fry_rank_387+grade3_week18_item8,beginner,beginner,30.8,7.0,2.0,beginner_seed,beginner_k_to_5.csv
dock,2,k-5th grade,beginner_k_to_5,388,,false,n,elementary_fill+grade2+grade2_week25_item4,beginner,beginner,30.8,7.0,2.0,beginner_seed,beginner_k_to_5.csv
lock,2,k-5th grade,beginner_k_to_5,389,,false,n,elementary_fill+grade2+grade2_week25_item5,beginner,beginner,30.8,7.0,2.0,beginner_seed,beginner_k_to_5.csv
king,2,k-5th grade,beginner_k_to_5,390,,false,v,tier2_fry_filtered+fry_rank_390+grade2_week22_item7,beginner,beginner,30.8,7.0,2.0,beginner_seed,beginner_k_to_5.csv
town,1,k-5th grade,beginner_k_to_5,391,,false,n,tier2_fry_filtered+fry_rank_391+grade1_week34_item4,beginner,beginner,30.8,7.0,2.0,beginner_seed,beginner_k_to_5.csv
i'll,3,k-5th grade,beginner_k_to_5,392,,false,v,tier2_fry_filtered+fry_rank_392+grade3_week34_item2,beginner,beginner,30.8,7.0,2.0,beginner_seed,beginner_k_to_5.csv
unit,2,k-5th grade,beginner_k_to_5,393,,false,n,tier2_fry_filtered+fry_rank_393+grade2_week12_item13,beginner,beginner,30.8,7.0,2.0,beginner_seed,beginner_k_to_5.csv
neck,2,k-5th grade,beginner_k_to_5,394,,false,n,elementary_fill+grade2+grade2_week25_item10,beginner,beginner,30.8,7.0,2.0,beginner_seed,beginner_k_to_5.csv
wood,1,k-5th grade,beginner_k_to_5,398,,false,n,tier2_fry_filtered+fry_rank_398+grade1_week33_item5,beginner,beginner,30.8,7.0,2.0,beginner_seed,beginner_k_to_5.csv
fire,2,k-5th grade,beginner_k_to_5,399,,false,n,tier2_fry_filtered+fry_rank_399+grade2_week15_item2,beginner,beginner,30.8,7.0,2.0,beginner_seed,beginner_k_to_5.csv
road,2,k-5th grade,beginner_k_to_5,403,,false,n,tier2_fry_filtered+fry_rank_403+grade2_week22_item16,beginner,beginner,30.8,7.0,2.0,beginner_seed,beginner_k_to_5.csv
sink,2,k-5th grade,beginner_k_to_5,403,,false,n,elementary_fill+grade2+grade2_week26_item3,beginner,beginner,30.8,7.0,2.0,beginner_seed,beginner_k_to_5.csv
wink,2,k-5th grade,beginner_k_to_5,405,,false,n,elementary_fill+grade2+grade2_week26_item5,beginner,beginner,30.8,7.0,2.0,beginner_seed,beginner_k_to_5.csv
nail,4,k-5th grade,beginner_k_to_5,407,,false,n,elementary_fill+grade4+grade4_week21_item7,beginner,beginner,30.8,7.0,2.0,beginner_seed,beginner_k_to_5.csv
box,2,k-5th grade,beginner_k_to_5,408,,false,n,tier2_fry_filtered+fry_rank_408+grade2_week16_item13,beginner,beginner,30.8,7.0,2.0,beginner_seed,beginner_k_to_5.csv
honk,2,k-5th grade,beginner_k_to_5,409,,false,n,elementary_fill+grade2+grade2_week26_item9,beginner,beginner,30.8,7.0,2.0,beginner_seed,beginner_k_to_5.csv
wait,2,k-5th grade,beginner_k_to_5,410,,false,n,tier2_fry_filtered+fry_rank_410+grade2_week2_item8,beginner,beginner,30.8,7.0,2.0,beginner_seed,beginner_k_to_5.csv
oh,2,k-5th grade,beginner_k_to_5,412,,false,int,tier2_fry_filtered+fry_rank_412+grade2_week1_item13,beginner,beginner,30.8,7.0,2.0,beginner_seed,beginner_k_to_5.csv
lava,2,k-5th grade,beginner_k_to_5,413,,false,n,elementary_fill+grade2+grade2_week26_item13,beginner,beginner,30.8,7.0,2.0,beginner_seed,beginner_k_to_5.csv
lift,2,k-5th grade,beginner_k_to_5,418,,false,n,elementary_fill+grade2+grade2_week27_item2,beginner,beginner,30.8,7.0,2.0,beginner_seed,beginner_k_to_5.csv
gift,2,k-5th grade,beginner_k_to_5,421,,false,n,elementary_fill+grade2+grade2_week27_item5,beginner,beginner,30.8,7.0,2.0,beginner_seed,beginner_k_to_5.csv
feel,1,k-5th grade,beginner_k_to_5,422,,false,n,tier2_fry_filtered+fry_rank_422+grade1_week36_item2,beginner,beginner,30.8,7.0,2.0,beginner_seed,beginner_k_to_5.csv
fact,3,k-5th grade,beginner_k_to_5,423,,false,n,tier2_fry_filtered+fry_rank_423+grade_estimated_from_fry_rank,beginner,beginner,30.8,7.0,2.0,beginner_seed,beginner_k_to_5.csv
raft,2,k-5th grade,beginner_k_to_5,423,,false,n,elementary_fill+grade2+grade2_week27_item7,beginner,beginner,30.8,7.0,2.0,beginner_seed,beginner_k_to_5.csv
loft,2,k-5th grade,beginner_k_to_5,425,,false,n,elementary_fill+grade2+grade2_week27_item9,beginner,beginner,30.8,7.0,2.0,beginner_seed,beginner_k_to_5.csv
sift,2,k-5th grade,beginner_k_to_5,427,,false,n,elementary_fill+grade2+grade2_week27_item11,beginner,beginner,30.8,7.0,2.0,beginner_seed,beginner_k_to_5.csv
bolt,2,k-5th grade,beginner_k_to_5,433,,false,n,elementary_fill+grade2+grade2_week28_item1,beginner,beginner,30.8,7.0,2.0,beginner_seed,beginner_k_to_5.csv
jolt,2,k-5th grade,beginner_k_to_5,434,,false,n,elementary_fill+grade2+grade2_week28_item2,beginner,beginner,30.8,7.0,2.0,beginner_seed,beginner_k_to_5.csv
note,1,k-5th grade,beginner_k_to_5,434,,false,n,tier2_fry_filtered+fry_rank_434+grade1_week30_item6,beginner,beginner,30.8,7.0,2.0,beginner_seed,beginner_k_to_5.csv
colt,2,k-5th grade,beginner_k_to_5,435,,false,n,elementary_fill+grade2+grade2_week28_item3,beginner,beginner,30.8,7.0,2.0,beginner_seed,beginner_k_to_5.csv
rest,2,k-5th grade,beginner_k_to_5,436,,false,n,tier2_fry_filtered+fry_rank_436+grade2_week16_item2,beginner,beginner,30.8,7.0,2.0,beginner_seed,beginner_k_to_5.csv
belt,2,k-5th grade,beginner_k_to_5,437,,false,n,elementary_fill+grade2+grade2_week28_item5,beginner,beginner,30.8,7.0,2.0,beginner_seed,beginner_k_to_5.csv
welt,2,k-5th grade,beginner_k_to_5,438,,false,n,elementary_fill+grade2+grade2_week28_item6,beginner,beginner,30.8,7.0,2.0,beginner_seed,beginner_k_to_5.csv
stay,1,k-5th grade,beginner_k_to_5,441,,false,n,tier2_fry_filtered+fry_rank_441+grade1_week27_item3,beginner,beginner,30.8,7.0,2.0,beginner_seed,beginner_k_to_5.csv
wilt,2,k-5th grade,beginner_k_to_5,441,,false,n,elementary_fill+grade2+grade2_week28_item9,beginner,beginner,30.8,7.0,2.0,beginner_seed,beginner_k_to_5.csv
melt,2,k-5th grade,beginner_k_to_5,442,,false,n,elementary_fill+grade2+grade2_week28_item10,beginner,beginner,30.8,7.0,2.0,beginner_seed,beginner_k_to_5.csv
salt,2,k-5th grade,beginner_k_to_5,443,,false,n,elementary_fill+grade2+grade2_week28_item11,beginner,beginner,30.8,7.0,2.0,beginner_seed,beginner_k_to_5.csv
week,2,k-5th grade,beginner_k_to_5,445,,false,n,tier2_fry_filtered+fry_rank_445+grade2_week17_item14,beginner,beginner,30.8,7.0,2.0,beginner_seed,beginner_k_to_5.csv
less,1,k-5th grade,beginner_k_to_5,446,,false,adv,tier2_fry_filtered+fry_rank_446+grade1_week25_item7,beginner,beginner,30.8,7.0,2.0,beginner_seed,beginner_k_to_5.csv
base,3,k-5th grade,beginner_k_to_5,448,,false,n,tier2_fry_filtered+fry_rank_448+grade3_week2_item3,beginner,beginner,30.8,7.0,2.0,beginner_seed,beginner_k_to_5.csv
ago,2,k-5th grade,beginner_k_to_5,449,,false,n,tier2_fry_filtered+fry_rank_449+grade2_week13_item16,beginner,beginner,30.8,7.0,2.0,beginner_seed,beginner_k_to_5.csv
mute,4,k-5th grade,beginner_k_to_5,452,,false,n,elementary_fill+grade4+grade4_week23_item12,beginner,beginner,30.8,7.0,2.0,beginner_seed,beginner_k_to_5.csv
boat,1,k-5th grade,beginner_k_to_5,456,,false,n,tier2_fry_filtered+fry_rank_456+grade1_week32_item2,beginner,beginner,30.8,7.0,2.0,beginner_seed,beginner_k_to_5.csv
whip,2,k-5th grade,beginner_k_to_5,456,,false,n,elementary_fill+grade2+grade2_week29_item8,beginner,beginner,30.8,7.0,2.0,beginner_seed,beginner_k_to_5.csv
game,1,k-5th grade,beginner_k_to_5,457,,false,n,tier2_fry_filtered+fry_rank_457+grade1_week26_item1,beginner,beginner,30.8,7.0,2.0,beginner_seed,beginner_k_to_5.csv
dry,1,k-5th grade,beginner_k_to_5,465,,false,n,tier2_fry_filtered+fry_rank_465+grade1_week29_item1,beginner,beginner,30.8,7.0,2.0,beginner_seed,beginner_k_to_5.csv
calf,4,k-5th grade,beginner_k_to_5,469,,false,n,elementary_fill+grade4+grade4_week24_item9,beginner,beginner,30.8,7.0,2.0,beginner_seed,beginner_k_to_5.csv
deep,1,k-5th grade,beginner_k_to_5,469,,false,adj,tier2_fry_filtered+fry_rank_469+grade1_week36_item1,beginner,beginner,30.8,7.0,2.0,beginner_seed,beginner_k_to_5.csv
yet,3,k-5th grade,beginner_k_to_5,474,,false,conj,tier2_fry_filtered+fry_rank_474+grade_estimated_from_fry_rank,beginner,beginner,30.8,7.0,2.0,beginner_seed,beginner_k_to_5.csv
heat,1,k-5th grade,beginner_k_to_5,477,,false,n,tier2_fry_filtered+fry_rank_477+grade1_week33_item8,beginner,beginner,30.8,7.0,2.0,beginner_seed,beginner_k_to_5.csv
echo,2,k-5th grade,beginner_k_to_5,480,,false,n,elementary_fill+grade2+grade2_week30_item16,beginner,beginner,30.8,7.0,2.0,beginner_seed,beginner_k_to_5.csv
rule,3,k-5th grade,beginner_k_to_5,483,,false,n,tier2_fry_filtered+fry_rank_483+grade3_week26_item2,beginner,beginner,30.8,7.0,2.0,beginner_seed,beginner_k_to_5.csv
able,2,k-5th grade,beginner_k_to_5,488,,false,adj,tier2_fry_filtered+fry_rank_488+grade2_week18_item13,beginner,beginner,30.8,7.0,2.0,beginner_seed,beginner_k_to_5.csv
size,2,k-5th grade,beginner_k_to_5,490,,false,n,tier2_fry_filtered+fry_rank_490+grade2_week14_item15,beginner,beginner,30.8,7.5,3.4,beginner_seed,beginner_k_to_5.csv
dark,2,k-5th grade,beginner_k_to_5,491,,false,n,tier2_fry_filtered+fry_rank_491+grade2_week1_item12,beginner,beginner,30.8,7.0,2.0,beginner_seed,beginner_k_to_5.csv
ball,2,k-5th grade,beginner_k_to_5,492,,false,n,tier2_fry_filtered+fry_rank_492+grade2_week19_item3,beginner,beginner,30.8,7.0,2.0,beginner_seed,beginner_k_to_5.csv
fine,3,k-5th grade,beginner_k_to_5,496,,false,adj,tier2_fry_filtered+fry_rank_496+grade_estimated_from_fry_rank,beginner,beginner,30.8,7.0,2.0,beginner_seed,beginner_k_to_5.csv
pair,2,k-5th grade,beginner_k_to_5,497,,false,n,tier2_fry_filtered+fry_rank_497+grade2_week18_item15,beginner,beginner,30.8,7.0,2.0,beginner_seed,beginner_k_to_5.csv
bill,2,k-5th grade,beginner_k_to_5,506,,false,n,tier2_fry_filtered+fry_rank_506+grade2_week20_item14,beginner,beginner,30.8,7.0,2.0,beginner_seed,beginner_k_to_5.csv
felt,2,k-5th grade,beginner_k_to_5,507,,false,v,tier2_fry_filtered+fry_rank_507+grade2_week28_item4,beginner,beginner,30.8,7.0,2.0,beginner_seed,beginner_k_to_5.csv
test,2,k-5th grade,beginner_k_to_5,509,,false,n,tier2_fry_filtered+fry_rank_509+grade2_week15_item13,beginner,beginner,30.8,7.0,2.0,beginner_seed,beginner_k_to_5.csv
he's,3,k-5th grade,beginner_k_to_5,513,,false,v,elementary_fill+grade3+grade3_week33_item1,beginner,beginner,30.8,7.0,2.0,beginner_seed,beginner_k_to_5.csv
moon,1,k-5th grade,beginner_k_to_5,520,,false,n,tier2_fry_filtered+fry_rank_520+grade1_week35_item1,beginner,beginner,30.8,7.0,2.0,beginner_seed,beginner_k_to_5.csv
mind,2,k-5th grade,beginner_k_to_5,530,,false,n,tier2_fry_filtered+fry_rank_530+grade2_week17_item8,beginner,beginner,30.8,7.0,2.0,beginner_seed,beginner_k_to_5.csv
love,2,k-5th grade,beginner_k_to_5,531,,false,n,tier2_fry_filtered+fry_rank_531+grade2_week15_item15,beginner,beginner,30.8,7.0,2.0,beginner_seed,beginner_k_to_5.csv
rain,2,k-5th grade,beginner_k_to_5,533,,false,n,tier2_fry_filtered+fry_rank_533+grade2_week2_item6,beginner,beginner,30.8,7.0,2.0,beginner_seed,beginner_k_to_5.csv
eggs,2,k-5th grade,beginner_k_to_5,535,,false,n,tier2_fry_filtered+fry_rank_535+grade2_week9_item5,beginner,beginner,30.8,7.0,2.0,beginner_seed,beginner_k_to_5.csv
i've,3,k-5th grade,beginner_k_to_5,537,,false,v,elementary_fill+grade3+grade3_week34_item9,beginner,beginner,30.8,7.0,2.0,beginner_seed,beginner_k_to_5.csv
i'd,3,k-5th grade,beginner_k_to_5,538,,false,v,elementary_fill+grade3+grade3_week34_item10,beginner,beginner,30.8,7.0,2.0,beginner_seed,beginner_k_to_5.csv
drop,1,k-5th grade,beginner_k_to_5,539,,false,n,tier2_fry_filtered+fry_rank_539+grade1_week10_item8,beginner,beginner,30.8,7.0,2.0,beginner_seed,beginner_k_to_5.csv
we'd,3,k-5th grade,beginner_k_to_5,539,,false,v,elementary_fill+grade3+grade3_week34_item11,beginner,beginner,30.8,7.0,2.0,beginner_seed,beginner_k_to_5.csv
wall,2,k-5th grade,beginner_k_to_5,548,,false,n,tier2_fry_filtered+fry_rank_548+grade2_week22_item13,beginner,beginner,30.8,7.0,2.0,beginner_seed,beginner_k_to_5.csv
legs,1,k-5th grade,beginner_k_to_5,551,,false,n,tier2_fry_filtered+fry_rank_551+grade1_week25_item6,beginner,beginner,30.8,7.0,2.0,beginner_seed,beginner_k_to_5.csv
sat,1,k-5th grade,beginner_k_to_5,552,,false,v,tier2_fry_filtered+fry_rank_552+grade1_week1_item7,beginner,beginner,30.8,7.0,2.0,beginner_seed,beginner_k_to_5.csv
main,3,k-5th grade,beginner_k_to_5,553,,false,adj,tier2_fry_filtered+fry_rank_553+grade3_week35_item4,beginner,beginner,30.8,7.0,2.0,beginner_seed,beginner_k_to_5.csv
wide,2,k-5th grade,beginner_k_to_5,555,,false,adj,tier2_fry_filtered+fry_rank_555+grade2_week23_item13,beginner,beginner,30.8,7.0,2.0,beginner_seed,beginner_k_to_5.csv
kept,4,k-5th grade,beginner_k_to_5,559,,false,v,tier2_fry_filtered+fry_rank_559+grade4_week26_item9,beginner,beginner,30.8,7.0,2.0,beginner_seed,beginner_k_to_5.csv
arms,2,k-5th grade,beginner_k_to_5,561,,false,n,tier2_fry_filtered+fry_rank_561+grade2_week28_item15,beginner,beginner,30.8,7.0,2.0,beginner_seed,beginner_k_to_5.csv
race,1,k-5th grade,beginner_k_to_5,563,,false,n,tier2_fry_filtered+fry_rank_563+grade1_week26_item3,beginner,beginner,30.8,7.0,2.0,beginner_seed,beginner_k_to_5.csv
job,1,k-5th grade,beginner_k_to_5,567,,false,n,tier2_fry_filtered+fry_rank_567+grade1_week11_item5,beginner,beginner,30.8,7.0,2.0,beginner_seed,beginner_k_to_5.csv
edge,2,k-5th grade,beginner_k_to_5,568,,false,n,tier2_fry_filtered+fry_rank_568+grade2_week28_item13,beginner,beginner,30.8,7.0,2.0,beginner_seed,beginner_k_to_5.csv
past,2,k-5th grade,beginner_k_to_5,569,,false,n,tier2_fry_filtered+fry_rank_569+grade2_week16_item7,beginner,beginner,30.8,7.0,2.0,beginner_seed,beginner_k_to_5.csv
sign,3,k-5th grade,beginner_k_to_5,570,,false,n,tier2_fry_filtered+fry_rank_570+grade3_week4_item9,beginner,beginner,30.8,7.0,2.0,beginner_seed,beginner_k_to_5.csv
gone,2,k-5th grade,beginner_k_to_5,577,,false,n,tier2_fry_filtered+fry_rank_577+grade2_week26_item12,beginner,beginner,30.8,7.0,2.0,beginner_seed,beginner_k_to_5.csv
sky,1,k-5th grade,beginner_k_to_5,578,,false,n,tier2_fry_filtered+fry_rank_578+grade1_week29_item3,beginner,beginner,30.8,7.0,2.0,beginner_seed,beginner_k_to_5.csv
lay,2,k-5th grade,beginner_k_to_5,582,,false,n,tier2_fry_filtered+fry_rank_582+grade2_week28_item14,beginner,beginner,30.8,7.0,2.0,beginner_seed,beginner_k_to_5.csv
root,2,k-5th grade,beginner_k_to_5,584,,false,n,tier2_fry_filtered+fry_rank_584+grade2_week26_item15,beginner,beginner,30.8,7.0,2.0,beginner_seed,beginner_k_to_5.csv
meet,2,k-5th grade,beginner_k_to_5,586,,false,n,tier2_fry_filtered+fry_rank_586+grade2_week26_item16,beginner,beginner,30.8,7.0,2.0,beginner_seed,beginner_k_to_5.csv
soft,2,k-5th grade,beginner_k_to_5,592,,false,adj,tier2_fry_filtered+fry_rank_592+grade2_week27_item1,beginner,beginner,30.8,7.0,2.0,beginner_seed,beginner_k_to_5.csv
curb,4,k-5th grade,beginner_k_to_5,597,,false,n,elementary_fill+grade4+grade4_week30_item17,beginner,beginner,30.8,7.0,2.0,beginner_seed,beginner_k_to_5.csv
held,3,k-5th grade,beginner_k_to_5,598,,false,v,tier2_fry_filtered+fry_rank_598+grade3_week12_item1,beginner,beginner,30.8,7.0,2.0,beginner_seed,beginner_k_to_5.csv
ice,1,k-5th grade,beginner_k_to_5,608,,false,n,tier2_fry_filtered+fry_rank_608+grade1_week35_item8,beginner,beginner,30.8,7.0,2.0,beginner_seed,beginner_k_to_5.csv
snow,1,k-5th grade,beginner_k_to_5,614,,false,n,tier2_fry_filtered+fry_rank_614+grade1_week31_item2,beginner,beginner,30.8,7.0,2.0,beginner_seed,beginner_k_to_5.csv
care,2,k-5th grade,beginner_k_to_5,616,,false,v,tier2_fry_filtered+fry_rank_616+grade2_week30_item12,beginner,beginner,30.8,7.0,2.0,beginner_seed,beginner_k_to_5.csv
hill,2,k-5th grade,beginner_k_to_5,618,,false,n,tier2_fry_filtered+fry_rank_618+grade2_week30_item13,beginner,beginner,30.8,7.0,2.0,beginner_seed,beginner_k_to_5.csv
baby,2,k-5th grade,beginner_k_to_5,620,,false,n,tier2_fry_filtered+fry_rank_620+grade2_week6_item14,beginner,beginner,30.8,7.0,2.0,beginner_seed,beginner_k_to_5.csv
tall,2,k-5th grade,beginner_k_to_5,625,,false,n,tier2_fry_filtered+fry_rank_625+grade2_week31_item12,beginner,beginner,30.8,7.0,2.0,beginner_seed,beginner_k_to_5.csv
soil,1,k-5th grade,beginner_k_to_5,629,,false,n,tier2_fry_filtered+fry_rank_629+grade1_week29_item8,beginner,beginner,30.8,7.0,2.0,beginner_seed,beginner_k_to_5.csv
bed,1,k-5th grade,beginner_k_to_5,630,,false,v,tier2_fry_filtered+fry_rank_630+grade1_week18_item6,beginner,beginner,30.8,7.0,2.0,beginner_seed,beginner_k_to_5.csv
free,1,k-5th grade,beginner_k_to_5,632,,false,adj,tier2_fry_filtered+fry_rank_632+grade1_week36_item6,beginner,beginner,30.8,7.0,2.0,beginner_seed,beginner_k_to_5.csv
hope,3,k-5th grade,beginner_k_to_5,633,,false,v,tier2_fry_filtered+fry_rank_633+grade3_week4_item5,beginner,beginner,30.8,7.0,2.0,beginner_seed,beginner_k_to_5.csv
case,2,k-5th grade,beginner_k_to_5,635,,false,n,tier2_fry_filtered+fry_rank_635+grade2_week30_item14,beginner,beginner,30.8,7.0,2.0,beginner_seed,beginner_k_to_5.csv
lead,2,k-5th grade,beginner_k_to_5,643,,false,v,tier2_fry_filtered+fry_rank_643+grade2_week31_item13,beginner,beginner,30.8,7.0,2.0,beginner_seed,beginner_k_to_5.csv
hair,3,k-5th grade,beginner_k_to_5,651,,false,n,tier2_fry_filtered+fry_rank_651+grade3_week20_item10,beginner,beginner,30.8,7.0,2.0,beginner_seed,beginner_k_to_5.csv
age,2,k-5th grade,beginner_k_to_5,652,,false,n,tier2_fry_filtered+fry_rank_652+grade2_week31_item15,beginner,beginner,30.8,7.0,2.0,beginner_seed,beginner_k_to_5.csv
gold,2,k-5th grade,beginner_k_to_5,662,,false,n,tier2_fry_filtered+fry_rank_662+grade2_week6_item6,beginner,beginner,30.8,7.0,2.0,beginner_seed,beginner_k_to_5.csv
lot,1,k-5th grade,beginner_k_to_5,666,,false,n,tier2_fry_filtered+fry_rank_666+grade1_week9_item8,beginner,beginner,30.8,7.0,2.0,beginner_seed,beginner_k_to_5.csv
act,2,k-5th grade,beginner_k_to_5,668,,false,n,tier2_fry_filtered+fry_rank_668+grade2_week32_item12,beginner,beginner,30.8,7.0,2.0,beginner_seed,beginner_k_to_5.csv
cat,1,k-5th grade,beginner_k_to_5,673,,false,n,tier2_fry_filtered+fry_rank_673+grade1_week1_item5,beginner,beginner,30.8,7.0,2.0,beginner_seed,beginner_k_to_5.csv
sail,2,k-5th grade,beginner_k_to_5,675,,false,n,tier2_fry_filtered+fry_rank_675+grade2_week2_item12,beginner,beginner,30.8,7.0,2.0,beginner_seed,beginner_k_to_5.csv
bear,3,k-5th grade,beginner_k_to_5,677,,false,n,tier2_fry_filtered+fry_rank_677+grade3_week19_item9,beginner,beginner,30.8,7.0,2.0,beginner_seed,beginner_k_to_5.csv
pint,4,k-5th grade,beginner_k_to_5,679,,false,n,elementary_fill+grade4+grade4_week34_item19,beginner,beginner,30.8,7.0,2.0,beginner_seed,beginner_k_to_5.csv
trip,1,k-5th grade,beginner_k_to_5,686,,false,n,tier2_fry_filtered+fry_rank_686+grade1_week32_item8,beginner,beginner,30.8,7.0,2.0,beginner_seed,beginner_k_to_5.csv
hole,1,k-5th grade,beginner_k_to_5,687,,false,n,tier2_fry_filtered+fry_rank_687+grade1_week30_item5,beginner,beginner,30.8,7.0,2.0,beginner_seed,beginner_k_to_5.csv
poor,3,k-5th grade,beginner_k_to_5,688,,false,adj,tier2_fry_filtered+fry_rank_688+grade3_week16_item4,beginner,beginner,30.8,7.0,2.0,beginner_seed,beginner_k_to_5.csv
died,4,k-5th grade,beginner_k_to_5,693,,false,v,tier2_fry_filtered+fry_rank_693+grade_estimated_from_fry_rank,beginner,beginner,30.8,7.0,2.0,beginner_seed,beginner_k_to_5.csv
beat,2,k-5th grade,beginner_k_to_5,694,,false,n,tier2_fry_filtered+fry_rank_694+grade2_week10_item2,beginner,beginner,30.8,7.0,2.0,beginner_seed,beginner_k_to_5.csv
row,2,k-5th grade,beginner_k_to_5,701,,false,n,tier2_fry_filtered+fry_rank_701+grade2_week25_item1,beginner,beginner,30.8,7.0,2.0,beginner_seed,beginner_k_to_5.csv
else,3,k-5th grade,beginner_k_to_5,709,,false,n,tier2_fry_filtered+fry_rank_709+grade3_week1_item8,beginner,beginner,30.8,7.0,2.0,beginner_seed,beginner_k_to_5.csv
gas,1,k-5th grade,beginner_k_to_5,711,,false,n,tier2_fry_filtered+fry_rank_711+grade1_week33_item7,beginner,beginner,30.8,7.0,2.0,beginner_seed,beginner_k_to_5.csv
foot,1,k-5th grade,beginner_k_to_5,716,,false,n,tier2_fry_filtered+fry_rank_716+grade1_week33_item6,beginner,beginner,30.8,7.0,2.0,beginner_seed,beginner_k_to_5.csv
law,2,k-5th grade,beginner_k_to_5,717,,false,n,tier2_fry_filtered+fry_rank_717+grade2_week3_item7,beginner,beginner,30.8,7.0,2.0,beginner_seed,beginner_k_to_5.csv
ears,2,k-5th grade,beginner_k_to_5,718,,false,n,tier2_fry_filtered+fry_rank_718+grade2_week33_item2,beginner,beginner,30.8,7.0,2.0,beginner_seed,beginner_k_to_5.csv
grew,2,k-5th grade,beginner_k_to_5,721,,false,v,tier2_fry_filtered+fry_rank_721+grade2_week12_item6,beginner,beginner,30.8,7.0,2.0,beginner_seed,beginner_k_to_5.csv
skin,1,k-5th grade,beginner_k_to_5,722,,false,n,tier2_fry_filtered+fry_rank_722+grade1_week7_item8,beginner,beginner,30.8,7.0,2.0,beginner_seed,beginner_k_to_5.csv
key,2,k-5th grade,beginner_k_to_5,725,,false,n,tier2_fry_filtered+fry_rank_725+grade2_week36_item13,beginner,beginner,30.8,7.0,2.0,beginner_seed,beginner_k_to_5.csv
cool,2,k-5th grade,beginner_k_to_5,729,,false,adj,tier2_fry_filtered+fry_rank_729+grade2_week3_item3,beginner,beginner,30.8,7.0,2.0,beginner_seed,beginner_k_to_5.csv
lost,2,k-5th grade,beginner_k_to_5,731,,false,v,tier2_fry_filtered+fry_rank_731+grade2_week5_item12,beginner,beginner,30.8,7.0,2.0,beginner_seed,beginner_k_to_5.csv
sent,2,k-5th grade,beginner_k_to_5,732,,false,v,tier2_fry_filtered+fry_rank_732+grade2_week12_item4,beginner,beginner,30.8,7.0,2.0,beginner_seed,beginner_k_to_5.csv
wear,2,k-5th grade,beginner_k_to_5,734,,false,v,tier2_fry_filtered+fry_rank_734+grade2_week11_item1,beginner,beginner,30.8,7.0,2.0,beginner_seed,beginner_k_to_5.csv
bad,1,k-5th grade,beginner_k_to_5,735,,false,adj,tier2_fry_filtered+fry_rank_735+grade1_week21_item5,beginner,beginner,30.8,7.0,2.0,beginner_seed,beginner_k_to_5.csv
save,3,k-5th grade,beginner_k_to_5,736,,false,v,tier2_fry_filtered+fry_rank_736+grade3_week3_item1,beginner,beginner,30.8,7.0,2.0,beginner_seed,beginner_k_to_5.csv
pay,1,k-5th grade,beginner_k_to_5,742,,false,v,tier2_fry_filtered+fry_rank_742+grade1_week27_item2,beginner,beginner,30.8,7.0,2.0,beginner_seed,beginner_k_to_5.csv
rise,2,k-5th grade,beginner_k_to_5,756,,false,n,tier2_fry_filtered+fry_rank_756+grade2_week14_item14,beginner,beginner,30.8,7.0,2.0,beginner_seed,beginner_k_to_5.csv
bank,2,k-5th grade,beginner_k_to_5,764,,false,n,tier2_fry_filtered+fry_rank_764+grade2_week26_item7,beginner,beginner,30.8,7.0,2.0,beginner_seed,beginner_k_to_5.csv
wire,2,k-5th grade,beginner_k_to_5,766,,false,n,tier2_fry_filtered+fry_rank_766+grade2_week5_item2,beginner,beginner,30.8,7.0,2.0,beginner_seed,beginner_k_to_5.csv
bit,1,k-5th grade,beginner_k_to_5,770,,false,n,tier2_fry_filtered+fry_rank_770+grade1_week5_item7,beginner,beginner,30.8,7.0,2.0,beginner_seed,beginner_k_to_5.csv
fell,1,k-5th grade,beginner_k_to_5,777,,false,n,tier2_fry_filtered+fry_rank_777+grade1_week20_item6,beginner,beginner,30.8,7.0,2.0,beginner_seed,beginner_k_to_5.csv
team,2,k-5th grade,beginner_k_to_5,778,,false,n,tier2_fry_filtered+fry_rank_778+grade2_week10_item11,beginner,beginner,30.8,7.0,2.0,beginner_seed,beginner_k_to_5.csv
ring,2,k-5th grade,beginner_k_to_5,782,,false,v,tier2_fry_filtered+fry_rank_782+grade2_week22_item6,beginner,beginner,30.8,7.0,2.0,beginner_seed,beginner_k_to_5.csv
cost,2,k-5th grade,beginner_k_to_5,788,,false,n,tier2_fry_filtered+fry_rank_788+grade2_week16_item9,beginner,beginner,30.8,7.0,2.0,beginner_seed,beginner_k_to_5.csv
flow,1,k-5th grade,beginner_k_to_5,795,,false,n,tier2_fry_filtered+fry_rank_795+grade1_week31_item4,beginner,beginner,30.8,7.0,2.0,beginner_seed,beginner_k_to_5.csv
art,2,k-5th grade,beginner_k_to_5,799,,false,n,tier2_fry_filtered+fry_rank_799+grade2_week1_item3,beginner,beginner,30.8,7.0,2.0,beginner_seed,beginner_k_to_5.csv
tone,2,k-5th grade,beginner_k_to_5,806,,false,n,tier2_fry_filtered+fry_rank_806+grade2_week32_item16,beginner,beginner,30.8,7.0,2.0,beginner_seed,beginner_k_to_5.csv
hit,1,k-5th grade,beginner_k_to_5,807,,false,n,tier2_fry_filtered+fry_rank_807+grade1_week5_item6,beginner,beginner,30.8,7.0,2.0,beginner_seed,beginner_k_to_5.csv
sand,2,k-5th grade,beginner_k_to_5,808,,false,n,tier2_fry_filtered+fry_rank_808+grade2_week17_item10,beginner,beginner,30.8,7.0,2.0,beginner_seed,beginner_k_to_5.csv
cook,2,k-5th grade,beginner_k_to_5,813,,false,v,tier2_fry_filtered+fry_rank_813+grade2_week12_item3,beginner,beginner,30.8,7.0,2.0,beginner_seed,beginner_k_to_5.csv
mine,1,k-5th grade,beginner_k_to_5,819,,false,n,tier2_fry_filtered+fry_rank_819+grade1_week28_item3,beginner,beginner,30.8,7.0,2.0,beginner_seed,beginner_k_to_5.csv
fit,1,k-5th grade,beginner_k_to_5,821,,false,v,tier2_fry_filtered+fry_rank_821+grade1_week5_item8,beginner,beginner,30.8,7.0,2.0,beginner_seed,beginner_k_to_5.csv
flat,2,k-5th grade,beginner_k_to_5,838,,false,adj,tier2_fry_filtered+fry_rank_838+grade2_week13_item15,beginner,beginner,30.8,7.0,2.0,beginner_seed,beginner_k_to_5.csv
blow,1,k-5th grade,beginner_k_to_5,843,,false,v,tier2_fry_filtered+fry_rank_843+grade1_week31_item6,beginner,beginner,30.8,7.0,2.0,beginner_seed,beginner_k_to_5.csv
lie,2,k-5th grade,beginner_k_to_5,853,,false,n,tier2_fry_filtered+fry_rank_853+grade2_week14_item5,beginner,beginner,30.8,7.0,2.0,beginner_seed,beginner_k_to_5.csv
spot,2,k-5th grade,beginner_k_to_5,854,,false,n,tier2_fry_filtered+fry_rank_854+grade2_week18_item5,beginner,beginner,30.8,7.0,2.0,beginner_seed,beginner_k_to_5.csv
bell,1,k-5th grade,beginner_k_to_5,855,,false,n,tier2_fry_filtered+fry_rank_855+grade1_week20_item2,beginner,beginner,30.8,7.0,2.0,beginner_seed,beginner_k_to_5.csv
fun,1,k-5th grade,beginner_k_to_5,856,,false,n,tier2_fry_filtered+fry_rank_856+grade1_week15_item7,beginner,beginner,30.8,7.0,2.0,beginner_seed,beginner_k_to_5.csv
loud,2,k-5th grade,beginner_k_to_5,857,,false,adj,tier2_fry_filtered+fry_rank_857+grade2_week7_item6,beginner,beginner,30.8,7.0,2.0,beginner_seed,beginner_k_to_5.csv
thin,1,k-5th grade,beginner_k_to_5,860,,false,adj,tier2_fry_filtered+fry_rank_860+grade1_week7_item6,beginner,beginner,30.8,7.0,2.0,beginner_seed,beginner_k_to_5.csv
tied,3,k-5th grade,beginner_k_to_5,864,,false,v,tier2_fry_filtered+fry_rank_864+grade3_week10_item2,beginner,beginner,30.8,7.0,2.0,beginner_seed,beginner_k_to_5.csv
rich,2,k-5th grade,beginner_k_to_5,865,,false,adj,tier2_fry_filtered+fry_rank_865+grade2_week19_item4,beginner,beginner,30.8,7.0,2.0,beginner_seed,beginner_k_to_5.csv
send,2,k-5th grade,beginner_k_to_5,867,,false,v,tier2_fry_filtered+fry_rank_867+grade2_week17_item7,beginner,beginner,30.8,7.0,2.0,beginner_seed,beginner_k_to_5.csv
meat,2,k-5th grade,beginner_k_to_5,881,,false,n,tier2_fry_filtered+fry_rank_881+grade2_week10_item15,beginner,beginner,30.8,7.0,2.0,beginner_seed,beginner_k_to_5.csv
hat,1,k-5th grade,beginner_k_to_5,885,,false,n,tier2_fry_filtered+fry_rank_885+grade1_week1_item8,beginner,beginner,30.8,7.0,2.0,beginner_seed,beginner_k_to_5.csv
park,2,k-5th grade,beginner_k_to_5,891,,false,n,tier2_fry_filtered+fry_rank_891+grade2_week1_item7,beginner,beginner,30.8,7.0,2.0,beginner_seed,beginner_k_to_5.csv
sell,1,k-5th grade,beginner_k_to_5,892,,false,v,tier2_fry_filtered+fry_rank_892+grade1_week20_item7,beginner,beginner,30.8,7.0,2.0,beginner_seed,beginner_k_to_5.csv
wife,3,k-5th grade,beginner_k_to_5,899,,false,n,tier2_fry_filtered+fry_rank_899+grade3_week11_item4,beginner,beginner,30.8,7.0,2.0,beginner_seed,beginner_k_to_5.csv
fair,2,k-5th grade,beginner_k_to_5,912,,false,n,tier2_fry_filtered+fry_rank_912+grade2_week21_item15,beginner,beginner,30.8,7.0,2.0,beginner_seed,beginner_k_to_5.csv
born,3,k-5th grade,beginner_k_to_5,917,,false,n,tier2_fry_filtered+fry_rank_917+grade3_week18_item2,beginner,beginner,30.8,7.0,2.0,beginner_seed,beginner_k_to_5.csv
shop,1,k-5th grade,beginner_k_to_5,938,,false,n,tier2_fry_filtered+fry_rank_938+grade1_week23_item8,beginner,beginner,30.8,7.0,2.0,beginner_seed,beginner_k_to_5.csv
nose,1,k-5th grade,beginner_k_to_5,943,,false,n,tier2_fry_filtered+fry_rank_943+grade1_week30_item1,beginner,beginner,30.8,7.0,2.0,beginner_seed,beginner_k_to_5.csv
dead,2,k-5th grade,beginner_k_to_5,945,,false,adj,tier2_fry_filtered+fry_rank_945+grade2_week11_item8,beginner,beginner,30.8,7.0,2.0,beginner_seed,beginner_k_to_5.csv
fig,2,k-5th grade,beginner_k_to_5,948,,false,n,tier2_fry_filtered+fry_rank_948+grade2_week36_item14,beginner,beginner,30.8,7.0,2.0,beginner_seed,beginner_k_to_5.csv
huge,1,k-5th grade,beginner_k_to_5,950,,false,adj,tier2_fry_filtered+fry_rank_950+grade1_week35_item7,beginner,beginner,30.8,7.0,2.0,beginner_seed,beginner_k_to_5.csv
rose,1,k-5th grade,beginner_k_to_5,958,,false,n,tier2_fry_filtered+fry_rank_958+grade1_week30_item8,beginner,beginner,30.8,7.0,2.0,beginner_seed,beginner_k_to_5.csv
fear,2,k-5th grade,beginner_k_to_5,960,,false,n,tier2_fry_filtered+fry_rank_960+grade2_week21_item14,beginner,beginner,30.8,7.0,2.0,beginner_seed,beginner_k_to_5.csv
led,2,k-5th grade,beginner_k_to_5,966,,false,v,tier2_fry_filtered+fry_rank_966+grade2_week17_item3,beginner,beginner,30.8,7.0,2.0,beginner_seed,beginner_k_to_5.csv
win,1,k-5th grade,beginner_k_to_5,973,,false,v,tier2_fry_filtered+fry_rank_973+grade1_week22_item5,beginner,beginner,30.8,7.0,2.0,beginner_seed,beginner_k_to_5.csv
deal,2,k-5th grade,beginner_k_to_5,977,,false,adj,tier2_fry_filtered+fry_rank_977+grade2_week11_item12,beginner,beginner,30.8,7.0,2.0,beginner_seed,beginner_k_to_5.csv
nor,5,k-5th grade,beginner_k_to_5,980,,false,conj,tier2_fry_filtered+fry_rank_980+grade_estimated_from_fry_rank,beginner,beginner,30.8,7.0,2.0,beginner_seed,beginner_k_to_5.csv
corn,2,k-5th grade,beginner_k_to_5,986,,false,n,tier2_fry_filtered+fry_rank_986+grade2_week8_item5,beginner,beginner,30.8,7.0,2.0,beginner_seed,beginner_k_to_5.csv
cows,2,k-5th grade,beginner_k_to_5,991,,false,n,tier2_fry_filtered+fry_rank_991+grade2_week34_item11,beginner,beginner,30.8,7.0,2.0,beginner_seed,beginner_k_to_5.csv
seat,2,k-5th grade,beginner_k_to_5,996,,false,n,tier2_fry_filtered+fry_rank_996+grade2_week10_item3,beginner,beginner,30.8,7.0,2.0,beginner_seed,beginner_k_to_5.csv
comic,5,k-5th grade,beginner_k_to_5,1,,false,adj,elementary_fill+grade5+grade5_week1_item1,beginner,beginner,29.8,7.5,2.0,beginner_seed,beginner_k_to_5.csv
would,1,k-5th grade,beginner_k_to_5,1,,false,v,tier1_dolch+dolch_grade2+fry_overlap+grade1_week16_item3,beginner,beginner,29.8,7.5,2.0,beginner_seed,beginner_k_to_5.csv
write,1,k-5th grade,beginner_k_to_5,2,,false,v,tier1_dolch+dolch_grade2+fry_overlap+grade1_week19_item1,beginner,beginner,29.8,7.5,2.0,beginner_seed,beginner_k_to_5.csv
always,2,k-5th grade,beginner_k_to_5,4,,false,adv,tier1_dolch+dolch_grade2+fry_overlap+grade3_week25_item9,beginner,beginner,29.8,7.5,2.0,beginner_seed,beginner_k_to_5.csv
every,1,k-5th grade,beginner_k_to_5,4,,false,det,tier1_dolch+dolch_grade1+fry_overlap+grade3_week1_item2,beginner,beginner,29.8,7.5,2.0,beginner_seed,beginner_k_to_5.csv
insult,5,k-5th grade,beginner_k_to_5,4,,false,n,elementary_fill+grade5+grade5_week1_item4,beginner,beginner,29.8,7.5,2.0,beginner_seed,beginner_k_to_5.csv
about,1,k-5th grade,beginner_k_to_5,5,,false,n,tier1_dolch+dolch_grade3+fry_overlap+grade1_week14_item2,beginner,beginner,29.8,7.5,2.0,beginner_seed,beginner_k_to_5.csv
eleven,4,k-5th grade,beginner_k_to_5,6,,false,n,elementary_fill+grade4+grade4_week1_item6,beginner,beginner,29.8,7.5,2.0,beginner_seed,beginner_k_to_5.csv
gallop,5,k-5th grade,beginner_k_to_5,6,,false,n,elementary_fill+grade5+grade5_week1_item6,beginner,beginner,29.8,7.5,2.0,beginner_seed,beginner_k_to_5.csv
light,1,k-5th grade,beginner_k_to_5,6,,false,n,tier1_dolch+dolch_grade3+fry_overlap+grade1_week29_item7,beginner,beginner,29.8,7.5,2.0,beginner_seed,beginner_k_to_5.csv
around,2,k-5th grade,beginner_k_to_5,9,,false,prep,tier1_dolch+dolch_grade2+fry_overlap+grade3_week13_item8,beginner,beginner,29.8,7.5,2.0,beginner_seed,beginner_k_to_5.csv
stolen,4,k-5th grade,beginner_k_to_5,9,,false,v,elementary_fill+grade4+grade4_week1_item9,beginner,beginner,29.8,7.5,2.0,beginner_seed,beginner_k_to_5.csv
after,1,k-5th grade,beginner_k_to_5,10,,false,prep,tier1_dolch+dolch_grade1+fry_overlap+grade2_week4_item2,beginner,beginner,29.8,7.5,2.0,beginner_seed,beginner_k_to_5.csv
don't,2,k-5th grade,beginner_k_to_5,11,,false,v,tier1_dolch+dolch_grade2+fry_overlap+grade3_week33_item11,beginner,beginner,29.8,7.5,2.0,beginner_seed,beginner_k_to_5.csv
shark,2,k-5th grade,beginner_k_to_5,11,,false,n,elementary_fill+grade2+grade2_week1_item11,beginner,beginner,29.8,7.5,2.0,beginner_seed,beginner_k_to_5.csv
think,1,k-5th grade,beginner_k_to_5,12,,false,v,tier1_dolch+dolch_grade1+fry_overlap+grade2_week26_item2,beginner,beginner,29.8,7.5,2.0,beginner_seed,beginner_k_to_5.csv
orphan,4,k-5th grade,beginner_k_to_5,13,,false,n,elementary_fill+grade4+grade4_week1_item13,beginner,beginner,29.8,7.5,2.0,beginner_seed,beginner_k_to_5.csv
right,2,k-5th grade,beginner_k_to_5,13,,false,adj,tier1_dolch+dolch_grade2+fry_overlap+grade2_week5_item6,beginner,beginner,29.8,7.5,2.0,beginner_seed,beginner_k_to_5.csv
seven,2,k-5th grade,beginner_k_to_5,13,,false,det,tier1_dolch+dolch_grade3+fry_overlap+grade2_week16_item4,beginner,beginner,29.8,7.5,2.0,beginner_seed,beginner_k_to_5.csv
those,2,k-5th grade,beginner_k_to_5,14,,false,det,tier1_dolch+dolch_grade2+fry_overlap+grade3_week9_item3,beginner,beginner,29.8,7.5,2.0,beginner_seed,beginner_k_to_5.csv
eight,3,k-5th grade,beginner_k_to_5,15,,false,det,tier1_dolch+dolch_grade3+fry_overlap,beginner,beginner,29.8,7.5,2.0,beginner_seed,beginner_k_to_5.csv
green,1,k-5th grade,beginner_k_to_5,15,,false,adj,tier1_dolch+dolch_grade2+fry_overlap+grade1_week36_item3,beginner,beginner,29.8,7.5,2.0,beginner_seed,beginner_k_to_5.csv
going,1,k-5th grade,beginner_k_to_5,16,,false,v,tier1_dolch+dolch_grade1,beginner,beginner,29.8,7.5,2.0,beginner_seed,beginner_k_to_5.csv
nectar,3,k-5th grade,beginner_k_to_5,16,,false,n,elementary_fill+grade3+grade3_week1_item16,beginner,beginner,29.8,7.5,2.0,beginner_seed,beginner_k_to_5.csv
where,K,k-5th grade,beginner_k_to_5,16,,false,adv,tier1_dolch+dolch_preprimer+fry_overlap+grade2_week29_item3,beginner,beginner,29.8,7.5,2.0,beginner_seed,beginner_k_to_5.csv
could,1,k-5th grade,beginner_k_to_5,17,,false,v,tier1_dolch+dolch_grade1+fry_overlap+grade1_week20_item3,beginner,beginner,29.8,7.5,2.0,beginner_seed,beginner_k_to_5.csv
their,1,k-5th grade,beginner_k_to_5,17,,false,det,tier1_dolch+dolch_grade2+fry_overlap+grade1_week13_item1,beginner,beginner,29.8,7.5,2.0,beginner_seed,beginner_k_to_5.csv
today,3,k-5th grade,beginner_k_to_5,17,,false,adv,tier1_dolch+dolch_grade3+fry_overlap+grade4_week4_item4,beginner,beginner,29.8,7.5,2.0,beginner_seed,beginner_k_to_5.csv
carry,3,k-5th grade,beginner_k_to_5,18,,false,v,tier1_dolch+dolch_grade3+fry_overlap+grade3_week14_item2,beginner,beginner,29.8,7.5,2.0,beginner_seed,beginner_k_to_5.csv
pretty,K,k-5th grade,beginner_k_to_5,18,,false,adj,tier1_dolch+dolch_primer+fry_overlap,beginner,beginner,29.8,7.5,2.0,beginner_seed,beginner_k_to_5.csv
myself,3,k-5th grade,beginner_k_to_5,19,,false,pron,tier1_dolch+dolch_grade3,beginner,beginner,29.8,7.5,2.0,beginner_seed,beginner_k_to_5.csv
again,1,k-5th grade,beginner_k_to_5,20,,false,adv,tier1_dolch+dolch_grade1+fry_overlap+grade2_week16_item5,beginner,beginner,29.8,7.5,2.0,beginner_seed,beginner_k_to_5.csv
small,2,k-5th grade,beginner_k_to_5,20,,false,adj,tier1_dolch+dolch_grade3+fry_overlap+grade2_week10_item5,beginner,beginner,29.8,7.5,2.0,beginner_seed,beginner_k_to_5.csv
sleep,2,k-5th grade,beginner_k_to_5,21,,false,v,tier1_dolch+dolch_grade2+fry_overlap+grade3_week14_item1,beginner,beginner,29.8,7.5,2.0,beginner_seed,beginner_k_to_5.csv
there,K,k-5th grade,beginner_k_to_5,21,,false,adv,tier1_dolch+dolch_primer+fry_overlap+grade1_week11_item1,beginner,beginner,29.8,7.5,2.0,beginner_seed,beginner_k_to_5.csv
years,2,k-5th grade,beginner_k_to_5,21,,false,n,elementary_fill+grade2+grade2_week2_item5,beginner,beginner,29.8,7.5,2.0,beginner_seed,beginner_k_to_5.csv
chant,2,k-5th grade,beginner_k_to_5,26,,false,adj,elementary_fill+grade2+grade2_week2_item10,beginner,beginner,29.8,7.5,2.0,beginner_seed,beginner_k_to_5.csv
thump,3,k-5th grade,beginner_k_to_5,26,,false,n,elementary_fill+grade3+grade3_week2_item10,beginner,beginner,29.8,7.5,2.0,beginner_seed,beginner_k_to_5.csv
which,1,k-5th grade,beginner_k_to_5,26,,false,det,tier1_dolch+dolch_grade2+fry_overlap+grade1_week12_item1,beginner,beginner,29.8,7.5,2.0,beginner_seed,beginner_k_to_5.csv
brown,K,k-5th grade,beginner_k_to_5,28,,false,adj,tier1_dolch+dolch_primer+fry_overlap+grade1_week34_item3,beginner,beginner,29.8,7.5,2.0,beginner_seed,beginner_k_to_5.csv
round,1,k-5th grade,beginner_k_to_5,28,,false,adj,tier1_dolch+dolch_grade1+fry_overlap+grade2_week7_item7,beginner,beginner,29.8,7.5,2.0,beginner_seed,beginner_k_to_5.csv
yellow,K,k-5th grade,beginner_k_to_5,28,,false,adj,tier1_dolch+dolch_preprimer+fry_overlap+grade2_week4_item12,beginner,beginner,29.8,7.5,2.0,beginner_seed,beginner_k_to_5.csv
before,2,k-5th grade,beginner_k_to_5,29,,false,prep,tier1_dolch+dolch_grade2+fry_overlap+grade2_week7_item2,beginner,beginner,29.8,7.5,2.0,beginner_seed,beginner_k_to_5.csv
bring,2,k-5th grade,beginner_k_to_5,31,,false,v,tier1_dolch+dolch_grade3+fry_overlap+grade2_week22_item4,beginner,beginner,29.8,7.5,2.0,beginner_seed,beginner_k_to_5.csv
colon,4,k-5th grade,beginner_k_to_5,31,,false,n,elementary_fill+grade4+grade4_week2_item11,beginner,beginner,29.8,7.5,2.0,beginner_seed,beginner_k_to_5.csv
little,K,k-5th grade,beginner_k_to_5,31,,false,adj,tier1_dolch+dolch_preprimer+fry_overlap+grade2_week2_item1,beginner,beginner,29.8,7.5,2.0,beginner_seed,beginner_k_to_5.csv
plunge,5,k-5th grade,beginner_k_to_5,31,,false,n,elementary_fill+grade5+grade5_week2_item11,beginner,beginner,29.8,7.5,2.0,beginner_seed,beginner_k_to_5.csv
width,3,k-5th grade,beginner_k_to_5,31,,false,n,elementary_fill+grade3+grade3_week2_item15,beginner,beginner,29.8,7.5,2.0,beginner_seed,beginner_k_to_5.csv
absent,5,k-5th grade,beginner_k_to_5,32,,false,adj,elementary_fill+grade5+grade5_week2_item12,beginner,beginner,29.8,7.5,2.0,beginner_seed,beginner_k_to_5.csv
clean,2,k-5th grade,beginner_k_to_5,32,,false,adj,tier1_dolch+dolch_grade3+fry_overlap+grade2_week10_item7,beginner,beginner,29.8,7.5,2.0,beginner_seed,beginner_k_to_5.csv
found,2,k-5th grade,beginner_k_to_5,32,,false,v,tier1_dolch+dolch_grade2+fry_overlap+grade2_week7_item8,beginner,beginner,29.8,7.5,2.0,beginner_seed,beginner_k_to_5.csv
snack,1,k-5th grade,beginner_k_to_5,32,,false,n,elementary_fill+grade1+grade1_week4_item8,beginner,beginner,29.8,7.5,2.0,beginner_seed,beginner_k_to_5.csv
drink,2,k-5th grade,beginner_k_to_5,33,,false,v,tier1_dolch+dolch_grade3+grade2_week26_item1,beginner,beginner,29.8,7.5,2.0,beginner_seed,beginner_k_to_5.csv
heaven,4,k-5th grade,beginner_k_to_5,33,,false,n,elementary_fill+grade4+grade4_week2_item13,beginner,beginner,29.8,7.5,2.0,beginner_seed,beginner_k_to_5.csv
satin,4,k-5th grade,beginner_k_to_5,34,,false,n,elementary_fill+grade4+grade4_week2_item14,beginner,beginner,29.8,7.5,2.0,beginner_seed,beginner_k_to_5.csv
better,3,k-5th grade,beginner_k_to_5,37,,false,adj,tier1_dolch+dolch_grade3+fry_overlap+grade3_week23_item4,beginner,beginner,29.8,7.5,2.0,beginner_seed,beginner_k_to_5.csv
black,K,k-5th grade,beginner_k_to_5,38,,false,adj,tier1_dolch+dolch_primer+fry_overlap+grade1_week4_item7,beginner,beginner,29.8,7.5,2.0,beginner_seed,beginner_k_to_5.csv
three,K,k-5th grade,beginner_k_to_5,38,,false,det,tier1_dolch+dolch_preprimer+fry_overlap+grade2_week10_item4,beginner,beginner,29.8,7.5,2.0,beginner_seed,beginner_k_to_5.csv
funny,K,k-5th grade,beginner_k_to_5,40,,false,adj,tier1_dolch+dolch_preprimer+grade3_week22_item3,beginner,beginner,29.8,7.5,2.0,beginner_seed,beginner_k_to_5.csv
laugh,2,k-5th grade,beginner_k_to_5,40,,false,v,tier1_dolch+dolch_grade3+grade2_week23_item2,beginner,beginner,29.8,7.5,2.0,beginner_seed,beginner_k_to_5.csv
thank,1,k-5th grade,beginner_k_to_5,40,,false,n,tier1_dolch+dolch_grade1+grade2_week26_item6,beginner,beginner,29.8,7.5,2.0,beginner_seed,beginner_k_to_5.csv
these,1,k-5th grade,beginner_k_to_5,40,,false,det,tier1_dolch+dolch_grade2+fry_overlap+grade1_week15_item3,beginner,beginner,29.8,7.5,2.0,beginner_seed,beginner_k_to_5.csv
white,K,k-5th grade,beginner_k_to_5,40,,false,adj,tier1_dolch+dolch_primer+fry_overlap+grade2_week29_item9,beginner,beginner,29.8,7.5,2.0,beginner_seed,beginner_k_to_5.csv
first,1,k-5th grade,beginner_k_to_5,41,,false,det,tier1_dolch+dolch_grade2+fry_overlap+grade1_week21_item3,beginner,beginner,29.8,7.5,2.0,beginner_seed,beginner_k_to_5.csv
straw,2,k-5th grade,beginner_k_to_5,42,,false,n,elementary_fill+grade2+grade2_week3_item10,beginner,beginner,29.8,7.5,2.0,beginner_seed,beginner_k_to_5.csv
title,2,k-5th grade,beginner_k_to_5,46,,false,n,elementary_fill+grade2+grade2_week3_item14,beginner,beginner,29.8,7.5,2.0,beginner_seed,beginner_k_to_5.csv
tumble,5,k-5th grade,beginner_k_to_5,48,,false,n,elementary_fill+grade5+grade5_week3_item8,beginner,beginner,29.8,7.5,2.0,beginner_seed,beginner_k_to_5.csv
carton,4,k-5th grade,beginner_k_to_5,49,,false,n,elementary_fill+grade4+grade4_week3_item9,beginner,beginner,29.8,7.5,2.0,beginner_seed,beginner_k_to_5.csv
under,K,k-5th grade,beginner_k_to_5,50,,false,prep,tier1_dolch+dolch_primer+fry_overlap+grade3_week35_item1,beginner,beginner,29.8,7.5,2.0,beginner_seed,beginner_k_to_5.csv
muffin,4,k-5th grade,beginner_k_to_5,51,,false,n,elementary_fill+grade4+grade4_week3_item11,beginner,beginner,29.8,7.5,2.0,beginner_seed,beginner_k_to_5.csv
things,2,k-5th grade,beginner_k_to_5,51,,false,n,elementary_fill+grade2+grade2_week4_item3,beginner,beginner,29.8,7.5,2.0,beginner_seed,beginner_k_to_5.csv
please,K,k-5th grade,beginner_k_to_5,52,,false,adv,tier1_dolch+dolch_primer+fry_overlap+grade3_week28_item4,beginner,beginner,29.8,7.5,2.0,beginner_seed,beginner_k_to_5.csv
other,1,k-5th grade,beginner_k_to_5,53,,false,n,tier2_fry_filtered+fry_rank_53+grade1_week14_item1,beginner,beginner,29.8,7.5,2.0,beginner_seed,beginner_k_to_5.csv
cannon,4,k-5th grade,beginner_k_to_5,54,,false,n,elementary_fill+grade4+grade4_week3_item14,beginner,beginner,29.8,7.5,2.0,beginner_seed,beginner_k_to_5.csv
poison,4,k-5th grade,beginner_k_to_5,55,,false,n,elementary_fill+grade4+grade4_week3_item15,beginner,beginner,29.8,7.5,2.0,beginner_seed,beginner_k_to_5.csv
broke,3,k-5th grade,beginner_k_to_5,56,,false,n,elementary_fill+grade3+grade3_week4_item8,beginner,beginner,29.8,7.5,2.0,beginner_seed,beginner_k_to_5.csv
shirt,2,k-5th grade,beginner_k_to_5,56,,false,n,elementary_fill+grade2+grade2_week4_item8,beginner,beginner,29.8,7.5,2.0,beginner_seed,beginner_k_to_5.csv
elbow,4,k-5th grade,beginner_k_to_5,58,,false,n,elementary_fill+grade4+grade4_week3_item18,beginner,beginner,29.8,7.5,2.0,beginner_seed,beginner_k_to_5.csv
thirst,2,k-5th grade,beginner_k_to_5,58,,false,n,elementary_fill+grade2+grade2_week4_item10,beginner,beginner,29.8,7.5,2.0,beginner_seed,beginner_k_to_5.csv
birth,2,k-5th grade,beginner_k_to_5,59,,false,n,elementary_fill+grade2+grade2_week4_item11,beginner,beginner,29.8,7.5,2.0,beginner_seed,beginner_k_to_5.csv
perch,4,k-5th grade,beginner_k_to_5,59,,false,n,elementary_fill+grade4+grade4_week3_item19,beginner,beginner,29.8,7.5,2.0,beginner_seed,beginner_k_to_5.csv
tenth,5,k-5th grade,beginner_k_to_5,59,,false,n,elementary_fill+grade5+grade5_week3_item19,beginner,beginner,29.8,7.5,2.0,beginner_seed,beginner_k_to_5.csv
twelve,4,k-5th grade,beginner_k_to_5,61,,false,n,elementary_fill+grade4+grade4_week4_item1,beginner,beginner,29.8,7.5,2.0,beginner_seed,beginner_k_to_5.csv
brick,1,k-5th grade,beginner_k_to_5,63,,false,n,elementary_fill+grade1+grade1_week8_item7,beginner,beginner,29.8,7.5,2.0,beginner_seed,beginner_k_to_5.csv
tenant,5,k-5th grade,beginner_k_to_5,64,,false,adj,elementary_fill+grade5+grade5_week4_item4,beginner,beginner,29.8,7.5,2.0,beginner_seed,beginner_k_to_5.csv
beige,5,k-5th grade,beginner_k_to_5,67,,false,n,elementary_fill+grade5+grade5_week4_item7,beginner,beginner,29.8,7.5,2.0,beginner_seed,beginner_k_to_5.csv
bridal,4,k-5th grade,beginner_k_to_5,71,,false,adj,elementary_fill+grade4+grade4_week4_item11,beginner,beginner,29.8,7.5,2.0,beginner_seed,beginner_k_to_5.csv
dental,4,k-5th grade,beginner_k_to_5,72,,false,adj,elementary_fill+grade4+grade4_week4_item12,beginner,beginner,29.8,7.5,2.0,beginner_seed,beginner_k_to_5.csv
gerbil,4,k-5th grade,beginner_k_to_5,73,,false,n,elementary_fill+grade4+grade4_week4_item13,beginner,beginner,29.8,7.5,2.0,beginner_seed,beginner_k_to_5.csv
tight,2,k-5th grade,beginner_k_to_5,73,,false,n,elementary_fill+grade2+grade2_week5_item9,beginner,beginner,29.8,7.5,2.0,beginner_seed,beginner_k_to_5.csv
flight,2,k-5th grade,beginner_k_to_5,74,,false,n,elementary_fill+grade2+grade2_week5_item10,beginner,beginner,29.8,7.5,2.0,beginner_seed,beginner_k_to_5.csv
nasal,4,k-5th grade,beginner_k_to_5,74,,false,adj,elementary_fill+grade4+grade4_week4_item14,beginner,beginner,29.8,7.5,2.0,beginner_seed,beginner_k_to_5.csv
postal,4,k-5th grade,beginner_k_to_5,75,,false,adj,elementary_fill+grade4+grade4_week4_item15,beginner,beginner,29.8,7.5,2.0,beginner_seed,beginner_k_to_5.csv
number,1,k-5th grade,beginner_k_to_5,76,,false,n,tier2_fry_filtered+fry_rank_76+grade1_week19_item4,beginner,beginner,29.8,7.5,2.0,beginner_seed,beginner_k_to_5.csv
cliff,5,k-5th grade,beginner_k_to_5,80,,false,n,elementary_fill+grade5+grade5_week4_item20,beginner,beginner,29.8,7.5,2.0,beginner_seed,beginner_k_to_5.csv
people,1,k-5th grade,beginner_k_to_5,80,,false,n,tier2_fry_filtered+fry_rank_80+grade1_week20_item4,beginner,beginner,29.8,7.5,2.0,beginner_seed,beginner_k_to_5.csv
beetle,5,k-5th grade,beginner_k_to_5,81,,false,n,elementary_fill+grade5+grade5_week5_item1,beginner,beginner,29.8,7.5,2.0,beginner_seed,beginner_k_to_5.csv
dried,3,k-5th grade,beginner_k_to_5,82,,false,v,elementary_fill+grade3+grade3_week6_item2,beginner,beginner,29.8,7.5,2.0,beginner_seed,beginner_k_to_5.csv
twenty,4,k-5th grade,beginner_k_to_5,82,,false,n,elementary_fill+grade4+grade4_week5_item2,beginner,beginner,29.8,7.5,2.0,beginner_seed,beginner_k_to_5.csv
avenue,5,k-5th grade,beginner_k_to_5,83,,false,n,elementary_fill+grade5+grade5_week5_item3,beginner,beginner,29.8,7.5,2.0,beginner_seed,beginner_k_to_5.csv
water,1,k-5th grade,beginner_k_to_5,84,,false,n,tier2_fry_filtered+fry_rank_84+grade1_week21_item4,beginner,beginner,29.8,7.5,2.0,beginner_seed,beginner_k_to_5.csv
whine,4,k-5th grade,beginner_k_to_5,85,,false,n,elementary_fill+grade4+grade4_week5_item5,beginner,beginner,29.8,7.5,2.0,beginner_seed,beginner_k_to_5.csv
mortal,4,k-5th grade,beginner_k_to_5,90,,false,adj,elementary_fill+grade4+grade4_week5_item10,beginner,beginner,29.8,7.5,2.0,beginner_seed,beginner_k_to_5.csv
sprint,5,k-5th grade,beginner_k_to_5,91,,false,n,elementary_fill+grade5+grade5_week5_item11,beginner,beginner,29.8,7.5,2.0,beginner_seed,beginner_k_to_5.csv
wrist,3,k-5th grade,beginner_k_to_5,93,,false,n,elementary_fill+grade3+grade3_week6_item13,beginner,beginner,29.8,8.0,3.4,beginner_seed,beginner_k_to_5.csv
aloud,3,k-5th grade,beginner_k_to_5,95,,false,adv,elementary_fill+grade3+grade3_week6_item15,beginner,beginner,29.8,7.5,2.0,beginner_seed,beginner_k_to_5.csv
parent,2,k-5th grade,beginner_k_to_5,95,,false,adj,elementary_fill+grade2+grade2_week6_item15,beginner,beginner,29.8,7.5,2.0,beginner_seed,beginner_k_to_5.csv
clock,1,k-5th grade,beginner_k_to_5,96,,false,n,elementary_fill+grade1+grade1_week12_item8,beginner,beginner,29.8,7.5,2.0,beginner_seed,beginner_k_to_5.csv
stages,2,k-5th grade,beginner_k_to_5,96,,false,n,elementary_fill+grade2+grade2_week6_item16,beginner,beginner,29.8,7.5,2.0,beginner_seed,beginner_k_to_5.csv
corona,4,k-5th grade,beginner_k_to_5,98,,false,n,elementary_fill+grade4+grade4_week5_item18,beginner,beginner,29.8,7.5,2.0,beginner_seed,beginner_k_to_5.csv
thirty,4,k-5th grade,beginner_k_to_5,101,,false,n,elementary_fill+grade4+grade4_week6_item1,beginner,beginner,29.8,7.5,2.0,beginner_seed,beginner_k_to_5.csv
sound,2,k-5th grade,beginner_k_to_5,102,,false,n,tier2_fry_filtered+fry_rank_102+grade2_week28_item16,beginner,beginner,29.8,7.5,2.0,beginner_seed,beginner_k_to_5.csv
bruise,5,k-5th grade,beginner_k_to_5,104,,false,n,elementary_fill+grade5+grade5_week6_item4,beginner,beginner,29.8,7.5,2.0,beginner_seed,beginner_k_to_5.csv
shout,2,k-5th grade,beginner_k_to_5,105,,false,n,elementary_fill+grade2+grade2_week7_item9,beginner,beginner,29.8,7.5,2.0,beginner_seed,beginner_k_to_5.csv
anyone,4,k-5th grade,beginner_k_to_5,106,,false,pron,elementary_fill+grade4+grade4_week6_item6,beginner,beginner,29.8,7.5,2.0,beginner_seed,beginner_k_to_5.csv
picnic,5,k-5th grade,beginner_k_to_5,106,,false,adj,elementary_fill+grade5+grade5_week6_item6,beginner,beginner,29.8,7.5,2.0,beginner_seed,beginner_k_to_5.csv
place,2,k-5th grade,beginner_k_to_5,108,,false,n,tier2_fry_filtered+fry_rank_108+grade2_week2_item4,beginner,beginner,29.8,7.5,2.0,beginner_seed,beginner_k_to_5.csv
triple,5,k-5th grade,beginner_k_to_5,108,,false,n,elementary_fill+grade5+grade5_week6_item8,beginner,beginner,29.8,7.5,2.0,beginner_seed,beginner_k_to_5.csv
means,2,k-5th grade,beginner_k_to_5,113,,false,n,elementary_fill+grade2+grade2_week8_item1,beginner,beginner,29.8,7.5,2.0,beginner_seed,beginner_k_to_5.csv
duplex,5,k-5th grade,beginner_k_to_5,114,,false,n,elementary_fill+grade5+grade5_week6_item14,beginner,beginner,29.8,7.5,2.0,beginner_seed,beginner_k_to_5.csv
tonsil,4,k-5th grade,beginner_k_to_5,114,,false,n,elementary_fill+grade4+grade4_week6_item14,beginner,beginner,29.8,7.5,2.0,beginner_seed,beginner_k_to_5.csv
thing,2,k-5th grade,beginner_k_to_5,117,,false,v,tier2_fry_filtered+fry_rank_117+grade2_week22_item1,beginner,beginner,29.8,7.5,2.0,beginner_seed,beginner_k_to_5.csv
octave,5,k-5th grade,beginner_k_to_5,118,,false,n,elementary_fill+grade5+grade5_week6_item18,beginner,beginner,29.8,7.5,2.0,beginner_seed,beginner_k_to_5.csv
batch,3,k-5th grade,beginner_k_to_5,121,,false,n,elementary_fill+grade3+grade3_week8_item9,beginner,beginner,29.8,7.5,2.0,beginner_seed,beginner_k_to_5.csv
argue,2,k-5th grade,beginner_k_to_5,123,,false,n,elementary_fill+grade2+grade2_week8_item11,beginner,beginner,29.8,7.5,2.0,beginner_seed,beginner_k_to_5.csv
canter,5,k-5th grade,beginner_k_to_5,125,,false,n,elementary_fill+grade5+grade5_week7_item5,beginner,beginner,29.8,7.5,2.0,beginner_seed,beginner_k_to_5.csv
ditch,3,k-5th grade,beginner_k_to_5,126,,false,n,elementary_fill+grade3+grade3_week8_item14,beginner,beginner,29.8,7.5,2.0,beginner_seed,beginner_k_to_5.csv
great,2,k-5th grade,beginner_k_to_5,126,,false,n,tier2_fry_filtered+fry_rank_126+grade2_week6_item2,beginner,beginner,29.8,7.5,2.0,beginner_seed,beginner_k_to_5.csv
portal,4,k-5th grade,beginner_k_to_5,126,,false,adj,elementary_fill+grade4+grade4_week7_item6,beginner,beginner,29.8,7.5,2.0,beginner_seed,beginner_k_to_5.csv
tunnel,4,k-5th grade,beginner_k_to_5,127,,false,n,elementary_fill+grade4+grade4_week7_item7,beginner,beginner,29.8,7.5,2.0,beginner_seed,beginner_k_to_5.csv
stuck,1,k-5th grade,beginner_k_to_5,128,,false,n,elementary_fill+grade1+grade1_week16_item8,beginner,beginner,29.8,7.5,2.0,beginner_seed,beginner_k_to_5.csv
fatal,4,k-5th grade,beginner_k_to_5,131,,false,adj,elementary_fill+grade4+grade4_week7_item11,beginner,beginner,29.8,7.5,2.0,beginner_seed,beginner_k_to_5.csv
towel,4,k-5th grade,beginner_k_to_5,133,,false,n,elementary_fill+grade4+grade4_week7_item13,beginner,beginner,29.8,7.5,2.0,beginner_seed,beginner_k_to_5.csv
chapel,4,k-5th grade,beginner_k_to_5,134,,false,n,elementary_fill+grade4+grade4_week7_item14,beginner,beginner,29.8,7.5,2.0,beginner_seed,beginner_k_to_5.csv
nurse,2,k-5th grade,beginner_k_to_5,134,,false,n,elementary_fill+grade2+grade2_week9_item6,beginner,beginner,29.8,7.5,2.0,beginner_seed,beginner_k_to_5.csv
curve,2,k-5th grade,beginner_k_to_5,135,,false,n,elementary_fill+grade2+grade2_week9_item7,beginner,beginner,29.8,7.5,2.0,beginner_seed,beginner_k_to_5.csv
tinsel,4,k-5th grade,beginner_k_to_5,135,,false,n,elementary_fill+grade4+grade4_week7_item15,beginner,beginner,29.8,7.5,2.0,beginner_seed,beginner_k_to_5.csv
showed,3,k-5th grade,beginner_k_to_5,138,,false,v,elementary_fill+grade3+grade3_week9_item10,beginner,beginner,29.8,7.5,2.0,beginner_seed,beginner_k_to_5.csv
purse,2,k-5th grade,beginner_k_to_5,139,,false,n,elementary_fill+grade2+grade2_week9_item11,beginner,beginner,29.8,7.5,2.0,beginner_seed,beginner_k_to_5.csv
growth,2,k-5th grade,beginner_k_to_5,140,,false,n,elementary_fill+grade2+grade2_week9_item12,beginner,beginner,29.8,7.5,2.0,beginner_seed,beginner_k_to_5.csv
affect,2,k-5th grade,beginner_k_to_5,141,,false,n,elementary_fill+grade2+grade2_week9_item13,beginner,beginner,29.8,7.5,2.0,beginner_seed,beginner_k_to_5.csv
coward,5,k-5th grade,beginner_k_to_5,142,,false,n,elementary_fill+grade5+grade5_week8_item2,beginner,beginner,29.8,7.5,2.0,beginner_seed,beginner_k_to_5.csv
squash,4,k-5th grade,beginner_k_to_5,144,,false,n,elementary_fill+grade4+grade4_week8_item4,beginner,beginner,29.8,7.5,2.0,beginner_seed,beginner_k_to_5.csv
carrot,4,k-5th grade,beginner_k_to_5,145,,false,n,elementary_fill+grade4+grade4_week8_item5,beginner,beginner,29.8,7.5,2.0,beginner_seed,beginner_k_to_5.csv
onion,4,k-5th grade,beginner_k_to_5,146,,false,n,elementary_fill+grade4+grade4_week8_item6,beginner,beginner,29.8,7.5,2.0,beginner_seed,beginner_k_to_5.csv
vanish,5,k-5th grade,beginner_k_to_5,146,,false,adj,elementary_fill+grade5+grade5_week8_item6,beginner,beginner,29.8,7.5,2.0,beginner_seed,beginner_k_to_5.csv
jungle,4,k-5th grade,beginner_k_to_5,147,,false,n,elementary_fill+grade4+grade4_week8_item7,beginner,beginner,29.8,7.5,2.0,beginner_seed,beginner_k_to_5.csv
saucer,5,k-5th grade,beginner_k_to_5,147,,false,n,elementary_fill+grade5+grade5_week8_item7,beginner,beginner,29.8,7.5,2.0,beginner_seed,beginner_k_to_5.csv
ankle,4,k-5th grade,beginner_k_to_5,151,,false,n,elementary_fill+grade4+grade4_week8_item11,beginner,beginner,29.8,7.5,2.0,beginner_seed,beginner_k_to_5.csv
price,3,k-5th grade,beginner_k_to_5,152,,false,n,elementary_fill+grade3+grade3_week10_item8,beginner,beginner,29.8,7.5,2.0,beginner_seed,beginner_k_to_5.csv
dream,2,k-5th grade,beginner_k_to_5,153,,false,n,elementary_fill+grade2+grade2_week10_item9,beginner,beginner,29.8,7.5,2.0,beginner_seed,beginner_k_to_5.csv
beach,2,k-5th grade,beginner_k_to_5,154,,false,n,elementary_fill+grade2+grade2_week10_item10,beginner,beginner,29.8,7.5,2.0,beginner_seed,beginner_k_to_5.csv
dimple,4,k-5th grade,beginner_k_to_5,155,,false,n,elementary_fill+grade4+grade4_week8_item15,beginner,beginner,29.8,7.5,2.0,beginner_seed,beginner_k_to_5.csv
pencil,3,k-5th grade,beginner_k_to_5,155,,false,n,elementary_fill+grade3+grade3_week10_item11,beginner,beginner,29.8,7.5,2.0,beginner_seed,beginner_k_to_5.csv
large,2,k-5th grade,beginner_k_to_5,156,,false,adj,tier2_fry_filtered+fry_rank_156+grade2_week12_item2,beginner,beginner,29.8,7.5,2.0,beginner_seed,beginner_k_to_5.csv
loyal,5,k-5th grade,beginner_k_to_5,157,,false,adj,elementary_fill+grade5+grade5_week8_item17,beginner,beginner,29.8,7.5,2.0,beginner_seed,beginner_k_to_5.csv
tribal,3,k-5th grade,beginner_k_to_5,157,,false,adj,elementary_fill+grade3+grade3_week10_item13,beginner,beginner,29.8,7.5,2.0,beginner_seed,beginner_k_to_5.csv
eagle,5,k-5th grade,beginner_k_to_5,166,,false,n,elementary_fill+grade5+grade5_week9_item6,beginner,beginner,29.8,7.5,2.0,beginner_seed,beginner_k_to_5.csv
bread,2,k-5th grade,beginner_k_to_5,167,,false,n,elementary_fill+grade2+grade2_week11_item7,beginner,beginner,29.8,7.5,2.0,beginner_seed,beginner_k_to_5.csv
sweat,2,k-5th grade,beginner_k_to_5,169,,false,n,elementary_fill+grade2+grade2_week11_item9,beginner,beginner,29.8,7.5,2.0,beginner_seed,beginner_k_to_5.csv
walrus,5,k-5th grade,beginner_k_to_5,169,,false,n,elementary_fill+grade5+grade5_week9_item9,beginner,beginner,29.8,7.5,2.0,beginner_seed,beginner_k_to_5.csv
badge,3,k-5th grade,beginner_k_to_5,170,,false,n,elementary_fill+grade3+grade3_week11_item10,beginner,beginner,29.8,7.5,2.0,beginner_seed,beginner_k_to_5.csv
called,1,k-5th grade,beginner_k_to_5,170,,false,v,elementary_fill+grade1+grade1_week22_item2,beginner,beginner,29.8,7.5,2.0,beginner_seed,beginner_k_to_5.csv
ginger,3,k-5th grade,beginner_k_to_5,171,,false,n,elementary_fill+grade3+grade3_week11_item11,beginner,beginner,29.8,7.5,2.0,beginner_seed,beginner_k_to_5.csv
arctic,3,k-5th grade,beginner_k_to_5,172,,false,adj,elementary_fill+grade3+grade3_week11_item12,beginner,beginner,29.8,7.5,2.0,beginner_seed,beginner_k_to_5.csv
tundra,3,k-5th grade,beginner_k_to_5,174,,false,n,elementary_fill+grade3+grade3_week11_item14,beginner,beginner,29.8,7.5,2.0,beginner_seed,beginner_k_to_5.csv
voyage,5,k-5th grade,beginner_k_to_5,176,,false,n,elementary_fill+grade5+grade5_week9_item16,beginner,beginner,29.8,7.5,2.0,beginner_seed,beginner_k_to_5.csv
change,2,k-5th grade,beginner_k_to_5,180,,false,v,tier2_fry_filtered+fry_rank_180+grade2_week3_item16,beginner,beginner,29.8,7.5,2.0,beginner_seed,beginner_k_to_5.csv
choice,3,k-5th grade,beginner_k_to_5,182,,false,n,elementary_fill+grade3+grade3_week12_item6,beginner,beginner,29.8,7.5,2.0,beginner_seed,beginner_k_to_5.csv
gopher,5,k-5th grade,beginner_k_to_5,182,,false,n,elementary_fill+grade5+grade5_week10_item2,beginner,beginner,29.8,7.5,2.0,beginner_seed,beginner_k_to_5.csv
spell,2,k-5th grade,beginner_k_to_5,183,,false,v,tier2_fry_filtered+fry_rank_183+grade2_week17_item4,beginner,beginner,29.8,7.5,2.0,beginner_seed,beginner_k_to_5.csv
bureau,4,k-5th grade,beginner_k_to_5,184,,false,n,elementary_fill+grade4+grade4_week10_item4,beginner,beginner,29.8,7.5,2.0,beginner_seed,beginner_k_to_5.csv
annoy,3,k-5th grade,beginner_k_to_5,185,,false,n,elementary_fill+grade3+grade3_week12_item9,beginner,beginner,29.8,7.5,2.0,beginner_seed,beginner_k_to_5.csv
animal,1,k-5th grade,beginner_k_to_5,186,,false,adj,tier2_fry_filtered+fry_rank_186+grade1_week26_item8,beginner,beginner,29.8,7.5,2.0,beginner_seed,beginner_k_to_5.csv
comet,5,k-5th grade,beginner_k_to_5,186,,false,n,elementary_fill+grade5+grade5_week10_item6,beginner,beginner,29.8,7.5,2.0,beginner_seed,beginner_k_to_5.csv
house,2,k-5th grade,beginner_k_to_5,187,,false,n,tier2_fry_filtered+fry_rank_187+grade2_week18_item3,beginner,beginner,29.8,7.5,2.0,beginner_seed,beginner_k_to_5.csv
tomato,3,k-5th grade,beginner_k_to_5,187,,false,n,elementary_fill+grade3+grade3_week12_item11,beginner,beginner,29.8,7.5,2.0,beginner_seed,beginner_k_to_5.csv
point,2,k-5th grade,beginner_k_to_5,188,,false,n,tier2_fry_filtered+fry_rank_188+grade2_week18_item4,beginner,beginner,29.8,7.5,2.0,beginner_seed,beginner_k_to_5.csv
citrus,3,k-5th grade,beginner_k_to_5,189,,false,n,elementary_fill+grade3+grade3_week12_item13,beginner,beginner,29.8,7.5,2.0,beginner_seed,beginner_k_to_5.csv
galaxy,5,k-5th grade,beginner_k_to_5,189,,false,n,elementary_fill+grade5+grade5_week10_item9,beginner,beginner,29.8,7.5,2.0,beginner_seed,beginner_k_to_5.csv
letter,2,k-5th grade,beginner_k_to_5,190,,false,n,tier2_fry_filtered+fry_rank_190+grade2_week19_item1,beginner,beginner,29.8,7.5,2.0,beginner_seed,beginner_k_to_5.csv
violet,2,k-5th grade,beginner_k_to_5,190,,false,n,elementary_fill+grade2+grade2_week12_item14,beginner,beginner,29.8,7.5,2.0,beginner_seed,beginner_k_to_5.csv
mother,2,k-5th grade,beginner_k_to_5,191,,false,n,tier2_fry_filtered+fry_rank_191+grade2_week19_item2,beginner,beginner,29.8,7.5,2.0,beginner_seed,beginner_k_to_5.csv
answer,2,k-5th grade,beginner_k_to_5,192,,false,n,tier2_fry_filtered+fry_rank_192+grade2_week6_item13,beginner,beginner,29.8,7.5,2.0,beginner_seed,beginner_k_to_5.csv
richer,4,k-5th grade,beginner_k_to_5,192,,false,n,elementary_fill+grade4+grade4_week10_item12,beginner,beginner,29.8,7.5,2.0,beginner_seed,beginner_k_to_5.csv
study,2,k-5th grade,beginner_k_to_5,194,,false,v,tier2_fry_filtered+fry_rank_194+grade2_week19_item5,beginner,beginner,29.8,7.5,2.0,beginner_seed,beginner_k_to_5.csv
still,2,k-5th grade,beginner_k_to_5,195,,false,adv,tier2_fry_filtered+fry_rank_195+grade2_week20_item1,beginner,beginner,29.8,7.5,2.0,beginner_seed,beginner_k_to_5.csv
learn,2,k-5th grade,beginner_k_to_5,196,,false,v,tier2_fry_filtered+fry_rank_196+grade2_week20_item2,beginner,beginner,29.8,7.5,2.0,beginner_seed,beginner_k_to_5.csv
should,2,k-5th grade,beginner_k_to_5,197,,false,v,tier2_fry_filtered+fry_rank_197+grade2_week20_item3,beginner,beginner,29.8,7.5,2.0,beginner_seed,beginner_k_to_5.csv
crown,3,k-5th grade,beginner_k_to_5,198,,false,n,elementary_fill+grade3+grade3_week13_item6,beginner,beginner,29.8,7.5,2.0,beginner_seed,beginner_k_to_5.csv
tremor,4,k-5th grade,beginner_k_to_5,198,,false,n,elementary_fill+grade4+grade4_week10_item18,beginner,beginner,29.8,7.5,2.0,beginner_seed,beginner_k_to_5.csv
world,2,k-5th grade,beginner_k_to_5,199,,false,n,tier2_fry_filtered+fry_rank_199+grade2_week20_item5,beginner,beginner,29.8,7.5,2.0,beginner_seed,beginner_k_to_5.csv
clerk,2,k-5th grade,beginner_k_to_5,200,,false,n,elementary_fill+grade2+grade2_week13_item8,beginner,beginner,29.8,7.5,2.0,beginner_seed,beginner_k_to_5.csv
crust,4,k-5th grade,beginner_k_to_5,200,,false,n,elementary_fill+grade4+grade4_week10_item20,beginner,beginner,29.8,7.5,2.0,beginner_seed,beginner_k_to_5.csv
shell,1,k-5th grade,beginner_k_to_5,200,,false,n,elementary_fill+grade1+grade1_week25_item8,beginner,beginner,29.8,7.5,2.0,beginner_seed,beginner_k_to_5.csv
forty,4,k-5th grade,beginner_k_to_5,201,,false,n,elementary_fill+grade4+grade4_week11_item1,beginner,beginner,29.8,7.5,2.0,beginner_seed,beginner_k_to_5.csv
growl,3,k-5th grade,beginner_k_to_5,201,,false,n,elementary_fill+grade3+grade3_week13_item9,beginner,beginner,29.8,7.5,2.0,beginner_seed,beginner_k_to_5.csv
noodle,5,k-5th grade,beginner_k_to_5,204,,false,n,elementary_fill+grade5+grade5_week11_item4,beginner,beginner,29.8,7.5,2.0,beginner_seed,beginner_k_to_5.csv
shake,1,k-5th grade,beginner_k_to_5,206,,false,n,elementary_fill+grade1+grade1_week26_item6,beginner,beginner,29.8,7.5,2.0,beginner_seed,beginner_k_to_5.csv
below,1,k-5th grade,beginner_k_to_5,207,,false,prep,tier2_fry_filtered+fry_rank_207+grade1_week31_item8,beginner,beginner,29.8,7.5,2.0,beginner_seed,beginner_k_to_5.csv
lizard,5,k-5th grade,beginner_k_to_5,207,,false,n,elementary_fill+grade5+grade5_week11_item7,beginner,beginner,29.8,7.5,2.0,beginner_seed,beginner_k_to_5.csv
plant,3,k-5th grade,beginner_k_to_5,209,,false,adj,tier2_fry_filtered+fry_rank_209+grade3_week2_item5,beginner,beginner,29.8,7.5,2.0,beginner_seed,beginner_k_to_5.csv
school,3,k-5th grade,beginner_k_to_5,211,,false,n,tier2_fry_filtered+fry_rank_211+grade3_week3_item2,beginner,beginner,29.8,7.5,2.0,beginner_seed,beginner_k_to_5.csv
father,3,k-5th grade,beginner_k_to_5,212,,false,n,tier2_fry_filtered+fry_rank_212+grade3_week3_item3,beginner,beginner,29.8,7.5,2.0,beginner_seed,beginner_k_to_5.csv
usher,4,k-5th grade,beginner_k_to_5,212,,false,n,elementary_fill+grade4+grade4_week11_item12,beginner,beginner,29.8,7.5,2.0,beginner_seed,beginner_k_to_5.csv
gusher,4,k-5th grade,beginner_k_to_5,213,,false,n,elementary_fill+grade4+grade4_week11_item13,beginner,beginner,29.8,7.5,2.0,beginner_seed,beginner_k_to_5.csv
crawl,3,k-5th grade,beginner_k_to_5,214,,false,n,elementary_fill+grade3+grade3_week14_item6,beginner,beginner,29.8,7.5,2.0,beginner_seed,beginner_k_to_5.csv
roots,1,k-5th grade,beginner_k_to_5,215,,false,n,elementary_fill+grade1+grade1_week27_item7,beginner,beginner,29.8,7.5,2.0,beginner_seed,beginner_k_to_5.csv
sport,2,k-5th grade,beginner_k_to_5,216,,false,n,elementary_fill+grade2+grade2_week14_item8,beginner,beginner,29.8,7.5,2.0,beginner_seed,beginner_k_to_5.csv
turtle,5,k-5th grade,beginner_k_to_5,216,,false,n,elementary_fill+grade5+grade5_week11_item16,beginner,beginner,29.8,7.5,2.0,beginner_seed,beginner_k_to_5.csv
taught,3,k-5th grade,beginner_k_to_5,217,,false,n,elementary_fill+grade3+grade3_week14_item9,beginner,beginner,29.8,7.5,2.0,beginner_seed,beginner_k_to_5.csv
brace,5,k-5th grade,beginner_k_to_5,220,,false,n,elementary_fill+grade5+grade5_week11_item20,beginner,beginner,29.8,7.5,2.0,beginner_seed,beginner_k_to_5.csv
swings,4,k-5th grade,beginner_k_to_5,222,,false,n,elementary_fill+grade4+grade4_week12_item2,beginner,beginner,29.8,7.5,2.0,beginner_seed,beginner_k_to_5.csv
willow,3,k-5th grade,beginner_k_to_5,223,,false,n,elementary_fill+grade3+grade3_week14_item15,beginner,beginner,29.8,7.5,2.0,beginner_seed,beginner_k_to_5.csv
story,3,k-5th grade,beginner_k_to_5,224,,false,adj,tier2_fry_filtered+fry_rank_224+grade3_week5_item5,beginner,beginner,29.8,7.5,2.0,beginner_seed,beginner_k_to_5.csv
blown,4,k-5th grade,beginner_k_to_5,227,,false,n,elementary_fill+grade4+grade4_week12_item7,beginner,beginner,29.8,7.5,2.0,beginner_seed,beginner_k_to_5.csv
hyena,5,k-5th grade,beginner_k_to_5,228,,false,n,elementary_fill+grade5+grade5_week12_item8,beginner,beginner,29.8,7.5,2.0,beginner_seed,beginner_k_to_5.csv
flavor,5,k-5th grade,beginner_k_to_5,229,,false,n,elementary_fill+grade5+grade5_week12_item9,beginner,beginner,29.8,7.5,2.0,beginner_seed,beginner_k_to_5.csv
while,2,k-5th grade,beginner_k_to_5,229,,false,conj,tier2_fry_filtered+fry_rank_229+grade2_week29_item10,beginner,beginner,29.8,7.5,2.0,beginner_seed,beginner_k_to_5.csv
might,2,k-5th grade,beginner_k_to_5,231,,false,v,tier2_fry_filtered+fry_rank_231+grade2_week5_item7,beginner,beginner,29.8,7.5,2.0,beginner_seed,beginner_k_to_5.csv
stump,2,k-5th grade,beginner_k_to_5,231,,false,n,elementary_fill+grade2+grade2_week15_item7,beginner,beginner,29.8,7.5,2.0,beginner_seed,beginner_k_to_5.csv
clump,2,k-5th grade,beginner_k_to_5,232,,false,n,elementary_fill+grade2+grade2_week15_item8,beginner,beginner,29.8,7.5,2.0,beginner_seed,beginner_k_to_5.csv
shook,3,k-5th grade,beginner_k_to_5,232,,false,v,elementary_fill+grade3+grade3_week15_item8,beginner,beginner,29.8,7.5,2.0,beginner_seed,beginner_k_to_5.csv
stamp,2,k-5th grade,beginner_k_to_5,233,,false,n,elementary_fill+grade2+grade2_week15_item9,beginner,beginner,29.8,7.5,2.0,beginner_seed,beginner_k_to_5.csv
clamp,2,k-5th grade,beginner_k_to_5,234,,false,n,elementary_fill+grade2+grade2_week15_item10,beginner,beginner,29.8,7.5,2.0,beginner_seed,beginner_k_to_5.csv
looked,3,k-5th grade,beginner_k_to_5,235,,false,v,elementary_fill+grade3+grade3_week15_item11,beginner,beginner,29.8,7.5,2.0,beginner_seed,beginner_k_to_5.csv
brass,4,k-5th grade,beginner_k_to_5,236,,false,n,elementary_fill+grade4+grade4_week12_item16,beginner,beginner,29.8,7.5,2.0,beginner_seed,beginner_k_to_5.csv
moose,3,k-5th grade,beginner_k_to_5,236,,false,n,elementary_fill+grade3+grade3_week15_item12,beginner,beginner,29.8,7.5,2.0,beginner_seed,beginner_k_to_5.csv
pride,2,k-5th grade,beginner_k_to_5,236,,false,n,elementary_fill+grade2+grade2_week15_item12,beginner,beginner,29.8,7.5,2.0,beginner_seed,beginner_k_to_5.csv
spoke,1,k-5th grade,beginner_k_to_5,236,,false,n,elementary_fill+grade1+grade1_week30_item4,beginner,beginner,29.8,7.5,2.0,beginner_seed,beginner_k_to_5.csv
violin,4,k-5th grade,beginner_k_to_5,237,,false,n,elementary_fill+grade4+grade4_week12_item17,beginner,beginner,29.8,7.5,2.0,beginner_seed,beginner_k_to_5.csv
event,2,k-5th grade,beginner_k_to_5,238,,false,adj,elementary_fill+grade2+grade2_week15_item14,beginner,beginner,29.8,7.5,2.0,beginner_seed,beginner_k_to_5.csv
polite,4,k-5th grade,beginner_k_to_5,242,,false,n,elementary_fill+grade4+grade4_week13_item2,beginner,beginner,29.8,7.5,2.0,beginner_seed,beginner_k_to_5.csv
peanut,4,k-5th grade,beginner_k_to_5,243,,false,n,elementary_fill+grade4+grade4_week13_item3,beginner,beginner,29.8,7.5,2.0,beginner_seed,beginner_k_to_5.csv
paper,3,k-5th grade,beginner_k_to_5,244,,false,n,tier2_fry_filtered+fry_rank_244+grade3_week9_item5,beginner,beginner,29.8,7.5,2.0,beginner_seed,beginner_k_to_5.csv
soccer,4,k-5th grade,beginner_k_to_5,244,,false,n,elementary_fill+grade4+grade4_week13_item4,beginner,beginner,29.8,7.5,2.0,beginner_seed,beginner_k_to_5.csv
skunk,5,k-5th grade,beginner_k_to_5,245,,false,n,elementary_fill+grade5+grade5_week13_item5,beginner,beginner,29.8,7.5,2.0,beginner_seed,beginner_k_to_5.csv
group,2,k-5th grade,beginner_k_to_5,247,,false,n,tier2_fry_filtered+fry_rank_247+grade2_week19_item15,beginner,beginner,29.8,7.5,2.0,beginner_seed,beginner_k_to_5.csv
blast,2,k-5th grade,beginner_k_to_5,250,,false,n,elementary_fill+grade2+grade2_week16_item10,beginner,beginner,29.8,7.5,2.0,beginner_seed,beginner_k_to_5.csv
float,1,k-5th grade,beginner_k_to_5,251,,false,n,elementary_fill+grade1+grade1_week32_item3,beginner,beginner,29.8,7.5,2.0,beginner_seed,beginner_k_to_5.csv
until,3,k-5th grade,beginner_k_to_5,251,,false,conj,tier2_fry_filtered+fry_rank_251+grade3_week25_item8,beginner,beginner,29.8,7.5,2.0,beginner_seed,beginner_k_to_5.csv
lunar,3,k-5th grade,beginner_k_to_5,252,,false,n,elementary_fill+grade3+grade3_week16_item12,beginner,beginner,29.8,7.5,2.0,beginner_seed,beginner_k_to_5.csv
lodge,4,k-5th grade,beginner_k_to_5,257,,false,n,elementary_fill+grade4+grade4_week13_item17,beginner,beginner,29.8,7.5,2.0,beginner_seed,beginner_k_to_5.csv
night,3,k-5th grade,beginner_k_to_5,257,,false,n,tier2_fry_filtered+fry_rank_257+grade3_week12_item3,beginner,beginner,29.8,7.5,2.0,beginner_seed,beginner_k_to_5.csv
igloo,4,k-5th grade,beginner_k_to_5,258,,false,n,elementary_fill+grade4+grade4_week13_item18,beginner,beginner,29.8,7.5,2.0,beginner_seed,beginner_k_to_5.csv
fairy,3,k-5th grade,beginner_k_to_5,259,,false,n,elementary_fill+grade3+grade3_week17_item3,beginner,beginner,29.8,7.5,2.0,beginner_seed,beginner_k_to_5.csv
pueblo,4,k-5th grade,beginner_k_to_5,259,,false,n,elementary_fill+grade4+grade4_week13_item19,beginner,beginner,29.8,7.5,2.0,beginner_seed,beginner_k_to_5.csv
wigwam,4,k-5th grade,beginner_k_to_5,260,,false,n,elementary_fill+grade4+grade4_week13_item20,beginner,beginner,29.8,7.5,2.0,beginner_seed,beginner_k_to_5.csv
began,3,k-5th grade,beginner_k_to_5,261,,false,v,tier2_fry_filtered+fry_rank_261+grade3_week13_item2,beginner,beginner,29.8,7.5,2.0,beginner_seed,beginner_k_to_5.csv
calico,5,k-5th grade,beginner_k_to_5,261,,false,n,elementary_fill+grade5+grade5_week14_item1,beginner,beginner,29.8,7.5,2.0,beginner_seed,beginner_k_to_5.csv
stairs,3,k-5th grade,beginner_k_to_5,262,,false,n,elementary_fill+grade3+grade3_week17_item6,beginner,beginner,29.8,7.5,2.0,beginner_seed,beginner_k_to_5.csv
glare,3,k-5th grade,beginner_k_to_5,263,,false,n,elementary_fill+grade3+grade3_week17_item7,beginner,beginner,29.8,7.5,2.0,beginner_seed,beginner_k_to_5.csv
fifty,4,k-5th grade,beginner_k_to_5,264,,false,n,elementary_fill+grade4+grade4_week14_item4,beginner,beginner,29.8,7.5,2.0,beginner_seed,beginner_k_to_5.csv
offend,2,k-5th grade,beginner_k_to_5,265,,false,n,elementary_fill+grade2+grade2_week17_item9,beginner,beginner,29.8,7.5,2.0,beginner_seed,beginner_k_to_5.csv
clown,1,k-5th grade,beginner_k_to_5,269,,false,n,elementary_fill+grade1+grade1_week34_item5,beginner,beginner,29.8,7.5,2.0,beginner_seed,beginner_k_to_5.csv
bayou,3,k-5th grade,beginner_k_to_5,270,,false,n,elementary_fill+grade3+grade3_week17_item14,beginner,beginner,29.8,7.5,2.0,beginner_seed,beginner_k_to_5.csv
tower,1,k-5th grade,beginner_k_to_5,270,,false,n,elementary_fill+grade1+grade1_week34_item6,beginner,beginner,29.8,7.5,2.0,beginner_seed,beginner_k_to_5.csv
share,2,k-5th grade,beginner_k_to_5,271,,false,n,elementary_fill+grade2+grade2_week17_item15,beginner,beginner,29.8,7.5,2.0,beginner_seed,beginner_k_to_5.csv
alumni,5,k-5th grade,beginner_k_to_5,272,,false,n,elementary_fill+grade5+grade5_week14_item12,beginner,beginner,29.8,7.5,2.0,beginner_seed,beginner_k_to_5.csv
fourth,2,k-5th grade,beginner_k_to_5,272,,false,det,elementary_fill+grade2+grade2_week17_item16,beginner,beginner,29.8,7.5,2.0,beginner_seed,beginner_k_to_5.csv
cactus,5,k-5th grade,beginner_k_to_5,273,,false,n,elementary_fill+grade5+grade5_week14_item13,beginner,beginner,29.8,7.5,2.0,beginner_seed,beginner_k_to_5.csv
second,2,k-5th grade,beginner_k_to_5,273,,false,det,tier2_fry_filtered+fry_rank_273+grade2_week24_item14,beginner,beginner,29.8,7.5,2.0,beginner_seed,beginner_k_to_5.csv
cacti,5,k-5th grade,beginner_k_to_5,274,,false,n,elementary_fill+grade5+grade5_week14_item14,beginner,beginner,29.8,7.5,2.0,beginner_seed,beginner_k_to_5.csv
spoon,1,k-5th grade,beginner_k_to_5,274,,false,n,elementary_fill+grade1+grade1_week35_item2,beginner,beginner,29.8,7.5,2.0,beginner_seed,beginner_k_to_5.csv
tooth,1,k-5th grade,beginner_k_to_5,275,,false,n,elementary_fill+grade1+grade1_week35_item3,beginner,beginner,29.8,7.5,2.0,beginner_seed,beginner_k_to_5.csv
broom,1,k-5th grade,beginner_k_to_5,276,,false,n,elementary_fill+grade1+grade1_week35_item4,beginner,beginner,29.8,7.5,2.0,beginner_seed,beginner_k_to_5.csv
debris,4,k-5th grade,beginner_k_to_5,276,,false,n,elementary_fill+grade4+grade4_week14_item16,beginner,beginner,29.8,7.5,2.0,beginner_seed,beginner_k_to_5.csv
nuclei,5,k-5th grade,beginner_k_to_5,276,,false,n,elementary_fill+grade5+grade5_week14_item16,beginner,beginner,29.8,7.5,2.0,beginner_seed,beginner_k_to_5.csv
enough,2,k-5th grade,beginner_k_to_5,277,,false,adv,tier2_fry_filtered+fry_rank_277+grade2_week23_item6,beginner,beginner,29.8,7.5,2.0,beginner_seed,beginner_k_to_5.csv
cirque,4,k-5th grade,beginner_k_to_5,278,,false,n,elementary_fill+grade4+grade4_week14_item18,beginner,beginner,29.8,7.5,2.0,beginner_seed,beginner_k_to_5.csv
watch,3,k-5th grade,beginner_k_to_5,280,,false,v,tier2_fry_filtered+fry_rank_280+grade3_week8_item8,beginner,beginner,29.8,7.5,2.0,beginner_seed,beginner_k_to_5.csv
poured,3,k-5th grade,beginner_k_to_5,283,,false,v,elementary_fill+grade3+grade3_week18_item11,beginner,beginner,29.8,7.5,2.0,beginner_seed,beginner_k_to_5.csv
almost,3,k-5th grade,beginner_k_to_5,284,,false,adv,tier2_fry_filtered+fry_rank_284+grade3_week17_item5,beginner,beginner,29.8,7.5,2.0,beginner_seed,beginner_k_to_5.csv
above,1,k-5th grade,beginner_k_to_5,286,,false,prep,tier2_fry_filtered+fry_rank_286+grade1_week31_item7,beginner,beginner,29.8,7.5,2.0,beginner_seed,beginner_k_to_5.csv
puppet,4,k-5th grade,beginner_k_to_5,290,,false,n,elementary_fill+grade4+grade4_week15_item10,beginner,beginner,29.8,7.5,2.0,beginner_seed,beginner_k_to_5.csv
young,3,k-5th grade,beginner_k_to_5,291,,false,adj,tier2_fry_filtered+fry_rank_291+grade3_week19_item2,beginner,beginner,29.8,7.5,2.0,beginner_seed,beginner_k_to_5.csv
fungi,5,k-5th grade,beginner_k_to_5,292,,false,n,elementary_fill+grade5+grade5_week15_item12,beginner,beginner,29.8,7.5,2.0,beginner_seed,beginner_k_to_5.csv
gadget,4,k-5th grade,beginner_k_to_5,293,,false,n,elementary_fill+grade4+grade4_week15_item13,beginner,beginner,29.8,7.5,2.0,beginner_seed,beginner_k_to_5.csv
musket,4,k-5th grade,beginner_k_to_5,294,,false,n,elementary_fill+grade4+grade4_week15_item14,beginner,beginner,29.8,7.5,2.0,beginner_seed,beginner_k_to_5.csv
being,3,k-5th grade,beginner_k_to_5,296,,false,v,tier2_fry_filtered+fry_rank_296+grade3_week20_item2,beginner,beginner,29.8,7.5,2.0,beginner_seed,beginner_k_to_5.csv
octopi,5,k-5th grade,beginner_k_to_5,296,,false,n,elementary_fill+grade5+grade5_week15_item16,beginner,beginner,29.8,7.5,2.0,beginner_seed,beginner_k_to_5.csv
patch,2,k-5th grade,beginner_k_to_5,296,,false,n,elementary_fill+grade2+grade2_week19_item8,beginner,beginner,29.8,7.5,2.0,beginner_seed,beginner_k_to_5.csv
search,2,k-5th grade,beginner_k_to_5,297,,false,n,elementary_fill+grade2+grade2_week19_item9,beginner,beginner,29.8,7.5,2.0,beginner_seed,beginner_k_to_5.csv
elves,5,k-5th grade,beginner_k_to_5,298,,false,n,elementary_fill+grade5+grade5_week15_item18,beginner,beginner,29.8,7.5,2.0,beginner_seed,beginner_k_to_5.csv
family,3,k-5th grade,beginner_k_to_5,298,,false,n,tier2_fry_filtered+fry_rank_298+grade3_week26_item9,beginner,beginner,29.8,7.5,2.0,beginner_seed,beginner_k_to_5.csv
starch,2,k-5th grade,beginner_k_to_5,299,,false,n,elementary_fill+grade2+grade2_week19_item11,beginner,beginner,29.8,7.5,2.0,beginner_seed,beginner_k_to_5.csv
sixty,4,k-5th grade,beginner_k_to_5,301,,false,n,elementary_fill+grade4+grade4_week16_item1,beginner,beginner,29.8,7.5,2.0,beginner_seed,beginner_k_to_5.csv
funnel,2,k-5th grade,beginner_k_to_5,302,,false,n,elementary_fill+grade2+grade2_week19_item14,beginner,beginner,29.8,7.5,2.0,beginner_seed,beginner_k_to_5.csv
music,3,k-5th grade,beginner_k_to_5,302,,false,adj,tier2_fry_filtered+fry_rank_302+grade3_week26_item3,beginner,beginner,29.8,7.5,2.0,beginner_seed,beginner_k_to_5.csv
color,2,k-5th grade,beginner_k_to_5,303,,false,n,tier2_fry_filtered+fry_rank_303+grade2_week12_item15,beginner,beginner,29.8,7.5,2.0,beginner_seed,beginner_k_to_5.csv
stand,3,k-5th grade,beginner_k_to_5,304,,false,v,tier2_fry_filtered+fry_rank_304+grade3_week1_item11,beginner,beginner,29.8,7.5,2.0,beginner_seed,beginner_k_to_5.csv
wolves,4,k-5th grade,beginner_k_to_5,306,,false,n,elementary_fill+grade4+grade4_week16_item6,beginner,beginner,29.8,7.5,2.0,beginner_seed,beginner_k_to_5.csv
flour,3,k-5th grade,beginner_k_to_5,311,,false,n,elementary_fill+grade3+grade3_week20_item7,beginner,beginner,29.8,7.5,2.0,beginner_seed,beginner_k_to_5.csv
rabbit,4,k-5th grade,beginner_k_to_5,311,,false,n,elementary_fill+grade4+grade4_week16_item11,beginner,beginner,29.8,7.5,2.0,beginner_seed,beginner_k_to_5.csv
slush,2,k-5th grade,beginner_k_to_5,311,,false,n,elementary_fill+grade2+grade2_week20_item7,beginner,beginner,29.8,7.5,2.0,beginner_seed,beginner_k_to_5.csv
birds,3,k-5th grade,beginner_k_to_5,312,,false,n,tier2_fry_filtered+fry_rank_312+grade3_week15_item5,beginner,beginner,29.8,7.5,2.0,beginner_seed,beginner_k_to_5.csv
bored,3,k-5th grade,beginner_k_to_5,312,,false,v,elementary_fill+grade3+grade3_week20_item8,beginner,beginner,29.8,7.5,2.0,beginner_seed,beginner_k_to_5.csv
hermit,4,k-5th grade,beginner_k_to_5,313,,false,n,elementary_fill+grade4+grade4_week16_item13,beginner,beginner,29.8,7.5,2.0,beginner_seed,beginner_k_to_5.csv
bandit,4,k-5th grade,beginner_k_to_5,316,,false,n,elementary_fill+grade4+grade4_week16_item16,beginner,beginner,29.8,7.5,2.0,beginner_seed,beginner_k_to_5.csv
since,4,k-5th grade,beginner_k_to_5,317,,false,conj,tier2_fry_filtered+fry_rank_317+grade4_week2_item7,beginner,beginner,29.8,7.5,2.0,beginner_seed,beginner_k_to_5.csv
boxes,2,k-5th grade,beginner_k_to_5,321,,false,n,elementary_fill+grade2+grade2_week21_item1,beginner,beginner,29.8,7.5,2.0,beginner_seed,beginner_k_to_5.csv
curled,3,k-5th grade,beginner_k_to_5,322,,false,v,elementary_fill+grade3+grade3_week21_item2,beginner,beginner,29.8,7.5,2.0,beginner_seed,beginner_k_to_5.csv
didn't,3,k-5th grade,beginner_k_to_5,322,,false,v,tier2_fry_filtered+fry_rank_322+grade3_week33_item3,beginner,beginner,29.8,7.5,2.0,beginner_seed,beginner_k_to_5.csv
foxes,2,k-5th grade,beginner_k_to_5,322,,false,n,elementary_fill+grade2+grade2_week21_item2,beginner,beginner,29.8,7.5,2.0,beginner_seed,beginner_k_to_5.csv
scowl,5,k-5th grade,beginner_k_to_5,322,,false,n,elementary_fill+grade5+grade5_week17_item2,beginner,beginner,29.8,7.5,2.0,beginner_seed,beginner_k_to_5.csv
cougar,5,k-5th grade,beginner_k_to_5,323,,false,n,elementary_fill+grade5+grade5_week17_item3,beginner,beginner,29.8,7.5,2.0,beginner_seed,beginner_k_to_5.csv
messes,2,k-5th grade,beginner_k_to_5,323,,false,n,elementary_fill+grade2+grade2_week21_item3,beginner,beginner,29.8,7.5,2.0,beginner_seed,beginner_k_to_5.csv
dishes,2,k-5th grade,beginner_k_to_5,324,,false,n,elementary_fill+grade2+grade2_week21_item4,beginner,beginner,29.8,7.5,2.0,beginner_seed,beginner_k_to_5.csv
adage,4,k-5th grade,beginner_k_to_5,325,,false,n,elementary_fill+grade4+grade4_week17_item5,beginner,beginner,29.8,7.5,2.0,beginner_seed,beginner_k_to_5.csv
heard,4,k-5th grade,beginner_k_to_5,325,,false,v,tier2_fry_filtered+fry_rank_325+grade4_week3_item5,beginner,beginner,29.8,7.5,2.0,beginner_seed,beginner_k_to_5.csv
exodus,5,k-5th grade,beginner_k_to_5,326,,false,n,elementary_fill+grade5+grade5_week17_item6,beginner,beginner,29.8,7.5,2.0,beginner_seed,beginner_k_to_5.csv
bushes,2,k-5th grade,beginner_k_to_5,327,,false,n,elementary_fill+grade2+grade2_week21_item7,beginner,beginner,29.8,7.5,2.0,beginner_seed,beginner_k_to_5.csv
rushes,2,k-5th grade,beginner_k_to_5,328,,false,n,elementary_fill+grade2+grade2_week21_item8,beginner,beginner,29.8,7.5,2.0,beginner_seed,beginner_k_to_5.csv
wishes,2,k-5th grade,beginner_k_to_5,329,,false,n,elementary_fill+grade2+grade2_week21_item9,beginner,beginner,29.8,7.5,2.0,beginner_seed,beginner_k_to_5.csv
jerked,3,k-5th grade,beginner_k_to_5,330,,false,v,elementary_fill+grade3+grade3_week21_item10,beginner,beginner,29.8,7.5,2.0,beginner_seed,beginner_k_to_5.csv
washes,2,k-5th grade,beginner_k_to_5,330,,false,n,elementary_fill+grade2+grade2_week21_item10,beginner,beginner,29.8,7.5,2.0,beginner_seed,beginner_k_to_5.csv
burned,3,k-5th grade,beginner_k_to_5,331,,false,v,elementary_fill+grade3+grade3_week21_item11,beginner,beginner,29.8,7.5,2.0,beginner_seed,beginner_k_to_5.csv
dashes,2,k-5th grade,beginner_k_to_5,331,,false,n,elementary_fill+grade2+grade2_week21_item11,beginner,beginner,29.8,7.5,2.0,beginner_seed,beginner_k_to_5.csv
across,4,k-5th grade,beginner_k_to_5,333,,false,prep,tier2_fry_filtered+fry_rank_333+grade4_week4_item3,beginner,beginner,29.8,7.5,2.0,beginner_seed,beginner_k_to_5.csv
during,4,k-5th grade,beginner_k_to_5,335,,false,prep,tier2_fry_filtered+fry_rank_335+grade4_week4_item5,beginner,beginner,29.8,7.5,2.0,beginner_seed,beginner_k_to_5.csv
short,2,k-5th grade,beginner_k_to_5,336,,false,adj,tier2_fry_filtered+fry_rank_336+grade2_week14_item6,beginner,beginner,29.8,7.5,2.0,beginner_seed,beginner_k_to_5.csv
carve,4,k-5th grade,beginner_k_to_5,337,,false,n,elementary_fill+grade4+grade4_week17_item17,beginner,beginner,29.8,7.5,2.0,beginner_seed,beginner_k_to_5.csv
hugged,3,k-5th grade,beginner_k_to_5,337,,false,v,elementary_fill+grade3+grade3_week22_item1,beginner,beginner,29.8,7.5,2.0,beginner_seed,beginner_k_to_5.csv
canyon,4,k-5th grade,beginner_k_to_5,338,,false,n,elementary_fill+grade4+grade4_week17_item18,beginner,beginner,29.8,7.5,2.0,beginner_seed,beginner_k_to_5.csv
hours,3,k-5th grade,beginner_k_to_5,341,,false,n,tier2_fry_filtered+fry_rank_341+grade_estimated_from_fry_rank,beginner,beginner,29.8,7.5,2.0,beginner_seed,beginner_k_to_5.csv
puppy,3,k-5th grade,beginner_k_to_5,341,,false,n,elementary_fill+grade3+grade3_week22_item5,beginner,beginner,29.8,7.5,2.0,beginner_seed,beginner_k_to_5.csv
sting,2,k-5th grade,beginner_k_to_5,344,,false,v,elementary_fill+grade2+grade2_week22_item8,beginner,beginner,29.8,7.5,2.0,beginner_seed,beginner_k_to_5.csv
whole,2,k-5th grade,beginner_k_to_5,345,,false,adj,tier2_fry_filtered+fry_rank_345+grade2_week21_item13,beginner,beginner,29.8,7.5,2.0,beginner_seed,beginner_k_to_5.csv
cling,2,k-5th grade,beginner_k_to_5,346,,false,v,elementary_fill+grade2+grade2_week22_item10,beginner,beginner,29.8,7.5,2.0,beginner_seed,beginner_k_to_5.csv
pledge,4,k-5th grade,beginner_k_to_5,347,,false,n,elementary_fill+grade4+grade4_week18_item7,beginner,beginner,29.8,7.5,2.0,beginner_seed,beginner_k_to_5.csv
sling,2,k-5th grade,beginner_k_to_5,347,,false,v,elementary_fill+grade2+grade2_week22_item11,beginner,beginner,29.8,7.5,2.0,beginner_seed,beginner_k_to_5.csv
ridge,4,k-5th grade,beginner_k_to_5,349,,false,n,elementary_fill+grade4+grade4_week18_item9,beginner,beginner,29.8,7.5,2.0,beginner_seed,beginner_k_to_5.csv
waves,3,k-5th grade,beginner_k_to_5,349,,false,n,tier2_fry_filtered+fry_rank_349+grade_estimated_from_fry_rank,beginner,beginner,29.8,7.5,2.0,beginner_seed,beginner_k_to_5.csv
wedge,4,k-5th grade,beginner_k_to_5,350,,false,n,elementary_fill+grade4+grade4_week18_item10,beginner,beginner,29.8,7.5,2.0,beginner_seed,beginner_k_to_5.csv
ledge,4,k-5th grade,beginner_k_to_5,351,,false,n,elementary_fill+grade4+grade4_week18_item11,beginner,beginner,29.8,7.5,2.0,beginner_seed,beginner_k_to_5.csv
listen,2,k-5th grade,beginner_k_to_5,351,,false,v,tier2_fry_filtered+fry_rank_351+grade2_week8_item12,beginner,beginner,29.8,7.5,2.0,beginner_seed,beginner_k_to_5.csv
space,3,k-5th grade,beginner_k_to_5,354,,false,n,tier2_fry_filtered+fry_rank_354+grade3_week10_item6,beginner,beginner,29.8,7.5,2.0,beginner_seed,beginner_k_to_5.csv
bigger,3,k-5th grade,beginner_k_to_5,355,,false,n,elementary_fill+grade3+grade3_week23_item3,beginner,beginner,29.8,7.5,2.0,beginner_seed,beginner_k_to_5.csv
rough,2,k-5th grade,beginner_k_to_5,357,,false,n,elementary_fill+grade2+grade2_week23_item5,beginner,beginner,29.8,7.5,2.0,beginner_seed,beginner_k_to_5.csv
dough,2,k-5th grade,beginner_k_to_5,360,,false,n,elementary_fill+grade2+grade2_week23_item8,beginner,beginner,29.8,7.5,2.0,beginner_seed,beginner_k_to_5.csv
toward,4,k-5th grade,beginner_k_to_5,360,,false,prep,tier2_fry_filtered+fry_rank_360+grade4_week6_item10,beginner,beginner,29.8,7.5,2.0,beginner_seed,beginner_k_to_5.csv
dragon,4,k-5th grade,beginner_k_to_5,361,,false,n,elementary_fill+grade4+grade4_week19_item1,beginner,beginner,29.8,7.5,2.0,beginner_seed,beginner_k_to_5.csv
louder,3,k-5th grade,beginner_k_to_5,361,,false,n,elementary_fill+grade3+grade3_week23_item9,beginner,beginner,29.8,7.5,2.0,beginner_seed,beginner_k_to_5.csv
cough,2,k-5th grade,beginner_k_to_5,362,,false,n,elementary_fill+grade2+grade2_week23_item10,beginner,beginner,29.8,7.5,2.0,beginner_seed,beginner_k_to_5.csv
hotter,3,k-5th grade,beginner_k_to_5,362,,false,n,elementary_fill+grade3+grade3_week23_item10,beginner,beginner,29.8,7.5,2.0,beginner_seed,beginner_k_to_5.csv
knight,4,k-5th grade,beginner_k_to_5,363,,false,n,elementary_fill+grade4+grade4_week19_item3,beginner,beginner,29.8,7.5,2.0,beginner_seed,beginner_k_to_5.csv
passed,3,k-5th grade,beginner_k_to_5,364,,false,v,tier2_fry_filtered+fry_rank_364+grade_estimated_from_fry_rank,beginner,beginner,29.8,7.5,2.0,beginner_seed,beginner_k_to_5.csv
queen,4,k-5th grade,beginner_k_to_5,364,,false,n,elementary_fill+grade4+grade4_week19_item4,beginner,beginner,29.8,7.5,2.0,beginner_seed,beginner_k_to_5.csv
prince,4,k-5th grade,beginner_k_to_5,365,,false,n,elementary_fill+grade4+grade4_week19_item5,beginner,beginner,29.8,7.5,2.0,beginner_seed,beginner_k_to_5.csv
model,2,k-5th grade,beginner_k_to_5,368,,false,n,elementary_fill+grade2+grade2_week23_item16,beginner,beginner,29.8,7.5,2.0,beginner_seed,beginner_k_to_5.csv
sunset,3,k-5th grade,beginner_k_to_5,370,,false,n,elementary_fill+grade3+grade3_week24_item2,beginner,beginner,29.8,7.5,2.0,beginner_seed,beginner_k_to_5.csv
table,3,k-5th grade,beginner_k_to_5,371,,false,adj,tier2_fry_filtered+fry_rank_371+grade3_week10_item5,beginner,beginner,29.8,7.5,2.0,beginner_seed,beginner_k_to_5.csv
sloth,2,k-5th grade,beginner_k_to_5,372,,false,n,elementary_fill+grade2+grade2_week24_item4,beginner,beginner,29.8,7.5,2.0,beginner_seed,beginner_k_to_5.csv
boast,4,k-5th grade,beginner_k_to_5,373,,false,n,elementary_fill+grade4+grade4_week19_item13,beginner,beginner,29.8,7.5,2.0,beginner_seed,beginner_k_to_5.csv
breath,2,k-5th grade,beginner_k_to_5,373,,false,n,elementary_fill+grade2+grade2_week24_item5,beginner,beginner,29.8,7.5,2.0,beginner_seed,beginner_k_to_5.csv
money,2,k-5th grade,beginner_k_to_5,374,,false,n,tier2_fry_filtered+fry_rank_374+grade2_week20_item12,beginner,beginner,29.8,7.5,2.0,beginner_seed,beginner_k_to_5.csv
cloth,2,k-5th grade,beginner_k_to_5,376,,false,n,elementary_fill+grade2+grade2_week24_item8,beginner,beginner,29.8,7.5,2.0,beginner_seed,beginner_k_to_5.csv
pulled,3,k-5th grade,beginner_k_to_5,377,,false,v,tier2_fry_filtered+fry_rank_377+grade3_week19_item4,beginner,beginner,29.8,7.5,2.0,beginner_seed,beginner_k_to_5.csv
miner,4,k-5th grade,beginner_k_to_5,378,,false,n,elementary_fill+grade4+grade4_week19_item18,beginner,beginner,29.8,7.5,2.0,beginner_seed,beginner_k_to_5.csv
nugget,4,k-5th grade,beginner_k_to_5,380,,false,n,elementary_fill+grade4+grade4_week19_item20,beginner,beginner,29.8,7.5,2.0,beginner_seed,beginner_k_to_5.csv
minute,2,k-5th grade,beginner_k_to_5,381,,false,n,elementary_fill+grade2+grade2_week24_item13,beginner,beginner,29.8,7.5,2.0,beginner_seed,beginner_k_to_5.csv
cried,3,k-5th grade,beginner_k_to_5,382,,false,v,tier2_fry_filtered+fry_rank_382+grade3_week6_item1,beginner,beginner,29.8,7.5,2.0,beginner_seed,beginner_k_to_5.csv
cello,4,k-5th grade,beginner_k_to_5,383,,false,n,elementary_fill+grade4+grade4_week20_item3,beginner,beginner,29.8,7.5,2.0,beginner_seed,beginner_k_to_5.csv
cellar,3,k-5th grade,beginner_k_to_5,387,,false,n,elementary_fill+grade3+grade3_week25_item3,beginner,beginner,29.8,7.5,2.0,beginner_seed,beginner_k_to_5.csv
choir,4,k-5th grade,beginner_k_to_5,387,,false,n,elementary_fill+grade4+grade4_week20_item7,beginner,beginner,29.8,7.5,2.0,beginner_seed,beginner_k_to_5.csv
basket,3,k-5th grade,beginner_k_to_5,390,,false,n,elementary_fill+grade3+grade3_week25_item6,beginner,beginner,29.8,7.5,2.0,beginner_seed,beginner_k_to_5.csv
quack,2,k-5th grade,beginner_k_to_5,390,,false,n,elementary_fill+grade2+grade2_week25_item6,beginner,beginner,29.8,7.5,2.0,beginner_seed,beginner_k_to_5.csv
lower,4,k-5th grade,beginner_k_to_5,391,,false,n,elementary_fill+grade4+grade4_week20_item11,beginner,beginner,29.8,7.5,2.0,beginner_seed,beginner_k_to_5.csv
quick,2,k-5th grade,beginner_k_to_5,393,,false,n,elementary_fill+grade2+grade2_week25_item9,beginner,beginner,29.8,7.5,2.0,beginner_seed,beginner_k_to_5.csv
cowboy,3,k-5th grade,beginner_k_to_5,394,,false,n,elementary_fill+grade3+grade3_week25_item10,beginner,beginner,29.8,7.5,2.0,beginner_seed,beginner_k_to_5.csv
decode,4,k-5th grade,beginner_k_to_5,394,,false,n,elementary_fill+grade4+grade4_week20_item14,beginner,beginner,29.8,7.5,2.0,beginner_seed,beginner_k_to_5.csv
lasso,3,k-5th grade,beginner_k_to_5,395,,false,n,elementary_fill+grade3+grade3_week25_item11,beginner,beginner,29.8,7.5,2.0,beginner_seed,beginner_k_to_5.csv
barter,3,k-5th grade,beginner_k_to_5,396,,false,n,elementary_fill+grade3+grade3_week25_item12,beginner,beginner,29.8,7.5,2.0,beginner_seed,beginner_k_to_5.csv
travel,3,k-5th grade,beginner_k_to_5,397,,false,n,tier2_fry_filtered+fry_rank_397+grade3_week3_item15,beginner,beginner,29.8,7.5,2.0,beginner_seed,beginner_k_to_5.csv
webbed,5,k-5th grade,beginner_k_to_5,400,,false,v,elementary_fill+grade5+grade5_week20_item20,beginner,beginner,29.8,7.5,2.0,beginner_seed,beginner_k_to_5.csv
cabin,3,k-5th grade,beginner_k_to_5,401,,false,n,elementary_fill+grade3+grade3_week26_item1,beginner,beginner,29.8,7.5,2.0,beginner_seed,beginner_k_to_5.csv
stink,2,k-5th grade,beginner_k_to_5,404,,false,n,elementary_fill+grade2+grade2_week26_item4,beginner,beginner,29.8,7.5,2.0,beginner_seed,beginner_k_to_5.csv
tiger,3,k-5th grade,beginner_k_to_5,404,,false,n,elementary_fill+grade3+grade3_week26_item4,beginner,beginner,29.8,7.5,2.0,beginner_seed,beginner_k_to_5.csv
hammer,4,k-5th grade,beginner_k_to_5,406,,false,n,elementary_fill+grade4+grade4_week21_item6,beginner,beginner,29.8,7.5,2.0,beginner_seed,beginner_k_to_5.csv
rewind,3,k-5th grade,beginner_k_to_5,406,,false,n,elementary_fill+grade3+grade3_week26_item6,beginner,beginner,29.8,7.5,2.0,beginner_seed,beginner_k_to_5.csv
drank,2,k-5th grade,beginner_k_to_5,408,,false,v,elementary_fill+grade2+grade2_week26_item8,beginner,beginner,29.8,7.5,2.0,beginner_seed,beginner_k_to_5.csv
drill,4,k-5th grade,beginner_k_to_5,408,,false,n,elementary_fill+grade4+grade4_week21_item8,beginner,beginner,29.8,7.5,2.0,beginner_seed,beginner_k_to_5.csv
wrench,4,k-5th grade,beginner_k_to_5,410,,false,n,elementary_fill+grade4+grade4_week21_item10,beginner,beginner,29.8,7.5,2.0,beginner_seed,beginner_k_to_5.csv
motel,3,k-5th grade,beginner_k_to_5,411,,false,n,elementary_fill+grade3+grade3_week26_item11,beginner,beginner,29.8,7.5,2.0,beginner_seed,beginner_k_to_5.csv
robin,4,k-5th grade,beginner_k_to_5,411,,false,n,elementary_fill+grade4+grade4_week21_item11,beginner,beginner,29.8,7.5,2.0,beginner_seed,beginner_k_to_5.csv
shrink,2,k-5th grade,beginner_k_to_5,411,,false,n,elementary_fill+grade2+grade2_week26_item11,beginner,beginner,29.8,7.5,2.0,beginner_seed,beginner_k_to_5.csv
copper,4,k-5th grade,beginner_k_to_5,413,,false,n,elementary_fill+grade4+grade4_week21_item13,beginner,beginner,29.8,7.5,2.0,beginner_seed,beginner_k_to_5.csv
person,3,k-5th grade,beginner_k_to_5,414,,false,n,tier2_fry_filtered+fry_rank_414+grade3_week21_item8,beginner,beginner,29.8,7.5,2.0,beginner_seed,beginner_k_to_5.csv
volts,3,k-5th grade,beginner_k_to_5,414,,false,n,elementary_fill+grade3+grade3_week26_item14,beginner,beginner,29.8,7.5,2.0,beginner_seed,beginner_k_to_5.csv
became,4,k-5th grade,beginner_k_to_5,415,,false,v,tier2_fry_filtered+fry_rank_415+grade4_week12_item5,beginner,beginner,29.8,7.5,2.0,beginner_seed,beginner_k_to_5.csv
shown,4,k-5th grade,beginner_k_to_5,416,,false,v,tier2_fry_filtered+fry_rank_416+grade4_week12_item6,beginner,beginner,29.8,7.5,2.0,beginner_seed,beginner_k_to_5.csv
liked,3,k-5th grade,beginner_k_to_5,417,,false,v,elementary_fill+grade3+grade3_week27_item1,beginner,beginner,29.8,7.5,2.0,beginner_seed,beginner_k_to_5.csv
strong,3,k-5th grade,beginner_k_to_5,418,,false,adj,tier2_fry_filtered+fry_rank_418+grade3_week5_item4,beginner,beginner,29.8,7.5,2.0,beginner_seed,beginner_k_to_5.csv
shift,2,k-5th grade,beginner_k_to_5,419,,false,n,elementary_fill+grade2+grade2_week27_item3,beginner,beginner,29.8,7.5,2.0,beginner_seed,beginner_k_to_5.csv
stars,3,k-5th grade,beginner_k_to_5,420,,false,n,tier2_fry_filtered+fry_rank_420+grade3_week16_item7,beginner,beginner,29.8,7.5,2.0,beginner_seed,beginner_k_to_5.csv
front,3,k-5th grade,beginner_k_to_5,421,,false,n,tier2_fry_filtered+fry_rank_421+grade3_week2_item9,beginner,beginner,29.8,7.5,2.0,beginner_seed,beginner_k_to_5.csv
talked,3,k-5th grade,beginner_k_to_5,423,,false,v,elementary_fill+grade3+grade3_week27_item7,beginner,beginner,29.8,7.5,2.0,beginner_seed,beginner_k_to_5.csv
craft,2,k-5th grade,beginner_k_to_5,424,,false,n,elementary_fill+grade2+grade2_week27_item8,beginner,beginner,29.8,7.5,2.0,beginner_seed,beginner_k_to_5.csv
inches,3,k-5th grade,beginner_k_to_5,424,,false,n,tier2_fry_filtered+fry_rank_424+grade3_week2_item11,beginner,beginner,29.8,7.5,2.0,beginner_seed,beginner_k_to_5.csv
buying,3,k-5th grade,beginner_k_to_5,425,,false,v,elementary_fill+grade3+grade3_week27_item9,beginner,beginner,29.8,7.5,2.0,beginner_seed,beginner_k_to_5.csv
street,3,k-5th grade,beginner_k_to_5,425,,false,n,tier2_fry_filtered+fry_rank_425+grade3_week5_item9,beginner,beginner,29.8,7.5,2.0,beginner_seed,beginner_k_to_5.csv
swift,2,k-5th grade,beginner_k_to_5,426,,false,n,elementary_fill+grade2+grade2_week27_item10,beginner,beginner,29.8,7.5,2.0,beginner_seed,beginner_k_to_5.csv
trying,3,k-5th grade,beginner_k_to_5,426,,false,v,elementary_fill+grade3+grade3_week27_item10,beginner,beginner,29.8,7.5,2.0,beginner_seed,beginner_k_to_5.csv
apart,2,k-5th grade,beginner_k_to_5,428,,false,adv,elementary_fill+grade2+grade2_week27_item12,beginner,beginner,29.8,7.5,2.0,beginner_seed,beginner_k_to_5.csv
diving,3,k-5th grade,beginner_k_to_5,428,,false,v,elementary_fill+grade3+grade3_week27_item12,beginner,beginner,29.8,7.5,2.0,beginner_seed,beginner_k_to_5.csv
icing,3,k-5th grade,beginner_k_to_5,429,,false,v,elementary_fill+grade3+grade3_week27_item13,beginner,beginner,29.8,7.5,2.0,beginner_seed,beginner_k_to_5.csv
ocean,2,k-5th grade,beginner_k_to_5,432,,false,n,tier2_fry_filtered+fry_rank_432+grade2_week3_item13,beginner,beginner,29.8,7.5,2.0,beginner_seed,beginner_k_to_5.csv
class,3,k-5th grade,beginner_k_to_5,433,,false,n,tier2_fry_filtered+fry_rank_433+grade_estimated_from_fry_rank,beginner,beginner,29.8,7.5,2.0,beginner_seed,beginner_k_to_5.csv
ration,4,k-5th grade,beginner_k_to_5,437,,false,n,elementary_fill+grade4+grade4_week22_item17,beginner,beginner,29.8,8.0,3.4,beginner_seed,beginner_k_to_5.csv
inside,4,k-5th grade,beginner_k_to_5,439,,false,prep,tier2_fry_filtered+fry_rank_439+grade4_week14_item9,beginner,beginner,29.8,7.5,2.0,beginner_seed,beginner_k_to_5.csv
stilt,2,k-5th grade,beginner_k_to_5,440,,false,n,elementary_fill+grade2+grade2_week28_item8,beginner,beginner,29.8,7.5,2.0,beginner_seed,beginner_k_to_5.csv
wheels,3,k-5th grade,beginner_k_to_5,440,,false,n,tier2_fry_filtered+fry_rank_440+grade_estimated_from_fry_rank,beginner,beginner,29.8,7.5,2.0,beginner_seed,beginner_k_to_5.csv
known,3,k-5th grade,beginner_k_to_5,443,,false,v,tier2_fry_filtered+fry_rank_443+grade3_week6_item6,beginner,beginner,29.8,7.5,2.0,beginner_seed,beginner_k_to_5.csv
whale,2,k-5th grade,beginner_k_to_5,449,,false,n,elementary_fill+grade2+grade2_week29_item1,beginner,beginner,29.8,7.5,2.0,beginner_seed,beginner_k_to_5.csv
stood,1,k-5th grade,beginner_k_to_5,450,,false,v,tier2_fry_filtered+fry_rank_450+grade1_week33_item4,beginner,beginner,29.8,7.5,2.0,beginner_seed,beginner_k_to_5.csv
plane,2,k-5th grade,beginner_k_to_5,451,,false,n,tier2_fry_filtered+fry_rank_451+grade2_week25_item16,beginner,beginner,29.8,7.5,2.0,beginner_seed,beginner_k_to_5.csv
behind,3,k-5th grade,beginner_k_to_5,453,,false,prep,tier2_fry_filtered+fry_rank_453+grade3_week26_item5,beginner,beginner,29.8,7.5,2.0,beginner_seed,beginner_k_to_5.csv
bugle,4,k-5th grade,beginner_k_to_5,454,,false,n,elementary_fill+grade4+grade4_week23_item14,beginner,beginner,29.8,7.5,2.0,beginner_seed,beginner_k_to_5.csv
force,2,k-5th grade,beginner_k_to_5,458,,false,n,tier2_fry_filtered+fry_rank_458+grade2_week23_item11,beginner,beginner,29.8,7.5,2.0,beginner_seed,beginner_k_to_5.csv
whirl,2,k-5th grade,beginner_k_to_5,459,,false,n,elementary_fill+grade2+grade2_week29_item11,beginner,beginner,29.8,7.5,2.0,beginner_seed,beginner_k_to_5.csv
eighty,4,k-5th grade,beginner_k_to_5,461,,false,n,elementary_fill+grade4+grade4_week24_item1,beginner,beginner,29.8,7.5,2.0,beginner_seed,beginner_k_to_5.csv
rodeo,4,k-5th grade,beginner_k_to_5,463,,false,n,elementary_fill+grade4+grade4_week24_item3,beginner,beginner,29.8,7.5,2.0,beginner_seed,beginner_k_to_5.csv
badly,2,k-5th grade,beginner_k_to_5,465,,false,adv,elementary_fill+grade2+grade2_week30_item1,beginner,beginner,29.8,7.5,2.0,beginner_seed,beginner_k_to_5.csv
lonely,3,k-5th grade,beginner_k_to_5,465,,false,adj,elementary_fill+grade3+grade3_week30_item1,beginner,beginner,29.8,7.5,2.0,beginner_seed,beginner_k_to_5.csv
