word,source_grade_hint,normalized_band,source_list,rank,count,academic,pos,notes,band,preferred_band,beginner_score,intermediate_score,advanced_score,source_tags,source_files
repertoire,6,6-8,intermediate_6_to_8,1,1759,true,n,tier2_nawl_academic+nawl_rank_1+grade_estimate_6,intermediate,intermediate,6.949,31.098,12.973,intermediate_seed,intermediate_6_to_8.csv
distribution,6,6-8,intermediate_6_to_8,3,369,true,n,tier2_nawl_academic+nawl_rank_3+grade_estimate_6,intermediate,intermediate,6.547,31.063,15.405,intermediate_seed,intermediate_6_to_8.csv
authority,6,6-8,intermediate_6_to_8,11,178,true,n,tier2_nawl_academic+nawl_rank_11+grade_estimate_6,intermediate,intermediate,6.364,30.819,13.692,intermediate_seed,intermediate_6_to_8.csv
cognitive,6,6-8,intermediate_6_to_8,17,161,true,adj,tier2_nawl_academic+nawl_rank_17+grade_estimate_6,intermediate,intermediate,6.34,30.786,13.663,intermediate_seed,intermediate_6_to_8.csv
correlation,6,6-8,intermediate_6_to_8,19,150,true,n,tier2_nawl_academic+nawl_rank_19+grade_estimate_6,intermediate,intermediate,6.322,30.763,15.143,intermediate_seed,intermediate_6_to_8.csv
velocity,6,6-8,intermediate_6_to_8,23,146,true,n,tier2_nawl_academic+nawl_rank_23+grade_estimate_6,intermediate,intermediate,6.316,30.754,13.635,intermediate_seed,intermediate_6_to_8.csv
transformation,6,6-8,intermediate_6_to_8,37,125,true,n,tier2_nawl_academic+nawl_rank_37+grade_estimate_6,intermediate,intermediate,6.278,30.704,15.091,intermediate_seed,intermediate_6_to_8.csv
simulation,6,6-8,intermediate_6_to_8,43,116,true,n,tier2_nawl_academic+nawl_rank_43+grade_estimate_6,intermediate,intermediate,6.26,30.68,13.57,intermediate_seed,intermediate_6_to_8.csv
variance,6,6-8,intermediate_6_to_8,46,108,true,n,tier2_nawl_academic+nawl_rank_46+grade_estimate_6,intermediate,intermediate,6.243,30.658,13.55,intermediate_seed,intermediate_6_to_8.csv
intensity,6,6-8,intermediate_6_to_8,54,99,true,n,tier2_nawl_academic+nawl_rank_54+grade_estimate_6,intermediate,intermediate,6.222,30.63,13.526,intermediate_seed,intermediate_6_to_8.csv
obtain,6,6-8,intermediate_6_to_8,2,449,true,v,tier2_nawl_academic+nawl_rank_2+grade_estimate_6,intermediate,intermediate,7.397,30.629,11.863,intermediate_seed,intermediate_6_to_8.csv
regression,6,6-8,intermediate_6_to_8,55,98,true,n,tier2_nawl_academic+nawl_rank_55+grade_estimate_6,intermediate,intermediate,6.22,30.627,13.523,intermediate_seed,intermediate_6_to_8.csv
identification,6,6-8,intermediate_6_to_8,57,96,true,n,tier2_nawl_academic+nawl_rank_57+grade_estimate_6,intermediate,intermediate,6.215,30.62,15.018,intermediate_seed,intermediate_6_to_8.csv
candidate,6,6-8,intermediate_6_to_8,59,94,true,n,tier2_ngsl_nawl_overlap+ngsl_rank_977+nawl_rank_59+grade_estimate_6,intermediate,intermediate,6.21,30.614,13.512,intermediate_seed,intermediate_6_to_8.csv
correlate,6,6-8,intermediate_6_to_8,61,93,true,v,tier2_nawl_academic+nawl_rank_61+grade_estimate_6,intermediate,intermediate,6.208,30.61,13.509,intermediate_seed,intermediate_6_to_8.csv
mortality,6,6-8,intermediate_6_to_8,62,93,true,n,tier2_nawl_academic+nawl_rank_62+grade_estimate_6,intermediate,intermediate,6.208,30.61,13.509,intermediate_seed,intermediate_6_to_8.csv
duration,6,6-8,intermediate_6_to_8,66,91,true,n,tier2_nawl_academic+nawl_rank_66+grade_estimate_6,intermediate,intermediate,6.203,30.603,13.503,intermediate_seed,intermediate_6_to_8.csv
consumption,6,6-8,intermediate_6_to_8,68,90,true,n,tier2_nawl_academic+nawl_rank_68+grade_estimate_6,intermediate,intermediate,6.2,30.6,15.0,intermediate_seed,intermediate_6_to_8.csv
sensitivity,6,6-8,intermediate_6_to_8,70,89,true,n,tier2_nawl_academic+nawl_rank_70+grade_estimate_6,intermediate,intermediate,6.197,30.597,14.997,intermediate_seed,intermediate_6_to_8.csv
appropriate,6,6-8,intermediate_6_to_8,1019,89,false,v,tier1_ngsl_general+ngsl_rank_1019+grade_estimate_6,intermediate,intermediate,4.197,30.597,12.997,intermediate_seed,intermediate_6_to_8.csv
similarity,6,6-8,intermediate_6_to_8,71,88,true,n,tier2_nawl_academic+nawl_rank_71+grade_estimate_6,intermediate,intermediate,6.195,30.593,13.494,intermediate_seed,intermediate_6_to_8.csv
effective,6,6-8,intermediate_6_to_8,1031,88,false,adj,tier1_ngsl_general+ngsl_rank_1031+grade_estimate_6,intermediate,intermediate,4.195,30.593,11.494,intermediate_seed,intermediate_6_to_8.csv
mutation,6,6-8,intermediate_6_to_8,74,87,true,n,tier2_nawl_academic+nawl_rank_74+grade_estimate_6,intermediate,intermediate,6.192,30.589,13.491,intermediate_seed,intermediate_6_to_8.csv
administration,6,6-8,intermediate_6_to_8,1046,86,false,n,tier1_ngsl_general+ngsl_rank_1046+grade_estimate_6,intermediate,intermediate,4.189,30.586,12.988,intermediate_seed,intermediate_6_to_8.csv
equipment,6,6-8,intermediate_6_to_8,1055,86,false,n,tier1_ngsl_general+ngsl_rank_1055+grade_estimate_6,intermediate,intermediate,4.189,30.586,11.488,intermediate_seed,intermediate_6_to_8.csv
connection,6,6-8,intermediate_6_to_8,1066,85,false,n,tier1_ngsl_general+ngsl_rank_1066+grade_estimate_6,intermediate,intermediate,4.187,30.582,11.484,intermediate_seed,intermediate_6_to_8.csv
integration,6,6-8,intermediate_6_to_8,80,84,true,n,tier2_nawl_academic+nawl_rank_80+grade_estimate_6,intermediate,intermediate,6.184,30.579,14.981,intermediate_seed,intermediate_6_to_8.csv
coordinate,6,6-8,intermediate_6_to_8,83,83,true,v,tier2_nawl_academic+nawl_rank_83+grade_estimate_6,intermediate,intermediate,6.181,30.575,13.478,intermediate_seed,intermediate_6_to_8.csv
calculation,6,6-8,intermediate_6_to_8,84,83,true,n,tier2_nawl_academic+nawl_rank_84+grade_estimate_6,intermediate,intermediate,6.181,30.575,14.978,intermediate_seed,intermediate_6_to_8.csv
relative,6,6-8,intermediate_6_to_8,1088,83,false,adj,tier1_ngsl_general+ngsl_rank_1088+grade_estimate_6,intermediate,intermediate,4.181,30.575,11.478,intermediate_seed,intermediate_6_to_8.csv
alternative,6,6-8,intermediate_6_to_8,1090,83,false,adj,tier1_ngsl_general+ngsl_rank_1090+grade_estimate_6,intermediate,intermediate,4.181,30.575,12.978,intermediate_seed,intermediate_6_to_8.csv
orientation,6,6-8,intermediate_6_to_8,88,82,true,n,tier2_nawl_academic+nawl_rank_88+grade_estimate_6,intermediate,intermediate,6.178,30.571,14.975,intermediate_seed,intermediate_6_to_8.csv
proposition,6,6-8,intermediate_6_to_8,89,82,true,n,tier2_nawl_academic+nawl_rank_89+grade_estimate_6,intermediate,intermediate,6.178,30.571,14.975,intermediate_seed,intermediate_6_to_8.csv
inequality,6,6-8,intermediate_6_to_8,90,81,true,n,tier2_nawl_academic+nawl_rank_90+grade_estimate_6,intermediate,intermediate,6.175,30.567,13.471,intermediate_seed,intermediate_6_to_8.csv
prevalence,6,6-8,intermediate_6_to_8,92,81,true,n,tier2_nawl_academic+nawl_rank_92+grade_estimate_6,intermediate,intermediate,6.175,30.567,13.471,intermediate_seed,intermediate_6_to_8.csv
correspondence,6,6-8,intermediate_6_to_8,100,78,true,n,tier2_nawl_academic+nawl_rank_100+grade_estimate_6,intermediate,intermediate,6.167,30.556,14.961,intermediate_seed,intermediate_6_to_8.csv
institution,6,6-8,intermediate_6_to_8,1137,78,false,n,tier1_ngsl_general+ngsl_rank_1137+grade_estimate_6,intermediate,intermediate,4.167,30.556,12.961,intermediate_seed,intermediate_6_to_8.csv
importance,6,6-8,intermediate_6_to_8,1144,78,false,n,tier1_ngsl_general+ngsl_rank_1144+grade_estimate_6,intermediate,intermediate,4.167,30.556,11.461,intermediate_seed,intermediate_6_to_8.csv
configuration,6,6-8,intermediate_6_to_8,106,75,true,n,tier2_nawl_academic+nawl_rank_106+grade_estimate_6,intermediate,intermediate,6.158,30.544,14.951,intermediate_seed,intermediate_6_to_8.csv
intermediate,6,6-8,intermediate_6_to_8,109,74,true,v,tier2_nawl_academic+nawl_rank_109+grade_estimate_6,intermediate,intermediate,6.155,30.539,14.947,intermediate_seed,intermediate_6_to_8.csv
transmission,6,6-8,intermediate_6_to_8,110,74,true,n,tier2_nawl_academic+nawl_rank_110+grade_estimate_6,intermediate,intermediate,6.155,30.539,14.947,intermediate_seed,intermediate_6_to_8.csv
occurrence,6,6-8,intermediate_6_to_8,112,74,true,n,tier2_nawl_academic+nawl_rank_112+grade_estimate_6,intermediate,intermediate,6.155,30.539,13.447,intermediate_seed,intermediate_6_to_8.csv
artist,6,6-8,intermediate_6_to_8,1183,74,false,n,tier1_ngsl_general+ngsl_rank_1183+grade_estimate_6,intermediate,intermediate,4.955,30.539,10.747,intermediate_seed,intermediate_6_to_8.csv
presence,6,6-8,intermediate_6_to_8,1186,74,false,n,tier1_ngsl_general+ngsl_rank_1186+grade_estimate_6,intermediate,intermediate,4.155,30.539,11.447,intermediate_seed,intermediate_6_to_8.csv
introduction,7,6-8,intermediate_6_to_8,1203,73,false,n,tier1_ngsl_general+ngsl_rank_1203+grade_estimate_7,intermediate,intermediate,4.151,30.535,12.943,intermediate_seed,intermediate_6_to_8.csv
requirement,7,6-8,intermediate_6_to_8,1204,73,false,n,tier1_ngsl_general+ngsl_rank_1204+grade_estimate_7,intermediate,intermediate,4.151,30.535,12.943,intermediate_seed,intermediate_6_to_8.csv
approximation,6,6-8,intermediate_6_to_8,118,72,true,n,tier2_nawl_academic+nawl_rank_118+grade_estimate_6,intermediate,intermediate,6.148,30.531,14.94,intermediate_seed,intermediate_6_to_8.csv
classification,6,6-8,intermediate_6_to_8,121,71,true,n,tier2_nawl_academic+nawl_rank_121+grade_estimate_6,intermediate,intermediate,6.145,30.527,14.936,intermediate_seed,intermediate_6_to_8.csv
comparative,6,6-8,intermediate_6_to_8,124,71,true,adj,tier2_nawl_academic+nawl_rank_124+grade_estimate_6,intermediate,intermediate,6.145,30.527,14.936,intermediate_seed,intermediate_6_to_8.csv
improvement,7,6-8,intermediate_6_to_8,1226,71,false,n,tier1_ngsl_general+ngsl_rank_1226+grade_estimate_7,intermediate,intermediate,4.145,30.527,12.936,intermediate_seed,intermediate_6_to_8.csv
consequence,7,6-8,intermediate_6_to_8,1228,71,false,n,tier1_ngsl_general+ngsl_rank_1228+grade_estimate_7,intermediate,intermediate,4.145,30.527,12.936,intermediate_seed,intermediate_6_to_8.csv
circumstance,7,6-8,intermediate_6_to_8,1229,71,false,n,tier1_ngsl_general+ngsl_rank_1229+grade_estimate_7,intermediate,intermediate,4.145,30.527,12.936,intermediate_seed,intermediate_6_to_8.csv
activate,6,6-8,intermediate_6_to_8,125,70,true,v,tier2_nawl_academic+nawl_rank_125+grade_estimate_6,intermediate,intermediate,6.142,30.522,13.432,intermediate_seed,intermediate_6_to_8.csv
utterance,6,6-8,intermediate_6_to_8,128,70,true,n,tier2_nawl_academic+nawl_rank_128+grade_estimate_6,intermediate,intermediate,6.142,30.522,13.432,intermediate_seed,intermediate_6_to_8.csv
facilitate,6,6-8,intermediate_6_to_8,130,70,true,v,tier2_nawl_academic+nawl_rank_130+grade_estimate_6,intermediate,intermediate,6.142,30.522,13.432,intermediate_seed,intermediate_6_to_8.csv
incidence,6,6-8,intermediate_6_to_8,131,70,true,n,tier2_nawl_academic+nawl_rank_131+grade_estimate_6,intermediate,intermediate,6.142,30.522,13.432,intermediate_seed,intermediate_6_to_8.csv
induction,6,6-8,intermediate_6_to_8,132,69,true,n,tier2_nawl_academic+nawl_rank_132+grade_estimate_6,intermediate,intermediate,6.139,30.518,13.428,intermediate_seed,intermediate_6_to_8.csv
adaptation,6,6-8,intermediate_6_to_8,138,68,true,n,tier2_nawl_academic+nawl_rank_138+grade_estimate_6,intermediate,intermediate,6.135,30.514,13.424,intermediate_seed,intermediate_6_to_8.csv
demonstrate,7,6-8,intermediate_6_to_8,1272,68,false,v,tier1_ngsl_general+ngsl_rank_1272+grade_estimate_7,intermediate,intermediate,4.135,30.514,12.924,intermediate_seed,intermediate_6_to_8.csv
contribution,7,6-8,intermediate_6_to_8,1273,68,false,n,tier1_ngsl_general+ngsl_rank_1273+grade_estimate_7,intermediate,intermediate,4.135,30.514,12.924,intermediate_seed,intermediate_6_to_8.csv
appreciate,7,6-8,intermediate_6_to_8,1274,68,false,v,tier1_ngsl_general+ngsl_rank_1274+grade_estimate_7,intermediate,intermediate,4.135,30.514,11.424,intermediate_seed,intermediate_6_to_8.csv
projection,6,6-8,intermediate_6_to_8,144,67,true,n,tier2_nawl_academic+nawl_rank_144+grade_estimate_6,intermediate,intermediate,6.132,30.509,13.421,intermediate_seed,intermediate_6_to_8.csv
dependence,6,6-8,intermediate_6_to_8,148,67,true,n,tier2_nawl_academic+nawl_rank_148+grade_estimate_6,intermediate,intermediate,6.132,30.509,13.421,intermediate_seed,intermediate_6_to_8.csv
organism,6,6-8,intermediate_6_to_8,149,66,true,n,tier2_nawl_academic+nawl_rank_149+grade_estimate_6,intermediate,intermediate,6.128,30.505,13.417,intermediate_seed,intermediate_6_to_8.csv
emergence,6,6-8,intermediate_6_to_8,150,66,true,n,tier2_nawl_academic+nawl_rank_150+grade_estimate_6,intermediate,intermediate,6.128,30.505,13.417,intermediate_seed,intermediate_6_to_8.csv
investigation,7,6-8,intermediate_6_to_8,1318,66,false,n,tier1_ngsl_general+ngsl_rank_1318+grade_estimate_7,intermediate,intermediate,4.128,30.505,12.917,intermediate_seed,intermediate_6_to_8.csv
substitution,6,6-8,intermediate_6_to_8,152,65,true,n,tier2_nawl_academic+nawl_rank_152+grade_estimate_6,intermediate,intermediate,6.125,30.5,14.913,intermediate_seed,intermediate_6_to_8.csv
detection,6,6-8,intermediate_6_to_8,156,65,true,n,tier2_nawl_academic+nawl_rank_156+grade_estimate_6,intermediate,intermediate,6.125,30.5,13.413,intermediate_seed,intermediate_6_to_8.csv
conference,6,6-8,intermediate_6_to_8,162,64,true,n,tier2_ngsl_nawl_overlap+ngsl_rank_812+nawl_rank_162+grade_estimate_6,intermediate,intermediate,6.122,30.495,13.408,intermediate_seed,intermediate_6_to_8.csv
conception,6,6-8,intermediate_6_to_8,163,64,true,n,tier2_nawl_academic+nawl_rank_163+grade_estimate_6,intermediate,intermediate,6.122,30.495,13.408,intermediate_seed,intermediate_6_to_8.csv
tradition,7,6-8,intermediate_6_to_8,1338,64,false,n,tier1_ngsl_general+ngsl_rank_1338+grade_estimate_7,intermediate,intermediate,4.122,30.495,11.408,intermediate_seed,intermediate_6_to_8.csv
consideration,7,6-8,intermediate_6_to_8,1344,64,false,n,tier1_ngsl_general+ngsl_rank_1344+grade_estimate_7,intermediate,intermediate,4.122,30.495,12.908,intermediate_seed,intermediate_6_to_8.csv
ideology,6,6-8,intermediate_6_to_8,165,63,true,n,tier2_nawl_academic+nawl_rank_165+grade_estimate_6,intermediate,intermediate,6.118,30.491,13.404,intermediate_seed,intermediate_6_to_8.csv
quantitative,6,6-8,intermediate_6_to_8,167,63,true,adj,tier2_nawl_academic+nawl_rank_167+grade_estimate_6,intermediate,intermediate,6.118,30.491,14.904,intermediate_seed,intermediate_6_to_8.csv
instability,6,6-8,intermediate_6_to_8,169,63,true,n,tier2_nawl_academic+nawl_rank_169+grade_estimate_6,intermediate,intermediate,6.118,30.491,14.904,intermediate_seed,intermediate_6_to_8.csv
religious,7,6-8,intermediate_6_to_8,1356,63,false,adj,tier1_ngsl_general+ngsl_rank_1356+grade_estimate_7,intermediate,intermediate,4.118,30.491,11.404,intermediate_seed,intermediate_6_to_8.csv
specification,6,6-8,intermediate_6_to_8,171,62,true,n,tier2_nawl_academic+nawl_rank_171+grade_estimate_6,intermediate,intermediate,6.114,30.486,14.9,intermediate_seed,intermediate_6_to_8.csv
computation,6,6-8,intermediate_6_to_8,174,62,true,n,tier2_nawl_academic+nawl_rank_174+grade_estimate_6,intermediate,intermediate,6.114,30.486,14.9,intermediate_seed,intermediate_6_to_8.csv
collective,6,6-8,intermediate_6_to_8,181,61,true,adj,tier2_nawl_academic+nawl_rank_181+grade_estimate_6,intermediate,intermediate,6.111,30.481,13.396,intermediate_seed,intermediate_6_to_8.csv
objective,7,6-8,intermediate_6_to_8,1402,61,false,adj,tier1_ngsl_general+ngsl_rank_1402+grade_estimate_7,intermediate,intermediate,4.111,30.481,11.396,intermediate_seed,intermediate_6_to_8.csv
estimation,6,6-8,intermediate_6_to_8,184,60,true,n,tier2_nawl_academic+nawl_rank_184+grade_estimate_6,intermediate,intermediate,6.107,30.476,13.392,intermediate_seed,intermediate_6_to_8.csv
deviation,6,6-8,intermediate_6_to_8,186,60,true,n,tier2_nawl_academic+nawl_rank_186+grade_estimate_6,intermediate,intermediate,6.107,30.476,13.392,intermediate_seed,intermediate_6_to_8.csv
morphology,6,6-8,intermediate_6_to_8,190,60,true,n,tier2_nawl_academic+nawl_rank_190+grade_estimate_6,intermediate,intermediate,6.107,30.476,13.392,intermediate_seed,intermediate_6_to_8.csv
dangerous,7,6-8,intermediate_6_to_8,1419,60,false,adj,tier1_ngsl_general+ngsl_rank_1419+grade_estimate_7,intermediate,intermediate,4.107,30.476,11.392,intermediate_seed,intermediate_6_to_8.csv
separation,6,6-8,intermediate_6_to_8,194,59,true,n,tier2_nawl_academic+nawl_rank_194+grade_estimate_6,intermediate,intermediate,6.103,30.471,13.387,intermediate_seed,intermediate_6_to_8.csv
convergence,6,6-8,intermediate_6_to_8,195,59,true,n,tier2_nawl_academic+nawl_rank_195+grade_estimate_6,intermediate,intermediate,6.103,30.471,14.887,intermediate_seed,intermediate_6_to_8.csv
radiation,6,6-8,intermediate_6_to_8,199,59,true,n,tier2_nawl_academic+nawl_rank_199+grade_estimate_6,intermediate,intermediate,6.103,30.471,13.387,intermediate_seed,intermediate_6_to_8.csv
violence,7,6-8,intermediate_6_to_8,1436,59,false,n,tier1_ngsl_general+ngsl_rank_1436+grade_estimate_7,intermediate,intermediate,4.103,30.471,11.387,intermediate_seed,intermediate_6_to_8.csv
complement,6,6-8,intermediate_6_to_8,204,58,true,adj,tier2_nawl_academic+nawl_rank_204+grade_estimate_6,intermediate,intermediate,6.1,30.466,13.383,intermediate_seed,intermediate_6_to_8.csv
aggregate,6,6-8,intermediate_6_to_8,207,58,true,v,tier2_nawl_academic+nawl_rank_207+grade_estimate_6,intermediate,intermediate,6.1,30.466,13.383,intermediate_seed,intermediate_6_to_8.csv
equality,6,6-8,intermediate_6_to_8,208,58,true,n,tier2_nawl_academic+nawl_rank_208+grade_estimate_6,intermediate,intermediate,6.1,30.466,13.383,intermediate_seed,intermediate_6_to_8.csv
locate,7,6-8,intermediate_6_to_8,1450,58,false,v,tier1_ngsl_general+ngsl_rank_1450+grade_estimate_7,intermediate,intermediate,4.9,30.466,10.683,intermediate_seed,intermediate_6_to_8.csv
parameter,6,6-8,intermediate_6_to_8,4,273,true,n,tier2_nawl_academic+nawl_rank_4+grade_estimate_6,intermediate,intermediate,6.471,30.461,12.416,intermediate_seed,intermediate_6_to_8.csv
methodology,6,6-8,intermediate_6_to_8,212,57,true,n,tier2_nawl_academic+nawl_rank_212+grade_estimate_6,intermediate,intermediate,6.096,30.461,14.878,intermediate_seed,intermediate_6_to_8.csv
entity,6,6-8,intermediate_6_to_8,213,57,true,n,tier2_nawl_academic+nawl_rank_213+grade_estimate_6,intermediate,intermediate,6.896,30.461,12.678,intermediate_seed,intermediate_6_to_8.csv
psychology,6,6-8,intermediate_6_to_8,217,57,true,n,tier2_nawl_academic+nawl_rank_217+grade_estimate_6,intermediate,intermediate,6.096,30.461,13.378,intermediate_seed,intermediate_6_to_8.csv
arrangement,7,6-8,intermediate_6_to_8,1460,57,false,n,tier1_ngsl_general+ngsl_rank_1460+grade_estimate_7,intermediate,intermediate,4.096,30.461,12.878,intermediate_seed,intermediate_6_to_8.csv
corporate,7,6-8,intermediate_6_to_8,1465,57,false,v,tier1_ngsl_general+ngsl_rank_1465+grade_estimate_7,intermediate,intermediate,4.096,30.461,11.378,intermediate_seed,intermediate_6_to_8.csv
representative,7,6-8,intermediate_6_to_8,1471,57,false,adj,tier1_ngsl_general+ngsl_rank_1471+grade_estimate_7,intermediate,intermediate,4.096,30.461,12.878,intermediate_seed,intermediate_6_to_8.csv
capacity,7,6-8,intermediate_6_to_8,1472,57,false,n,tier1_ngsl_general+ngsl_rank_1472+grade_estimate_7,intermediate,intermediate,4.096,30.461,11.378,intermediate_seed,intermediate_6_to_8.csv
assessment,7,6-8,intermediate_6_to_8,1475,56,false,n,tier1_ngsl_general+ngsl_rank_1475+grade_estimate_7,intermediate,intermediate,4.092,30.456,11.374,intermediate_seed,intermediate_6_to_8.csv
regulation,7,6-8,intermediate_6_to_8,1481,56,false,n,tier1_ngsl_general+ngsl_rank_1481+grade_estimate_7,intermediate,intermediate,4.092,30.456,11.374,intermediate_seed,intermediate_6_to_8.csv
description,7,6-8,intermediate_6_to_8,1492,56,false,n,tier1_ngsl_general+ngsl_rank_1492+grade_estimate_7,intermediate,intermediate,4.092,30.456,12.874,intermediate_seed,intermediate_6_to_8.csv
variability,6,6-8,intermediate_6_to_8,222,55,true,n,tier2_nawl_academic+nawl_rank_222+grade_estimate_6,intermediate,intermediate,6.088,30.45,14.869,intermediate_seed,intermediate_6_to_8.csv
notation,6,6-8,intermediate_6_to_8,224,55,true,n,tier2_nawl_academic+nawl_rank_224+grade_estimate_6,intermediate,intermediate,6.088,30.45,13.369,intermediate_seed,intermediate_6_to_8.csv
migration,6,6-8,intermediate_6_to_8,226,55,true,n,tier2_nawl_academic+nawl_rank_226+grade_estimate_6,intermediate,intermediate,6.088,30.45,13.369,intermediate_seed,intermediate_6_to_8.csv
confidence,7,6-8,intermediate_6_to_8,1493,55,false,n,tier1_ngsl_general+ngsl_rank_1493+grade_estimate_7,intermediate,intermediate,4.088,30.45,11.369,intermediate_seed,intermediate_6_to_8.csv
perspective,7,6-8,intermediate_6_to_8,1496,55,false,adj,tier1_ngsl_general+ngsl_rank_1496+grade_estimate_7,intermediate,intermediate,4.088,30.45,12.869,intermediate_seed,intermediate_6_to_8.csv
leadership,7,6-8,intermediate_6_to_8,1506,55,false,n,tier1_ngsl_general+ngsl_rank_1506+grade_estimate_7,intermediate,intermediate,4.088,30.45,11.369,intermediate_seed,intermediate_6_to_8.csv
aspect,6,6-8,intermediate_6_to_8,5,262,true,n,tier2_nawl_academic+nawl_rank_5+grade_estimate_6,intermediate,intermediate,7.261,30.448,11.704,intermediate_seed,intermediate_6_to_8.csv
inclusion,6,6-8,intermediate_6_to_8,232,54,true,n,tier2_nawl_academic+nawl_rank_232+grade_estimate_6,intermediate,intermediate,6.084,30.445,13.364,intermediate_seed,intermediate_6_to_8.csv
commitment,7,6-8,intermediate_6_to_8,1507,54,false,n,tier1_ngsl_general+ngsl_rank_1507+grade_estimate_7,intermediate,intermediate,4.084,30.445,11.364,intermediate_seed,intermediate_6_to_8.csv
emission,6,6-8,intermediate_6_to_8,233,53,true,n,tier2_nawl_academic+nawl_rank_233+grade_estimate_6,intermediate,intermediate,6.08,30.439,13.36,intermediate_seed,intermediate_6_to_8.csv
inference,6,6-8,intermediate_6_to_8,234,53,true,n,tier2_nawl_academic+nawl_rank_234+grade_estimate_6,intermediate,intermediate,6.08,30.439,13.36,intermediate_seed,intermediate_6_to_8.csv
disturbance,6,6-8,intermediate_6_to_8,238,53,true,n,tier2_nawl_academic+nawl_rank_238+grade_estimate_6,intermediate,intermediate,6.08,30.439,14.86,intermediate_seed,intermediate_6_to_8.csv
investigate,7,6-8,intermediate_6_to_8,1533,53,false,v,tier1_ngsl_general+ngsl_rank_1533+grade_estimate_7,intermediate,intermediate,4.08,30.439,12.86,intermediate_seed,intermediate_6_to_8.csv
recommendation,7,6-8,intermediate_6_to_8,1534,53,false,n,tier1_ngsl_general+ngsl_rank_1534+grade_estimate_7,intermediate,intermediate,4.08,30.439,12.86,intermediate_seed,intermediate_6_to_8.csv
provision,7,6-8,intermediate_6_to_8,1540,53,false,n,tier1_ngsl_general+ngsl_rank_1540+grade_estimate_7,intermediate,intermediate,4.08,30.439,11.36,intermediate_seed,intermediate_6_to_8.csv
concentrate,7,6-8,intermediate_6_to_8,1541,53,false,v,tier1_ngsl_general+ngsl_rank_1541+grade_estimate_7,intermediate,intermediate,4.08,30.439,12.86,intermediate_seed,intermediate_6_to_8.csv
validity,6,6-8,intermediate_6_to_8,241,52,true,n,tier2_nawl_academic+nawl_rank_241+grade_estimate_6,intermediate,intermediate,6.075,30.434,13.355,intermediate_seed,intermediate_6_to_8.csv
archaeology,6,6-8,intermediate_6_to_8,243,52,true,n,tier2_nawl_academic+nawl_rank_243+grade_estimate_6,intermediate,intermediate,6.075,30.434,14.855,intermediate_seed,intermediate_6_to_8.csv
modification,6,6-8,intermediate_6_to_8,245,52,true,n,tier2_nawl_academic+nawl_rank_245+grade_estimate_6,intermediate,intermediate,6.075,30.434,14.855,intermediate_seed,intermediate_6_to_8.csv
partition,6,6-8,intermediate_6_to_8,246,52,true,n,tier2_nawl_academic+nawl_rank_246+grade_estimate_6,intermediate,intermediate,6.075,30.434,13.355,intermediate_seed,intermediate_6_to_8.csv
initiate,6,6-8,intermediate_6_to_8,247,52,true,v,tier2_nawl_academic+nawl_rank_247+grade_estimate_6,intermediate,intermediate,6.075,30.434,13.355,intermediate_seed,intermediate_6_to_8.csv
insist,7,6-8,intermediate_6_to_8,1551,52,false,n,tier1_ngsl_general+ngsl_rank_1551+grade_estimate_7,intermediate,intermediate,4.875,30.434,10.655,intermediate_seed,intermediate_6_to_8.csv
injection,7,6-8,intermediate_6_to_8,259,51,true,n,tier2_nawl_academic+nawl_rank_259+grade_estimate_7,intermediate,intermediate,6.071,30.428,13.35,intermediate_seed,intermediate_6_to_8.csv
judgment,7,6-8,intermediate_6_to_8,1573,51,false,n,tier1_ngsl_general+ngsl_rank_1573+grade_estimate_7,intermediate,intermediate,4.071,30.428,11.35,intermediate_seed,intermediate_6_to_8.csv
definition,7,6-8,intermediate_6_to_8,1577,51,false,n,tier1_ngsl_general+ngsl_rank_1577+grade_estimate_7,intermediate,intermediate,4.071,30.428,11.35,intermediate_seed,intermediate_6_to_8.csv
identity,7,6-8,intermediate_6_to_8,1587,51,false,n,tier1_ngsl_general+ngsl_rank_1587+grade_estimate_7,intermediate,intermediate,4.071,30.428,11.35,intermediate_seed,intermediate_6_to_8.csv
characterization,7,6-8,intermediate_6_to_8,269,50,true,n,tier2_nawl_academic+nawl_rank_269+grade_estimate_7,intermediate,intermediate,6.067,30.423,14.845,intermediate_seed,intermediate_6_to_8.csv
commission,7,6-8,intermediate_6_to_8,1593,50,false,n,tier1_ngsl_general+ngsl_rank_1593+grade_estimate_7,intermediate,intermediate,4.067,30.423,11.345,intermediate_seed,intermediate_6_to_8.csv
association,7,6-8,intermediate_6_to_8,1595,50,false,n,tier1_ngsl_general+ngsl_rank_1595+grade_estimate_7,intermediate,intermediate,4.067,30.423,12.845,intermediate_seed,intermediate_6_to_8.csv
instrument,7,6-8,intermediate_6_to_8,1596,50,false,n,tier1_ngsl_general+ngsl_rank_1596+grade_estimate_7,intermediate,intermediate,4.067,30.423,11.345,intermediate_seed,intermediate_6_to_8.csv
expectation,7,6-8,intermediate_6_to_8,1606,50,false,n,tier1_ngsl_general+ngsl_rank_1606+grade_estimate_7,intermediate,intermediate,4.067,30.423,12.845,intermediate_seed,intermediate_6_to_8.csv
employment,7,6-8,intermediate_6_to_8,1607,50,false,n,tier1_ngsl_general+ngsl_rank_1607+grade_estimate_7,intermediate,intermediate,4.067,30.423,11.345,intermediate_seed,intermediate_6_to_8.csv
approximate,7,6-8,intermediate_6_to_8,272,49,true,v,tier2_nawl_academic+nawl_rank_272+grade_estimate_7,intermediate,intermediate,6.063,30.417,14.84,intermediate_seed,intermediate_6_to_8.csv
comprehension,7,6-8,intermediate_6_to_8,277,49,true,n,tier2_nawl_academic+nawl_rank_277+grade_estimate_7,intermediate,intermediate,6.063,30.417,14.84,intermediate_seed,intermediate_6_to_8.csv
formulation,7,6-8,intermediate_6_to_8,281,49,true,n,tier2_nawl_academic+nawl_rank_281+grade_estimate_7,intermediate,intermediate,6.063,30.417,14.84,intermediate_seed,intermediate_6_to_8.csv
notion,7,6-8,intermediate_6_to_8,1619,49,false,n,tier1_ngsl_general+ngsl_rank_1619+grade_estimate_7,intermediate,intermediate,4.863,30.417,10.64,intermediate_seed,intermediate_6_to_8.csv
conservative,7,6-8,intermediate_6_to_8,1620,49,false,adj,tier1_ngsl_general+ngsl_rank_1620+grade_estimate_7,intermediate,intermediate,4.063,30.417,12.84,intermediate_seed,intermediate_6_to_8.csv
opposition,7,6-8,intermediate_6_to_8,1622,49,false,n,tier1_ngsl_general+ngsl_rank_1622+grade_estimate_7,intermediate,intermediate,4.063,30.417,11.34,intermediate_seed,intermediate_6_to_8.csv
explanation,7,6-8,intermediate_6_to_8,1628,49,false,n,tier1_ngsl_general+ngsl_rank_1628+grade_estimate_7,intermediate,intermediate,4.063,30.417,12.84,intermediate_seed,intermediate_6_to_8.csv
derivative,7,6-8,intermediate_6_to_8,287,48,true,adj,tier2_nawl_academic+nawl_rank_287+grade_estimate_7,intermediate,intermediate,6.058,30.411,13.334,intermediate_seed,intermediate_6_to_8.csv
diffusion,7,6-8,intermediate_6_to_8,290,48,true,n,tier2_nawl_academic+nawl_rank_290+grade_estimate_7,intermediate,intermediate,6.058,30.411,13.334,intermediate_seed,intermediate_6_to_8.csv
competence,7,6-8,intermediate_6_to_8,294,48,true,n,tier2_nawl_academic+nawl_rank_294+grade_estimate_7,intermediate,intermediate,6.058,30.411,13.334,intermediate_seed,intermediate_6_to_8.csv
fusion,7,6-8,intermediate_6_to_8,296,48,true,n,tier2_nawl_academic+nawl_rank_296+grade_estimate_7,intermediate,intermediate,6.858,30.411,12.634,intermediate_seed,intermediate_6_to_8.csv
differentiate,7,6-8,intermediate_6_to_8,299,48,true,v,tier2_nawl_academic+nawl_rank_299+grade_estimate_7,intermediate,intermediate,6.058,30.411,14.834,intermediate_seed,intermediate_6_to_8.csv
native,7,6-8,intermediate_6_to_8,1639,48,false,adj,tier1_ngsl_general+ngsl_rank_1639+grade_estimate_7,intermediate,intermediate,4.858,30.411,10.634,intermediate_seed,intermediate_6_to_8.csv
selection,7,6-8,intermediate_6_to_8,1647,48,false,n,tier1_ngsl_general+ngsl_rank_1647+grade_estimate_7,intermediate,intermediate,4.058,30.411,11.334,intermediate_seed,intermediate_6_to_8.csv
transaction,7,6-8,intermediate_6_to_8,306,47,true,n,tier2_nawl_academic+nawl_rank_306+grade_estimate_7,intermediate,intermediate,6.054,30.405,14.829,intermediate_seed,intermediate_6_to_8.csv
indigenous,7,6-8,intermediate_6_to_8,308,47,true,adj,tier2_nawl_academic+nawl_rank_308+grade_estimate_7,intermediate,intermediate,6.054,30.405,13.329,intermediate_seed,intermediate_6_to_8.csv
personality,7,6-8,intermediate_6_to_8,1652,47,false,n,tier1_ngsl_general+ngsl_rank_1652+grade_estimate_7,intermediate,intermediate,4.054,30.405,12.829,intermediate_seed,intermediate_6_to_8.csv
proportion,7,6-8,intermediate_6_to_8,1663,47,false,n,tier1_ngsl_general+ngsl_rank_1663+grade_estimate_7,intermediate,intermediate,4.054,30.405,11.329,intermediate_seed,intermediate_6_to_8.csv
unity,7,6-8,intermediate_6_to_8,318,46,true,n,tier2_nawl_academic+nawl_rank_318+grade_estimate_7,intermediate,intermediate,6.849,30.399,12.624,intermediate_seed,intermediate_6_to_8.csv
differentiation,7,6-8,intermediate_6_to_8,321,46,true,n,tier2_nawl_academic+nawl_rank_321+grade_estimate_7,intermediate,intermediate,6.049,30.399,14.824,intermediate_seed,intermediate_6_to_8.csv
minimize,7,6-8,intermediate_6_to_8,323,46,true,v,tier2_nawl_academic+nawl_rank_323+grade_estimate_7,intermediate,intermediate,6.049,30.399,13.324,intermediate_seed,intermediate_6_to_8.csv
selective,7,6-8,intermediate_6_to_8,324,46,true,adj,tier2_nawl_academic+nawl_rank_324+grade_estimate_7,intermediate,intermediate,6.049,30.399,13.324,intermediate_seed,intermediate_6_to_8.csv
availability,7,6-8,intermediate_6_to_8,325,46,true,n,tier2_nawl_academic+nawl_rank_325+grade_estimate_7,intermediate,intermediate,6.049,30.399,14.824,intermediate_seed,intermediate_6_to_8.csv
instruction,7,6-8,intermediate_6_to_8,1672,46,false,n,tier1_ngsl_general+ngsl_rank_1672+grade_estimate_7,intermediate,intermediate,4.049,30.399,12.824,intermediate_seed,intermediate_6_to_8.csv
intelligence,7,6-8,intermediate_6_to_8,1673,46,false,n,tier1_ngsl_general+ngsl_rank_1673+grade_estimate_7,intermediate,intermediate,4.049,30.399,12.824,intermediate_seed,intermediate_6_to_8.csv
reduction,7,6-8,intermediate_6_to_8,1687,46,false,n,tier1_ngsl_general+ngsl_rank_1687+grade_estimate_7,intermediate,intermediate,4.049,30.399,11.324,intermediate_seed,intermediate_6_to_8.csv
impact,6,6-8,intermediate_6_to_8,7,223,true,n,tier2_nawl_academic+nawl_rank_7+grade_estimate_6,intermediate,intermediate,7.22,30.394,11.657,intermediate_seed,intermediate_6_to_8.csv
domain,6,6-8,intermediate_6_to_8,8,222,true,n,tier2_nawl_academic+nawl_rank_8+grade_estimate_6,intermediate,intermediate,7.219,30.392,11.656,intermediate_seed,intermediate_6_to_8.csv
fertility,7,6-8,intermediate_6_to_8,330,45,true,n,tier2_nawl_academic+nawl_rank_330+grade_estimate_7,intermediate,intermediate,6.044,30.392,13.318,intermediate_seed,intermediate_6_to_8.csv
inhibition,7,6-8,intermediate_6_to_8,332,45,true,n,tier2_nawl_academic+nawl_rank_332+grade_estimate_7,intermediate,intermediate,6.044,30.392,13.318,intermediate_seed,intermediate_6_to_8.csv
generalization,7,6-8,intermediate_6_to_8,336,45,true,n,tier2_nawl_academic+nawl_rank_336+grade_estimate_7,intermediate,intermediate,6.044,30.392,14.818,intermediate_seed,intermediate_6_to_8.csv
qualitative,7,6-8,intermediate_6_to_8,337,45,true,adj,tier2_nawl_academic+nawl_rank_337+grade_estimate_7,intermediate,intermediate,6.044,30.392,14.818,intermediate_seed,intermediate_6_to_8.csv
transcription,7,6-8,intermediate_6_to_8,339,45,true,n,tier2_nawl_academic+nawl_rank_339+grade_estimate_7,intermediate,intermediate,6.044,30.392,14.818,intermediate_seed,intermediate_6_to_8.csv
simulate,7,6-8,intermediate_6_to_8,343,45,true,v,tier2_nawl_academic+nawl_rank_343+grade_estimate_7,intermediate,intermediate,6.044,30.392,13.318,intermediate_seed,intermediate_6_to_8.csv
plate,7,6-8,intermediate_6_to_8,1705,45,false,v,tier1_ngsl_general+ngsl_rank_1705+grade_estimate_7,intermediate,intermediate,4.844,30.392,10.618,intermediate_seed,intermediate_6_to_8.csv
attractive,7,6-8,intermediate_6_to_8,1715,45,false,adj,tier1_ngsl_general+ngsl_rank_1715+grade_estimate_7,intermediate,intermediate,4.044,30.392,11.318,intermediate_seed,intermediate_6_to_8.csv
impression,7,6-8,intermediate_6_to_8,1717,45,false,n,tier1_ngsl_general+ngsl_rank_1717+grade_estimate_7,intermediate,intermediate,4.044,30.392,11.318,intermediate_seed,intermediate_6_to_8.csv
adaptive,7,6-8,intermediate_6_to_8,351,44,true,adj,tier2_nawl_academic+nawl_rank_351+grade_estimate_7,intermediate,intermediate,6.039,30.386,13.313,intermediate_seed,intermediate_6_to_8.csv
progressive,7,6-8,intermediate_6_to_8,354,44,true,adj,tier2_nawl_academic+nawl_rank_354+grade_estimate_7,intermediate,intermediate,6.039,30.386,14.813,intermediate_seed,intermediate_6_to_8.csv
legislation,7,6-8,intermediate_6_to_8,1735,44,false,n,tier1_ngsl_general+ngsl_rank_1735+grade_estimate_7,intermediate,intermediate,4.039,30.386,12.813,intermediate_seed,intermediate_6_to_8.csv
implement,7,6-8,intermediate_6_to_8,1740,44,false,v,tier1_ngsl_general+ngsl_rank_1740+grade_estimate_7,intermediate,intermediate,4.039,30.386,11.313,intermediate_seed,intermediate_6_to_8.csv
occupation,7,6-8,intermediate_6_to_8,359,43,true,n,tier2_nawl_academic+nawl_rank_359+grade_estimate_7,intermediate,intermediate,6.035,30.379,13.307,intermediate_seed,intermediate_6_to_8.csv
equivalence,7,6-8,intermediate_6_to_8,360,43,true,n,tier2_nawl_academic+nawl_rank_360+grade_estimate_7,intermediate,intermediate,6.035,30.379,14.807,intermediate_seed,intermediate_6_to_8.csv
productivity,7,6-8,intermediate_6_to_8,362,43,true,n,tier2_nawl_academic+nawl_rank_362+grade_estimate_7,intermediate,intermediate,6.035,30.379,14.807,intermediate_seed,intermediate_6_to_8.csv
intention,7,6-8,intermediate_6_to_8,1764,43,false,n,tier1_ngsl_general+ngsl_rank_1764+grade_estimate_7,intermediate,intermediate,4.035,30.379,11.307,intermediate_seed,intermediate_6_to_8.csv
estate,7,6-8,intermediate_6_to_8,1771,43,false,v,tier1_ngsl_general+ngsl_rank_1771+grade_estimate_7,intermediate,intermediate,4.835,30.379,10.607,intermediate_seed,intermediate_6_to_8.csv
alive,7,6-8,intermediate_6_to_8,1774,43,false,adj,tier1_ngsl_general+ngsl_rank_1774+grade_estimate_7,intermediate,intermediate,4.835,30.379,10.607,intermediate_seed,intermediate_6_to_8.csv
enormous,7,6-8,intermediate_6_to_8,1780,42,false,adj,tier1_ngsl_general+ngsl_rank_1780+grade_estimate_7,intermediate,intermediate,4.03,30.373,11.301,intermediate_seed,intermediate_6_to_8.csv
priority,7,6-8,intermediate_6_to_8,1793,42,false,n,tier1_ngsl_general+ngsl_rank_1793+grade_estimate_7,intermediate,intermediate,4.03,30.373,11.301,intermediate_seed,intermediate_6_to_8.csv
resolution,7,6-8,intermediate_6_to_8,1799,42,false,n,tier1_ngsl_general+ngsl_rank_1799+grade_estimate_7,intermediate,intermediate,4.03,30.373,11.301,intermediate_seed,intermediate_6_to_8.csv
communicate,7,6-8,intermediate_6_to_8,1800,42,false,v,tier1_ngsl_general+ngsl_rank_1800+grade_estimate_7,intermediate,intermediate,4.03,30.373,12.801,intermediate_seed,intermediate_6_to_8.csv
assignment,7,6-8,intermediate_6_to_8,377,41,true,adj,tier2_nawl_academic+nawl_rank_377+grade_estimate_7,intermediate,intermediate,6.025,30.366,13.295,intermediate_seed,intermediate_6_to_8.csv
replicate,7,6-8,intermediate_6_to_8,378,41,true,v,tier2_nawl_academic+nawl_rank_378+grade_estimate_7,intermediate,intermediate,6.025,30.366,13.295,intermediate_seed,intermediate_6_to_8.csv
exhibition,7,6-8,intermediate_6_to_8,1803,41,false,n,tier1_ngsl_general+ngsl_rank_1803+grade_estimate_7,intermediate,intermediate,4.025,30.366,11.295,intermediate_seed,intermediate_6_to_8.csv
immediate,7,6-8,intermediate_6_to_8,1806,41,false,adj,tier1_ngsl_general+ngsl_rank_1806+grade_estimate_7,intermediate,intermediate,4.025,30.366,11.295,intermediate_seed,intermediate_6_to_8.csv
competitive,7,6-8,intermediate_6_to_8,1824,41,false,adj,tier1_ngsl_general+ngsl_rank_1824+grade_estimate_7,intermediate,intermediate,4.025,30.366,12.795,intermediate_seed,intermediate_6_to_8.csv
disability,7,6-8,intermediate_6_to_8,380,40,true,n,tier2_nawl_academic+nawl_rank_380+grade_estimate_7,intermediate,intermediate,6.019,30.359,13.289,intermediate_seed,intermediate_6_to_8.csv
contradiction,7,6-8,intermediate_6_to_8,383,40,true,n,tier2_nawl_academic+nawl_rank_383+grade_estimate_7,intermediate,intermediate,6.019,30.359,14.789,intermediate_seed,intermediate_6_to_8.csv
correction,7,6-8,intermediate_6_to_8,386,40,true,n,tier2_nawl_academic+nawl_rank_386+grade_estimate_7,intermediate,intermediate,6.019,30.359,13.289,intermediate_seed,intermediate_6_to_8.csv
primitive,7,6-8,intermediate_6_to_8,389,40,true,adj,tier2_nawl_academic+nawl_rank_389+grade_estimate_7,intermediate,intermediate,6.019,30.359,13.289,intermediate_seed,intermediate_6_to_8.csv
accumulation,7,6-8,intermediate_6_to_8,391,40,true,n,tier2_nawl_academic+nawl_rank_391+grade_estimate_7,intermediate,intermediate,6.019,30.359,14.789,intermediate_seed,intermediate_6_to_8.csv
existence,7,6-8,intermediate_6_to_8,1835,40,false,n,tier1_ngsl_general+ngsl_rank_1835+grade_estimate_7,intermediate,intermediate,4.019,30.359,11.289,intermediate_seed,intermediate_6_to_8.csv
appointment,7,6-8,intermediate_6_to_8,1839,40,false,n,tier1_ngsl_general+ngsl_rank_1839+grade_estimate_7,intermediate,intermediate,4.019,30.359,12.789,intermediate_seed,intermediate_6_to_8.csv
emphasize,7,6-8,intermediate_6_to_8,1840,40,false,v,tier1_ngsl_general+ngsl_rank_1840+grade_estimate_7,intermediate,intermediate,4.019,30.359,11.289,intermediate_seed,intermediate_6_to_8.csv
initiative,7,6-8,intermediate_6_to_8,1845,40,false,adj,tier1_ngsl_general+ngsl_rank_1845+grade_estimate_7,intermediate,intermediate,4.019,30.359,11.289,intermediate_seed,intermediate_6_to_8.csv
motion,7,6-8,intermediate_6_to_8,1848,40,false,n,tier1_ngsl_general+ngsl_rank_1848+grade_estimate_7,intermediate,intermediate,4.819,30.359,10.589,intermediate_seed,intermediate_6_to_8.csv
complicate,7,6-8,intermediate_6_to_8,1851,40,false,v,tier1_ngsl_general+ngsl_rank_1851+grade_estimate_7,intermediate,intermediate,4.019,30.359,11.289,intermediate_seed,intermediate_6_to_8.csv
assumption,7,6-8,intermediate_6_to_8,1855,40,false,n,tier1_ngsl_general+ngsl_rank_1855+grade_estimate_7,intermediate,intermediate,4.019,30.359,11.289,intermediate_seed,intermediate_6_to_8.csv
reputation,7,6-8,intermediate_6_to_8,1859,40,false,n,tier1_ngsl_general+ngsl_rank_1859+grade_estimate_7,intermediate,intermediate,4.019,30.359,11.289,intermediate_seed,intermediate_6_to_8.csv
negotiation,7,6-8,intermediate_6_to_8,1861,40,false,n,tier1_ngsl_general+ngsl_rank_1861+grade_estimate_7,intermediate,intermediate,4.019,30.359,12.789,intermediate_seed,intermediate_6_to_8.csv
substrate,7,6-8,intermediate_6_to_8,394,39,true,v,tier2_nawl_academic+nawl_rank_394+grade_estimate_7,intermediate,intermediate,6.014,30.352,13.283,intermediate_seed,intermediate_6_to_8.csv
discrimination,7,6-8,intermediate_6_to_8,396,39,true,n,tier2_nawl_academic+nawl_rank_396+grade_estimate_7,intermediate,intermediate,6.014,30.352,14.783,intermediate_seed,intermediate_6_to_8.csv
randomize,7,6-8,intermediate_6_to_8,398,39,true,v,tier2_nawl_academic+nawl_rank_398+grade_estimate_7,intermediate,intermediate,6.014,30.352,13.283,intermediate_seed,intermediate_6_to_8.csv
mechanism,7,6-8,intermediate_6_to_8,1862,39,false,n,tier1_ngsl_general+ngsl_rank_1862+grade_estimate_7,intermediate,intermediate,4.014,30.352,11.283,intermediate_seed,intermediate_6_to_8.csv
observation,7,6-8,intermediate_6_to_8,1868,39,false,n,tier1_ngsl_general+ngsl_rank_1868+grade_estimate_7,intermediate,intermediate,4.014,30.352,12.783,intermediate_seed,intermediate_6_to_8.csv
concentration,7,6-8,intermediate_6_to_8,1870,39,false,n,tier1_ngsl_general+ngsl_rank_1870+grade_estimate_7,intermediate,intermediate,4.014,30.352,12.783,intermediate_seed,intermediate_6_to_8.csv
implication,7,6-8,intermediate_6_to_8,1871,39,false,n,tier1_ngsl_general+ngsl_rank_1871+grade_estimate_7,intermediate,intermediate,4.014,30.352,12.783,intermediate_seed,intermediate_6_to_8.csv
spontaneous,7,6-8,intermediate_6_to_8,403,38,true,adj,tier2_nawl_academic+nawl_rank_403+grade_estimate_7,intermediate,intermediate,6.009,30.345,14.777,intermediate_seed,intermediate_6_to_8.csv
reliability,7,6-8,intermediate_6_to_8,404,38,true,n,tier2_nawl_academic+nawl_rank_404+grade_estimate_7,intermediate,intermediate,6.009,30.345,14.777,intermediate_seed,intermediate_6_to_8.csv
accommodation,7,6-8,intermediate_6_to_8,1903,38,false,n,tier1_ngsl_general+ngsl_rank_1903+grade_estimate_7,intermediate,intermediate,4.009,30.345,12.777,intermediate_seed,intermediate_6_to_8.csv
exception,7,6-8,intermediate_6_to_8,1908,38,false,n,tier1_ngsl_general+ngsl_rank_1908+grade_estimate_7,intermediate,intermediate,4.009,30.345,11.277,intermediate_seed,intermediate_6_to_8.csv
corporation,7,6-8,intermediate_6_to_8,1909,38,false,n,tier1_ngsl_general+ngsl_rank_1909+grade_estimate_7,intermediate,intermediate,4.009,30.345,12.777,intermediate_seed,intermediate_6_to_8.csv
creation,7,6-8,intermediate_6_to_8,1929,38,false,n,tier1_ngsl_general+ngsl_rank_1929+grade_estimate_7,intermediate,intermediate,4.009,30.345,11.277,intermediate_seed,intermediate_6_to_8.csv
update,7,6-8,intermediate_6_to_8,1933,38,false,v,tier1_ngsl_general+ngsl_rank_1933+grade_estimate_7,intermediate,intermediate,4.809,30.345,10.577,intermediate_seed,intermediate_6_to_8.csv
journalist,7,6-8,intermediate_6_to_8,1939,38,false,n,tier1_ngsl_general+ngsl_rank_1939+grade_estimate_7,intermediate,intermediate,4.009,30.345,11.277,intermediate_seed,intermediate_6_to_8.csv
advertisement,7,6-8,intermediate_6_to_8,1941,38,false,n,tier1_ngsl_general+ngsl_rank_1941+grade_estimate_7,intermediate,intermediate,4.009,30.345,12.777,intermediate_seed,intermediate_6_to_8.csv
elaborate,7,6-8,intermediate_6_to_8,407,37,true,v,tier2_nawl_academic+nawl_rank_407+grade_estimate_7,intermediate,intermediate,6.003,30.338,13.27,intermediate_seed,intermediate_6_to_8.csv
reproduction,7,6-8,intermediate_6_to_8,410,37,true,n,tier2_nawl_academic+nawl_rank_410+grade_estimate_7,intermediate,intermediate,6.003,30.338,14.77,intermediate_seed,intermediate_6_to_8.csv
dominance,7,6-8,intermediate_6_to_8,411,37,true,n,tier2_nawl_academic+nawl_rank_411+grade_estimate_7,intermediate,intermediate,6.003,30.338,13.27,intermediate_seed,intermediate_6_to_8.csv
allocation,7,6-8,intermediate_6_to_8,412,37,true,n,tier2_nawl_academic+nawl_rank_412+grade_estimate_7,intermediate,intermediate,6.003,30.338,13.27,intermediate_seed,intermediate_6_to_8.csv
productive,7,6-8,intermediate_6_to_8,414,37,true,adj,tier2_nawl_academic+nawl_rank_414+grade_estimate_7,intermediate,intermediate,6.003,30.338,13.27,intermediate_seed,intermediate_6_to_8.csv
conscious,7,6-8,intermediate_6_to_8,416,37,true,adj,tier2_nawl_academic+nawl_rank_416+grade_estimate_7,intermediate,intermediate,6.003,30.338,13.27,intermediate_seed,intermediate_6_to_8.csv
circulation,7,6-8,intermediate_6_to_8,422,37,true,n,tier2_nawl_academic+nawl_rank_422+grade_estimate_7,intermediate,intermediate,6.003,30.338,14.77,intermediate_seed,intermediate_6_to_8.csv
integrate,7,6-8,intermediate_6_to_8,1955,37,false,v,tier1_ngsl_general+ngsl_rank_1955+grade_estimate_7,intermediate,intermediate,4.003,30.338,11.27,intermediate_seed,intermediate_6_to_8.csv
criticism,7,6-8,intermediate_6_to_8,1956,37,false,n,tier1_ngsl_general+ngsl_rank_1956+grade_estimate_7,intermediate,intermediate,4.003,30.338,11.27,intermediate_seed,intermediate_6_to_8.csv
convention,7,6-8,intermediate_6_to_8,1957,37,false,n,tier1_ngsl_general+ngsl_rank_1957+grade_estimate_7,intermediate,intermediate,4.003,30.338,11.27,intermediate_seed,intermediate_6_to_8.csv
sequence,7,6-8,intermediate_6_to_8,1960,37,false,n,tier1_ngsl_general+ngsl_rank_1960+grade_estimate_7,intermediate,intermediate,4.003,30.338,11.27,intermediate_seed,intermediate_6_to_8.csv
examination,7,6-8,intermediate_6_to_8,1966,37,false,n,tier1_ngsl_general+ngsl_rank_1966+grade_estimate_7,intermediate,intermediate,4.003,30.338,12.77,intermediate_seed,intermediate_6_to_8.csv
necessity,7,6-8,intermediate_6_to_8,424,36,true,n,tier2_nawl_academic+nawl_rank_424+grade_estimate_7,intermediate,intermediate,5.998,30.33,13.264,intermediate_seed,intermediate_6_to_8.csv
subjective,7,6-8,intermediate_6_to_8,428,36,true,adj,tier2_nawl_academic+nawl_rank_428+grade_estimate_7,intermediate,intermediate,5.998,30.33,13.264,intermediate_seed,intermediate_6_to_8.csv
accumulate,7,6-8,intermediate_6_to_8,429,36,true,v,tier2_nawl_academic+nawl_rank_429+grade_estimate_7,intermediate,intermediate,5.998,30.33,13.264,intermediate_seed,intermediate_6_to_8.csv
rejection,7,6-8,intermediate_6_to_8,430,36,true,n,tier2_nawl_academic+nawl_rank_430+grade_estimate_7,intermediate,intermediate,5.998,30.33,13.264,intermediate_seed,intermediate_6_to_8.csv
maximize,7,6-8,intermediate_6_to_8,431,36,true,v,tier2_nawl_academic+nawl_rank_431+grade_estimate_7,intermediate,intermediate,5.998,30.33,13.264,intermediate_seed,intermediate_6_to_8.csv
replacement,7,6-8,intermediate_6_to_8,432,36,true,adj,tier2_nawl_academic+nawl_rank_432+grade_estimate_7,intermediate,intermediate,5.998,30.33,14.764,intermediate_seed,intermediate_6_to_8.csv
complication,7,6-8,intermediate_6_to_8,434,36,true,n,tier2_nawl_academic+nawl_rank_434+grade_estimate_7,intermediate,intermediate,5.998,30.33,14.764,intermediate_seed,intermediate_6_to_8.csv
revolution,7,6-8,intermediate_6_to_8,1970,36,false,n,tier1_ngsl_general+ngsl_rank_1970+grade_estimate_7,intermediate,intermediate,3.998,30.33,11.264,intermediate_seed,intermediate_6_to_8.csv
derive,7,6-8,intermediate_6_to_8,1982,36,false,v,tier1_ngsl_general+ngsl_rank_1982+grade_estimate_7,intermediate,intermediate,4.798,30.33,10.564,intermediate_seed,intermediate_6_to_8.csv
minority,7,6-8,intermediate_6_to_8,1987,36,false,n,tier1_ngsl_general+ngsl_rank_1987+grade_estimate_7,intermediate,intermediate,3.998,30.33,11.264,intermediate_seed,intermediate_6_to_8.csv
interpretation,7,6-8,intermediate_6_to_8,1989,36,false,n,tier1_ngsl_general+ngsl_rank_1989+grade_estimate_7,intermediate,intermediate,3.998,30.33,12.764,intermediate_seed,intermediate_6_to_8.csv
achievement,7,6-8,intermediate_6_to_8,2001,36,false,n,tier1_ngsl_general+ngsl_rank_2001+grade_estimate_7,intermediate,intermediate,3.998,30.33,12.764,intermediate_seed,intermediate_6_to_8.csv
negotiate,7,6-8,intermediate_6_to_8,2002,36,false,v,tier1_ngsl_general+ngsl_rank_2002+grade_estimate_7,intermediate,intermediate,3.998,30.33,11.264,intermediate_seed,intermediate_6_to_8.csv
dominate,7,6-8,intermediate_6_to_8,2003,36,false,v,tier1_ngsl_general+ngsl_rank_2003+grade_estimate_7,intermediate,intermediate,3.998,30.33,11.264,intermediate_seed,intermediate_6_to_8.csv
prize,7,6-8,intermediate_6_to_8,2005,36,false,v,tier1_ngsl_general+ngsl_rank_2005+grade_estimate_7,intermediate,intermediate,4.798,30.33,10.564,intermediate_seed,intermediate_6_to_8.csv
acquisition,7,6-8,intermediate_6_to_8,2010,36,false,n,tier1_ngsl_general+ngsl_rank_2010+grade_estimate_7,intermediate,intermediate,3.998,30.33,12.764,intermediate_seed,intermediate_6_to_8.csv
denote,6,6-8,intermediate_6_to_8,10,181,true,v,tier2_nawl_academic+nawl_rank_10+grade_estimate_6,intermediate,intermediate,7.169,30.325,11.597,intermediate_seed,intermediate_6_to_8.csv
absorption,7,6-8,intermediate_6_to_8,437,35,true,n,tier2_nawl_academic+nawl_rank_437+grade_estimate_7,intermediate,intermediate,5.992,30.323,13.257,intermediate_seed,intermediate_6_to_8.csv
tolerance,7,6-8,intermediate_6_to_8,441,35,true,n,tier2_nawl_academic+nawl_rank_441+grade_estimate_7,intermediate,intermediate,5.992,30.323,13.257,intermediate_seed,intermediate_6_to_8.csv
mobility,7,6-8,intermediate_6_to_8,445,35,true,n,tier2_nawl_academic+nawl_rank_445+grade_estimate_7,intermediate,intermediate,5.992,30.323,13.257,intermediate_seed,intermediate_6_to_8.csv
manipulation,7,6-8,intermediate_6_to_8,446,35,true,n,tier2_nawl_academic+nawl_rank_446+grade_estimate_7,intermediate,intermediate,5.992,30.323,14.757,intermediate_seed,intermediate_6_to_8.csv
nationalism,7,6-8,intermediate_6_to_8,448,35,true,n,tier2_nawl_academic+nawl_rank_448+grade_estimate_7,intermediate,intermediate,5.992,30.323,14.757,intermediate_seed,intermediate_6_to_8.csv
recognition,7,6-8,intermediate_6_to_8,2013,35,false,n,tier1_ngsl_general+ngsl_rank_2013+grade_estimate_7,intermediate,intermediate,3.992,30.323,12.757,intermediate_seed,intermediate_6_to_8.csv
electricity,7,6-8,intermediate_6_to_8,2014,35,false,n,tier1_ngsl_general+ngsl_rank_2014+grade_estimate_7,intermediate,intermediate,3.992,30.323,12.757,intermediate_seed,intermediate_6_to_8.csv
assistance,7,6-8,intermediate_6_to_8,2015,35,false,n,tier1_ngsl_general+ngsl_rank_2015+grade_estimate_7,intermediate,intermediate,3.992,30.323,11.257,intermediate_seed,intermediate_6_to_8.csv
retirement,7,6-8,intermediate_6_to_8,2017,35,false,n,tier1_ngsl_general+ngsl_rank_2017+grade_estimate_7,intermediate,intermediate,3.992,30.323,11.257,intermediate_seed,intermediate_6_to_8.csv
variation,7,6-8,intermediate_6_to_8,2019,35,false,n,tier1_ngsl_general+ngsl_rank_2019+grade_estimate_7,intermediate,intermediate,3.992,30.323,11.257,intermediate_seed,intermediate_6_to_8.csv
representation,7,6-8,intermediate_6_to_8,2027,35,false,n,tier1_ngsl_general+ngsl_rank_2027+grade_estimate_7,intermediate,intermediate,3.992,30.323,12.757,intermediate_seed,intermediate_6_to_8.csv
preparation,7,6-8,intermediate_6_to_8,2028,35,false,n,tier1_ngsl_general+ngsl_rank_2028+grade_estimate_7,intermediate,intermediate,3.992,30.323,12.757,intermediate_seed,intermediate_6_to_8.csv
entertainment,7,6-8,intermediate_6_to_8,2034,35,false,n,tier1_ngsl_general+ngsl_rank_2034+grade_estimate_7,intermediate,intermediate,3.992,30.323,12.757,intermediate_seed,intermediate_6_to_8.csv
publication,7,6-8,intermediate_6_to_8,2041,35,false,n,tier1_ngsl_general+ngsl_rank_2041+grade_estimate_7,intermediate,intermediate,3.992,30.323,12.757,intermediate_seed,intermediate_6_to_8.csv
specialist,7,6-8,intermediate_6_to_8,2063,34,false,n,tier1_ngsl_general+ngsl_rank_2063+grade_estimate_7,intermediate,intermediate,3.986,30.315,11.25,intermediate_seed,intermediate_6_to_8.csv
numerous,7,6-8,intermediate_6_to_8,2069,34,false,adj,tier1_ngsl_general+ngsl_rank_2069+grade_estimate_7,intermediate,intermediate,3.986,30.315,11.25,intermediate_seed,intermediate_6_to_8.csv
sensitive,7,6-8,intermediate_6_to_8,2077,34,false,adj,tier1_ngsl_general+ngsl_rank_2077+grade_estimate_7,intermediate,intermediate,3.986,30.315,11.25,intermediate_seed,intermediate_6_to_8.csv
eliminate,7,6-8,intermediate_6_to_8,2082,34,false,v,tier1_ngsl_general+ngsl_rank_2082+grade_estimate_7,intermediate,intermediate,3.986,30.315,11.25,intermediate_seed,intermediate_6_to_8.csv
semantic,6,6-8,intermediate_6_to_8,12,173,true,adj,tier2_nawl_academic+nawl_rank_12+grade_estimate_6,intermediate,intermediate,6.357,30.31,12.284,intermediate_seed,intermediate_6_to_8.csv
justification,7,6-8,intermediate_6_to_8,462,33,true,n,tier2_nawl_academic+nawl_rank_462+grade_estimate_7,intermediate,intermediate,5.98,30.307,14.743,intermediate_seed,intermediate_6_to_8.csv
execution,7,6-8,intermediate_6_to_8,467,33,true,n,tier2_nawl_academic+nawl_rank_467+grade_estimate_7,intermediate,intermediate,5.98,30.307,13.243,intermediate_seed,intermediate_6_to_8.csv
hence,7,6-8,intermediate_6_to_8,2094,33,false,n,tier1_ngsl_general+ngsl_rank_2094+grade_estimate_7,intermediate,intermediate,4.78,30.307,10.543,intermediate_seed,intermediate_6_to_8.csv
assist,7,6-8,intermediate_6_to_8,2099,33,false,n,tier1_ngsl_general+ngsl_rank_2099+grade_estimate_7,intermediate,intermediate,4.78,30.307,10.543,intermediate_seed,intermediate_6_to_8.csv
perceive,7,6-8,intermediate_6_to_8,2103,33,false,adj,tier1_ngsl_general+ngsl_rank_2103+grade_estimate_7,intermediate,intermediate,3.98,30.307,11.243,intermediate_seed,intermediate_6_to_8.csv
terrorist,7,6-8,intermediate_6_to_8,2121,33,false,n,tier1_ngsl_general+ngsl_rank_2121+grade_estimate_7,intermediate,intermediate,3.98,30.307,11.243,intermediate_seed,intermediate_6_to_8.csv
fascinate,7,6-8,intermediate_6_to_8,2124,33,false,v,tier1_ngsl_general+ngsl_rank_2124+grade_estimate_7,intermediate,intermediate,3.98,30.307,11.243,intermediate_seed,intermediate_6_to_8.csv
distinction,7,6-8,intermediate_6_to_8,2132,33,false,n,tier1_ngsl_general+ngsl_rank_2132+grade_estimate_7,intermediate,intermediate,3.98,30.307,12.743,intermediate_seed,intermediate_6_to_8.csv
satisfaction,7,6-8,intermediate_6_to_8,2133,33,false,n,tier1_ngsl_general+ngsl_rank_2133+grade_estimate_7,intermediate,intermediate,3.98,30.307,12.743,intermediate_seed,intermediate_6_to_8.csv
incorporate,7,6-8,intermediate_6_to_8,2134,33,false,v,tier1_ngsl_general+ngsl_rank_2134+grade_estimate_7,intermediate,intermediate,3.98,30.307,12.743,intermediate_seed,intermediate_6_to_8.csv
obligation,7,6-8,intermediate_6_to_8,2137,33,false,n,tier1_ngsl_general+ngsl_rank_2137+grade_estimate_7,intermediate,intermediate,3.98,30.307,11.243,intermediate_seed,intermediate_6_to_8.csv
ultimate,7,6-8,intermediate_6_to_8,469,32,true,v,tier2_nawl_academic+nawl_rank_469+grade_estimate_7,intermediate,intermediate,5.974,30.299,13.236,intermediate_seed,intermediate_6_to_8.csv
acceleration,7,6-8,intermediate_6_to_8,472,32,true,n,tier2_nawl_academic+nawl_rank_472+grade_estimate_7,intermediate,intermediate,5.974,30.299,14.736,intermediate_seed,intermediate_6_to_8.csv
evaluate,7,6-8,intermediate_6_to_8,2139,32,false,v,tier1_ngsl_general+ngsl_rank_2139+grade_estimate_7,intermediate,intermediate,3.974,30.299,11.236,intermediate_seed,intermediate_6_to_8.csv
perception,7,6-8,intermediate_6_to_8,2142,32,false,n,tier1_ngsl_general+ngsl_rank_2142+grade_estimate_7,intermediate,intermediate,3.974,30.299,11.236,intermediate_seed,intermediate_6_to_8.csv
expansion,7,6-8,intermediate_6_to_8,2153,32,false,n,tier1_ngsl_general+ngsl_rank_2153+grade_estimate_7,intermediate,intermediate,3.974,30.299,11.236,intermediate_seed,intermediate_6_to_8.csv
apartment,7,6-8,intermediate_6_to_8,2168,32,false,n,tier1_ngsl_general+ngsl_rank_2168+grade_estimate_7,intermediate,intermediate,3.974,30.299,11.236,intermediate_seed,intermediate_6_to_8.csv
demonstration,7,6-8,intermediate_6_to_8,2169,32,false,n,tier1_ngsl_general+ngsl_rank_2169+grade_estimate_7,intermediate,intermediate,3.974,30.299,12.736,intermediate_seed,intermediate_6_to_8.csv
matrix,6,6-8,intermediate_6_to_8,15,165,true,n,tier2_nawl_academic+nawl_rank_15+grade_estimate_6,intermediate,intermediate,7.146,30.294,11.57,intermediate_seed,intermediate_6_to_8.csv
linear,6,6-8,intermediate_6_to_8,16,163,true,adj,tier2_nawl_academic+nawl_rank_16+grade_estimate_6,intermediate,intermediate,7.143,30.29,11.567,intermediate_seed,intermediate_6_to_8.csv
objection,7,6-8,intermediate_6_to_8,482,31,true,n,tier2_nawl_academic+nawl_rank_482+grade_estimate_7,intermediate,intermediate,5.968,30.29,13.229,intermediate_seed,intermediate_6_to_8.csv
replication,7,6-8,intermediate_6_to_8,488,31,true,n,tier2_nawl_academic+nawl_rank_488+grade_estimate_7,intermediate,intermediate,5.968,30.29,14.729,intermediate_seed,intermediate_6_to_8.csv
admission,7,6-8,intermediate_6_to_8,490,31,true,n,tier2_nawl_academic+nawl_rank_490+grade_estimate_7,intermediate,intermediate,5.968,30.29,13.229,intermediate_seed,intermediate_6_to_8.csv
restriction,7,6-8,intermediate_6_to_8,2176,31,false,n,tier1_ngsl_general+ngsl_rank_2176+grade_estimate_7,intermediate,intermediate,3.968,30.29,12.729,intermediate_seed,intermediate_6_to_8.csv
foundation,7,6-8,intermediate_6_to_8,2177,31,false,n,tier1_ngsl_general+ngsl_rank_2177+grade_estimate_7,intermediate,intermediate,3.968,30.29,11.229,intermediate_seed,intermediate_6_to_8.csv
innovation,7,6-8,intermediate_6_to_8,2180,31,false,n,tier1_ngsl_general+ngsl_rank_2180+grade_estimate_7,intermediate,intermediate,3.968,30.29,11.229,intermediate_seed,intermediate_6_to_8.csv
extension,7,6-8,intermediate_6_to_8,2186,31,false,n,tier1_ngsl_general+ngsl_rank_2186+grade_estimate_7,intermediate,intermediate,3.968,30.29,11.229,intermediate_seed,intermediate_6_to_8.csv
transition,7,6-8,intermediate_6_to_8,2195,31,false,n,tier1_ngsl_general+ngsl_rank_2195+grade_estimate_7,intermediate,intermediate,3.968,30.29,11.229,intermediate_seed,intermediate_6_to_8.csv
creative,8,6-8,intermediate_6_to_8,2209,31,false,adj,tier1_ngsl_general+ngsl_rank_2209+grade_estimate_8,intermediate,intermediate,3.968,30.29,11.229,intermediate_seed,intermediate_6_to_8.csv
substance,8,6-8,intermediate_6_to_8,2230,31,false,n,tier1_ngsl_general+ngsl_rank_2230+grade_estimate_8,intermediate,intermediate,3.968,30.29,11.229,intermediate_seed,intermediate_6_to_8.csv
extensive,8,6-8,intermediate_6_to_8,2231,31,false,adj,tier1_ngsl_general+ngsl_rank_2231+grade_estimate_8,intermediate,intermediate,3.968,30.29,11.229,intermediate_seed,intermediate_6_to_8.csv
displacement,7,6-8,intermediate_6_to_8,495,30,true,adj,tier2_nawl_academic+nawl_rank_495+grade_estimate_7,intermediate,intermediate,5.961,30.282,14.721,intermediate_seed,intermediate_6_to_8.csv
standardize,7,6-8,intermediate_6_to_8,497,30,true,v,tier2_nawl_academic+nawl_rank_497+grade_estimate_7,intermediate,intermediate,5.961,30.282,14.721,intermediate_seed,intermediate_6_to_8.csv
civilization,7,6-8,intermediate_6_to_8,498,30,true,n,tier2_nawl_academic+nawl_rank_498+grade_estimate_7,intermediate,intermediate,5.961,30.282,14.721,intermediate_seed,intermediate_6_to_8.csv
legitimate,7,6-8,intermediate_6_to_8,502,30,true,v,tier2_nawl_academic+nawl_rank_502+grade_estimate_7,intermediate,intermediate,5.961,30.282,13.221,intermediate_seed,intermediate_6_to_8.csv
intervention,8,6-8,intermediate_6_to_8,2242,30,false,n,tier1_ngsl_general+ngsl_rank_2242+grade_estimate_8,intermediate,intermediate,3.961,30.282,12.721,intermediate_seed,intermediate_6_to_8.csv
membership,8,6-8,intermediate_6_to_8,2261,30,false,n,tier1_ngsl_general+ngsl_rank_2261+grade_estimate_8,intermediate,intermediate,3.961,30.282,11.221,intermediate_seed,intermediate_6_to_8.csv
accurate,8,6-8,intermediate_6_to_8,2283,30,false,v,tier1_ngsl_general+ngsl_rank_2283+grade_estimate_8,intermediate,intermediate,3.961,30.282,11.221,intermediate_seed,intermediate_6_to_8.csv
sophisticate,7,6-8,intermediate_6_to_8,503,29,true,v,tier2_nawl_academic+nawl_rank_503+grade_estimate_7,intermediate,intermediate,5.955,30.273,14.714,intermediate_seed,intermediate_6_to_8.csv
accelerate,7,6-8,intermediate_6_to_8,504,29,true,v,tier2_nawl_academic+nawl_rank_504+grade_estimate_7,intermediate,intermediate,5.955,30.273,13.214,intermediate_seed,intermediate_6_to_8.csv
progression,7,6-8,intermediate_6_to_8,510,29,true,n,tier2_nawl_academic+nawl_rank_510+grade_estimate_7,intermediate,intermediate,5.955,30.273,14.714,intermediate_seed,intermediate_6_to_8.csv
scholarship,7,6-8,intermediate_6_to_8,513,29,true,n,tier2_nawl_academic+nawl_rank_513+grade_estimate_7,intermediate,intermediate,5.955,30.273,14.714,intermediate_seed,intermediate_6_to_8.csv
oscillation,7,6-8,intermediate_6_to_8,516,29,true,n,tier2_nawl_academic+nawl_rank_516+grade_estimate_7,intermediate,intermediate,5.955,30.273,14.714,intermediate_seed,intermediate_6_to_8.csv
theorist,7,6-8,intermediate_6_to_8,518,29,true,n,tier2_nawl_academic+nawl_rank_518+grade_estimate_7,intermediate,intermediate,5.955,30.273,13.214,intermediate_seed,intermediate_6_to_8.csv
manipulate,7,6-8,intermediate_6_to_8,519,29,true,v,tier2_nawl_academic+nawl_rank_519+grade_estimate_7,intermediate,intermediate,5.955,30.273,13.214,intermediate_seed,intermediate_6_to_8.csv
alliance,7,6-8,intermediate_6_to_8,520,29,true,n,tier2_nawl_academic+nawl_rank_520+grade_estimate_7,intermediate,intermediate,5.955,30.273,13.214,intermediate_seed,intermediate_6_to_8.csv
resistance,8,6-8,intermediate_6_to_8,2293,29,false,n,tier1_ngsl_general+ngsl_rank_2293+grade_estimate_8,intermediate,intermediate,3.955,30.273,11.214,intermediate_seed,intermediate_6_to_8.csv
apologize,8,6-8,intermediate_6_to_8,2301,29,false,v,tier1_ngsl_general+ngsl_rank_2301+grade_estimate_8,intermediate,intermediate,3.955,30.273,11.214,intermediate_seed,intermediate_6_to_8.csv
involvement,8,6-8,intermediate_6_to_8,2306,29,false,n,tier1_ngsl_general+ngsl_rank_2306+grade_estimate_8,intermediate,intermediate,3.955,30.273,12.714,intermediate_seed,intermediate_6_to_8.csv
translate,8,6-8,intermediate_6_to_8,2310,29,false,v,tier1_ngsl_general+ngsl_rank_2310+grade_estimate_8,intermediate,intermediate,3.955,30.273,11.214,intermediate_seed,intermediate_6_to_8.csv
formation,8,6-8,intermediate_6_to_8,2312,29,false,n,tier1_ngsl_general+ngsl_rank_2312+grade_estimate_8,intermediate,intermediate,3.955,30.273,11.214,intermediate_seed,intermediate_6_to_8.csv
establishment,8,6-8,intermediate_6_to_8,2317,29,false,n,tier1_ngsl_general+ngsl_rank_2317+grade_estimate_8,intermediate,intermediate,3.955,30.273,12.714,intermediate_seed,intermediate_6_to_8.csv
punishment,7,6-8,intermediate_6_to_8,529,28,true,adj,tier2_nawl_academic+nawl_rank_529+grade_estimate_7,intermediate,intermediate,5.948,30.264,13.206,intermediate_seed,intermediate_6_to_8.csv
coordination,7,6-8,intermediate_6_to_8,534,28,true,n,tier2_nawl_academic+nawl_rank_534+grade_estimate_7,intermediate,intermediate,5.948,30.264,14.706,intermediate_seed,intermediate_6_to_8.csv
characterize,8,6-8,intermediate_6_to_8,2325,28,false,v,tier1_ngsl_general+ngsl_rank_2325+grade_estimate_8,intermediate,intermediate,3.948,30.264,12.706,intermediate_seed,intermediate_6_to_8.csv
anticipate,8,6-8,intermediate_6_to_8,2335,28,false,v,tier1_ngsl_general+ngsl_rank_2335+grade_estimate_8,intermediate,intermediate,3.948,30.264,11.206,intermediate_seed,intermediate_6_to_8.csv
specialize,8,6-8,intermediate_6_to_8,2337,28,false,v,tier1_ngsl_general+ngsl_rank_2337+grade_estimate_8,intermediate,intermediate,3.948,30.264,11.206,intermediate_seed,intermediate_6_to_8.csv
moderate,8,6-8,intermediate_6_to_8,2348,28,false,v,tier1_ngsl_general+ngsl_rank_2348+grade_estimate_8,intermediate,intermediate,3.948,30.264,11.206,intermediate_seed,intermediate_6_to_8.csv
significance,8,6-8,intermediate_6_to_8,2351,28,false,n,tier1_ngsl_general+ngsl_rank_2351+grade_estimate_8,intermediate,intermediate,3.948,30.264,12.706,intermediate_seed,intermediate_6_to_8.csv
adequate,8,6-8,intermediate_6_to_8,2358,28,false,v,tier1_ngsl_general+ngsl_rank_2358+grade_estimate_8,intermediate,intermediate,3.948,30.264,11.206,intermediate_seed,intermediate_6_to_8.csv
linguistic,6,6-8,intermediate_6_to_8,20,149,true,adj,tier2_nawl_academic+nawl_rank_20+grade_estimate_6,intermediate,intermediate,6.321,30.261,12.241,intermediate_seed,intermediate_6_to_8.csv
terminology,7,6-8,intermediate_6_to_8,543,27,true,n,tier2_nawl_academic+nawl_rank_543+grade_estimate_7,intermediate,intermediate,5.941,30.255,14.698,intermediate_seed,intermediate_6_to_8.csv
vegetation,7,6-8,intermediate_6_to_8,544,27,true,n,tier2_nawl_academic+nawl_rank_544+grade_estimate_7,intermediate,intermediate,5.941,30.255,13.198,intermediate_seed,intermediate_6_to_8.csv
preference,8,6-8,intermediate_6_to_8,2383,27,false,n,tier1_ngsl_general+ngsl_rank_2383+grade_estimate_8,intermediate,intermediate,3.941,30.255,11.198,intermediate_seed,intermediate_6_to_8.csv
comprehensive,8,6-8,intermediate_6_to_8,2384,27,false,adj,tier1_ngsl_general+ngsl_rank_2384+grade_estimate_8,intermediate,intermediate,3.941,30.255,12.698,intermediate_seed,intermediate_6_to_8.csv
incentive,8,6-8,intermediate_6_to_8,2385,27,false,adj,tier1_ngsl_general+ngsl_rank_2385+grade_estimate_8,intermediate,intermediate,3.941,30.255,11.198,intermediate_seed,intermediate_6_to_8.csv
capability,8,6-8,intermediate_6_to_8,2397,27,false,n,tier1_ngsl_general+ngsl_rank_2397+grade_estimate_8,intermediate,intermediate,3.941,30.255,11.198,intermediate_seed,intermediate_6_to_8.csv
induce,6,6-8,intermediate_6_to_8,22,146,true,v,tier2_nawl_academic+nawl_rank_22+grade_estimate_6,intermediate,intermediate,7.116,30.254,11.535,intermediate_seed,intermediate_6_to_8.csv
interval,6,6-8,intermediate_6_to_8,24,145,true,adj,tier2_nawl_academic+nawl_rank_24+grade_estimate_6,intermediate,intermediate,6.314,30.252,12.233,intermediate_seed,intermediate_6_to_8.csv
discourse,6,6-8,intermediate_6_to_8,25,142,true,n,tier2_nawl_academic+nawl_rank_25+grade_estimate_6,intermediate,intermediate,6.309,30.245,12.227,intermediate_seed,intermediate_6_to_8.csv
intensive,7,6-8,intermediate_6_to_8,548,26,true,adj,tier2_nawl_academic+nawl_rank_548+grade_estimate_7,intermediate,intermediate,5.934,30.245,13.189,intermediate_seed,intermediate_6_to_8.csv
metabolism,7,6-8,intermediate_6_to_8,551,26,true,n,tier2_nawl_academic+nawl_rank_551+grade_estimate_7,intermediate,intermediate,5.934,30.245,13.189,intermediate_seed,intermediate_6_to_8.csv
motive,7,6-8,intermediate_6_to_8,556,26,true,n,tier2_nawl_academic+nawl_rank_556+grade_estimate_7,intermediate,intermediate,6.734,30.245,12.489,intermediate_seed,intermediate_6_to_8.csv
allocate,7,6-8,intermediate_6_to_8,559,26,true,v,tier2_nawl_academic+nawl_rank_559+grade_estimate_7,intermediate,intermediate,5.934,30.245,13.189,intermediate_seed,intermediate_6_to_8.csv
dissertation,7,6-8,intermediate_6_to_8,561,26,true,n,tier2_nawl_academic+nawl_rank_561+grade_estimate_7,intermediate,intermediate,5.934,30.245,14.689,intermediate_seed,intermediate_6_to_8.csv
economist,7,6-8,intermediate_6_to_8,567,26,true,n,tier2_nawl_academic+nawl_rank_567+grade_estimate_7,intermediate,intermediate,5.934,30.245,13.189,intermediate_seed,intermediate_6_to_8.csv
impressive,8,6-8,intermediate_6_to_8,2421,26,false,adj,tier1_ngsl_general+ngsl_rank_2421+grade_estimate_8,intermediate,intermediate,3.934,30.245,11.189,intermediate_seed,intermediate_6_to_8.csv
evolution,8,6-8,intermediate_6_to_8,2422,26,false,n,tier1_ngsl_general+ngsl_rank_2422+grade_estimate_8,intermediate,intermediate,3.934,30.245,11.189,intermediate_seed,intermediate_6_to_8.csv
illustration,8,6-8,intermediate_6_to_8,2435,26,false,n,tier1_ngsl_general+ngsl_rank_2435+grade_estimate_8,intermediate,intermediate,3.934,30.245,12.689,intermediate_seed,intermediate_6_to_8.csv
motivate,8,6-8,intermediate_6_to_8,2441,26,false,v,tier1_ngsl_general+ngsl_rank_2441+grade_estimate_8,intermediate,intermediate,3.934,30.245,11.189,intermediate_seed,intermediate_6_to_8.csv
dedicate,8,6-8,intermediate_6_to_8,2449,26,false,v,tier1_ngsl_general+ngsl_rank_2449+grade_estimate_8,intermediate,intermediate,3.934,30.245,11.189,intermediate_seed,intermediate_6_to_8.csv
evaluation,8,6-8,intermediate_6_to_8,2454,26,false,n,tier1_ngsl_general+ngsl_rank_2454+grade_estimate_8,intermediate,intermediate,3.934,30.245,11.189,intermediate_seed,intermediate_6_to_8.csv
announcement,8,6-8,intermediate_6_to_8,2458,26,false,n,tier1_ngsl_general+ngsl_rank_2458+grade_estimate_8,intermediate,intermediate,3.934,30.245,12.689,intermediate_seed,intermediate_6_to_8.csv
glance,8,6-8,intermediate_6_to_8,2460,26,false,n,tier1_ngsl_general+ngsl_rank_2460+grade_estimate_8,intermediate,intermediate,4.734,30.245,10.489,intermediate_seed,intermediate_6_to_8.csv
aggressive,8,6-8,intermediate_6_to_8,2467,26,false,adj,tier1_ngsl_general+ngsl_rank_2467+grade_estimate_8,intermediate,intermediate,3.934,30.245,11.189,intermediate_seed,intermediate_6_to_8.csv
finite,6,6-8,intermediate_6_to_8,26,141,true,adj,tier2_nawl_academic+nawl_rank_26+grade_estimate_6,intermediate,intermediate,7.107,30.243,11.525,intermediate_seed,intermediate_6_to_8.csv
stimulus,6,6-8,intermediate_6_to_8,27,139,true,n,tier2_nawl_academic+nawl_rank_27+grade_estimate_6,intermediate,intermediate,6.304,30.239,12.221,intermediate_seed,intermediate_6_to_8.csv
vector,6,6-8,intermediate_6_to_8,28,139,true,n,tier2_nawl_academic+nawl_rank_28+grade_estimate_6,intermediate,intermediate,7.104,30.239,11.521,intermediate_seed,intermediate_6_to_8.csv
electron,6,6-8,intermediate_6_to_8,29,138,true,n,tier2_nawl_academic+nawl_rank_29+grade_estimate_6,intermediate,intermediate,6.302,30.236,12.219,intermediate_seed,intermediate_6_to_8.csv
morality,7,6-8,intermediate_6_to_8,572,25,true,n,tier2_nawl_academic+nawl_rank_572+grade_estimate_7,intermediate,intermediate,5.926,30.235,13.181,intermediate_seed,intermediate_6_to_8.csv
communicative,7,6-8,intermediate_6_to_8,573,25,true,adj,tier2_nawl_academic+nawl_rank_573+grade_estimate_7,intermediate,intermediate,5.926,30.235,14.681,intermediate_seed,intermediate_6_to_8.csv
capitalism,7,6-8,intermediate_6_to_8,579,25,true,n,tier2_nawl_academic+nawl_rank_579+grade_estimate_7,intermediate,intermediate,5.926,30.235,13.181,intermediate_seed,intermediate_6_to_8.csv
celebration,8,6-8,intermediate_6_to_8,2477,25,false,n,tier1_ngsl_general+ngsl_rank_2477+grade_estimate_8,intermediate,intermediate,3.926,30.235,12.681,intermediate_seed,intermediate_6_to_8.csv
compensation,8,6-8,intermediate_6_to_8,2479,25,false,n,tier1_ngsl_general+ngsl_rank_2479+grade_estimate_8,intermediate,intermediate,3.926,30.235,12.681,intermediate_seed,intermediate_6_to_8.csv
friendship,8,6-8,intermediate_6_to_8,2486,25,false,n,tier1_ngsl_general+ngsl_rank_2486+grade_estimate_8,intermediate,intermediate,3.926,30.235,11.181,intermediate_seed,intermediate_6_to_8.csv
twist,8,6-8,intermediate_6_to_8,2500,25,false,n,tier1_ngsl_general+ngsl_rank_2500+grade_estimate_8,intermediate,intermediate,4.726,30.235,10.481,intermediate_seed,intermediate_6_to_8.csv
imagination,8,6-8,intermediate_6_to_8,2502,25,false,n,tier1_ngsl_general+ngsl_rank_2502+grade_estimate_8,intermediate,intermediate,3.926,30.235,12.681,intermediate_seed,intermediate_6_to_8.csv
receptor,6,6-8,intermediate_6_to_8,30,137,true,n,tier2_nawl_academic+nawl_rank_30+grade_estimate_6,intermediate,intermediate,6.3,30.234,12.217,intermediate_seed,intermediate_6_to_8.csv
capitalist,7,6-8,intermediate_6_to_8,589,24,true,n,tier2_nawl_academic+nawl_rank_589+grade_estimate_7,intermediate,intermediate,5.919,30.225,13.172,intermediate_seed,intermediate_6_to_8.csv
flexibility,7,6-8,intermediate_6_to_8,590,24,true,n,tier2_nawl_academic+nawl_rank_590+grade_estimate_7,intermediate,intermediate,5.919,30.225,14.672,intermediate_seed,intermediate_6_to_8.csv
initiation,7,6-8,intermediate_6_to_8,592,24,true,n,tier2_nawl_academic+nawl_rank_592+grade_estimate_7,intermediate,intermediate,5.919,30.225,13.172,intermediate_seed,intermediate_6_to_8.csv
consultation,7,6-8,intermediate_6_to_8,595,24,true,n,tier2_nawl_academic+nawl_rank_595+grade_estimate_7,intermediate,intermediate,5.919,30.225,14.672,intermediate_seed,intermediate_6_to_8.csv
commodity,7,6-8,intermediate_6_to_8,599,24,true,n,tier2_nawl_academic+nawl_rank_599+grade_estimate_7,intermediate,intermediate,5.919,30.225,13.172,intermediate_seed,intermediate_6_to_8.csv
compensate,7,6-8,intermediate_6_to_8,602,24,true,v,tier2_nawl_academic+nawl_rank_602+grade_estimate_7,intermediate,intermediate,5.919,30.225,13.172,intermediate_seed,intermediate_6_to_8.csv
stance,7,6-8,intermediate_6_to_8,605,24,true,n,tier2_nawl_academic+nawl_rank_605+grade_estimate_7,intermediate,intermediate,6.719,30.225,12.472,intermediate_seed,intermediate_6_to_8.csv
stabilize,7,6-8,intermediate_6_to_8,606,24,true,v,tier2_nawl_academic+nawl_rank_606+grade_estimate_7,intermediate,intermediate,5.919,30.225,13.172,intermediate_seed,intermediate_6_to_8.csv
partnership,8,6-8,intermediate_6_to_8,2527,24,false,n,tier1_ngsl_general+ngsl_rank_2527+grade_estimate_8,intermediate,intermediate,3.919,30.225,12.672,intermediate_seed,intermediate_6_to_8.csv
participation,8,6-8,intermediate_6_to_8,2528,24,false,n,tier1_ngsl_general+ngsl_rank_2528+grade_estimate_8,intermediate,intermediate,3.919,30.225,12.672,intermediate_seed,intermediate_6_to_8.csv
possession,8,6-8,intermediate_6_to_8,2541,24,false,n,tier1_ngsl_general+ngsl_rank_2541+grade_estimate_8,intermediate,intermediate,3.919,30.225,11.172,intermediate_seed,intermediate_6_to_8.csv
abortion,8,6-8,intermediate_6_to_8,2542,24,false,n,tier1_ngsl_general+ngsl_rank_2542+grade_estimate_8,intermediate,intermediate,3.919,30.225,11.172,intermediate_seed,intermediate_6_to_8.csv
maintenance,8,6-8,intermediate_6_to_8,2548,24,false,n,tier1_ngsl_general+ngsl_rank_2548+grade_estimate_8,intermediate,intermediate,3.919,30.225,12.672,intermediate_seed,intermediate_6_to_8.csv
diversity,8,6-8,intermediate_6_to_8,2561,24,false,n,tier1_ngsl_general+ngsl_rank_2561+grade_estimate_8,intermediate,intermediate,3.919,30.225,11.172,intermediate_seed,intermediate_6_to_8.csv
limitation,8,6-8,intermediate_6_to_8,2574,24,false,n,tier1_ngsl_general+ngsl_rank_2574+grade_estimate_8,intermediate,intermediate,3.919,30.225,11.172,intermediate_seed,intermediate_6_to_8.csv
algorithm,6,6-8,intermediate_6_to_8,32,133,true,n,tier2_nawl_academic+nawl_rank_32+grade_estimate_6,intermediate,intermediate,6.293,30.224,12.209,intermediate_seed,intermediate_6_to_8.csv
fluid,6,6-8,intermediate_6_to_8,33,132,true,adj,tier2_nawl_academic+nawl_rank_33+grade_estimate_6,intermediate,intermediate,7.091,30.222,11.507,intermediate_seed,intermediate_6_to_8.csv
developmental,6,6-8,intermediate_6_to_8,34,131,true,adj,tier2_nawl_academic+nawl_rank_34+grade_estimate_6,intermediate,intermediate,6.29,30.219,13.704,intermediate_seed,intermediate_6_to_8.csv
bound,6,6-8,intermediate_6_to_8,35,130,true,adj,tier2_nawl_academic+nawl_rank_35+grade_estimate_6,intermediate,intermediate,7.088,30.217,11.502,intermediate_seed,intermediate_6_to_8.csv
phosphate,7,6-8,intermediate_6_to_8,612,23,true,v,tier2_nawl_academic+nawl_rank_612+grade_estimate_7,intermediate,intermediate,5.911,30.215,13.163,intermediate_seed,intermediate_6_to_8.csv
elimination,7,6-8,intermediate_6_to_8,617,23,true,n,tier2_nawl_academic+nawl_rank_617+grade_estimate_7,intermediate,intermediate,5.911,30.215,14.663,intermediate_seed,intermediate_6_to_8.csv
circulate,7,6-8,intermediate_6_to_8,620,23,true,v,tier2_nawl_academic+nawl_rank_620+grade_estimate_7,intermediate,intermediate,5.911,30.215,13.163,intermediate_seed,intermediate_6_to_8.csv
indication,8,6-8,intermediate_6_to_8,2575,23,false,n,tier1_ngsl_general+ngsl_rank_2575+grade_estimate_8,intermediate,intermediate,3.911,30.215,11.163,intermediate_seed,intermediate_6_to_8.csv
stability,8,6-8,intermediate_6_to_8,2576,23,false,n,tier1_ngsl_general+ngsl_rank_2576+grade_estimate_8,intermediate,intermediate,3.911,30.215,11.163,intermediate_seed,intermediate_6_to_8.csv
regulate,8,6-8,intermediate_6_to_8,2584,23,false,v,tier1_ngsl_general+ngsl_rank_2584+grade_estimate_8,intermediate,intermediate,3.911,30.215,11.163,intermediate_seed,intermediate_6_to_8.csv
destruction,8,6-8,intermediate_6_to_8,2588,23,false,n,tier1_ngsl_general+ngsl_rank_2588+grade_estimate_8,intermediate,intermediate,3.911,30.215,12.663,intermediate_seed,intermediate_6_to_8.csv
amendment,8,6-8,intermediate_6_to_8,2603,23,false,n,tier1_ngsl_general+ngsl_rank_2603+grade_estimate_8,intermediate,intermediate,3.911,30.215,11.163,intermediate_seed,intermediate_6_to_8.csv
cooperation,8,6-8,intermediate_6_to_8,2606,23,false,n,tier1_ngsl_general+ngsl_rank_2606+grade_estimate_8,intermediate,intermediate,3.911,30.215,12.663,intermediate_seed,intermediate_6_to_8.csv
composition,8,6-8,intermediate_6_to_8,2608,23,false,n,tier1_ngsl_general+ngsl_rank_2608+grade_estimate_8,intermediate,intermediate,3.911,30.215,12.663,intermediate_seed,intermediate_6_to_8.csv
sanction,8,6-8,intermediate_6_to_8,2616,23,false,n,tier1_ngsl_general+ngsl_rank_2616+grade_estimate_8,intermediate,intermediate,3.911,30.215,11.163,intermediate_seed,intermediate_6_to_8.csv
chocolate,8,6-8,intermediate_6_to_8,2620,23,false,v,tier1_ngsl_general+ngsl_rank_2620+grade_estimate_8,intermediate,intermediate,3.911,30.215,11.163,intermediate_seed,intermediate_6_to_8.csv
stimulate,8,6-8,intermediate_6_to_8,2621,23,false,v,tier1_ngsl_general+ngsl_rank_2621+grade_estimate_8,intermediate,intermediate,3.911,30.215,11.163,intermediate_seed,intermediate_6_to_8.csv
narrative,8,6-8,intermediate_6_to_8,2624,23,false,adj,tier1_ngsl_general+ngsl_rank_2624+grade_estimate_8,intermediate,intermediate,3.911,30.215,11.163,intermediate_seed,intermediate_6_to_8.csv
motivation,8,6-8,intermediate_6_to_8,2633,23,false,n,tier1_ngsl_general+ngsl_rank_2633+grade_estimate_8,intermediate,intermediate,3.911,30.215,11.163,intermediate_seed,intermediate_6_to_8.csv
molecular,6,6-8,intermediate_6_to_8,36,126,true,n,tier2_nawl_academic+nawl_rank_36+grade_estimate_6,intermediate,intermediate,6.28,30.207,12.193,intermediate_seed,intermediate_6_to_8.csv
communist,7,6-8,intermediate_6_to_8,628,22,true,n,tier2_nawl_academic+nawl_rank_628+grade_estimate_7,intermediate,intermediate,5.903,30.204,13.154,intermediate_seed,intermediate_6_to_8.csv
rationality,7,6-8,intermediate_6_to_8,635,22,true,n,tier2_nawl_academic+nawl_rank_635+grade_estimate_7,intermediate,intermediate,5.903,30.204,14.654,intermediate_seed,intermediate_6_to_8.csv
championship,8,6-8,intermediate_6_to_8,2640,22,false,n,tier1_ngsl_general+ngsl_rank_2640+grade_estimate_8,intermediate,intermediate,3.903,30.204,12.654,intermediate_seed,intermediate_6_to_8.csv
complexity,8,6-8,intermediate_6_to_8,2644,22,false,n,tier1_ngsl_general+ngsl_rank_2644+grade_estimate_8,intermediate,intermediate,3.903,30.204,11.154,intermediate_seed,intermediate_6_to_8.csv
liability,8,6-8,intermediate_6_to_8,2645,22,false,n,tier1_ngsl_general+ngsl_rank_2645+grade_estimate_8,intermediate,intermediate,3.903,30.204,11.154,intermediate_seed,intermediate_6_to_8.csv
implementation,8,6-8,intermediate_6_to_8,2648,22,false,n,tier1_ngsl_general+ngsl_rank_2648+grade_estimate_8,intermediate,intermediate,3.903,30.204,12.654,intermediate_seed,intermediate_6_to_8.csv
continuous,8,6-8,intermediate_6_to_8,2652,22,false,adj,tier1_ngsl_general+ngsl_rank_2652+grade_estimate_8,intermediate,intermediate,3.903,30.204,11.154,intermediate_seed,intermediate_6_to_8.csv
determination,8,6-8,intermediate_6_to_8,2677,22,false,n,tier1_ngsl_general+ngsl_rank_2677+grade_estimate_8,intermediate,intermediate,3.903,30.204,12.654,intermediate_seed,intermediate_6_to_8.csv
coefficient,6,6-8,intermediate_6_to_8,39,121,true,adj,tier2_nawl_academic+nawl_rank_39+grade_estimate_6,intermediate,intermediate,6.27,30.194,13.682,intermediate_seed,intermediate_6_to_8.csv
anthropology,7,6-8,intermediate_6_to_8,639,21,true,n,tier2_nawl_academic+nawl_rank_639+grade_estimate_7,intermediate,intermediate,5.895,30.193,14.644,intermediate_seed,intermediate_6_to_8.csv
sexuality,7,6-8,intermediate_6_to_8,643,21,true,n,tier2_nawl_academic+nawl_rank_643+grade_estimate_7,intermediate,intermediate,5.895,30.193,13.144,intermediate_seed,intermediate_6_to_8.csv
supplement,8,6-8,intermediate_6_to_8,2716,21,false,n,tier1_ngsl_general+ngsl_rank_2716+grade_estimate_8,intermediate,intermediate,3.895,30.193,11.144,intermediate_seed,intermediate_6_to_8.csv
adjustment,8,6-8,intermediate_6_to_8,2717,21,false,n,tier1_ngsl_general+ngsl_rank_2717+grade_estimate_8,intermediate,intermediate,3.895,30.193,11.144,intermediate_seed,intermediate_6_to_8.csv
membrane,6,6-8,intermediate_6_to_8,41,117,true,n,tier2_nawl_academic+nawl_rank_41+grade_estimate_6,intermediate,intermediate,6.262,30.183,12.173,intermediate_seed,intermediate_6_to_8.csv
inversion,8,6-8,intermediate_6_to_8,652,20,true,n,tier2_nawl_academic+nawl_rank_652+grade_estimate_8,intermediate,intermediate,5.886,30.182,13.134,intermediate_seed,intermediate_6_to_8.csv
epidemiology,8,6-8,intermediate_6_to_8,655,20,true,n,tier2_nawl_academic+nawl_rank_655+grade_estimate_8,intermediate,intermediate,5.886,30.182,14.634,intermediate_seed,intermediate_6_to_8.csv
infectious,8,6-8,intermediate_6_to_8,660,20,true,adj,tier2_nawl_academic+nawl_rank_660+grade_estimate_8,intermediate,intermediate,5.886,30.182,13.134,intermediate_seed,intermediate_6_to_8.csv
psychologist,8,6-8,intermediate_6_to_8,662,20,true,n,tier2_nawl_academic+nawl_rank_662+grade_estimate_8,intermediate,intermediate,5.886,30.182,14.634,intermediate_seed,intermediate_6_to_8.csv
irrigation,8,6-8,intermediate_6_to_8,664,20,true,n,tier2_nawl_academic+nawl_rank_664+grade_estimate_8,intermediate,intermediate,5.886,30.182,13.134,intermediate_seed,intermediate_6_to_8.csv
summarize,8,6-8,intermediate_6_to_8,2729,20,false,v,tier1_ngsl_general+ngsl_rank_2729+grade_estimate_8,intermediate,intermediate,3.886,30.182,11.134,intermediate_seed,intermediate_6_to_8.csv
probability,8,6-8,intermediate_6_to_8,2732,20,false,n,tier1_ngsl_general+ngsl_rank_2732+grade_estimate_8,intermediate,intermediate,3.886,30.182,12.634,intermediate_seed,intermediate_6_to_8.csv
excitement,8,6-8,intermediate_6_to_8,2741,20,false,n,tier1_ngsl_general+ngsl_rank_2741+grade_estimate_8,intermediate,intermediate,3.886,30.182,11.134,intermediate_seed,intermediate_6_to_8.csv
neuron,6,6-8,intermediate_6_to_8,42,116,true,n,tier2_nawl_academic+nawl_rank_42+grade_estimate_6,intermediate,intermediate,7.06,30.18,11.47,intermediate_seed,intermediate_6_to_8.csv
regime,6,6-8,intermediate_6_to_8,45,113,true,n,tier2_nawl_academic+nawl_rank_45+grade_estimate_6,intermediate,intermediate,7.054,30.172,11.463,intermediate_seed,intermediate_6_to_8.csv
rehabilitation,8,6-8,intermediate_6_to_8,667,19,true,n,tier2_nawl_academic+nawl_rank_667+grade_estimate_8,intermediate,intermediate,5.877,30.17,14.624,intermediate_seed,intermediate_6_to_8.csv
infinity,8,6-8,intermediate_6_to_8,676,19,true,n,tier2_nawl_academic+nawl_rank_676+grade_estimate_8,intermediate,intermediate,5.877,30.17,13.124,intermediate_seed,intermediate_6_to_8.csv
attendance,8,6-8,intermediate_6_to_8,2751,19,false,n,tier1_ngsl_general+ngsl_rank_2751+grade_estimate_8,intermediate,intermediate,3.877,30.17,11.124,intermediate_seed,intermediate_6_to_8.csv
ownership,8,6-8,intermediate_6_to_8,2752,19,false,n,tier1_ngsl_general+ngsl_rank_2752+grade_estimate_8,intermediate,intermediate,3.877,30.17,11.124,intermediate_seed,intermediate_6_to_8.csv
qualification,8,6-8,intermediate_6_to_8,2753,19,false,n,tier1_ngsl_general+ngsl_rank_2753+grade_estimate_8,intermediate,intermediate,3.877,30.17,12.624,intermediate_seed,intermediate_6_to_8.csv
sensation,8,6-8,intermediate_6_to_8,688,18,true,n,tier2_nawl_academic+nawl_rank_688+grade_estimate_8,intermediate,intermediate,5.868,30.158,13.113,intermediate_seed,intermediate_6_to_8.csv
molecule,6,6-8,intermediate_6_to_8,47,107,true,n,tier2_nawl_academic+nawl_rank_47+grade_estimate_6,intermediate,intermediate,6.241,30.155,12.148,intermediate_seed,intermediate_6_to_8.csv
enforcement,8,6-8,intermediate_6_to_8,696,17,true,adj,tier2_nawl_academic+nawl_rank_696+grade_estimate_8,intermediate,intermediate,5.859,30.145,14.602,intermediate_seed,intermediate_6_to_8.csv
friction,8,6-8,intermediate_6_to_8,700,17,true,n,tier2_nawl_academic+nawl_rank_700+grade_estimate_8,intermediate,intermediate,5.859,30.145,13.102,intermediate_seed,intermediate_6_to_8.csv
reactive,8,6-8,intermediate_6_to_8,704,17,true,adj,tier2_nawl_academic+nawl_rank_704+grade_estimate_8,intermediate,intermediate,5.859,30.145,13.102,intermediate_seed,intermediate_6_to_8.csv
directive,8,6-8,intermediate_6_to_8,714,17,true,adj,tier2_nawl_academic+nawl_rank_714+grade_estimate_8,intermediate,intermediate,5.859,30.145,13.102,intermediate_seed,intermediate_6_to_8.csv
globalization,8,6-8,intermediate_6_to_8,715,17,true,n,tier2_nawl_academic+nawl_rank_715+grade_estimate_8,intermediate,intermediate,5.859,30.145,14.602,intermediate_seed,intermediate_6_to_8.csv
tournament,8,6-8,intermediate_6_to_8,2782,17,false,n,tier1_ngsl_general+ngsl_rank_2782+grade_estimate_8,intermediate,intermediate,3.859,30.145,11.102,intermediate_seed,intermediate_6_to_8.csv
registration,8,6-8,intermediate_6_to_8,2783,17,false,n,tier1_ngsl_general+ngsl_rank_2783+grade_estimate_8,intermediate,intermediate,3.859,30.145,12.602,intermediate_seed,intermediate_6_to_8.csv
fragment,8,6-8,intermediate_6_to_8,2784,17,false,n,tier1_ngsl_general+ngsl_rank_2784+grade_estimate_8,intermediate,intermediate,3.859,30.145,11.102,intermediate_seed,intermediate_6_to_8.csv
immigration,8,6-8,intermediate_6_to_8,2786,17,false,n,tier1_ngsl_general+ngsl_rank_2786+grade_estimate_8,intermediate,intermediate,3.859,30.145,12.602,intermediate_seed,intermediate_6_to_8.csv
empirical,6,6-8,intermediate_6_to_8,49,103,true,adj,tier2_nawl_academic+nawl_rank_49+grade_estimate_6,intermediate,intermediate,6.232,30.142,12.137,intermediate_seed,intermediate_6_to_8.csv
statistical,6,6-8,intermediate_6_to_8,51,100,true,adj,tier2_nawl_academic+nawl_rank_51+grade_estimate_6,intermediate,intermediate,6.225,30.133,13.629,intermediate_seed,intermediate_6_to_8.csv
equilibrium,6,6-8,intermediate_6_to_8,53,99,true,n,tier2_nawl_academic+nawl_rank_53+grade_estimate_6,intermediate,intermediate,6.222,30.13,13.626,intermediate_seed,intermediate_6_to_8.csv
diagnosis,6,6-8,intermediate_6_to_8,56,96,true,n,tier2_nawl_academic+nawl_rank_56+grade_estimate_6,intermediate,intermediate,6.215,30.12,12.118,intermediate_seed,intermediate_6_to_8.csv
plantation,8,6-8,intermediate_6_to_8,732,15,true,n,tier2_nawl_academic+nawl_rank_732+grade_estimate_8,intermediate,intermediate,5.839,30.118,13.079,intermediate_seed,intermediate_6_to_8.csv
domination,8,6-8,intermediate_6_to_8,738,15,true,n,tier2_nawl_academic+nawl_rank_738+grade_estimate_8,intermediate,intermediate,5.839,30.118,13.079,intermediate_seed,intermediate_6_to_8.csv
undergraduate,8,6-8,intermediate_6_to_8,739,15,true,v,tier2_nawl_academic+nawl_rank_739+grade_estimate_8,intermediate,intermediate,5.839,30.118,14.579,intermediate_seed,intermediate_6_to_8.csv
attachment,8,6-8,intermediate_6_to_8,2794,15,false,n,tier1_ngsl_general+ngsl_rank_2794+grade_estimate_8,intermediate,intermediate,3.839,30.118,11.079,intermediate_seed,intermediate_6_to_8.csv
antibody,6,6-8,intermediate_6_to_8,63,92,true,n,tier2_nawl_academic+nawl_rank_63+grade_estimate_6,intermediate,intermediate,6.205,30.107,12.106,intermediate_seed,intermediate_6_to_8.csv
difficulty,6,6-8,intermediate_6_to_8,1001,92,false,n,tier1_ngsl_general+ngsl_rank_1001+grade_estimate_6,intermediate,intermediate,4.205,30.107,10.106,intermediate_seed,intermediate_6_to_8.csv
innate,8,6-8,intermediate_6_to_8,741,14,true,v,tier2_nawl_academic+nawl_rank_741+grade_estimate_8,intermediate,intermediate,6.628,30.104,12.366,intermediate_seed,intermediate_6_to_8.csv
temporal,6,6-8,intermediate_6_to_8,64,91,true,adj,tier2_nawl_academic+nawl_rank_64+grade_estimate_6,intermediate,intermediate,6.203,30.103,12.103,intermediate_seed,intermediate_6_to_8.csv
shoot,6,6-8,intermediate_6_to_8,1003,91,false,n,tier1_ngsl_general+ngsl_rank_1003+grade_estimate_6,intermediate,intermediate,5.003,30.103,9.403,intermediate_seed,intermediate_6_to_8.csv
announce,6,6-8,intermediate_6_to_8,1004,91,false,n,tier1_ngsl_general+ngsl_rank_1004+grade_estimate_6,intermediate,intermediate,4.203,30.103,10.103,intermediate_seed,intermediate_6_to_8.csv
unless,6,6-8,intermediate_6_to_8,1005,91,false,conj,tier1_ngsl_general+ngsl_rank_1005+grade_estimate_6,intermediate,intermediate,5.003,30.103,9.403,intermediate_seed,intermediate_6_to_8.csv
independent,6,6-8,intermediate_6_to_8,1006,91,false,adj,tier1_ngsl_general+ngsl_rank_1006+grade_estimate_6,intermediate,intermediate,4.203,30.103,11.603,intermediate_seed,intermediate_6_to_8.csv
recommend,6,6-8,intermediate_6_to_8,1007,91,false,n,tier1_ngsl_general+ngsl_rank_1007+grade_estimate_6,intermediate,intermediate,4.203,30.103,10.103,intermediate_seed,intermediate_6_to_8.csv
survey,6,6-8,intermediate_6_to_8,1008,91,false,n,tier1_ngsl_general+ngsl_rank_1008+grade_estimate_6,intermediate,intermediate,5.003,30.103,9.403,intermediate_seed,intermediate_6_to_8.csv
behavioral,6,6-8,intermediate_6_to_8,67,90,true,adj,tier2_nawl_academic+nawl_rank_67+grade_estimate_6,intermediate,intermediate,6.2,30.1,12.1,intermediate_seed,intermediate_6_to_8.csv
bilingual,6,6-8,intermediate_6_to_8,69,89,true,adj,tier2_nawl_academic+nawl_rank_69+grade_estimate_6,intermediate,intermediate,6.197,30.097,12.097,intermediate_seed,intermediate_6_to_8.csv
budget,6,6-8,intermediate_6_to_8,1016,89,false,n,tier1_ngsl_general+ngsl_rank_1016+grade_estimate_6,intermediate,intermediate,4.997,30.097,9.397,intermediate_seed,intermediate_6_to_8.csv
scene,6,6-8,intermediate_6_to_8,1023,89,false,n,tier1_ngsl_general+ngsl_rank_1023+grade_estimate_6,intermediate,intermediate,4.997,30.097,9.397,intermediate_seed,intermediate_6_to_8.csv
writer,6,6-8,intermediate_6_to_8,1024,89,false,n,tier1_ngsl_general+ngsl_rank_1024+grade_estimate_6,intermediate,intermediate,4.997,30.097,9.397,intermediate_seed,intermediate_6_to_8.csv
invite,6,6-8,intermediate_6_to_8,1028,88,false,n,tier1_ngsl_general+ngsl_rank_1028+grade_estimate_6,intermediate,intermediate,4.995,30.093,9.394,intermediate_seed,intermediate_6_to_8.csv
element,6,6-8,intermediate_6_to_8,1030,88,false,n,tier1_ngsl_general+ngsl_rank_1030+grade_estimate_6,intermediate,intermediate,4.195,30.093,10.794,intermediate_seed,intermediate_6_to_8.csv
admit,6,6-8,intermediate_6_to_8,1034,88,false,n,tier1_ngsl_general+ngsl_rank_1034+grade_estimate_6,intermediate,intermediate,4.995,30.093,9.394,intermediate_seed,intermediate_6_to_8.csv
explicit,6,6-8,intermediate_6_to_8,73,87,true,n,tier2_nawl_academic+nawl_rank_73+grade_estimate_6,intermediate,intermediate,6.192,30.089,12.091,intermediate_seed,intermediate_6_to_8.csv
telephone,6,6-8,intermediate_6_to_8,1036,87,false,n,tier1_ngsl_general+ngsl_rank_1036+grade_estimate_6,intermediate,intermediate,4.192,30.089,10.091,intermediate_seed,intermediate_6_to_8.csv
committee,6,6-8,intermediate_6_to_8,1038,87,false,n,tier1_ngsl_general+ngsl_rank_1038+grade_estimate_6,intermediate,intermediate,4.192,30.089,10.091,intermediate_seed,intermediate_6_to_8.csv
advice,6,6-8,intermediate_6_to_8,1040,87,false,n,tier1_ngsl_general+ngsl_rank_1040+grade_estimate_6,intermediate,intermediate,4.992,30.089,9.391,intermediate_seed,intermediate_6_to_8.csv
trial,6,6-8,intermediate_6_to_8,1043,87,false,adj,tier1_ngsl_general+ngsl_rank_1043+grade_estimate_6,intermediate,intermediate,4.992,30.089,9.391,intermediate_seed,intermediate_6_to_8.csv
stress,6,6-8,intermediate_6_to_8,1044,87,false,n,tier1_ngsl_general+ngsl_rank_1044+grade_estimate_6,intermediate,intermediate,4.992,30.089,9.391,intermediate_seed,intermediate_6_to_8.csv
antiquity,8,6-8,intermediate_6_to_8,761,13,true,n,tier2_nawl_academic+nawl_rank_761+grade_estimate_8,intermediate,intermediate,5.817,30.089,13.053,intermediate_seed,intermediate_6_to_8.csv
colonial,6,6-8,intermediate_6_to_8,75,86,true,adj,tier2_nawl_academic+nawl_rank_75+grade_estimate_6,intermediate,intermediate,6.189,30.086,12.088,intermediate_seed,intermediate_6_to_8.csv
phonological,6,6-8,intermediate_6_to_8,76,86,true,adj,tier2_nawl_academic+nawl_rank_76+grade_estimate_6,intermediate,intermediate,6.189,30.086,13.588,intermediate_seed,intermediate_6_to_8.csv
spectrum,6,6-8,intermediate_6_to_8,76,86,true,n,tier2_nawl_academic+nawl_rank_76+grade_estimate_6,intermediate,intermediate,6.189,30.086,12.088,intermediate_seed,intermediate_6_to_8.csv
directly,6,6-8,intermediate_6_to_8,1051,86,false,adv,tier1_ngsl_general+ngsl_rank_1051+grade_estimate_6,intermediate,intermediate,4.189,30.086,10.088,intermediate_seed,intermediate_6_to_8.csv
otherwise,6,6-8,intermediate_6_to_8,1056,86,false,adv,tier1_ngsl_general+ngsl_rank_1056+grade_estimate_6,intermediate,intermediate,4.189,30.086,10.088,intermediate_seed,intermediate_6_to_8.csv
onset,6,6-8,intermediate_6_to_8,79,85,true,n,tier2_nawl_academic+nawl_rank_79+grade_estimate_6,intermediate,intermediate,6.987,30.082,11.384,intermediate_seed,intermediate_6_to_8.csv
extra,6,6-8,intermediate_6_to_8,1058,85,false,n,tier1_ngsl_general+ngsl_rank_1058+grade_estimate_6,intermediate,intermediate,4.987,30.082,9.384,intermediate_seed,intermediate_6_to_8.csv
chair,6,6-8,intermediate_6_to_8,1060,85,false,n,tier1_ngsl_general+ngsl_rank_1060+grade_estimate_6,intermediate,intermediate,4.987,30.082,9.384,intermediate_seed,intermediate_6_to_8.csv
sample,6,6-8,intermediate_6_to_8,1062,85,false,n,tier1_ngsl_general+ngsl_rank_1062+grade_estimate_6,intermediate,intermediate,4.987,30.082,9.384,intermediate_seed,intermediate_6_to_8.csv
dominant,6,6-8,intermediate_6_to_8,81,84,true,adj,tier2_nawl_academic+nawl_rank_81+grade_estimate_6,intermediate,intermediate,6.184,30.079,12.081,intermediate_seed,intermediate_6_to_8.csv
inform,6,6-8,intermediate_6_to_8,1070,84,false,n,tier1_ngsl_general+ngsl_rank_1070+grade_estimate_6,intermediate,intermediate,4.984,30.079,9.381,intermediate_seed,intermediate_6_to_8.csv
appeal,6,6-8,intermediate_6_to_8,1073,84,false,adj,tier1_ngsl_general+ngsl_rank_1073+grade_estimate_6,intermediate,intermediate,4.984,30.079,9.381,intermediate_seed,intermediate_6_to_8.csv
highly,6,6-8,intermediate_6_to_8,1074,84,false,adv,tier1_ngsl_general+ngsl_rank_1074+grade_estimate_6,intermediate,intermediate,4.984,30.079,9.381,intermediate_seed,intermediate_6_to_8.csv
trust,6,6-8,intermediate_6_to_8,1075,84,false,n,tier1_ngsl_general+ngsl_rank_1075+grade_estimate_6,intermediate,intermediate,4.984,30.079,9.381,intermediate_seed,intermediate_6_to_8.csv
absolutely,6,6-8,intermediate_6_to_8,1078,84,false,adv,tier1_ngsl_general+ngsl_rank_1078+grade_estimate_6,intermediate,intermediate,4.184,30.079,10.081,intermediate_seed,intermediate_6_to_8.csv
additional,6,6-8,intermediate_6_to_8,1081,83,false,adj,tier1_ngsl_general+ngsl_rank_1081+grade_estimate_6,intermediate,intermediate,4.181,30.075,10.078,intermediate_seed,intermediate_6_to_8.csv
responsible,6,6-8,intermediate_6_to_8,1082,83,false,adj,tier1_ngsl_general+ngsl_rank_1082+grade_estimate_6,intermediate,intermediate,4.181,30.075,11.578,intermediate_seed,intermediate_6_to_8.csv
software,6,6-8,intermediate_6_to_8,1091,83,false,n,tier1_ngsl_general+ngsl_rank_1091+grade_estimate_6,intermediate,intermediate,4.181,30.075,10.078,intermediate_seed,intermediate_6_to_8.csv
precipitation,8,6-8,intermediate_6_to_8,781,12,true,n,tier2_nawl_academic+nawl_rank_781+grade_estimate_8,intermediate,intermediate,5.805,30.074,14.54,intermediate_seed,intermediate_6_to_8.csv
subset,6,6-8,intermediate_6_to_8,86,82,true,n,tier2_nawl_academic+nawl_rank_86+grade_estimate_6,intermediate,intermediate,6.978,30.071,11.375,intermediate_seed,intermediate_6_to_8.csv
syntactic,6,6-8,intermediate_6_to_8,87,82,true,adj,tier2_nawl_academic+nawl_rank_87+grade_estimate_6,intermediate,intermediate,6.178,30.071,12.075,intermediate_seed,intermediate_6_to_8.csv
attitude,6,6-8,intermediate_6_to_8,1094,82,false,n,tier1_ngsl_general+ngsl_rank_1094+grade_estimate_6,intermediate,intermediate,4.178,30.071,10.075,intermediate_seed,intermediate_6_to_8.csv
cheap,6,6-8,intermediate_6_to_8,1095,82,false,n,tier1_ngsl_general+ngsl_rank_1095+grade_estimate_6,intermediate,intermediate,4.978,30.071,9.375,intermediate_seed,intermediate_6_to_8.csv
double,6,6-8,intermediate_6_to_8,1096,82,false,n,tier1_ngsl_general+ngsl_rank_1096+grade_estimate_6,intermediate,intermediate,4.978,30.071,9.375,intermediate_seed,intermediate_6_to_8.csv
print,6,6-8,intermediate_6_to_8,1100,82,false,n,tier1_ngsl_general+ngsl_rank_1100+grade_estimate_6,intermediate,intermediate,4.978,30.071,9.375,intermediate_seed,intermediate_6_to_8.csv
progress,6,6-8,intermediate_6_to_8,1101,82,false,n,tier1_ngsl_general+ngsl_rank_1101+grade_estimate_6,intermediate,intermediate,4.178,30.071,10.075,intermediate_seed,intermediate_6_to_8.csv
truth,6,6-8,intermediate_6_to_8,1102,82,false,n,tier1_ngsl_general+ngsl_rank_1102+grade_estimate_6,intermediate,intermediate,4.978,30.071,9.375,intermediate_seed,intermediate_6_to_8.csv
nobody,6,6-8,intermediate_6_to_8,1103,82,false,pron,tier1_ngsl_general+ngsl_rank_1103+grade_estimate_6,intermediate,intermediate,4.978,30.071,9.375,intermediate_seed,intermediate_6_to_8.csv
identical,6,6-8,intermediate_6_to_8,91,81,true,adj,tier2_nawl_academic+nawl_rank_91+grade_estimate_6,intermediate,intermediate,6.175,30.067,12.071,intermediate_seed,intermediate_6_to_8.csv
politics,6,6-8,intermediate_6_to_8,1107,81,false,n,tier1_ngsl_general+ngsl_rank_1107+grade_estimate_6,intermediate,intermediate,4.175,30.067,10.071,intermediate_seed,intermediate_6_to_8.csv
slightly,6,6-8,intermediate_6_to_8,1112,81,false,adv,tier1_ngsl_general+ngsl_rank_1112+grade_estimate_6,intermediate,intermediate,4.175,30.067,10.071,intermediate_seed,intermediate_6_to_8.csv
differential,6,6-8,intermediate_6_to_8,93,80,true,adj,tier2_nawl_academic+nawl_rank_93+grade_estimate_6,intermediate,intermediate,6.173,30.063,13.568,intermediate_seed,intermediate_6_to_8.csv
pulse,6,6-8,intermediate_6_to_8,96,80,true,n,tier2_nawl_academic+nawl_rank_96+grade_estimate_6,intermediate,intermediate,6.973,30.063,11.368,intermediate_seed,intermediate_6_to_8.csv
intend,6,6-8,intermediate_6_to_8,1114,80,false,n,tier1_ngsl_general+ngsl_rank_1114+grade_estimate_6,intermediate,intermediate,4.973,30.063,9.368,intermediate_seed,intermediate_6_to_8.csv
dinner,6,6-8,intermediate_6_to_8,1117,80,false,n,tier1_ngsl_general+ngsl_rank_1117+grade_estimate_6,intermediate,intermediate,4.973,30.063,9.368,intermediate_seed,intermediate_6_to_8.csv
physical,6,6-8,intermediate_6_to_8,1120,80,false,adj,tier1_ngsl_general+ngsl_rank_1120+grade_estimate_6,intermediate,intermediate,4.173,30.063,10.068,intermediate_seed,intermediate_6_to_8.csv
reveal,6,6-8,intermediate_6_to_8,1124,80,false,adj,tier1_ngsl_general+ngsl_rank_1124+grade_estimate_6,intermediate,intermediate,4.973,30.063,9.368,intermediate_seed,intermediate_6_to_8.csv
trait,6,6-8,intermediate_6_to_8,98,79,true,n,tier2_nawl_academic+nawl_rank_98+grade_estimate_6,intermediate,intermediate,6.97,30.06,11.365,intermediate_seed,intermediate_6_to_8.csv
percentage,6,6-8,intermediate_6_to_8,1125,79,false,n,tier1_ngsl_general+ngsl_rank_1125+grade_estimate_6,intermediate,intermediate,4.17,30.06,10.065,intermediate_seed,intermediate_6_to_8.csv
peace,6,6-8,intermediate_6_to_8,1126,79,false,n,tier1_ngsl_general+ngsl_rank_1126+grade_estimate_6,intermediate,intermediate,4.97,30.06,9.365,intermediate_seed,intermediate_6_to_8.csv
status,6,6-8,intermediate_6_to_8,1127,79,false,n,tier1_ngsl_general+ngsl_rank_1127+grade_estimate_6,intermediate,intermediate,4.97,30.06,9.365,intermediate_seed,intermediate_6_to_8.csv
crime,6,6-8,intermediate_6_to_8,1128,79,false,n,tier1_ngsl_general+ngsl_rank_1128+grade_estimate_6,intermediate,intermediate,4.97,30.06,9.365,intermediate_seed,intermediate_6_to_8.csv
favor,6,6-8,intermediate_6_to_8,1134,79,false,n,tier1_ngsl_general+ngsl_rank_1134+grade_estimate_6,intermediate,intermediate,4.97,30.06,9.365,intermediate_seed,intermediate_6_to_8.csv
experience,6,6-8,intermediate_6_to_8,264,365,false,n,tier1_ngsl_general+ngsl_rank_264+grade_estimate_6,intermediate,intermediate,8.544,30.059,9.902,intermediate_seed,intermediate_6_to_8.csv
destination,8,6-8,intermediate_6_to_8,799,11,true,n,tier2_nawl_academic+nawl_rank_799+grade_estimate_8,intermediate,intermediate,5.793,30.058,14.526,intermediate_seed,intermediate_6_to_8.csv
precipitate,8,6-8,intermediate_6_to_8,800,11,true,v,tier2_nawl_academic+nawl_rank_800+grade_estimate_8,intermediate,intermediate,5.793,30.058,14.526,intermediate_seed,intermediate_6_to_8.csv
industrialization,8,6-8,intermediate_6_to_8,802,11,true,n,tier2_nawl_academic+nawl_rank_802+grade_estimate_8,intermediate,intermediate,5.793,30.058,14.526,intermediate_seed,intermediate_6_to_8.csv
conduction,8,6-8,intermediate_6_to_8,806,11,true,n,tier2_nawl_academic+nawl_rank_806+grade_estimate_8,intermediate,intermediate,5.793,30.058,13.026,intermediate_seed,intermediate_6_to_8.csv
fortunate,8,6-8,intermediate_6_to_8,2800,11,false,v,tier1_ngsl_general+ngsl_rank_2800+grade_estimate_8,intermediate,intermediate,3.793,30.058,11.026,intermediate_seed,intermediate_6_to_8.csv
essentially,6,6-8,intermediate_6_to_8,101,78,true,adv,tier2_nawl_academic+nawl_rank_101+grade_estimate_6,intermediate,intermediate,6.167,30.056,13.561,intermediate_seed,intermediate_6_to_8.csv
excite,6,6-8,intermediate_6_to_8,1142,78,false,n,tier1_ngsl_general+ngsl_rank_1142+grade_estimate_6,intermediate,intermediate,4.967,30.056,9.361,intermediate_seed,intermediate_6_to_8.csv
reader,6,6-8,intermediate_6_to_8,1143,78,false,n,tier1_ngsl_general+ngsl_rank_1143+grade_estimate_6,intermediate,intermediate,4.967,30.056,9.361,intermediate_seed,intermediate_6_to_8.csv
grant,6,6-8,intermediate_6_to_8,1147,78,false,adj,tier1_ngsl_general+ngsl_rank_1147+grade_estimate_6,intermediate,intermediate,4.967,30.056,9.361,intermediate_seed,intermediate_6_to_8.csv
sector,6,6-8,intermediate_6_to_8,1151,77,false,n,tier1_ngsl_general+ngsl_rank_1151+grade_estimate_6,intermediate,intermediate,4.964,30.052,9.358,intermediate_seed,intermediate_6_to_8.csv
ensure,6,6-8,intermediate_6_to_8,1153,77,false,n,tier1_ngsl_general+ngsl_rank_1153+grade_estimate_6,intermediate,intermediate,4.964,30.052,9.358,intermediate_seed,intermediate_6_to_8.csv
expert,6,6-8,intermediate_6_to_8,1157,77,false,n,tier1_ngsl_general+ngsl_rank_1157+grade_estimate_6,intermediate,intermediate,4.964,30.052,9.358,intermediate_seed,intermediate_6_to_8.csv
labor,6,6-8,intermediate_6_to_8,1160,76,false,n,tier1_ngsl_general+ngsl_rank_1160+grade_estimate_6,intermediate,intermediate,4.961,30.048,9.354,intermediate_seed,intermediate_6_to_8.csv
procedure,6,6-8,intermediate_6_to_8,1168,76,false,n,tier1_ngsl_general+ngsl_rank_1168+grade_estimate_6,intermediate,intermediate,4.161,30.048,10.054,intermediate_seed,intermediate_6_to_8.csv
email,6,6-8,intermediate_6_to_8,1169,76,false,n,tier1_ngsl_general+ngsl_rank_1169+grade_estimate_6,intermediate,intermediate,4.961,30.048,9.354,intermediate_seed,intermediate_6_to_8.csv
global,6,6-8,intermediate_6_to_8,1170,76,false,adj,tier1_ngsl_general+ngsl_rank_1170+grade_estimate_6,intermediate,intermediate,4.961,30.048,9.354,intermediate_seed,intermediate_6_to_8.csv
struggle,6,6-8,intermediate_6_to_8,1171,76,false,n,tier1_ngsl_general+ngsl_rank_1171+grade_estimate_6,intermediate,intermediate,4.161,30.048,10.054,intermediate_seed,intermediate_6_to_8.csv
chromosome,6,6-8,intermediate_6_to_8,103,75,true,n,tier2_nawl_academic+nawl_rank_103+grade_estimate_6,intermediate,intermediate,6.158,30.044,12.051,intermediate_seed,intermediate_6_to_8.csv
infect,6,6-8,intermediate_6_to_8,104,75,true,v,tier2_nawl_academic+nawl_rank_104+grade_estimate_6,intermediate,intermediate,6.958,30.044,11.351,intermediate_seed,intermediate_6_to_8.csv
namely,6,6-8,intermediate_6_to_8,108,75,true,adv,tier2_nawl_academic+nawl_rank_108+grade_estimate_6,intermediate,intermediate,6.958,30.044,11.351,intermediate_seed,intermediate_6_to_8.csv
advertise,6,6-8,intermediate_6_to_8,1172,75,false,v,tier1_ngsl_general+ngsl_rank_1172+grade_estimate_6,intermediate,intermediate,4.158,30.044,10.051,intermediate_seed,intermediate_6_to_8.csv
surround,6,6-8,intermediate_6_to_8,1174,75,false,n,tier1_ngsl_general+ngsl_rank_1174+grade_estimate_6,intermediate,intermediate,4.158,30.044,10.051,intermediate_seed,intermediate_6_to_8.csv
extent,6,6-8,intermediate_6_to_8,1175,75,false,adj,tier1_ngsl_general+ngsl_rank_1175+grade_estimate_6,intermediate,intermediate,4.958,30.044,9.351,intermediate_seed,intermediate_6_to_8.csv
annual,6,6-8,intermediate_6_to_8,1177,75,false,adj,tier1_ngsl_general+ngsl_rank_1177+grade_estimate_6,intermediate,intermediate,4.958,30.044,9.351,intermediate_seed,intermediate_6_to_8.csv
fully,6,6-8,intermediate_6_to_8,1178,75,false,adv,tier1_ngsl_general+ngsl_rank_1178+grade_estimate_6,intermediate,intermediate,4.958,30.044,9.351,intermediate_seed,intermediate_6_to_8.csv
biodiversity,8,6-8,intermediate_6_to_8,812,10,true,n,tier2_nawl_academic+nawl_rank_812+grade_estimate_8,intermediate,intermediate,5.781,30.041,14.511,intermediate_seed,intermediate_6_to_8.csv
credibility,8,6-8,intermediate_6_to_8,814,10,true,n,tier2_nawl_academic+nawl_rank_814+grade_estimate_8,intermediate,intermediate,5.781,30.041,14.511,intermediate_seed,intermediate_6_to_8.csv
maternal,6,6-8,intermediate_6_to_8,113,74,true,adj,tier2_nawl_academic+nawl_rank_113+grade_estimate_6,intermediate,intermediate,6.155,30.039,12.047,intermediate_seed,intermediate_6_to_8.csv
reality,6,6-8,intermediate_6_to_8,1181,74,false,n,tier1_ngsl_general+ngsl_rank_1181+grade_estimate_6,intermediate,intermediate,4.155,30.039,10.747,intermediate_seed,intermediate_6_to_8.csv
category,6,6-8,intermediate_6_to_8,1192,74,false,n,tier1_ngsl_general+ngsl_rank_1192+grade_estimate_6,intermediate,intermediate,4.155,30.039,10.047,intermediate_seed,intermediate_6_to_8.csv
rational,6,6-8,intermediate_6_to_8,115,73,true,adj,tier2_nawl_academic+nawl_rank_115+grade_estimate_6,intermediate,intermediate,6.151,30.035,12.043,intermediate_seed,intermediate_6_to_8.csv
locus,6,6-8,intermediate_6_to_8,116,73,true,n,tier2_nawl_academic+nawl_rank_116+grade_estimate_6,intermediate,intermediate,6.951,30.035,11.343,intermediate_seed,intermediate_6_to_8.csv
elite,6,6-8,intermediate_6_to_8,117,73,true,n,tier2_nawl_academic+nawl_rank_117+grade_estimate_6,intermediate,intermediate,6.951,30.035,11.343,intermediate_seed,intermediate_6_to_8.csv
driver,6,6-8,intermediate_6_to_8,1200,73,false,n,tier1_ngsl_general+ngsl_rank_1200+grade_estimate_6,intermediate,intermediate,4.951,30.035,9.343,intermediate_seed,intermediate_6_to_8.csv
thesis,6,6-8,intermediate_6_to_8,119,72,true,n,tier2_nawl_academic+nawl_rank_119+grade_estimate_6,intermediate,intermediate,6.948,30.031,11.34,intermediate_seed,intermediate_6_to_8.csv
senior,7,6-8,intermediate_6_to_8,1207,72,false,n,tier1_ngsl_general+ngsl_rank_1207+grade_estimate_7,intermediate,intermediate,4.948,30.031,9.34,intermediate_seed,intermediate_6_to_8.csv
photo,7,6-8,intermediate_6_to_8,1208,72,false,n,tier1_ngsl_general+ngsl_rank_1208+grade_estimate_7,intermediate,intermediate,4.948,30.031,9.34,intermediate_seed,intermediate_6_to_8.csv
refuse,7,6-8,intermediate_6_to_8,1209,72,false,n,tier1_ngsl_general+ngsl_rank_1209+grade_estimate_7,intermediate,intermediate,4.948,30.031,9.34,intermediate_seed,intermediate_6_to_8.csv
transport,7,6-8,intermediate_6_to_8,1210,72,false,n,tier1_ngsl_general+ngsl_rank_1210+grade_estimate_7,intermediate,intermediate,4.148,30.031,10.04,intermediate_seed,intermediate_6_to_8.csv
emerge,7,6-8,intermediate_6_to_8,1211,72,false,n,tier1_ngsl_general+ngsl_rank_1211+grade_estimate_7,intermediate,intermediate,4.948,30.031,9.34,intermediate_seed,intermediate_6_to_8.csv
reform,7,6-8,intermediate_6_to_8,1215,72,false,n,tier1_ngsl_general+ngsl_rank_1215+grade_estimate_7,intermediate,intermediate,4.948,30.031,9.34,intermediate_seed,intermediate_6_to_8.csv
survive,7,6-8,intermediate_6_to_8,1218,72,false,v,tier1_ngsl_general+ngsl_rank_1218+grade_estimate_7,intermediate,intermediate,4.148,30.031,10.74,intermediate_seed,intermediate_6_to_8.csv
threshold,6,6-8,intermediate_6_to_8,122,71,true,n,tier2_nawl_academic+nawl_rank_122+grade_estimate_6,intermediate,intermediate,6.145,30.027,12.036,intermediate_seed,intermediate_6_to_8.csv
syndrome,6,6-8,intermediate_6_to_8,123,71,true,n,tier2_nawl_academic+nawl_rank_123+grade_estimate_6,intermediate,intermediate,6.145,30.027,12.036,intermediate_seed,intermediate_6_to_8.csv
background,7,6-8,intermediate_6_to_8,1223,71,false,n,tier1_ngsl_general+ngsl_rank_1223+grade_estimate_7,intermediate,intermediate,4.145,30.027,10.036,intermediate_seed,intermediate_6_to_8.csv
smoke,7,6-8,intermediate_6_to_8,1230,71,false,n,tier1_ngsl_general+ngsl_rank_1230+grade_estimate_7,intermediate,intermediate,4.945,30.027,9.336,intermediate_seed,intermediate_6_to_8.csv
brain,7,6-8,intermediate_6_to_8,1235,71,false,n,tier1_ngsl_general+ngsl_rank_1235+grade_estimate_7,intermediate,intermediate,4.945,30.027,9.336,intermediate_seed,intermediate_6_to_8.csv
contribute,7,6-8,intermediate_6_to_8,1238,71,false,v,tier1_ngsl_general+ngsl_rank_1238+grade_estimate_7,intermediate,intermediate,4.145,30.027,10.036,intermediate_seed,intermediate_6_to_8.csv
schedule,7,6-8,intermediate_6_to_8,1240,71,false,n,tier1_ngsl_general+ngsl_rank_1240+grade_estimate_7,intermediate,intermediate,4.145,30.027,10.036,intermediate_seed,intermediate_6_to_8.csv
biologist,8,6-8,intermediate_6_to_8,827,9,true,n,tier2_nawl_academic+nawl_rank_827+grade_estimate_8,intermediate,intermediate,5.767,30.023,12.995,intermediate_seed,intermediate_6_to_8.csv
connotation,8,6-8,intermediate_6_to_8,828,9,true,n,tier2_nawl_academic+nawl_rank_828+grade_estimate_8,intermediate,intermediate,5.767,30.023,14.495,intermediate_seed,intermediate_6_to_8.csv
tremendous,8,6-8,intermediate_6_to_8,830,9,true,adj,tier2_nawl_academic+nawl_rank_830+grade_estimate_8,intermediate,intermediate,5.767,30.023,12.995,intermediate_seed,intermediate_6_to_8.csv
adolescent,6,6-8,intermediate_6_to_8,126,70,true,adj,tier2_nawl_academic+nawl_rank_126+grade_estimate_6,intermediate,intermediate,6.142,30.022,12.032,intermediate_seed,intermediate_6_to_8.csv
encode,6,6-8,intermediate_6_to_8,128,70,true,v,tier2_nawl_academic+nawl_rank_128+grade_estimate_6,intermediate,intermediate,6.942,30.022,11.332,intermediate_seed,intermediate_6_to_8.csv
adopt,7,6-8,intermediate_6_to_8,1243,70,false,n,tier1_ngsl_general+ngsl_rank_1243+grade_estimate_7,intermediate,intermediate,4.942,30.022,9.332,intermediate_seed,intermediate_6_to_8.csv
waste,7,6-8,intermediate_6_to_8,1246,70,false,n,tier1_ngsl_general+ngsl_rank_1246+grade_estimate_7,intermediate,intermediate,4.942,30.022,9.332,intermediate_seed,intermediate_6_to_8.csv
colleague,7,6-8,intermediate_6_to_8,1251,70,false,n,tier1_ngsl_general+ngsl_rank_1251+grade_estimate_7,intermediate,intermediate,4.142,30.022,10.032,intermediate_seed,intermediate_6_to_8.csv
repeat,7,6-8,intermediate_6_to_8,1253,70,false,n,tier1_ngsl_general+ngsl_rank_1253+grade_estimate_7,intermediate,intermediate,4.942,30.022,9.332,intermediate_seed,intermediate_6_to_8.csv
extremely,7,6-8,intermediate_6_to_8,1257,70,false,adv,tier1_ngsl_general+ngsl_rank_1257+grade_estimate_7,intermediate,intermediate,4.142,30.022,10.032,intermediate_seed,intermediate_6_to_8.csv
trajectory,6,6-8,intermediate_6_to_8,133,69,true,adj,tier2_nawl_academic+nawl_rank_133+grade_estimate_6,intermediate,intermediate,6.139,30.018,12.028,intermediate_seed,intermediate_6_to_8.csv
manuscript,6,6-8,intermediate_6_to_8,134,69,true,n,tier2_nawl_academic+nawl_rank_134+grade_estimate_6,intermediate,intermediate,6.139,30.018,12.028,intermediate_seed,intermediate_6_to_8.csv
strength,7,6-8,intermediate_6_to_8,1263,69,false,n,tier1_ngsl_general+ngsl_rank_1263+grade_estimate_7,intermediate,intermediate,4.139,30.018,10.028,intermediate_seed,intermediate_6_to_8.csv
cultural,7,6-8,intermediate_6_to_8,1265,69,false,adj,tier1_ngsl_general+ngsl_rank_1265+grade_estimate_7,intermediate,intermediate,4.139,30.018,10.028,intermediate_seed,intermediate_6_to_8.csv
commonly,6,6-8,intermediate_6_to_8,135,68,true,adv,tier2_nawl_academic+nawl_rank_135+grade_estimate_6,intermediate,intermediate,6.135,30.014,12.024,intermediate_seed,intermediate_6_to_8.csv
grammatical,6,6-8,intermediate_6_to_8,136,68,true,adj,tier2_nawl_academic+nawl_rank_136+grade_estimate_6,intermediate,intermediate,6.135,30.014,13.524,intermediate_seed,intermediate_6_to_8.csv
accuracy,6,6-8,intermediate_6_to_8,137,68,true,n,tier2_nawl_academic+nawl_rank_137+grade_estimate_6,intermediate,intermediate,6.135,30.014,12.024,intermediate_seed,intermediate_6_to_8.csv
amplitude,6,6-8,intermediate_6_to_8,138,68,true,n,tier2_nawl_academic+nawl_rank_138+grade_estimate_6,intermediate,intermediate,6.135,30.014,12.024,intermediate_seed,intermediate_6_to_8.csv
cortex,6,6-8,intermediate_6_to_8,140,68,true,n,tier2_nawl_academic+nawl_rank_140+grade_estimate_6,intermediate,intermediate,6.935,30.014,11.324,intermediate_seed,intermediate_6_to_8.csv
scheme,7,6-8,intermediate_6_to_8,1267,68,false,n,tier1_ngsl_general+ngsl_rank_1267+grade_estimate_7,intermediate,intermediate,4.935,30.014,9.324,intermediate_seed,intermediate_6_to_8.csv
payment,7,6-8,intermediate_6_to_8,1268,68,false,n,tier1_ngsl_general+ngsl_rank_1268+grade_estimate_7,intermediate,intermediate,4.135,30.014,10.724,intermediate_seed,intermediate_6_to_8.csv
unfortunately,7,6-8,intermediate_6_to_8,1269,68,false,adv,tier1_ngsl_general+ngsl_rank_1269+grade_estimate_7,intermediate,intermediate,4.135,30.014,11.524,intermediate_seed,intermediate_6_to_8.csv
brief,7,6-8,intermediate_6_to_8,1270,68,false,n,tier1_ngsl_general+ngsl_rank_1270+grade_estimate_7,intermediate,intermediate,4.935,30.014,9.324,intermediate_seed,intermediate_6_to_8.csv
apparently,7,6-8,intermediate_6_to_8,1277,68,false,adv,tier1_ngsl_general+ngsl_rank_1277+grade_estimate_7,intermediate,intermediate,4.135,30.014,10.024,intermediate_seed,intermediate_6_to_8.csv
union,7,6-8,intermediate_6_to_8,1279,68,false,n,tier1_ngsl_general+ngsl_rank_1279+grade_estimate_7,intermediate,intermediate,4.935,30.014,9.324,intermediate_seed,intermediate_6_to_8.csv
trend,7,6-8,intermediate_6_to_8,1281,68,false,n,tier1_ngsl_general+ngsl_rank_1281+grade_estimate_7,intermediate,intermediate,4.935,30.014,9.324,intermediate_seed,intermediate_6_to_8.csv
systematic,6,6-8,intermediate_6_to_8,142,67,true,adj,tier2_nawl_academic+nawl_rank_142+grade_estimate_6,intermediate,intermediate,6.132,30.009,12.021,intermediate_seed,intermediate_6_to_8.csv
horizontal,6,6-8,intermediate_6_to_8,143,67,true,adj,tier2_nawl_academic+nawl_rank_143+grade_estimate_6,intermediate,intermediate,6.132,30.009,12.021,intermediate_seed,intermediate_6_to_8.csv
synthesis,6,6-8,intermediate_6_to_8,144,67,true,n,tier2_nawl_academic+nawl_rank_144+grade_estimate_6,intermediate,intermediate,6.132,30.009,12.021,intermediate_seed,intermediate_6_to_8.csv
diameter,6,6-8,intermediate_6_to_8,146,67,true,n,tier2_nawl_academic+nawl_rank_146+grade_estimate_6,intermediate,intermediate,6.132,30.009,12.021,intermediate_seed,intermediate_6_to_8.csv
critical,7,6-8,intermediate_6_to_8,1285,67,false,adj,tier1_ngsl_general+ngsl_rank_1285+grade_estimate_7,intermediate,intermediate,4.132,30.009,10.021,intermediate_seed,intermediate_6_to_8.csv
gather,7,6-8,intermediate_6_to_8,1286,67,false,n,tier1_ngsl_general+ngsl_rank_1286+grade_estimate_7,intermediate,intermediate,4.932,30.009,9.321,intermediate_seed,intermediate_6_to_8.csv
mostly,7,6-8,intermediate_6_to_8,1287,67,false,adv,tier1_ngsl_general+ngsl_rank_1287+grade_estimate_7,intermediate,intermediate,4.932,30.009,9.321,intermediate_seed,intermediate_6_to_8.csv
desire,7,6-8,intermediate_6_to_8,1291,67,false,n,tier1_ngsl_general+ngsl_rank_1291+grade_estimate_7,intermediate,intermediate,4.932,30.009,9.321,intermediate_seed,intermediate_6_to_8.csv
currently,7,6-8,intermediate_6_to_8,1293,67,false,adv,tier1_ngsl_general+ngsl_rank_1293+grade_estimate_7,intermediate,intermediate,4.132,30.009,10.021,intermediate_seed,intermediate_6_to_8.csv
employ,7,6-8,intermediate_6_to_8,1294,67,false,n,tier1_ngsl_general+ngsl_rank_1294+grade_estimate_7,intermediate,intermediate,4.932,30.009,9.321,intermediate_seed,intermediate_6_to_8.csv
topic,7,6-8,intermediate_6_to_8,1296,67,false,n,tier1_ngsl_general+ngsl_rank_1296+grade_estimate_7,intermediate,intermediate,4.932,30.009,9.321,intermediate_seed,intermediate_6_to_8.csv
engage,7,6-8,intermediate_6_to_8,1299,67,false,n,tier1_ngsl_general+ngsl_rank_1299+grade_estimate_7,intermediate,intermediate,4.932,30.009,9.321,intermediate_seed,intermediate_6_to_8.csv
crisis,7,6-8,intermediate_6_to_8,1302,67,false,n,tier1_ngsl_general+ngsl_rank_1302+grade_estimate_7,intermediate,intermediate,4.932,30.009,9.321,intermediate_seed,intermediate_6_to_8.csv
settle,7,6-8,intermediate_6_to_8,1303,67,false,n,tier1_ngsl_general+ngsl_rank_1303+grade_estimate_7,intermediate,intermediate,4.932,30.009,9.321,intermediate_seed,intermediate_6_to_8.csv
twice,7,6-8,intermediate_6_to_8,1308,66,false,n,tier1_ngsl_general+ngsl_rank_1308+grade_estimate_7,intermediate,intermediate,4.928,30.005,9.317,intermediate_seed,intermediate_6_to_8.csv
delay,7,6-8,intermediate_6_to_8,1310,66,false,n,tier1_ngsl_general+ngsl_rank_1310+grade_estimate_7,intermediate,intermediate,4.928,30.005,9.317,intermediate_seed,intermediate_6_to_8.csv
safety,7,6-8,intermediate_6_to_8,1311,66,false,n,tier1_ngsl_general+ngsl_rank_1311+grade_estimate_7,intermediate,intermediate,4.928,30.005,9.317,intermediate_seed,intermediate_6_to_8.csv
divide,7,6-8,intermediate_6_to_8,1316,66,false,n,tier1_ngsl_general+ngsl_rank_1316+grade_estimate_7,intermediate,intermediate,4.928,30.005,9.317,intermediate_seed,intermediate_6_to_8.csv
somewhere,7,6-8,intermediate_6_to_8,1320,66,false,n,tier1_ngsl_general+ngsl_rank_1320+grade_estimate_7,intermediate,intermediate,4.128,30.005,10.017,intermediate_seed,intermediate_6_to_8.csv
expand,7,6-8,intermediate_6_to_8,1321,66,false,v,tier1_ngsl_general+ngsl_rank_1321+grade_estimate_7,intermediate,intermediate,4.928,30.005,9.317,intermediate_seed,intermediate_6_to_8.csv
commit,7,6-8,intermediate_6_to_8,1322,66,false,n,tier1_ngsl_general+ngsl_rank_1322+grade_estimate_7,intermediate,intermediate,4.928,30.005,9.317,intermediate_seed,intermediate_6_to_8.csv
obvious,7,6-8,intermediate_6_to_8,1323,66,false,adj,tier1_ngsl_general+ngsl_rank_1323+grade_estimate_7,intermediate,intermediate,4.128,30.005,10.717,intermediate_seed,intermediate_6_to_8.csv
industrialize,8,6-8,intermediate_6_to_8,837,8,true,v,tier2_nawl_academic+nawl_rank_837+grade_estimate_8,intermediate,intermediate,5.753,30.004,14.479,intermediate_seed,intermediate_6_to_8.csv
explicitly,6,6-8,intermediate_6_to_8,153,65,true,adv,tier2_nawl_academic+nawl_rank_153+grade_estimate_6,intermediate,intermediate,6.125,30.0,12.013,intermediate_seed,intermediate_6_to_8.csv
conceptual,6,6-8,intermediate_6_to_8,155,65,true,adj,tier2_nawl_academic+nawl_rank_155+grade_estimate_6,intermediate,intermediate,6.125,30.0,12.013,intermediate_seed,intermediate_6_to_8.csv
weapon,7,6-8,intermediate_6_to_8,1325,65,false,n,tier1_ngsl_general+ngsl_rank_1325+grade_estimate_7,intermediate,intermediate,4.925,30.0,9.313,intermediate_seed,intermediate_6_to_8.csv
relatively,7,6-8,intermediate_6_to_8,1326,65,false,adv,tier1_ngsl_general+ngsl_rank_1326+grade_estimate_7,intermediate,intermediate,4.125,30.0,10.013,intermediate_seed,intermediate_6_to_8.csv
broad,7,6-8,intermediate_6_to_8,1330,65,false,n,tier1_ngsl_general+ngsl_rank_1330+grade_estimate_7,intermediate,intermediate,4.925,30.0,9.313,intermediate_seed,intermediate_6_to_8.csv
neural,6,6-8,intermediate_6_to_8,158,64,true,adj,tier2_nawl_academic+nawl_rank_158+grade_estimate_6,intermediate,intermediate,6.922,29.995,11.308,intermediate_seed,intermediate_6_to_8.csv
integral,6,6-8,intermediate_6_to_8,160,64,true,adj,tier2_nawl_academic+nawl_rank_160+grade_estimate_6,intermediate,intermediate,6.122,29.995,12.008,intermediate_seed,intermediate_6_to_8.csv
enzyme,6,6-8,intermediate_6_to_8,161,64,true,n,tier2_nawl_academic+nawl_rank_161+grade_estimate_6,intermediate,intermediate,6.922,29.995,11.308,intermediate_seed,intermediate_6_to_8.csv
spirit,7,6-8,intermediate_6_to_8,1333,64,false,n,tier1_ngsl_general+ngsl_rank_1333+grade_estimate_7,intermediate,intermediate,4.922,29.995,9.308,intermediate_seed,intermediate_6_to_8.csv
actual,7,6-8,intermediate_6_to_8,1335,64,false,adj,tier1_ngsl_general+ngsl_rank_1335+grade_estimate_7,intermediate,intermediate,4.922,29.995,9.308,intermediate_seed,intermediate_6_to_8.csv
battle,7,6-8,intermediate_6_to_8,1337,64,false,n,tier1_ngsl_general+ngsl_rank_1337+grade_estimate_7,intermediate,intermediate,4.922,29.995,9.308,intermediate_seed,intermediate_6_to_8.csv
hardly,7,6-8,intermediate_6_to_8,1340,64,false,adv,tier1_ngsl_general+ngsl_rank_1340+grade_estimate_7,intermediate,intermediate,4.922,29.995,9.308,intermediate_seed,intermediate_6_to_8.csv
award,7,6-8,intermediate_6_to_8,1341,64,false,n,tier1_ngsl_general+ngsl_rank_1341+grade_estimate_7,intermediate,intermediate,4.922,29.995,9.308,intermediate_seed,intermediate_6_to_8.csv
possibly,7,6-8,intermediate_6_to_8,1347,64,false,adv,tier1_ngsl_general+ngsl_rank_1347+grade_estimate_7,intermediate,intermediate,4.122,29.995,10.008,intermediate_seed,intermediate_6_to_8.csv
threat,7,6-8,intermediate_6_to_8,1348,64,false,n,tier1_ngsl_general+ngsl_rank_1348+grade_estimate_7,intermediate,intermediate,4.922,29.995,9.308,intermediate_seed,intermediate_6_to_8.csv
accident,7,6-8,intermediate_6_to_8,1349,64,false,adj,tier1_ngsl_general+ngsl_rank_1349+grade_estimate_7,intermediate,intermediate,4.122,29.995,10.008,intermediate_seed,intermediate_6_to_8.csv
impossible,7,6-8,intermediate_6_to_8,1350,64,false,adj,tier1_ngsl_general+ngsl_rank_1350+grade_estimate_7,intermediate,intermediate,4.122,29.995,10.008,intermediate_seed,intermediate_6_to_8.csv
enable,7,6-8,intermediate_6_to_8,1352,64,false,v,tier1_ngsl_general+ngsl_rank_1352+grade_estimate_7,intermediate,intermediate,4.922,29.995,9.308,intermediate_seed,intermediate_6_to_8.csv
sperm,6,6-8,intermediate_6_to_8,166,63,true,n,tier2_nawl_academic+nawl_rank_166+grade_estimate_6,intermediate,intermediate,6.918,29.991,11.304,intermediate_seed,intermediate_6_to_8.csv
sphere,6,6-8,intermediate_6_to_8,168,63,true,n,tier2_nawl_academic+nawl_rank_168+grade_estimate_6,intermediate,intermediate,6.918,29.991,11.304,intermediate_seed,intermediate_6_to_8.csv
conclude,7,6-8,intermediate_6_to_8,1355,63,false,n,tier1_ngsl_general+ngsl_rank_1355+grade_estimate_7,intermediate,intermediate,4.118,29.991,10.004,intermediate_seed,intermediate_6_to_8.csv
cancer,7,6-8,intermediate_6_to_8,1357,63,false,n,tier1_ngsl_general+ngsl_rank_1357+grade_estimate_7,intermediate,intermediate,4.918,29.991,9.304,intermediate_seed,intermediate_6_to_8.csv
convince,7,6-8,intermediate_6_to_8,1358,63,false,n,tier1_ngsl_general+ngsl_rank_1358+grade_estimate_7,intermediate,intermediate,4.118,29.991,10.004,intermediate_seed,intermediate_6_to_8.csv
environmental,7,6-8,intermediate_6_to_8,1360,63,false,adj,tier1_ngsl_general+ngsl_rank_1360+grade_estimate_7,intermediate,intermediate,4.118,29.991,11.504,intermediate_seed,intermediate_6_to_8.csv
volume,7,6-8,intermediate_6_to_8,1364,63,false,n,tier1_ngsl_general+ngsl_rank_1364+grade_estimate_7,intermediate,intermediate,4.918,29.991,9.304,intermediate_seed,intermediate_6_to_8.csv
invest,7,6-8,intermediate_6_to_8,1366,63,false,n,tier1_ngsl_general+ngsl_rank_1366+grade_estimate_7,intermediate,intermediate,4.918,29.991,9.304,intermediate_seed,intermediate_6_to_8.csv
mediate,6,6-8,intermediate_6_to_8,170,62,true,v,tier2_nawl_academic+nawl_rank_170+grade_estimate_6,intermediate,intermediate,6.114,29.986,12.7,intermediate_seed,intermediate_6_to_8.csv
classify,6,6-8,intermediate_6_to_8,172,62,true,v,tier2_nawl_academic+nawl_rank_172+grade_estimate_6,intermediate,intermediate,6.114,29.986,12.0,intermediate_seed,intermediate_6_to_8.csv
physician,6,6-8,intermediate_6_to_8,173,62,true,n,tier2_nawl_academic+nawl_rank_173+grade_estimate_6,intermediate,intermediate,6.114,29.986,12.0,intermediate_seed,intermediate_6_to_8.csv
indicator,6,6-8,intermediate_6_to_8,177,62,true,n,tier2_nawl_academic+nawl_rank_177+grade_estimate_6,intermediate,intermediate,6.114,29.986,12.0,intermediate_seed,intermediate_6_to_8.csv
murder,7,6-8,intermediate_6_to_8,1376,62,false,n,tier1_ngsl_general+ngsl_rank_1376+grade_estimate_7,intermediate,intermediate,4.914,29.986,9.3,intermediate_seed,intermediate_6_to_8.csv
hate,7,6-8,intermediate_6_to_8,1380,62,false,v,tier1_ngsl_general+ngsl_rank_1380+grade_estimate_7,intermediate,intermediate,5.914,29.986,10.7,intermediate_seed,intermediate_6_to_8.csv
usual,7,6-8,intermediate_6_to_8,1385,62,false,adj,tier1_ngsl_general+ngsl_rank_1385+grade_estimate_7,intermediate,intermediate,4.914,29.986,9.3,intermediate_seed,intermediate_6_to_8.csv
recall,7,6-8,intermediate_6_to_8,1388,62,false,n,tier1_ngsl_general+ngsl_rank_1388+grade_estimate_7,intermediate,intermediate,4.914,29.986,9.3,intermediate_seed,intermediate_6_to_8.csv
manufacture,7,6-8,intermediate_6_to_8,1392,62,false,n,tier1_ngsl_general+ngsl_rank_1392+grade_estimate_7,intermediate,intermediate,4.114,29.986,11.5,intermediate_seed,intermediate_6_to_8.csv
indifference,8,6-8,intermediate_6_to_8,850,7,true,n,tier2_nawl_academic+nawl_rank_850+grade_estimate_8,intermediate,intermediate,5.738,29.984,14.461,intermediate_seed,intermediate_6_to_8.csv
dissection,8,6-8,intermediate_6_to_8,856,7,true,n,tier2_nawl_academic+nawl_rank_856+grade_estimate_8,intermediate,intermediate,5.738,29.984,12.961,intermediate_seed,intermediate_6_to_8.csv
evolutionary,6,6-8,intermediate_6_to_8,179,61,true,adj,tier2_nawl_academic+nawl_rank_179+grade_estimate_6,intermediate,intermediate,6.111,29.981,13.496,intermediate_seed,intermediate_6_to_8.csv
feedback,6,6-8,intermediate_6_to_8,180,61,true,n,tier2_nawl_academic+nawl_rank_180+grade_estimate_6,intermediate,intermediate,6.111,29.981,11.996,intermediate_seed,intermediate_6_to_8.csv
coffee,7,6-8,intermediate_6_to_8,1395,61,false,n,tier1_ngsl_general+ngsl_rank_1395+grade_estimate_7,intermediate,intermediate,4.911,29.981,9.296,intermediate_seed,intermediate_6_to_8.csv
moreover,7,6-8,intermediate_6_to_8,1403,61,false,n,tier1_ngsl_general+ngsl_rank_1403+grade_estimate_7,intermediate,intermediate,4.111,29.981,9.996,intermediate_seed,intermediate_6_to_8.csv
historical,7,6-8,intermediate_6_to_8,1405,61,false,adj,tier1_ngsl_general+ngsl_rank_1405+grade_estimate_7,intermediate,intermediate,4.111,29.981,9.996,intermediate_seed,intermediate_6_to_8.csv
oppose,7,6-8,intermediate_6_to_8,1406,61,false,n,tier1_ngsl_general+ngsl_rank_1406+grade_estimate_7,intermediate,intermediate,4.911,29.981,9.296,intermediate_seed,intermediate_6_to_8.csv
branch,7,6-8,intermediate_6_to_8,1407,61,false,n,tier1_ngsl_general+ngsl_rank_1407+grade_estimate_7,intermediate,intermediate,4.911,29.981,9.296,intermediate_seed,intermediate_6_to_8.csv
arbitrary,6,6-8,intermediate_6_to_8,182,60,true,adj,tier2_nawl_academic+nawl_rank_182+grade_estimate_6,intermediate,intermediate,6.107,29.976,11.992,intermediate_seed,intermediate_6_to_8.csv
nonlinear,6,6-8,intermediate_6_to_8,185,60,true,n,tier2_nawl_academic+nawl_rank_185+grade_estimate_6,intermediate,intermediate,6.107,29.976,11.992,intermediate_seed,intermediate_6_to_8.csv
syntax,6,6-8,intermediate_6_to_8,192,60,true,n,tier2_nawl_academic+nawl_rank_192+grade_estimate_6,intermediate,intermediate,6.907,29.976,11.292,intermediate_seed,intermediate_6_to_8.csv
taste,7,6-8,intermediate_6_to_8,1413,60,false,n,tier1_ngsl_general+ngsl_rank_1413+grade_estimate_7,intermediate,intermediate,4.907,29.976,9.292,intermediate_seed,intermediate_6_to_8.csv
danger,7,6-8,intermediate_6_to_8,1416,60,false,n,tier1_ngsl_general+ngsl_rank_1416+grade_estimate_7,intermediate,intermediate,4.907,29.976,9.292,intermediate_seed,intermediate_6_to_8.csv
decrease,7,6-8,intermediate_6_to_8,1420,60,false,n,tier1_ngsl_general+ngsl_rank_1420+grade_estimate_7,intermediate,intermediate,4.107,29.976,9.992,intermediate_seed,intermediate_6_to_8.csv
defect,6,6-8,intermediate_6_to_8,193,59,true,n,tier2_nawl_academic+nawl_rank_193+grade_estimate_6,intermediate,intermediate,6.903,29.971,11.287,intermediate_seed,intermediate_6_to_8.csv
sufficiently,6,6-8,intermediate_6_to_8,196,59,true,adv,tier2_nawl_academic+nawl_rank_196+grade_estimate_6,intermediate,intermediate,6.103,29.971,13.487,intermediate_seed,intermediate_6_to_8.csv
valid,6,6-8,intermediate_6_to_8,197,59,true,adj,tier2_nawl_academic+nawl_rank_197+grade_estimate_6,intermediate,intermediate,6.903,29.971,11.287,intermediate_seed,intermediate_6_to_8.csv
interface,6,6-8,intermediate_6_to_8,198,59,true,n,tier2_nawl_academic+nawl_rank_198+grade_estimate_6,intermediate,intermediate,6.103,29.971,11.987,intermediate_seed,intermediate_6_to_8.csv
embed,6,6-8,intermediate_6_to_8,200,59,true,v,tier2_nawl_academic+nawl_rank_200+grade_estimate_6,intermediate,intermediate,6.903,29.971,11.287,intermediate_seed,intermediate_6_to_8.csv
utility,6,6-8,intermediate_6_to_8,203,59,true,n,tier2_nawl_academic+nawl_rank_203+grade_estimate_6,intermediate,intermediate,6.103,29.971,12.687,intermediate_seed,intermediate_6_to_8.csv
editor,7,6-8,intermediate_6_to_8,1423,59,false,n,tier1_ngsl_general+ngsl_rank_1423+grade_estimate_7,intermediate,intermediate,4.903,29.971,9.287,intermediate_seed,intermediate_6_to_8.csv
normally,7,6-8,intermediate_6_to_8,1424,59,false,adv,tier1_ngsl_general+ngsl_rank_1424+grade_estimate_7,intermediate,intermediate,4.103,29.971,9.987,intermediate_seed,intermediate_6_to_8.csv
delivery,7,6-8,intermediate_6_to_8,1428,59,false,n,tier1_ngsl_general+ngsl_rank_1428+grade_estimate_7,intermediate,intermediate,4.103,29.971,9.987,intermediate_seed,intermediate_6_to_8.csv
quote,7,6-8,intermediate_6_to_8,1433,59,false,n,tier1_ngsl_general+ngsl_rank_1433+grade_estimate_7,intermediate,intermediate,4.903,29.971,9.287,intermediate_seed,intermediate_6_to_8.csv
basically,7,6-8,intermediate_6_to_8,1435,59,false,adv,tier1_ngsl_general+ngsl_rank_1435+grade_estimate_7,intermediate,intermediate,4.103,29.971,9.987,intermediate_seed,intermediate_6_to_8.csv
minister,7,6-8,intermediate_6_to_8,1437,59,false,n,tier1_ngsl_general+ngsl_rank_1437+grade_estimate_7,intermediate,intermediate,4.103,29.971,9.987,intermediate_seed,intermediate_6_to_8.csv
mainly,7,6-8,intermediate_6_to_8,1438,59,false,adv,tier1_ngsl_general+ngsl_rank_1438+grade_estimate_7,intermediate,intermediate,4.903,29.971,9.287,intermediate_seed,intermediate_6_to_8.csv
manner,7,6-8,intermediate_6_to_8,1441,59,false,n,tier1_ngsl_general+ngsl_rank_1441+grade_estimate_7,intermediate,intermediate,4.903,29.971,9.287,intermediate_seed,intermediate_6_to_8.csv
verbal,6,6-8,intermediate_6_to_8,206,58,true,adj,tier2_nawl_academic+nawl_rank_206+grade_estimate_6,intermediate,intermediate,6.9,29.966,11.283,intermediate_seed,intermediate_6_to_8.csv
corpus,6,6-8,intermediate_6_to_8,209,58,true,n,tier2_nawl_academic+nawl_rank_209+grade_estimate_6,intermediate,intermediate,6.9,29.966,11.283,intermediate_seed,intermediate_6_to_8.csv
organ,6,6-8,intermediate_6_to_8,210,58,true,n,tier2_nawl_academic+nawl_rank_210+grade_estimate_6,intermediate,intermediate,6.9,29.966,11.283,intermediate_seed,intermediate_6_to_8.csv
gradient,6,6-8,intermediate_6_to_8,211,58,true,adj,tier2_nawl_academic+nawl_rank_211+grade_estimate_6,intermediate,intermediate,6.1,29.966,11.983,intermediate_seed,intermediate_6_to_8.csv
familiar,7,6-8,intermediate_6_to_8,1445,58,false,n,tier1_ngsl_general+ngsl_rank_1445+grade_estimate_7,intermediate,intermediate,4.1,29.966,9.983,intermediate_seed,intermediate_6_to_8.csv
affair,7,6-8,intermediate_6_to_8,1448,58,false,n,tier1_ngsl_general+ngsl_rank_1448+grade_estimate_7,intermediate,intermediate,4.9,29.966,9.283,intermediate_seed,intermediate_6_to_8.csv
tumor,6,6-8,intermediate_6_to_8,214,57,true,n,tier2_nawl_academic+nawl_rank_214+grade_estimate_6,intermediate,intermediate,6.896,29.961,11.278,intermediate_seed,intermediate_6_to_8.csv
fiber,6,6-8,intermediate_6_to_8,215,57,true,n,tier2_nawl_academic+nawl_rank_215+grade_estimate_6,intermediate,intermediate,6.896,29.961,11.278,intermediate_seed,intermediate_6_to_8.csv
paradigm,6,6-8,intermediate_6_to_8,216,57,true,n,tier2_nawl_academic+nawl_rank_216+grade_estimate_6,intermediate,intermediate,6.096,29.961,11.978,intermediate_seed,intermediate_6_to_8.csv
domestic,7,6-8,intermediate_6_to_8,1454,57,false,adj,tier1_ngsl_general+ngsl_rank_1454+grade_estimate_7,intermediate,intermediate,4.096,29.961,9.978,intermediate_seed,intermediate_6_to_8.csv
belief,7,6-8,intermediate_6_to_8,1456,57,false,n,tier1_ngsl_general+ngsl_rank_1456+grade_estimate_7,intermediate,intermediate,4.896,29.961,9.278,intermediate_seed,intermediate_6_to_8.csv
troop,7,6-8,intermediate_6_to_8,1457,57,false,n,tier1_ngsl_general+ngsl_rank_1457+grade_estimate_7,intermediate,intermediate,4.896,29.961,9.278,intermediate_seed,intermediate_6_to_8.csv
technical,7,6-8,intermediate_6_to_8,1458,57,false,adj,tier1_ngsl_general+ngsl_rank_1458+grade_estimate_7,intermediate,intermediate,4.096,29.961,9.978,intermediate_seed,intermediate_6_to_8.csv
remind,7,6-8,intermediate_6_to_8,1459,57,false,n,tier1_ngsl_general+ngsl_rank_1459+grade_estimate_7,intermediate,intermediate,4.896,29.961,9.278,intermediate_seed,intermediate_6_to_8.csv
prison,7,6-8,intermediate_6_to_8,1462,57,false,n,tier1_ngsl_general+ngsl_rank_1462+grade_estimate_7,intermediate,intermediate,4.896,29.961,9.278,intermediate_seed,intermediate_6_to_8.csv
switch,7,6-8,intermediate_6_to_8,1463,57,false,n,tier1_ngsl_general+ngsl_rank_1463+grade_estimate_7,intermediate,intermediate,4.896,29.961,9.278,intermediate_seed,intermediate_6_to_8.csv
fairly,7,6-8,intermediate_6_to_8,1466,57,false,adv,tier1_ngsl_general+ngsl_rank_1466+grade_estimate_7,intermediate,intermediate,4.896,29.961,9.278,intermediate_seed,intermediate_6_to_8.csv
development,6,6-8,intermediate_6_to_8,363,270,false,n,tier1_ngsl_general+ngsl_rank_363+grade_estimate_6,intermediate,intermediate,8.468,29.958,11.313,intermediate_seed,intermediate_6_to_8.csv
infinite,6,6-8,intermediate_6_to_8,218,56,true,n,tier2_nawl_academic+nawl_rank_218+grade_estimate_6,intermediate,intermediate,6.092,29.956,11.974,intermediate_seed,intermediate_6_to_8.csv
diagnostic,6,6-8,intermediate_6_to_8,220,56,true,adj,tier2_nawl_academic+nawl_rank_220+grade_estimate_6,intermediate,intermediate,6.092,29.956,11.974,intermediate_seed,intermediate_6_to_8.csv
ought,7,6-8,intermediate_6_to_8,1477,56,false,n,tier1_ngsl_general+ngsl_rank_1477+grade_estimate_7,intermediate,intermediate,4.892,29.956,9.274,intermediate_seed,intermediate_6_to_8.csv
studio,7,6-8,intermediate_6_to_8,1483,56,false,n,tier1_ngsl_general+ngsl_rank_1483+grade_estimate_7,intermediate,intermediate,4.892,29.956,9.274,intermediate_seed,intermediate_6_to_8.csv
proper,7,6-8,intermediate_6_to_8,1484,56,false,n,tier1_ngsl_general+ngsl_rank_1484+grade_estimate_7,intermediate,intermediate,4.892,29.956,9.274,intermediate_seed,intermediate_6_to_8.csv
tourist,7,6-8,intermediate_6_to_8,1486,56,false,n,tier1_ngsl_general+ngsl_rank_1486+grade_estimate_7,intermediate,intermediate,4.092,29.956,10.674,intermediate_seed,intermediate_6_to_8.csv
component,7,6-8,intermediate_6_to_8,1487,56,false,adj,tier1_ngsl_general+ngsl_rank_1487+grade_estimate_7,intermediate,intermediate,4.092,29.956,9.974,intermediate_seed,intermediate_6_to_8.csv
outer,6,6-8,intermediate_6_to_8,223,55,true,adj,tier2_nawl_academic+nawl_rank_223+grade_estimate_6,intermediate,intermediate,6.888,29.95,11.269,intermediate_seed,intermediate_6_to_8.csv
probe,6,6-8,intermediate_6_to_8,225,55,true,n,tier2_nawl_academic+nawl_rank_225+grade_estimate_6,intermediate,intermediate,6.888,29.95,11.269,intermediate_seed,intermediate_6_to_8.csv
mathematical,6,6-8,intermediate_6_to_8,227,55,true,adj,tier2_nawl_academic+nawl_rank_227+grade_estimate_6,intermediate,intermediate,6.088,29.95,13.469,intermediate_seed,intermediate_6_to_8.csv
likelihood,6,6-8,intermediate_6_to_8,228,55,true,n,tier2_nawl_academic+nawl_rank_228+grade_estimate_6,intermediate,intermediate,6.088,29.95,11.969,intermediate_seed,intermediate_6_to_8.csv
industrial,7,6-8,intermediate_6_to_8,1494,55,false,adj,tier1_ngsl_general+ngsl_rank_1494+grade_estimate_7,intermediate,intermediate,4.088,29.95,9.969,intermediate_seed,intermediate_6_to_8.csv
complain,7,6-8,intermediate_6_to_8,1495,55,false,n,tier1_ngsl_general+ngsl_rank_1495+grade_estimate_7,intermediate,intermediate,4.088,29.95,9.969,intermediate_seed,intermediate_6_to_8.csv
error,7,6-8,intermediate_6_to_8,1497,55,false,n,tier1_ngsl_general+ngsl_rank_1497+grade_estimate_7,intermediate,intermediate,4.888,29.95,9.269,intermediate_seed,intermediate_6_to_8.csv
arrest,7,6-8,intermediate_6_to_8,1498,55,false,n,tier1_ngsl_general+ngsl_rank_1498+grade_estimate_7,intermediate,intermediate,4.888,29.95,9.269,intermediate_seed,intermediate_6_to_8.csv
assess,7,6-8,intermediate_6_to_8,1499,55,false,n,tier1_ngsl_general+ngsl_rank_1499+grade_estimate_7,intermediate,intermediate,4.888,29.95,9.269,intermediate_seed,intermediate_6_to_8.csv
register,7,6-8,intermediate_6_to_8,1500,55,false,n,tier1_ngsl_general+ngsl_rank_1500+grade_estimate_7,intermediate,intermediate,4.088,29.95,9.969,intermediate_seed,intermediate_6_to_8.csv
asset,7,6-8,intermediate_6_to_8,1501,55,false,n,tier1_ngsl_general+ngsl_rank_1501+grade_estimate_7,intermediate,intermediate,4.888,29.95,9.269,intermediate_seed,intermediate_6_to_8.csv
relevant,7,6-8,intermediate_6_to_8,1504,55,false,adj,tier1_ngsl_general+ngsl_rank_1504+grade_estimate_7,intermediate,intermediate,4.088,29.95,9.969,intermediate_seed,intermediate_6_to_8.csv
comparable,6,6-8,intermediate_6_to_8,229,54,true,adj,tier2_nawl_academic+nawl_rank_229+grade_estimate_6,intermediate,intermediate,6.084,29.945,11.964,intermediate_seed,intermediate_6_to_8.csv
magnitude,6,6-8,intermediate_6_to_8,230,54,true,n,tier2_nawl_academic+nawl_rank_230+grade_estimate_6,intermediate,intermediate,6.084,29.945,11.964,intermediate_seed,intermediate_6_to_8.csv
necessarily,7,6-8,intermediate_6_to_8,1509,54,false,adv,tier1_ngsl_general+ngsl_rank_1509+grade_estimate_7,intermediate,intermediate,4.084,29.945,11.464,intermediate_seed,intermediate_6_to_8.csv
literature,7,6-8,intermediate_6_to_8,1519,54,false,n,tier1_ngsl_general+ngsl_rank_1519+grade_estimate_7,intermediate,intermediate,4.084,29.945,9.964,intermediate_seed,intermediate_6_to_8.csv
victim,7,6-8,intermediate_6_to_8,1520,54,false,n,tier1_ngsl_general+ngsl_rank_1520+grade_estimate_7,intermediate,intermediate,4.884,29.945,9.264,intermediate_seed,intermediate_6_to_8.csv
socialize,8,6-8,intermediate_6_to_8,888,5,true,v,tier2_nawl_academic+nawl_rank_888+grade_estimate_8,intermediate,intermediate,5.706,29.941,12.923,intermediate_seed,intermediate_6_to_8.csv
deflection,8,6-8,intermediate_6_to_8,900,5,true,n,tier2_nawl_academic+nawl_rank_900+grade_estimate_8,intermediate,intermediate,5.706,29.941,12.923,intermediate_seed,intermediate_6_to_8.csv
consciousness,6,6-8,intermediate_6_to_8,236,53,true,n,tier2_nawl_academic+nawl_rank_236+grade_estimate_6,intermediate,intermediate,6.08,29.939,13.46,intermediate_seed,intermediate_6_to_8.csv
simultaneously,6,6-8,intermediate_6_to_8,237,53,true,adv,tier2_nawl_academic+nawl_rank_237+grade_estimate_6,intermediate,intermediate,6.08,29.939,13.46,intermediate_seed,intermediate_6_to_8.csv
hierarchy,6,6-8,intermediate_6_to_8,239,53,true,n,tier2_nawl_academic+nawl_rank_239+grade_estimate_6,intermediate,intermediate,6.08,29.939,11.96,intermediate_seed,intermediate_6_to_8.csv
threaten,7,6-8,intermediate_6_to_8,1521,53,false,v,tier1_ngsl_general+ngsl_rank_1521+grade_estimate_7,intermediate,intermediate,4.08,29.939,9.96,intermediate_seed,intermediate_6_to_8.csv
secure,7,6-8,intermediate_6_to_8,1523,53,false,n,tier1_ngsl_general+ngsl_rank_1523+grade_estimate_7,intermediate,intermediate,4.88,29.939,9.26,intermediate_seed,intermediate_6_to_8.csv
amaze,7,6-8,intermediate_6_to_8,1524,53,false,n,tier1_ngsl_general+ngsl_rank_1524+grade_estimate_7,intermediate,intermediate,4.88,29.939,9.26,intermediate_seed,intermediate_6_to_8.csv
device,7,6-8,intermediate_6_to_8,1525,53,false,n,tier1_ngsl_general+ngsl_rank_1525+grade_estimate_7,intermediate,intermediate,4.88,29.939,9.26,intermediate_seed,intermediate_6_to_8.csv
label,7,6-8,intermediate_6_to_8,1528,53,false,n,tier1_ngsl_general+ngsl_rank_1528+grade_estimate_7,intermediate,intermediate,4.88,29.939,9.26,intermediate_seed,intermediate_6_to_8.csv
friendly,7,6-8,intermediate_6_to_8,1538,53,false,adv,tier1_ngsl_general+ngsl_rank_1538+grade_estimate_7,intermediate,intermediate,4.08,29.939,9.96,intermediate_seed,intermediate_6_to_8.csv
resident,7,6-8,intermediate_6_to_8,1539,53,false,adj,tier1_ngsl_general+ngsl_rank_1539+grade_estimate_7,intermediate,intermediate,4.08,29.939,9.96,intermediate_seed,intermediate_6_to_8.csv
export,7,6-8,intermediate_6_to_8,1543,53,false,n,tier1_ngsl_general+ngsl_rank_1543+grade_estimate_7,intermediate,intermediate,4.88,29.939,9.26,intermediate_seed,intermediate_6_to_8.csv
entirely,7,6-8,intermediate_6_to_8,1544,53,false,adv,tier1_ngsl_general+ngsl_rank_1544+grade_estimate_7,intermediate,intermediate,4.08,29.939,9.96,intermediate_seed,intermediate_6_to_8.csv
strongly,7,6-8,intermediate_6_to_8,1545,53,false,adv,tier1_ngsl_general+ngsl_rank_1545+grade_estimate_7,intermediate,intermediate,4.08,29.939,9.96,intermediate_seed,intermediate_6_to_8.csv
periodic,6,6-8,intermediate_6_to_8,241,52,true,adj,tier2_nawl_academic+nawl_rank_241+grade_estimate_6,intermediate,intermediate,6.075,29.934,11.955,intermediate_seed,intermediate_6_to_8.csv
autonomy,6,6-8,intermediate_6_to_8,248,52,true,n,tier2_nawl_academic+nawl_rank_248+grade_estimate_6,intermediate,intermediate,6.075,29.934,11.955,intermediate_seed,intermediate_6_to_8.csv
consist,7,6-8,intermediate_6_to_8,1547,52,false,n,tier1_ngsl_general+ngsl_rank_1547+grade_estimate_7,intermediate,intermediate,4.075,29.934,10.655,intermediate_seed,intermediate_6_to_8.csv
brand,7,6-8,intermediate_6_to_8,1549,52,false,n,tier1_ngsl_general+ngsl_rank_1549+grade_estimate_7,intermediate,intermediate,4.875,29.934,9.255,intermediate_seed,intermediate_6_to_8.csv
moral,7,6-8,intermediate_6_to_8,1550,52,false,adj,tier1_ngsl_general+ngsl_rank_1550+grade_estimate_7,intermediate,intermediate,4.875,29.934,9.255,intermediate_seed,intermediate_6_to_8.csv
master,7,6-8,intermediate_6_to_8,1556,52,false,n,tier1_ngsl_general+ngsl_rank_1556+grade_estimate_7,intermediate,intermediate,4.875,29.934,9.255,intermediate_seed,intermediate_6_to_8.csv
definitely,7,6-8,intermediate_6_to_8,1557,52,false,adv,tier1_ngsl_general+ngsl_rank_1557+grade_estimate_7,intermediate,intermediate,4.075,29.934,9.955,intermediate_seed,intermediate_6_to_8.csv
session,7,6-8,intermediate_6_to_8,1558,52,false,n,tier1_ngsl_general+ngsl_rank_1558+grade_estimate_7,intermediate,intermediate,4.075,29.934,10.655,intermediate_seed,intermediate_6_to_8.csv
nevertheless,7,6-8,intermediate_6_to_8,1560,52,false,adj,tier1_ngsl_general+ngsl_rank_1560+grade_estimate_7,intermediate,intermediate,4.075,29.934,11.455,intermediate_seed,intermediate_6_to_8.csv
previously,7,6-8,intermediate_6_to_8,1562,52,false,adv,tier1_ngsl_general+ngsl_rank_1562+grade_estimate_7,intermediate,intermediate,4.075,29.934,9.955,intermediate_seed,intermediate_6_to_8.csv
reasonable,7,6-8,intermediate_6_to_8,1569,52,false,adj,tier1_ngsl_general+ngsl_rank_1569+grade_estimate_7,intermediate,intermediate,4.075,29.934,9.955,intermediate_seed,intermediate_6_to_8.csv
guarantee,7,6-8,intermediate_6_to_8,1570,52,false,n,tier1_ngsl_general+ngsl_rank_1570+grade_estimate_7,intermediate,intermediate,4.075,29.934,9.955,intermediate_seed,intermediate_6_to_8.csv
biology,7,6-8,intermediate_6_to_8,251,51,true,n,tier2_nawl_academic+nawl_rank_251+grade_estimate_7,intermediate,intermediate,6.071,29.928,12.65,intermediate_seed,intermediate_6_to_8.csv
scenario,7,6-8,intermediate_6_to_8,252,51,true,n,tier2_nawl_academic+nawl_rank_252+grade_estimate_7,intermediate,intermediate,6.071,29.928,11.95,intermediate_seed,intermediate_6_to_8.csv
conditional,7,6-8,intermediate_6_to_8,253,51,true,adj,tier2_nawl_academic+nawl_rank_253+grade_estimate_7,intermediate,intermediate,6.071,29.928,13.45,intermediate_seed,intermediate_6_to_8.csv
contrary,7,6-8,intermediate_6_to_8,254,51,true,adj,tier2_nawl_academic+nawl_rank_254+grade_estimate_7,intermediate,intermediate,6.071,29.928,11.95,intermediate_seed,intermediate_6_to_8.csv
discrete,7,6-8,intermediate_6_to_8,255,51,true,n,tier2_nawl_academic+nawl_rank_255+grade_estimate_7,intermediate,intermediate,6.071,29.928,11.95,intermediate_seed,intermediate_6_to_8.csv
morphological,7,6-8,intermediate_6_to_8,257,51,true,adj,tier2_nawl_academic+nawl_rank_257+grade_estimate_7,intermediate,intermediate,6.071,29.928,13.45,intermediate_seed,intermediate_6_to_8.csv
effectiveness,7,6-8,intermediate_6_to_8,260,51,true,n,tier2_nawl_academic+nawl_rank_260+grade_estimate_7,intermediate,intermediate,6.071,29.928,13.45,intermediate_seed,intermediate_6_to_8.csv
elect,7,6-8,intermediate_6_to_8,1578,51,false,n,tier1_ngsl_general+ngsl_rank_1578+grade_estimate_7,intermediate,intermediate,4.871,29.928,9.25,intermediate_seed,intermediate_6_to_8.csv
atmosphere,7,6-8,intermediate_6_to_8,1579,51,false,n,tier1_ngsl_general+ngsl_rank_1579+grade_estimate_7,intermediate,intermediate,4.071,29.928,9.95,intermediate_seed,intermediate_6_to_8.csv
farmer,7,6-8,intermediate_6_to_8,1580,51,false,n,tier1_ngsl_general+ngsl_rank_1580+grade_estimate_7,intermediate,intermediate,4.871,29.928,9.25,intermediate_seed,intermediate_6_to_8.csv
comparison,7,6-8,intermediate_6_to_8,1581,51,false,n,tier1_ngsl_general+ngsl_rank_1581+grade_estimate_7,intermediate,intermediate,4.071,29.928,9.95,intermediate_seed,intermediate_6_to_8.csv
characteristic,7,6-8,intermediate_6_to_8,1582,51,false,adj,tier1_ngsl_general+ngsl_rank_1582+grade_estimate_7,intermediate,intermediate,4.071,29.928,11.45,intermediate_seed,intermediate_6_to_8.csv
narrow,7,6-8,intermediate_6_to_8,1585,51,false,n,tier1_ngsl_general+ngsl_rank_1585+grade_estimate_7,intermediate,intermediate,4.871,29.928,9.25,intermediate_seed,intermediate_6_to_8.csv
permit,7,6-8,intermediate_6_to_8,1589,51,false,v,tier1_ngsl_general+ngsl_rank_1589+grade_estimate_7,intermediate,intermediate,4.871,29.928,9.25,intermediate_seed,intermediate_6_to_8.csv
seriously,7,6-8,intermediate_6_to_8,1590,51,false,adv,tier1_ngsl_general+ngsl_rank_1590+grade_estimate_7,intermediate,intermediate,4.071,29.928,9.95,intermediate_seed,intermediate_6_to_8.csv
calculus,7,6-8,intermediate_6_to_8,263,50,true,n,tier2_nawl_academic+nawl_rank_263+grade_estimate_7,intermediate,intermediate,6.067,29.923,11.945,intermediate_seed,intermediate_6_to_8.csv
longitudinal,7,6-8,intermediate_6_to_8,264,50,true,adj,tier2_nawl_academic+nawl_rank_264+grade_estimate_7,intermediate,intermediate,6.067,29.923,13.445,intermediate_seed,intermediate_6_to_8.csv
usage,7,6-8,intermediate_6_to_8,264,50,true,n,tier2_nawl_academic+nawl_rank_264+grade_estimate_7,intermediate,intermediate,6.867,29.923,11.245,intermediate_seed,intermediate_6_to_8.csv
client,7,6-8,intermediate_6_to_8,267,50,true,n,tier2_nawl_academic+nawl_rank_267+grade_estimate_7,intermediate,intermediate,6.867,29.923,11.245,intermediate_seed,intermediate_6_to_8.csv
marginal,7,6-8,intermediate_6_to_8,267,50,true,adj,tier2_nawl_academic+nawl_rank_267+grade_estimate_7,intermediate,intermediate,6.067,29.923,11.945,intermediate_seed,intermediate_6_to_8.csv
unique,7,6-8,intermediate_6_to_8,1594,50,false,n,tier1_ngsl_general+ngsl_rank_1594+grade_estimate_7,intermediate,intermediate,4.867,29.923,9.245,intermediate_seed,intermediate_6_to_8.csv
investor,7,6-8,intermediate_6_to_8,1597,50,false,n,tier1_ngsl_general+ngsl_rank_1597+grade_estimate_7,intermediate,intermediate,4.067,29.923,9.945,intermediate_seed,intermediate_6_to_8.csv
practical,7,6-8,intermediate_6_to_8,1598,50,false,adj,tier1_ngsl_general+ngsl_rank_1598+grade_estimate_7,intermediate,intermediate,4.067,29.923,9.945,intermediate_seed,intermediate_6_to_8.csv
sexual,7,6-8,intermediate_6_to_8,1609,50,false,adj,tier1_ngsl_general+ngsl_rank_1609+grade_estimate_7,intermediate,intermediate,4.867,29.923,9.245,intermediate_seed,intermediate_6_to_8.csv
increasingly,7,6-8,intermediate_6_to_8,1612,50,false,adv,tier1_ngsl_general+ngsl_rank_1612+grade_estimate_7,intermediate,intermediate,4.067,29.923,11.445,intermediate_seed,intermediate_6_to_8.csv
import,7,6-8,intermediate_6_to_8,1613,50,false,n,tier1_ngsl_general+ngsl_rank_1613+grade_estimate_7,intermediate,intermediate,4.867,29.923,9.245,intermediate_seed,intermediate_6_to_8.csv
bottle,7,6-8,intermediate_6_to_8,1614,50,false,n,tier1_ngsl_general+ngsl_rank_1614+grade_estimate_7,intermediate,intermediate,4.867,29.923,9.245,intermediate_seed,intermediate_6_to_8.csv
memorize,8,6-8,intermediate_6_to_8,916,4,true,v,tier2_nawl_academic+nawl_rank_916+grade_estimate_8,intermediate,intermediate,5.688,29.917,12.902,intermediate_seed,intermediate_6_to_8.csv
superior,7,6-8,intermediate_6_to_8,271,49,true,n,tier2_nawl_academic+nawl_rank_271+grade_estimate_7,intermediate,intermediate,6.063,29.917,11.94,intermediate_seed,intermediate_6_to_8.csv
composer,7,6-8,intermediate_6_to_8,273,49,true,n,tier2_nawl_academic+nawl_rank_273+grade_estimate_7,intermediate,intermediate,6.063,29.917,11.94,intermediate_seed,intermediate_6_to_8.csv
singular,7,6-8,intermediate_6_to_8,274,49,true,n,tier2_nawl_academic+nawl_rank_274+grade_estimate_7,intermediate,intermediate,6.063,29.917,11.94,intermediate_seed,intermediate_6_to_8.csv
converge,7,6-8,intermediate_6_to_8,275,49,true,n,tier2_nawl_academic+nawl_rank_275+grade_estimate_7,intermediate,intermediate,6.063,29.917,11.94,intermediate_seed,intermediate_6_to_8.csv
fetal,7,6-8,intermediate_6_to_8,276,49,true,adj,tier2_nawl_academic+nawl_rank_276+grade_estimate_7,intermediate,intermediate,6.863,29.917,11.24,intermediate_seed,intermediate_6_to_8.csv
implicit,7,6-8,intermediate_6_to_8,278,49,true,n,tier2_nawl_academic+nawl_rank_278+grade_estimate_7,intermediate,intermediate,6.063,29.917,11.94,intermediate_seed,intermediate_6_to_8.csv
immune,7,6-8,intermediate_6_to_8,284,49,true,adj,tier2_nawl_academic+nawl_rank_284+grade_estimate_7,intermediate,intermediate,6.863,29.917,11.24,intermediate_seed,intermediate_6_to_8.csv
ourselves,7,6-8,intermediate_6_to_8,1615,49,false,pron,tier1_ngsl_general+ngsl_rank_1615+grade_estimate_7,intermediate,intermediate,4.063,29.917,9.94,intermediate_seed,intermediate_6_to_8.csv
sheet,7,6-8,intermediate_6_to_8,1616,49,false,n,tier1_ngsl_general+ngsl_rank_1616+grade_estimate_7,intermediate,intermediate,4.863,29.917,9.24,intermediate_seed,intermediate_6_to_8.csv
honor,7,6-8,intermediate_6_to_8,1625,49,false,n,tier1_ngsl_general+ngsl_rank_1625+grade_estimate_7,intermediate,intermediate,4.863,29.917,9.24,intermediate_seed,intermediate_6_to_8.csv
blame,7,6-8,intermediate_6_to_8,1627,49,false,n,tier1_ngsl_general+ngsl_rank_1627+grade_estimate_7,intermediate,intermediate,4.863,29.917,9.24,intermediate_seed,intermediate_6_to_8.csv
arise,7,6-8,intermediate_6_to_8,1629,49,false,v,tier1_ngsl_general+ngsl_rank_1629+grade_estimate_7,intermediate,intermediate,4.863,29.917,9.24,intermediate_seed,intermediate_6_to_8.csv
situation,6,6-8,intermediate_6_to_8,430,235,false,n,tier1_ngsl_general+ngsl_rank_430+grade_estimate_6,intermediate,intermediate,8.433,29.911,9.772,intermediate_seed,intermediate_6_to_8.csv
appendix,7,6-8,intermediate_6_to_8,288,48,true,n,tier2_nawl_academic+nawl_rank_288+grade_estimate_7,intermediate,intermediate,6.058,29.911,11.934,intermediate_seed,intermediate_6_to_8.csv
overview,7,6-8,intermediate_6_to_8,289,48,true,n,tier2_nawl_academic+nawl_rank_289+grade_estimate_7,intermediate,intermediate,6.058,29.911,11.934,intermediate_seed,intermediate_6_to_8.csv
specimen,7,6-8,intermediate_6_to_8,291,48,true,v,tier2_nawl_academic+nawl_rank_291+grade_estimate_7,intermediate,intermediate,6.058,29.911,11.934,intermediate_seed,intermediate_6_to_8.csv
assert,7,6-8,intermediate_6_to_8,292,48,true,v,tier2_nawl_academic+nawl_rank_292+grade_estimate_7,intermediate,intermediate,6.858,29.911,11.234,intermediate_seed,intermediate_6_to_8.csv
widespread,7,6-8,intermediate_6_to_8,293,48,true,n,tier2_nawl_academic+nawl_rank_293+grade_estimate_7,intermediate,intermediate,6.058,29.911,11.934,intermediate_seed,intermediate_6_to_8.csv
residual,7,6-8,intermediate_6_to_8,295,48,true,adj,tier2_nawl_academic+nawl_rank_295+grade_estimate_7,intermediate,intermediate,6.058,29.911,11.934,intermediate_seed,intermediate_6_to_8.csv
constrain,7,6-8,intermediate_6_to_8,298,48,true,n,tier2_nawl_academic+nawl_rank_298+grade_estimate_7,intermediate,intermediate,6.058,29.911,11.934,intermediate_seed,intermediate_6_to_8.csv
virtue,7,6-8,intermediate_6_to_8,299,48,true,n,tier2_nawl_academic+nawl_rank_299+grade_estimate_7,intermediate,intermediate,6.858,29.911,11.234,intermediate_seed,intermediate_6_to_8.csv
amino,7,6-8,intermediate_6_to_8,301,48,true,n,tier2_nawl_academic+nawl_rank_301+grade_estimate_7,intermediate,intermediate,6.858,29.911,11.234,intermediate_seed,intermediate_6_to_8.csv
partially,7,6-8,intermediate_6_to_8,302,48,true,adv,tier2_nawl_academic+nawl_rank_302+grade_estimate_7,intermediate,intermediate,6.058,29.911,11.934,intermediate_seed,intermediate_6_to_8.csv
preliminary,7,6-8,intermediate_6_to_8,303,48,true,adj,tier2_nawl_academic+nawl_rank_303+grade_estimate_7,intermediate,intermediate,6.058,29.911,13.434,intermediate_seed,intermediate_6_to_8.csv
philosophical,7,6-8,intermediate_6_to_8,304,48,true,adj,tier2_nawl_academic+nawl_rank_304+grade_estimate_7,intermediate,intermediate,6.058,29.911,13.434,intermediate_seed,intermediate_6_to_8.csv
retire,7,6-8,intermediate_6_to_8,1635,48,false,n,tier1_ngsl_general+ngsl_rank_1635+grade_estimate_7,intermediate,intermediate,4.858,29.911,9.234,intermediate_seed,intermediate_6_to_8.csv
terrible,7,6-8,intermediate_6_to_8,1644,48,false,adj,tier1_ngsl_general+ngsl_rank_1644+grade_estimate_7,intermediate,intermediate,4.058,29.911,9.934,intermediate_seed,intermediate_6_to_8.csv
researcher,7,6-8,intermediate_6_to_8,1645,48,false,n,tier1_ngsl_general+ngsl_rank_1645+grade_estimate_7,intermediate,intermediate,4.058,29.911,9.934,intermediate_seed,intermediate_6_to_8.csv
ordinary,7,6-8,intermediate_6_to_8,1646,48,false,adj,tier1_ngsl_general+ngsl_rank_1646+grade_estimate_7,intermediate,intermediate,4.058,29.911,9.934,intermediate_seed,intermediate_6_to_8.csv
anywhere,7,6-8,intermediate_6_to_8,1648,48,false,n,tier1_ngsl_general+ngsl_rank_1648+grade_estimate_7,intermediate,intermediate,4.058,29.911,9.934,intermediate_seed,intermediate_6_to_8.csv
participant,7,6-8,intermediate_6_to_8,1650,48,false,adj,tier1_ngsl_general+ngsl_rank_1650+grade_estimate_7,intermediate,intermediate,4.058,29.911,11.434,intermediate_seed,intermediate_6_to_8.csv
activity,6,6-8,intermediate_6_to_8,432,234,false,n,tier1_ngsl_general+ngsl_rank_432+grade_estimate_6,intermediate,intermediate,8.432,29.91,9.771,intermediate_seed,intermediate_6_to_8.csv
prominent,7,6-8,intermediate_6_to_8,307,47,true,adj,tier2_nawl_academic+nawl_rank_307+grade_estimate_7,intermediate,intermediate,6.054,29.905,11.929,intermediate_seed,intermediate_6_to_8.csv
render,7,6-8,intermediate_6_to_8,309,47,true,v,tier2_nawl_academic+nawl_rank_309+grade_estimate_7,intermediate,intermediate,6.854,29.905,11.229,intermediate_seed,intermediate_6_to_8.csv
independently,7,6-8,intermediate_6_to_8,310,47,true,adv,tier2_nawl_academic+nawl_rank_310+grade_estimate_7,intermediate,intermediate,6.054,29.905,13.429,intermediate_seed,intermediate_6_to_8.csv
symbolic,7,6-8,intermediate_6_to_8,311,47,true,adj,tier2_nawl_academic+nawl_rank_311+grade_estimate_7,intermediate,intermediate,6.054,29.905,11.929,intermediate_seed,intermediate_6_to_8.csv
utilize,7,6-8,intermediate_6_to_8,312,47,true,v,tier2_nawl_academic+nawl_rank_312+grade_estimate_7,intermediate,intermediate,6.054,29.905,12.629,intermediate_seed,intermediate_6_to_8.csv
physiological,7,6-8,intermediate_6_to_8,313,47,true,adj,tier2_nawl_academic+nawl_rank_313+grade_estimate_7,intermediate,intermediate,6.054,29.905,13.429,intermediate_seed,intermediate_6_to_8.csv
indirect,7,6-8,intermediate_6_to_8,314,47,true,n,tier2_nawl_academic+nawl_rank_314+grade_estimate_7,intermediate,intermediate,6.054,29.905,11.929,intermediate_seed,intermediate_6_to_8.csv
specifically,7,6-8,intermediate_6_to_8,1653,47,false,adv,tier1_ngsl_general+ngsl_rank_1653+grade_estimate_7,intermediate,intermediate,4.054,29.905,11.429,intermediate_seed,intermediate_6_to_8.csv
entry,7,6-8,intermediate_6_to_8,1655,47,false,n,tier1_ngsl_general+ngsl_rank_1655+grade_estimate_7,intermediate,intermediate,4.854,29.905,9.229,intermediate_seed,intermediate_6_to_8.csv
fellow,7,6-8,intermediate_6_to_8,1656,47,false,n,tier1_ngsl_general+ngsl_rank_1656+grade_estimate_7,intermediate,intermediate,4.854,29.905,9.229,intermediate_seed,intermediate_6_to_8.csv
chemical,7,6-8,intermediate_6_to_8,1657,47,false,adj,tier1_ngsl_general+ngsl_rank_1657+grade_estimate_7,intermediate,intermediate,4.054,29.905,9.929,intermediate_seed,intermediate_6_to_8.csv
discount,7,6-8,intermediate_6_to_8,1660,47,false,n,tier1_ngsl_general+ngsl_rank_1660+grade_estimate_7,intermediate,intermediate,4.054,29.905,9.929,intermediate_seed,intermediate_6_to_8.csv
chairman,7,6-8,intermediate_6_to_8,1662,47,false,n,tier1_ngsl_general+ngsl_rank_1662+grade_estimate_7,intermediate,intermediate,4.054,29.905,9.929,intermediate_seed,intermediate_6_to_8.csv
significantly,7,6-8,intermediate_6_to_8,1669,47,false,adv,tier1_ngsl_general+ngsl_rank_1669+grade_estimate_7,intermediate,intermediate,4.054,29.905,11.429,intermediate_seed,intermediate_6_to_8.csv
assembly,7,6-8,intermediate_6_to_8,315,46,true,adv,tier2_nawl_academic+nawl_rank_315+grade_estimate_7,intermediate,intermediate,6.049,29.899,11.924,intermediate_seed,intermediate_6_to_8.csv
strictly,7,6-8,intermediate_6_to_8,317,46,true,adv,tier2_nawl_academic+nawl_rank_317+grade_estimate_7,intermediate,intermediate,6.049,29.899,11.924,intermediate_seed,intermediate_6_to_8.csv
psychiatric,7,6-8,intermediate_6_to_8,318,46,true,adj,tier2_nawl_academic+nawl_rank_318+grade_estimate_7,intermediate,intermediate,6.049,29.899,13.424,intermediate_seed,intermediate_6_to_8.csv
critique,7,6-8,intermediate_6_to_8,320,46,true,n,tier2_nawl_academic+nawl_rank_320+grade_estimate_7,intermediate,intermediate,6.049,29.899,11.924,intermediate_seed,intermediate_6_to_8.csv
depict,7,6-8,intermediate_6_to_8,326,46,true,v,tier2_nawl_academic+nawl_rank_326+grade_estimate_7,intermediate,intermediate,6.849,29.899,11.224,intermediate_seed,intermediate_6_to_8.csv
parental,7,6-8,intermediate_6_to_8,328,46,true,adj,tier2_nawl_academic+nawl_rank_328+grade_estimate_7,intermediate,intermediate,6.049,29.899,11.924,intermediate_seed,intermediate_6_to_8.csv
considerable,7,6-8,intermediate_6_to_8,1671,46,false,adj,tier1_ngsl_general+ngsl_rank_1671+grade_estimate_7,intermediate,intermediate,4.049,29.899,11.424,intermediate_seed,intermediate_6_to_8.csv
ideal,7,6-8,intermediate_6_to_8,1674,46,false,adj,tier1_ngsl_general+ngsl_rank_1674+grade_estimate_7,intermediate,intermediate,4.849,29.899,9.224,intermediate_seed,intermediate_6_to_8.csv
guard,7,6-8,intermediate_6_to_8,1677,46,false,n,tier1_ngsl_general+ngsl_rank_1677+grade_estimate_7,intermediate,intermediate,4.849,29.899,9.224,intermediate_seed,intermediate_6_to_8.csv
somewhat,7,6-8,intermediate_6_to_8,1679,46,false,n,tier1_ngsl_general+ngsl_rank_1679+grade_estimate_7,intermediate,intermediate,4.049,29.899,9.924,intermediate_seed,intermediate_6_to_8.csv
joint,7,6-8,intermediate_6_to_8,1682,46,false,n,tier1_ngsl_general+ngsl_rank_1682+grade_estimate_7,intermediate,intermediate,4.849,29.899,9.224,intermediate_seed,intermediate_6_to_8.csv
faith,7,6-8,intermediate_6_to_8,1686,46,false,n,tier1_ngsl_general+ngsl_rank_1686+grade_estimate_7,intermediate,intermediate,4.849,29.899,9.224,intermediate_seed,intermediate_6_to_8.csv
complaint,7,6-8,intermediate_6_to_8,1689,46,false,n,tier1_ngsl_general+ngsl_rank_1689+grade_estimate_7,intermediate,intermediate,4.049,29.899,9.924,intermediate_seed,intermediate_6_to_8.csv
mission,7,6-8,intermediate_6_to_8,1691,46,false,n,tier1_ngsl_general+ngsl_rank_1691+grade_estimate_7,intermediate,intermediate,4.049,29.899,10.624,intermediate_seed,intermediate_6_to_8.csv
neighborhood,7,6-8,intermediate_6_to_8,1694,46,false,n,tier1_ngsl_general+ngsl_rank_1694+grade_estimate_7,intermediate,intermediate,4.049,29.899,11.424,intermediate_seed,intermediate_6_to_8.csv
passenger,7,6-8,intermediate_6_to_8,1695,46,false,n,tier1_ngsl_general+ngsl_rank_1695+grade_estimate_7,intermediate,intermediate,4.049,29.899,9.924,intermediate_seed,intermediate_6_to_8.csv
condition,6,6-8,intermediate_6_to_8,445,226,false,n,tier1_ngsl_general+ngsl_rank_445+grade_estimate_6,intermediate,intermediate,8.424,29.898,9.761,intermediate_seed,intermediate_6_to_8.csv
dynamic,6,6-8,intermediate_6_to_8,6,224,true,adj,tier2_nawl_academic+nawl_rank_6+grade_estimate_6,intermediate,intermediate,6.422,29.895,11.658,intermediate_seed,intermediate_6_to_8.csv
decision,6,6-8,intermediate_6_to_8,449,224,false,n,tier1_ngsl_general+ngsl_rank_449+grade_estimate_6,intermediate,intermediate,8.422,29.895,9.758,intermediate_seed,intermediate_6_to_8.csv
ritual,7,6-8,intermediate_6_to_8,329,45,true,adj,tier2_nawl_academic+nawl_rank_329+grade_estimate_7,intermediate,intermediate,6.844,29.892,11.218,intermediate_seed,intermediate_6_to_8.csv
adjacent,7,6-8,intermediate_6_to_8,331,45,true,adj,tier2_nawl_academic+nawl_rank_331+grade_estimate_7,intermediate,intermediate,6.044,29.892,11.918,intermediate_seed,intermediate_6_to_8.csv
observer,7,6-8,intermediate_6_to_8,332,45,true,n,tier2_nawl_academic+nawl_rank_332+grade_estimate_7,intermediate,intermediate,6.044,29.892,11.918,intermediate_seed,intermediate_6_to_8.csv
questionnaire,7,6-8,intermediate_6_to_8,335,45,true,n,tier2_nawl_academic+nawl_rank_335+grade_estimate_7,intermediate,intermediate,6.044,29.892,13.418,intermediate_seed,intermediate_6_to_8.csv
tense,7,6-8,intermediate_6_to_8,338,45,true,adj,tier2_nawl_academic+nawl_rank_338+grade_estimate_7,intermediate,intermediate,6.844,29.892,11.218,intermediate_seed,intermediate_6_to_8.csv
nutrient,7,6-8,intermediate_6_to_8,341,45,true,adj,tier2_nawl_academic+nawl_rank_341+grade_estimate_7,intermediate,intermediate,6.044,29.892,11.918,intermediate_seed,intermediate_6_to_8.csv
reinforce,7,6-8,intermediate_6_to_8,342,45,true,n,tier2_nawl_academic+nawl_rank_342+grade_estimate_7,intermediate,intermediate,6.044,29.892,11.918,intermediate_seed,intermediate_6_to_8.csv
statistically,7,6-8,intermediate_6_to_8,343,45,true,adv,tier2_nawl_academic+nawl_rank_343+grade_estimate_7,intermediate,intermediate,6.044,29.892,13.418,intermediate_seed,intermediate_6_to_8.csv
dense,7,6-8,intermediate_6_to_8,345,45,true,adj,tier2_nawl_academic+nawl_rank_345+grade_estimate_7,intermediate,intermediate,6.844,29.892,11.218,intermediate_seed,intermediate_6_to_8.csv
formal,7,6-8,intermediate_6_to_8,1700,45,false,adj,tier1_ngsl_general+ngsl_rank_1700+grade_estimate_7,intermediate,intermediate,4.844,29.892,9.218,intermediate_seed,intermediate_6_to_8.csv
religion,7,6-8,intermediate_6_to_8,1701,45,false,n,tier1_ngsl_general+ngsl_rank_1701+grade_estimate_7,intermediate,intermediate,4.044,29.892,9.918,intermediate_seed,intermediate_6_to_8.csv
employer,7,6-8,intermediate_6_to_8,1702,45,false,n,tier1_ngsl_general+ngsl_rank_1702+grade_estimate_7,intermediate,intermediate,4.044,29.892,9.918,intermediate_seed,intermediate_6_to_8.csv
latter,7,6-8,intermediate_6_to_8,1704,45,false,n,tier1_ngsl_general+ngsl_rank_1704+grade_estimate_7,intermediate,intermediate,4.844,29.892,9.218,intermediate_seed,intermediate_6_to_8.csv
steal,7,6-8,intermediate_6_to_8,1707,45,false,adj,tier1_ngsl_general+ngsl_rank_1707+grade_estimate_7,intermediate,intermediate,4.844,29.892,9.218,intermediate_seed,intermediate_6_to_8.csv
index,7,6-8,intermediate_6_to_8,1709,45,false,n,tier1_ngsl_general+ngsl_rank_1709+grade_estimate_7,intermediate,intermediate,4.844,29.892,9.218,intermediate_seed,intermediate_6_to_8.csv
frequently,7,6-8,intermediate_6_to_8,1711,45,false,adv,tier1_ngsl_general+ngsl_rank_1711+grade_estimate_7,intermediate,intermediate,4.044,29.892,9.918,intermediate_seed,intermediate_6_to_8.csv
unable,7,6-8,intermediate_6_to_8,1718,45,false,adj,tier1_ngsl_general+ngsl_rank_1718+grade_estimate_7,intermediate,intermediate,4.844,29.892,9.218,intermediate_seed,intermediate_6_to_8.csv
electronic,7,6-8,intermediate_6_to_8,1722,45,false,adj,tier1_ngsl_general+ngsl_rank_1722+grade_estimate_7,intermediate,intermediate,4.044,29.892,9.918,intermediate_seed,intermediate_6_to_8.csv
impose,7,6-8,intermediate_6_to_8,1723,45,false,n,tier1_ngsl_general+ngsl_rank_1723+grade_estimate_7,intermediate,intermediate,4.844,29.892,9.218,intermediate_seed,intermediate_6_to_8.csv
criminal,7,6-8,intermediate_6_to_8,1724,45,false,adj,tier1_ngsl_general+ngsl_rank_1724+grade_estimate_7,intermediate,intermediate,4.044,29.892,9.918,intermediate_seed,intermediate_6_to_8.csv
postgraduate,8,6-8,intermediate_6_to_8,922,3,true,v,tier2_nawl_academic+nawl_rank_922+grade_estimate_8,intermediate,intermediate,5.668,29.891,14.38,intermediate_seed,intermediate_6_to_8.csv
ridiculous,8,6-8,intermediate_6_to_8,932,3,true,adj,tier2_nawl_academic+nawl_rank_932+grade_estimate_8,intermediate,intermediate,5.668,29.891,12.88,intermediate_seed,intermediate_6_to_8.csv
volition,8,6-8,intermediate_6_to_8,935,3,true,n,tier2_nawl_academic+nawl_rank_935+grade_estimate_8,intermediate,intermediate,5.668,29.891,12.88,intermediate_seed,intermediate_6_to_8.csv
terminal,7,6-8,intermediate_6_to_8,348,44,true,adj,tier2_nawl_academic+nawl_rank_348+grade_estimate_7,intermediate,intermediate,6.039,29.886,11.913,intermediate_seed,intermediate_6_to_8.csv
informal,7,6-8,intermediate_6_to_8,349,44,true,adj,tier2_nawl_academic+nawl_rank_349+grade_estimate_7,intermediate,intermediate,6.039,29.886,11.913,intermediate_seed,intermediate_6_to_8.csv
discharge,7,6-8,intermediate_6_to_8,350,44,true,n,tier2_nawl_academic+nawl_rank_350+grade_estimate_7,intermediate,intermediate,6.039,29.886,11.913,intermediate_seed,intermediate_6_to_8.csv
ecological,7,6-8,intermediate_6_to_8,352,44,true,adj,tier2_nawl_academic+nawl_rank_352+grade_estimate_7,intermediate,intermediate,6.039,29.886,11.913,intermediate_seed,intermediate_6_to_8.csv
protocol,7,6-8,intermediate_6_to_8,353,44,true,n,tier2_nawl_academic+nawl_rank_353+grade_estimate_7,intermediate,intermediate,6.039,29.886,11.913,intermediate_seed,intermediate_6_to_8.csv
aesthetic,7,6-8,intermediate_6_to_8,355,44,true,adj,tier2_nawl_academic+nawl_rank_355+grade_estimate_7,intermediate,intermediate,6.039,29.886,11.913,intermediate_seed,intermediate_6_to_8.csv
agriculture,7,6-8,intermediate_6_to_8,356,44,true,n,tier2_nawl_academic+nawl_rank_356+grade_estimate_7,intermediate,intermediate,6.039,29.886,13.413,intermediate_seed,intermediate_6_to_8.csv
practitioner,7,6-8,intermediate_6_to_8,358,44,true,n,tier2_nawl_academic+nawl_rank_358+grade_estimate_7,intermediate,intermediate,6.039,29.886,13.413,intermediate_seed,intermediate_6_to_8.csv
properly,7,6-8,intermediate_6_to_8,1726,44,false,adv,tier1_ngsl_general+ngsl_rank_1726+grade_estimate_7,intermediate,intermediate,4.039,29.886,9.913,intermediate_seed,intermediate_6_to_8.csv
multiple,7,6-8,intermediate_6_to_8,1732,44,false,n,tier1_ngsl_general+ngsl_rank_1732+grade_estimate_7,intermediate,intermediate,4.039,29.886,9.913,intermediate_seed,intermediate_6_to_8.csv
yield,7,6-8,intermediate_6_to_8,1733,44,false,n,tier1_ngsl_general+ngsl_rank_1733+grade_estimate_7,intermediate,intermediate,4.839,29.886,9.213,intermediate_seed,intermediate_6_to_8.csv
county,7,6-8,intermediate_6_to_8,1736,44,false,n,tier1_ngsl_general+ngsl_rank_1736+grade_estimate_7,intermediate,intermediate,4.839,29.886,9.213,intermediate_seed,intermediate_6_to_8.csv
unlike,7,6-8,intermediate_6_to_8,1737,44,false,n,tier1_ngsl_general+ngsl_rank_1737+grade_estimate_7,intermediate,intermediate,4.839,29.886,9.213,intermediate_seed,intermediate_6_to_8.csv
attach,7,6-8,intermediate_6_to_8,1742,44,false,n,tier1_ngsl_general+ngsl_rank_1742+grade_estimate_7,intermediate,intermediate,4.839,29.886,9.213,intermediate_seed,intermediate_6_to_8.csv
everywhere,7,6-8,intermediate_6_to_8,1744,44,false,n,tier1_ngsl_general+ngsl_rank_1744+grade_estimate_7,intermediate,intermediate,4.039,29.886,9.913,intermediate_seed,intermediate_6_to_8.csv
advise,7,6-8,intermediate_6_to_8,1745,44,false,v,tier1_ngsl_general+ngsl_rank_1745+grade_estimate_7,intermediate,intermediate,4.839,29.886,9.213,intermediate_seed,intermediate_6_to_8.csv
household,7,6-8,intermediate_6_to_8,1746,44,false,n,tier1_ngsl_general+ngsl_rank_1746+grade_estimate_7,intermediate,intermediate,4.039,29.886,9.913,intermediate_seed,intermediate_6_to_8.csv
acknowledge,7,6-8,intermediate_6_to_8,1747,44,false,n,tier1_ngsl_general+ngsl_rank_1747+grade_estimate_7,intermediate,intermediate,4.039,29.886,11.413,intermediate_seed,intermediate_6_to_8.csv
pragmatic,7,6-8,intermediate_6_to_8,361,43,true,adj,tier2_nawl_academic+nawl_rank_361+grade_estimate_7,intermediate,intermediate,6.035,29.879,11.907,intermediate_seed,intermediate_6_to_8.csv
arrow,7,6-8,intermediate_6_to_8,363,43,true,n,tier2_nawl_academic+nawl_rank_363+grade_estimate_7,intermediate,intermediate,6.835,29.879,11.207,intermediate_seed,intermediate_6_to_8.csv
commentary,7,6-8,intermediate_6_to_8,365,43,true,adj,tier2_nawl_academic+nawl_rank_365+grade_estimate_7,intermediate,intermediate,6.035,29.879,11.907,intermediate_seed,intermediate_6_to_8.csv
reward,7,6-8,intermediate_6_to_8,1748,43,false,n,tier1_ngsl_general+ngsl_rank_1748+grade_estimate_7,intermediate,intermediate,4.835,29.879,9.207,intermediate_seed,intermediate_6_to_8.csv
voter,7,6-8,intermediate_6_to_8,1752,43,false,n,tier1_ngsl_general+ngsl_rank_1752+grade_estimate_7,intermediate,intermediate,4.835,29.879,9.207,intermediate_seed,intermediate_6_to_8.csv
meanwhile,7,6-8,intermediate_6_to_8,1753,43,false,n,tier1_ngsl_general+ngsl_rank_1753+grade_estimate_7,intermediate,intermediate,4.035,29.879,9.907,intermediate_seed,intermediate_6_to_8.csv
furthermore,7,6-8,intermediate_6_to_8,1754,43,false,n,tier1_ngsl_general+ngsl_rank_1754+grade_estimate_7,intermediate,intermediate,4.035,29.879,11.407,intermediate_seed,intermediate_6_to_8.csv
accuse,7,6-8,intermediate_6_to_8,1755,43,false,n,tier1_ngsl_general+ngsl_rank_1755+grade_estimate_7,intermediate,intermediate,4.835,29.879,9.207,intermediate_seed,intermediate_6_to_8.csv
scientific,7,6-8,intermediate_6_to_8,1756,43,false,adj,tier1_ngsl_general+ngsl_rank_1756+grade_estimate_7,intermediate,intermediate,4.035,29.879,9.907,intermediate_seed,intermediate_6_to_8.csv
absence,7,6-8,intermediate_6_to_8,1758,43,false,n,tier1_ngsl_general+ngsl_rank_1758+grade_estimate_7,intermediate,intermediate,4.035,29.879,10.607,intermediate_seed,intermediate_6_to_8.csv
construct,7,6-8,intermediate_6_to_8,1759,43,false,v,tier1_ngsl_general+ngsl_rank_1759+grade_estimate_7,intermediate,intermediate,4.035,29.879,9.907,intermediate_seed,intermediate_6_to_8.csv
remark,7,6-8,intermediate_6_to_8,1760,43,false,n,tier1_ngsl_general+ngsl_rank_1760+grade_estimate_7,intermediate,intermediate,4.835,29.879,9.207,intermediate_seed,intermediate_6_to_8.csv
medicine,7,6-8,intermediate_6_to_8,1761,43,false,n,tier1_ngsl_general+ngsl_rank_1761+grade_estimate_7,intermediate,intermediate,4.035,29.879,9.907,intermediate_seed,intermediate_6_to_8.csv
professor,7,6-8,intermediate_6_to_8,1762,43,false,n,tier1_ngsl_general+ngsl_rank_1762+grade_estimate_7,intermediate,intermediate,4.035,29.879,9.907,intermediate_seed,intermediate_6_to_8.csv
dozen,7,6-8,intermediate_6_to_8,1765,43,false,v,tier1_ngsl_general+ngsl_rank_1765+grade_estimate_7,intermediate,intermediate,4.835,29.879,9.207,intermediate_seed,intermediate_6_to_8.csv
widely,7,6-8,intermediate_6_to_8,1768,43,false,adv,tier1_ngsl_general+ngsl_rank_1768+grade_estimate_7,intermediate,intermediate,4.835,29.879,9.207,intermediate_seed,intermediate_6_to_8.csv
expose,7,6-8,intermediate_6_to_8,1773,43,false,n,tier1_ngsl_general+ngsl_rank_1773+grade_estimate_7,intermediate,intermediate,4.835,29.879,9.207,intermediate_seed,intermediate_6_to_8.csv
unstable,7,6-8,intermediate_6_to_8,367,42,true,adj,tier2_nawl_academic+nawl_rank_367+grade_estimate_7,intermediate,intermediate,6.03,29.873,11.901,intermediate_seed,intermediate_6_to_8.csv
consensus,7,6-8,intermediate_6_to_8,368,42,true,n,tier2_nawl_academic+nawl_rank_368+grade_estimate_7,intermediate,intermediate,6.03,29.873,11.901,intermediate_seed,intermediate_6_to_8.csv
radius,7,6-8,intermediate_6_to_8,370,42,true,n,tier2_nawl_academic+nawl_rank_370+grade_estimate_7,intermediate,intermediate,6.83,29.873,11.201,intermediate_seed,intermediate_6_to_8.csv
artificial,7,6-8,intermediate_6_to_8,371,42,true,adj,tier2_nawl_academic+nawl_rank_371+grade_estimate_7,intermediate,intermediate,6.03,29.873,11.901,intermediate_seed,intermediate_6_to_8.csv
critic,7,6-8,intermediate_6_to_8,1778,42,false,adj,tier1_ngsl_general+ngsl_rank_1778+grade_estimate_7,intermediate,intermediate,4.83,29.873,9.201,intermediate_seed,intermediate_6_to_8.csv
variable,7,6-8,intermediate_6_to_8,1779,42,false,adj,tier1_ngsl_general+ngsl_rank_1779+grade_estimate_7,intermediate,intermediate,4.03,29.873,9.901,intermediate_seed,intermediate_6_to_8.csv
pursue,7,6-8,intermediate_6_to_8,1784,42,false,v,tier1_ngsl_general+ngsl_rank_1784+grade_estimate_7,intermediate,intermediate,4.83,29.873,9.201,intermediate_seed,intermediate_6_to_8.csv
enemy,7,6-8,intermediate_6_to_8,1787,42,false,n,tier1_ngsl_general+ngsl_rank_1787+grade_estimate_7,intermediate,intermediate,4.83,29.873,9.201,intermediate_seed,intermediate_6_to_8.csv
talent,7,6-8,intermediate_6_to_8,1790,42,false,adj,tier1_ngsl_general+ngsl_rank_1790+grade_estimate_7,intermediate,intermediate,4.83,29.873,9.201,intermediate_seed,intermediate_6_to_8.csv
prior,7,6-8,intermediate_6_to_8,1792,42,false,n,tier1_ngsl_general+ngsl_rank_1792+grade_estimate_7,intermediate,intermediate,4.83,29.873,9.201,intermediate_seed,intermediate_6_to_8.csv
online,7,6-8,intermediate_6_to_8,1794,42,false,n,tier1_ngsl_general+ngsl_rank_1794+grade_estimate_7,intermediate,intermediate,4.83,29.873,9.201,intermediate_seed,intermediate_6_to_8.csv
pilot,7,6-8,intermediate_6_to_8,1796,42,false,n,tier1_ngsl_general+ngsl_rank_1796+grade_estimate_7,intermediate,intermediate,4.83,29.873,9.201,intermediate_seed,intermediate_6_to_8.csv
stable,7,6-8,intermediate_6_to_8,1797,42,false,adj,tier1_ngsl_general+ngsl_rank_1797+grade_estimate_7,intermediate,intermediate,4.83,29.873,9.201,intermediate_seed,intermediate_6_to_8.csv
mechanical,7,6-8,intermediate_6_to_8,379,41,true,adj,tier2_nawl_academic+nawl_rank_379+grade_estimate_7,intermediate,intermediate,6.025,29.866,11.895,intermediate_seed,intermediate_6_to_8.csv
injury,7,6-8,intermediate_6_to_8,1801,41,false,n,tier1_ngsl_general+ngsl_rank_1801+grade_estimate_7,intermediate,intermediate,4.825,29.866,9.195,intermediate_seed,intermediate_6_to_8.csv
regional,7,6-8,intermediate_6_to_8,1805,41,false,adj,tier1_ngsl_general+ngsl_rank_1805+grade_estimate_7,intermediate,intermediate,4.025,29.866,9.895,intermediate_seed,intermediate_6_to_8.csv
incident,7,6-8,intermediate_6_to_8,1807,41,false,adj,tier1_ngsl_general+ngsl_rank_1807+grade_estimate_7,intermediate,intermediate,4.025,29.866,9.895,intermediate_seed,intermediate_6_to_8.csv
childhood,7,6-8,intermediate_6_to_8,1808,41,false,n,tier1_ngsl_general+ngsl_rank_1808+grade_estimate_7,intermediate,intermediate,4.025,29.866,9.895,intermediate_seed,intermediate_6_to_8.csv
draft,7,6-8,intermediate_6_to_8,1809,41,false,n,tier1_ngsl_general+ngsl_rank_1809+grade_estimate_7,intermediate,intermediate,4.825,29.866,9.195,intermediate_seed,intermediate_6_to_8.csv
angry,7,6-8,intermediate_6_to_8,1813,41,false,n,tier1_ngsl_general+ngsl_rank_1813+grade_estimate_7,intermediate,intermediate,4.825,29.866,9.195,intermediate_seed,intermediate_6_to_8.csv
salary,7,6-8,intermediate_6_to_8,1816,41,false,adj,tier1_ngsl_general+ngsl_rank_1816+grade_estimate_7,intermediate,intermediate,4.825,29.866,9.195,intermediate_seed,intermediate_6_to_8.csv
imply,7,6-8,intermediate_6_to_8,1818,41,false,v,tier1_ngsl_general+ngsl_rank_1818+grade_estimate_7,intermediate,intermediate,4.825,29.866,9.195,intermediate_seed,intermediate_6_to_8.csv
truly,7,6-8,intermediate_6_to_8,1825,41,false,adv,tier1_ngsl_general+ngsl_rank_1825+grade_estimate_7,intermediate,intermediate,4.825,29.866,9.195,intermediate_seed,intermediate_6_to_8.csv
emotional,7,6-8,intermediate_6_to_8,1831,41,false,adj,tier1_ngsl_general+ngsl_rank_1831+grade_estimate_7,intermediate,intermediate,4.025,29.866,9.895,intermediate_seed,intermediate_6_to_8.csv
sponsorship,8,6-8,intermediate_6_to_8,946,2,true,n,tier2_nawl_academic+nawl_rank_946+grade_estimate_8,intermediate,intermediate,5.648,29.863,14.355,intermediate_seed,intermediate_6_to_8.csv
purely,7,6-8,intermediate_6_to_8,382,40,true,adv,tier2_nawl_academic+nawl_rank_382+grade_estimate_7,intermediate,intermediate,6.819,29.859,11.189,intermediate_seed,intermediate_6_to_8.csv
problematic,7,6-8,intermediate_6_to_8,385,40,true,adj,tier2_nawl_academic+nawl_rank_385+grade_estimate_7,intermediate,intermediate,6.019,29.859,13.389,intermediate_seed,intermediate_6_to_8.csv
linguistics,7,6-8,intermediate_6_to_8,387,40,true,n,tier2_nawl_academic+nawl_rank_387+grade_estimate_7,intermediate,intermediate,6.019,29.859,13.389,intermediate_seed,intermediate_6_to_8.csv
ethics,7,6-8,intermediate_6_to_8,390,40,true,n,tier2_nawl_academic+nawl_rank_390+grade_estimate_7,intermediate,intermediate,6.819,29.859,11.189,intermediate_seed,intermediate_6_to_8.csv
aircraft,7,6-8,intermediate_6_to_8,1832,40,false,n,tier1_ngsl_general+ngsl_rank_1832+grade_estimate_7,intermediate,intermediate,4.019,29.859,9.889,intermediate_seed,intermediate_6_to_8.csv
effectively,7,6-8,intermediate_6_to_8,1842,40,false,adv,tier1_ngsl_general+ngsl_rank_1842+grade_estimate_7,intermediate,intermediate,4.019,29.859,11.389,intermediate_seed,intermediate_6_to_8.csv
elsewhere,7,6-8,intermediate_6_to_8,1843,40,false,n,tier1_ngsl_general+ngsl_rank_1843+grade_estimate_7,intermediate,intermediate,4.019,29.859,9.889,intermediate_seed,intermediate_6_to_8.csv
discipline,7,6-8,intermediate_6_to_8,1852,40,false,n,tier1_ngsl_general+ngsl_rank_1852+grade_estimate_7,intermediate,intermediate,4.019,29.859,9.889,intermediate_seed,intermediate_6_to_8.csv
disappoint,7,6-8,intermediate_6_to_8,1853,40,false,n,tier1_ngsl_general+ngsl_rank_1853+grade_estimate_7,intermediate,intermediate,4.019,29.859,9.889,intermediate_seed,intermediate_6_to_8.csv
freeze,7,6-8,intermediate_6_to_8,1856,40,false,n,tier1_ngsl_general+ngsl_rank_1856+grade_estimate_7,intermediate,intermediate,4.819,29.859,9.189,intermediate_seed,intermediate_6_to_8.csv
forth,7,6-8,intermediate_6_to_8,1860,40,false,n,tier1_ngsl_general+ngsl_rank_1860+grade_estimate_7,intermediate,intermediate,4.819,29.859,9.189,intermediate_seed,intermediate_6_to_8.csv
static,7,6-8,intermediate_6_to_8,392,39,true,adj,tier2_nawl_academic+nawl_rank_392+grade_estimate_7,intermediate,intermediate,6.814,29.852,11.183,intermediate_seed,intermediate_6_to_8.csv
straightforward,7,6-8,intermediate_6_to_8,395,39,true,n,tier2_nawl_academic+nawl_rank_395+grade_estimate_7,intermediate,intermediate,6.014,29.852,13.383,intermediate_seed,intermediate_6_to_8.csv
separately,7,6-8,intermediate_6_to_8,397,39,true,adv,tier2_nawl_academic+nawl_rank_397+grade_estimate_7,intermediate,intermediate,6.014,29.852,11.883,intermediate_seed,intermediate_6_to_8.csv
democracy,7,6-8,intermediate_6_to_8,1864,39,false,n,tier1_ngsl_general+ngsl_rank_1864+grade_estimate_7,intermediate,intermediate,4.014,29.852,9.883,intermediate_seed,intermediate_6_to_8.csv
pocket,7,6-8,intermediate_6_to_8,1865,39,false,n,tier1_ngsl_general+ngsl_rank_1865+grade_estimate_7,intermediate,intermediate,4.814,29.852,9.183,intermediate_seed,intermediate_6_to_8.csv
lucky,7,6-8,intermediate_6_to_8,1866,39,false,n,tier1_ngsl_general+ngsl_rank_1866+grade_estimate_7,intermediate,intermediate,4.814,29.852,9.183,intermediate_seed,intermediate_6_to_8.csv
defend,7,6-8,intermediate_6_to_8,1874,39,false,n,tier1_ngsl_general+ngsl_rank_1874+grade_estimate_7,intermediate,intermediate,4.814,29.852,9.183,intermediate_seed,intermediate_6_to_8.csv
collapse,7,6-8,intermediate_6_to_8,1879,39,false,n,tier1_ngsl_general+ngsl_rank_1879+grade_estimate_7,intermediate,intermediate,4.014,29.852,9.883,intermediate_seed,intermediate_6_to_8.csv
borrow,7,6-8,intermediate_6_to_8,1880,39,false,n,tier1_ngsl_general+ngsl_rank_1880+grade_estimate_7,intermediate,intermediate,4.814,29.852,9.183,intermediate_seed,intermediate_6_to_8.csv
fundamental,7,6-8,intermediate_6_to_8,1881,39,false,adj,tier1_ngsl_general+ngsl_rank_1881+grade_estimate_7,intermediate,intermediate,4.014,29.852,11.383,intermediate_seed,intermediate_6_to_8.csv
abroad,7,6-8,intermediate_6_to_8,1883,39,false,n,tier1_ngsl_general+ngsl_rank_1883+grade_estimate_7,intermediate,intermediate,4.814,29.852,9.183,intermediate_seed,intermediate_6_to_8.csv
defeat,7,6-8,intermediate_6_to_8,1886,39,false,n,tier1_ngsl_general+ngsl_rank_1886+grade_estimate_7,intermediate,intermediate,4.814,29.852,9.183,intermediate_seed,intermediate_6_to_8.csv
presidential,7,6-8,intermediate_6_to_8,1887,39,false,adj,tier1_ngsl_general+ngsl_rank_1887+grade_estimate_7,intermediate,intermediate,4.014,29.852,11.383,intermediate_seed,intermediate_6_to_8.csv
perfectly,7,6-8,intermediate_6_to_8,1888,39,false,adv,tier1_ngsl_general+ngsl_rank_1888+grade_estimate_7,intermediate,intermediate,4.014,29.852,9.883,intermediate_seed,intermediate_6_to_8.csv
enhance,7,6-8,intermediate_6_to_8,1889,39,false,v,tier1_ngsl_general+ngsl_rank_1889+grade_estimate_7,intermediate,intermediate,4.014,29.852,10.583,intermediate_seed,intermediate_6_to_8.csv
proud,7,6-8,intermediate_6_to_8,1890,39,false,n,tier1_ngsl_general+ngsl_rank_1890+grade_estimate_7,intermediate,intermediate,4.814,29.852,9.183,intermediate_seed,intermediate_6_to_8.csv
emergency,7,6-8,intermediate_6_to_8,1891,39,false,n,tier1_ngsl_general+ngsl_rank_1891+grade_estimate_7,intermediate,intermediate,4.014,29.852,9.883,intermediate_seed,intermediate_6_to_8.csv
educational,7,6-8,intermediate_6_to_8,1892,39,false,adj,tier1_ngsl_general+ngsl_rank_1892+grade_estimate_7,intermediate,intermediate,4.014,29.852,11.383,intermediate_seed,intermediate_6_to_8.csv
distinguish,7,6-8,intermediate_6_to_8,1893,39,false,adj,tier1_ngsl_general+ngsl_rank_1893+grade_estimate_7,intermediate,intermediate,4.014,29.852,11.383,intermediate_seed,intermediate_6_to_8.csv
substantial,7,6-8,intermediate_6_to_8,1894,39,false,adj,tier1_ngsl_general+ngsl_rank_1894+grade_estimate_7,intermediate,intermediate,4.014,29.852,11.383,intermediate_seed,intermediate_6_to_8.csv
relationship,6,6-8,intermediate_6_to_8,502,196,false,n,tier1_ngsl_general+ngsl_rank_502+grade_estimate_6,intermediate,intermediate,8.388,29.851,11.22,intermediate_seed,intermediate_6_to_8.csv
peripheral,7,6-8,intermediate_6_to_8,401,38,true,adj,tier2_nawl_academic+nawl_rank_401+grade_estimate_7,intermediate,intermediate,6.009,29.845,11.877,intermediate_seed,intermediate_6_to_8.csv
clone,7,6-8,intermediate_6_to_8,405,38,true,n,tier2_nawl_academic+nawl_rank_405+grade_estimate_7,intermediate,intermediate,6.809,29.845,11.177,intermediate_seed,intermediate_6_to_8.csv
nearby,7,6-8,intermediate_6_to_8,1895,38,false,n,tier1_ngsl_general+ngsl_rank_1895+grade_estimate_7,intermediate,intermediate,4.809,29.845,9.177,intermediate_seed,intermediate_6_to_8.csv
manufacturer,7,6-8,intermediate_6_to_8,1896,38,false,n,tier1_ngsl_general+ngsl_rank_1896+grade_estimate_7,intermediate,intermediate,4.009,29.845,11.377,intermediate_seed,intermediate_6_to_8.csv
breast,7,6-8,intermediate_6_to_8,1900,38,false,n,tier1_ngsl_general+ngsl_rank_1900+grade_estimate_7,intermediate,intermediate,4.809,29.845,9.177,intermediate_seed,intermediate_6_to_8.csv
approximately,7,6-8,intermediate_6_to_8,1902,38,false,adv,tier1_ngsl_general+ngsl_rank_1902+grade_estimate_7,intermediate,intermediate,4.009,29.845,11.377,intermediate_seed,intermediate_6_to_8.csv
highlight,7,6-8,intermediate_6_to_8,1904,38,false,n,tier1_ngsl_general+ngsl_rank_1904+grade_estimate_7,intermediate,intermediate,4.009,29.845,9.877,intermediate_seed,intermediate_6_to_8.csv
reporter,7,6-8,intermediate_6_to_8,1905,38,false,n,tier1_ngsl_general+ngsl_rank_1905+grade_estimate_7,intermediate,intermediate,4.009,29.845,9.877,intermediate_seed,intermediate_6_to_8.csv
winner,7,6-8,intermediate_6_to_8,1911,38,false,n,tier1_ngsl_general+ngsl_rank_1911+grade_estimate_7,intermediate,intermediate,4.809,29.845,9.177,intermediate_seed,intermediate_6_to_8.csv
excuse,7,6-8,intermediate_6_to_8,1915,38,false,n,tier1_ngsl_general+ngsl_rank_1915+grade_estimate_7,intermediate,intermediate,4.809,29.845,9.177,intermediate_seed,intermediate_6_to_8.csv
partly,7,6-8,intermediate_6_to_8,1916,38,false,adv,tier1_ngsl_general+ngsl_rank_1916+grade_estimate_7,intermediate,intermediate,4.809,29.845,9.177,intermediate_seed,intermediate_6_to_8.csv
tennis,7,6-8,intermediate_6_to_8,1917,38,false,n,tier1_ngsl_general+ngsl_rank_1917+grade_estimate_7,intermediate,intermediate,4.809,29.845,9.177,intermediate_seed,intermediate_6_to_8.csv
output,7,6-8,intermediate_6_to_8,1921,38,false,n,tier1_ngsl_general+ngsl_rank_1921+grade_estimate_7,intermediate,intermediate,4.809,29.845,9.177,intermediate_seed,intermediate_6_to_8.csv
beauty,7,6-8,intermediate_6_to_8,1922,38,false,n,tier1_ngsl_general+ngsl_rank_1922+grade_estimate_7,intermediate,intermediate,4.809,29.845,9.177,intermediate_seed,intermediate_6_to_8.csv
massive,7,6-8,intermediate_6_to_8,1923,38,false,adj,tier1_ngsl_general+ngsl_rank_1923+grade_estimate_7,intermediate,intermediate,4.009,29.845,10.577,intermediate_seed,intermediate_6_to_8.csv
mouse,7,6-8,intermediate_6_to_8,1926,38,false,n,tier1_ngsl_general+ngsl_rank_1926+grade_estimate_7,intermediate,intermediate,4.809,29.845,9.177,intermediate_seed,intermediate_6_to_8.csv
mathematics,7,6-8,intermediate_6_to_8,1927,38,false,n,tier1_ngsl_general+ngsl_rank_1927+grade_estimate_7,intermediate,intermediate,4.009,29.845,11.377,intermediate_seed,intermediate_6_to_8.csv
upper,7,6-8,intermediate_6_to_8,1928,38,false,n,tier1_ngsl_general+ngsl_rank_1928+grade_estimate_7,intermediate,intermediate,4.809,29.845,9.177,intermediate_seed,intermediate_6_to_8.csv
occupy,7,6-8,intermediate_6_to_8,1930,38,false,v,tier1_ngsl_general+ngsl_rank_1930+grade_estimate_7,intermediate,intermediate,4.809,29.845,9.177,intermediate_seed,intermediate_6_to_8.csv
sufficient,7,6-8,intermediate_6_to_8,1932,38,false,adj,tier1_ngsl_general+ngsl_rank_1932+grade_estimate_7,intermediate,intermediate,4.009,29.845,9.877,intermediate_seed,intermediate_6_to_8.csv
preserve,7,6-8,intermediate_6_to_8,1935,38,false,n,tier1_ngsl_general+ngsl_rank_1935+grade_estimate_7,intermediate,intermediate,4.009,29.845,9.877,intermediate_seed,intermediate_6_to_8.csv
swing,7,6-8,intermediate_6_to_8,1937,38,false,v,tier1_ngsl_general+ngsl_rank_1937+grade_estimate_7,intermediate,intermediate,4.809,29.845,9.177,intermediate_seed,intermediate_6_to_8.csv
sudden,7,6-8,intermediate_6_to_8,1940,38,false,v,tier1_ngsl_general+ngsl_rank_1940+grade_estimate_7,intermediate,intermediate,4.809,29.845,9.177,intermediate_seed,intermediate_6_to_8.csv
consistent,7,6-8,intermediate_6_to_8,1942,38,false,adj,tier1_ngsl_general+ngsl_rank_1942+grade_estimate_7,intermediate,intermediate,4.009,29.845,9.877,intermediate_seed,intermediate_6_to_8.csv
organization,6,6-8,intermediate_6_to_8,512,191,false,n,tier1_ngsl_general+ngsl_rank_512+grade_estimate_6,intermediate,intermediate,8.382,29.843,11.212,intermediate_seed,intermediate_6_to_8.csv
opportunity,6,6-8,intermediate_6_to_8,520,189,false,n,tier1_ngsl_general+ngsl_rank_520+grade_estimate_6,intermediate,intermediate,8.379,29.839,11.209,intermediate_seed,intermediate_6_to_8.csv
orient,7,6-8,intermediate_6_to_8,406,37,true,adj,tier2_nawl_academic+nawl_rank_406+grade_estimate_7,intermediate,intermediate,6.803,29.838,11.17,intermediate_seed,intermediate_6_to_8.csv
insert,7,6-8,intermediate_6_to_8,409,37,true,v,tier2_nawl_academic+nawl_rank_409+grade_estimate_7,intermediate,intermediate,6.803,29.838,11.17,intermediate_seed,intermediate_6_to_8.csv
decay,7,6-8,intermediate_6_to_8,415,37,true,n,tier2_nawl_academic+nawl_rank_415+grade_estimate_7,intermediate,intermediate,6.803,29.838,11.17,intermediate_seed,intermediate_6_to_8.csv
thickness,7,6-8,intermediate_6_to_8,417,37,true,n,tier2_nawl_academic+nawl_rank_417+grade_estimate_7,intermediate,intermediate,6.003,29.838,11.87,intermediate_seed,intermediate_6_to_8.csv
offspring,7,6-8,intermediate_6_to_8,420,37,true,v,tier2_nawl_academic+nawl_rank_420+grade_estimate_7,intermediate,intermediate,6.003,29.838,11.87,intermediate_seed,intermediate_6_to_8.csv
resemble,7,6-8,intermediate_6_to_8,421,37,true,n,tier2_nawl_academic+nawl_rank_421+grade_estimate_7,intermediate,intermediate,6.003,29.838,11.87,intermediate_seed,intermediate_6_to_8.csv
originally,7,6-8,intermediate_6_to_8,1943,37,false,adv,tier1_ngsl_general+ngsl_rank_1943+grade_estimate_7,intermediate,intermediate,4.003,29.838,9.87,intermediate_seed,intermediate_6_to_8.csv
aside,7,6-8,intermediate_6_to_8,1944,37,false,n,tier1_ngsl_general+ngsl_rank_1944+grade_estimate_7,intermediate,intermediate,4.803,29.838,9.17,intermediate_seed,intermediate_6_to_8.csv
secondly,7,6-8,intermediate_6_to_8,1946,37,false,adv,tier1_ngsl_general+ngsl_rank_1946+grade_estimate_7,intermediate,intermediate,4.003,29.838,9.87,intermediate_seed,intermediate_6_to_8.csv
severe,7,6-8,intermediate_6_to_8,1947,37,false,n,tier1_ngsl_general+ngsl_rank_1947+grade_estimate_7,intermediate,intermediate,4.803,29.838,9.17,intermediate_seed,intermediate_6_to_8.csv
prospect,7,6-8,intermediate_6_to_8,1949,37,false,n,tier1_ngsl_general+ngsl_rank_1949+grade_estimate_7,intermediate,intermediate,4.003,29.838,9.87,intermediate_seed,intermediate_6_to_8.csv
primarily,7,6-8,intermediate_6_to_8,1954,37,false,adv,tier1_ngsl_general+ngsl_rank_1954+grade_estimate_7,intermediate,intermediate,4.003,29.838,9.87,intermediate_seed,intermediate_6_to_8.csv
plain,7,6-8,intermediate_6_to_8,1961,37,false,n,tier1_ngsl_general+ngsl_rank_1961+grade_estimate_7,intermediate,intermediate,4.803,29.838,9.17,intermediate_seed,intermediate_6_to_8.csv
silence,7,6-8,intermediate_6_to_8,1967,37,false,n,tier1_ngsl_general+ngsl_rank_1967+grade_estimate_7,intermediate,intermediate,4.003,29.838,10.57,intermediate_seed,intermediate_6_to_8.csv
efficient,7,6-8,intermediate_6_to_8,1969,37,false,adj,tier1_ngsl_general+ngsl_rank_1969+grade_estimate_7,intermediate,intermediate,4.003,29.838,9.87,intermediate_seed,intermediate_6_to_8.csv
correctly,7,6-8,intermediate_6_to_8,423,36,true,adv,tier2_nawl_academic+nawl_rank_423+grade_estimate_7,intermediate,intermediate,5.998,29.83,11.864,intermediate_seed,intermediate_6_to_8.csv
metaphor,7,6-8,intermediate_6_to_8,425,36,true,n,tier2_nawl_academic+nawl_rank_425+grade_estimate_7,intermediate,intermediate,5.998,29.83,11.864,intermediate_seed,intermediate_6_to_8.csv
tract,7,6-8,intermediate_6_to_8,426,36,true,n,tier2_nawl_academic+nawl_rank_426+grade_estimate_7,intermediate,intermediate,6.798,29.83,11.164,intermediate_seed,intermediate_6_to_8.csv
liver,7,6-8,intermediate_6_to_8,427,36,true,n,tier2_nawl_academic+nawl_rank_427+grade_estimate_7,intermediate,intermediate,6.798,29.83,11.164,intermediate_seed,intermediate_6_to_8.csv
valve,7,6-8,intermediate_6_to_8,435,36,true,n,tier2_nawl_academic+nawl_rank_435+grade_estimate_7,intermediate,intermediate,6.798,29.83,11.164,intermediate_seed,intermediate_6_to_8.csv
dramatic,7,6-8,intermediate_6_to_8,1975,36,false,adj,tier1_ngsl_general+ngsl_rank_1975+grade_estimate_7,intermediate,intermediate,3.998,29.83,9.864,intermediate_seed,intermediate_6_to_8.csv
differ,7,6-8,intermediate_6_to_8,1976,36,false,n,tier1_ngsl_general+ngsl_rank_1976+grade_estimate_7,intermediate,intermediate,4.798,29.83,9.164,intermediate_seed,intermediate_6_to_8.csv
distribute,7,6-8,intermediate_6_to_8,1980,36,false,v,tier1_ngsl_general+ngsl_rank_1980+grade_estimate_7,intermediate,intermediate,3.998,29.83,9.864,intermediate_seed,intermediate_6_to_8.csv
intellectual,7,6-8,intermediate_6_to_8,1981,36,false,adj,tier1_ngsl_general+ngsl_rank_1981+grade_estimate_7,intermediate,intermediate,3.998,29.83,11.364,intermediate_seed,intermediate_6_to_8.csv
gentleman,7,6-8,intermediate_6_to_8,1990,36,false,n,tier1_ngsl_general+ngsl_rank_1990+grade_estimate_7,intermediate,intermediate,3.998,29.83,9.864,intermediate_seed,intermediate_6_to_8.csv
educate,7,6-8,intermediate_6_to_8,1993,36,false,v,tier1_ngsl_general+ngsl_rank_1993+grade_estimate_7,intermediate,intermediate,3.998,29.83,10.564,intermediate_seed,intermediate_6_to_8.csv
minor,7,6-8,intermediate_6_to_8,1997,36,false,n,tier1_ngsl_general+ngsl_rank_1997+grade_estimate_7,intermediate,intermediate,4.798,29.83,9.164,intermediate_seed,intermediate_6_to_8.csv
supplier,7,6-8,intermediate_6_to_8,2004,36,false,n,tier1_ngsl_general+ngsl_rank_2004+grade_estimate_7,intermediate,intermediate,3.998,29.83,9.864,intermediate_seed,intermediate_6_to_8.csv
typically,7,6-8,intermediate_6_to_8,2006,36,false,adv,tier1_ngsl_general+ngsl_rank_2006+grade_estimate_7,intermediate,intermediate,3.998,29.83,9.864,intermediate_seed,intermediate_6_to_8.csv
pension,7,6-8,intermediate_6_to_8,2008,36,false,n,tier1_ngsl_general+ngsl_rank_2008+grade_estimate_7,intermediate,intermediate,3.998,29.83,10.564,intermediate_seed,intermediate_6_to_8.csv
deeply,7,6-8,intermediate_6_to_8,2012,36,false,adv,tier1_ngsl_general+ngsl_rank_2012+grade_estimate_7,intermediate,intermediate,4.798,29.83,9.164,intermediate_seed,intermediate_6_to_8.csv
security,6,6-8,intermediate_6_to_8,541,180,false,n,tier1_ngsl_general+ngsl_rank_541+grade_estimate_6,intermediate,intermediate,8.367,29.823,9.695,intermediate_seed,intermediate_6_to_8.csv
monetary,7,6-8,intermediate_6_to_8,438,35,true,adj,tier2_nawl_academic+nawl_rank_438+grade_estimate_7,intermediate,intermediate,5.992,29.823,11.857,intermediate_seed,intermediate_6_to_8.csv
likewise,7,6-8,intermediate_6_to_8,440,35,true,v,tier2_nawl_academic+nawl_rank_440+grade_estimate_7,intermediate,intermediate,5.992,29.823,11.857,intermediate_seed,intermediate_6_to_8.csv
donor,7,6-8,intermediate_6_to_8,443,35,true,n,tier2_nawl_academic+nawl_rank_443+grade_estimate_7,intermediate,intermediate,6.792,29.823,11.157,intermediate_seed,intermediate_6_to_8.csv
elevate,7,6-8,intermediate_6_to_8,447,35,true,v,tier2_nawl_academic+nawl_rank_447+grade_estimate_7,intermediate,intermediate,5.992,29.823,12.557,intermediate_seed,intermediate_6_to_8.csv
respectively,7,6-8,intermediate_6_to_8,2018,35,false,adv,tier1_ngsl_general+ngsl_rank_2018+grade_estimate_7,intermediate,intermediate,3.992,29.823,11.357,intermediate_seed,intermediate_6_to_8.csv
ultimately,7,6-8,intermediate_6_to_8,2020,35,false,adv,tier1_ngsl_general+ngsl_rank_2020+grade_estimate_7,intermediate,intermediate,3.992,29.823,9.857,intermediate_seed,intermediate_6_to_8.csv
proof,7,6-8,intermediate_6_to_8,2021,35,false,n,tier1_ngsl_general+ngsl_rank_2021+grade_estimate_7,intermediate,intermediate,4.792,29.823,9.157,intermediate_seed,intermediate_6_to_8.csv
smart,7,6-8,intermediate_6_to_8,2023,35,false,n,tier1_ngsl_general+ngsl_rank_2023+grade_estimate_7,intermediate,intermediate,4.792,29.823,9.157,intermediate_seed,intermediate_6_to_8.csv
layer,7,6-8,intermediate_6_to_8,2024,35,false,n,tier1_ngsl_general+ngsl_rank_2024+grade_estimate_7,intermediate,intermediate,4.792,29.823,9.157,intermediate_seed,intermediate_6_to_8.csv
upset,7,6-8,intermediate_6_to_8,2025,35,false,n,tier1_ngsl_general+ngsl_rank_2025+grade_estimate_7,intermediate,intermediate,4.792,29.823,9.157,intermediate_seed,intermediate_6_to_8.csv
agenda,7,6-8,intermediate_6_to_8,2030,35,false,n,tier1_ngsl_general+ngsl_rank_2030+grade_estimate_7,intermediate,intermediate,4.792,29.823,9.157,intermediate_seed,intermediate_6_to_8.csv
emphasis,7,6-8,intermediate_6_to_8,2031,35,false,n,tier1_ngsl_general+ngsl_rank_2031+grade_estimate_7,intermediate,intermediate,3.992,29.823,9.857,intermediate_seed,intermediate_6_to_8.csv
edition,7,6-8,intermediate_6_to_8,2032,35,false,n,tier1_ngsl_general+ngsl_rank_2032+grade_estimate_7,intermediate,intermediate,3.992,29.823,10.557,intermediate_seed,intermediate_6_to_8.csv
silver,7,6-8,intermediate_6_to_8,2033,35,false,n,tier1_ngsl_general+ngsl_rank_2033+grade_estimate_7,intermediate,intermediate,4.792,29.823,9.157,intermediate_seed,intermediate_6_to_8.csv
honest,7,6-8,intermediate_6_to_8,2035,35,false,n,tier1_ngsl_general+ngsl_rank_2035+grade_estimate_7,intermediate,intermediate,4.792,29.823,9.157,intermediate_seed,intermediate_6_to_8.csv
undertake,7,6-8,intermediate_6_to_8,2036,35,false,n,tier1_ngsl_general+ngsl_rank_2036+grade_estimate_7,intermediate,intermediate,3.992,29.823,9.857,intermediate_seed,intermediate_6_to_8.csv
retail,7,6-8,intermediate_6_to_8,2037,35,false,n,tier1_ngsl_general+ngsl_rank_2037+grade_estimate_7,intermediate,intermediate,4.792,29.823,9.157,intermediate_seed,intermediate_6_to_8.csv
unlikely,7,6-8,intermediate_6_to_8,2039,35,false,adv,tier1_ngsl_general+ngsl_rank_2039+grade_estimate_7,intermediate,intermediate,3.992,29.823,9.857,intermediate_seed,intermediate_6_to_8.csv
slight,7,6-8,intermediate_6_to_8,2042,35,false,n,tier1_ngsl_general+ngsl_rank_2042+grade_estimate_7,intermediate,intermediate,4.792,29.823,9.157,intermediate_seed,intermediate_6_to_8.csv
framework,7,6-8,intermediate_6_to_8,2044,35,false,n,tier1_ngsl_general+ngsl_rank_2044+grade_estimate_7,intermediate,intermediate,3.992,29.823,9.857,intermediate_seed,intermediate_6_to_8.csv
restrict,7,6-8,intermediate_6_to_8,2046,35,false,v,tier1_ngsl_general+ngsl_rank_2046+grade_estimate_7,intermediate,intermediate,3.992,29.823,9.857,intermediate_seed,intermediate_6_to_8.csv
equivalent,7,6-8,intermediate_6_to_8,2049,35,false,adj,tier1_ngsl_general+ngsl_rank_2049+grade_estimate_7,intermediate,intermediate,3.992,29.823,9.857,intermediate_seed,intermediate_6_to_8.csv
enterprise,7,6-8,intermediate_6_to_8,2051,35,false,v,tier1_ngsl_general+ngsl_rank_2051+grade_estimate_7,intermediate,intermediate,3.992,29.823,9.857,intermediate_seed,intermediate_6_to_8.csv
governor,7,6-8,intermediate_6_to_8,2054,35,false,n,tier1_ngsl_general+ngsl_rank_2054+grade_estimate_7,intermediate,intermediate,3.992,29.823,9.857,intermediate_seed,intermediate_6_to_8.csv
nitrogen,7,6-8,intermediate_6_to_8,451,34,true,v,tier2_nawl_academic+nawl_rank_451+grade_estimate_7,intermediate,intermediate,5.986,29.815,11.85,intermediate_seed,intermediate_6_to_8.csv
plausible,7,6-8,intermediate_6_to_8,451,34,true,adj,tier2_nawl_academic+nawl_rank_451+grade_estimate_7,intermediate,intermediate,5.986,29.815,11.85,intermediate_seed,intermediate_6_to_8.csv
controversy,7,6-8,intermediate_6_to_8,454,34,true,n,tier2_nawl_academic+nawl_rank_454+grade_estimate_7,intermediate,intermediate,5.986,29.815,13.35,intermediate_seed,intermediate_6_to_8.csv
wheat,7,6-8,intermediate_6_to_8,455,34,true,n,tier2_nawl_academic+nawl_rank_455+grade_estimate_7,intermediate,intermediate,6.786,29.815,11.15,intermediate_seed,intermediate_6_to_8.csv
manual,7,6-8,intermediate_6_to_8,457,34,true,adj,tier2_nawl_academic+nawl_rank_457+grade_estimate_7,intermediate,intermediate,6.786,29.815,11.15,intermediate_seed,intermediate_6_to_8.csv
pitch,7,6-8,intermediate_6_to_8,2057,34,false,n,tier1_ngsl_general+ngsl_rank_2057+grade_estimate_7,intermediate,intermediate,4.786,29.815,9.15,intermediate_seed,intermediate_6_to_8.csv
contemporary,7,6-8,intermediate_6_to_8,2059,34,false,adj,tier1_ngsl_general+ngsl_rank_2059+grade_estimate_7,intermediate,intermediate,3.986,29.815,11.35,intermediate_seed,intermediate_6_to_8.csv
gate,7,6-8,intermediate_6_to_8,2060,34,false,v,tier1_ngsl_general+ngsl_rank_2060+grade_estimate_7,intermediate,intermediate,5.786,29.815,10.55,intermediate_seed,intermediate_6_to_8.csv
crack,7,6-8,intermediate_6_to_8,2068,34,false,n,tier1_ngsl_general+ngsl_rank_2068+grade_estimate_7,intermediate,intermediate,4.786,29.815,9.15,intermediate_seed,intermediate_6_to_8.csv
submit,7,6-8,intermediate_6_to_8,2070,34,false,n,tier1_ngsl_general+ngsl_rank_2070+grade_estimate_7,intermediate,intermediate,4.786,29.815,9.15,intermediate_seed,intermediate_6_to_8.csv
virtually,7,6-8,intermediate_6_to_8,2072,34,false,adv,tier1_ngsl_general+ngsl_rank_2072+grade_estimate_7,intermediate,intermediate,3.986,29.815,9.85,intermediate_seed,intermediate_6_to_8.csv
coverage,7,6-8,intermediate_6_to_8,2074,34,false,n,tier1_ngsl_general+ngsl_rank_2074+grade_estimate_7,intermediate,intermediate,3.986,29.815,9.85,intermediate_seed,intermediate_6_to_8.csv
tension,7,6-8,intermediate_6_to_8,2075,34,false,n,tier1_ngsl_general+ngsl_rank_2075+grade_estimate_7,intermediate,intermediate,3.986,29.815,10.55,intermediate_seed,intermediate_6_to_8.csv
input,7,6-8,intermediate_6_to_8,2079,34,false,n,tier1_ngsl_general+ngsl_rank_2079+grade_estimate_7,intermediate,intermediate,4.786,29.815,9.15,intermediate_seed,intermediate_6_to_8.csv
isolate,7,6-8,intermediate_6_to_8,2080,34,false,v,tier1_ngsl_general+ngsl_rank_2080+grade_estimate_7,intermediate,intermediate,3.986,29.815,10.55,intermediate_seed,intermediate_6_to_8.csv
prisoner,7,6-8,intermediate_6_to_8,2081,34,false,n,tier1_ngsl_general+ngsl_rank_2081+grade_estimate_7,intermediate,intermediate,3.986,29.815,9.85,intermediate_seed,intermediate_6_to_8.csv
secondary,7,6-8,intermediate_6_to_8,2085,34,false,adj,tier1_ngsl_general+ngsl_rank_2085+grade_estimate_7,intermediate,intermediate,3.986,29.815,9.85,intermediate_seed,intermediate_6_to_8.csv
performance,6,6-8,intermediate_6_to_8,559,172,false,n,tier1_ngsl_general+ngsl_rank_559+grade_estimate_6,intermediate,intermediate,8.356,29.808,11.182,intermediate_seed,intermediate_6_to_8.csv
technology,6,6-8,intermediate_6_to_8,563,172,false,n,tier1_ngsl_general+ngsl_rank_563+grade_estimate_6,intermediate,intermediate,8.356,29.808,9.682,intermediate_seed,intermediate_6_to_8.csv
strategic,7,6-8,intermediate_6_to_8,458,33,true,adj,tier2_nawl_academic+nawl_rank_458+grade_estimate_7,intermediate,intermediate,5.98,29.807,11.843,intermediate_seed,intermediate_6_to_8.csv
absorb,7,6-8,intermediate_6_to_8,460,33,true,v,tier2_nawl_academic+nawl_rank_460+grade_estimate_7,intermediate,intermediate,6.78,29.807,11.143,intermediate_seed,intermediate_6_to_8.csv
lifetime,7,6-8,intermediate_6_to_8,463,33,true,n,tier2_nawl_academic+nawl_rank_463+grade_estimate_7,intermediate,intermediate,5.98,29.807,11.843,intermediate_seed,intermediate_6_to_8.csv
binary,7,6-8,intermediate_6_to_8,464,33,true,adj,tier2_nawl_academic+nawl_rank_464+grade_estimate_7,intermediate,intermediate,6.78,29.807,11.143,intermediate_seed,intermediate_6_to_8.csv
definite,7,6-8,intermediate_6_to_8,465,33,true,n,tier2_nawl_academic+nawl_rank_465+grade_estimate_7,intermediate,intermediate,5.98,29.807,11.843,intermediate_seed,intermediate_6_to_8.csv
persuade,7,6-8,intermediate_6_to_8,2091,33,false,n,tier1_ngsl_general+ngsl_rank_2091+grade_estimate_7,intermediate,intermediate,3.98,29.807,9.843,intermediate_seed,intermediate_6_to_8.csv
phenomenon,7,6-8,intermediate_6_to_8,2096,33,false,n,tier1_ngsl_general+ngsl_rank_2096+grade_estimate_7,intermediate,intermediate,3.98,29.807,9.843,intermediate_seed,intermediate_6_to_8.csv
false,7,6-8,intermediate_6_to_8,2098,33,false,n,tier1_ngsl_general+ngsl_rank_2098+grade_estimate_7,intermediate,intermediate,4.78,29.807,9.143,intermediate_seed,intermediate_6_to_8.csv
alter,7,6-8,intermediate_6_to_8,2102,33,false,n,tier1_ngsl_general+ngsl_rank_2102+grade_estimate_7,intermediate,intermediate,4.78,29.807,9.143,intermediate_seed,intermediate_6_to_8.csv
stare,7,6-8,intermediate_6_to_8,2106,33,false,n,tier1_ngsl_general+ngsl_rank_2106+grade_estimate_7,intermediate,intermediate,4.78,29.807,9.143,intermediate_seed,intermediate_6_to_8.csv
supporter,7,6-8,intermediate_6_to_8,2109,33,false,n,tier1_ngsl_general+ngsl_rank_2109+grade_estimate_7,intermediate,intermediate,3.98,29.807,9.843,intermediate_seed,intermediate_6_to_8.csv
steady,7,6-8,intermediate_6_to_8,2111,33,false,n,tier1_ngsl_general+ngsl_rank_2111+grade_estimate_7,intermediate,intermediate,4.78,29.807,9.143,intermediate_seed,intermediate_6_to_8.csv
meter,7,6-8,intermediate_6_to_8,2112,33,false,n,tier1_ngsl_general+ngsl_rank_2112+grade_estimate_7,intermediate,intermediate,4.78,29.807,9.143,intermediate_seed,intermediate_6_to_8.csv
disaster,7,6-8,intermediate_6_to_8,2117,33,false,n,tier1_ngsl_general+ngsl_rank_2117+grade_estimate_7,intermediate,intermediate,3.98,29.807,9.843,intermediate_seed,intermediate_6_to_8.csv
devote,7,6-8,intermediate_6_to_8,2120,33,false,n,tier1_ngsl_general+ngsl_rank_2120+grade_estimate_7,intermediate,intermediate,4.78,29.807,9.143,intermediate_seed,intermediate_6_to_8.csv
vital,7,6-8,intermediate_6_to_8,2123,33,false,adj,tier1_ngsl_general+ngsl_rank_2123+grade_estimate_7,intermediate,intermediate,4.78,29.807,9.143,intermediate_seed,intermediate_6_to_8.csv
spare,7,6-8,intermediate_6_to_8,2126,33,false,n,tier1_ngsl_general+ngsl_rank_2126+grade_estimate_7,intermediate,intermediate,4.78,29.807,9.143,intermediate_seed,intermediate_6_to_8.csv
whenever,7,6-8,intermediate_6_to_8,2127,33,false,n,tier1_ngsl_general+ngsl_rank_2127+grade_estimate_7,intermediate,intermediate,3.98,29.807,9.843,intermediate_seed,intermediate_6_to_8.csv
underlie,7,6-8,intermediate_6_to_8,2130,33,false,n,tier1_ngsl_general+ngsl_rank_2130+grade_estimate_7,intermediate,intermediate,3.98,29.807,9.843,intermediate_seed,intermediate_6_to_8.csv
sweep,7,6-8,intermediate_6_to_8,2136,33,false,n,tier1_ngsl_general+ngsl_rank_2136+grade_estimate_7,intermediate,intermediate,4.78,29.807,9.143,intermediate_seed,intermediate_6_to_8.csv
par,6,6-8,intermediate_6_to_8,13,171,true,n,tier2_nawl_academic+nawl_rank_13+grade_estimate_6,intermediate,intermediate,8.155,29.806,11.58,intermediate_seed,intermediate_6_to_8.csv
undermine,7,6-8,intermediate_6_to_8,473,32,true,n,tier2_nawl_academic+nawl_rank_473+grade_estimate_7,intermediate,intermediate,5.974,29.799,11.836,intermediate_seed,intermediate_6_to_8.csv
disadvantage,7,6-8,intermediate_6_to_8,474,32,true,n,tier2_nawl_academic+nawl_rank_474+grade_estimate_7,intermediate,intermediate,5.974,29.799,13.336,intermediate_seed,intermediate_6_to_8.csv
strand,7,6-8,intermediate_6_to_8,476,32,true,n,tier2_nawl_academic+nawl_rank_476+grade_estimate_7,intermediate,intermediate,6.774,29.799,11.136,intermediate_seed,intermediate_6_to_8.csv
anger,7,6-8,intermediate_6_to_8,2140,32,false,n,tier1_ngsl_general+ngsl_rank_2140+grade_estimate_7,intermediate,intermediate,4.774,29.799,9.136,intermediate_seed,intermediate_6_to_8.csv
naturally,7,6-8,intermediate_6_to_8,2143,32,false,adv,tier1_ngsl_general+ngsl_rank_2143+grade_estimate_7,intermediate,intermediate,3.974,29.799,9.836,intermediate_seed,intermediate_6_to_8.csv
currency,7,6-8,intermediate_6_to_8,2144,32,false,n,tier1_ngsl_general+ngsl_rank_2144+grade_estimate_7,intermediate,intermediate,3.974,29.799,9.836,intermediate_seed,intermediate_6_to_8.csv
database,7,6-8,intermediate_6_to_8,2145,32,false,n,tier1_ngsl_general+ngsl_rank_2145+grade_estimate_7,intermediate,intermediate,3.974,29.799,9.836,intermediate_seed,intermediate_6_to_8.csv
initially,7,6-8,intermediate_6_to_8,2146,32,false,adv,tier1_ngsl_general+ngsl_rank_2146+grade_estimate_7,intermediate,intermediate,3.974,29.799,9.836,intermediate_seed,intermediate_6_to_8.csv
territory,7,6-8,intermediate_6_to_8,2147,32,false,n,tier1_ngsl_general+ngsl_rank_2147+grade_estimate_7,intermediate,intermediate,3.974,29.799,9.836,intermediate_seed,intermediate_6_to_8.csv
rarely,7,6-8,intermediate_6_to_8,2149,32,false,adv,tier1_ngsl_general+ngsl_rank_2149+grade_estimate_7,intermediate,intermediate,4.774,29.799,9.136,intermediate_seed,intermediate_6_to_8.csv
apparent,7,6-8,intermediate_6_to_8,2151,32,false,adj,tier1_ngsl_general+ngsl_rank_2151+grade_estimate_7,intermediate,intermediate,3.974,29.799,9.836,intermediate_seed,intermediate_6_to_8.csv
constantly,7,6-8,intermediate_6_to_8,2154,32,false,adv,tier1_ngsl_general+ngsl_rank_2154+grade_estimate_7,intermediate,intermediate,3.974,29.799,9.836,intermediate_seed,intermediate_6_to_8.csv
muscle,7,6-8,intermediate_6_to_8,2155,32,false,n,tier1_ngsl_general+ngsl_rank_2155+grade_estimate_7,intermediate,intermediate,4.774,29.799,9.136,intermediate_seed,intermediate_6_to_8.csv
scare,7,6-8,intermediate_6_to_8,2156,32,false,n,tier1_ngsl_general+ngsl_rank_2156+grade_estimate_7,intermediate,intermediate,4.774,29.799,9.136,intermediate_seed,intermediate_6_to_8.csv
everyday,7,6-8,intermediate_6_to_8,2158,32,false,n,tier1_ngsl_general+ngsl_rank_2158+grade_estimate_7,intermediate,intermediate,3.974,29.799,9.836,intermediate_seed,intermediate_6_to_8.csv
boundary,7,6-8,intermediate_6_to_8,2159,32,false,adj,tier1_ngsl_general+ngsl_rank_2159+grade_estimate_7,intermediate,intermediate,3.974,29.799,9.836,intermediate_seed,intermediate_6_to_8.csv
ratio,7,6-8,intermediate_6_to_8,2160,32,false,n,tier1_ngsl_general+ngsl_rank_2160+grade_estimate_7,intermediate,intermediate,4.774,29.799,9.136,intermediate_seed,intermediate_6_to_8.csv
essay,7,6-8,intermediate_6_to_8,2161,32,false,n,tier1_ngsl_general+ngsl_rank_2161+grade_estimate_7,intermediate,intermediate,4.774,29.799,9.136,intermediate_seed,intermediate_6_to_8.csv
withdraw,7,6-8,intermediate_6_to_8,2163,32,false,n,tier1_ngsl_general+ngsl_rank_2163+grade_estimate_7,intermediate,intermediate,3.974,29.799,9.836,intermediate_seed,intermediate_6_to_8.csv
disorder,7,6-8,intermediate_6_to_8,2165,32,false,n,tier1_ngsl_general+ngsl_rank_2165+grade_estimate_7,intermediate,intermediate,3.974,29.799,9.836,intermediate_seed,intermediate_6_to_8.csv
platform,7,6-8,intermediate_6_to_8,2171,32,false,n,tier1_ngsl_general+ngsl_rank_2171+grade_estimate_7,intermediate,intermediate,3.974,29.799,9.836,intermediate_seed,intermediate_6_to_8.csv
transform,7,6-8,intermediate_6_to_8,2174,32,false,n,tier1_ngsl_general+ngsl_rank_2174+grade_estimate_7,intermediate,intermediate,3.974,29.799,9.836,intermediate_seed,intermediate_6_to_8.csv
ion,6,6-8,intermediate_6_to_8,14,165,true,n,tier2_nawl_academic+nawl_rank_14+grade_estimate_6,intermediate,intermediate,8.146,29.794,11.57,intermediate_seed,intermediate_6_to_8.csv
arrive,6,6-8,intermediate_6_to_8,588,165,false,v,tier1_ngsl_general+ngsl_rank_588+grade_estimate_6,intermediate,intermediate,9.146,29.794,8.97,intermediate_seed,intermediate_6_to_8.csv
evidence,6,6-8,intermediate_6_to_8,592,163,false,n,tier1_ngsl_general+ngsl_rank_592+grade_estimate_6,intermediate,intermediate,8.343,29.79,9.667,intermediate_seed,intermediate_6_to_8.csv
exist,6,6-8,intermediate_6_to_8,593,163,false,v,tier1_ngsl_general+ngsl_rank_593+grade_estimate_6,intermediate,intermediate,9.143,29.79,8.967,intermediate_seed,intermediate_6_to_8.csv
unify,7,6-8,intermediate_6_to_8,477,31,true,v,tier2_nawl_academic+nawl_rank_477+grade_estimate_7,intermediate,intermediate,6.768,29.79,11.129,intermediate_seed,intermediate_6_to_8.csv
randomly,7,6-8,intermediate_6_to_8,478,31,true,adv,tier2_nawl_academic+nawl_rank_478+grade_estimate_7,intermediate,intermediate,5.968,29.79,11.829,intermediate_seed,intermediate_6_to_8.csv
philosopher,7,6-8,intermediate_6_to_8,479,31,true,n,tier2_nawl_academic+nawl_rank_479+grade_estimate_7,intermediate,intermediate,5.968,29.79,13.329,intermediate_seed,intermediate_6_to_8.csv
pronounce,7,6-8,intermediate_6_to_8,480,31,true,n,tier2_nawl_academic+nawl_rank_480+grade_estimate_7,intermediate,intermediate,5.968,29.79,11.829,intermediate_seed,intermediate_6_to_8.csv
workshop,7,6-8,intermediate_6_to_8,481,31,true,n,tier2_nawl_academic+nawl_rank_481+grade_estimate_7,intermediate,intermediate,5.968,29.79,11.829,intermediate_seed,intermediate_6_to_8.csv
meaningful,7,6-8,intermediate_6_to_8,483,31,true,adj,tier2_nawl_academic+nawl_rank_483+grade_estimate_7,intermediate,intermediate,5.968,29.79,11.829,intermediate_seed,intermediate_6_to_8.csv
wavelength,7,6-8,intermediate_6_to_8,484,31,true,n,tier2_nawl_academic+nawl_rank_484+grade_estimate_7,intermediate,intermediate,5.968,29.79,11.829,intermediate_seed,intermediate_6_to_8.csv
diagnose,7,6-8,intermediate_6_to_8,485,31,true,n,tier2_nawl_academic+nawl_rank_485+grade_estimate_7,intermediate,intermediate,5.968,29.79,11.829,intermediate_seed,intermediate_6_to_8.csv
accent,7,6-8,intermediate_6_to_8,486,31,true,n,tier2_nawl_academic+nawl_rank_486+grade_estimate_7,intermediate,intermediate,6.768,29.79,11.129,intermediate_seed,intermediate_6_to_8.csv
realm,7,6-8,intermediate_6_to_8,487,31,true,n,tier2_nawl_academic+nawl_rank_487+grade_estimate_7,intermediate,intermediate,6.768,29.79,11.129,intermediate_seed,intermediate_6_to_8.csv
designer,7,6-8,intermediate_6_to_8,2178,31,false,n,tier1_ngsl_general+ngsl_rank_2178+grade_estimate_7,intermediate,intermediate,3.968,29.79,9.829,intermediate_seed,intermediate_6_to_8.csv
strain,7,6-8,intermediate_6_to_8,2179,31,false,n,tier1_ngsl_general+ngsl_rank_2179+grade_estimate_7,intermediate,intermediate,4.768,29.79,9.129,intermediate_seed,intermediate_6_to_8.csv
album,7,6-8,intermediate_6_to_8,2181,31,false,n,tier1_ngsl_general+ngsl_rank_2181+grade_estimate_7,intermediate,intermediate,4.768,29.79,9.129,intermediate_seed,intermediate_6_to_8.csv
trail,7,6-8,intermediate_6_to_8,2183,31,false,n,tier1_ngsl_general+ngsl_rank_2183+grade_estimate_7,intermediate,intermediate,4.768,29.79,9.129,intermediate_seed,intermediate_6_to_8.csv
wealth,7,6-8,intermediate_6_to_8,2187,31,false,n,tier1_ngsl_general+ngsl_rank_2187+grade_estimate_7,intermediate,intermediate,4.768,29.79,9.129,intermediate_seed,intermediate_6_to_8.csv
gradually,7,6-8,intermediate_6_to_8,2188,31,false,adv,tier1_ngsl_general+ngsl_rank_2188+grade_estimate_7,intermediate,intermediate,3.968,29.79,9.829,intermediate_seed,intermediate_6_to_8.csv
frighten,7,6-8,intermediate_6_to_8,2196,31,false,v,tier1_ngsl_general+ngsl_rank_2196+grade_estimate_7,intermediate,intermediate,3.968,29.79,9.829,intermediate_seed,intermediate_6_to_8.csv
breed,7,6-8,intermediate_6_to_8,2198,31,false,v,tier1_ngsl_general+ngsl_rank_2198+grade_estimate_7,intermediate,intermediate,4.768,29.79,9.129,intermediate_seed,intermediate_6_to_8.csv
extraordinary,7,6-8,intermediate_6_to_8,2199,31,false,adj,tier1_ngsl_general+ngsl_rank_2199+grade_estimate_7,intermediate,intermediate,3.968,29.79,11.329,intermediate_seed,intermediate_6_to_8.csv
awful,8,6-8,intermediate_6_to_8,2206,31,false,adj,tier1_ngsl_general+ngsl_rank_2206+grade_estimate_8,intermediate,intermediate,4.768,29.79,9.129,intermediate_seed,intermediate_6_to_8.csv
adjust,8,6-8,intermediate_6_to_8,2208,31,false,n,tier1_ngsl_general+ngsl_rank_2208+grade_estimate_8,intermediate,intermediate,4.768,29.79,9.129,intermediate_seed,intermediate_6_to_8.csv
nowadays,8,6-8,intermediate_6_to_8,2210,31,false,n,tier1_ngsl_general+ngsl_rank_2210+grade_estimate_8,intermediate,intermediate,3.968,29.79,9.829,intermediate_seed,intermediate_6_to_8.csv
agricultural,8,6-8,intermediate_6_to_8,2212,31,false,adj,tier1_ngsl_general+ngsl_rank_2212+grade_estimate_8,intermediate,intermediate,3.968,29.79,11.329,intermediate_seed,intermediate_6_to_8.csv
competitor,8,6-8,intermediate_6_to_8,2213,31,false,n,tier1_ngsl_general+ngsl_rank_2213+grade_estimate_8,intermediate,intermediate,3.968,29.79,9.829,intermediate_seed,intermediate_6_to_8.csv
festival,8,6-8,intermediate_6_to_8,2215,31,false,adj,tier1_ngsl_general+ngsl_rank_2215+grade_estimate_8,intermediate,intermediate,3.968,29.79,9.829,intermediate_seed,intermediate_6_to_8.csv
confident,8,6-8,intermediate_6_to_8,2218,31,false,adj,tier1_ngsl_general+ngsl_rank_2218+grade_estimate_8,intermediate,intermediate,3.968,29.79,9.829,intermediate_seed,intermediate_6_to_8.csv
planet,8,6-8,intermediate_6_to_8,2219,31,false,n,tier1_ngsl_general+ngsl_rank_2219+grade_estimate_8,intermediate,intermediate,4.768,29.79,9.129,intermediate_seed,intermediate_6_to_8.csv
overcome,8,6-8,intermediate_6_to_8,2222,31,false,n,tier1_ngsl_general+ngsl_rank_2222+grade_estimate_8,intermediate,intermediate,3.968,29.79,9.829,intermediate_seed,intermediate_6_to_8.csv
depth,8,6-8,intermediate_6_to_8,2224,31,false,n,tier1_ngsl_general+ngsl_rank_2224+grade_estimate_8,intermediate,intermediate,4.768,29.79,9.129,intermediate_seed,intermediate_6_to_8.csv
portion,8,6-8,intermediate_6_to_8,2229,31,false,n,tier1_ngsl_general+ngsl_rank_2229+grade_estimate_8,intermediate,intermediate,3.968,29.79,10.529,intermediate_seed,intermediate_6_to_8.csv
interestingly,7,6-8,intermediate_6_to_8,491,30,true,adv,tier2_nawl_academic+nawl_rank_491+grade_estimate_7,intermediate,intermediate,5.961,29.782,13.321,intermediate_seed,intermediate_6_to_8.csv
curriculum,7,6-8,intermediate_6_to_8,494,30,true,n,tier2_nawl_academic+nawl_rank_494+grade_estimate_7,intermediate,intermediate,5.961,29.782,11.821,intermediate_seed,intermediate_6_to_8.csv
coherent,7,6-8,intermediate_6_to_8,496,30,true,adj,tier2_nawl_academic+nawl_rank_496+grade_estimate_7,intermediate,intermediate,5.961,29.782,11.821,intermediate_seed,intermediate_6_to_8.csv
positively,7,6-8,intermediate_6_to_8,499,30,true,adv,tier2_nawl_academic+nawl_rank_499+grade_estimate_7,intermediate,intermediate,5.961,29.782,11.821,intermediate_seed,intermediate_6_to_8.csv
bacterial,7,6-8,intermediate_6_to_8,500,30,true,adj,tier2_nawl_academic+nawl_rank_500+grade_estimate_7,intermediate,intermediate,5.961,29.782,11.821,intermediate_seed,intermediate_6_to_8.csv
deficiency,7,6-8,intermediate_6_to_8,501,30,true,n,tier2_nawl_academic+nawl_rank_501+grade_estimate_7,intermediate,intermediate,5.961,29.782,11.821,intermediate_seed,intermediate_6_to_8.csv
interpret,8,6-8,intermediate_6_to_8,2232,30,false,v,tier1_ngsl_general+ngsl_rank_2232+grade_estimate_8,intermediate,intermediate,3.961,29.782,9.821,intermediate_seed,intermediate_6_to_8.csv
inner,8,6-8,intermediate_6_to_8,2235,30,false,n,tier1_ngsl_general+ngsl_rank_2235+grade_estimate_8,intermediate,intermediate,4.761,29.782,9.121,intermediate_seed,intermediate_6_to_8.csv
smooth,8,6-8,intermediate_6_to_8,2241,30,false,n,tier1_ngsl_general+ngsl_rank_2241+grade_estimate_8,intermediate,intermediate,4.761,29.782,9.121,intermediate_seed,intermediate_6_to_8.csv
similarly,8,6-8,intermediate_6_to_8,2247,30,false,adv,tier1_ngsl_general+ngsl_rank_2247+grade_estimate_8,intermediate,intermediate,3.961,29.782,9.821,intermediate_seed,intermediate_6_to_8.csv
behave,8,6-8,intermediate_6_to_8,2248,30,false,n,tier1_ngsl_general+ngsl_rank_2248+grade_estimate_8,intermediate,intermediate,4.761,29.782,9.121,intermediate_seed,intermediate_6_to_8.csv
subsequent,8,6-8,intermediate_6_to_8,2251,30,false,adj,tier1_ngsl_general+ngsl_rank_2251+grade_estimate_8,intermediate,intermediate,3.961,29.782,9.821,intermediate_seed,intermediate_6_to_8.csv
jacket,8,6-8,intermediate_6_to_8,2253,30,false,n,tier1_ngsl_general+ngsl_rank_2253+grade_estimate_8,intermediate,intermediate,4.761,29.782,9.121,intermediate_seed,intermediate_6_to_8.csv
efficiency,8,6-8,intermediate_6_to_8,2254,30,false,n,tier1_ngsl_general+ngsl_rank_2254+grade_estimate_8,intermediate,intermediate,3.961,29.782,9.821,intermediate_seed,intermediate_6_to_8.csv
statistic,8,6-8,intermediate_6_to_8,2256,30,false,adj,tier1_ngsl_general+ngsl_rank_2256+grade_estimate_8,intermediate,intermediate,3.961,29.782,9.821,intermediate_seed,intermediate_6_to_8.csv
regularly,8,6-8,intermediate_6_to_8,2257,30,false,adv,tier1_ngsl_general+ngsl_rank_2257+grade_estimate_8,intermediate,intermediate,3.961,29.782,9.821,intermediate_seed,intermediate_6_to_8.csv
resort,8,6-8,intermediate_6_to_8,2258,30,false,n,tier1_ngsl_general+ngsl_rank_2258+grade_estimate_8,intermediate,intermediate,4.761,29.782,9.121,intermediate_seed,intermediate_6_to_8.csv
broadcast,8,6-8,intermediate_6_to_8,2260,30,false,n,tier1_ngsl_general+ngsl_rank_2260+grade_estimate_8,intermediate,intermediate,3.961,29.782,9.821,intermediate_seed,intermediate_6_to_8.csv
blind,8,6-8,intermediate_6_to_8,2263,30,false,n,tier1_ngsl_general+ngsl_rank_2263+grade_estimate_8,intermediate,intermediate,4.761,29.782,9.121,intermediate_seed,intermediate_6_to_8.csv
bloody,8,6-8,intermediate_6_to_8,2265,30,false,n,tier1_ngsl_general+ngsl_rank_2265+grade_estimate_8,intermediate,intermediate,4.761,29.782,9.121,intermediate_seed,intermediate_6_to_8.csv
flood,8,6-8,intermediate_6_to_8,2274,30,false,n,tier1_ngsl_general+ngsl_rank_2274+grade_estimate_8,intermediate,intermediate,4.761,29.782,9.121,intermediate_seed,intermediate_6_to_8.csv
crazy,8,6-8,intermediate_6_to_8,2276,30,false,n,tier1_ngsl_general+ngsl_rank_2276+grade_estimate_8,intermediate,intermediate,4.761,29.782,9.121,intermediate_seed,intermediate_6_to_8.csv
newly,8,6-8,intermediate_6_to_8,2278,30,false,adv,tier1_ngsl_general+ngsl_rank_2278+grade_estimate_8,intermediate,intermediate,4.761,29.782,9.121,intermediate_seed,intermediate_6_to_8.csv
parallel,8,6-8,intermediate_6_to_8,2279,30,false,adj,tier1_ngsl_general+ngsl_rank_2279+grade_estimate_8,intermediate,intermediate,3.961,29.782,9.821,intermediate_seed,intermediate_6_to_8.csv
gender,8,6-8,intermediate_6_to_8,2280,30,false,n,tier1_ngsl_general+ngsl_rank_2280+grade_estimate_8,intermediate,intermediate,4.761,29.782,9.121,intermediate_seed,intermediate_6_to_8.csv
exponential,7,6-8,intermediate_6_to_8,505,29,true,adj,tier2_nawl_academic+nawl_rank_505+grade_estimate_7,intermediate,intermediate,5.955,29.773,13.314,intermediate_seed,intermediate_6_to_8.csv
socially,7,6-8,intermediate_6_to_8,507,29,true,adv,tier2_nawl_academic+nawl_rank_507+grade_estimate_7,intermediate,intermediate,5.955,29.773,11.814,intermediate_seed,intermediate_6_to_8.csv
accurately,7,6-8,intermediate_6_to_8,508,29,true,adv,tier2_nawl_academic+nawl_rank_508+grade_estimate_7,intermediate,intermediate,5.955,29.773,11.814,intermediate_seed,intermediate_6_to_8.csv
influential,7,6-8,intermediate_6_to_8,509,29,true,adj,tier2_nawl_academic+nawl_rank_509+grade_estimate_7,intermediate,intermediate,5.955,29.773,13.314,intermediate_seed,intermediate_6_to_8.csv
essence,7,6-8,intermediate_6_to_8,511,29,true,n,tier2_nawl_academic+nawl_rank_511+grade_estimate_7,intermediate,intermediate,5.955,29.773,12.514,intermediate_seed,intermediate_6_to_8.csv
cylinder,7,6-8,intermediate_6_to_8,512,29,true,n,tier2_nawl_academic+nawl_rank_512+grade_estimate_7,intermediate,intermediate,5.955,29.773,11.814,intermediate_seed,intermediate_6_to_8.csv
sodium,7,6-8,intermediate_6_to_8,514,29,true,n,tier2_nawl_academic+nawl_rank_514+grade_estimate_7,intermediate,intermediate,6.755,29.773,11.114,intermediate_seed,intermediate_6_to_8.csv
predominantly,7,6-8,intermediate_6_to_8,515,29,true,adv,tier2_nawl_academic+nawl_rank_515+grade_estimate_7,intermediate,intermediate,5.955,29.773,13.314,intermediate_seed,intermediate_6_to_8.csv
dealer,8,6-8,intermediate_6_to_8,2284,29,false,n,tier1_ngsl_general+ngsl_rank_2284+grade_estimate_8,intermediate,intermediate,4.755,29.773,9.114,intermediate_seed,intermediate_6_to_8.csv
mate,8,6-8,intermediate_6_to_8,2288,29,false,v,tier1_ngsl_general+ngsl_rank_2288+grade_estimate_8,intermediate,intermediate,5.755,29.773,10.514,intermediate_seed,intermediate_6_to_8.csv
occasionally,8,6-8,intermediate_6_to_8,2289,29,false,adv,tier1_ngsl_general+ngsl_rank_2289+grade_estimate_8,intermediate,intermediate,3.955,29.773,11.314,intermediate_seed,intermediate_6_to_8.csv
shareholder,8,6-8,intermediate_6_to_8,2290,29,false,n,tier1_ngsl_general+ngsl_rank_2290+grade_estimate_8,intermediate,intermediate,3.955,29.773,11.314,intermediate_seed,intermediate_6_to_8.csv
frequency,8,6-8,intermediate_6_to_8,2295,29,false,n,tier1_ngsl_general+ngsl_rank_2295+grade_estimate_8,intermediate,intermediate,3.955,29.773,9.814,intermediate_seed,intermediate_6_to_8.csv
philosophy,8,6-8,intermediate_6_to_8,2298,29,false,n,tier1_ngsl_general+ngsl_rank_2298+grade_estimate_8,intermediate,intermediate,3.955,29.773,9.814,intermediate_seed,intermediate_6_to_8.csv
approval,8,6-8,intermediate_6_to_8,2302,29,false,adj,tier1_ngsl_general+ngsl_rank_2302+grade_estimate_8,intermediate,intermediate,3.955,29.773,9.814,intermediate_seed,intermediate_6_to_8.csv
exposure,8,6-8,intermediate_6_to_8,2307,29,false,n,tier1_ngsl_general+ngsl_rank_2307+grade_estimate_8,intermediate,intermediate,3.955,29.773,9.814,intermediate_seed,intermediate_6_to_8.csv
conventional,8,6-8,intermediate_6_to_8,2308,29,false,adj,tier1_ngsl_general+ngsl_rank_2308+grade_estimate_8,intermediate,intermediate,3.955,29.773,11.314,intermediate_seed,intermediate_6_to_8.csv
pleasant,8,6-8,intermediate_6_to_8,2314,29,false,adj,tier1_ngsl_general+ngsl_rank_2314+grade_estimate_8,intermediate,intermediate,3.955,29.773,9.814,intermediate_seed,intermediate_6_to_8.csv
overseas,8,6-8,intermediate_6_to_8,2315,29,false,n,tier1_ngsl_general+ngsl_rank_2315+grade_estimate_8,intermediate,intermediate,3.955,29.773,9.814,intermediate_seed,intermediate_6_to_8.csv
importantly,7,6-8,intermediate_6_to_8,522,28,true,adv,tier2_nawl_academic+nawl_rank_522+grade_estimate_7,intermediate,intermediate,5.948,29.764,13.306,intermediate_seed,intermediate_6_to_8.csv
dimensional,7,6-8,intermediate_6_to_8,527,28,true,adj,tier2_nawl_academic+nawl_rank_527+grade_estimate_7,intermediate,intermediate,5.948,29.764,13.306,intermediate_seed,intermediate_6_to_8.csv
resistant,7,6-8,intermediate_6_to_8,527,28,true,adj,tier2_nawl_academic+nawl_rank_527+grade_estimate_7,intermediate,intermediate,5.948,29.764,11.806,intermediate_seed,intermediate_6_to_8.csv
rhetoric,7,6-8,intermediate_6_to_8,530,28,true,adj,tier2_nawl_academic+nawl_rank_530+grade_estimate_7,intermediate,intermediate,5.948,29.764,11.806,intermediate_seed,intermediate_6_to_8.csv
artifact,7,6-8,intermediate_6_to_8,531,28,true,n,tier2_nawl_academic+nawl_rank_531+grade_estimate_7,intermediate,intermediate,5.948,29.764,11.806,intermediate_seed,intermediate_6_to_8.csv
surgical,7,6-8,intermediate_6_to_8,533,28,true,adj,tier2_nawl_academic+nawl_rank_533+grade_estimate_7,intermediate,intermediate,5.948,29.764,11.806,intermediate_seed,intermediate_6_to_8.csv
turbulent,7,6-8,intermediate_6_to_8,535,28,true,adj,tier2_nawl_academic+nawl_rank_535+grade_estimate_7,intermediate,intermediate,5.948,29.764,11.806,intermediate_seed,intermediate_6_to_8.csv
recovery,8,6-8,intermediate_6_to_8,2321,28,false,n,tier1_ngsl_general+ngsl_rank_2321+grade_estimate_8,intermediate,intermediate,3.948,29.764,9.806,intermediate_seed,intermediate_6_to_8.csv
operator,8,6-8,intermediate_6_to_8,2329,28,false,n,tier1_ngsl_general+ngsl_rank_2329+grade_estimate_8,intermediate,intermediate,3.948,29.764,9.806,intermediate_seed,intermediate_6_to_8.csv
infant,8,6-8,intermediate_6_to_8,2330,28,false,adj,tier1_ngsl_general+ngsl_rank_2330+grade_estimate_8,intermediate,intermediate,4.748,29.764,9.106,intermediate_seed,intermediate_6_to_8.csv
mount,8,6-8,intermediate_6_to_8,2333,28,false,n,tier1_ngsl_general+ngsl_rank_2333+grade_estimate_8,intermediate,intermediate,4.748,29.764,9.106,intermediate_seed,intermediate_6_to_8.csv
dependent,8,6-8,intermediate_6_to_8,2336,28,false,adj,tier1_ngsl_general+ngsl_rank_2336+grade_estimate_8,intermediate,intermediate,3.948,29.764,9.806,intermediate_seed,intermediate_6_to_8.csv
virus,8,6-8,intermediate_6_to_8,2341,28,false,n,tier1_ngsl_general+ngsl_rank_2341+grade_estimate_8,intermediate,intermediate,4.748,29.764,9.106,intermediate_seed,intermediate_6_to_8.csv
precisely,8,6-8,intermediate_6_to_8,2342,28,false,adv,tier1_ngsl_general+ngsl_rank_2342+grade_estimate_8,intermediate,intermediate,3.948,29.764,9.806,intermediate_seed,intermediate_6_to_8.csv
rival,8,6-8,intermediate_6_to_8,2343,28,false,adj,tier1_ngsl_general+ngsl_rank_2343+grade_estimate_8,intermediate,intermediate,4.748,29.764,9.106,intermediate_seed,intermediate_6_to_8.csv
detect,8,6-8,intermediate_6_to_8,2345,28,false,v,tier1_ngsl_general+ngsl_rank_2345+grade_estimate_8,intermediate,intermediate,4.748,29.764,9.106,intermediate_seed,intermediate_6_to_8.csv
teenager,8,6-8,intermediate_6_to_8,2346,28,false,n,tier1_ngsl_general+ngsl_rank_2346+grade_estimate_8,intermediate,intermediate,3.948,29.764,9.806,intermediate_seed,intermediate_6_to_8.csv
admire,8,6-8,intermediate_6_to_8,2347,28,false,n,tier1_ngsl_general+ngsl_rank_2347+grade_estimate_8,intermediate,intermediate,4.748,29.764,9.106,intermediate_seed,intermediate_6_to_8.csv
musician,8,6-8,intermediate_6_to_8,2350,28,false,n,tier1_ngsl_general+ngsl_rank_2350+grade_estimate_8,intermediate,intermediate,3.948,29.764,9.806,intermediate_seed,intermediate_6_to_8.csv
charity,8,6-8,intermediate_6_to_8,2354,28,false,n,tier1_ngsl_general+ngsl_rank_2354+grade_estimate_8,intermediate,intermediate,3.948,29.764,10.506,intermediate_seed,intermediate_6_to_8.csv
universal,8,6-8,intermediate_6_to_8,2355,28,false,adj,tier1_ngsl_general+ngsl_rank_2355+grade_estimate_8,intermediate,intermediate,3.948,29.764,9.806,intermediate_seed,intermediate_6_to_8.csv
cigarette,8,6-8,intermediate_6_to_8,2356,28,false,n,tier1_ngsl_general+ngsl_rank_2356+grade_estimate_8,intermediate,intermediate,3.948,29.764,9.806,intermediate_seed,intermediate_6_to_8.csv
constitute,8,6-8,intermediate_6_to_8,2357,28,false,n,tier1_ngsl_general+ngsl_rank_2357+grade_estimate_8,intermediate,intermediate,3.948,29.764,9.806,intermediate_seed,intermediate_6_to_8.csv
consultant,8,6-8,intermediate_6_to_8,2359,28,false,adj,tier1_ngsl_general+ngsl_rank_2359+grade_estimate_8,intermediate,intermediate,3.948,29.764,9.806,intermediate_seed,intermediate_6_to_8.csv
historian,8,6-8,intermediate_6_to_8,2360,28,false,n,tier1_ngsl_general+ngsl_rank_2360+grade_estimate_8,intermediate,intermediate,3.948,29.764,9.806,intermediate_seed,intermediate_6_to_8.csv
visual,8,6-8,intermediate_6_to_8,2362,28,false,adj,tier1_ngsl_general+ngsl_rank_2362+grade_estimate_8,intermediate,intermediate,4.748,29.764,9.106,intermediate_seed,intermediate_6_to_8.csv
stupid,8,6-8,intermediate_6_to_8,2363,28,false,n,tier1_ngsl_general+ngsl_rank_2363+grade_estimate_8,intermediate,intermediate,4.748,29.764,9.106,intermediate_seed,intermediate_6_to_8.csv
ethnic,8,6-8,intermediate_6_to_8,2365,28,false,adj,tier1_ngsl_general+ngsl_rank_2365+grade_estimate_8,intermediate,intermediate,4.748,29.764,9.106,intermediate_seed,intermediate_6_to_8.csv
clinical,8,6-8,intermediate_6_to_8,2367,28,false,adj,tier1_ngsl_general+ngsl_rank_2367+grade_estimate_8,intermediate,intermediate,3.948,29.764,9.806,intermediate_seed,intermediate_6_to_8.csv
forecast,8,6-8,intermediate_6_to_8,2369,28,false,n,tier1_ngsl_general+ngsl_rank_2369+grade_estimate_8,intermediate,intermediate,3.948,29.764,9.806,intermediate_seed,intermediate_6_to_8.csv
segment,8,6-8,intermediate_6_to_8,2370,28,false,n,tier1_ngsl_general+ngsl_rank_2370+grade_estimate_8,intermediate,intermediate,3.948,29.764,10.506,intermediate_seed,intermediate_6_to_8.csv
acid,6,6-8,intermediate_6_to_8,21,149,true,n,tier2_nawl_academic+nawl_rank_21+grade_estimate_6,intermediate,intermediate,8.121,29.761,11.541,intermediate_seed,intermediate_6_to_8.csv
relate,6,6-8,intermediate_6_to_8,642,149,false,v,tier1_ngsl_general+ngsl_rank_642+grade_estimate_6,intermediate,intermediate,9.121,29.761,8.941,intermediate_seed,intermediate_6_to_8.csv
conserve,7,6-8,intermediate_6_to_8,539,27,true,n,tier2_nawl_academic+nawl_rank_539+grade_estimate_7,intermediate,intermediate,5.941,29.755,11.798,intermediate_seed,intermediate_6_to_8.csv
primer,7,6-8,intermediate_6_to_8,540,27,true,n,tier2_nawl_academic+nawl_rank_540+grade_estimate_7,intermediate,intermediate,6.741,29.755,11.098,intermediate_seed,intermediate_6_to_8.csv
grasp,7,6-8,intermediate_6_to_8,541,27,true,n,tier2_nawl_academic+nawl_rank_541+grade_estimate_7,intermediate,intermediate,6.741,29.755,11.098,intermediate_seed,intermediate_6_to_8.csv
traditionally,7,6-8,intermediate_6_to_8,546,27,true,adv,tier2_nawl_academic+nawl_rank_546+grade_estimate_7,intermediate,intermediate,5.941,29.755,13.298,intermediate_seed,intermediate_6_to_8.csv
prompt,8,6-8,intermediate_6_to_8,2375,27,false,n,tier1_ngsl_general+ngsl_rank_2375+grade_estimate_8,intermediate,intermediate,4.741,29.755,9.098,intermediate_seed,intermediate_6_to_8.csv
react,8,6-8,intermediate_6_to_8,2377,27,false,v,tier1_ngsl_general+ngsl_rank_2377+grade_estimate_8,intermediate,intermediate,4.741,29.755,9.098,intermediate_seed,intermediate_6_to_8.csv
rescue,8,6-8,intermediate_6_to_8,2381,27,false,n,tier1_ngsl_general+ngsl_rank_2381+grade_estimate_8,intermediate,intermediate,4.741,29.755,9.098,intermediate_seed,intermediate_6_to_8.csv
league,8,6-8,intermediate_6_to_8,2386,27,false,n,tier1_ngsl_general+ngsl_rank_2386+grade_estimate_8,intermediate,intermediate,4.741,29.755,9.098,intermediate_seed,intermediate_6_to_8.csv
dialog,8,6-8,intermediate_6_to_8,2387,27,false,n,tier1_ngsl_general+ngsl_rank_2387+grade_estimate_8,intermediate,intermediate,4.741,29.755,9.098,intermediate_seed,intermediate_6_to_8.csv
cream,8,6-8,intermediate_6_to_8,2388,27,false,n,tier1_ngsl_general+ngsl_rank_2388+grade_estimate_8,intermediate,intermediate,4.741,29.755,9.098,intermediate_seed,intermediate_6_to_8.csv
rapid,8,6-8,intermediate_6_to_8,2389,27,false,n,tier1_ngsl_general+ngsl_rank_2389+grade_estimate_8,intermediate,intermediate,4.741,29.755,9.098,intermediate_seed,intermediate_6_to_8.csv
cancel,8,6-8,intermediate_6_to_8,2390,27,false,n,tier1_ngsl_general+ngsl_rank_2390+grade_estimate_8,intermediate,intermediate,4.741,29.755,9.098,intermediate_seed,intermediate_6_to_8.csv
regret,8,6-8,intermediate_6_to_8,2391,27,false,n,tier1_ngsl_general+ngsl_rank_2391+grade_estimate_8,intermediate,intermediate,4.741,29.755,9.098,intermediate_seed,intermediate_6_to_8.csv
opponent,8,6-8,intermediate_6_to_8,2395,27,false,adj,tier1_ngsl_general+ngsl_rank_2395+grade_estimate_8,intermediate,intermediate,3.941,29.755,9.798,intermediate_seed,intermediate_6_to_8.csv
correspond,8,6-8,intermediate_6_to_8,2399,27,false,n,tier1_ngsl_general+ngsl_rank_2399+grade_estimate_8,intermediate,intermediate,3.941,29.755,9.798,intermediate_seed,intermediate_6_to_8.csv
stroke,8,6-8,intermediate_6_to_8,2400,27,false,n,tier1_ngsl_general+ngsl_rank_2400+grade_estimate_8,intermediate,intermediate,4.741,29.755,9.098,intermediate_seed,intermediate_6_to_8.csv
tendency,8,6-8,intermediate_6_to_8,2408,27,false,n,tier1_ngsl_general+ngsl_rank_2408+grade_estimate_8,intermediate,intermediate,3.941,29.755,9.798,intermediate_seed,intermediate_6_to_8.csv
motor,8,6-8,intermediate_6_to_8,2410,27,false,n,tier1_ngsl_general+ngsl_rank_2410+grade_estimate_8,intermediate,intermediate,4.741,29.755,9.098,intermediate_seed,intermediate_6_to_8.csv
survival,8,6-8,intermediate_6_to_8,2411,27,false,adj,tier1_ngsl_general+ngsl_rank_2411+grade_estimate_8,intermediate,intermediate,3.941,29.755,9.798,intermediate_seed,intermediate_6_to_8.csv
reconstruct,7,6-8,intermediate_6_to_8,549,26,true,n,tier2_nawl_academic+nawl_rank_549+grade_estimate_7,intermediate,intermediate,5.934,29.745,13.289,intermediate_seed,intermediate_6_to_8.csv
revolutionary,7,6-8,intermediate_6_to_8,552,26,true,adj,tier2_nawl_academic+nawl_rank_552+grade_estimate_7,intermediate,intermediate,5.934,29.745,13.289,intermediate_seed,intermediate_6_to_8.csv
motif,7,6-8,intermediate_6_to_8,555,26,true,n,tier2_nawl_academic+nawl_rank_555+grade_estimate_7,intermediate,intermediate,6.734,29.745,11.089,intermediate_seed,intermediate_6_to_8.csv
subtle,7,6-8,intermediate_6_to_8,557,26,true,adj,tier2_nawl_academic+nawl_rank_557+grade_estimate_7,intermediate,intermediate,6.734,29.745,11.089,intermediate_seed,intermediate_6_to_8.csv
hydrogen,7,6-8,intermediate_6_to_8,560,26,true,v,tier2_nawl_academic+nawl_rank_560+grade_estimate_7,intermediate,intermediate,5.934,29.745,11.789,intermediate_seed,intermediate_6_to_8.csv
susceptible,7,6-8,intermediate_6_to_8,562,26,true,adj,tier2_nawl_academic+nawl_rank_562+grade_estimate_7,intermediate,intermediate,5.934,29.745,13.289,intermediate_seed,intermediate_6_to_8.csv
architect,7,6-8,intermediate_6_to_8,563,26,true,n,tier2_nawl_academic+nawl_rank_563+grade_estimate_7,intermediate,intermediate,5.934,29.745,11.789,intermediate_seed,intermediate_6_to_8.csv
coronary,7,6-8,intermediate_6_to_8,564,26,true,adj,tier2_nawl_academic+nawl_rank_564+grade_estimate_7,intermediate,intermediate,5.934,29.745,11.789,intermediate_seed,intermediate_6_to_8.csv
breakdown,7,6-8,intermediate_6_to_8,565,26,true,n,tier2_nawl_academic+nawl_rank_565+grade_estimate_7,intermediate,intermediate,5.934,29.745,11.789,intermediate_seed,intermediate_6_to_8.csv
inject,7,6-8,intermediate_6_to_8,566,26,true,v,tier2_nawl_academic+nawl_rank_566+grade_estimate_7,intermediate,intermediate,6.734,29.745,11.089,intermediate_seed,intermediate_6_to_8.csv
awareness,8,6-8,intermediate_6_to_8,2423,26,false,n,tier1_ngsl_general+ngsl_rank_2423+grade_estimate_8,intermediate,intermediate,3.934,29.745,9.789,intermediate_seed,intermediate_6_to_8.csv
slave,8,6-8,intermediate_6_to_8,2425,26,false,n,tier1_ngsl_general+ngsl_rank_2425+grade_estimate_8,intermediate,intermediate,4.734,29.745,9.089,intermediate_seed,intermediate_6_to_8.csv
random,8,6-8,intermediate_6_to_8,2432,26,false,n,tier1_ngsl_general+ngsl_rank_2432+grade_estimate_8,intermediate,intermediate,4.734,29.745,9.089,intermediate_seed,intermediate_6_to_8.csv
successfully,8,6-8,intermediate_6_to_8,2433,26,false,adv,tier1_ngsl_general+ngsl_rank_2433+grade_estimate_8,intermediate,intermediate,3.934,29.745,11.289,intermediate_seed,intermediate_6_to_8.csv
privilege,8,6-8,intermediate_6_to_8,2437,26,false,n,tier1_ngsl_general+ngsl_rank_2437+grade_estimate_8,intermediate,intermediate,3.934,29.745,9.789,intermediate_seed,intermediate_6_to_8.csv
buyer,8,6-8,intermediate_6_to_8,2438,26,false,n,tier1_ngsl_general+ngsl_rank_2438+grade_estimate_8,intermediate,intermediate,4.734,29.745,9.089,intermediate_seed,intermediate_6_to_8.csv
mutual,8,6-8,intermediate_6_to_8,2439,26,false,adj,tier1_ngsl_general+ngsl_rank_2439+grade_estimate_8,intermediate,intermediate,4.734,29.745,9.089,intermediate_seed,intermediate_6_to_8.csv
laboratory,8,6-8,intermediate_6_to_8,2442,26,false,n,tier1_ngsl_general+ngsl_rank_2442+grade_estimate_8,intermediate,intermediate,3.934,29.745,9.789,intermediate_seed,intermediate_6_to_8.csv
mortgage,8,6-8,intermediate_6_to_8,2443,26,false,n,tier1_ngsl_general+ngsl_rank_2443+grade_estimate_8,intermediate,intermediate,3.934,29.745,9.789,intermediate_seed,intermediate_6_to_8.csv
passion,8,6-8,intermediate_6_to_8,2445,26,false,n,tier1_ngsl_general+ngsl_rank_2445+grade_estimate_8,intermediate,intermediate,3.934,29.745,10.489,intermediate_seed,intermediate_6_to_8.csv
champion,8,6-8,intermediate_6_to_8,2446,26,false,n,tier1_ngsl_general+ngsl_rank_2446+grade_estimate_8,intermediate,intermediate,3.934,29.745,9.789,intermediate_seed,intermediate_6_to_8.csv
province,8,6-8,intermediate_6_to_8,2452,26,false,n,tier1_ngsl_general+ngsl_rank_2452+grade_estimate_8,intermediate,intermediate,3.934,29.745,9.789,intermediate_seed,intermediate_6_to_8.csv
compromise,8,6-8,intermediate_6_to_8,2455,26,false,v,tier1_ngsl_general+ngsl_rank_2455+grade_estimate_8,intermediate,intermediate,3.934,29.745,9.789,intermediate_seed,intermediate_6_to_8.csv
accomplish,8,6-8,intermediate_6_to_8,2456,26,false,adj,tier1_ngsl_general+ngsl_rank_2456+grade_estimate_8,intermediate,intermediate,3.934,29.745,9.789,intermediate_seed,intermediate_6_to_8.csv
weakness,8,6-8,intermediate_6_to_8,2457,26,false,n,tier1_ngsl_general+ngsl_rank_2457+grade_estimate_8,intermediate,intermediate,3.934,29.745,9.789,intermediate_seed,intermediate_6_to_8.csv
opera,8,6-8,intermediate_6_to_8,2461,26,false,n,tier1_ngsl_general+ngsl_rank_2461+grade_estimate_8,intermediate,intermediate,4.734,29.745,9.089,intermediate_seed,intermediate_6_to_8.csv
brush,8,6-8,intermediate_6_to_8,2463,26,false,n,tier1_ngsl_general+ngsl_rank_2463+grade_estimate_8,intermediate,intermediate,4.734,29.745,9.089,intermediate_seed,intermediate_6_to_8.csv
embarrass,8,6-8,intermediate_6_to_8,2464,26,false,n,tier1_ngsl_general+ngsl_rank_2464+grade_estimate_8,intermediate,intermediate,3.934,29.745,9.789,intermediate_seed,intermediate_6_to_8.csv
chest,8,6-8,intermediate_6_to_8,2468,26,false,n,tier1_ngsl_general+ngsl_rank_2468+grade_estimate_8,intermediate,intermediate,4.734,29.745,9.089,intermediate_seed,intermediate_6_to_8.csv
literary,8,6-8,intermediate_6_to_8,2470,26,false,adj,tier1_ngsl_general+ngsl_rank_2470+grade_estimate_8,intermediate,intermediate,3.934,29.745,9.789,intermediate_seed,intermediate_6_to_8.csv
govern,8,6-8,intermediate_6_to_8,2471,26,false,n,tier1_ngsl_general+ngsl_rank_2471+grade_estimate_8,intermediate,intermediate,4.734,29.745,9.089,intermediate_seed,intermediate_6_to_8.csv
influence,6,6-8,intermediate_6_to_8,680,140,false,n,tier1_ngsl_general+ngsl_rank_680+grade_estimate_6,intermediate,intermediate,8.306,29.741,9.623,intermediate_seed,intermediate_6_to_8.csv
management,6,6-8,intermediate_6_to_8,692,138,false,n,tier1_ngsl_general+ngsl_rank_692+grade_estimate_6,intermediate,intermediate,8.302,29.736,9.619,intermediate_seed,intermediate_6_to_8.csv
polar,7,6-8,intermediate_6_to_8,569,25,true,adj,tier2_nawl_academic+nawl_rank_569+grade_estimate_7,intermediate,intermediate,6.726,29.735,11.081,intermediate_seed,intermediate_6_to_8.csv
backward,7,6-8,intermediate_6_to_8,570,25,true,n,tier2_nawl_academic+nawl_rank_570+grade_estimate_7,intermediate,intermediate,5.926,29.735,11.781,intermediate_seed,intermediate_6_to_8.csv
physically,7,6-8,intermediate_6_to_8,574,25,true,adv,tier2_nawl_academic+nawl_rank_574+grade_estimate_7,intermediate,intermediate,5.926,29.735,11.781,intermediate_seed,intermediate_6_to_8.csv
politically,7,6-8,intermediate_6_to_8,576,25,true,adv,tier2_nawl_academic+nawl_rank_576+grade_estimate_7,intermediate,intermediate,5.926,29.735,13.281,intermediate_seed,intermediate_6_to_8.csv
inevitably,7,6-8,intermediate_6_to_8,578,25,true,adv,tier2_nawl_academic+nawl_rank_578+grade_estimate_7,intermediate,intermediate,5.926,29.735,11.781,intermediate_seed,intermediate_6_to_8.csv
expertise,7,6-8,intermediate_6_to_8,580,25,true,v,tier2_nawl_academic+nawl_rank_580+grade_estimate_7,intermediate,intermediate,5.926,29.735,11.781,intermediate_seed,intermediate_6_to_8.csv
inferior,7,6-8,intermediate_6_to_8,581,25,true,n,tier2_nawl_academic+nawl_rank_581+grade_estimate_7,intermediate,intermediate,5.926,29.735,11.781,intermediate_seed,intermediate_6_to_8.csv
actively,7,6-8,intermediate_6_to_8,582,25,true,adv,tier2_nawl_academic+nawl_rank_582+grade_estimate_7,intermediate,intermediate,5.926,29.735,11.781,intermediate_seed,intermediate_6_to_8.csv
historically,7,6-8,intermediate_6_to_8,585,25,true,adv,tier2_nawl_academic+nawl_rank_585+grade_estimate_7,intermediate,intermediate,5.926,29.735,13.281,intermediate_seed,intermediate_6_to_8.csv
praise,8,6-8,intermediate_6_to_8,2473,25,false,v,tier1_ngsl_general+ngsl_rank_2473+grade_estimate_8,intermediate,intermediate,4.726,29.735,9.081,intermediate_seed,intermediate_6_to_8.csv
publisher,8,6-8,intermediate_6_to_8,2476,25,false,n,tier1_ngsl_general+ngsl_rank_2476+grade_estimate_8,intermediate,intermediate,3.926,29.735,9.781,intermediate_seed,intermediate_6_to_8.csv
classical,8,6-8,intermediate_6_to_8,2480,25,false,adj,tier1_ngsl_general+ngsl_rank_2480+grade_estimate_8,intermediate,intermediate,3.926,29.735,9.781,intermediate_seed,intermediate_6_to_8.csv
versus,8,6-8,intermediate_6_to_8,2482,25,false,n,tier1_ngsl_general+ngsl_rank_2482+grade_estimate_8,intermediate,intermediate,4.726,29.735,9.081,intermediate_seed,intermediate_6_to_8.csv
flash,8,6-8,intermediate_6_to_8,2485,25,false,n,tier1_ngsl_general+ngsl_rank_2485+grade_estimate_8,intermediate,intermediate,4.726,29.735,9.081,intermediate_seed,intermediate_6_to_8.csv
literally,8,6-8,intermediate_6_to_8,2488,25,false,adv,tier1_ngsl_general+ngsl_rank_2488+grade_estimate_8,intermediate,intermediate,3.926,29.735,9.781,intermediate_seed,intermediate_6_to_8.csv
entertain,8,6-8,intermediate_6_to_8,2491,25,false,n,tier1_ngsl_general+ngsl_rank_2491+grade_estimate_8,intermediate,intermediate,3.926,29.735,9.781,intermediate_seed,intermediate_6_to_8.csv
fantastic,8,6-8,intermediate_6_to_8,2492,25,false,adj,tier1_ngsl_general+ngsl_rank_2492+grade_estimate_8,intermediate,intermediate,3.926,29.735,9.781,intermediate_seed,intermediate_6_to_8.csv
assign,8,6-8,intermediate_6_to_8,2493,25,false,n,tier1_ngsl_general+ngsl_rank_2493+grade_estimate_8,intermediate,intermediate,4.726,29.735,9.081,intermediate_seed,intermediate_6_to_8.csv
historic,8,6-8,intermediate_6_to_8,2495,25,false,adj,tier1_ngsl_general+ngsl_rank_2495+grade_estimate_8,intermediate,intermediate,3.926,29.735,9.781,intermediate_seed,intermediate_6_to_8.csv
injure,8,6-8,intermediate_6_to_8,2496,25,false,n,tier1_ngsl_general+ngsl_rank_2496+grade_estimate_8,intermediate,intermediate,4.726,29.735,9.081,intermediate_seed,intermediate_6_to_8.csv
personnel,8,6-8,intermediate_6_to_8,2501,25,false,n,tier1_ngsl_general+ngsl_rank_2501+grade_estimate_8,intermediate,intermediate,3.926,29.735,9.781,intermediate_seed,intermediate_6_to_8.csv
disagree,8,6-8,intermediate_6_to_8,2503,25,false,n,tier1_ngsl_general+ngsl_rank_2503+grade_estimate_8,intermediate,intermediate,3.926,29.735,9.781,intermediate_seed,intermediate_6_to_8.csv
throat,8,6-8,intermediate_6_to_8,2504,25,false,n,tier1_ngsl_general+ngsl_rank_2504+grade_estimate_8,intermediate,intermediate,4.726,29.735,9.081,intermediate_seed,intermediate_6_to_8.csv
tackle,8,6-8,intermediate_6_to_8,2506,25,false,n,tier1_ngsl_general+ngsl_rank_2506+grade_estimate_8,intermediate,intermediate,4.726,29.735,9.081,intermediate_seed,intermediate_6_to_8.csv
exceed,8,6-8,intermediate_6_to_8,2508,25,false,v,tier1_ngsl_general+ngsl_rank_2508+grade_estimate_8,intermediate,intermediate,4.726,29.735,9.081,intermediate_seed,intermediate_6_to_8.csv
expenditure,8,6-8,intermediate_6_to_8,2509,25,false,n,tier1_ngsl_general+ngsl_rank_2509+grade_estimate_8,intermediate,intermediate,3.926,29.735,11.281,intermediate_seed,intermediate_6_to_8.csv
pregnant,8,6-8,intermediate_6_to_8,2511,25,false,adj,tier1_ngsl_general+ngsl_rank_2511+grade_estimate_8,intermediate,intermediate,3.926,29.735,9.781,intermediate_seed,intermediate_6_to_8.csv
reliable,8,6-8,intermediate_6_to_8,2512,25,false,adj,tier1_ngsl_general+ngsl_rank_2512+grade_estimate_8,intermediate,intermediate,3.926,29.735,9.781,intermediate_seed,intermediate_6_to_8.csv
ceremony,8,6-8,intermediate_6_to_8,2517,25,false,n,tier1_ngsl_general+ngsl_rank_2517+grade_estimate_8,intermediate,intermediate,3.926,29.735,9.781,intermediate_seed,intermediate_6_to_8.csv
theorem,6,6-8,intermediate_6_to_8,31,135,true,n,tier2_nawl_academic+nawl_rank_31+grade_estimate_6,intermediate,intermediate,6.297,29.729,11.513,intermediate_seed,intermediate_6_to_8.csv
function,6,6-8,intermediate_6_to_8,702,135,false,n,tier1_ngsl_general+ngsl_rank_702+grade_estimate_6,intermediate,intermediate,8.297,29.729,9.613,intermediate_seed,intermediate_6_to_8.csv
environment,6,6-8,intermediate_6_to_8,712,134,false,n,tier1_ngsl_general+ngsl_rank_712+grade_estimate_6,intermediate,intermediate,8.295,29.727,11.111,intermediate_seed,intermediate_6_to_8.csv
textbook,7,6-8,intermediate_6_to_8,586,24,true,n,tier2_nawl_academic+nawl_rank_586+grade_estimate_7,intermediate,intermediate,5.919,29.725,11.772,intermediate_seed,intermediate_6_to_8.csv
bundle,7,6-8,intermediate_6_to_8,587,24,true,n,tier2_nawl_academic+nawl_rank_587+grade_estimate_7,intermediate,intermediate,6.719,29.725,11.072,intermediate_seed,intermediate_6_to_8.csv
elementary,7,6-8,intermediate_6_to_8,588,24,true,adj,tier2_nawl_academic+nawl_rank_588+grade_estimate_7,intermediate,intermediate,5.919,29.725,11.772,intermediate_seed,intermediate_6_to_8.csv
realistic,7,6-8,intermediate_6_to_8,592,24,true,adj,tier2_nawl_academic+nawl_rank_592+grade_estimate_7,intermediate,intermediate,5.919,29.725,11.772,intermediate_seed,intermediate_6_to_8.csv
ruler,7,6-8,intermediate_6_to_8,596,24,true,n,tier2_nawl_academic+nawl_rank_596+grade_estimate_7,intermediate,intermediate,6.719,29.725,11.072,intermediate_seed,intermediate_6_to_8.csv
freely,7,6-8,intermediate_6_to_8,597,24,true,adv,tier2_nawl_academic+nawl_rank_597+grade_estimate_7,intermediate,intermediate,6.719,29.725,11.072,intermediate_seed,intermediate_6_to_8.csv
intervene,7,6-8,intermediate_6_to_8,601,24,true,n,tier2_nawl_academic+nawl_rank_601+grade_estimate_7,intermediate,intermediate,5.919,29.725,11.772,intermediate_seed,intermediate_6_to_8.csv
profound,7,6-8,intermediate_6_to_8,607,24,true,n,tier2_nawl_academic+nawl_rank_607+grade_estimate_7,intermediate,intermediate,5.919,29.725,11.772,intermediate_seed,intermediate_6_to_8.csv
automatically,8,6-8,intermediate_6_to_8,2521,24,false,adv,tier1_ngsl_general+ngsl_rank_2521+grade_estimate_8,intermediate,intermediate,3.919,29.725,11.272,intermediate_seed,intermediate_6_to_8.csv
psychological,8,6-8,intermediate_6_to_8,2523,24,false,adj,tier1_ngsl_general+ngsl_rank_2523+grade_estimate_8,intermediate,intermediate,3.919,29.725,11.272,intermediate_seed,intermediate_6_to_8.csv
dramatically,8,6-8,intermediate_6_to_8,2524,24,false,adv,tier1_ngsl_general+ngsl_rank_2524+grade_estimate_8,intermediate,intermediate,3.919,29.725,11.272,intermediate_seed,intermediate_6_to_8.csv
stake,8,6-8,intermediate_6_to_8,2525,24,false,n,tier1_ngsl_general+ngsl_rank_2525+grade_estimate_8,intermediate,intermediate,4.719,29.725,9.072,intermediate_seed,intermediate_6_to_8.csv
fancy,8,6-8,intermediate_6_to_8,2532,24,false,n,tier1_ngsl_general+ngsl_rank_2532+grade_estimate_8,intermediate,intermediate,4.719,29.725,9.072,intermediate_seed,intermediate_6_to_8.csv
poetry,8,6-8,intermediate_6_to_8,2533,24,false,n,tier1_ngsl_general+ngsl_rank_2533+grade_estimate_8,intermediate,intermediate,4.719,29.725,9.072,intermediate_seed,intermediate_6_to_8.csv
clothing,8,6-8,intermediate_6_to_8,2535,24,false,v,tier1_ngsl_general+ngsl_rank_2535+grade_estimate_8,intermediate,intermediate,3.919,29.725,9.772,intermediate_seed,intermediate_6_to_8.csv
evolve,8,6-8,intermediate_6_to_8,2536,24,false,v,tier1_ngsl_general+ngsl_rank_2536+grade_estimate_8,intermediate,intermediate,4.719,29.725,9.072,intermediate_seed,intermediate_6_to_8.csv
boost,8,6-8,intermediate_6_to_8,2539,24,false,n,tier1_ngsl_general+ngsl_rank_2539+grade_estimate_8,intermediate,intermediate,4.719,29.725,9.072,intermediate_seed,intermediate_6_to_8.csv
curious,8,6-8,intermediate_6_to_8,2543,24,false,adj,tier1_ngsl_general+ngsl_rank_2543+grade_estimate_8,intermediate,intermediate,3.919,29.725,10.472,intermediate_seed,intermediate_6_to_8.csv
wooden,8,6-8,intermediate_6_to_8,2544,24,false,v,tier1_ngsl_general+ngsl_rank_2544+grade_estimate_8,intermediate,intermediate,4.719,29.725,9.072,intermediate_seed,intermediate_6_to_8.csv
democratic,8,6-8,intermediate_6_to_8,2547,24,false,adj,tier1_ngsl_general+ngsl_rank_2547+grade_estimate_8,intermediate,intermediate,3.919,29.725,9.772,intermediate_seed,intermediate_6_to_8.csv
consequently,8,6-8,intermediate_6_to_8,2549,24,false,adv,tier1_ngsl_general+ngsl_rank_2549+grade_estimate_8,intermediate,intermediate,3.919,29.725,11.272,intermediate_seed,intermediate_6_to_8.csv
strengthen,8,6-8,intermediate_6_to_8,2552,24,false,v,tier1_ngsl_general+ngsl_rank_2552+grade_estimate_8,intermediate,intermediate,3.919,29.725,9.772,intermediate_seed,intermediate_6_to_8.csv
whilst,8,6-8,intermediate_6_to_8,2553,24,false,n,tier1_ngsl_general+ngsl_rank_2553+grade_estimate_8,intermediate,intermediate,4.719,29.725,9.072,intermediate_seed,intermediate_6_to_8.csv
constraint,8,6-8,intermediate_6_to_8,2554,24,false,n,tier1_ngsl_general+ngsl_rank_2554+grade_estimate_8,intermediate,intermediate,3.919,29.725,9.772,intermediate_seed,intermediate_6_to_8.csv
potentially,8,6-8,intermediate_6_to_8,2558,24,false,adv,tier1_ngsl_general+ngsl_rank_2558+grade_estimate_8,intermediate,intermediate,3.919,29.725,11.272,intermediate_seed,intermediate_6_to_8.csv
scope,8,6-8,intermediate_6_to_8,2559,24,false,n,tier1_ngsl_general+ngsl_rank_2559+grade_estimate_8,intermediate,intermediate,4.719,29.725,9.072,intermediate_seed,intermediate_6_to_8.csv
allege,8,6-8,intermediate_6_to_8,2562,24,false,n,tier1_ngsl_general+ngsl_rank_2562+grade_estimate_8,intermediate,intermediate,4.719,29.725,9.072,intermediate_seed,intermediate_6_to_8.csv
resign,8,6-8,intermediate_6_to_8,2566,24,false,n,tier1_ngsl_general+ngsl_rank_2566+grade_estimate_8,intermediate,intermediate,4.719,29.725,9.072,intermediate_seed,intermediate_6_to_8.csv
strict,8,6-8,intermediate_6_to_8,2568,24,false,n,tier1_ngsl_general+ngsl_rank_2568+grade_estimate_8,intermediate,intermediate,4.719,29.725,9.072,intermediate_seed,intermediate_6_to_8.csv
concrete,8,6-8,intermediate_6_to_8,2569,24,false,n,tier1_ngsl_general+ngsl_rank_2569+grade_estimate_8,intermediate,intermediate,3.919,29.725,9.772,intermediate_seed,intermediate_6_to_8.csv
humor,8,6-8,intermediate_6_to_8,2573,24,false,n,tier1_ngsl_general+ngsl_rank_2573+grade_estimate_8,intermediate,intermediate,4.719,29.725,9.072,intermediate_seed,intermediate_6_to_8.csv
production,6,6-8,intermediate_6_to_8,713,133,false,n,tier1_ngsl_general+ngsl_rank_713+grade_estimate_6,intermediate,intermediate,8.293,29.724,9.609,intermediate_seed,intermediate_6_to_8.csv
genetics,7,6-8,intermediate_6_to_8,610,23,true,n,tier2_nawl_academic+nawl_rank_610+grade_estimate_7,intermediate,intermediate,5.911,29.715,11.763,intermediate_seed,intermediate_6_to_8.csv
proton,7,6-8,intermediate_6_to_8,611,23,true,n,tier2_nawl_academic+nawl_rank_611+grade_estimate_7,intermediate,intermediate,6.711,29.715,11.063,intermediate_seed,intermediate_6_to_8.csv
respiratory,7,6-8,intermediate_6_to_8,616,23,true,adj,tier2_nawl_academic+nawl_rank_616+grade_estimate_7,intermediate,intermediate,5.911,29.715,13.263,intermediate_seed,intermediate_6_to_8.csv
contradict,7,6-8,intermediate_6_to_8,622,23,true,n,tier2_nawl_academic+nawl_rank_622+grade_estimate_7,intermediate,intermediate,5.911,29.715,11.763,intermediate_seed,intermediate_6_to_8.csv
cheese,8,6-8,intermediate_6_to_8,2585,23,false,n,tier1_ngsl_general+ngsl_rank_2585+grade_estimate_8,intermediate,intermediate,4.711,29.715,9.063,intermediate_seed,intermediate_6_to_8.csv
guitar,8,6-8,intermediate_6_to_8,2589,23,false,n,tier1_ngsl_general+ngsl_rank_2589+grade_estimate_8,intermediate,intermediate,4.711,29.715,9.063,intermediate_seed,intermediate_6_to_8.csv
magic,8,6-8,intermediate_6_to_8,2592,23,false,adj,tier1_ngsl_general+ngsl_rank_2592+grade_estimate_8,intermediate,intermediate,4.711,29.715,9.063,intermediate_seed,intermediate_6_to_8.csv
presumably,8,6-8,intermediate_6_to_8,2600,23,false,adv,tier1_ngsl_general+ngsl_rank_2600+grade_estimate_8,intermediate,intermediate,3.911,29.715,9.763,intermediate_seed,intermediate_6_to_8.csv
bless,8,6-8,intermediate_6_to_8,2601,23,false,adj,tier1_ngsl_general+ngsl_rank_2601+grade_estimate_8,intermediate,intermediate,4.711,29.715,9.063,intermediate_seed,intermediate_6_to_8.csv
grandmother,8,6-8,intermediate_6_to_8,2604,23,false,n,tier1_ngsl_general+ngsl_rank_2604+grade_estimate_8,intermediate,intermediate,3.911,29.715,11.263,intermediate_seed,intermediate_6_to_8.csv
civilian,8,6-8,intermediate_6_to_8,2607,23,false,n,tier1_ngsl_general+ngsl_rank_2607+grade_estimate_8,intermediate,intermediate,3.911,29.715,9.763,intermediate_seed,intermediate_6_to_8.csv
regardless,8,6-8,intermediate_6_to_8,2610,23,false,adj,tier1_ngsl_general+ngsl_rank_2610+grade_estimate_8,intermediate,intermediate,3.911,29.715,9.763,intermediate_seed,intermediate_6_to_8.csv
bunch,8,6-8,intermediate_6_to_8,2612,23,false,n,tier1_ngsl_general+ngsl_rank_2612+grade_estimate_8,intermediate,intermediate,4.711,29.715,9.063,intermediate_seed,intermediate_6_to_8.csv
greet,8,6-8,intermediate_6_to_8,2614,23,false,n,tier1_ngsl_general+ngsl_rank_2614+grade_estimate_8,intermediate,intermediate,4.711,29.715,9.063,intermediate_seed,intermediate_6_to_8.csv
hopefully,8,6-8,intermediate_6_to_8,2615,23,false,adv,tier1_ngsl_general+ngsl_rank_2615+grade_estimate_8,intermediate,intermediate,3.911,29.715,9.763,intermediate_seed,intermediate_6_to_8.csv
trick,8,6-8,intermediate_6_to_8,2617,23,false,n,tier1_ngsl_general+ngsl_rank_2617+grade_estimate_8,intermediate,intermediate,4.711,29.715,9.063,intermediate_seed,intermediate_6_to_8.csv
maker,8,6-8,intermediate_6_to_8,2619,23,false,n,tier1_ngsl_general+ngsl_rank_2619+grade_estimate_8,intermediate,intermediate,4.711,29.715,9.063,intermediate_seed,intermediate_6_to_8.csv
tissue,8,6-8,intermediate_6_to_8,2625,23,false,n,tier1_ngsl_general+ngsl_rank_2625+grade_estimate_8,intermediate,intermediate,4.711,29.715,9.063,intermediate_seed,intermediate_6_to_8.csv
barely,8,6-8,intermediate_6_to_8,2626,23,false,adv,tier1_ngsl_general+ngsl_rank_2626+grade_estimate_8,intermediate,intermediate,4.711,29.715,9.063,intermediate_seed,intermediate_6_to_8.csv
invent,8,6-8,intermediate_6_to_8,2627,23,false,adj,tier1_ngsl_general+ngsl_rank_2627+grade_estimate_8,intermediate,intermediate,4.711,29.715,9.063,intermediate_seed,intermediate_6_to_8.csv
tourism,8,6-8,intermediate_6_to_8,2628,23,false,n,tier1_ngsl_general+ngsl_rank_2628+grade_estimate_8,intermediate,intermediate,3.911,29.715,10.463,intermediate_seed,intermediate_6_to_8.csv
stair,8,6-8,intermediate_6_to_8,2630,23,false,n,tier1_ngsl_general+ngsl_rank_2630+grade_estimate_8,intermediate,intermediate,4.711,29.715,9.063,intermediate_seed,intermediate_6_to_8.csv
shine,8,6-8,intermediate_6_to_8,2632,23,false,n,tier1_ngsl_general+ngsl_rank_2632+grade_estimate_8,intermediate,intermediate,4.711,29.715,9.063,intermediate_seed,intermediate_6_to_8.csv
recognize,6,6-8,intermediate_6_to_8,733,129,false,v,tier1_ngsl_general+ngsl_rank_733+grade_estimate_6,intermediate,intermediate,8.286,29.714,9.6,intermediate_seed,intermediate_6_to_8.csv
department,6,6-8,intermediate_6_to_8,736,128,false,n,tier1_ngsl_general+ngsl_rank_736+grade_estimate_6,intermediate,intermediate,8.284,29.712,9.598,intermediate_seed,intermediate_6_to_8.csv
election,6,6-8,intermediate_6_to_8,757,126,false,n,tier1_ngsl_general+ngsl_rank_757+grade_estimate_6,intermediate,intermediate,8.28,29.707,9.593,intermediate_seed,intermediate_6_to_8.csv
interfere,7,6-8,intermediate_6_to_8,623,22,true,n,tier2_nawl_academic+nawl_rank_623+grade_estimate_7,intermediate,intermediate,5.903,29.704,11.754,intermediate_seed,intermediate_6_to_8.csv
trauma,7,6-8,intermediate_6_to_8,624,22,true,n,tier2_nawl_academic+nawl_rank_624+grade_estimate_7,intermediate,intermediate,6.703,29.704,11.054,intermediate_seed,intermediate_6_to_8.csv
upward,7,6-8,intermediate_6_to_8,625,22,true,n,tier2_nawl_academic+nawl_rank_625+grade_estimate_7,intermediate,intermediate,6.703,29.704,11.054,intermediate_seed,intermediate_6_to_8.csv
gross,7,6-8,intermediate_6_to_8,626,22,true,n,tier2_nawl_academic+nawl_rank_626+grade_estimate_7,intermediate,intermediate,6.703,29.704,11.054,intermediate_seed,intermediate_6_to_8.csv
continent,7,6-8,intermediate_6_to_8,629,22,true,adj,tier2_nawl_academic+nawl_rank_629+grade_estimate_7,intermediate,intermediate,5.903,29.704,11.754,intermediate_seed,intermediate_6_to_8.csv
viable,7,6-8,intermediate_6_to_8,631,22,true,adj,tier2_nawl_academic+nawl_rank_631+grade_estimate_7,intermediate,intermediate,6.703,29.704,11.054,intermediate_seed,intermediate_6_to_8.csv
retrieve,7,6-8,intermediate_6_to_8,633,22,true,n,tier2_nawl_academic+nawl_rank_633+grade_estimate_7,intermediate,intermediate,5.903,29.704,11.754,intermediate_seed,intermediate_6_to_8.csv
stereotype,7,6-8,intermediate_6_to_8,636,22,true,n,tier2_nawl_academic+nawl_rank_636+grade_estimate_7,intermediate,intermediate,5.903,29.704,11.754,intermediate_seed,intermediate_6_to_8.csv
romantic,8,6-8,intermediate_6_to_8,2634,22,false,adj,tier1_ngsl_general+ngsl_rank_2634+grade_estimate_8,intermediate,intermediate,3.903,29.704,9.754,intermediate_seed,intermediate_6_to_8.csv
firmly,8,6-8,intermediate_6_to_8,2635,22,false,adv,tier1_ngsl_general+ngsl_rank_2635+grade_estimate_8,intermediate,intermediate,4.703,29.704,9.054,intermediate_seed,intermediate_6_to_8.csv
interior,8,6-8,intermediate_6_to_8,2636,22,false,n,tier1_ngsl_general+ngsl_rank_2636+grade_estimate_8,intermediate,intermediate,3.903,29.704,9.754,intermediate_seed,intermediate_6_to_8.csv
excess,8,6-8,intermediate_6_to_8,2643,22,false,n,tier1_ngsl_general+ngsl_rank_2643+grade_estimate_8,intermediate,intermediate,4.703,29.704,9.054,intermediate_seed,intermediate_6_to_8.csv
surprisingly,8,6-8,intermediate_6_to_8,2646,22,false,adv,tier1_ngsl_general+ngsl_rank_2646+grade_estimate_8,intermediate,intermediate,3.903,29.704,11.254,intermediate_seed,intermediate_6_to_8.csv
differently,8,6-8,intermediate_6_to_8,2650,22,false,adv,tier1_ngsl_general+ngsl_rank_2650+grade_estimate_8,intermediate,intermediate,3.903,29.704,11.254,intermediate_seed,intermediate_6_to_8.csv
guideline,8,6-8,intermediate_6_to_8,2655,22,false,n,tier1_ngsl_general+ngsl_rank_2655+grade_estimate_8,intermediate,intermediate,3.903,29.704,9.754,intermediate_seed,intermediate_6_to_8.csv
biological,8,6-8,intermediate_6_to_8,2658,22,false,adj,tier1_ngsl_general+ngsl_rank_2658+grade_estimate_8,intermediate,intermediate,3.903,29.704,9.754,intermediate_seed,intermediate_6_to_8.csv
luxury,8,6-8,intermediate_6_to_8,2660,22,false,n,tier1_ngsl_general+ngsl_rank_2660+grade_estimate_8,intermediate,intermediate,4.703,29.704,9.054,intermediate_seed,intermediate_6_to_8.csv
wherever,8,6-8,intermediate_6_to_8,2662,22,false,n,tier1_ngsl_general+ngsl_rank_2662+grade_estimate_8,intermediate,intermediate,3.903,29.704,9.754,intermediate_seed,intermediate_6_to_8.csv
anxious,8,6-8,intermediate_6_to_8,2666,22,false,adj,tier1_ngsl_general+ngsl_rank_2666+grade_estimate_8,intermediate,intermediate,3.903,29.704,10.454,intermediate_seed,intermediate_6_to_8.csv
altogether,8,6-8,intermediate_6_to_8,2678,22,false,adv,tier1_ngsl_general+ngsl_rank_2678+grade_estimate_8,intermediate,intermediate,3.903,29.704,9.754,intermediate_seed,intermediate_6_to_8.csv
spatial,6,6-8,intermediate_6_to_8,38,123,true,adj,tier2_nawl_academic+nawl_rank_38+grade_estimate_6,intermediate,intermediate,6.274,29.699,11.487,intermediate_seed,intermediate_6_to_8.csv
antibiotic,7,6-8,intermediate_6_to_8,641,21,true,adj,tier2_nawl_academic+nawl_rank_641+grade_estimate_7,intermediate,intermediate,5.895,29.693,11.744,intermediate_seed,intermediate_6_to_8.csv
chemistry,7,6-8,intermediate_6_to_8,643,21,true,n,tier2_nawl_academic+nawl_rank_643+grade_estimate_7,intermediate,intermediate,5.895,29.693,11.744,intermediate_seed,intermediate_6_to_8.csv
axiom,7,6-8,intermediate_6_to_8,645,21,true,n,tier2_nawl_academic+nawl_rank_645+grade_estimate_7,intermediate,intermediate,6.695,29.693,11.044,intermediate_seed,intermediate_6_to_8.csv
fracture,7,6-8,intermediate_6_to_8,647,21,true,n,tier2_nawl_academic+nawl_rank_647+grade_estimate_7,intermediate,intermediate,5.895,29.693,11.744,intermediate_seed,intermediate_6_to_8.csv
transplant,7,6-8,intermediate_6_to_8,648,21,true,adj,tier2_nawl_academic+nawl_rank_648+grade_estimate_7,intermediate,intermediate,5.895,29.693,11.744,intermediate_seed,intermediate_6_to_8.csv
epidemic,8,6-8,intermediate_6_to_8,651,21,true,adj,tier2_nawl_academic+nawl_rank_651+grade_estimate_8,intermediate,intermediate,5.895,29.693,11.744,intermediate_seed,intermediate_6_to_8.csv
logic,8,6-8,intermediate_6_to_8,2684,21,false,adj,tier1_ngsl_general+ngsl_rank_2684+grade_estimate_8,intermediate,intermediate,4.695,29.693,9.044,intermediate_seed,intermediate_6_to_8.csv
controversial,8,6-8,intermediate_6_to_8,2685,21,false,adj,tier1_ngsl_general+ngsl_rank_2685+grade_estimate_8,intermediate,intermediate,3.895,29.693,11.244,intermediate_seed,intermediate_6_to_8.csv
panic,8,6-8,intermediate_6_to_8,2693,21,false,adj,tier1_ngsl_general+ngsl_rank_2693+grade_estimate_8,intermediate,intermediate,4.695,29.693,9.044,intermediate_seed,intermediate_6_to_8.csv
slope,8,6-8,intermediate_6_to_8,2696,21,false,n,tier1_ngsl_general+ngsl_rank_2696+grade_estimate_8,intermediate,intermediate,4.695,29.693,9.044,intermediate_seed,intermediate_6_to_8.csv
vessel,8,6-8,intermediate_6_to_8,2699,21,false,n,tier1_ngsl_general+ngsl_rank_2699+grade_estimate_8,intermediate,intermediate,4.695,29.693,9.044,intermediate_seed,intermediate_6_to_8.csv
reckon,8,6-8,intermediate_6_to_8,2701,21,false,n,tier1_ngsl_general+ngsl_rank_2701+grade_estimate_8,intermediate,intermediate,4.695,29.693,9.044,intermediate_seed,intermediate_6_to_8.csv
silly,8,6-8,intermediate_6_to_8,2702,21,false,adv,tier1_ngsl_general+ngsl_rank_2702+grade_estimate_8,intermediate,intermediate,4.695,29.693,9.044,intermediate_seed,intermediate_6_to_8.csv
chase,8,6-8,intermediate_6_to_8,2706,21,false,n,tier1_ngsl_general+ngsl_rank_2706+grade_estimate_8,intermediate,intermediate,4.695,29.693,9.044,intermediate_seed,intermediate_6_to_8.csv
sheep,8,6-8,intermediate_6_to_8,2710,21,false,n,tier1_ngsl_general+ngsl_rank_2710+grade_estimate_8,intermediate,intermediate,4.695,29.693,9.044,intermediate_seed,intermediate_6_to_8.csv
lover,8,6-8,intermediate_6_to_8,2711,21,false,n,tier1_ngsl_general+ngsl_rank_2711+grade_estimate_8,intermediate,intermediate,4.695,29.693,9.044,intermediate_seed,intermediate_6_to_8.csv
innocent,8,6-8,intermediate_6_to_8,2714,21,false,adj,tier1_ngsl_general+ngsl_rank_2714+grade_estimate_8,intermediate,intermediate,3.895,29.693,9.744,intermediate_seed,intermediate_6_to_8.csv
reasonably,8,6-8,intermediate_6_to_8,2718,21,false,adv,tier1_ngsl_general+ngsl_rank_2718+grade_estimate_8,intermediate,intermediate,3.895,29.693,9.744,intermediate_seed,intermediate_6_to_8.csv
filter,8,6-8,intermediate_6_to_8,2719,21,false,n,tier1_ngsl_general+ngsl_rank_2719+grade_estimate_8,intermediate,intermediate,4.695,29.693,9.044,intermediate_seed,intermediate_6_to_8.csv
flexible,8,6-8,intermediate_6_to_8,2720,21,false,adj,tier1_ngsl_general+ngsl_rank_2720+grade_estimate_8,intermediate,intermediate,3.895,29.693,9.744,intermediate_seed,intermediate_6_to_8.csv
abstract,8,6-8,intermediate_6_to_8,2721,21,false,n,tier1_ngsl_general+ngsl_rank_2721+grade_estimate_8,intermediate,intermediate,3.895,29.693,9.744,intermediate_seed,intermediate_6_to_8.csv
television,6,6-8,intermediate_6_to_8,795,120,false,n,tier1_ngsl_general+ngsl_rank_795+grade_estimate_6,intermediate,intermediate,8.268,29.691,9.58,intermediate_seed,intermediate_6_to_8.csv
treatment,6,6-8,intermediate_6_to_8,811,117,false,n,tier1_ngsl_general+ngsl_rank_811+grade_estimate_6,intermediate,intermediate,8.262,29.683,9.573,intermediate_seed,intermediate_6_to_8.csv
irrelevant,8,6-8,intermediate_6_to_8,653,20,true,adj,tier2_nawl_academic+nawl_rank_653+grade_estimate_8,intermediate,intermediate,5.886,29.682,11.734,intermediate_seed,intermediate_6_to_8.csv
mechanic,8,6-8,intermediate_6_to_8,654,20,true,adj,tier2_nawl_academic+nawl_rank_654+grade_estimate_8,intermediate,intermediate,5.886,29.682,11.734,intermediate_seed,intermediate_6_to_8.csv
dissolve,8,6-8,intermediate_6_to_8,656,20,true,n,tier2_nawl_academic+nawl_rank_656+grade_estimate_8,intermediate,intermediate,5.886,29.682,11.734,intermediate_seed,intermediate_6_to_8.csv
nonetheless,8,6-8,intermediate_6_to_8,658,20,true,adj,tier2_nawl_academic+nawl_rank_658+grade_estimate_8,intermediate,intermediate,5.886,29.682,13.234,intermediate_seed,intermediate_6_to_8.csv
individually,8,6-8,intermediate_6_to_8,661,20,true,adv,tier2_nawl_academic+nawl_rank_661+grade_estimate_8,intermediate,intermediate,5.886,29.682,13.234,intermediate_seed,intermediate_6_to_8.csv
trans,8,6-8,intermediate_6_to_8,663,20,true,n,tier2_nawl_academic+nawl_rank_663+grade_estimate_8,intermediate,intermediate,6.686,29.682,11.034,intermediate_seed,intermediate_6_to_8.csv
stranger,8,6-8,intermediate_6_to_8,2725,20,false,n,tier1_ngsl_general+ngsl_rank_2725+grade_estimate_8,intermediate,intermediate,3.886,29.682,9.734,intermediate_seed,intermediate_6_to_8.csv
shade,8,6-8,intermediate_6_to_8,2726,20,false,n,tier1_ngsl_general+ngsl_rank_2726+grade_estimate_8,intermediate,intermediate,4.686,29.682,9.034,intermediate_seed,intermediate_6_to_8.csv
grain,8,6-8,intermediate_6_to_8,2727,20,false,n,tier1_ngsl_general+ngsl_rank_2727+grade_estimate_8,intermediate,intermediate,4.686,29.682,9.034,intermediate_seed,intermediate_6_to_8.csv
situate,8,6-8,intermediate_6_to_8,2728,20,false,v,tier1_ngsl_general+ngsl_rank_2728+grade_estimate_8,intermediate,intermediate,3.886,29.682,10.434,intermediate_seed,intermediate_6_to_8.csv
uncertainty,8,6-8,intermediate_6_to_8,2734,20,false,n,tier1_ngsl_general+ngsl_rank_2734+grade_estimate_8,intermediate,intermediate,3.886,29.682,11.234,intermediate_seed,intermediate_6_to_8.csv
swear,8,6-8,intermediate_6_to_8,2735,20,false,n,tier1_ngsl_general+ngsl_rank_2735+grade_estimate_8,intermediate,intermediate,4.686,29.682,9.034,intermediate_seed,intermediate_6_to_8.csv
shore,8,6-8,intermediate_6_to_8,2737,20,false,n,tier1_ngsl_general+ngsl_rank_2737+grade_estimate_8,intermediate,intermediate,4.686,29.682,9.034,intermediate_seed,intermediate_6_to_8.csv
comprise,8,6-8,intermediate_6_to_8,2739,20,false,v,tier1_ngsl_general+ngsl_rank_2739+grade_estimate_8,intermediate,intermediate,3.886,29.682,9.734,intermediate_seed,intermediate_6_to_8.csv
pregnancy,8,6-8,intermediate_6_to_8,2743,20,false,n,tier1_ngsl_general+ngsl_rank_2743+grade_estimate_8,intermediate,intermediate,3.886,29.682,9.734,intermediate_seed,intermediate_6_to_8.csv
experimental,8,6-8,intermediate_6_to_8,2744,20,false,adj,tier1_ngsl_general+ngsl_rank_2744+grade_estimate_8,intermediate,intermediate,3.886,29.682,11.234,intermediate_seed,intermediate_6_to_8.csv
institutional,8,6-8,intermediate_6_to_8,2745,20,false,adj,tier1_ngsl_general+ngsl_rank_2745+grade_estimate_8,intermediate,intermediate,3.886,29.682,11.234,intermediate_seed,intermediate_6_to_8.csv
slice,8,6-8,intermediate_6_to_8,2746,20,false,n,tier1_ngsl_general+ngsl_rank_2746+grade_estimate_8,intermediate,intermediate,4.686,29.682,9.034,intermediate_seed,intermediate_6_to_8.csv
wander,8,6-8,intermediate_6_to_8,2747,20,false,n,tier1_ngsl_general+ngsl_rank_2747+grade_estimate_8,intermediate,intermediate,4.686,29.682,9.034,intermediate_seed,intermediate_6_to_8.csv
empire,8,6-8,intermediate_6_to_8,2748,20,false,n,tier1_ngsl_general+ngsl_rank_2748+grade_estimate_8,intermediate,intermediate,4.686,29.682,9.034,intermediate_seed,intermediate_6_to_8.csv
subsequently,8,6-8,intermediate_6_to_8,2749,20,false,adv,tier1_ngsl_general+ngsl_rank_2749+grade_estimate_8,intermediate,intermediate,3.886,29.682,11.234,intermediate_seed,intermediate_6_to_8.csv
investment,6,6-8,intermediate_6_to_8,822,116,false,n,tier1_ngsl_general+ngsl_rank_822+grade_estimate_6,intermediate,intermediate,8.26,29.68,9.57,intermediate_seed,intermediate_6_to_8.csv
lexical,6,6-8,intermediate_6_to_8,44,115,true,adj,tier2_nawl_academic+nawl_rank_44+grade_estimate_6,intermediate,intermediate,6.258,29.678,11.468,intermediate_seed,intermediate_6_to_8.csv
relation,6,6-8,intermediate_6_to_8,833,114,false,n,tier1_ngsl_general+ngsl_rank_833+grade_estimate_6,intermediate,intermediate,8.256,29.675,9.565,intermediate_seed,intermediate_6_to_8.csv
diary,8,6-8,intermediate_6_to_8,665,19,true,adj,tier2_nawl_academic+nawl_rank_665+grade_estimate_8,intermediate,intermediate,6.677,29.67,11.024,intermediate_seed,intermediate_6_to_8.csv
treaty,8,6-8,intermediate_6_to_8,666,19,true,n,tier2_nawl_academic+nawl_rank_666+grade_estimate_8,intermediate,intermediate,6.677,29.67,11.024,intermediate_seed,intermediate_6_to_8.csv
kidney,8,6-8,intermediate_6_to_8,673,19,true,n,tier2_nawl_academic+nawl_rank_673+grade_estimate_8,intermediate,intermediate,6.677,29.67,11.024,intermediate_seed,intermediate_6_to_8.csv
predator,8,6-8,intermediate_6_to_8,674,19,true,n,tier2_nawl_academic+nawl_rank_674+grade_estimate_8,intermediate,intermediate,5.877,29.67,11.724,intermediate_seed,intermediate_6_to_8.csv
functional,8,6-8,intermediate_6_to_8,2755,19,false,adj,tier1_ngsl_general+ngsl_rank_2755+grade_estimate_8,intermediate,intermediate,3.877,29.67,9.724,intermediate_seed,intermediate_6_to_8.csv
voluntary,8,6-8,intermediate_6_to_8,2756,19,false,adj,tier1_ngsl_general+ngsl_rank_2756+grade_estimate_8,intermediate,intermediate,3.877,29.67,9.724,intermediate_seed,intermediate_6_to_8.csv
stain,8,6-8,intermediate_6_to_8,2758,19,false,n,tier1_ngsl_general+ngsl_rank_2758+grade_estimate_8,intermediate,intermediate,4.677,29.67,9.024,intermediate_seed,intermediate_6_to_8.csv
tongue,8,6-8,intermediate_6_to_8,2761,19,false,n,tier1_ngsl_general+ngsl_rank_2761+grade_estimate_8,intermediate,intermediate,4.677,29.67,9.024,intermediate_seed,intermediate_6_to_8.csv
server,8,6-8,intermediate_6_to_8,2762,19,false,n,tier1_ngsl_general+ngsl_rank_2762+grade_estimate_8,intermediate,intermediate,4.677,29.67,9.024,intermediate_seed,intermediate_6_to_8.csv
structural,8,6-8,intermediate_6_to_8,2763,19,false,adj,tier1_ngsl_general+ngsl_rank_2763+grade_estimate_8,intermediate,intermediate,3.877,29.67,9.724,intermediate_seed,intermediate_6_to_8.csv
alongside,8,6-8,intermediate_6_to_8,2766,19,false,n,tier1_ngsl_general+ngsl_rank_2766+grade_estimate_8,intermediate,intermediate,3.877,29.67,9.724,intermediate_seed,intermediate_6_to_8.csv
gently,8,6-8,intermediate_6_to_8,2768,19,false,adv,tier1_ngsl_general+ngsl_rank_2768+grade_estimate_8,intermediate,intermediate,4.677,29.67,9.024,intermediate_seed,intermediate_6_to_8.csv
weird,8,6-8,intermediate_6_to_8,2771,19,false,n,tier1_ngsl_general+ngsl_rank_2771+grade_estimate_8,intermediate,intermediate,4.677,29.67,9.024,intermediate_seed,intermediate_6_to_8.csv
hypothesis,8,6-8,intermediate_6_to_8,2775,19,false,n,tier1_ngsl_general+ngsl_rank_2775+grade_estimate_8,intermediate,intermediate,3.877,29.67,9.724,intermediate_seed,intermediate_6_to_8.csv
theoretical,8,6-8,intermediate_6_to_8,2777,19,false,adj,tier1_ngsl_general+ngsl_rank_2777+grade_estimate_8,intermediate,intermediate,3.877,29.67,11.224,intermediate_seed,intermediate_6_to_8.csv
operation,6,6-8,intermediate_6_to_8,849,112,false,n,tier1_ngsl_general+ngsl_rank_849+grade_estimate_6,intermediate,intermediate,8.252,29.669,9.56,intermediate_seed,intermediate_6_to_8.csv
option,6,6-8,intermediate_6_to_8,860,110,false,n,tier1_ngsl_general+ngsl_rank_860+grade_estimate_6,intermediate,intermediate,9.048,29.663,8.855,intermediate_seed,intermediate_6_to_8.csv
instance,6,6-8,intermediate_6_to_8,864,109,false,n,tier1_ngsl_general+ngsl_rank_864+grade_estimate_6,intermediate,intermediate,8.245,29.66,9.553,intermediate_seed,intermediate_6_to_8.csv
fundamentally,8,6-8,intermediate_6_to_8,678,18,true,adv,tier2_nawl_academic+nawl_rank_678+grade_estimate_8,intermediate,intermediate,5.868,29.658,13.213,intermediate_seed,intermediate_6_to_8.csv
synthetic,8,6-8,intermediate_6_to_8,679,18,true,adj,tier2_nawl_academic+nawl_rank_679+grade_estimate_8,intermediate,intermediate,5.868,29.658,11.713,intermediate_seed,intermediate_6_to_8.csv
hepatitis,8,6-8,intermediate_6_to_8,681,18,true,n,tier2_nawl_academic+nawl_rank_681+grade_estimate_8,intermediate,intermediate,5.868,29.658,11.713,intermediate_seed,intermediate_6_to_8.csv
contradictory,8,6-8,intermediate_6_to_8,687,18,true,adj,tier2_nawl_academic+nawl_rank_687+grade_estimate_8,intermediate,intermediate,5.868,29.658,13.213,intermediate_seed,intermediate_6_to_8.csv
sustainable,8,6-8,intermediate_6_to_8,689,18,true,adj,tier2_nawl_academic+nawl_rank_689+grade_estimate_8,intermediate,intermediate,5.868,29.658,13.213,intermediate_seed,intermediate_6_to_8.csv
machinery,8,6-8,intermediate_6_to_8,691,18,true,n,tier2_nawl_academic+nawl_rank_691+grade_estimate_8,intermediate,intermediate,5.868,29.658,11.713,intermediate_seed,intermediate_6_to_8.csv
dictate,8,6-8,intermediate_6_to_8,692,18,true,v,tier2_nawl_academic+nawl_rank_692+grade_estimate_8,intermediate,intermediate,5.868,29.658,12.413,intermediate_seed,intermediate_6_to_8.csv
mayor,8,6-8,intermediate_6_to_8,2779,18,false,n,tier1_ngsl_general+ngsl_rank_2779+grade_estimate_8,intermediate,intermediate,4.668,29.658,9.013,intermediate_seed,intermediate_6_to_8.csv
competition,6,6-8,intermediate_6_to_8,875,108,false,n,tier1_ngsl_general+ngsl_rank_875+grade_estimate_6,intermediate,intermediate,8.243,29.658,11.05,intermediate_seed,intermediate_6_to_8.csv
reference,6,6-8,intermediate_6_to_8,878,107,false,n,tier1_ngsl_general+ngsl_rank_878+grade_estimate_6,intermediate,intermediate,8.241,29.655,9.548,intermediate_seed,intermediate_6_to_8.csv
document,6,6-8,intermediate_6_to_8,882,107,false,n,tier1_ngsl_general+ngsl_rank_882+grade_estimate_6,intermediate,intermediate,8.241,29.655,9.548,intermediate_seed,intermediate_6_to_8.csv
application,6,6-8,intermediate_6_to_8,884,107,false,n,tier1_ngsl_general+ngsl_rank_884+grade_estimate_6,intermediate,intermediate,8.241,29.655,11.048,intermediate_seed,intermediate_6_to_8.csv
cyclic,8,6-8,intermediate_6_to_8,697,17,true,adj,tier2_nawl_academic+nawl_rank_697+grade_estimate_8,intermediate,intermediate,6.659,29.645,11.002,intermediate_seed,intermediate_6_to_8.csv
parenthesis,8,6-8,intermediate_6_to_8,701,17,true,n,tier2_nawl_academic+nawl_rank_701+grade_estimate_8,intermediate,intermediate,5.859,29.645,13.202,intermediate_seed,intermediate_6_to_8.csv
noble,8,6-8,intermediate_6_to_8,702,17,true,n,tier2_nawl_academic+nawl_rank_702+grade_estimate_8,intermediate,intermediate,6.659,29.645,11.002,intermediate_seed,intermediate_6_to_8.csv
potassium,8,6-8,intermediate_6_to_8,703,17,true,n,tier2_nawl_academic+nawl_rank_703+grade_estimate_8,intermediate,intermediate,5.859,29.645,11.702,intermediate_seed,intermediate_6_to_8.csv
genetically,8,6-8,intermediate_6_to_8,705,17,true,adv,tier2_nawl_academic+nawl_rank_705+grade_estimate_8,intermediate,intermediate,5.859,29.645,13.202,intermediate_seed,intermediate_6_to_8.csv
bacteria,8,6-8,intermediate_6_to_8,706,17,true,n,tier2_nawl_academic+nawl_rank_706+grade_estimate_8,intermediate,intermediate,5.859,29.645,11.702,intermediate_seed,intermediate_6_to_8.csv
wisdom,8,6-8,intermediate_6_to_8,707,17,true,n,tier2_nawl_academic+nawl_rank_707+grade_estimate_8,intermediate,intermediate,6.659,29.645,11.002,intermediate_seed,intermediate_6_to_8.csv
crude,8,6-8,intermediate_6_to_8,708,17,true,adj,tier2_nawl_academic+nawl_rank_708+grade_estimate_8,intermediate,intermediate,6.659,29.645,11.002,intermediate_seed,intermediate_6_to_8.csv
realism,8,6-8,intermediate_6_to_8,709,17,true,n,tier2_nawl_academic+nawl_rank_709+grade_estimate_8,intermediate,intermediate,5.859,29.645,12.402,intermediate_seed,intermediate_6_to_8.csv
deliberately,8,6-8,intermediate_6_to_8,710,17,true,adv,tier2_nawl_academic+nawl_rank_710+grade_estimate_8,intermediate,intermediate,5.859,29.645,13.202,intermediate_seed,intermediate_6_to_8.csv
chemotherapy,8,6-8,intermediate_6_to_8,711,17,true,n,tier2_nawl_academic+nawl_rank_711+grade_estimate_8,intermediate,intermediate,5.859,29.645,13.202,intermediate_seed,intermediate_6_to_8.csv
capillary,8,6-8,intermediate_6_to_8,713,17,true,adj,tier2_nawl_academic+nawl_rank_713+grade_estimate_8,intermediate,intermediate,5.859,29.645,11.702,intermediate_seed,intermediate_6_to_8.csv
listener,8,6-8,intermediate_6_to_8,2785,17,false,n,tier1_ngsl_general+ngsl_rank_2785+grade_estimate_8,intermediate,intermediate,3.859,29.645,9.702,intermediate_seed,intermediate_6_to_8.csv
month,6,6-8,intermediate_6_to_8,209,468,false,n,tier1_ngsl_general+ngsl_rank_209+grade_estimate_6,intermediate,intermediate,9.408,29.644,7.876,intermediate_seed,intermediate_6_to_8.csv
previous,6,6-8,intermediate_6_to_8,922,103,false,adj,tier1_ngsl_general+ngsl_rank_922+grade_estimate_6,intermediate,intermediate,8.232,29.642,9.537,intermediate_seed,intermediate_6_to_8.csv
conclusion,6,6-8,intermediate_6_to_8,931,101,false,n,tier1_ngsl_general+ngsl_rank_931+grade_estimate_6,intermediate,intermediate,8.227,29.636,9.532,intermediate_seed,intermediate_6_to_8.csv
debate,6,6-8,intermediate_6_to_8,938,101,false,v,tier1_ngsl_general+ngsl_rank_938+grade_estimate_6,intermediate,intermediate,9.027,29.636,8.832,intermediate_seed,intermediate_6_to_8.csv
issue,6,6-8,intermediate_6_to_8,218,453,false,n,tier1_ngsl_general+ngsl_rank_218+grade_estimate_6,intermediate,intermediate,9.399,29.632,7.866,intermediate_seed,intermediate_6_to_8.csv
alien,8,6-8,intermediate_6_to_8,716,16,true,v,tier2_nawl_academic+nawl_rank_716+grade_estimate_8,intermediate,intermediate,6.649,29.632,10.99,intermediate_seed,intermediate_6_to_8.csv
portfolio,8,6-8,intermediate_6_to_8,717,16,true,n,tier2_nawl_academic+nawl_rank_717+grade_estimate_8,intermediate,intermediate,5.849,29.632,11.69,intermediate_seed,intermediate_6_to_8.csv
monopoly,8,6-8,intermediate_6_to_8,718,16,true,adv,tier2_nawl_academic+nawl_rank_718+grade_estimate_8,intermediate,intermediate,5.849,29.632,11.69,intermediate_seed,intermediate_6_to_8.csv
lifestyle,8,6-8,intermediate_6_to_8,719,16,true,n,tier2_nawl_academic+nawl_rank_719+grade_estimate_8,intermediate,intermediate,5.849,29.632,11.69,intermediate_seed,intermediate_6_to_8.csv
invert,8,6-8,intermediate_6_to_8,720,16,true,n,tier2_nawl_academic+nawl_rank_720+grade_estimate_8,intermediate,intermediate,6.649,29.632,10.99,intermediate_seed,intermediate_6_to_8.csv
thread,8,6-8,intermediate_6_to_8,721,16,true,n,tier2_nawl_academic+nawl_rank_721+grade_estimate_8,intermediate,intermediate,6.649,29.632,10.99,intermediate_seed,intermediate_6_to_8.csv
transcribe,8,6-8,intermediate_6_to_8,724,16,true,n,tier2_nawl_academic+nawl_rank_724+grade_estimate_8,intermediate,intermediate,5.849,29.632,11.69,intermediate_seed,intermediate_6_to_8.csv
dilute,8,6-8,intermediate_6_to_8,725,16,true,n,tier2_nawl_academic+nawl_rank_725+grade_estimate_8,intermediate,intermediate,6.649,29.632,10.99,intermediate_seed,intermediate_6_to_8.csv
tribe,8,6-8,intermediate_6_to_8,726,16,true,n,tier2_nawl_academic+nawl_rank_726+grade_estimate_8,intermediate,intermediate,6.649,29.632,10.99,intermediate_seed,intermediate_6_to_8.csv
economically,8,6-8,intermediate_6_to_8,728,16,true,adv,tier2_nawl_academic+nawl_rank_728+grade_estimate_8,intermediate,intermediate,5.849,29.632,13.19,intermediate_seed,intermediate_6_to_8.csv
tender,8,6-8,intermediate_6_to_8,2787,16,false,n,tier1_ngsl_general+ngsl_rank_2787+grade_estimate_8,intermediate,intermediate,4.649,29.632,8.99,intermediate_seed,intermediate_6_to_8.csv
density,8,6-8,intermediate_6_to_8,2788,16,false,n,tier1_ngsl_general+ngsl_rank_2788+grade_estimate_8,intermediate,intermediate,3.849,29.632,10.39,intermediate_seed,intermediate_6_to_8.csv
possibility,6,6-8,intermediate_6_to_8,951,99,false,n,tier1_ngsl_general+ngsl_rank_951+grade_estimate_6,intermediate,intermediate,8.222,29.63,11.026,intermediate_seed,intermediate_6_to_8.csv
facility,6,6-8,intermediate_6_to_8,953,99,false,n,tier1_ngsl_general+ngsl_rank_953+grade_estimate_6,intermediate,intermediate,8.222,29.63,9.526,intermediate_seed,intermediate_6_to_8.csv
critically,8,6-8,intermediate_6_to_8,729,15,true,adv,tier2_nawl_academic+nawl_rank_729+grade_estimate_8,intermediate,intermediate,5.839,29.618,11.679,intermediate_seed,intermediate_6_to_8.csv
prejudice,8,6-8,intermediate_6_to_8,733,15,true,n,tier2_nawl_academic+nawl_rank_733+grade_estimate_8,intermediate,intermediate,5.839,29.618,11.679,intermediate_seed,intermediate_6_to_8.csv
helix,8,6-8,intermediate_6_to_8,736,15,true,n,tier2_nawl_academic+nawl_rank_736+grade_estimate_8,intermediate,intermediate,6.639,29.618,10.979,intermediate_seed,intermediate_6_to_8.csv
interrupt,8,6-8,intermediate_6_to_8,737,15,true,n,tier2_nawl_academic+nawl_rank_737+grade_estimate_8,intermediate,intermediate,5.839,29.618,11.679,intermediate_seed,intermediate_6_to_8.csv
module,8,6-8,intermediate_6_to_8,2790,15,false,n,tier1_ngsl_general+ngsl_rank_2790+grade_estimate_8,intermediate,intermediate,4.639,29.618,8.979,intermediate_seed,intermediate_6_to_8.csv
faithfully,8,6-8,intermediate_6_to_8,2791,15,false,adv,tier1_ngsl_general+ngsl_rank_2791+grade_estimate_8,intermediate,intermediate,3.839,29.618,9.679,intermediate_seed,intermediate_6_to_8.csv
cheek,8,6-8,intermediate_6_to_8,2793,15,false,n,tier1_ngsl_general+ngsl_rank_2793+grade_estimate_8,intermediate,intermediate,4.639,29.618,8.979,intermediate_seed,intermediate_6_to_8.csv
node,6,6-8,intermediate_6_to_8,58,95,true,n,tier2_nawl_academic+nawl_rank_58+grade_estimate_6,intermediate,intermediate,8.013,29.617,11.415,intermediate_seed,intermediate_6_to_8.csv
conversation,6,6-8,intermediate_6_to_8,982,93,false,n,tier1_ngsl_general+ngsl_rank_982+grade_estimate_6,intermediate,intermediate,8.208,29.61,11.009,intermediate_seed,intermediate_6_to_8.csv
communication,6,6-8,intermediate_6_to_8,991,93,false,n,tier1_ngsl_general+ngsl_rank_991+grade_estimate_6,intermediate,intermediate,8.208,29.61,11.009,intermediate_seed,intermediate_6_to_8.csv
generation,6,6-8,intermediate_6_to_8,998,92,false,n,tier1_ngsl_general+ngsl_rank_998+grade_estimate_6,intermediate,intermediate,8.205,29.607,9.506,intermediate_seed,intermediate_6_to_8.csv
happen,6,6-8,intermediate_6_to_8,236,420,false,v,tier1_ngsl_general+ngsl_rank_236+grade_estimate_6,intermediate,intermediate,9.38,29.607,7.843,intermediate_seed,intermediate_6_to_8.csv
offer,6,6-8,intermediate_6_to_8,237,418,false,v,tier1_ngsl_general+ngsl_rank_237+grade_estimate_6,intermediate,intermediate,9.379,29.605,7.842,intermediate_seed,intermediate_6_to_8.csv
confound,8,6-8,intermediate_6_to_8,745,14,true,n,tier2_nawl_academic+nawl_rank_745+grade_estimate_8,intermediate,intermediate,5.828,29.604,11.666,intermediate_seed,intermediate_6_to_8.csv
competent,8,6-8,intermediate_6_to_8,746,14,true,adj,tier2_nawl_academic+nawl_rank_746+grade_estimate_8,intermediate,intermediate,5.828,29.604,11.666,intermediate_seed,intermediate_6_to_8.csv
layout,8,6-8,intermediate_6_to_8,748,14,true,n,tier2_nawl_academic+nawl_rank_748+grade_estimate_8,intermediate,intermediate,6.628,29.604,10.966,intermediate_seed,intermediate_6_to_8.csv
fabric,8,6-8,intermediate_6_to_8,749,14,true,adj,tier2_nawl_academic+nawl_rank_749+grade_estimate_8,intermediate,intermediate,6.628,29.604,10.966,intermediate_seed,intermediate_6_to_8.csv
container,8,6-8,intermediate_6_to_8,750,14,true,n,tier2_nawl_academic+nawl_rank_750+grade_estimate_8,intermediate,intermediate,5.828,29.604,11.666,intermediate_seed,intermediate_6_to_8.csv
reservoir,8,6-8,intermediate_6_to_8,752,14,true,n,tier2_nawl_academic+nawl_rank_752+grade_estimate_8,intermediate,intermediate,5.828,29.604,11.666,intermediate_seed,intermediate_6_to_8.csv
footnote,8,6-8,intermediate_6_to_8,753,14,true,n,tier2_nawl_academic+nawl_rank_753+grade_estimate_8,intermediate,intermediate,5.828,29.604,11.666,intermediate_seed,intermediate_6_to_8.csv
bodily,8,6-8,intermediate_6_to_8,754,14,true,adv,tier2_nawl_academic+nawl_rank_754+grade_estimate_8,intermediate,intermediate,6.628,29.604,10.966,intermediate_seed,intermediate_6_to_8.csv
niche,8,6-8,intermediate_6_to_8,755,14,true,n,tier2_nawl_academic+nawl_rank_755+grade_estimate_8,intermediate,intermediate,6.628,29.604,10.966,intermediate_seed,intermediate_6_to_8.csv
vague,8,6-8,intermediate_6_to_8,756,14,true,adj,tier2_nawl_academic+nawl_rank_756+grade_estimate_8,intermediate,intermediate,6.628,29.604,10.966,intermediate_seed,intermediate_6_to_8.csv
affirm,8,6-8,intermediate_6_to_8,757,14,true,n,tier2_nawl_academic+nawl_rank_757+grade_estimate_8,intermediate,intermediate,6.628,29.604,10.966,intermediate_seed,intermediate_6_to_8.csv
holder,8,6-8,intermediate_6_to_8,2795,14,false,n,tier1_ngsl_general+ngsl_rank_2795+grade_estimate_8,intermediate,intermediate,4.628,29.604,8.966,intermediate_seed,intermediate_6_to_8.csv
none,6,6-8,intermediate_6_to_8,1014,90,false,n,tier1_ngsl_general+ngsl_rank_1014+grade_estimate_6,intermediate,intermediate,6.0,29.6,9.4,intermediate_seed,intermediate_6_to_8.csv
content,6,6-8,intermediate_6_to_8,1025,89,false,adj,tier1_ngsl_general+ngsl_rank_1025+grade_estimate_6,intermediate,intermediate,4.197,29.597,9.397,intermediate_seed,intermediate_6_to_8.csv
prevent,6,6-8,intermediate_6_to_8,1026,89,false,v,tier1_ngsl_general+ngsl_rank_1026+grade_estimate_6,intermediate,intermediate,4.197,29.597,9.397,intermediate_seed,intermediate_6_to_8.csv
mix,6,6-8,intermediate_6_to_8,1029,88,false,n,tier1_ngsl_general+ngsl_rank_1029+grade_estimate_6,intermediate,intermediate,5.995,29.593,9.394,intermediate_seed,intermediate_6_to_8.csv
medical,6,6-8,intermediate_6_to_8,1033,88,false,adj,tier1_ngsl_general+ngsl_rank_1033+grade_estimate_6,intermediate,intermediate,4.195,29.593,9.394,intermediate_seed,intermediate_6_to_8.csv
optimal,6,6-8,intermediate_6_to_8,72,87,true,adj,tier2_nawl_academic+nawl_rank_72+grade_estimate_6,intermediate,intermediate,6.192,29.589,11.391,intermediate_seed,intermediate_6_to_8.csv
urine,8,6-8,intermediate_6_to_8,758,13,true,n,tier2_nawl_academic+nawl_rank_758+grade_estimate_8,intermediate,intermediate,6.617,29.589,10.953,intermediate_seed,intermediate_6_to_8.csv
afterward,8,6-8,intermediate_6_to_8,759,13,true,n,tier2_nawl_academic+nawl_rank_759+grade_estimate_8,intermediate,intermediate,5.817,29.589,11.653,intermediate_seed,intermediate_6_to_8.csv
unemployed,8,6-8,intermediate_6_to_8,762,13,true,v,tier2_nawl_academic+nawl_rank_762+grade_estimate_8,intermediate,intermediate,5.817,29.589,11.653,intermediate_seed,intermediate_6_to_8.csv
toxic,8,6-8,intermediate_6_to_8,763,13,true,adj,tier2_nawl_academic+nawl_rank_763+grade_estimate_8,intermediate,intermediate,6.617,29.589,10.953,intermediate_seed,intermediate_6_to_8.csv
yeast,8,6-8,intermediate_6_to_8,764,13,true,n,tier2_nawl_academic+nawl_rank_764+grade_estimate_8,intermediate,intermediate,6.617,29.589,10.953,intermediate_seed,intermediate_6_to_8.csv
forum,8,6-8,intermediate_6_to_8,766,13,true,n,tier2_nawl_academic+nawl_rank_766+grade_estimate_8,intermediate,intermediate,6.617,29.589,10.953,intermediate_seed,intermediate_6_to_8.csv
bleed,8,6-8,intermediate_6_to_8,767,13,true,v,tier2_nawl_academic+nawl_rank_767+grade_estimate_8,intermediate,intermediate,6.617,29.589,10.953,intermediate_seed,intermediate_6_to_8.csv
overhead,8,6-8,intermediate_6_to_8,768,13,true,n,tier2_nawl_academic+nawl_rank_768+grade_estimate_8,intermediate,intermediate,5.817,29.589,11.653,intermediate_seed,intermediate_6_to_8.csv
republic,8,6-8,intermediate_6_to_8,769,13,true,adj,tier2_nawl_academic+nawl_rank_769+grade_estimate_8,intermediate,intermediate,5.817,29.589,11.653,intermediate_seed,intermediate_6_to_8.csv
processor,8,6-8,intermediate_6_to_8,770,13,true,n,tier2_nawl_academic+nawl_rank_770+grade_estimate_8,intermediate,intermediate,5.817,29.589,11.653,intermediate_seed,intermediate_6_to_8.csv
audit,8,6-8,intermediate_6_to_8,772,13,true,n,tier2_nawl_academic+nawl_rank_772+grade_estimate_8,intermediate,intermediate,6.617,29.589,10.953,intermediate_seed,intermediate_6_to_8.csv
comply,8,6-8,intermediate_6_to_8,772,13,true,adv,tier2_nawl_academic+nawl_rank_772+grade_estimate_8,intermediate,intermediate,6.617,29.589,10.953,intermediate_seed,intermediate_6_to_8.csv
legend,8,6-8,intermediate_6_to_8,774,13,true,n,tier2_nawl_academic+nawl_rank_774+grade_estimate_8,intermediate,intermediate,6.617,29.589,10.953,intermediate_seed,intermediate_6_to_8.csv
text,6,6-8,intermediate_6_to_8,1048,86,false,n,tier1_ngsl_general+ngsl_rank_1048+grade_estimate_6,intermediate,intermediate,5.989,29.586,9.388,intermediate_seed,intermediate_6_to_8.csv
sex,6,6-8,intermediate_6_to_8,1063,85,false,n,tier1_ngsl_general+ngsl_rank_1063+grade_estimate_6,intermediate,intermediate,5.987,29.582,9.384,intermediate_seed,intermediate_6_to_8.csv
deliver,6,6-8,intermediate_6_to_8,1064,85,false,n,tier1_ngsl_general+ngsl_rank_1064+grade_estimate_6,intermediate,intermediate,4.187,29.582,9.384,intermediate_seed,intermediate_6_to_8.csv
primary,6,6-8,intermediate_6_to_8,1067,85,false,adj,tier1_ngsl_general+ngsl_rank_1067+grade_estimate_6,intermediate,intermediate,4.187,29.582,9.384,intermediate_seed,intermediate_6_to_8.csv
pathway,6,6-8,intermediate_6_to_8,82,83,true,n,tier2_nawl_academic+nawl_rank_82+grade_estimate_6,intermediate,intermediate,6.181,29.575,11.378,intermediate_seed,intermediate_6_to_8.csv
hang,6,6-8,intermediate_6_to_8,1085,83,false,n,tier1_ngsl_general+ngsl_rank_1085+grade_estimate_6,intermediate,intermediate,5.981,29.575,9.378,intermediate_seed,intermediate_6_to_8.csv
band,6,6-8,intermediate_6_to_8,1087,83,false,n,tier1_ngsl_general+ngsl_rank_1087+grade_estimate_6,intermediate,intermediate,5.981,29.575,9.378,intermediate_seed,intermediate_6_to_8.csv
tour,6,6-8,intermediate_6_to_8,1089,83,false,n,tier1_ngsl_general+ngsl_rank_1089+grade_estimate_6,intermediate,intermediate,5.981,29.575,9.378,intermediate_seed,intermediate_6_to_8.csv
drain,8,6-8,intermediate_6_to_8,776,12,true,n,tier2_nawl_academic+nawl_rank_776+grade_estimate_8,intermediate,intermediate,6.605,29.574,10.94,intermediate_seed,intermediate_6_to_8.csv
abdominal,8,6-8,intermediate_6_to_8,777,12,true,adj,tier2_nawl_academic+nawl_rank_777+grade_estimate_8,intermediate,intermediate,5.805,29.574,11.64,intermediate_seed,intermediate_6_to_8.csv
media,8,6-8,intermediate_6_to_8,778,12,true,n,tier2_nawl_academic+nawl_rank_778+grade_estimate_8,intermediate,intermediate,6.605,29.574,10.94,intermediate_seed,intermediate_6_to_8.csv
tempt,8,6-8,intermediate_6_to_8,779,12,true,n,tier2_nawl_academic+nawl_rank_779+grade_estimate_8,intermediate,intermediate,6.605,29.574,10.94,intermediate_seed,intermediate_6_to_8.csv
outlet,8,6-8,intermediate_6_to_8,780,12,true,n,tier2_nawl_academic+nawl_rank_780+grade_estimate_8,intermediate,intermediate,6.605,29.574,10.94,intermediate_seed,intermediate_6_to_8.csv
founds,8,6-8,intermediate_6_to_8,782,12,true,n,tier2_nawl_academic+nawl_rank_782+grade_estimate_8,intermediate,intermediate,6.605,29.574,10.94,intermediate_seed,intermediate_6_to_8.csv
invade,8,6-8,intermediate_6_to_8,783,12,true,n,tier2_nawl_academic+nawl_rank_783+grade_estimate_8,intermediate,intermediate,6.605,29.574,10.94,intermediate_seed,intermediate_6_to_8.csv
interviewer,8,6-8,intermediate_6_to_8,784,12,true,n,tier2_nawl_academic+nawl_rank_784+grade_estimate_8,intermediate,intermediate,5.805,29.574,13.14,intermediate_seed,intermediate_6_to_8.csv
supposedly,8,6-8,intermediate_6_to_8,787,12,true,adv,tier2_nawl_academic+nawl_rank_787+grade_estimate_8,intermediate,intermediate,5.805,29.574,11.64,intermediate_seed,intermediate_6_to_8.csv
swell,8,6-8,intermediate_6_to_8,789,12,true,n,tier2_nawl_academic+nawl_rank_789+grade_estimate_8,intermediate,intermediate,6.605,29.574,10.94,intermediate_seed,intermediate_6_to_8.csv
altitude,8,6-8,intermediate_6_to_8,791,12,true,n,tier2_nawl_academic+nawl_rank_791+grade_estimate_8,intermediate,intermediate,5.805,29.574,11.64,intermediate_seed,intermediate_6_to_8.csv
gauge,8,6-8,intermediate_6_to_8,792,12,true,n,tier2_nawl_academic+nawl_rank_792+grade_estimate_8,intermediate,intermediate,6.605,29.574,10.94,intermediate_seed,intermediate_6_to_8.csv
transparency,8,6-8,intermediate_6_to_8,793,12,true,n,tier2_nawl_academic+nawl_rank_793+grade_estimate_8,intermediate,intermediate,5.805,29.574,13.14,intermediate_seed,intermediate_6_to_8.csv
spend,6,6-8,intermediate_6_to_8,258,378,false,n,tier1_ngsl_general+ngsl_rank_258+grade_estimate_6,intermediate,intermediate,9.353,29.571,7.812,intermediate_seed,intermediate_6_to_8.csv
precede,6,6-8,intermediate_6_to_8,85,82,true,v,tier2_nawl_academic+nawl_rank_85+grade_estimate_6,intermediate,intermediate,6.178,29.571,11.375,intermediate_seed,intermediate_6_to_8.csv
leg,6,6-8,intermediate_6_to_8,1097,82,false,n,tier1_ngsl_general+ngsl_rank_1097+grade_estimate_6,intermediate,intermediate,5.978,29.571,9.375,intermediate_seed,intermediate_6_to_8.csv
examine,6,6-8,intermediate_6_to_8,1104,81,false,v,tier1_ngsl_general+ngsl_rank_1104+grade_estimate_6,intermediate,intermediate,4.175,29.567,9.371,intermediate_seed,intermediate_6_to_8.csv
display,6,6-8,intermediate_6_to_8,1109,81,false,v,tier1_ngsl_general+ngsl_rank_1109+grade_estimate_6,intermediate,intermediate,4.175,29.567,9.371,intermediate_seed,intermediate_6_to_8.csv
overall,6,6-8,intermediate_6_to_8,1113,81,false,adj,tier1_ngsl_general+ngsl_rank_1113+grade_estimate_6,intermediate,intermediate,4.175,29.567,9.371,intermediate_seed,intermediate_6_to_8.csv
beam,6,6-8,intermediate_6_to_8,95,80,true,n,tier2_nawl_academic+nawl_rank_95+grade_estimate_6,intermediate,intermediate,7.973,29.563,11.368,intermediate_seed,intermediate_6_to_8.csv
norm,6,6-8,intermediate_6_to_8,97,80,true,n,tier2_nawl_academic+nawl_rank_97+grade_estimate_6,intermediate,intermediate,7.973,29.563,11.368,intermediate_seed,intermediate_6_to_8.csv
user,6,6-8,intermediate_6_to_8,1115,80,false,n,tier1_ngsl_general+ngsl_rank_1115+grade_estimate_6,intermediate,intermediate,5.973,29.563,9.368,intermediate_seed,intermediate_6_to_8.csv
respond,6,6-8,intermediate_6_to_8,1116,80,false,v,tier1_ngsl_general+ngsl_rank_1116+grade_estimate_6,intermediate,intermediate,4.173,29.563,9.368,intermediate_seed,intermediate_6_to_8.csv
slow,6,6-8,intermediate_6_to_8,1118,80,false,n,tier1_ngsl_general+ngsl_rank_1118+grade_estimate_6,intermediate,intermediate,5.973,29.563,9.368,intermediate_seed,intermediate_6_to_8.csv
regular,6,6-8,intermediate_6_to_8,1119,80,false,n,tier1_ngsl_general+ngsl_rank_1119+grade_estimate_6,intermediate,intermediate,4.173,29.563,9.368,intermediate_seed,intermediate_6_to_8.csv
suit,6,6-8,intermediate_6_to_8,1122,80,false,n,tier1_ngsl_general+ngsl_rank_1122+grade_estimate_6,intermediate,intermediate,5.973,29.563,9.368,intermediate_seed,intermediate_6_to_8.csv
decline,6,6-8,intermediate_6_to_8,1129,79,false,n,tier1_ngsl_general+ngsl_rank_1129+grade_estimate_6,intermediate,intermediate,4.17,29.56,9.365,intermediate_seed,intermediate_6_to_8.csv
warn,6,6-8,intermediate_6_to_8,1132,79,false,n,tier1_ngsl_general+ngsl_rank_1132+grade_estimate_6,intermediate,intermediate,5.97,29.56,9.365,intermediate_seed,intermediate_6_to_8.csv
chloride,8,6-8,intermediate_6_to_8,796,11,true,n,tier2_nawl_academic+nawl_rank_796+grade_estimate_8,intermediate,intermediate,5.793,29.558,11.626,intermediate_seed,intermediate_6_to_8.csv
sensible,8,6-8,intermediate_6_to_8,797,11,true,adj,tier2_nawl_academic+nawl_rank_797+grade_estimate_8,intermediate,intermediate,5.793,29.558,11.626,intermediate_seed,intermediate_6_to_8.csv
weave,8,6-8,intermediate_6_to_8,798,11,true,n,tier2_nawl_academic+nawl_rank_798+grade_estimate_8,intermediate,intermediate,6.593,29.558,10.926,intermediate_seed,intermediate_6_to_8.csv
audio,8,6-8,intermediate_6_to_8,807,11,true,n,tier2_nawl_academic+nawl_rank_807+grade_estimate_8,intermediate,intermediate,6.593,29.558,10.926,intermediate_seed,intermediate_6_to_8.csv
facet,8,6-8,intermediate_6_to_8,809,11,true,n,tier2_nawl_academic+nawl_rank_809+grade_estimate_8,intermediate,intermediate,6.593,29.558,10.926,intermediate_seed,intermediate_6_to_8.csv
partner,6,6-8,intermediate_6_to_8,1136,78,false,n,tier1_ngsl_general+ngsl_rank_1136+grade_estimate_6,intermediate,intermediate,4.167,29.556,9.361,intermediate_seed,intermediate_6_to_8.csv
taxi,6,6-8,intermediate_6_to_8,1148,77,false,n,tier1_ngsl_general+ngsl_rank_1148+grade_estimate_6,intermediate,intermediate,5.964,29.552,9.358,intermediate_seed,intermediate_6_to_8.csv
feed,6,6-8,intermediate_6_to_8,1149,77,false,v,tier1_ngsl_general+ngsl_rank_1149+grade_estimate_6,intermediate,intermediate,5.964,29.552,9.358,intermediate_seed,intermediate_6_to_8.csv
pain,6,6-8,intermediate_6_to_8,1150,77,false,n,tier1_ngsl_general+ngsl_rank_1150+grade_estimate_6,intermediate,intermediate,5.964,29.552,9.358,intermediate_seed,intermediate_6_to_8.csv
mistake,6,6-8,intermediate_6_to_8,1152,77,false,n,tier1_ngsl_general+ngsl_rank_1152+grade_estimate_6,intermediate,intermediate,4.164,29.552,9.358,intermediate_seed,intermediate_6_to_8.csv
satisfy,6,6-8,intermediate_6_to_8,1154,77,false,n,tier1_ngsl_general+ngsl_rank_1154+grade_estimate_6,intermediate,intermediate,4.164,29.552,9.358,intermediate_seed,intermediate_6_to_8.csv
splice,8,6-8,intermediate_6_to_8,810,10,true,n,tier2_nawl_academic+nawl_rank_810+grade_estimate_8,intermediate,intermediate,6.581,29.541,10.911,intermediate_seed,intermediate_6_to_8.csv
incumbent,8,6-8,intermediate_6_to_8,811,10,true,adj,tier2_nawl_academic+nawl_rank_811+grade_estimate_8,intermediate,intermediate,5.781,29.541,11.611,intermediate_seed,intermediate_6_to_8.csv
chunk,8,6-8,intermediate_6_to_8,813,10,true,n,tier2_nawl_academic+nawl_rank_813+grade_estimate_8,intermediate,intermediate,6.581,29.541,10.911,intermediate_seed,intermediate_6_to_8.csv
tutor,8,6-8,intermediate_6_to_8,815,10,true,n,tier2_nawl_academic+nawl_rank_815+grade_estimate_8,intermediate,intermediate,6.581,29.541,10.911,intermediate_seed,intermediate_6_to_8.csv
super,8,6-8,intermediate_6_to_8,816,10,true,n,tier2_nawl_academic+nawl_rank_816+grade_estimate_8,intermediate,intermediate,6.581,29.541,10.911,intermediate_seed,intermediate_6_to_8.csv
aluminum,8,6-8,intermediate_6_to_8,818,10,true,n,tier2_nawl_academic+nawl_rank_818+grade_estimate_8,intermediate,intermediate,5.781,29.541,11.611,intermediate_seed,intermediate_6_to_8.csv
liable,8,6-8,intermediate_6_to_8,820,10,true,adj,tier2_nawl_academic+nawl_rank_820+grade_estimate_8,intermediate,intermediate,6.581,29.541,10.911,intermediate_seed,intermediate_6_to_8.csv
hello,8,6-8,intermediate_6_to_8,2803,10,false,n,tier1_ngsl_general+ngsl_rank_2803+grade_estimate_8,intermediate,intermediate,4.581,29.541,8.911,intermediate_seed,intermediate_6_to_8.csv
dose,6,6-8,intermediate_6_to_8,111,74,true,n,tier2_nawl_academic+nawl_rank_111+grade_estimate_6,intermediate,intermediate,7.955,29.539,11.347,intermediate_seed,intermediate_6_to_8.csv
roll,6,6-8,intermediate_6_to_8,1180,74,false,n,tier1_ngsl_general+ngsl_rank_1180+grade_estimate_6,intermediate,intermediate,5.955,29.539,9.347,intermediate_seed,intermediate_6_to_8.csv
net,6,6-8,intermediate_6_to_8,1191,74,false,n,tier1_ngsl_general+ngsl_rank_1191+grade_estimate_6,intermediate,intermediate,5.955,29.539,9.347,intermediate_seed,intermediate_6_to_8.csv
defense,6,6-8,intermediate_6_to_8,1194,74,false,n,tier1_ngsl_general+ngsl_rank_1194+grade_estimate_6,intermediate,intermediate,4.155,29.539,9.347,intermediate_seed,intermediate_6_to_8.csv
nuclear,6,6-8,intermediate_6_to_8,1198,73,false,n,tier1_ngsl_general+ngsl_rank_1198+grade_estimate_6,intermediate,intermediate,4.151,29.535,9.343,intermediate_seed,intermediate_6_to_8.csv
confirm,7,6-8,intermediate_6_to_8,1206,73,false,n,tier1_ngsl_general+ngsl_rank_1206+grade_estimate_7,intermediate,intermediate,4.151,29.535,9.343,intermediate_seed,intermediate_6_to_8.csv
sin,6,6-8,intermediate_6_to_8,120,72,true,n,tier2_nawl_academic+nawl_rank_120+grade_estimate_6,intermediate,intermediate,7.948,29.531,11.34,intermediate_seed,intermediate_6_to_8.csv
concept,7,6-8,intermediate_6_to_8,1213,72,false,n,tier1_ngsl_general+ngsl_rank_1213+grade_estimate_7,intermediate,intermediate,4.148,29.531,9.34,intermediate_seed,intermediate_6_to_8.csv
traffic,7,6-8,intermediate_6_to_8,1225,71,false,adj,tier1_ngsl_general+ngsl_rank_1225+grade_estimate_7,intermediate,intermediate,4.145,29.527,9.336,intermediate_seed,intermediate_6_to_8.csv
tool,7,6-8,intermediate_6_to_8,1227,71,false,n,tier1_ngsl_general+ngsl_rank_1227+grade_estimate_7,intermediate,intermediate,5.945,29.527,9.336,intermediate_seed,intermediate_6_to_8.csv
busy,7,6-8,intermediate_6_to_8,1233,71,false,n,tier1_ngsl_general+ngsl_rank_1233+grade_estimate_7,intermediate,intermediate,5.945,29.527,9.336,intermediate_seed,intermediate_6_to_8.csv
mass,7,6-8,intermediate_6_to_8,1236,71,false,n,tier1_ngsl_general+ngsl_rank_1236+grade_estimate_7,intermediate,intermediate,5.945,29.527,9.336,intermediate_seed,intermediate_6_to_8.csv
failure,7,6-8,intermediate_6_to_8,1239,71,false,n,tier1_ngsl_general+ngsl_rank_1239+grade_estimate_7,intermediate,intermediate,4.145,29.527,9.336,intermediate_seed,intermediate_6_to_8.csv
pesticide,8,6-8,intermediate_6_to_8,822,9,true,n,tier2_nawl_academic+nawl_rank_822+grade_estimate_8,intermediate,intermediate,5.767,29.523,11.595,intermediate_seed,intermediate_6_to_8.csv
technically,8,6-8,intermediate_6_to_8,823,9,true,adv,tier2_nawl_academic+nawl_rank_823+grade_estimate_8,intermediate,intermediate,5.767,29.523,13.095,intermediate_seed,intermediate_6_to_8.csv
criteria,8,6-8,intermediate_6_to_8,824,9,true,n,tier2_ngsl_nawl_overlap+ngsl_rank_1953+nawl_rank_824+grade_estimate_8,intermediate,intermediate,5.767,29.523,11.595,intermediate_seed,intermediate_6_to_8.csv
fringe,8,6-8,intermediate_6_to_8,825,9,true,n,tier2_nawl_academic+nawl_rank_825+grade_estimate_8,intermediate,intermediate,6.567,29.523,10.895,intermediate_seed,intermediate_6_to_8.csv
messenger,8,6-8,intermediate_6_to_8,826,9,true,n,tier2_nawl_academic+nawl_rank_826+grade_estimate_8,intermediate,intermediate,5.767,29.523,11.595,intermediate_seed,intermediate_6_to_8.csv
snake,8,6-8,intermediate_6_to_8,831,9,true,n,tier2_nawl_academic+nawl_rank_831+grade_estimate_8,intermediate,intermediate,6.567,29.523,10.895,intermediate_seed,intermediate_6_to_8.csv
flesh,8,6-8,intermediate_6_to_8,832,9,true,n,tier2_nawl_academic+nawl_rank_832+grade_estimate_8,intermediate,intermediate,6.567,29.523,10.895,intermediate_seed,intermediate_6_to_8.csv
marrow,8,6-8,intermediate_6_to_8,834,9,true,n,tier2_nawl_academic+nawl_rank_834+grade_estimate_8,intermediate,intermediate,6.567,29.523,10.895,intermediate_seed,intermediate_6_to_8.csv
instinct,8,6-8,intermediate_6_to_8,836,9,true,n,tier2_nawl_academic+nawl_rank_836+grade_estimate_8,intermediate,intermediate,5.767,29.523,11.595,intermediate_seed,intermediate_6_to_8.csv
hunger,8,6-8,intermediate_6_to_8,2804,9,false,n,tier1_ngsl_general+ngsl_rank_2804+grade_estimate_8,intermediate,intermediate,4.567,29.523,8.895,intermediate_seed,intermediate_6_to_8.csv
insure,8,6-8,intermediate_6_to_8,2805,9,false,n,tier1_ngsl_general+ngsl_rank_2805+grade_estimate_8,intermediate,intermediate,4.567,29.523,8.895,intermediate_seed,intermediate_6_to_8.csv
combine,7,6-8,intermediate_6_to_8,1244,70,false,n,tier1_ngsl_general+ngsl_rank_1244+grade_estimate_7,intermediate,intermediate,4.142,29.522,9.332,intermediate_seed,intermediate_6_to_8.csv
hide,7,6-8,intermediate_6_to_8,1247,70,false,n,tier1_ngsl_general+ngsl_rank_1247+grade_estimate_7,intermediate,intermediate,5.942,29.522,9.332,intermediate_seed,intermediate_6_to_8.csv
meal,7,6-8,intermediate_6_to_8,1250,70,false,adj,tier1_ngsl_general+ngsl_rank_1250+grade_estimate_7,intermediate,intermediate,5.942,29.522,9.332,intermediate_seed,intermediate_6_to_8.csv
bag,7,6-8,intermediate_6_to_8,1252,70,false,n,tier1_ngsl_general+ngsl_rank_1252+grade_estimate_7,intermediate,intermediate,5.942,29.522,9.332,intermediate_seed,intermediate_6_to_8.csv
duty,7,6-8,intermediate_6_to_8,1262,69,false,n,tier1_ngsl_general+ngsl_rank_1262+grade_estimate_7,intermediate,intermediate,5.939,29.518,9.328,intermediate_seed,intermediate_6_to_8.csv
connect,7,6-8,intermediate_6_to_8,1264,69,false,n,tier1_ngsl_general+ngsl_rank_1264+grade_estimate_7,intermediate,intermediate,4.139,29.518,9.328,intermediate_seed,intermediate_6_to_8.csv
arrange,7,6-8,intermediate_6_to_8,1266,68,false,n,tier1_ngsl_general+ngsl_rank_1266+grade_estimate_7,intermediate,intermediate,4.135,29.514,9.324,intermediate_seed,intermediate_6_to_8.csv
bird,7,6-8,intermediate_6_to_8,1271,68,false,n,tier1_ngsl_general+ngsl_rank_1271+grade_estimate_7,intermediate,intermediate,5.935,29.514,9.324,intermediate_seed,intermediate_6_to_8.csv
initial,7,6-8,intermediate_6_to_8,1282,68,false,adj,tier1_ngsl_general+ngsl_rank_1282+grade_estimate_7,intermediate,intermediate,4.135,29.514,9.324,intermediate_seed,intermediate_6_to_8.csv
minimal,6,6-8,intermediate_6_to_8,141,67,true,adj,tier2_nawl_academic+nawl_rank_141+grade_estimate_6,intermediate,intermediate,6.132,29.509,11.321,intermediate_seed,intermediate_6_to_8.csv
cone,6,6-8,intermediate_6_to_8,147,67,true,n,tier2_nawl_academic+nawl_rank_147+grade_estimate_6,intermediate,intermediate,7.932,29.509,11.321,intermediate_seed,intermediate_6_to_8.csv
promote,7,6-8,intermediate_6_to_8,1292,67,false,v,tier1_ngsl_general+ngsl_rank_1292+grade_estimate_7,intermediate,intermediate,4.132,29.509,9.321,intermediate_seed,intermediate_6_to_8.csv
attract,7,6-8,intermediate_6_to_8,1298,67,false,n,tier1_ngsl_general+ngsl_rank_1298+grade_estimate_7,intermediate,intermediate,4.132,29.509,9.321,intermediate_seed,intermediate_6_to_8.csv
rate,6,6-8,intermediate_6_to_8,312,312,false,v,tier1_ngsl_general+ngsl_rank_312+grade_estimate_6,intermediate,intermediate,10.305,29.506,9.155,intermediate_seed,intermediate_6_to_8.csv
overlap,6,6-8,intermediate_6_to_8,151,66,true,n,tier2_nawl_academic+nawl_rank_151+grade_estimate_6,intermediate,intermediate,6.128,29.505,11.317,intermediate_seed,intermediate_6_to_8.csv
aid,7,6-8,intermediate_6_to_8,1305,66,false,n,tier1_ngsl_general+ngsl_rank_1305+grade_estimate_7,intermediate,intermediate,5.928,29.505,9.317,intermediate_seed,intermediate_6_to_8.csv
fan,7,6-8,intermediate_6_to_8,1306,66,false,n,tier1_ngsl_general+ngsl_rank_1306+grade_estimate_7,intermediate,intermediate,5.928,29.505,9.317,intermediate_seed,intermediate_6_to_8.csv
stripe,8,6-8,intermediate_6_to_8,839,8,true,n,tier2_nawl_academic+nawl_rank_839+grade_estimate_8,intermediate,intermediate,6.553,29.504,10.879,intermediate_seed,intermediate_6_to_8.csv
junior,8,6-8,intermediate_6_to_8,840,8,true,n,tier2_nawl_academic+nawl_rank_840+grade_estimate_8,intermediate,intermediate,6.553,29.504,10.879,intermediate_seed,intermediate_6_to_8.csv
click,8,6-8,intermediate_6_to_8,844,8,true,n,tier2_ngsl_nawl_overlap+ngsl_rank_2514+nawl_rank_844+grade_estimate_8,intermediate,intermediate,6.553,29.504,10.879,intermediate_seed,intermediate_6_to_8.csv
hedge,8,6-8,intermediate_6_to_8,845,8,true,n,tier2_nawl_academic+nawl_rank_845+grade_estimate_8,intermediate,intermediate,6.553,29.504,10.879,intermediate_seed,intermediate_6_to_8.csv
spray,8,6-8,intermediate_6_to_8,846,8,true,n,tier2_nawl_academic+nawl_rank_846+grade_estimate_8,intermediate,intermediate,6.553,29.504,10.879,intermediate_seed,intermediate_6_to_8.csv
cinema,8,6-8,intermediate_6_to_8,847,8,true,n,tier2_nawl_academic+nawl_rank_847+grade_estimate_8,intermediate,intermediate,6.553,29.504,10.879,intermediate_seed,intermediate_6_to_8.csv
evident,6,6-8,intermediate_6_to_8,154,65,true,adj,tier2_nawl_academic+nawl_rank_154+grade_estimate_6,intermediate,intermediate,6.125,29.5,11.313,intermediate_seed,intermediate_6_to_8.csv
host,7,6-8,intermediate_6_to_8,1327,65,false,n,tier1_ngsl_general+ngsl_rank_1327+grade_estimate_7,intermediate,intermediate,5.925,29.5,9.313,intermediate_seed,intermediate_6_to_8.csv
tire,7,6-8,intermediate_6_to_8,1331,65,false,n,tier1_ngsl_general+ngsl_rank_1331+grade_estimate_7,intermediate,intermediate,5.925,29.5,9.313,intermediate_seed,intermediate_6_to_8.csv
chronic,6,6-8,intermediate_6_to_8,159,64,true,adj,tier2_nawl_academic+nawl_rank_159+grade_estimate_6,intermediate,intermediate,6.122,29.495,11.308,intermediate_seed,intermediate_6_to_8.csv
ex,6,6-8,intermediate_6_to_8,164,64,true,n,tier2_nawl_academic+nawl_rank_164+grade_estimate_6,intermediate,intermediate,7.922,29.495,11.308,intermediate_seed,intermediate_6_to_8.csv
cash,7,6-8,intermediate_6_to_8,1339,64,false,n,tier1_ngsl_general+ngsl_rank_1339+grade_estimate_7,intermediate,intermediate,5.922,29.495,9.308,intermediate_seed,intermediate_6_to_8.csv
revenue,7,6-8,intermediate_6_to_8,1351,64,false,n,tier1_ngsl_general+ngsl_rank_1351+grade_estimate_7,intermediate,intermediate,4.122,29.495,9.308,intermediate_seed,intermediate_6_to_8.csv
vary,7,6-8,intermediate_6_to_8,1359,63,false,v,tier1_ngsl_general+ngsl_rank_1359+grade_estimate_7,intermediate,intermediate,5.918,29.491,9.304,intermediate_seed,intermediate_6_to_8.csv
healthy,7,6-8,intermediate_6_to_8,1362,63,false,n,tier1_ngsl_general+ngsl_rank_1362+grade_estimate_7,intermediate,intermediate,4.118,29.491,9.304,intermediate_seed,intermediate_6_to_8.csv
proceed,7,6-8,intermediate_6_to_8,1367,63,false,v,tier1_ngsl_general+ngsl_rank_1367+grade_estimate_7,intermediate,intermediate,4.118,29.491,9.304,intermediate_seed,intermediate_6_to_8.csv
mid,6,6-8,intermediate_6_to_8,176,62,true,n,tier2_nawl_academic+nawl_rank_176+grade_estimate_6,intermediate,intermediate,7.914,29.486,11.3,intermediate_seed,intermediate_6_to_8.csv
whereas,7,6-8,intermediate_6_to_8,1372,62,false,conj,tier1_ngsl_general+ngsl_rank_1372+grade_estimate_7,intermediate,intermediate,4.114,29.486,9.3,intermediate_seed,intermediate_6_to_8.csv
soldier,7,6-8,intermediate_6_to_8,1378,62,false,n,tier1_ngsl_general+ngsl_rank_1378+grade_estimate_7,intermediate,intermediate,4.114,29.486,9.3,intermediate_seed,intermediate_6_to_8.csv
egg,7,6-8,intermediate_6_to_8,1381,62,false,n,tier1_ngsl_general+ngsl_rank_1381+grade_estimate_7,intermediate,intermediate,5.914,29.486,9.3,intermediate_seed,intermediate_6_to_8.csv
concert,7,6-8,intermediate_6_to_8,1382,62,false,n,tier1_ngsl_general+ngsl_rank_1382+grade_estimate_7,intermediate,intermediate,4.114,29.486,9.3,intermediate_seed,intermediate_6_to_8.csv
wine,7,6-8,intermediate_6_to_8,1389,62,false,n,tier1_ngsl_general+ngsl_rank_1389+grade_estimate_7,intermediate,intermediate,5.914,29.486,9.3,intermediate_seed,intermediate_6_to_8.csv
naked,8,6-8,intermediate_6_to_8,849,7,true,v,tier2_nawl_academic+nawl_rank_849+grade_estimate_8,intermediate,intermediate,6.538,29.484,10.861,intermediate_seed,intermediate_6_to_8.csv
erase,8,6-8,intermediate_6_to_8,851,7,true,n,tier2_nawl_academic+nawl_rank_851+grade_estimate_8,intermediate,intermediate,6.538,29.484,10.861,intermediate_seed,intermediate_6_to_8.csv
powder,8,6-8,intermediate_6_to_8,852,7,true,n,tier2_nawl_academic+nawl_rank_852+grade_estimate_8,intermediate,intermediate,6.538,29.484,10.861,intermediate_seed,intermediate_6_to_8.csv
micro,8,6-8,intermediate_6_to_8,853,7,true,n,tier2_nawl_academic+nawl_rank_853+grade_estimate_8,intermediate,intermediate,6.538,29.484,10.861,intermediate_seed,intermediate_6_to_8.csv
solute,8,6-8,intermediate_6_to_8,855,7,true,n,tier2_nawl_academic+nawl_rank_855+grade_estimate_8,intermediate,intermediate,6.538,29.484,10.861,intermediate_seed,intermediate_6_to_8.csv
censor,8,6-8,intermediate_6_to_8,857,7,true,n,tier2_nawl_academic+nawl_rank_857+grade_estimate_8,intermediate,intermediate,6.538,29.484,10.861,intermediate_seed,intermediate_6_to_8.csv
portrayal,8,6-8,intermediate_6_to_8,858,7,true,adj,tier2_nawl_academic+nawl_rank_858+grade_estimate_8,intermediate,intermediate,5.738,29.484,11.561,intermediate_seed,intermediate_6_to_8.csv
variant,6,6-8,intermediate_6_to_8,178,61,true,adj,tier2_nawl_academic+nawl_rank_178+grade_estimate_6,intermediate,intermediate,6.111,29.481,11.296,intermediate_seed,intermediate_6_to_8.csv
visitor,7,6-8,intermediate_6_to_8,1398,61,false,n,tier1_ngsl_general+ngsl_rank_1398+grade_estimate_7,intermediate,intermediate,4.111,29.481,9.296,intermediate_seed,intermediate_6_to_8.csv
dear,7,6-8,intermediate_6_to_8,1401,61,false,n,tier1_ngsl_general+ngsl_rank_1401+grade_estimate_7,intermediate,intermediate,5.911,29.481,9.296,intermediate_seed,intermediate_6_to_8.csv
onto,7,6-8,intermediate_6_to_8,1404,61,false,prep,tier1_ngsl_general+ngsl_rank_1404+grade_estimate_7,intermediate,intermediate,5.911,29.481,9.296,intermediate_seed,intermediate_6_to_8.csv
vehicle,7,6-8,intermediate_6_to_8,1408,61,false,n,tier1_ngsl_general+ngsl_rank_1408+grade_estimate_7,intermediate,intermediate,4.111,29.481,9.296,intermediate_seed,intermediate_6_to_8.csv
diagram,6,6-8,intermediate_6_to_8,188,60,true,n,tier2_nawl_academic+nawl_rank_188+grade_estimate_6,intermediate,intermediate,6.107,29.476,11.292,intermediate_seed,intermediate_6_to_8.csv
thereby,6,6-8,intermediate_6_to_8,191,60,true,adv,tier2_nawl_academic+nawl_rank_191+grade_estimate_6,intermediate,intermediate,6.107,29.476,11.292,intermediate_seed,intermediate_6_to_8.csv
bind,7,6-8,intermediate_6_to_8,1411,60,false,n,tier1_ngsl_general+ngsl_rank_1411+grade_estimate_7,intermediate,intermediate,5.907,29.476,9.292,intermediate_seed,intermediate_6_to_8.csv
tonight,7,6-8,intermediate_6_to_8,1414,60,false,n,tier1_ngsl_general+ngsl_rank_1414+grade_estimate_7,intermediate,intermediate,4.107,29.476,9.292,intermediate_seed,intermediate_6_to_8.csv
bomb,7,6-8,intermediate_6_to_8,1417,60,false,n,tier1_ngsl_general+ngsl_rank_1417+grade_estimate_7,intermediate,intermediate,5.907,29.476,9.292,intermediate_seed,intermediate_6_to_8.csv
deny,7,6-8,intermediate_6_to_8,1429,59,false,n,tier1_ngsl_general+ngsl_rank_1429+grade_estimate_7,intermediate,intermediate,5.903,29.471,9.287,intermediate_seed,intermediate_6_to_8.csv
anybody,7,6-8,intermediate_6_to_8,1431,59,false,pron,tier1_ngsl_general+ngsl_rank_1431+grade_estimate_7,intermediate,intermediate,4.103,29.471,9.287,intermediate_seed,intermediate_6_to_8.csv
bedroom,7,6-8,intermediate_6_to_8,1432,59,false,n,tier1_ngsl_general+ngsl_rank_1432+grade_estimate_7,intermediate,intermediate,4.103,29.471,9.287,intermediate_seed,intermediate_6_to_8.csv
leaf,6,6-8,intermediate_6_to_8,205,58,true,n,tier2_nawl_academic+nawl_rank_205+grade_estimate_6,intermediate,intermediate,7.9,29.466,11.283,intermediate_seed,intermediate_6_to_8.csv
statistics,8,6-8,intermediate_6_to_8,859,6,true,n,tier2_nawl_academic+nawl_rank_859+grade_estimate_8,intermediate,intermediate,5.722,29.463,11.543,intermediate_seed,intermediate_6_to_8.csv
thumb,8,6-8,intermediate_6_to_8,860,6,true,n,tier2_nawl_academic+nawl_rank_860+grade_estimate_8,intermediate,intermediate,6.522,29.463,10.843,intermediate_seed,intermediate_6_to_8.csv
acidic,8,6-8,intermediate_6_to_8,861,6,true,adj,tier2_nawl_academic+nawl_rank_861+grade_estimate_8,intermediate,intermediate,6.522,29.463,10.843,intermediate_seed,intermediate_6_to_8.csv
uplift,8,6-8,intermediate_6_to_8,862,6,true,n,tier2_nawl_academic+nawl_rank_862+grade_estimate_8,intermediate,intermediate,6.522,29.463,10.843,intermediate_seed,intermediate_6_to_8.csv
congruent,8,6-8,intermediate_6_to_8,864,6,true,adj,tier2_nawl_academic+nawl_rank_864+grade_estimate_8,intermediate,intermediate,5.722,29.463,11.543,intermediate_seed,intermediate_6_to_8.csv
parcel,8,6-8,intermediate_6_to_8,865,6,true,n,tier2_nawl_academic+nawl_rank_865+grade_estimate_8,intermediate,intermediate,6.522,29.463,10.843,intermediate_seed,intermediate_6_to_8.csv
lecturer,8,6-8,intermediate_6_to_8,866,6,true,n,tier2_nawl_academic+nawl_rank_866+grade_estimate_8,intermediate,intermediate,5.722,29.463,11.543,intermediate_seed,intermediate_6_to_8.csv
poster,8,6-8,intermediate_6_to_8,868,6,true,n,tier2_nawl_academic+nawl_rank_868+grade_estimate_8,intermediate,intermediate,6.522,29.463,10.843,intermediate_seed,intermediate_6_to_8.csv
photographic,8,6-8,intermediate_6_to_8,870,6,true,adj,tier2_nawl_academic+nawl_rank_870+grade_estimate_8,intermediate,intermediate,5.722,29.463,13.043,intermediate_seed,intermediate_6_to_8.csv
auction,8,6-8,intermediate_6_to_8,871,6,true,n,tier2_nawl_academic+nawl_rank_871+grade_estimate_8,intermediate,intermediate,5.722,29.463,12.243,intermediate_seed,intermediate_6_to_8.csv
mentor,8,6-8,intermediate_6_to_8,873,6,true,n,tier2_nawl_academic+nawl_rank_873+grade_estimate_8,intermediate,intermediate,6.522,29.463,10.843,intermediate_seed,intermediate_6_to_8.csv
watershed,8,6-8,intermediate_6_to_8,877,6,true,v,tier2_nawl_academic+nawl_rank_877+grade_estimate_8,intermediate,intermediate,5.722,29.463,11.543,intermediate_seed,intermediate_6_to_8.csv
acquire,7,6-8,intermediate_6_to_8,1464,57,false,n,tier1_ngsl_general+ngsl_rank_1464+grade_estimate_7,intermediate,intermediate,4.096,29.461,9.278,intermediate_seed,intermediate_6_to_8.csv
tear,7,6-8,intermediate_6_to_8,1470,57,false,n,tier1_ngsl_general+ngsl_rank_1470+grade_estimate_7,intermediate,intermediate,5.896,29.461,9.278,intermediate_seed,intermediate_6_to_8.csv
diverse,6,6-8,intermediate_6_to_8,219,56,true,adj,tier2_nawl_academic+nawl_rank_219+grade_estimate_6,intermediate,intermediate,6.092,29.456,11.274,intermediate_seed,intermediate_6_to_8.csv
shoe,7,6-8,intermediate_6_to_8,1476,56,false,n,tier1_ngsl_general+ngsl_rank_1476+grade_estimate_7,intermediate,intermediate,5.892,29.456,9.274,intermediate_seed,intermediate_6_to_8.csv
ad,7,6-8,intermediate_6_to_8,1478,56,false,n,tier1_ngsl_general+ngsl_rank_1478+grade_estimate_7,intermediate,intermediate,5.892,29.456,9.274,intermediate_seed,intermediate_6_to_8.csv
fee,7,6-8,intermediate_6_to_8,1479,56,false,n,tier1_ngsl_general+ngsl_rank_1479+grade_estimate_7,intermediate,intermediate,5.892,29.456,9.274,intermediate_seed,intermediate_6_to_8.csv
hall,7,6-8,intermediate_6_to_8,1480,56,false,n,tier1_ngsl_general+ngsl_rank_1480+grade_estimate_7,intermediate,intermediate,5.892,29.456,9.274,intermediate_seed,intermediate_6_to_8.csv
suspect,7,6-8,intermediate_6_to_8,1490,56,false,n,tier1_ngsl_general+ngsl_rank_1490+grade_estimate_7,intermediate,intermediate,4.092,29.456,9.274,intermediate_seed,intermediate_6_to_8.csv
explore,7,6-8,intermediate_6_to_8,1505,55,false,n,tier1_ngsl_general+ngsl_rank_1505+grade_estimate_7,intermediate,intermediate,4.088,29.45,9.269,intermediate_seed,intermediate_6_to_8.csv
reach,6,6-8,intermediate_6_to_8,380,260,false,n,tier1_ngsl_general+ngsl_rank_380+grade_estimate_6,intermediate,intermediate,9.259,29.445,7.702,intermediate_seed,intermediate_6_to_8.csv
social,6,6-8,intermediate_6_to_8,381,260,false,adj,tier1_ngsl_general+ngsl_rank_381+grade_estimate_6,intermediate,intermediate,9.259,29.445,7.702,intermediate_seed,intermediate_6_to_8.csv
wake,7,6-8,intermediate_6_to_8,1508,54,false,n,tier1_ngsl_general+ngsl_rank_1508+grade_estimate_7,intermediate,intermediate,5.884,29.445,9.264,intermediate_seed,intermediate_6_to_8.csv
bond,7,6-8,intermediate_6_to_8,1513,54,false,n,tier1_ngsl_general+ngsl_rank_1513+grade_estimate_7,intermediate,intermediate,5.884,29.445,9.264,intermediate_seed,intermediate_6_to_8.csv
hire,7,6-8,intermediate_6_to_8,1514,54,false,n,tier1_ngsl_general+ngsl_rank_1514+grade_estimate_7,intermediate,intermediate,5.884,29.445,9.264,intermediate_seed,intermediate_6_to_8.csv
tie,7,6-8,intermediate_6_to_8,1516,54,false,n,tier1_ngsl_general+ngsl_rank_1516+grade_estimate_7,intermediate,intermediate,5.884,29.445,9.264,intermediate_seed,intermediate_6_to_8.csv
oxidize,8,6-8,intermediate_6_to_8,879,5,true,v,tier2_nawl_academic+nawl_rank_879+grade_estimate_8,intermediate,intermediate,5.706,29.441,12.223,intermediate_seed,intermediate_6_to_8.csv
noisy,8,6-8,intermediate_6_to_8,881,5,true,n,tier2_nawl_academic+nawl_rank_881+grade_estimate_8,intermediate,intermediate,6.506,29.441,10.823,intermediate_seed,intermediate_6_to_8.csv
headquarters,8,6-8,intermediate_6_to_8,882,5,true,n,tier2_nawl_academic+nawl_rank_882+grade_estimate_8,intermediate,intermediate,5.706,29.441,13.023,intermediate_seed,intermediate_6_to_8.csv
phenomenal,8,6-8,intermediate_6_to_8,883,5,true,adj,tier2_nawl_academic+nawl_rank_883+grade_estimate_8,intermediate,intermediate,5.706,29.441,11.523,intermediate_seed,intermediate_6_to_8.csv
multinational,8,6-8,intermediate_6_to_8,884,5,true,adj,tier2_nawl_academic+nawl_rank_884+grade_estimate_8,intermediate,intermediate,5.706,29.441,13.023,intermediate_seed,intermediate_6_to_8.csv
comma,8,6-8,intermediate_6_to_8,885,5,true,n,tier2_nawl_academic+nawl_rank_885+grade_estimate_8,intermediate,intermediate,6.506,29.441,10.823,intermediate_seed,intermediate_6_to_8.csv
specialty,8,6-8,intermediate_6_to_8,887,5,true,n,tier2_nawl_academic+nawl_rank_887+grade_estimate_8,intermediate,intermediate,5.706,29.441,11.523,intermediate_seed,intermediate_6_to_8.csv
enormously,8,6-8,intermediate_6_to_8,889,5,true,adv,tier2_nawl_academic+nawl_rank_889+grade_estimate_8,intermediate,intermediate,5.706,29.441,11.523,intermediate_seed,intermediate_6_to_8.csv
novice,8,6-8,intermediate_6_to_8,889,5,true,n,tier2_nawl_academic+nawl_rank_889+grade_estimate_8,intermediate,intermediate,6.506,29.441,10.823,intermediate_seed,intermediate_6_to_8.csv
campus,8,6-8,intermediate_6_to_8,892,5,true,n,tier2_nawl_academic+nawl_rank_892+grade_estimate_8,intermediate,intermediate,6.506,29.441,10.823,intermediate_seed,intermediate_6_to_8.csv
clever,8,6-8,intermediate_6_to_8,893,5,true,n,tier2_nawl_academic+nawl_rank_893+grade_estimate_8,intermediate,intermediate,6.506,29.441,10.823,intermediate_seed,intermediate_6_to_8.csv
sometime,8,6-8,intermediate_6_to_8,895,5,true,n,tier2_nawl_academic+nawl_rank_895+grade_estimate_8,intermediate,intermediate,5.706,29.441,11.523,intermediate_seed,intermediate_6_to_8.csv
recipe,8,6-8,intermediate_6_to_8,898,5,true,n,tier2_nawl_academic+nawl_rank_898+grade_estimate_8,intermediate,intermediate,6.506,29.441,10.823,intermediate_seed,intermediate_6_to_8.csv
syllabus,8,6-8,intermediate_6_to_8,902,5,true,n,tier2_nawl_academic+nawl_rank_902+grade_estimate_8,intermediate,intermediate,5.706,29.441,11.523,intermediate_seed,intermediate_6_to_8.csv
non,6,6-8,intermediate_6_to_8,235,53,true,n,tier2_nawl_academic+nawl_rank_235+grade_estimate_6,intermediate,intermediate,7.88,29.439,11.26,intermediate_seed,intermediate_6_to_8.csv
expense,7,6-8,intermediate_6_to_8,1531,53,false,n,tier1_ngsl_general+ngsl_rank_1531+grade_estimate_7,intermediate,intermediate,4.08,29.439,9.26,intermediate_seed,intermediate_6_to_8.csv
rank,7,6-8,intermediate_6_to_8,1535,53,false,n,tier1_ngsl_general+ngsl_rank_1535+grade_estimate_7,intermediate,intermediate,5.88,29.439,9.26,intermediate_seed,intermediate_6_to_8.csv
typical,7,6-8,intermediate_6_to_8,1536,53,false,adj,tier1_ngsl_general+ngsl_rank_1536+grade_estimate_7,intermediate,intermediate,4.08,29.439,9.26,intermediate_seed,intermediate_6_to_8.csv
political,6,6-8,intermediate_6_to_8,394,255,false,adj,tier1_ngsl_general+ngsl_rank_394+grade_estimate_6,intermediate,intermediate,8.454,29.439,8.396,intermediate_seed,intermediate_6_to_8.csv
policy,6,6-8,intermediate_6_to_8,399,253,false,n,tier1_ngsl_general+ngsl_rank_399+grade_estimate_6,intermediate,intermediate,9.252,29.436,7.694,intermediate_seed,intermediate_6_to_8.csv
atom,6,6-8,intermediate_6_to_8,244,52,true,n,tier2_nawl_academic+nawl_rank_244+grade_estimate_6,intermediate,intermediate,7.875,29.434,11.255,intermediate_seed,intermediate_6_to_8.csv
inhibit,6,6-8,intermediate_6_to_8,249,52,true,v,tier2_nawl_academic+nawl_rank_249+grade_estimate_6,intermediate,intermediate,6.075,29.434,11.255,intermediate_seed,intermediate_6_to_8.csv
predict,7,6-8,intermediate_6_to_8,1561,52,false,v,tier1_ngsl_general+ngsl_rank_1561+grade_estimate_7,intermediate,intermediate,4.075,29.434,9.255,intermediate_seed,intermediate_6_to_8.csv
largely,7,6-8,intermediate_6_to_8,1564,52,false,adv,tier1_ngsl_general+ngsl_rank_1564+grade_estimate_7,intermediate,intermediate,4.075,29.434,9.255,intermediate_seed,intermediate_6_to_8.csv
wed,7,6-8,intermediate_6_to_8,1565,52,false,v,tier1_ngsl_general+ngsl_rank_1565+grade_estimate_7,intermediate,intermediate,5.875,29.434,9.255,intermediate_seed,intermediate_6_to_8.csv
rent,7,6-8,intermediate_6_to_8,1566,52,false,adj,tier1_ngsl_general+ngsl_rank_1566+grade_estimate_7,intermediate,intermediate,5.875,29.434,9.255,intermediate_seed,intermediate_6_to_8.csv
shot,7,6-8,intermediate_6_to_8,1567,52,false,n,tier1_ngsl_general+ngsl_rank_1567+grade_estimate_7,intermediate,intermediate,5.875,29.434,9.255,intermediate_seed,intermediate_6_to_8.csv
till,7,6-8,intermediate_6_to_8,1571,52,false,n,tier1_ngsl_general+ngsl_rank_1571+grade_estimate_7,intermediate,intermediate,5.875,29.434,9.255,intermediate_seed,intermediate_6_to_8.csv
individual,6,6-8,intermediate_6_to_8,409,248,false,adj,tier1_ngsl_general+ngsl_rank_409+grade_estimate_6,intermediate,intermediate,8.447,29.429,8.388,intermediate_seed,intermediate_6_to_8.csv
lateral,7,6-8,intermediate_6_to_8,258,51,true,adj,tier2_nawl_academic+nawl_rank_258+grade_estimate_7,intermediate,intermediate,6.071,29.428,11.25,intermediate_seed,intermediate_6_to_8.csv
odd,7,6-8,intermediate_6_to_8,1574,51,false,n,tier1_ngsl_general+ngsl_rank_1574+grade_estimate_7,intermediate,intermediate,5.871,29.428,9.25,intermediate_seed,intermediate_6_to_8.csv
approve,7,6-8,intermediate_6_to_8,1575,51,false,n,tier1_ngsl_general+ngsl_rank_1575+grade_estimate_7,intermediate,intermediate,4.071,29.428,9.25,intermediate_seed,intermediate_6_to_8.csv
loan,7,6-8,intermediate_6_to_8,1576,51,false,n,tier1_ngsl_general+ngsl_rank_1576+grade_estimate_7,intermediate,intermediate,5.871,29.428,9.25,intermediate_seed,intermediate_6_to_8.csv
license,7,6-8,intermediate_6_to_8,1583,51,false,n,tier1_ngsl_general+ngsl_rank_1583+grade_estimate_7,intermediate,intermediate,4.071,29.428,9.25,intermediate_seed,intermediate_6_to_8.csv
logical,7,6-8,intermediate_6_to_8,262,50,true,adj,tier2_nawl_academic+nawl_rank_262+grade_estimate_7,intermediate,intermediate,6.067,29.423,11.245,intermediate_seed,intermediate_6_to_8.csv
tea,7,6-8,intermediate_6_to_8,1599,50,false,n,tier1_ngsl_general+ngsl_rank_1599+grade_estimate_7,intermediate,intermediate,5.867,29.423,9.245,intermediate_seed,intermediate_6_to_8.csv
agree,6,6-8,intermediate_6_to_8,420,240,false,v,tier1_ngsl_general+ngsl_rank_420+grade_estimate_6,intermediate,intermediate,9.239,29.418,7.679,intermediate_seed,intermediate_6_to_8.csv
factorial,8,6-8,intermediate_6_to_8,904,4,true,adj,tier2_nawl_academic+nawl_rank_904+grade_estimate_8,intermediate,intermediate,5.688,29.417,11.502,intermediate_seed,intermediate_6_to_8.csv
lever,8,6-8,intermediate_6_to_8,905,4,true,n,tier2_nawl_academic+nawl_rank_905+grade_estimate_8,intermediate,intermediate,6.488,29.417,10.802,intermediate_seed,intermediate_6_to_8.csv
descriptor,8,6-8,intermediate_6_to_8,906,4,true,n,tier2_nawl_academic+nawl_rank_906+grade_estimate_8,intermediate,intermediate,5.688,29.417,11.502,intermediate_seed,intermediate_6_to_8.csv
semester,8,6-8,intermediate_6_to_8,907,4,true,n,tier2_nawl_academic+nawl_rank_907+grade_estimate_8,intermediate,intermediate,5.688,29.417,11.502,intermediate_seed,intermediate_6_to_8.csv
underneath,8,6-8,intermediate_6_to_8,908,4,true,n,tier2_nawl_academic+nawl_rank_908+grade_estimate_8,intermediate,intermediate,5.688,29.417,11.502,intermediate_seed,intermediate_6_to_8.csv
herbicide,8,6-8,intermediate_6_to_8,910,4,true,n,tier2_nawl_academic+nawl_rank_910+grade_estimate_8,intermediate,intermediate,5.688,29.417,11.502,intermediate_seed,intermediate_6_to_8.csv
bonus,8,6-8,intermediate_6_to_8,911,4,true,n,tier2_nawl_academic+nawl_rank_911+grade_estimate_8,intermediate,intermediate,6.488,29.417,10.802,intermediate_seed,intermediate_6_to_8.csv
cheat,8,6-8,intermediate_6_to_8,912,4,true,n,tier2_nawl_academic+nawl_rank_912+grade_estimate_8,intermediate,intermediate,6.488,29.417,10.802,intermediate_seed,intermediate_6_to_8.csv
radar,8,6-8,intermediate_6_to_8,915,4,true,n,tier2_nawl_academic+nawl_rank_915+grade_estimate_8,intermediate,intermediate,6.488,29.417,10.802,intermediate_seed,intermediate_6_to_8.csv
scripture,8,6-8,intermediate_6_to_8,917,4,true,n,tier2_nawl_academic+nawl_rank_917+grade_estimate_8,intermediate,intermediate,5.688,29.417,11.502,intermediate_seed,intermediate_6_to_8.csv
whichever,8,6-8,intermediate_6_to_8,919,4,true,n,tier2_nawl_academic+nawl_rank_919+grade_estimate_8,intermediate,intermediate,5.688,29.417,11.502,intermediate_seed,intermediate_6_to_8.csv
ethical,7,6-8,intermediate_6_to_8,270,49,true,adj,tier2_nawl_academic+nawl_rank_270+grade_estimate_7,intermediate,intermediate,6.063,29.417,11.24,intermediate_seed,intermediate_6_to_8.csv
span,7,6-8,intermediate_6_to_8,279,49,true,n,tier2_nawl_academic+nawl_rank_279+grade_estimate_7,intermediate,intermediate,7.863,29.417,11.24,intermediate_seed,intermediate_6_to_8.csv
dialect,7,6-8,intermediate_6_to_8,282,49,true,n,tier2_nawl_academic+nawl_rank_282+grade_estimate_7,intermediate,intermediate,6.063,29.417,11.24,intermediate_seed,intermediate_6_to_8.csv
journey,7,6-8,intermediate_6_to_8,1621,49,false,n,tier1_ngsl_general+ngsl_rank_1621+grade_estimate_7,intermediate,intermediate,4.063,29.417,9.24,intermediate_seed,intermediate_6_to_8.csv
debt,7,6-8,intermediate_6_to_8,1624,49,false,n,tier1_ngsl_general+ngsl_rank_1624+grade_estimate_7,intermediate,intermediate,5.863,29.417,9.24,intermediate_seed,intermediate_6_to_8.csv
recover,7,6-8,intermediate_6_to_8,1631,49,false,n,tier1_ngsl_general+ngsl_rank_1631+grade_estimate_7,intermediate,intermediate,4.063,29.417,9.24,intermediate_seed,intermediate_6_to_8.csv
dad,7,6-8,intermediate_6_to_8,1632,49,false,n,tier1_ngsl_general+ngsl_rank_1632+grade_estimate_7,intermediate,intermediate,5.863,29.417,9.24,intermediate_seed,intermediate_6_to_8.csv
stretch,7,6-8,intermediate_6_to_8,1633,49,false,n,tier1_ngsl_general+ngsl_rank_1633+grade_estimate_7,intermediate,intermediate,4.063,29.417,9.24,intermediate_seed,intermediate_6_to_8.csv
declare,7,6-8,intermediate_6_to_8,1634,49,false,n,tier1_ngsl_general+ngsl_rank_1634+grade_estimate_7,intermediate,intermediate,4.063,29.417,9.24,intermediate_seed,intermediate_6_to_8.csv
research,6,6-8,intermediate_6_to_8,423,237,false,n,tier1_ngsl_general+ngsl_rank_423+grade_estimate_6,intermediate,intermediate,8.436,29.414,8.375,intermediate_seed,intermediate_6_to_8.csv
cover,6,6-8,intermediate_6_to_8,424,236,false,v,tier1_ngsl_general+ngsl_rank_424+grade_estimate_6,intermediate,intermediate,9.235,29.413,7.674,intermediate_seed,intermediate_6_to_8.csv
computer,6,6-8,intermediate_6_to_8,429,235,false,n,tier1_ngsl_general+ngsl_rank_429+grade_estimate_6,intermediate,intermediate,8.433,29.411,8.372,intermediate_seed,intermediate_6_to_8.csv
loop,7,6-8,intermediate_6_to_8,285,48,true,n,tier2_nawl_academic+nawl_rank_285+grade_estimate_7,intermediate,intermediate,7.858,29.411,11.234,intermediate_seed,intermediate_6_to_8.csv
algebra,7,6-8,intermediate_6_to_8,286,48,true,n,tier2_nawl_academic+nawl_rank_286+grade_estimate_7,intermediate,intermediate,6.058,29.411,11.234,intermediate_seed,intermediate_6_to_8.csv
analyze,7,6-8,intermediate_6_to_8,1641,48,false,n,tier1_ngsl_general+ngsl_rank_1641+grade_estimate_7,intermediate,intermediate,4.058,29.411,9.234,intermediate_seed,intermediate_6_to_8.csv
witness,7,6-8,intermediate_6_to_8,1642,48,false,n,tier1_ngsl_general+ngsl_rank_1642+grade_estimate_7,intermediate,intermediate,4.058,29.411,9.234,intermediate_seed,intermediate_6_to_8.csv
staff,6,6-8,intermediate_6_to_8,431,234,false,n,tier1_ngsl_general+ngsl_rank_431+grade_estimate_6,intermediate,intermediate,9.232,29.41,7.671,intermediate_seed,intermediate_6_to_8.csv
pre,7,6-8,intermediate_6_to_8,305,47,true,n,tier2_nawl_academic+nawl_rank_305+grade_estimate_7,intermediate,intermediate,7.854,29.405,11.229,intermediate_seed,intermediate_6_to_8.csv
fat,7,6-8,intermediate_6_to_8,1654,47,false,n,tier1_ngsl_general+ngsl_rank_1654+grade_estimate_7,intermediate,intermediate,5.854,29.405,9.229,intermediate_seed,intermediate_6_to_8.csv
tip,7,6-8,intermediate_6_to_8,1659,47,false,n,tier1_ngsl_general+ngsl_rank_1659+grade_estimate_7,intermediate,intermediate,5.854,29.405,9.229,intermediate_seed,intermediate_6_to_8.csv
ear,7,6-8,intermediate_6_to_8,1664,47,false,n,tier1_ngsl_general+ngsl_rank_1664+grade_estimate_7,intermediate,intermediate,5.854,29.405,9.229,intermediate_seed,intermediate_6_to_8.csv
calcium,7,6-8,intermediate_6_to_8,315,46,true,n,tier2_nawl_academic+nawl_rank_315+grade_estimate_7,intermediate,intermediate,6.049,29.399,11.224,intermediate_seed,intermediate_6_to_8.csv
cue,7,6-8,intermediate_6_to_8,327,46,true,n,tier2_nawl_academic+nawl_rank_327+grade_estimate_7,intermediate,intermediate,7.849,29.399,11.224,intermediate_seed,intermediate_6_to_8.csv
folk,7,6-8,intermediate_6_to_8,1675,46,false,n,tier1_ngsl_general+ngsl_rank_1675+grade_estimate_7,intermediate,intermediate,5.849,29.399,9.224,intermediate_seed,intermediate_6_to_8.csv
kiss,7,6-8,intermediate_6_to_8,1680,46,false,n,tier1_ngsl_general+ngsl_rank_1680+grade_estimate_7,intermediate,intermediate,5.849,29.399,9.224,intermediate_seed,intermediate_6_to_8.csv
compete,7,6-8,intermediate_6_to_8,1683,46,false,v,tier1_ngsl_general+ngsl_rank_1683+grade_estimate_7,intermediate,intermediate,4.049,29.399,9.224,intermediate_seed,intermediate_6_to_8.csv
poll,7,6-8,intermediate_6_to_8,1684,46,false,n,tier1_ngsl_general+ngsl_rank_1684+grade_estimate_7,intermediate,intermediate,5.849,29.399,9.224,intermediate_seed,intermediate_6_to_8.csv
weak,7,6-8,intermediate_6_to_8,1685,46,false,n,tier1_ngsl_general+ngsl_rank_1685+grade_estimate_7,intermediate,intermediate,5.849,29.399,9.224,intermediate_seed,intermediate_6_to_8.csv
reserve,7,6-8,intermediate_6_to_8,1688,46,false,n,tier1_ngsl_general+ngsl_rank_1688+grade_estimate_7,intermediate,intermediate,4.049,29.399,9.224,intermediate_seed,intermediate_6_to_8.csv
bore,7,6-8,intermediate_6_to_8,1690,46,false,n,tier1_ngsl_general+ngsl_rank_1690+grade_estimate_7,intermediate,intermediate,5.849,29.399,9.224,intermediate_seed,intermediate_6_to_8.csv
somehow,7,6-8,intermediate_6_to_8,1692,46,false,n,tier1_ngsl_general+ngsl_rank_1692+grade_estimate_7,intermediate,intermediate,4.049,29.399,9.224,intermediate_seed,intermediate_6_to_8.csv
justice,7,6-8,intermediate_6_to_8,1696,46,false,n,tier1_ngsl_general+ngsl_rank_1696+grade_estimate_7,intermediate,intermediate,4.049,29.399,9.224,intermediate_seed,intermediate_6_to_8.csv
readily,7,6-8,intermediate_6_to_8,332,45,true,adv,tier2_nawl_academic+nawl_rank_332+grade_estimate_7,intermediate,intermediate,6.044,29.392,11.218,intermediate_seed,intermediate_6_to_8.csv
rush,7,6-8,intermediate_6_to_8,1699,45,false,n,tier1_ngsl_general+ngsl_rank_1699+grade_estimate_7,intermediate,intermediate,5.844,29.392,9.218,intermediate_seed,intermediate_6_to_8.csv
ban,7,6-8,intermediate_6_to_8,1706,45,false,n,tier1_ngsl_general+ngsl_rank_1706+grade_estimate_7,intermediate,intermediate,5.844,29.392,9.218,intermediate_seed,intermediate_6_to_8.csv
protest,7,6-8,intermediate_6_to_8,1708,45,false,n,tier1_ngsl_general+ngsl_rank_1708+grade_estimate_7,intermediate,intermediate,4.044,29.392,9.218,intermediate_seed,intermediate_6_to_8.csv
sad,7,6-8,intermediate_6_to_8,1710,45,false,n,tier1_ngsl_general+ngsl_rank_1710+grade_estimate_7,intermediate,intermediate,5.844,29.392,9.218,intermediate_seed,intermediate_6_to_8.csv
command,7,6-8,intermediate_6_to_8,1714,45,false,n,tier1_ngsl_general+ngsl_rank_1714+grade_estimate_7,intermediate,intermediate,4.044,29.392,9.218,intermediate_seed,intermediate_6_to_8.csv
joke,7,6-8,intermediate_6_to_8,1719,45,false,n,tier1_ngsl_general+ngsl_rank_1719+grade_estimate_7,intermediate,intermediate,5.844,29.392,9.218,intermediate_seed,intermediate_6_to_8.csv
bullet,8,6-8,intermediate_6_to_8,920,3,true,n,tier2_nawl_academic+nawl_rank_920+grade_estimate_8,intermediate,intermediate,6.468,29.391,10.78,intermediate_seed,intermediate_6_to_8.csv
punch,8,6-8,intermediate_6_to_8,921,3,true,n,tier2_nawl_academic+nawl_rank_921+grade_estimate_8,intermediate,intermediate,6.468,29.391,10.78,intermediate_seed,intermediate_6_to_8.csv
incredible,8,6-8,intermediate_6_to_8,926,3,true,adj,tier2_nawl_academic+nawl_rank_926+grade_estimate_8,intermediate,intermediate,5.668,29.391,11.48,intermediate_seed,intermediate_6_to_8.csv
deadline,8,6-8,intermediate_6_to_8,928,3,true,n,tier2_nawl_academic+nawl_rank_928+grade_estimate_8,intermediate,intermediate,5.668,29.391,11.48,intermediate_seed,intermediate_6_to_8.csv
slash,8,6-8,intermediate_6_to_8,931,3,true,n,tier2_nawl_academic+nawl_rank_931+grade_estimate_8,intermediate,intermediate,6.468,29.391,10.78,intermediate_seed,intermediate_6_to_8.csv
multi,8,6-8,intermediate_6_to_8,933,3,true,n,tier2_nawl_academic+nawl_rank_933+grade_estimate_8,intermediate,intermediate,6.468,29.391,10.78,intermediate_seed,intermediate_6_to_8.csv
exploit,7,6-8,intermediate_6_to_8,356,44,true,v,tier2_nawl_academic+nawl_rank_356+grade_estimate_7,intermediate,intermediate,6.039,29.386,11.213,intermediate_seed,intermediate_6_to_8.csv
besides,7,6-8,intermediate_6_to_8,1725,44,false,n,tier1_ngsl_general+ngsl_rank_1725+grade_estimate_7,intermediate,intermediate,4.039,29.386,9.213,intermediate_seed,intermediate_6_to_8.csv
ill,7,6-8,intermediate_6_to_8,1729,44,false,n,tier1_ngsl_general+ngsl_rank_1729+grade_estimate_7,intermediate,intermediate,5.839,29.386,9.213,intermediate_seed,intermediate_6_to_8.csv
closely,7,6-8,intermediate_6_to_8,1731,44,false,adv,tier1_ngsl_general+ngsl_rank_1731+grade_estimate_7,intermediate,intermediate,4.039,29.386,9.213,intermediate_seed,intermediate_6_to_8.csv
via,7,6-8,intermediate_6_to_8,1734,44,false,n,tier1_ngsl_general+ngsl_rank_1734+grade_estimate_7,intermediate,intermediate,5.839,29.386,9.213,intermediate_seed,intermediate_6_to_8.csv
hell,7,6-8,intermediate_6_to_8,1743,44,false,n,tier1_ngsl_general+ngsl_rank_1743+grade_estimate_7,intermediate,intermediate,5.839,29.386,9.213,intermediate_seed,intermediate_6_to_8.csv
wage,7,6-8,intermediate_6_to_8,1757,43,false,n,tier1_ngsl_general+ngsl_rank_1757+grade_estimate_7,intermediate,intermediate,5.835,29.379,9.207,intermediate_seed,intermediate_6_to_8.csv
rare,7,6-8,intermediate_6_to_8,1763,43,false,n,tier1_ngsl_general+ngsl_rank_1763+grade_estimate_7,intermediate,intermediate,5.835,29.379,9.207,intermediate_seed,intermediate_6_to_8.csv
gap,7,6-8,intermediate_6_to_8,1767,43,false,n,tier1_ngsl_general+ngsl_rank_1767+grade_estimate_7,intermediate,intermediate,5.835,29.379,9.207,intermediate_seed,intermediate_6_to_8.csv
minimum,7,6-8,intermediate_6_to_8,1769,43,false,n,tier1_ngsl_general+ngsl_rank_1769+grade_estimate_7,intermediate,intermediate,4.035,29.379,9.207,intermediate_seed,intermediate_6_to_8.csv
equally,7,6-8,intermediate_6_to_8,1772,43,false,adv,tier1_ngsl_general+ngsl_rank_1772+grade_estimate_7,intermediate,intermediate,4.035,29.379,9.207,intermediate_seed,intermediate_6_to_8.csv
detail,6,6-8,intermediate_6_to_8,472,213,false,n,tier1_ngsl_general+ngsl_rank_472+grade_estimate_6,intermediate,intermediate,9.209,29.379,7.644,intermediate_seed,intermediate_6_to_8.csv
residue,7,6-8,intermediate_6_to_8,366,42,true,n,tier2_nawl_academic+nawl_rank_366+grade_estimate_7,intermediate,intermediate,6.03,29.373,11.201,intermediate_seed,intermediate_6_to_8.csv
harvest,7,6-8,intermediate_6_to_8,372,42,true,n,tier2_nawl_academic+nawl_rank_372+grade_estimate_7,intermediate,intermediate,6.03,29.373,11.201,intermediate_seed,intermediate_6_to_8.csv
suicide,7,6-8,intermediate_6_to_8,373,42,true,n,tier2_nawl_academic+nawl_rank_373+grade_estimate_7,intermediate,intermediate,6.03,29.373,11.201,intermediate_seed,intermediate_6_to_8.csv
victory,7,6-8,intermediate_6_to_8,1776,42,false,n,tier1_ngsl_general+ngsl_rank_1776+grade_estimate_7,intermediate,intermediate,4.03,29.373,9.201,intermediate_seed,intermediate_6_to_8.csv
resolve,7,6-8,intermediate_6_to_8,1777,42,false,n,tier1_ngsl_general+ngsl_rank_1777+grade_estimate_7,intermediate,intermediate,4.03,29.373,9.201,intermediate_seed,intermediate_6_to_8.csv
urge,7,6-8,intermediate_6_to_8,1786,42,false,n,tier1_ngsl_general+ngsl_rank_1786+grade_estimate_7,intermediate,intermediate,5.83,29.373,9.201,intermediate_seed,intermediate_6_to_8.csv
health,6,6-8,intermediate_6_to_8,475,209,false,n,tier1_ngsl_general+ngsl_rank_475+grade_estimate_6,intermediate,intermediate,9.204,29.372,7.638,intermediate_seed,intermediate_6_to_8.csv
phone,6,6-8,intermediate_6_to_8,479,207,false,n,tier1_ngsl_general+ngsl_rank_479+grade_estimate_6,intermediate,intermediate,9.202,29.369,7.636,intermediate_seed,intermediate_6_to_8.csv
pi,7,6-8,intermediate_6_to_8,374,41,true,n,tier2_nawl_academic+nawl_rank_374+grade_estimate_7,intermediate,intermediate,7.825,29.366,11.195,intermediate_seed,intermediate_6_to_8.csv
vast,7,6-8,intermediate_6_to_8,1802,41,false,n,tier1_ngsl_general+ngsl_rank_1802+grade_estimate_7,intermediate,intermediate,5.825,29.366,9.195,intermediate_seed,intermediate_6_to_8.csv
liberal,7,6-8,intermediate_6_to_8,1821,41,false,adj,tier1_ngsl_general+ngsl_rank_1821+grade_estimate_7,intermediate,intermediate,4.025,29.366,9.195,intermediate_seed,intermediate_6_to_8.csv
qualify,7,6-8,intermediate_6_to_8,1823,41,false,v,tier1_ngsl_general+ngsl_rank_1823+grade_estimate_7,intermediate,intermediate,4.025,29.366,9.195,intermediate_seed,intermediate_6_to_8.csv
hi,7,6-8,intermediate_6_to_8,1826,41,false,n,tier1_ngsl_general+ngsl_rank_1826+grade_estimate_7,intermediate,intermediate,5.825,29.366,9.195,intermediate_seed,intermediate_6_to_8.csv
customer,6,6-8,intermediate_6_to_8,487,205,false,n,tier1_ngsl_general+ngsl_rank_487+grade_estimate_6,intermediate,intermediate,8.399,29.366,8.333,intermediate_seed,intermediate_6_to_8.csv
tricky,8,6-8,intermediate_6_to_8,936,2,true,n,tier2_nawl_academic+nawl_rank_936+grade_estimate_8,intermediate,intermediate,6.448,29.363,10.755,intermediate_seed,intermediate_6_to_8.csv
cheer,8,6-8,intermediate_6_to_8,937,2,true,n,tier2_nawl_academic+nawl_rank_937+grade_estimate_8,intermediate,intermediate,6.448,29.363,10.755,intermediate_seed,intermediate_6_to_8.csv
athletic,8,6-8,intermediate_6_to_8,940,2,true,adj,tier2_nawl_academic+nawl_rank_940+grade_estimate_8,intermediate,intermediate,5.648,29.363,11.455,intermediate_seed,intermediate_6_to_8.csv
chess,8,6-8,intermediate_6_to_8,941,2,true,n,tier2_nawl_academic+nawl_rank_941+grade_estimate_8,intermediate,intermediate,6.448,29.363,10.755,intermediate_seed,intermediate_6_to_8.csv
terribly,8,6-8,intermediate_6_to_8,942,2,true,adv,tier2_nawl_academic+nawl_rank_942+grade_estimate_8,intermediate,intermediate,5.648,29.363,11.455,intermediate_seed,intermediate_6_to_8.csv
unintelligible,8,6-8,intermediate_6_to_8,943,2,true,adj,tier2_nawl_academic+nawl_rank_943+grade_estimate_8,intermediate,intermediate,5.648,29.363,12.955,intermediate_seed,intermediate_6_to_8.csv
circa,8,6-8,intermediate_6_to_8,944,2,true,n,tier2_nawl_academic+nawl_rank_944+grade_estimate_8,intermediate,intermediate,6.448,29.363,10.755,intermediate_seed,intermediate_6_to_8.csv
scroll,8,6-8,intermediate_6_to_8,945,2,true,n,tier2_nawl_academic+nawl_rank_945+grade_estimate_8,intermediate,intermediate,6.448,29.363,10.755,intermediate_seed,intermediate_6_to_8.csv
connector,8,6-8,intermediate_6_to_8,947,2,true,n,tier2_nawl_academic+nawl_rank_947+grade_estimate_8,intermediate,intermediate,5.648,29.363,11.455,intermediate_seed,intermediate_6_to_8.csv
nasty,8,6-8,intermediate_6_to_8,948,2,true,n,tier2_nawl_academic+nawl_rank_948+grade_estimate_8,intermediate,intermediate,6.448,29.363,10.755,intermediate_seed,intermediate_6_to_8.csv
incredibly,8,6-8,intermediate_6_to_8,949,2,true,adv,tier2_nawl_academic+nawl_rank_949+grade_estimate_8,intermediate,intermediate,5.648,29.363,11.455,intermediate_seed,intermediate_6_to_8.csv
applause,8,6-8,intermediate_6_to_8,956,2,true,n,tier2_nawl_academic+nawl_rank_956+grade_estimate_8,intermediate,intermediate,5.648,29.363,11.455,intermediate_seed,intermediate_6_to_8.csv
demonstrator,8,6-8,intermediate_6_to_8,957,2,true,n,tier2_nawl_academic+nawl_rank_957+grade_estimate_8,intermediate,intermediate,5.648,29.363,12.955,intermediate_seed,intermediate_6_to_8.csv
calculator,8,6-8,intermediate_6_to_8,958,2,true,n,tier2_nawl_academic+nawl_rank_958+grade_estimate_8,intermediate,intermediate,5.648,29.363,11.455,intermediate_seed,intermediate_6_to_8.csv
scatter,7,6-8,intermediate_6_to_8,384,40,true,v,tier2_nawl_academic+nawl_rank_384+grade_estimate_7,intermediate,intermediate,6.019,29.359,11.189,intermediate_seed,intermediate_6_to_8.csv
hormone,7,6-8,intermediate_6_to_8,388,40,true,n,tier2_nawl_academic+nawl_rank_388+grade_estimate_7,intermediate,intermediate,6.019,29.359,11.189,intermediate_seed,intermediate_6_to_8.csv
self,7,6-8,intermediate_6_to_8,1833,40,false,n,tier1_ngsl_general+ngsl_rank_1833+grade_estimate_7,intermediate,intermediate,5.819,29.359,9.189,intermediate_seed,intermediate_6_to_8.csv
maximum,7,6-8,intermediate_6_to_8,1841,40,false,n,tier1_ngsl_general+ngsl_rank_1841+grade_estimate_7,intermediate,intermediate,4.019,29.359,9.189,intermediate_seed,intermediate_6_to_8.csv
gray,7,6-8,intermediate_6_to_8,1849,40,false,n,tier1_ngsl_general+ngsl_rank_1849+grade_estimate_7,intermediate,intermediate,5.819,29.359,9.189,intermediate_seed,intermediate_6_to_8.csv
plastic,7,6-8,intermediate_6_to_8,1850,40,false,adj,tier1_ngsl_general+ngsl_rank_1850+grade_estimate_7,intermediate,intermediate,4.019,29.359,9.189,intermediate_seed,intermediate_6_to_8.csv
boss,7,6-8,intermediate_6_to_8,1854,40,false,n,tier1_ngsl_general+ngsl_rank_1854+grade_estimate_7,intermediate,intermediate,5.819,29.359,9.189,intermediate_seed,intermediate_6_to_8.csv
extreme,7,6-8,intermediate_6_to_8,1857,40,false,n,tier1_ngsl_general+ngsl_rank_1857+grade_estimate_7,intermediate,intermediate,4.019,29.359,9.189,intermediate_seed,intermediate_6_to_8.csv
economic,6,6-8,intermediate_6_to_8,493,199,false,adj,tier1_ngsl_general+ngsl_rank_493+grade_estimate_6,intermediate,intermediate,8.392,29.356,8.324,intermediate_seed,intermediate_6_to_8.csv
approach,6,6-8,intermediate_6_to_8,495,199,false,n,tier1_ngsl_general+ngsl_rank_495+grade_estimate_6,intermediate,intermediate,8.392,29.356,8.324,intermediate_seed,intermediate_6_to_8.csv
consent,7,6-8,intermediate_6_to_8,393,39,true,n,tier2_nawl_academic+nawl_rank_393+grade_estimate_7,intermediate,intermediate,6.014,29.352,11.183,intermediate_seed,intermediate_6_to_8.csv
deserve,7,6-8,intermediate_6_to_8,1872,39,false,n,tier1_ngsl_general+ngsl_rank_1872+grade_estimate_7,intermediate,intermediate,4.014,29.352,9.183,intermediate_seed,intermediate_6_to_8.csv
unusual,7,6-8,intermediate_6_to_8,1873,39,false,adj,tier1_ngsl_general+ngsl_rank_1873+grade_estimate_7,intermediate,intermediate,4.014,29.352,9.183,intermediate_seed,intermediate_6_to_8.csv
classic,7,6-8,intermediate_6_to_8,1875,39,false,adj,tier1_ngsl_general+ngsl_rank_1875+grade_estimate_7,intermediate,intermediate,4.014,29.352,9.183,intermediate_seed,intermediate_6_to_8.csv
soul,7,6-8,intermediate_6_to_8,1884,39,false,n,tier1_ngsl_general+ngsl_rank_1884+grade_estimate_7,intermediate,intermediate,5.814,29.352,9.183,intermediate_seed,intermediate_6_to_8.csv
sensory,7,6-8,intermediate_6_to_8,399,38,true,adj,tier2_nawl_academic+nawl_rank_399+grade_estimate_7,intermediate,intermediate,6.009,29.345,11.177,intermediate_seed,intermediate_6_to_8.csv
confine,7,6-8,intermediate_6_to_8,400,38,true,v,tier2_nawl_academic+nawl_rank_400+grade_estimate_7,intermediate,intermediate,6.009,29.345,11.177,intermediate_seed,intermediate_6_to_8.csv
mineral,7,6-8,intermediate_6_to_8,401,38,true,adj,tier2_nawl_academic+nawl_rank_401+grade_estimate_7,intermediate,intermediate,6.009,29.345,11.177,intermediate_seed,intermediate_6_to_8.csv
cope,7,6-8,intermediate_6_to_8,1901,38,false,n,tier1_ngsl_general+ngsl_rank_1901+grade_estimate_7,intermediate,intermediate,5.809,29.345,9.177,intermediate_seed,intermediate_6_to_8.csv
chip,7,6-8,intermediate_6_to_8,1910,38,false,n,tier1_ngsl_general+ngsl_rank_1910+grade_estimate_7,intermediate,intermediate,5.809,29.345,9.177,intermediate_seed,intermediate_6_to_8.csv
confuse,7,6-8,intermediate_6_to_8,1919,38,false,n,tier1_ngsl_general+ngsl_rank_1919+grade_estimate_7,intermediate,intermediate,4.009,29.345,9.177,intermediate_seed,intermediate_6_to_8.csv
install,7,6-8,intermediate_6_to_8,1924,38,false,n,tier1_ngsl_general+ngsl_rank_1924+grade_estimate_7,intermediate,intermediate,4.009,29.345,9.177,intermediate_seed,intermediate_6_to_8.csv
outline,7,6-8,intermediate_6_to_8,1931,38,false,n,tier1_ngsl_general+ngsl_rank_1931+grade_estimate_7,intermediate,intermediate,4.009,29.345,9.177,intermediate_seed,intermediate_6_to_8.csv
illness,7,6-8,intermediate_6_to_8,1938,38,false,n,tier1_ngsl_general+ngsl_rank_1938+grade_estimate_7,intermediate,intermediate,4.009,29.345,9.177,intermediate_seed,intermediate_6_to_8.csv
regard,6,6-8,intermediate_6_to_8,511,191,false,n,tier1_ngsl_general+ngsl_rank_511+grade_estimate_6,intermediate,intermediate,9.182,29.343,7.612,intermediate_seed,intermediate_6_to_8.csv
couple,6,6-8,intermediate_6_to_8,514,191,false,n,tier1_ngsl_general+ngsl_rank_514+grade_estimate_6,intermediate,intermediate,9.182,29.343,7.612,intermediate_seed,intermediate_6_to_8.csv
quality,6,6-8,intermediate_6_to_8,517,190,false,n,tier1_ngsl_general+ngsl_rank_517+grade_estimate_6,intermediate,intermediate,8.381,29.341,9.011,intermediate_seed,intermediate_6_to_8.csv
nominal,7,6-8,intermediate_6_to_8,408,37,true,adj,tier2_nawl_academic+nawl_rank_408+grade_estimate_7,intermediate,intermediate,6.003,29.338,11.17,intermediate_seed,intermediate_6_to_8.csv
lung,7,6-8,intermediate_6_to_8,413,37,true,n,tier2_nawl_academic+nawl_rank_413+grade_estimate_7,intermediate,intermediate,7.803,29.338,11.17,intermediate_seed,intermediate_6_to_8.csv
comfort,7,6-8,intermediate_6_to_8,1945,37,false,n,tier1_ngsl_general+ngsl_rank_1945+grade_estimate_7,intermediate,intermediate,4.003,29.338,9.17,intermediate_seed,intermediate_6_to_8.csv
gene,7,6-8,intermediate_6_to_8,1948,37,false,n,tier1_ngsl_general+ngsl_rank_1948+grade_estimate_7,intermediate,intermediate,5.803,29.338,9.17,intermediate_seed,intermediate_6_to_8.csv
plot,7,6-8,intermediate_6_to_8,1951,37,false,n,tier1_ngsl_general+ngsl_rank_1951+grade_estimate_7,intermediate,intermediate,5.803,29.338,9.17,intermediate_seed,intermediate_6_to_8.csv
bet,7,6-8,intermediate_6_to_8,1958,37,false,n,tier1_ngsl_general+ngsl_rank_1958+grade_estimate_7,intermediate,intermediate,5.803,29.338,9.17,intermediate_seed,intermediate_6_to_8.csv
abandon,7,6-8,intermediate_6_to_8,1965,37,false,n,tier1_ngsl_general+ngsl_rank_1965+grade_estimate_7,intermediate,intermediate,4.003,29.338,9.17,intermediate_seed,intermediate_6_to_8.csv
accord,6,6-8,intermediate_6_to_8,522,188,false,n,tier1_ngsl_general+ngsl_rank_522+grade_estimate_6,intermediate,intermediate,9.178,29.337,7.608,intermediate_seed,intermediate_6_to_8.csv
therefore,6,6-8,intermediate_6_to_8,525,187,false,adv,tier1_ngsl_general+ngsl_rank_525+grade_estimate_6,intermediate,intermediate,8.377,29.336,8.306,intermediate_seed,intermediate_6_to_8.csv
sneeze,8,6-8,intermediate_6_to_8,960,1,true,n,tier2_nawl_academic+nawl_rank_960+grade_estimate_8,intermediate,intermediate,6.425,29.333,10.729,intermediate_seed,intermediate_6_to_8.csv
sniff,8,6-8,intermediate_6_to_8,961,1,true,n,tier2_nawl_academic+nawl_rank_961+grade_estimate_8,intermediate,intermediate,6.425,29.333,10.729,intermediate_seed,intermediate_6_to_8.csv
descendent,8,6-8,intermediate_6_to_8,963,1,true,adj,tier2_nawl_academic+nawl_rank_963+grade_estimate_8,intermediate,intermediate,5.625,29.333,11.429,intermediate_seed,intermediate_6_to_8.csv
amongst,7,6-8,intermediate_6_to_8,433,36,true,n,tier2_nawl_academic+nawl_rank_433+grade_estimate_7,intermediate,intermediate,5.998,29.33,11.164,intermediate_seed,intermediate_6_to_8.csv
premise,7,6-8,intermediate_6_to_8,1973,36,false,v,tier1_ngsl_general+ngsl_rank_1973+grade_estimate_7,intermediate,intermediate,3.998,29.33,9.164,intermediate_seed,intermediate_6_to_8.csv
lean,7,6-8,intermediate_6_to_8,1974,36,false,n,tier1_ngsl_general+ngsl_rank_1974+grade_estimate_7,intermediate,intermediate,5.798,29.33,9.164,intermediate_seed,intermediate_6_to_8.csv
protein,7,6-8,intermediate_6_to_8,1978,36,false,n,tier1_ngsl_general+ngsl_rank_1978+grade_estimate_7,intermediate,intermediate,3.998,29.33,9.164,intermediate_seed,intermediate_6_to_8.csv
bike,7,6-8,intermediate_6_to_8,1979,36,false,n,tier1_ngsl_general+ngsl_rank_1979+grade_estimate_7,intermediate,intermediate,5.798,29.33,9.164,intermediate_seed,intermediate_6_to_8.csv
crucial,7,6-8,intermediate_6_to_8,1983,36,false,adj,tier1_ngsl_general+ngsl_rank_1983+grade_estimate_7,intermediate,intermediate,3.998,29.33,9.164,intermediate_seed,intermediate_6_to_8.csv
crop,7,6-8,intermediate_6_to_8,1986,36,false,n,tier1_ngsl_general+ngsl_rank_1986+grade_estimate_7,intermediate,intermediate,5.798,29.33,9.164,intermediate_seed,intermediate_6_to_8.csv
toy,7,6-8,intermediate_6_to_8,1994,36,false,n,tier1_ngsl_general+ngsl_rank_1994+grade_estimate_7,intermediate,intermediate,5.798,29.33,9.164,intermediate_seed,intermediate_6_to_8.csv
exhibit,7,6-8,intermediate_6_to_8,1996,36,false,n,tier1_ngsl_general+ngsl_rank_1996+grade_estimate_7,intermediate,intermediate,3.998,29.33,9.164,intermediate_seed,intermediate_6_to_8.csv
hunt,7,6-8,intermediate_6_to_8,1998,36,false,n,tier1_ngsl_general+ngsl_rank_1998+grade_estimate_7,intermediate,intermediate,5.798,29.33,9.164,intermediate_seed,intermediate_6_to_8.csv
peer,7,6-8,intermediate_6_to_8,2007,36,false,n,tier1_ngsl_general+ngsl_rank_2007+grade_estimate_7,intermediate,intermediate,5.798,29.33,9.164,intermediate_seed,intermediate_6_to_8.csv
wing,7,6-8,intermediate_6_to_8,2009,36,false,v,tier1_ngsl_general+ngsl_rank_2009+grade_estimate_7,intermediate,intermediate,5.798,29.33,9.164,intermediate_seed,intermediate_6_to_8.csv
certainly,6,6-8,intermediate_6_to_8,536,182,false,adv,tier1_ngsl_general+ngsl_rank_536+grade_estimate_6,intermediate,intermediate,8.37,29.327,8.298,intermediate_seed,intermediate_6_to_8.csv
teach,6,6-8,intermediate_6_to_8,539,181,false,n,tier1_ngsl_general+ngsl_rank_539+grade_estimate_6,intermediate,intermediate,9.169,29.325,7.597,intermediate_seed,intermediate_6_to_8.csv
thermal,7,6-8,intermediate_6_to_8,439,35,true,adj,tier2_nawl_academic+nawl_rank_439+grade_estimate_7,intermediate,intermediate,5.992,29.323,11.157,intermediate_seed,intermediate_6_to_8.csv
flux,7,6-8,intermediate_6_to_8,444,35,true,n,tier2_nawl_academic+nawl_rank_444+grade_estimate_7,intermediate,intermediate,7.792,29.323,11.157,intermediate_seed,intermediate_6_to_8.csv
analogy,7,6-8,intermediate_6_to_8,449,35,true,n,tier2_nawl_academic+nawl_rank_449+grade_estimate_7,intermediate,intermediate,5.992,29.323,11.157,intermediate_seed,intermediate_6_to_8.csv
adverse,7,6-8,intermediate_6_to_8,450,35,true,adj,tier2_nawl_academic+nawl_rank_450+grade_estimate_7,intermediate,intermediate,5.992,29.323,11.157,intermediate_seed,intermediate_6_to_8.csv
dispute,7,6-8,intermediate_6_to_8,2029,35,false,n,tier1_ngsl_general+ngsl_rank_2029+grade_estimate_7,intermediate,intermediate,3.992,29.323,9.157,intermediate_seed,intermediate_6_to_8.csv
gay,7,6-8,intermediate_6_to_8,2040,35,false,n,tier1_ngsl_general+ngsl_rank_2040+grade_estimate_7,intermediate,intermediate,5.792,29.323,9.157,intermediate_seed,intermediate_6_to_8.csv
unknown,7,6-8,intermediate_6_to_8,2043,35,false,n,tier1_ngsl_general+ngsl_rank_2043+grade_estimate_7,intermediate,intermediate,3.992,29.323,9.157,intermediate_seed,intermediate_6_to_8.csv
zone,7,6-8,intermediate_6_to_8,2045,35,false,n,tier1_ngsl_general+ngsl_rank_2045+grade_estimate_7,intermediate,intermediate,5.792,29.323,9.157,intermediate_seed,intermediate_6_to_8.csv
inch,7,6-8,intermediate_6_to_8,2048,35,false,n,tier1_ngsl_general+ngsl_rank_2048+grade_estimate_7,intermediate,intermediate,5.792,29.323,9.157,intermediate_seed,intermediate_6_to_8.csv
elderly,7,6-8,intermediate_6_to_8,2052,35,false,adv,tier1_ngsl_general+ngsl_rank_2052+grade_estimate_7,intermediate,intermediate,3.992,29.323,9.157,intermediate_seed,intermediate_6_to_8.csv
owe,7,6-8,intermediate_6_to_8,2053,35,false,n,tier1_ngsl_general+ngsl_rank_2053+grade_estimate_7,intermediate,intermediate,5.792,29.323,9.157,intermediate_seed,intermediate_6_to_8.csv
realize,6,6-8,intermediate_6_to_8,554,176,false,v,tier1_ngsl_general+ngsl_rank_554+grade_estimate_6,intermediate,intermediate,8.362,29.316,8.989,intermediate_seed,intermediate_6_to_8.csv
vein,7,6-8,intermediate_6_to_8,453,34,true,n,tier2_nawl_academic+nawl_rank_453+grade_estimate_7,intermediate,intermediate,7.786,29.315,11.15,intermediate_seed,intermediate_6_to_8.csv
rewrite,7,6-8,intermediate_6_to_8,456,34,true,v,tier2_nawl_academic+nawl_rank_456+grade_estimate_7,intermediate,intermediate,5.986,29.315,11.15,intermediate_seed,intermediate_6_to_8.csv
arrival,7,6-8,intermediate_6_to_8,2058,34,false,adj,tier1_ngsl_general+ngsl_rank_2058+grade_estimate_7,intermediate,intermediate,3.986,29.315,9.15,intermediate_seed,intermediate_6_to_8.csv
ease,7,6-8,intermediate_6_to_8,2061,34,false,n,tier1_ngsl_general+ngsl_rank_2061+grade_estimate_7,intermediate,intermediate,5.786,29.315,9.15,intermediate_seed,intermediate_6_to_8.csv
beer,7,6-8,intermediate_6_to_8,2062,34,false,n,tier1_ngsl_general+ngsl_rank_2062+grade_estimate_7,intermediate,intermediate,5.786,29.315,9.15,intermediate_seed,intermediate_6_to_8.csv
profile,7,6-8,intermediate_6_to_8,2065,34,false,n,tier1_ngsl_general+ngsl_rank_2065+grade_estimate_7,intermediate,intermediate,3.986,29.315,9.15,intermediate_seed,intermediate_6_to_8.csv
mood,7,6-8,intermediate_6_to_8,2066,34,false,n,tier1_ngsl_general+ngsl_rank_2066+grade_estimate_7,intermediate,intermediate,5.786,29.315,9.15,intermediate_seed,intermediate_6_to_8.csv
episode,7,6-8,intermediate_6_to_8,2067,34,false,n,tier1_ngsl_general+ngsl_rank_2067+grade_estimate_7,intermediate,intermediate,3.986,29.315,9.15,intermediate_seed,intermediate_6_to_8.csv
symptom,7,6-8,intermediate_6_to_8,2071,34,false,n,tier1_ngsl_general+ngsl_rank_2071+grade_estimate_7,intermediate,intermediate,3.986,29.315,9.15,intermediate_seed,intermediate_6_to_8.csv
era,7,6-8,intermediate_6_to_8,2073,34,false,n,tier1_ngsl_general+ngsl_rank_2073+grade_estimate_7,intermediate,intermediate,5.786,29.315,9.15,intermediate_seed,intermediate_6_to_8.csv
welfare,7,6-8,intermediate_6_to_8,2086,34,false,n,tier1_ngsl_general+ngsl_rank_2086+grade_estimate_7,intermediate,intermediate,3.986,29.315,9.15,intermediate_seed,intermediate_6_to_8.csv
recruit,7,6-8,intermediate_6_to_8,2087,34,false,n,tier1_ngsl_general+ngsl_rank_2087+grade_estimate_7,intermediate,intermediate,3.986,29.315,9.15,intermediate_seed,intermediate_6_to_8.csv
exclude,7,6-8,intermediate_6_to_8,2088,34,false,v,tier1_ngsl_general+ngsl_rank_2088+grade_estimate_7,intermediate,intermediate,3.986,29.315,9.15,intermediate_seed,intermediate_6_to_8.csv
accept,6,6-8,intermediate_6_to_8,561,172,false,v,tier1_ngsl_general+ngsl_rank_561+grade_estimate_6,intermediate,intermediate,9.156,29.308,7.582,intermediate_seed,intermediate_6_to_8.csv
mention,6,6-8,intermediate_6_to_8,564,172,false,v,tier1_ngsl_general+ngsl_rank_564+grade_estimate_6,intermediate,intermediate,8.356,29.308,8.982,intermediate_seed,intermediate_6_to_8.csv
peasant,7,6-8,intermediate_6_to_8,459,33,true,adj,tier2_nawl_academic+nawl_rank_459+grade_estimate_7,intermediate,intermediate,5.98,29.307,11.143,intermediate_seed,intermediate_6_to_8.csv
contour,7,6-8,intermediate_6_to_8,466,33,true,n,tier2_nawl_academic+nawl_rank_466+grade_estimate_7,intermediate,intermediate,5.98,29.307,11.143,intermediate_seed,intermediate_6_to_8.csv
inspire,7,6-8,intermediate_6_to_8,2092,33,false,n,tier1_ngsl_general+ngsl_rank_2092+grade_estimate_7,intermediate,intermediate,3.98,29.307,9.143,intermediate_seed,intermediate_6_to_8.csv
restore,7,6-8,intermediate_6_to_8,2100,33,false,n,tier1_ngsl_general+ngsl_rank_2100+grade_estimate_7,intermediate,intermediate,3.98,29.307,9.143,intermediate_seed,intermediate_6_to_8.csv
routine,7,6-8,intermediate_6_to_8,2104,33,false,n,tier1_ngsl_general+ngsl_rank_2104+grade_estimate_7,intermediate,intermediate,3.98,29.307,9.143,intermediate_seed,intermediate_6_to_8.csv
anymore,7,6-8,intermediate_6_to_8,2107,33,false,n,tier1_ngsl_general+ngsl_rank_2107+grade_estimate_7,intermediate,intermediate,3.98,29.307,9.143,intermediate_seed,intermediate_6_to_8.csv
convert,7,6-8,intermediate_6_to_8,2110,33,false,n,tier1_ngsl_general+ngsl_rank_2110+grade_estimate_7,intermediate,intermediate,3.98,29.307,9.143,intermediate_seed,intermediate_6_to_8.csv
pace,7,6-8,intermediate_6_to_8,2118,33,false,n,tier1_ngsl_general+ngsl_rank_2118+grade_estimate_7,intermediate,intermediate,5.78,29.307,9.143,intermediate_seed,intermediate_6_to_8.csv
heavily,7,6-8,intermediate_6_to_8,2119,33,false,adv,tier1_ngsl_general+ngsl_rank_2119+grade_estimate_7,intermediate,intermediate,3.98,29.307,9.143,intermediate_seed,intermediate_6_to_8.csv
justify,7,6-8,intermediate_6_to_8,2122,33,false,v,tier1_ngsl_general+ngsl_rank_2122+grade_estimate_7,intermediate,intermediate,3.98,29.307,9.143,intermediate_seed,intermediate_6_to_8.csv
pour,7,6-8,intermediate_6_to_8,2135,33,false,n,tier1_ngsl_general+ngsl_rank_2135+grade_estimate_7,intermediate,intermediate,5.78,29.307,9.143,intermediate_seed,intermediate_6_to_8.csv
limit,6,6-8,intermediate_6_to_8,572,168,false,v,tier1_ngsl_general+ngsl_rank_572+grade_estimate_6,intermediate,intermediate,9.15,29.3,7.575,intermediate_seed,intermediate_6_to_8.csv
myth,7,6-8,intermediate_6_to_8,475,32,true,n,tier2_nawl_academic+nawl_rank_475+grade_estimate_7,intermediate,intermediate,7.774,29.299,11.136,intermediate_seed,intermediate_6_to_8.csv
pub,7,6-8,intermediate_6_to_8,2141,32,false,n,tier1_ngsl_general+ngsl_rank_2141+grade_estimate_7,intermediate,intermediate,5.774,29.299,9.136,intermediate_seed,intermediate_6_to_8.csv
analyst,7,6-8,intermediate_6_to_8,2170,32,false,n,tier1_ngsl_general+ngsl_rank_2170+grade_estimate_7,intermediate,intermediate,3.974,29.299,9.136,intermediate_seed,intermediate_6_to_8.csv
cake,7,6-8,intermediate_6_to_8,2173,32,false,n,tier1_ngsl_general+ngsl_rank_2173+grade_estimate_7,intermediate,intermediate,5.774,29.299,9.136,intermediate_seed,intermediate_6_to_8.csv
effort,6,6-8,intermediate_6_to_8,577,167,false,n,tier1_ngsl_general+ngsl_rank_577+grade_estimate_6,intermediate,intermediate,9.149,29.298,7.574,intermediate_seed,intermediate_6_to_8.csv
reduce,6,6-8,intermediate_6_to_8,584,165,false,v,tier1_ngsl_general+ngsl_rank_584+grade_estimate_6,intermediate,intermediate,9.146,29.294,7.57,intermediate_seed,intermediate_6_to_8.csv
personal,6,6-8,intermediate_6_to_8,585,165,false,adj,tier1_ngsl_general+ngsl_rank_585+grade_estimate_6,intermediate,intermediate,8.346,29.294,8.27,intermediate_seed,intermediate_6_to_8.csv
leader,6,6-8,intermediate_6_to_8,596,163,false,n,tier1_ngsl_general+ngsl_rank_596+grade_estimate_6,intermediate,intermediate,9.143,29.29,7.567,intermediate_seed,intermediate_6_to_8.csv
trap,7,6-8,intermediate_6_to_8,2184,31,false,n,tier1_ngsl_general+ngsl_rank_2184+grade_estimate_7,intermediate,intermediate,5.768,29.29,9.129,intermediate_seed,intermediate_6_to_8.csv
tank,7,6-8,intermediate_6_to_8,2189,31,false,n,tier1_ngsl_general+ngsl_rank_2189+grade_estimate_7,intermediate,intermediate,5.768,29.29,9.129,intermediate_seed,intermediate_6_to_8.csv
tune,7,6-8,intermediate_6_to_8,2192,31,false,n,tier1_ngsl_general+ngsl_rank_2192+grade_estimate_7,intermediate,intermediate,5.768,29.29,9.129,intermediate_seed,intermediate_6_to_8.csv
bid,7,6-8,intermediate_6_to_8,2197,31,false,n,tier1_ngsl_general+ngsl_rank_2197+grade_estimate_7,intermediate,intermediate,5.768,29.29,9.129,intermediate_seed,intermediate_6_to_8.csv
adviser,8,6-8,intermediate_6_to_8,2201,31,false,n,tier1_ngsl_general+ngsl_rank_2201+grade_estimate_8,intermediate,intermediate,3.968,29.29,9.129,intermediate_seed,intermediate_6_to_8.csv
stem,8,6-8,intermediate_6_to_8,2202,31,false,n,tier1_ngsl_general+ngsl_rank_2202+grade_estimate_8,intermediate,intermediate,5.768,29.29,9.129,intermediate_seed,intermediate_6_to_8.csv
reverse,8,6-8,intermediate_6_to_8,2203,31,false,n,tier1_ngsl_general+ngsl_rank_2203+grade_estimate_8,intermediate,intermediate,3.968,29.29,9.129,intermediate_seed,intermediate_6_to_8.csv
mode,8,6-8,intermediate_6_to_8,2204,31,false,n,tier1_ngsl_general+ngsl_rank_2204+grade_estimate_8,intermediate,intermediate,5.768,29.29,9.129,intermediate_seed,intermediate_6_to_8.csv
pose,8,6-8,intermediate_6_to_8,2207,31,false,n,tier1_ngsl_general+ngsl_rank_2207+grade_estimate_8,intermediate,intermediate,5.768,29.29,9.129,intermediate_seed,intermediate_6_to_8.csv
alcohol,8,6-8,intermediate_6_to_8,2214,31,false,n,tier1_ngsl_general+ngsl_rank_2214+grade_estimate_8,intermediate,intermediate,3.968,29.29,9.129,intermediate_seed,intermediate_6_to_8.csv
van,8,6-8,intermediate_6_to_8,2217,31,false,n,tier1_ngsl_general+ngsl_rank_2217+grade_estimate_8,intermediate,intermediate,5.768,29.29,9.129,intermediate_seed,intermediate_6_to_8.csv
log,8,6-8,intermediate_6_to_8,2226,31,false,n,tier1_ngsl_general+ngsl_rank_2226+grade_estimate_8,intermediate,intermediate,5.768,29.29,9.129,intermediate_seed,intermediate_6_to_8.csv
god,8,6-8,intermediate_6_to_8,2228,31,false,n,tier1_ngsl_general+ngsl_rank_2228+grade_estimate_8,intermediate,intermediate,5.768,29.29,9.129,intermediate_seed,intermediate_6_to_8.csv
former,6,6-8,intermediate_6_to_8,599,162,false,adj,tier1_ngsl_general+ngsl_rank_599+grade_estimate_6,intermediate,intermediate,9.141,29.288,7.565,intermediate_seed,intermediate_6_to_8.csv
particularly,6,6-8,intermediate_6_to_8,601,162,false,adv,tier1_ngsl_general+ngsl_rank_601+grade_estimate_6,intermediate,intermediate,8.341,29.288,9.765,intermediate_seed,intermediate_6_to_8.csv
response,6,6-8,intermediate_6_to_8,606,159,false,n,tier1_ngsl_general+ngsl_rank_606+grade_estimate_6,intermediate,intermediate,8.337,29.282,8.26,intermediate_seed,intermediate_6_to_8.csv
grid,7,6-8,intermediate_6_to_8,493,30,true,n,tier2_nawl_academic+nawl_rank_493+grade_estimate_7,intermediate,intermediate,7.761,29.282,11.121,intermediate_seed,intermediate_6_to_8.csv
harm,8,6-8,intermediate_6_to_8,2236,30,false,n,tier1_ngsl_general+ngsl_rank_2236+grade_estimate_8,intermediate,intermediate,5.761,29.282,9.121,intermediate_seed,intermediate_6_to_8.csv
consult,8,6-8,intermediate_6_to_8,2237,30,false,n,tier1_ngsl_general+ngsl_rank_2237+grade_estimate_8,intermediate,intermediate,3.961,29.282,9.121,intermediate_seed,intermediate_6_to_8.csv
pink,8,6-8,intermediate_6_to_8,2238,30,false,n,tier1_ngsl_general+ngsl_rank_2238+grade_estimate_8,intermediate,intermediate,5.761,29.282,9.121,intermediate_seed,intermediate_6_to_8.csv
impress,8,6-8,intermediate_6_to_8,2243,30,false,n,tier1_ngsl_general+ngsl_rank_2243+grade_estimate_8,intermediate,intermediate,3.961,29.282,9.121,intermediate_seed,intermediate_6_to_8.csv
exam,8,6-8,intermediate_6_to_8,2244,30,false,n,tier1_ngsl_general+ngsl_rank_2244+grade_estimate_8,intermediate,intermediate,5.761,29.282,9.121,intermediate_seed,intermediate_6_to_8.csv
vice,8,6-8,intermediate_6_to_8,2245,30,false,n,tier1_ngsl_general+ngsl_rank_2245+grade_estimate_8,intermediate,intermediate,5.761,29.282,9.121,intermediate_seed,intermediate_6_to_8.csv
radical,8,6-8,intermediate_6_to_8,2246,30,false,adj,tier1_ngsl_general+ngsl_rank_2246+grade_estimate_8,intermediate,intermediate,3.961,29.282,9.121,intermediate_seed,intermediate_6_to_8.csv
pure,8,6-8,intermediate_6_to_8,2264,30,false,n,tier1_ngsl_general+ngsl_rank_2264+grade_estimate_8,intermediate,intermediate,5.761,29.282,9.121,intermediate_seed,intermediate_6_to_8.csv
ally,8,6-8,intermediate_6_to_8,2266,30,false,adv,tier1_ngsl_general+ngsl_rank_2266+grade_estimate_8,intermediate,intermediate,5.761,29.282,9.121,intermediate_seed,intermediate_6_to_8.csv
briefly,8,6-8,intermediate_6_to_8,2270,30,false,adv,tier1_ngsl_general+ngsl_rank_2270+grade_estimate_8,intermediate,intermediate,3.961,29.282,9.121,intermediate_seed,intermediate_6_to_8.csv
disturb,8,6-8,intermediate_6_to_8,2272,30,false,n,tier1_ngsl_general+ngsl_rank_2272+grade_estimate_8,intermediate,intermediate,3.961,29.282,9.121,intermediate_seed,intermediate_6_to_8.csv
sustain,8,6-8,intermediate_6_to_8,2273,30,false,n,tier1_ngsl_general+ngsl_rank_2273+grade_estimate_8,intermediate,intermediate,3.961,29.282,9.121,intermediate_seed,intermediate_6_to_8.csv
poverty,8,6-8,intermediate_6_to_8,2275,30,false,n,tier1_ngsl_general+ngsl_rank_2275+grade_estimate_8,intermediate,intermediate,3.961,29.282,9.121,intermediate_seed,intermediate_6_to_8.csv
cite,8,6-8,intermediate_6_to_8,2277,30,false,n,tier1_ngsl_general+ngsl_rank_2277+grade_estimate_8,intermediate,intermediate,5.761,29.282,9.121,intermediate_seed,intermediate_6_to_8.csv
sponsor,8,6-8,intermediate_6_to_8,2281,30,false,n,tier1_ngsl_general+ngsl_rank_2281+grade_estimate_8,intermediate,intermediate,3.961,29.282,9.121,intermediate_seed,intermediate_6_to_8.csv
boot,8,6-8,intermediate_6_to_8,2282,30,false,n,tier1_ngsl_general+ngsl_rank_2282+grade_estimate_8,intermediate,intermediate,5.761,29.282,9.121,intermediate_seed,intermediate_6_to_8.csv
court,6,6-8,intermediate_6_to_8,615,156,false,n,tier1_ngsl_general+ngsl_rank_615+grade_estimate_6,intermediate,intermediate,9.132,29.276,7.554,intermediate_seed,intermediate_6_to_8.csv
impulse,7,6-8,intermediate_6_to_8,516,29,true,n,tier2_nawl_academic+nawl_rank_516+grade_estimate_7,intermediate,intermediate,5.955,29.273,11.114,intermediate_seed,intermediate_6_to_8.csv
bowl,8,6-8,intermediate_6_to_8,2291,29,false,n,tier1_ngsl_general+ngsl_rank_2291+grade_estimate_8,intermediate,intermediate,5.755,29.273,9.114,intermediate_seed,intermediate_6_to_8.csv
grab,8,6-8,intermediate_6_to_8,2303,29,false,n,tier1_ngsl_general+ngsl_rank_2303+grade_estimate_8,intermediate,intermediate,5.755,29.273,9.114,intermediate_seed,intermediate_6_to_8.csv
entitle,8,6-8,intermediate_6_to_8,2304,29,false,n,tier1_ngsl_general+ngsl_rank_2304+grade_estimate_8,intermediate,intermediate,3.955,29.273,9.114,intermediate_seed,intermediate_6_to_8.csv
lend,8,6-8,intermediate_6_to_8,2305,29,false,n,tier1_ngsl_general+ngsl_rank_2305+grade_estimate_8,intermediate,intermediate,5.755,29.273,9.114,intermediate_seed,intermediate_6_to_8.csv
edit,8,6-8,intermediate_6_to_8,2311,29,false,n,tier1_ngsl_general+ngsl_rank_2311+grade_estimate_8,intermediate,intermediate,5.755,29.273,9.114,intermediate_seed,intermediate_6_to_8.csv
summary,8,6-8,intermediate_6_to_8,2318,29,false,adj,tier1_ngsl_general+ngsl_rank_2318+grade_estimate_8,intermediate,intermediate,3.955,29.273,9.114,intermediate_seed,intermediate_6_to_8.csv
employee,6,6-8,intermediate_6_to_8,624,154,false,n,tier1_ngsl_general+ngsl_rank_624+grade_estimate_6,intermediate,intermediate,8.329,29.272,8.25,intermediate_seed,intermediate_6_to_8.csv
manage,6,6-8,intermediate_6_to_8,625,154,false,v,tier1_ngsl_general+ngsl_rank_625+grade_estimate_6,intermediate,intermediate,9.129,29.272,7.55,intermediate_seed,intermediate_6_to_8.csv
simply,6,6-8,intermediate_6_to_8,626,153,false,adv,tier1_ngsl_general+ngsl_rank_626+grade_estimate_6,intermediate,intermediate,9.127,29.27,7.549,intermediate_seed,intermediate_6_to_8.csv
attack,6,6-8,intermediate_6_to_8,632,151,false,v,tier1_ngsl_general+ngsl_rank_632+grade_estimate_6,intermediate,intermediate,9.124,29.265,7.545,intermediate_seed,intermediate_6_to_8.csv
crystal,7,6-8,intermediate_6_to_8,521,28,true,n,tier2_nawl_academic+nawl_rank_521+grade_estimate_7,intermediate,intermediate,5.948,29.264,11.106,intermediate_seed,intermediate_6_to_8.csv
carrier,7,6-8,intermediate_6_to_8,532,28,true,n,tier2_nawl_academic+nawl_rank_532+grade_estimate_7,intermediate,intermediate,5.948,29.264,11.106,intermediate_seed,intermediate_6_to_8.csv
quantum,7,6-8,intermediate_6_to_8,536,28,true,n,tier2_nawl_academic+nawl_rank_536+grade_estimate_7,intermediate,intermediate,5.948,29.264,11.106,intermediate_seed,intermediate_6_to_8.csv
seal,8,6-8,intermediate_6_to_8,2322,28,false,adj,tier1_ngsl_general+ngsl_rank_2322+grade_estimate_8,intermediate,intermediate,5.748,29.264,9.106,intermediate_seed,intermediate_6_to_8.csv
specify,8,6-8,intermediate_6_to_8,2326,28,false,v,tier1_ngsl_general+ngsl_rank_2326+grade_estimate_8,intermediate,intermediate,3.948,29.264,9.106,intermediate_seed,intermediate_6_to_8.csv
drag,8,6-8,intermediate_6_to_8,2332,28,false,n,tier1_ngsl_general+ngsl_rank_2332+grade_estimate_8,intermediate,intermediate,5.748,29.264,9.106,intermediate_seed,intermediate_6_to_8.csv
anxiety,8,6-8,intermediate_6_to_8,2340,28,false,n,tier1_ngsl_general+ngsl_rank_2340+grade_estimate_8,intermediate,intermediate,3.948,29.264,9.106,intermediate_seed,intermediate_6_to_8.csv
offense,8,6-8,intermediate_6_to_8,2344,28,false,n,tier1_ngsl_general+ngsl_rank_2344+grade_estimate_8,intermediate,intermediate,3.948,29.264,9.106,intermediate_seed,intermediate_6_to_8.csv
surgery,8,6-8,intermediate_6_to_8,2349,28,false,n,tier1_ngsl_general+ngsl_rank_2349+grade_estimate_8,intermediate,intermediate,3.948,29.264,9.106,intermediate_seed,intermediate_6_to_8.csv
keen,8,6-8,intermediate_6_to_8,2364,28,false,v,tier1_ngsl_general+ngsl_rank_2364+grade_estimate_8,intermediate,intermediate,5.748,29.264,9.106,intermediate_seed,intermediate_6_to_8.csv
twin,8,6-8,intermediate_6_to_8,2366,28,false,n,tier1_ngsl_general+ngsl_rank_2366+grade_estimate_8,intermediate,intermediate,5.748,29.264,9.106,intermediate_seed,intermediate_6_to_8.csv
eastern,8,6-8,intermediate_6_to_8,2368,28,false,n,tier1_ngsl_general+ngsl_rank_2368+grade_estimate_8,intermediate,intermediate,3.948,29.264,9.106,intermediate_seed,intermediate_6_to_8.csv
recently,6,6-8,intermediate_6_to_8,638,150,false,adv,tier1_ngsl_general+ngsl_rank_638+grade_estimate_6,intermediate,intermediate,8.322,29.263,8.243,intermediate_seed,intermediate_6_to_8.csv
campaign,6,6-8,intermediate_6_to_8,647,148,false,n,tier1_ngsl_general+ngsl_rank_647+grade_estimate_6,intermediate,intermediate,8.319,29.259,8.239,intermediate_seed,intermediate_6_to_8.csv
forget,6,6-8,intermediate_6_to_8,651,147,false,n,tier1_ngsl_general+ngsl_rank_651+grade_estimate_6,intermediate,intermediate,9.118,29.257,7.537,intermediate_seed,intermediate_6_to_8.csv
worry,6,6-8,intermediate_6_to_8,653,147,false,n,tier1_ngsl_general+ngsl_rank_653+grade_estimate_6,intermediate,intermediate,9.118,29.257,7.537,intermediate_seed,intermediate_6_to_8.csv
bulk,7,6-8,intermediate_6_to_8,542,27,true,n,tier2_nawl_academic+nawl_rank_542+grade_estimate_7,intermediate,intermediate,7.741,29.255,11.098,intermediate_seed,intermediate_6_to_8.csv
execute,7,6-8,intermediate_6_to_8,547,27,true,n,tier2_nawl_academic+nawl_rank_547+grade_estimate_7,intermediate,intermediate,5.941,29.255,11.098,intermediate_seed,intermediate_6_to_8.csv
lecture,8,6-8,intermediate_6_to_8,2378,27,false,n,tier1_ngsl_general+ngsl_rank_2378+grade_estimate_8,intermediate,intermediate,3.941,29.255,9.098,intermediate_seed,intermediate_6_to_8.csv
venture,8,6-8,intermediate_6_to_8,2379,27,false,n,tier1_ngsl_general+ngsl_rank_2379+grade_estimate_8,intermediate,intermediate,3.941,29.255,9.098,intermediate_seed,intermediate_6_to_8.csv
mess,8,6-8,intermediate_6_to_8,2382,27,false,n,tier1_ngsl_general+ngsl_rank_2382+grade_estimate_8,intermediate,intermediate,5.741,29.255,9.098,intermediate_seed,intermediate_6_to_8.csv
dismiss,8,6-8,intermediate_6_to_8,2392,27,false,n,tier1_ngsl_general+ngsl_rank_2392+grade_estimate_8,intermediate,intermediate,3.941,29.255,9.098,intermediate_seed,intermediate_6_to_8.csv
beneath,8,6-8,intermediate_6_to_8,2394,27,false,prep,tier1_ngsl_general+ngsl_rank_2394+grade_estimate_8,intermediate,intermediate,3.941,29.255,9.098,intermediate_seed,intermediate_6_to_8.csv
dare,8,6-8,intermediate_6_to_8,2401,27,false,n,tier1_ngsl_general+ngsl_rank_2401+grade_estimate_8,intermediate,intermediate,5.741,29.255,9.098,intermediate_seed,intermediate_6_to_8.csv
barrier,8,6-8,intermediate_6_to_8,2402,27,false,n,tier1_ngsl_general+ngsl_rank_2402+grade_estimate_8,intermediate,intermediate,3.941,29.255,9.098,intermediate_seed,intermediate_6_to_8.csv
rid,8,6-8,intermediate_6_to_8,2403,27,false,n,tier1_ngsl_general+ngsl_rank_2403+grade_estimate_8,intermediate,intermediate,5.741,29.255,9.098,intermediate_seed,intermediate_6_to_8.csv
divorce,8,6-8,intermediate_6_to_8,2404,27,false,n,tier1_ngsl_general+ngsl_rank_2404+grade_estimate_8,intermediate,intermediate,3.941,29.255,9.098,intermediate_seed,intermediate_6_to_8.csv
