word,source_grade_hint,normalized_band,source_list,rank,count,academic,pos,notes,band,preferred_band,beginner_score,intermediate_score,advanced_score,source_tags,source_files
repertoire,6,6-8,intermediate_6_to_8,1,1759,true,n,tier2_nawl_academic+nawl_rank_1+grade_estimate_6,intermediate,intermediate,6.949,31.098,12.973,intermediate_seed,intermediate_6_to_8.csv
distribution,6,6-8,intermediate_6_to_8,3,369,true,n,tier2_nawl_academic+nawl_rank_3+grade_estimate_6,intermediate,intermediate,6.547,31.063,15.405,intermediate_seed,intermediate_6_to_8.csv
authority,6,6-8,intermediate_6_to_8,11,178,true,n,tier2_nawl_academic+nawl_rank_11+grade_estimate_6,intermediate,intermediate,6.364,30.819,13.692,intermediate_seed,intermediate_6_to_8.csv
cognitive,6,6-8,intermediate_6_to_8,17,161,true,adj,tier2_nawl_academic+nawl_rank_17+grade_estimate_6,intermediate,intermediate,6.34,30.786,13.663,intermediate_seed,intermediate_6_to_8.csv
correlation,6,6-8,intermediate_6_to_8,19,150,true,n,tier2_nawl_academic+nawl_rank_19+grade_estimate_6,intermediate,intermediate,6.322,30.763,15.143,intermediate_seed,intermediate_6_to_8.csv
velocity,6,6-8,intermediate_6_to_8,23,146,true,n,tier2_nawl_academic+nawl_rank_23+grade_estimate_6,intermediate,intermediate,6.316,30.754,13.635,intermediate_seed,intermediate_6_to_8.csv
transformation,6,6-8,intermediate_6_to_8,37,125,true,n,tier2_nawl_academic+nawl_rank_37+grade_estimate_6,intermediate,intermediate,6.278,30.704,15.091,intermediate_seed,intermediate_6_to_8.csv
simulation,6,6-8,intermediate_6_to_8,43,116,true,n,tier2_nawl_academic+nawl_rank_43+grade_estimate_6,intermediate,intermediate,6.26,30.68,13.57,intermediate_seed,intermediate_6_to_8.csv
variance,6,6-8,intermediate_6_to_8,46,108,true,n,tier2_nawl_academic+nawl_rank_46+grade_estimate_6,intermediate,intermediate,6.243,30.658,13.55,intermediate_seed,intermediate_6_to_8.csv
intensity,6,6-8,intermediate_6_to_8,54,99,true,n,tier2_nawl_academic+nawl_rank_54+grade_estimate_6,intermediate,intermediate,6.222,30.63,13.526,intermediate_seed,intermediate_6_to_8.csv
obtain,6,6-8,intermediate_6_to_8,2,449,true,v,tier2_nawl_academic+nawl_rank_2+grade_estimate_6,intermediate,intermediate,7.397,30.629,11.863,intermediate_seed,intermediate_6_to_8.csv
regression,6,6-8,intermediate_6_to_8,55,98,true,n,tier2_nawl_academic+nawl_rank_55+grade_estimate_6,intermediate,intermediate,6.22,30.627,13.523,intermediate_seed,intermediate_6_to_8.csv
identification,6,6-8,intermediate_6_to_8,57,96,true,n,tier2_nawl_academic+nawl_rank_57+grade_estimate_6,intermediate,intermediate,6.215,30.62,15.018,intermediate_seed,intermediate_6_to_8.csv
candidate,6,6-8,intermediate_6_to_8,59,94,true,n,tier2_ngsl_nawl_overlap+ngsl_rank_977+nawl_rank_59+grade_estimate_6,intermediate,intermediate,6.21,30.614,13.512,intermediate_seed,intermediate_6_to_8.csv
correlate,6,6-8,intermediate_6_to_8,61,93,true,v,tier2_nawl_academic+nawl_rank_61+grade_estimate_6,intermediate,intermediate,6.208,30.61,13.509,intermediate_seed,intermediate_6_to_8.csv
mortality,6,6-8,intermediate_6_to_8,62,93,true,n,tier2_nawl_academic+nawl_rank_62+grade_estimate_6,intermediate,intermediate,6.208,30.61,13.509,intermediate_seed,intermediate_6_to_8.csv
duration,6,6-8,intermediate_6_to_8,66,91,true,n,tier2_nawl_academic+nawl_rank_66+grade_estimate_6,intermediate,intermediate,6.203,30.603,13.503,intermediate_seed,intermediate_6_to_8.csv
consumption,6,6-8,intermediate_6_to_8,68,90,true,n,tier2_nawl_academic+nawl_rank_68+grade_estimate_6,intermediate,intermediate,6.2,30.6,15.0,intermediate_seed,intermediate_6_to_8.csv
sensitivity,6,6-8,intermediate_6_to_8,70,89,true,n,tier2_nawl_academic+nawl_rank_70+grade_estimate_6,intermediate,intermediate,6.197,30.597,14.997,intermediate_seed,intermediate_6_to_8.csv
appropriate,6,6-8,intermediate_6_to_8,1019,89,false,v,tier1_ngsl_general+ngsl_rank_1019+grade_estimate_6,intermediate,intermediate,4.197,30.597,12.997,intermediate_seed,intermediate_6_to_8.csv
similarity,6,6-8,intermediate_6_to_8,71,88,true,n,tier2_nawl_academic+nawl_rank_71+grade_estimate_6,intermediate,intermediate,6.195,30.593,13.494,intermediate_seed,intermediate_6_to_8.csv
effective,6,6-8,intermediate_6_to_8,1031,88,false,adj,tier1_ngsl_general+ngsl_rank_1031+grade_estimate_6,intermediate,intermediate,4.195,30.593,11.494,intermediate_seed,intermediate_6_to_8.csv
mutation,6,6-8,intermediate_6_to_8,74,87,true,n,tier2_nawl_academic+nawl_rank_74+grade_estimate_6,intermediate,intermediate,6.192,30.589,13.491,intermediate_seed,intermediate_6_to_8.csv
administration,6,6-8,intermediate_6_to_8,1046,86,false,n,tier1_ngsl_general+ngsl_rank_1046+grade_estimate_6,intermediate,intermediate,4.189,30.586,12.988,intermediate_seed,intermediate_6_to_8.csv
equipment,6,6-8,intermediate_6_to_8,1055,86,false,n,tier1_ngsl_general+ngsl_rank_1055+grade_estimate_6,intermediate,intermediate,4.189,30.586,11.488,intermediate_seed,intermediate_6_to_8.csv
connection,6,6-8,intermediate_6_to_8,1066,85,false,n,tier1_ngsl_general+ngsl_rank_1066+grade_estimate_6,intermediate,intermediate,4.187,30.582,11.484,intermediate_seed,intermediate_6_to_8.csv
integration,6,6-8,intermediate_6_to_8,80,84,true,n,tier2_nawl_academic+nawl_rank_80+grade_estimate_6,intermediate,intermediate,6.184,30.579,14.981,intermediate_seed,intermediate_6_to_8.csv
coordinate,6,6-8,intermediate_6_to_8,83,83,true,v,tier2_nawl_academic+nawl_rank_83+grade_estimate_6,intermediate,intermediate,6.181,30.575,13.478,intermediate_seed,intermediate_6_to_8.csv
calculation,6,6-8,intermediate_6_to_8,84,83,true,n,tier2_nawl_academic+nawl_rank_84+grade_estimate_6,intermediate,intermediate,6.181,30.575,14.978,intermediate_seed,intermediate_6_to_8.csv
relative,6,6-8,intermediate_6_to_8,1088,83,false,adj,tier1_ngsl_general+ngsl_rank_1088+grade_estimate_6,intermediate,intermediate,4.181,30.575,11.478,intermediate_seed,intermediate_6_to_8.csv
alternative,6,6-8,intermediate_6_to_8,1090,83,false,adj,tier1_ngsl_general+ngsl_rank_1090+grade_estimate_6,intermediate,intermediate,4.181,30.575,12.978,intermediate_seed,intermediate_6_to_8.csv
orientation,6,6-8,intermediate_6_to_8,88,82,true,n,tier2_nawl_academic+nawl_rank_88+grade_estimate_6,intermediate,intermediate,6.178,30.571,14.975,intermediate_seed,intermediate_6_to_8.csv
proposition,6,6-8,intermediate_6_to_8,89,82,true,n,tier2_nawl_academic+nawl_rank_89+grade_estimate_6,intermediate,intermediate,6.178,30.571,14.975,intermediate_seed,intermediate_6_to_8.csv
inequality,6,6-8,intermediate_6_to_8,90,81,true,n,tier2_nawl_academic+nawl_rank_90+grade_estimate_6,intermediate,intermediate,6.175,30.567,13.471,intermediate_seed,intermediate_6_to_8.csv
prevalence,6,6-8,intermediate_6_to_8,92,81,true,n,tier2_nawl_academic+nawl_rank_92+grade_estimate_6,intermediate,intermediate,6.175,30.567,13.471,intermediate_seed,intermediate_6_to_8.csv
correspondence,6,6-8,intermediate_6_to_8,100,78,true,n,tier2_nawl_academic+nawl_rank_100+grade_estimate_6,intermediate,intermediate,6.167,30.556,14.961,intermediate_seed,intermediate_6_to_8.csv
institution,6,6-8,intermediate_6_to_8,1137,78,false,n,tier1_ngsl_general+ngsl_rank_1137+grade_estimate_6,intermediate,intermediate,4.167,30.556,12.961,intermediate_seed,intermediate_6_to_8.csv
importance,6,6-8,intermediate_6_to_8,1144,78,false,n,tier1_ngsl_general+ngsl_rank_1144+grade_estimate_6,intermediate,intermediate,4.167,30.556,11.461,intermediate_seed,intermediate_6_to_8.csv
configuration,6,6-8,intermediate_6_to_8,106,75,true,n,tier2_nawl_academic+nawl_rank_106+grade_estimate_6,intermediate,intermediate,6.158,30.544,14.951,intermediate_seed,intermediate_6_to_8.csv
intermediate,6,6-8,intermediate_6_to_8,109,74,true,v,tier2_nawl_academic+nawl_rank_109+grade_estimate_6,intermediate,intermediate,6.155,30.539,14.947,intermediate_seed,intermediate_6_to_8.csv
transmission,6,6-8,intermediate_6_to_8,110,74,true,n,tier2_nawl_academic+nawl_rank_110+grade_estimate_6,intermediate,intermediate,6.155,30.539,14.947,intermediate_seed,intermediate_6_to_8.csv
occurrence,6,6-8,intermediate_6_to_8,112,74,true,n,tier2_nawl_academic+nawl_rank_112+grade_estimate_6,intermediate,intermediate,6.155,30.539,13.447,intermediate_seed,intermediate_6_to_8.csv
artist,6,6-8,intermediate_6_to_8,1183,74,false,n,tier1_ngsl_general+ngsl_rank_1183+grade_estimate_6,intermediate,intermediate,4.955,30.539,10.747,intermediate_seed,intermediate_6_to_8.csv
presence,6,6-8,intermediate_6_to_8,1186,74,false,n,tier1_ngsl_general+ngsl_rank_1186+grade_estimate_6,intermediate,intermediate,4.155,30.539,11.447,intermediate_seed,intermediate_6_to_8.csv
introduction,7,6-8,intermediate_6_to_8,1203,73,false,n,tier1_ngsl_general+ngsl_rank_1203+grade_estimate_7,intermediate,intermediate,4.151,30.535,12.943,intermediate_seed,intermediate_6_to_8.csv
requirement,7,6-8,intermediate_6_to_8,1204,73,false,n,tier1_ngsl_general+ngsl_rank_1204+grade_estimate_7,intermediate,intermediate,4.151,30.535,12.943,intermediate_seed,intermediate_6_to_8.csv
approximation,6,6-8,intermediate_6_to_8,118,72,true,n,tier2_nawl_academic+nawl_rank_118+grade_estimate_6,intermediate,intermediate,6.148,30.531,14.94,intermediate_seed,intermediate_6_to_8.csv
classification,6,6-8,intermediate_6_to_8,121,71,true,n,tier2_nawl_academic+nawl_rank_121+grade_estimate_6,intermediate,intermediate,6.145,30.527,14.936,intermediate_seed,intermediate_6_to_8.csv
comparative,6,6-8,intermediate_6_to_8,124,71,true,adj,tier2_nawl_academic+nawl_rank_124+grade_estimate_6,intermediate,intermediate,6.145,30.527,14.936,intermediate_seed,intermediate_6_to_8.csv
improvement,7,6-8,intermediate_6_to_8,1226,71,false,n,tier1_ngsl_general+ngsl_rank_1226+grade_estimate_7,intermediate,intermediate,4.145,30.527,12.936,intermediate_seed,intermediate_6_to_8.csv
consequence,7,6-8,intermediate_6_to_8,1228,71,false,n,tier1_ngsl_general+ngsl_rank_1228+grade_estimate_7,intermediate,intermediate,4.145,30.527,12.936,intermediate_seed,intermediate_6_to_8.csv
circumstance,7,6-8,intermediate_6_to_8,1229,71,false,n,tier1_ngsl_general+ngsl_rank_1229+grade_estimate_7,intermediate,intermediate,4.145,30.527,12.936,intermediate_seed,intermediate_6_to_8.csv
activate,6,6-8,intermediate_6_to_8,125,70,true,v,tier2_nawl_academic+nawl_rank_125+grade_estimate_6,intermediate,intermediate,6.142,30.522,13.432,intermediate_seed,intermediate_6_to_8.csv
utterance,6,6-8,intermediate_6_to_8,128,70,true,n,tier2_nawl_academic+nawl_rank_128+grade_estimate_6,intermediate,intermediate,6.142,30.522,13.432,intermediate_seed,intermediate_6_to_8.csv
facilitate,6,6-8,intermediate_6_to_8,130,70,true,v,tier2_nawl_academic+nawl_rank_130+grade_estimate_6,intermediate,intermediate,6.142,30.522,13.432,intermediate_seed,intermediate_6_to_8.csv
incidence,6,6-8,intermediate_6_to_8,131,70,true,n,tier2_nawl_academic+nawl_rank_131+grade_estimate_6,intermediate,intermediate,6.142,30.522,13.432,intermediate_seed,intermediate_6_to_8.csv
induction,6,6-8,intermediate_6_to_8,132,69,true,n,tier2_nawl_academic+nawl_rank_132+grade_estimate_6,intermediate,intermediate,6.139,30.518,13.428,intermediate_seed,intermediate_6_to_8.csv
adaptation,6,6-8,intermediate_6_to_8,138,68,true,n,tier2_nawl_academic+nawl_rank_138+grade_estimate_6,intermediate,intermediate,6.135,30.514,13.424,intermediate_seed,intermediate_6_to_8.csv
demonstrate,7,6-8,intermediate_6_to_8,1272,68,false,v,tier1_ngsl_general+ngsl_rank_1272+grade_estimate_7,intermediate,intermediate,4.135,30.514,12.924,intermediate_seed,intermediate_6_to_8.csv
contribution,7,6-8,intermediate_6_to_8,1273,68,false,n,tier1_ngsl_general+ngsl_rank_1273+grade_estimate_7,intermediate,intermediate,4.135,30.514,12.924,intermediate_seed,intermediate_6_to_8.csv
appreciate,7,6-8,intermediate_6_to_8,1274,68,false,v,tier1_ngsl_general+ngsl_rank_1274+grade_estimate_7,intermediate,intermediate,4.135,30.514,11.424,intermediate_seed,intermediate_6_to_8.csv
projection,6,6-8,intermediate_6_to_8,144,67,true,n,tier2_nawl_academic+nawl_rank_144+grade_estimate_6,intermediate,intermediate,6.132,30.509,13.421,intermediate_seed,intermediate_6_to_8.csv
dependence,6,6-8,intermediate_6_to_8,148,67,true,n,tier2_nawl_academic+nawl_rank_148+grade_estimate_6,intermediate,intermediate,6.132,30.509,13.421,intermediate_seed,intermediate_6_to_8.csv
organism,6,6-8,intermediate_6_to_8,149,66,true,n,tier2_nawl_academic+nawl_rank_149+grade_estimate_6,intermediate,intermediate,6.128,30.505,13.417,intermediate_seed,intermediate_6_to_8.csv
emergence,6,6-8,intermediate_6_to_8,150,66,true,n,tier2_nawl_academic+nawl_rank_150+grade_estimate_6,intermediate,intermediate,6.128,30.505,13.417,intermediate_seed,intermediate_6_to_8.csv
investigation,7,6-8,intermediate_6_to_8,1318,66,false,n,tier1_ngsl_general+ngsl_rank_1318+grade_estimate_7,intermediate,intermediate,4.128,30.505,12.917,intermediate_seed,intermediate_6_to_8.csv
substitution,6,6-8,intermediate_6_to_8,152,65,true,n,tier2_nawl_academic+nawl_rank_152+grade_estimate_6,intermediate,intermediate,6.125,30.5,14.913,intermediate_seed,intermediate_6_to_8.csv
detection,6,6-8,intermediate_6_to_8,156,65,true,n,tier2_nawl_academic+nawl_rank_156+grade_estimate_6,intermediate,intermediate,6.125,30.5,13.413,intermediate_seed,intermediate_6_to_8.csv
conference,6,6-8,intermediate_6_to_8,162,64,true,n,tier2_ngsl_nawl_overlap+ngsl_rank_812+nawl_rank_162+grade_estimate_6,intermediate,intermediate,6.122,30.495,13.408,intermediate_seed,intermediate_6_to_8.csv
conception,6,6-8,intermediate_6_to_8,163,64,true,n,tier2_nawl_academic+nawl_rank_163+grade_estimate_6,intermediate,intermediate,6.122,30.495,13.408,intermediate_seed,intermediate_6_to_8.csv
tradition,7,6-8,intermediate_6_to_8,1338,64,false,n,tier1_ngsl_general+ngsl_rank_1338+grade_estimate_7,intermediate,intermediate,4.122,30.495,11.408,intermediate_seed,intermediate_6_to_8.csv
consideration,7,6-8,intermediate_6_to_8,1344,64,false,n,tier1_ngsl_general+ngsl_rank_1344+grade_estimate_7,intermediate,intermediate,4.122,30.495,12.908,intermediate_seed,intermediate_6_to_8.csv
ideology,6,6-8,intermediate_6_to_8,165,63,true,n,tier2_nawl_academic+nawl_rank_165+grade_estimate_6,intermediate,intermediate,6.118,30.491,13.404,intermediate_seed,intermediate_6_to_8.csv
quantitative,6,6-8,intermediate_6_to_8,167,63,true,adj,tier2_nawl_academic+nawl_rank_167+grade_estimate_6,intermediate,intermediate,6.118,30.491,14.904,intermediate_seed,intermediate_6_to_8.csv
instability,6,6-8,intermediate_6_to_8,169,63,true,n,tier2_nawl_academic+nawl_rank_169+grade_estimate_6,intermediate,intermediate,6.118,30.491,14.904,intermediate_seed,intermediate_6_to_8.csv
religious,7,6-8,intermediate_6_to_8,1356,63,false,adj,tier1_ngsl_general+ngsl_rank_1356+grade_estimate_7,intermediate,intermediate,4.118,30.491,11.404,intermediate_seed,intermediate_6_to_8.csv
specification,6,6-8,intermediate_6_to_8,171,62,true,n,tier2_nawl_academic+nawl_rank_171+grade_estimate_6,intermediate,intermediate,6.114,30.486,14.9,intermediate_seed,intermediate_6_to_8.csv
computation,6,6-8,intermediate_6_to_8,174,62,true,n,tier2_nawl_academic+nawl_rank_174+grade_estimate_6,intermediate,intermediate,6.114,30.486,14.9,intermediate_seed,intermediate_6_to_8.csv
collective,6,6-8,intermediate_6_to_8,181,61,true,adj,tier2_nawl_academic+nawl_rank_181+grade_estimate_6,intermediate,intermediate,6.111,30.481,13.396,intermediate_seed,intermediate_6_to_8.csv
objective,7,6-8,intermediate_6_to_8,1402,61,false,adj,tier1_ngsl_general+ngsl_rank_1402+grade_estimate_7,intermediate,intermediate,4.111,30.481,11.396,intermediate_seed,intermediate_6_to_8.csv
estimation,6,6-8,intermediate_6_to_8,184,60,true,n,tier2_nawl_academic+nawl_rank_184+grade_estimate_6,intermediate,intermediate,6.107,30.476,13.392,intermediate_seed,intermediate_6_to_8.csv
deviation,6,6-8,intermediate_6_to_8,186,60,true,n,tier2_nawl_academic+nawl_rank_186+grade_estimate_6,intermediate,intermediate,6.107,30.476,13.392,intermediate_seed,intermediate_6_to_8.csv
morphology,6,6-8,intermediate_6_to_8,190,60,true,n,tier2_nawl_academic+nawl_rank_190+grade_estimate_6,intermediate,intermediate,6.107,30.476,13.392,intermediate_seed,intermediate_6_to_8.csv
dangerous,7,6-8,intermediate_6_to_8,1419,60,false,adj,tier1_ngsl_general+ngsl_rank_1419+grade_estimate_7,intermediate,intermediate,4.107,30.476,11.392,intermediate_seed,intermediate_6_to_8.csv
separation,6,6-8,intermediate_6_to_8,194,59,true,n,tier2_nawl_academic+nawl_rank_194+grade_estimate_6,intermediate,intermediate,6.103,30.471,13.387,intermediate_seed,intermediate_6_to_8.csv
convergence,6,6-8,intermediate_6_to_8,195,59,true,n,tier2_nawl_academic+nawl_rank_195+grade_estimate_6,intermediate,intermediate,6.103,30.471,14.887,intermediate_seed,intermediate_6_to_8.csv
radiation,6,6-8,intermediate_6_to_8,199,59,true,n,tier2_nawl_academic+nawl_rank_199+grade_estimate_6,intermediate,intermediate,6.103,30.471,13.387,intermediate_seed,intermediate_6_to_8.csv
violence,7,6-8,intermediate_6_to_8,1436,59,false,n,tier1_ngsl_general+ngsl_rank_1436+grade_estimate_7,intermediate,intermediate,4.103,30.471,11.387,intermediate_seed,intermediate_6_to_8.csv
complement,6,6-8,intermediate_6_to_8,204,58,true,adj,tier2_nawl_academic+nawl_rank_204+grade_estimate_6,intermediate,intermediate,6.1,30.466,13.383,intermediate_seed,intermediate_6_to_8.csv
aggregate,6,6-8,intermediate_6_to_8,207,58,true,v,tier2_nawl_academic+nawl_rank_207+grade_estimate_6,intermediate,intermediate,6.1,30.466,13.383,intermediate_seed,intermediate_6_to_8.csv
equality,6,6-8,intermediate_6_to_8,208,58,true,n,tier2_nawl_academic+nawl_rank_208+grade_estimate_6,intermediate,intermediate,6.1,30.466,13.383,intermediate_seed,intermediate_6_to_8.csv
locate,7,6-8,intermediate_6_to_8,1450,58,false,v,tier1_ngsl_general+ngsl_rank_1450+grade_estimate_7,intermediate,intermediate,4.9,30.466,10.683,intermediate_seed,intermediate_6_to_8.csv
parameter,6,6-8,intermediate_6_to_8,4,273,true,n,tier2_nawl_academic+nawl_rank_4+grade_estimate_6,intermediate,intermediate,6.471,30.461,12.416,intermediate_seed,intermediate_6_to_8.csv
methodology,6,6-8,intermediate_6_to_8,212,57,true,n,tier2_nawl_academic+nawl_rank_212+grade_estimate_6,intermediate,intermediate,6.096,30.461,14.878,intermediate_seed,intermediate_6_to_8.csv
entity,6,6-8,intermediate_6_to_8,213,57,true,n,tier2_nawl_academic+nawl_rank_213+grade_estimate_6,intermediate,intermediate,6.896,30.461,12.678,intermediate_seed,intermediate_6_to_8.csv
psychology,6,6-8,intermediate_6_to_8,217,57,true,n,tier2_nawl_academic+nawl_rank_217+grade_estimate_6,intermediate,intermediate,6.096,30.461,13.378,intermediate_seed,intermediate_6_to_8.csv
arrangement,7,6-8,intermediate_6_to_8,1460,57,false,n,tier1_ngsl_general+ngsl_rank_1460+grade_estimate_7,intermediate,intermediate,4.096,30.461,12.878,intermediate_seed,intermediate_6_to_8.csv
corporate,7,6-8,intermediate_6_to_8,1465,57,false,v,tier1_ngsl_general+ngsl_rank_1465+grade_estimate_7,intermediate,intermediate,4.096,30.461,11.378,intermediate_seed,intermediate_6_to_8.csv
representative,7,6-8,intermediate_6_to_8,1471,57,false,adj,tier1_ngsl_general+ngsl_rank_1471+grade_estimate_7,intermediate,intermediate,4.096,30.461,12.878,intermediate_seed,intermediate_6_to_8.csv
capacity,7,6-8,intermediate_6_to_8,1472,57,false,n,tier1_ngsl_general+ngsl_rank_1472+grade_estimate_7,intermediate,intermediate,4.096,30.461,11.378,intermediate_seed,intermediate_6_to_8.csv
assessment,7,6-8,intermediate_6_to_8,1475,56,false,n,tier1_ngsl_general+ngsl_rank_1475+grade_estimate_7,intermediate,intermediate,4.092,30.456,11.374,intermediate_seed,intermediate_6_to_8.csv
regulation,7,6-8,intermediate_6_to_8,1481,56,false,n,tier1_ngsl_general+ngsl_rank_1481+grade_estimate_7,intermediate,intermediate,4.092,30.456,11.374,intermediate_seed,intermediate_6_to_8.csv
description,7,6-8,intermediate_6_to_8,1492,56,false,n,tier1_ngsl_general+ngsl_rank_1492+grade_estimate_7,intermediate,intermediate,4.092,30.456,12.874,intermediate_seed,intermediate_6_to_8.csv
variability,6,6-8,intermediate_6_to_8,222,55,true,n,tier2_nawl_academic+nawl_rank_222+grade_estimate_6,intermediate,intermediate,6.088,30.45,14.869,intermediate_seed,intermediate_6_to_8.csv
notation,6,6-8,intermediate_6_to_8,224,55,true,n,tier2_nawl_academic+nawl_rank_224+grade_estimate_6,intermediate,intermediate,6.088,30.45,13.369,intermediate_seed,intermediate_6_to_8.csv
migration,6,6-8,intermediate_6_to_8,226,55,true,n,tier2_nawl_academic+nawl_rank_226+grade_estimate_6,intermediate,intermediate,6.088,30.45,13.369,intermediate_seed,intermediate_6_to_8.csv
confidence,7,6-8,intermediate_6_to_8,1493,55,false,n,tier1_ngsl_general+ngsl_rank_1493+grade_estimate_7,intermediate,intermediate,4.088,30.45,11.369,intermediate_seed,intermediate_6_to_8.csv
perspective,7,6-8,intermediate_6_to_8,1496,55,false,adj,tier1_ngsl_general+ngsl_rank_1496+grade_estimate_7,intermediate,intermediate,4.088,30.45,12.869,intermediate_seed,intermediate_6_to_8.csv
leadership,7,6-8,intermediate_6_to_8,1506,55,false,n,tier1_ngsl_general+ngsl_rank_1506+grade_estimate_7,intermediate,intermediate,4.088,30.45,11.369,intermediate_seed,intermediate_6_to_8.csv
aspect,6,6-8,intermediate_6_to_8,5,262,true,n,tier2_nawl_academic+nawl_rank_5+grade_estimate_6,intermediate,intermediate,7.261,30.448,11.704,intermediate_seed,intermediate_6_to_8.csv
inclusion,6,6-8,intermediate_6_to_8,232,54,true,n,tier2_nawl_academic+nawl_rank_232+grade_estimate_6,intermediate,intermediate,6.084,30.445,13.364,intermediate_seed,intermediate_6_to_8.csv
commitment,7,6-8,intermediate_6_to_8,1507,54,false,n,tier1_ngsl_general+ngsl_rank_1507+grade_estimate_7,intermediate,intermediate,4.084,30.445,11.364,intermediate_seed,intermediate_6_to_8.csv
emission,6,6-8,intermediate_6_to_8,233,53,true,n,tier2_nawl_academic+nawl_rank_233+grade_estimate_6,intermediate,intermediate,6.08,30.439,13.36,intermediate_seed,intermediate_6_to_8.csv
inference,6,6-8,intermediate_6_to_8,234,53,true,n,tier2_nawl_academic+nawl_rank_234+grade_estimate_6,intermediate,intermediate,6.08,30.439,13.36,intermediate_seed,intermediate_6_to_8.csv
disturbance,6,6-8,intermediate_6_to_8,238,53,true,n,tier2_nawl_academic+nawl_rank_238+grade_estimate_6,intermediate,intermediate,6.08,30.439,14.86,intermediate_seed,intermediate_6_to_8.csv
investigate,7,6-8,intermediate_6_to_8,1533,53,false,v,tier1_ngsl_general+ngsl_rank_1533+grade_estimate_7,intermediate,intermediate,4.08,30.439,12.86,intermediate_seed,intermediate_6_to_8.csv
recommendation,7,6-8,intermediate_6_to_8,1534,53,false,n,tier1_ngsl_general+ngsl_rank_1534+grade_estimate_7,intermediate,intermediate,4.08,30.439,12.86,intermediate_seed,intermediate_6_to_8.csv
provision,7,6-8,intermediate_6_to_8,1540,53,false,n,tier1_ngsl_general+ngsl_rank_1540+grade_estimate_7,intermediate,intermediate,4.08,30.439,11.36,intermediate_seed,intermediate_6_to_8.csv
concentrate,7,6-8,intermediate_6_to_8,1541,53,false,v,tier1_ngsl_general+ngsl_rank_1541+grade_estimate_7,intermediate,intermediate,4.08,30.439,12.86,intermediate_seed,intermediate_6_to_8.csv
validity,6,6-8,intermediate_6_to_8,241,52,true,n,tier2_nawl_academic+nawl_rank_241+grade_estimate_6,intermediate,intermediate,6.075,30.434,13.355,intermediate_seed,intermediate_6_to_8.csv
archaeology,6,6-8,intermediate_6_to_8,243,52,true,n,tier2_nawl_academic+nawl_rank_243+grade_estimate_6,intermediate,intermediate,6.075,30.434,14.855,intermediate_seed,intermediate_6_to_8.csv
modification,6,6-8,intermediate_6_to_8,245,52,true,n,tier2_nawl_academic+nawl_rank_245+grade_estimate_6,intermediate,intermediate,6.075,30.434,14.855,intermediate_seed,intermediate_6_to_8.csv
partition,6,6-8,intermediate_6_to_8,246,52,true,n,tier2_nawl_academic+nawl_rank_246+grade_estimate_6,intermediate,intermediate,6.075,30.434,13.355,intermediate_seed,intermediate_6_to_8.csv
initiate,6,6-8,intermediate_6_to_8,247,52,true,v,tier2_nawl_academic+nawl_rank_247+grade_estimate_6,intermediate,intermediate,6.075,30.434,13.355,intermediate_seed,intermediate_6_to_8.csv
insist,7,6-8,intermediate_6_to_8,1551,52,false,n,tier1_ngsl_general+ngsl_rank_1551+grade_estimate_7,intermediate,intermediate,4.875,30.434,10.655,intermediate_seed,intermediate_6_to_8.csv
injection,7,6-8,intermediate_6_to_8,259,51,true,n,tier2_nawl_academic+nawl_rank_259+grade_estimate_7,intermediate,intermediate,6.071,30.428,13.35,intermediate_seed,intermediate_6_to_8.csv
judgment,7,6-8,intermediate_6_to_8,1573,51,false,n,tier1_ngsl_general+ngsl_rank_1573+grade_estimate_7,intermediate,intermediate,4.071,30.428,11.35,intermediate_seed,intermediate_6_to_8.csv
definition,7,6-8,intermediate_6_to_8,1577,51,false,n,tier1_ngsl_general+ngsl_rank_1577+grade_estimate_7,intermediate,intermediate,4.071,30.428,11.35,intermediate_seed,intermediate_6_to_8.csv
identity,7,6-8,intermediate_6_to_8,1587,51,false,n,tier1_ngsl_general+ngsl_rank_1587+grade_estimate_7,intermediate,intermediate,4.071,30.428,11.35,intermediate_seed,intermediate_6_to_8.csv
characterization,7,6-8,intermediate_6_to_8,269,50,true,n,tier2_nawl_academic+nawl_rank_269+grade_estimate_7,intermediate,intermediate,6.067,30.423,14.845,intermediate_seed,intermediate_6_to_8.csv
commission,7,6-8,intermediate_6_to_8,1593,50,false,n,tier1_ngsl_general+ngsl_rank_1593+grade_estimate_7,intermediate,intermediate,4.067,30.423,11.345,intermediate_seed,intermediate_6_to_8.csv
association,7,6-8,intermediate_6_to_8,1595,50,false,n,tier1_ngsl_general+ngsl_rank_1595+grade_estimate_7,intermediate,intermediate,4.067,30.423,12.845,intermediate_seed,intermediate_6_to_8.csv
instrument,7,6-8,intermediate_6_to_8,1596,50,false,n,tier1_ngsl_general+ngsl_rank_1596+grade_estimate_7,intermediate,intermediate,4.067,30.423,11.345,intermediate_seed,intermediate_6_to_8.csv
expectation,7,6-8,intermediate_6_to_8,1606,50,false,n,tier1_ngsl_general+ngsl_rank_1606+grade_estimate_7,intermediate,intermediate,4.067,30.423,12.845,intermediate_seed,intermediate_6_to_8.csv
employment,7,6-8,intermediate_6_to_8,1607,50,false,n,tier1_ngsl_general+ngsl_rank_1607+grade_estimate_7,intermediate,intermediate,4.067,30.423,11.345,intermediate_seed,intermediate_6_to_8.csv
approximate,7,6-8,intermediate_6_to_8,272,49,true,v,tier2_nawl_academic+nawl_rank_272+grade_estimate_7,intermediate,intermediate,6.063,30.417,14.84,intermediate_seed,intermediate_6_to_8.csv
comprehension,7,6-8,intermediate_6_to_8,277,49,true,n,tier2_nawl_academic+nawl_rank_277+grade_estimate_7,intermediate,intermediate,6.063,30.417,14.84,intermediate_seed,intermediate_6_to_8.csv
formulation,7,6-8,intermediate_6_to_8,281,49,true,n,tier2_nawl_academic+nawl_rank_281+grade_estimate_7,intermediate,intermediate,6.063,30.417,14.84,intermediate_seed,intermediate_6_to_8.csv
notion,7,6-8,intermediate_6_to_8,1619,49,false,n,tier1_ngsl_general+ngsl_rank_1619+grade_estimate_7,intermediate,intermediate,4.863,30.417,10.64,intermediate_seed,intermediate_6_to_8.csv
conservative,7,6-8,intermediate_6_to_8,1620,49,false,adj,tier1_ngsl_general+ngsl_rank_1620+grade_estimate_7,intermediate,intermediate,4.063,30.417,12.84,intermediate_seed,intermediate_6_to_8.csv
opposition,7,6-8,intermediate_6_to_8,1622,49,false,n,tier1_ngsl_general+ngsl_rank_1622+grade_estimate_7,intermediate,intermediate,4.063,30.417,11.34,intermediate_seed,intermediate_6_to_8.csv
explanation,7,6-8,intermediate_6_to_8,1628,49,false,n,tier1_ngsl_general+ngsl_rank_1628+grade_estimate_7,intermediate,intermediate,4.063,30.417,12.84,intermediate_seed,intermediate_6_to_8.csv
derivative,7,6-8,intermediate_6_to_8,287,48,true,adj,tier2_nawl_academic+nawl_rank_287+grade_estimate_7,intermediate,intermediate,6.058,30.411,13.334,intermediate_seed,intermediate_6_to_8.csv
diffusion,7,6-8,intermediate_6_to_8,290,48,true,n,tier2_nawl_academic+nawl_rank_290+grade_estimate_7,intermediate,intermediate,6.058,30.411,13.334,intermediate_seed,intermediate_6_to_8.csv
competence,7,6-8,intermediate_6_to_8,294,48,true,n,tier2_nawl_academic+nawl_rank_294+grade_estimate_7,intermediate,intermediate,6.058,30.411,13.334,intermediate_seed,intermediate_6_to_8.csv
fusion,7,6-8,intermediate_6_to_8,296,48,true,n,tier2_nawl_academic+nawl_rank_296+grade_estimate_7,intermediate,intermediate,6.858,30.411,12.634,intermediate_seed,intermediate_6_to_8.csv
differentiate,7,6-8,intermediate_6_to_8,299,48,true,v,tier2_nawl_academic+nawl_rank_299+grade_estimate_7,intermediate,intermediate,6.058,30.411,14.834,intermediate_seed,intermediate_6_to_8.csv
native,7,6-8,intermediate_6_to_8,1639,48,false,adj,tier1_ngsl_general+ngsl_rank_1639+grade_estimate_7,intermediate,intermediate,4.858,30.411,10.634,intermediate_seed,intermediate_6_to_8.csv
selection,7,6-8,intermediate_6_to_8,1647,48,false,n,tier1_ngsl_general+ngsl_rank_1647+grade_estimate_7,intermediate,intermediate,4.058,30.411,11.334,intermediate_seed,intermediate_6_to_8.csv
transaction,7,6-8,intermediate_6_to_8,306,47,true,n,tier2_nawl_academic+nawl_rank_306+grade_estimate_7,intermediate,intermediate,6.054,30.405,14.829,intermediate_seed,intermediate_6_to_8.csv
indigenous,7,6-8,intermediate_6_to_8,308,47,true,adj,tier2_nawl_academic+nawl_rank_308+grade_estimate_7,intermediate,intermediate,6.054,30.405,13.329,intermediate_seed,intermediate_6_to_8.csv
personality,7,6-8,intermediate_6_to_8,1652,47,false,n,tier1_ngsl_general+ngsl_rank_1652+grade_estimate_7,intermediate,intermediate,4.054,30.405,12.829,intermediate_seed,intermediate_6_to_8.csv
proportion,7,6-8,intermediate_6_to_8,1663,47,false,n,tier1_ngsl_general+ngsl_rank_1663+grade_estimate_7,intermediate,intermediate,4.054,30.405,11.329,intermediate_seed,intermediate_6_to_8.csv
unity,7,6-8,intermediate_6_to_8,318,46,true,n,tier2_nawl_academic+nawl_rank_318+grade_estimate_7,intermediate,intermediate,6.849,30.399,12.624,intermediate_seed,intermediate_6_to_8.csv
differentiation,7,6-8,intermediate_6_to_8,321,46,true,n,tier2_nawl_academic+nawl_rank_321+grade_estimate_7,intermediate,intermediate,6.049,30.399,14.824,intermediate_seed,intermediate_6_to_8.csv
minimize,7,6-8,intermediate_6_to_8,323,46,true,v,tier2_nawl_academic+nawl_rank_323+grade_estimate_7,intermediate,intermediate,6.049,30.399,13.324,intermediate_seed,intermediate_6_to_8.csv
selective,7,6-8,intermediate_6_to_8,324,46,true,adj,tier2_nawl_academic+nawl_rank_324+grade_estimate_7,intermediate,intermediate,6.049,30.399,13.324,intermediate_seed,intermediate_6_to_8.csv
availability,7,6-8,intermediate_6_to_8,325,46,true,n,tier2_nawl_academic+nawl_rank_325+grade_estimate_7,intermediate,intermediate,6.049,30.399,14.824,intermediate_seed,intermediate_6_to_8.csv
instruction,7,6-8,intermediate_6_to_8,1672,46,false,n,tier1_ngsl_general+ngsl_rank_1672+grade_estimate_7,intermediate,intermediate,4.049,30.399,12.824,intermediate_seed,intermediate_6_to_8.csv
intelligence,7,6-8,intermediate_6_to_8,1673,46,false,n,tier1_ngsl_general+ngsl_rank_1673+grade_estimate_7,intermediate,intermediate,4.049,30.399,12.824,intermediate_seed,intermediate_6_to_8.csv
reduction,7,6-8,intermediate_6_to_8,1687,46,false,n,tier1_ngsl_general+ngsl_rank_1687+grade_estimate_7,intermediate,intermediate,4.049,30.399,11.324,intermediate_seed,intermediate_6_to_8.csv
impact,6,6-8,intermediate_6_to_8,7,223,true,n,tier2_nawl_academic+nawl_rank_7+grade_estimate_6,intermediate,intermediate,7.22,30.394,11.657,intermediate_seed,intermediate_6_to_8.csv
domain,6,6-8,intermediate_6_to_8,8,222,true,n,tier2_nawl_academic+nawl_rank_8+grade_estimate_6,intermediate,intermediate,7.219,30.392,11.656,intermediate_seed,intermediate_6_to_8.csv
fertility,7,6-8,intermediate_6_to_8,330,45,true,n,tier2_nawl_academic+nawl_rank_330+grade_estimate_7,intermediate,intermediate,6.044,30.392,13.318,intermediate_seed,intermediate_6_to_8.csv
inhibition,7,6-8,intermediate_6_to_8,332,45,true,n,tier2_nawl_academic+nawl_rank_332+grade_estimate_7,intermediate,intermediate,6.044,30.392,13.318,intermediate_seed,intermediate_6_to_8.csv
generalization,7,6-8,intermediate_6_to_8,336,45,true,n,tier2_nawl_academic+nawl_rank_336+grade_estimate_7,intermediate,intermediate,6.044,30.392,14.818,intermediate_seed,intermediate_6_to_8.csv
qualitative,7,6-8,intermediate_6_to_8,337,45,true,adj,tier2_nawl_academic+nawl_rank_337+grade_estimate_7,intermediate,intermediate,6.044,30.392,14.818,intermediate_seed,intermediate_6_to_8.csv
transcription,7,6-8,intermediate_6_to_8,339,45,true,n,tier2_nawl_academic+nawl_rank_339+grade_estimate_7,intermediate,intermediate,6.044,30.392,14.818,intermediate_seed,intermediate_6_to_8.csv
simulate,7,6-8,intermediate_6_to_8,343,45,true,v,tier2_nawl_academic+nawl_rank_343+grade_estimate_7,intermediate,intermediate,6.044,30.392,13.318,intermediate_seed,intermediate_6_to_8.csv
plate,7,6-8,intermediate_6_to_8,1705,45,false,v,tier1_ngsl_general+ngsl_rank_1705+grade_estimate_7,intermediate,intermediate,4.844,30.392,10.618,intermediate_seed,intermediate_6_to_8.csv
attractive,7,6-8,intermediate_6_to_8,1715,45,false,adj,tier1_ngsl_general+ngsl_rank_1715+grade_estimate_7,intermediate,intermediate,4.044,30.392,11.318,intermediate_seed,intermediate_6_to_8.csv
impression,7,6-8,intermediate_6_to_8,1717,45,false,n,tier1_ngsl_general+ngsl_rank_1717+grade_estimate_7,intermediate,intermediate,4.044,30.392,11.318,intermediate_seed,intermediate_6_to_8.csv
adaptive,7,6-8,intermediate_6_to_8,351,44,true,adj,tier2_nawl_academic+nawl_rank_351+grade_estimate_7,intermediate,intermediate,6.039,30.386,13.313,intermediate_seed,intermediate_6_to_8.csv
progressive,7,6-8,intermediate_6_to_8,354,44,true,adj,tier2_nawl_academic+nawl_rank_354+grade_estimate_7,intermediate,intermediate,6.039,30.386,14.813,intermediate_seed,intermediate_6_to_8.csv
legislation,7,6-8,intermediate_6_to_8,1735,44,false,n,tier1_ngsl_general+ngsl_rank_1735+grade_estimate_7,intermediate,intermediate,4.039,30.386,12.813,intermediate_seed,intermediate_6_to_8.csv
implement,7,6-8,intermediate_6_to_8,1740,44,false,v,tier1_ngsl_general+ngsl_rank_1740+grade_estimate_7,intermediate,intermediate,4.039,30.386,11.313,intermediate_seed,intermediate_6_to_8.csv
occupation,7,6-8,intermediate_6_to_8,359,43,true,n,tier2_nawl_academic+nawl_rank_359+grade_estimate_7,intermediate,intermediate,6.035,30.379,13.307,intermediate_seed,intermediate_6_to_8.csv
equivalence,7,6-8,intermediate_6_to_8,360,43,true,n,tier2_nawl_academic+nawl_rank_360+grade_estimate_7,intermediate,intermediate,6.035,30.379,14.807,intermediate_seed,intermediate_6_to_8.csv
productivity,7,6-8,intermediate_6_to_8,362,43,true,n,tier2_nawl_academic+nawl_rank_362+grade_estimate_7,intermediate,intermediate,6.035,30.379,14.807,intermediate_seed,intermediate_6_to_8.csv
intention,7,6-8,intermediate_6_to_8,1764,43,false,n,tier1_ngsl_general+ngsl_rank_1764+grade_estimate_7,intermediate,intermediate,4.035,30.379,11.307,intermediate_seed,intermediate_6_to_8.csv
estate,7,6-8,intermediate_6_to_8,1771,43,false,v,tier1_ngsl_general+ngsl_rank_1771+grade_estimate_7,intermediate,intermediate,4.835,30.379,10.607,intermediate_seed,intermediate_6_to_8.csv
alive,7,6-8,intermediate_6_to_8,1774,43,false,adj,tier1_ngsl_general+ngsl_rank_1774+grade_estimate_7,intermediate,intermediate,4.835,30.379,10.607,intermediate_seed,intermediate_6_to_8.csv
enormous,7,6-8,intermediate_6_to_8,1780,42,false,adj,tier1_ngsl_general+ngsl_rank_1780+grade_estimate_7,intermediate,intermediate,4.03,30.373,11.301,intermediate_seed,intermediate_6_to_8.csv
priority,7,6-8,intermediate_6_to_8,1793,42,false,n,tier1_ngsl_general+ngsl_rank_1793+grade_estimate_7,intermediate,intermediate,4.03,30.373,11.301,intermediate_seed,intermediate_6_to_8.csv
resolution,7,6-8,intermediate_6_to_8,1799,42,false,n,tier1_ngsl_general+ngsl_rank_1799+grade_estimate_7,intermediate,intermediate,4.03,30.373,11.301,intermediate_seed,intermediate_6_to_8.csv
communicate,7,6-8,intermediate_6_to_8,1800,42,false,v,tier1_ngsl_general+ngsl_rank_1800+grade_estimate_7,intermediate,intermediate,4.03,30.373,12.801,intermediate_seed,intermediate_6_to_8.csv
assignment,7,6-8,intermediate_6_to_8,377,41,true,adj,tier2_nawl_academic+nawl_rank_377+grade_estimate_7,intermediate,intermediate,6.025,30.366,13.295,intermediate_seed,intermediate_6_to_8.csv
replicate,7,6-8,intermediate_6_to_8,378,41,true,v,tier2_nawl_academic+nawl_rank_378+grade_estimate_7,intermediate,intermediate,6.025,30.366,13.295,intermediate_seed,intermediate_6_to_8.csv
exhibition,7,6-8,intermediate_6_to_8,1803,41,false,n,tier1_ngsl_general+ngsl_rank_1803+grade_estimate_7,intermediate,intermediate,4.025,30.366,11.295,intermediate_seed,intermediate_6_to_8.csv
immediate,7,6-8,intermediate_6_to_8,1806,41,false,adj,tier1_ngsl_general+ngsl_rank_1806+grade_estimate_7,intermediate,intermediate,4.025,30.366,11.295,intermediate_seed,intermediate_6_to_8.csv
competitive,7,6-8,intermediate_6_to_8,1824,41,false,adj,tier1_ngsl_general+ngsl_rank_1824+grade_estimate_7,intermediate,intermediate,4.025,30.366,12.795,intermediate_seed,intermediate_6_to_8.csv
disability,7,6-8,intermediate_6_to_8,380,40,true,n,tier2_nawl_academic+nawl_rank_380+grade_estimate_7,intermediate,intermediate,6.019,30.359,13.289,intermediate_seed,intermediate_6_to_8.csv
contradiction,7,6-8,intermediate_6_to_8,383,40,true,n,tier2_nawl_academic+nawl_rank_383+grade_estimate_7,intermediate,intermediate,6.019,30.359,14.789,intermediate_seed,intermediate_6_to_8.csv
correction,7,6-8,intermediate_6_to_8,386,40,true,n,tier2_nawl_academic+nawl_rank_386+grade_estimate_7,intermediate,intermediate,6.019,30.359,13.289,intermediate_seed,intermediate_6_to_8.csv
primitive,7,6-8,intermediate_6_to_8,389,40,true,adj,tier2_nawl_academic+nawl_rank_389+grade_estimate_7,intermediate,intermediate,6.019,30.359,13.289,intermediate_seed,intermediate_6_to_8.csv
accumulation,7,6-8,intermediate_6_to_8,391,40,true,n,tier2_nawl_academic+nawl_rank_391+grade_estimate_7,intermediate,intermediate,6.019,30.359,14.789,intermediate_seed,intermediate_6_to_8.csv
existence,7,6-8,intermediate_6_to_8,1835,40,false,n,tier1_ngsl_general+ngsl_rank_1835+grade_estimate_7,intermediate,intermediate,4.019,30.359,11.289,intermediate_seed,intermediate_6_to_8.csv
appointment,7,6-8,intermediate_6_to_8,1839,40,false,n,tier1_ngsl_general+ngsl_rank_1839+grade_estimate_7,intermediate,intermediate,4.019,30.359,12.789,intermediate_seed,intermediate_6_to_8.csv
emphasize,7,6-8,intermediate_6_to_8,1840,40,false,v,tier1_ngsl_general+ngsl_rank_1840+grade_estimate_7,intermediate,intermediate,4.019,30.359,11.289,intermediate_seed,intermediate_6_to_8.csv
initiative,7,6-8,intermediate_6_to_8,1845,40,false,adj,tier1_ngsl_general+ngsl_rank_1845+grade_estimate_7,intermediate,intermediate,4.019,30.359,11.289,intermediate_seed,intermediate_6_to_8.csv
motion,7,6-8,intermediate_6_to_8,1848,40,false,n,tier1_ngsl_general+ngsl_rank_1848+grade_estimate_7,intermediate,intermediate,4.819,30.359,10.589,intermediate_seed,intermediate_6_to_8.csv
complicate,7,6-8,intermediate_6_to_8,1851,40,false,v,tier1_ngsl_general+ngsl_rank_1851+grade_estimate_7,intermediate,intermediate,4.019,30.359,11.289,intermediate_seed,intermediate_6_to_8.csv
assumption,7,6-8,intermediate_6_to_8,1855,40,false,n,tier1_ngsl_general+ngsl_rank_1855+grade_estimate_7,intermediate,intermediate,4.019,30.359,11.289,intermediate_seed,intermediate_6_to_8.csv
reputation,7,6-8,intermediate_6_to_8,1859,40,false,n,tier1_ngsl_general+ngsl_rank_1859+grade_estimate_7,intermediate,intermediate,4.019,30.359,11.289,intermediate_seed,intermediate_6_to_8.csv
negotiation,7,6-8,intermediate_6_to_8,1861,40,false,n,tier1_ngsl_general+ngsl_rank_1861+grade_estimate_7,intermediate,intermediate,4.019,30.359,12.789,intermediate_seed,intermediate_6_to_8.csv
substrate,7,6-8,intermediate_6_to_8,394,39,true,v,tier2_nawl_academic+nawl_rank_394+grade_estimate_7,intermediate,intermediate,6.014,30.352,13.283,intermediate_seed,intermediate_6_to_8.csv
discrimination,7,6-8,intermediate_6_to_8,396,39,true,n,tier2_nawl_academic+nawl_rank_396+grade_estimate_7,intermediate,intermediate,6.014,30.352,14.783,intermediate_seed,intermediate_6_to_8.csv
randomize,7,6-8,intermediate_6_to_8,398,39,true,v,tier2_nawl_academic+nawl_rank_398+grade_estimate_7,intermediate,intermediate,6.014,30.352,13.283,intermediate_seed,intermediate_6_to_8.csv
mechanism,7,6-8,intermediate_6_to_8,1862,39,false,n,tier1_ngsl_general+ngsl_rank_1862+grade_estimate_7,intermediate,intermediate,4.014,30.352,11.283,intermediate_seed,intermediate_6_to_8.csv
observation,7,6-8,intermediate_6_to_8,1868,39,false,n,tier1_ngsl_general+ngsl_rank_1868+grade_estimate_7,intermediate,intermediate,4.014,30.352,12.783,intermediate_seed,intermediate_6_to_8.csv
concentration,7,6-8,intermediate_6_to_8,1870,39,false,n,tier1_ngsl_general+ngsl_rank_1870+grade_estimate_7,intermediate,intermediate,4.014,30.352,12.783,intermediate_seed,intermediate_6_to_8.csv
implication,7,6-8,intermediate_6_to_8,1871,39,false,n,tier1_ngsl_general+ngsl_rank_1871+grade_estimate_7,intermediate,intermediate,4.014,30.352,12.783,intermediate_seed,intermediate_6_to_8.csv
spontaneous,7,6-8,intermediate_6_to_8,403,38,true,adj,tier2_nawl_academic+nawl_rank_403+grade_estimate_7,intermediate,intermediate,6.009,30.345,14.777,intermediate_seed,intermediate_6_to_8.csv
reliability,7,6-8,intermediate_6_to_8,404,38,true,n,tier2_nawl_academic+nawl_rank_404+grade_estimate_7,intermediate,intermediate,6.009,30.345,14.777,intermediate_seed,intermediate_6_to_8.csv
accommodation,7,6-8,intermediate_6_to_8,1903,38,false,n,tier1_ngsl_general+ngsl_rank_1903+grade_estimate_7,intermediate,intermediate,4.009,30.345,12.777,intermediate_seed,intermediate_6_to_8.csv
exception,7,6-8,intermediate_6_to_8,1908,38,false,n,tier1_ngsl_general+ngsl_rank_1908+grade_estimate_7,intermediate,intermediate,4.009,30.345,11.277,intermediate_seed,intermediate_6_to_8.csv
corporation,7,6-8,intermediate_6_to_8,1909,38,false,n,tier1_ngsl_general+ngsl_rank_1909+grade_estimate_7,intermediate,intermediate,4.009,30.345,12.777,intermediate_seed,intermediate_6_to_8.csv
creation,7,6-8,intermediate_6_to_8,1929,38,false,n,tier1_ngsl_general+ngsl_rank_1929+grade_estimate_7,intermediate,intermediate,4.009,30.345,11.277,intermediate_seed,intermediate_6_to_8.csv
update,7,6-8,intermediate_6_to_8,1933,38,false,v,tier1_ngsl_general+ngsl_rank_1933+grade_estimate_7,intermediate,intermediate,4.809,30.345,10.577,intermediate_seed,intermediate_6_to_8.csv
journalist,7,6-8,intermediate_6_to_8,1939,38,false,n,tier1_ngsl_general+ngsl_rank_1939+grade_estimate_7,intermediate,intermediate,4.009,30.345,11.277,intermediate_seed,intermediate_6_to_8.csv
advertisement,7,6-8,intermediate_6_to_8,1941,38,false,n,tier1_ngsl_general+ngsl_rank_1941+grade_estimate_7,intermediate,intermediate,4.009,30.345,12.777,intermediate_seed,intermediate_6_to_8.csv
elaborate,7,6-8,intermediate_6_to_8,407,37,true,v,tier2_nawl_academic+nawl_rank_407+grade_estimate_7,intermediate,intermediate,6.003,30.338,13.27,intermediate_seed,intermediate_6_to_8.csv
reproduction,7,6-8,intermediate_6_to_8,410,37,true,n,tier2_nawl_academic+nawl_rank_410+grade_estimate_7,intermediate,intermediate,6.003,30.338,14.77,intermediate_seed,intermediate_6_to_8.csv
dominance,7,6-8,intermediate_6_to_8,411,37,true,n,tier2_nawl_academic+nawl_rank_411+grade_estimate_7,intermediate,intermediate,6.003,30.338,13.27,intermediate_seed,intermediate_6_to_8.csv
allocation,7,6-8,intermediate_6_to_8,412,37,true,n,tier2_nawl_academic+nawl_rank_412+grade_estimate_7,intermediate,intermediate,6.003,30.338,13.27,intermediate_seed,intermediate_6_to_8.csv
productive,7,6-8,intermediate_6_to_8,414,37,true,adj,tier2_nawl_academic+nawl_rank_414+grade_estimate_7,intermediate,intermediate,6.003,30.338,13.27,intermediate_seed,intermediate_6_to_8.csv
conscious,7,6-8,intermediate_6_to_8,416,37,true,adj,tier2_nawl_academic+nawl_rank_416+grade_estimate_7,intermediate,intermediate,6.003,30.338,13.27,intermediate_seed,intermediate_6_to_8.csv
circulation,7,6-8,intermediate_6_to_8,422,37,true,n,tier2_nawl_academic+nawl_rank_422+grade_estimate_7,intermediate,intermediate,6.003,30.338,14.77,intermediate_seed,intermediate_6_to_8.csv
integrate,7,6-8,intermediate_6_to_8,1955,37,false,v,tier1_ngsl_general+ngsl_rank_1955+grade_estimate_7,intermediate,intermediate,4.003,30.338,11.27,intermediate_seed,intermediate_6_to_8.csv
criticism,7,6-8,intermediate_6_to_8,1956,37,false,n,tier1_ngsl_general+ngsl_rank_1956+grade_estimate_7,intermediate,intermediate,4.003,30.338,11.27,intermediate_seed,intermediate_6_to_8.csv
convention,7,6-8,intermediate_6_to_8,1957,37,false,n,tier1_ngsl_general+ngsl_rank_1957+grade_estimate_7,intermediate,intermediate,4.003,30.338,11.27,intermediate_seed,intermediate_6_to_8.csv
sequence,7,6-8,intermediate_6_to_8,1960,37,false,n,tier1_ngsl_general+ngsl_rank_1960+grade_estimate_7,intermediate,intermediate,4.003,30.338,11.27,intermediate_seed,intermediate_6_to_8.csv
examination,7,6-8,intermediate_6_to_8,1966,37,false,n,tier1_ngsl_general+ngsl_rank_1966+grade_estimate_7,intermediate,intermediate,4.003,30.338,12.77,intermediate_seed,intermediate_6_to_8.csv
necessity,7,6-8,intermediate_6_to_8,424,36,true,n,tier2_nawl_academic+nawl_rank_424+grade_estimate_7,intermediate,intermediate,5.998,30.33,13.264,intermediate_seed,intermediate_6_to_8.csv
subjective,7,6-8,intermediate_6_to_8,428,36,true,adj,tier2_nawl_academic+nawl_rank_428+grade_estimate_7,intermediate,intermediate,5.998,30.33,13.264,intermediate_seed,intermediate_6_to_8.csv
accumulate,7,6-8,intermediate_6_to_8,429,36,true,v,tier2_nawl_academic+nawl_rank_429+grade_estimate_7,intermediate,intermediate,5.998,30.33,13.264,intermediate_seed,intermediate_6_to_8.csv
rejection,7,6-8,intermediate_6_to_8,430,36,true,n,tier2_nawl_academic+nawl_rank_430+grade_estimate_7,intermediate,intermediate,5.998,30.33,13.264,intermediate_seed,intermediate_6_to_8.csv
maximize,7,6-8,intermediate_6_to_8,431,36,true,v,tier2_nawl_academic+nawl_rank_431+grade_estimate_7,intermediate,intermediate,5.998,30.33,13.264,intermediate_seed,intermediate_6_to_8.csv
replacement,7,6-8,intermediate_6_to_8,432,36,true,adj,tier2_nawl_academic+nawl_rank_432+grade_estimate_7,intermediate,intermediate,5.998,30.33,14.764,intermediate_seed,intermediate_6_to_8.csv
complication,7,6-8,intermediate_6_to_8,434,36,true,n,tier2_nawl_academic+nawl_rank_434+grade_estimate_7,intermediate,intermediate,5.998,30.33,14.764,intermediate_seed,intermediate_6_to_8.csv
revolution,7,6-8,intermediate_6_to_8,1970,36,false,n,tier1_ngsl_general+ngsl_rank_1970+grade_estimate_7,intermediate,intermediate,3.998,30.33,11.264,intermediate_seed,intermediate_6_to_8.csv
derive,7,6-8,intermediate_6_to_8,1982,36,false,v,tier1_ngsl_general+ngsl_rank_1982+grade_estimate_7,intermediate,intermediate,4.798,30.33,10.564,intermediate_seed,intermediate_6_to_8.csv
minority,7,6-8,intermediate_6_to_8,1987,36,false,n,tier1_ngsl_general+ngsl_rank_1987+grade_estimate_7,intermediate,intermediate,3.998,30.33,11.264,intermediate_seed,intermediate_6_to_8.csv
interpretation,7,6-8,intermediate_6_to_8,1989,36,false,n,tier1_ngsl_general+ngsl_rank_1989+grade_estimate_7,intermediate,intermediate,3.998,30.33,12.764,intermediate_seed,intermediate_6_to_8.csv
achievement,7,6-8,intermediate_6_to_8,2001,36,false,n,tier1_ngsl_general+ngsl_rank_2001+grade_estimate_7,intermediate,intermediate,3.998,30.33,12.764,intermediate_seed,intermediate_6_to_8.csv
negotiate,7,6-8,intermediate_6_to_8,2002,36,false,v,tier1_ngsl_general+ngsl_rank_2002+grade_estimate_7,intermediate,intermediate,3.998,30.33,11.264,intermediate_seed,intermediate_6_to_8.csv
dominate,7,6-8,intermediate_6_to_8,2003,36,false,v,tier1_ngsl_general+ngsl_rank_2003+grade_estimate_7,intermediate,intermediate,3.998,30.33,11.264,intermediate_seed,intermediate_6_to_8.csv
prize,7,6-8,intermediate_6_to_8,2005,36,false,v,tier1_ngsl_general+ngsl_rank_2005+grade_estimate_7,intermediate,intermediate,4.798,30.33,10.564,intermediate_seed,intermediate_6_to_8.csv
acquisition,7,6-8,intermediate_6_to_8,2010,36,false,n,tier1_ngsl_general+ngsl_rank_2010+grade_estimate_7,intermediate,intermediate,3.998,30.33,12.764,intermediate_seed,intermediate_6_to_8.csv
denote,6,6-8,intermediate_6_to_8,10,181,true,v,tier2_nawl_academic+nawl_rank_10+grade_estimate_6,intermediate,intermediate,7.169,30.325,11.597,intermediate_seed,intermediate_6_to_8.csv
absorption,7,6-8,intermediate_6_to_8,437,35,true,n,tier2_nawl_academic+nawl_rank_437+grade_estimate_7,intermediate,intermediate,5.992,30.323,13.257,intermediate_seed,intermediate_6_to_8.csv
tolerance,7,6-8,intermediate_6_to_8,441,35,true,n,tier2_nawl_academic+nawl_rank_441+grade_estimate_7,intermediate,intermediate,5.992,30.323,13.257,intermediate_seed,intermediate_6_to_8.csv
mobility,7,6-8,intermediate_6_to_8,445,35,true,n,tier2_nawl_academic+nawl_rank_445+grade_estimate_7,intermediate,intermediate,5.992,30.323,13.257,intermediate_seed,intermediate_6_to_8.csv
manipulation,7,6-8,intermediate_6_to_8,446,35,true,n,tier2_nawl_academic+nawl_rank_446+grade_estimate_7,intermediate,intermediate,5.992,30.323,14.757,intermediate_seed,intermediate_6_to_8.csv
nationalism,7,6-8,intermediate_6_to_8,448,35,true,n,tier2_nawl_academic+nawl_rank_448+grade_estimate_7,intermediate,intermediate,5.992,30.323,14.757,intermediate_seed,intermediate_6_to_8.csv
recognition,7,6-8,intermediate_6_to_8,2013,35,false,n,tier1_ngsl_general+ngsl_rank_2013+grade_estimate_7,intermediate,intermediate,3.992,30.323,12.757,intermediate_seed,intermediate_6_to_8.csv
electricity,7,6-8,intermediate_6_to_8,2014,35,false,n,tier1_ngsl_general+ngsl_rank_2014+grade_estimate_7,intermediate,intermediate,3.992,30.323,12.757,intermediate_seed,intermediate_6_to_8.csv
assistance,7,6-8,intermediate_6_to_8,2015,35,false,n,tier1_ngsl_general+ngsl_rank_2015+grade_estimate_7,intermediate,intermediate,3.992,30.323,11.257,intermediate_seed,intermediate_6_to_8.csv
retirement,7,6-8,intermediate_6_to_8,2017,35,false,n,tier1_ngsl_general+ngsl_rank_2017+grade_estimate_7,intermediate,intermediate,3.992,30.323,11.257,intermediate_seed,intermediate_6_to_8.csv
variation,7,6-8,intermediate_6_to_8,2019,35,false,n,tier1_ngsl_general+ngsl_rank_2019+grade_estimate_7,intermediate,intermediate,3.992,30.323,11.257,intermediate_seed,intermediate_6_to_8.csv
representation,7,6-8,intermediate_6_to_8,2027,35,false,n,tier1_ngsl_general+ngsl_rank_2027+grade_estimate_7,intermediate,intermediate,3.992,30.323,12.757,intermediate_seed,intermediate_6_to_8.csv
preparation,7,6-8,intermediate_6_to_8,2028,35,false,n,tier1_ngsl_general+ngsl_rank_2028+grade_estimate_7,intermediate,intermediate,3.992,30.323,12.757,intermediate_seed,intermediate_6_to_8.csv
entertainment,7,6-8,intermediate_6_to_8,2034,35,false,n,tier1_ngsl_general+ngsl_rank_2034+grade_estimate_7,intermediate,intermediate,3.992,30.323,12.757,intermediate_seed,intermediate_6_to_8.csv
publication,7,6-8,intermediate_6_to_8,2041,35,false,n,tier1_ngsl_general+ngsl_rank_2041+grade_estimate_7,intermediate,intermediate,3.992,30.323,12.757,intermediate_seed,intermediate_6_to_8.csv
specialist,7,6-8,intermediate_6_to_8,2063,34,false,n,tier1_ngsl_general+ngsl_rank_2063+grade_estimate_7,intermediate,intermediate,3.986,30.315,11.25,intermediate_seed,intermediate_6_to_8.csv
numerous,7,6-8,intermediate_6_to_8,2069,34,false,adj,tier1_ngsl_general+ngsl_rank_2069+grade_estimate_7,intermediate,intermediate,3.986,30.315,11.25,intermediate_seed,intermediate_6_to_8.csv
sensitive,7,6-8,intermediate_6_to_8,2077,34,false,adj,tier1_ngsl_general+ngsl_rank_2077+grade_estimate_7,intermediate,intermediate,3.986,30.315,11.25,intermediate_seed,intermediate_6_to_8.csv
eliminate,7,6-8,intermediate_6_to_8,2082,34,false,v,tier1_ngsl_general+ngsl_rank_2082+grade_estimate_7,intermediate,intermediate,3.986,30.315,11.25,intermediate_seed,intermediate_6_to_8.csv
semantic,6,6-8,intermediate_6_to_8,12,173,true,adj,tier2_nawl_academic+nawl_rank_12+grade_estimate_6,intermediate,intermediate,6.357,30.31,12.284,intermediate_seed,intermediate_6_to_8.csv
justification,7,6-8,intermediate_6_to_8,462,33,true,n,tier2_nawl_academic+nawl_rank_462+grade_estimate_7,intermediate,intermediate,5.98,30.307,14.743,intermediate_seed,intermediate_6_to_8.csv
execution,7,6-8,intermediate_6_to_8,467,33,true,n,tier2_nawl_academic+nawl_rank_467+grade_estimate_7,intermediate,intermediate,5.98,30.307,13.243,intermediate_seed,intermediate_6_to_8.csv
hence,7,6-8,intermediate_6_to_8,2094,33,false,n,tier1_ngsl_general+ngsl_rank_2094+grade_estimate_7,intermediate,intermediate,4.78,30.307,10.543,intermediate_seed,intermediate_6_to_8.csv
assist,7,6-8,intermediate_6_to_8,2099,33,false,n,tier1_ngsl_general+ngsl_rank_2099+grade_estimate_7,intermediate,intermediate,4.78,30.307,10.543,intermediate_seed,intermediate_6_to_8.csv
perceive,7,6-8,intermediate_6_to_8,2103,33,false,adj,tier1_ngsl_general+ngsl_rank_2103+grade_estimate_7,intermediate,intermediate,3.98,30.307,11.243,intermediate_seed,intermediate_6_to_8.csv
terrorist,7,6-8,intermediate_6_to_8,2121,33,false,n,tier1_ngsl_general+ngsl_rank_2121+grade_estimate_7,intermediate,intermediate,3.98,30.307,11.243,intermediate_seed,intermediate_6_to_8.csv
fascinate,7,6-8,intermediate_6_to_8,2124,33,false,v,tier1_ngsl_general+ngsl_rank_2124+grade_estimate_7,intermediate,intermediate,3.98,30.307,11.243,intermediate_seed,intermediate_6_to_8.csv
distinction,7,6-8,intermediate_6_to_8,2132,33,false,n,tier1_ngsl_general+ngsl_rank_2132+grade_estimate_7,intermediate,intermediate,3.98,30.307,12.743,intermediate_seed,intermediate_6_to_8.csv
satisfaction,7,6-8,intermediate_6_to_8,2133,33,false,n,tier1_ngsl_general+ngsl_rank_2133+grade_estimate_7,intermediate,intermediate,3.98,30.307,12.743,intermediate_seed,intermediate_6_to_8.csv
incorporate,7,6-8,intermediate_6_to_8,2134,33,false,v,tier1_ngsl_general+ngsl_rank_2134+grade_estimate_7,intermediate,intermediate,3.98,30.307,12.743,intermediate_seed,intermediate_6_to_8.csv
obligation,7,6-8,intermediate_6_to_8,2137,33,false,n,tier1_ngsl_general+ngsl_rank_2137+grade_estimate_7,intermediate,intermediate,3.98,30.307,11.243,intermediate_seed,intermediate_6_to_8.csv
ultimate,7,6-8,intermediate_6_to_8,469,32,true,v,tier2_nawl_academic+nawl_rank_469+grade_estimate_7,intermediate,intermediate,5.974,30.299,13.236,intermediate_seed,intermediate_6_to_8.csv
acceleration,7,6-8,intermediate_6_to_8,472,32,true,n,tier2_nawl_academic+nawl_rank_472+grade_estimate_7,intermediate,intermediate,5.974,30.299,14.736,intermediate_seed,intermediate_6_to_8.csv
evaluate,7,6-8,intermediate_6_to_8,2139,32,false,v,tier1_ngsl_general+ngsl_rank_2139+grade_estimate_7,intermediate,intermediate,3.974,30.299,11.236,intermediate_seed,intermediate_6_to_8.csv
perception,7,6-8,intermediate_6_to_8,2142,32,false,n,tier1_ngsl_general+ngsl_rank_2142+grade_estimate_7,intermediate,intermediate,3.974,30.299,11.236,intermediate_seed,intermediate_6_to_8.csv
expansion,7,6-8,intermediate_6_to_8,2153,32,false,n,tier1_ngsl_general+ngsl_rank_2153+grade_estimate_7,intermediate,intermediate,3.974,30.299,11.236,intermediate_seed,intermediate_6_to_8.csv
apartment,7,6-8,intermediate_6_to_8,2168,32,false,n,tier1_ngsl_general+ngsl_rank_2168+grade_estimate_7,intermediate,intermediate,3.974,30.299,11.236,intermediate_seed,intermediate_6_to_8.csv
demonstration,7,6-8,intermediate_6_to_8,2169,32,false,n,tier1_ngsl_general+ngsl_rank_2169+grade_estimate_7,intermediate,intermediate,3.974,30.299,12.736,intermediate_seed,intermediate_6_to_8.csv
matrix,6,6-8,intermediate_6_to_8,15,165,true,n,tier2_nawl_academic+nawl_rank_15+grade_estimate_6,intermediate,intermediate,7.146,30.294,11.57,intermediate_seed,intermediate_6_to_8.csv
linear,6,6-8,intermediate_6_to_8,16,163,true,adj,tier2_nawl_academic+nawl_rank_16+grade_estimate_6,intermediate,intermediate,7.143,30.29,11.567,intermediate_seed,intermediate_6_to_8.csv
objection,7,6-8,intermediate_6_to_8,482,31,true,n,tier2_nawl_academic+nawl_rank_482+grade_estimate_7,intermediate,intermediate,5.968,30.29,13.229,intermediate_seed,intermediate_6_to_8.csv
replication,7,6-8,intermediate_6_to_8,488,31,true,n,tier2_nawl_academic+nawl_rank_488+grade_estimate_7,intermediate,intermediate,5.968,30.29,14.729,intermediate_seed,intermediate_6_to_8.csv
admission,7,6-8,intermediate_6_to_8,490,31,true,n,tier2_nawl_academic+nawl_rank_490+grade_estimate_7,intermediate,intermediate,5.968,30.29,13.229,intermediate_seed,intermediate_6_to_8.csv
restriction,7,6-8,intermediate_6_to_8,2176,31,false,n,tier1_ngsl_general+ngsl_rank_2176+grade_estimate_7,intermediate,intermediate,3.968,30.29,12.729,intermediate_seed,intermediate_6_to_8.csv
foundation,7,6-8,intermediate_6_to_8,2177,31,false,n,tier1_ngsl_general+ngsl_rank_2177+grade_estimate_7,intermediate,intermediate,3.968,30.29,11.229,intermediate_seed,intermediate_6_to_8.csv
innovation,7,6-8,intermediate_6_to_8,2180,31,false,n,tier1_ngsl_general+ngsl_rank_2180+grade_estimate_7,intermediate,intermediate,3.968,30.29,11.229,intermediate_seed,intermediate_6_to_8.csv
extension,7,6-8,intermediate_6_to_8,2186,31,false,n,tier1_ngsl_general+ngsl_rank_2186+grade_estimate_7,intermediate,intermediate,3.968,30.29,11.229,intermediate_seed,intermediate_6_to_8.csv
transition,7,6-8,intermediate_6_to_8,2195,31,false,n,tier1_ngsl_general+ngsl_rank_2195+grade_estimate_7,intermediate,intermediate,3.968,30.29,11.229,intermediate_seed,intermediate_6_to_8.csv
creative,8,6-8,intermediate_6_to_8,2209,31,false,adj,tier1_ngsl_general+ngsl_rank_2209+grade_estimate_8,intermediate,intermediate,3.968,30.29,11.229,intermediate_seed,intermediate_6_to_8.csv
substance,8,6-8,intermediate_6_to_8,2230,31,false,n,tier1_ngsl_general+ngsl_rank_2230+grade_estimate_8,intermediate,intermediate,3.968,30.29,11.229,intermediate_seed,intermediate_6_to_8.csv
extensive,8,6-8,intermediate_6_to_8,2231,31,false,adj,tier1_ngsl_general+ngsl_rank_2231+grade_estimate_8,intermediate,intermediate,3.968,30.29,11.229,intermediate_seed,intermediate_6_to_8.csv
displacement,7,6-8,intermediate_6_to_8,495,30,true,adj,tier2_nawl_academic+nawl_rank_495+grade_estimate_7,intermediate,intermediate,5.961,30.282,14.721,intermediate_seed,intermediate_6_to_8.csv
standardize,7,6-8,intermediate_6_to_8,497,30,true,v,tier2_nawl_academic+nawl_rank_497+grade_estimate_7,intermediate,intermediate,5.961,30.282,14.721,intermediate_seed,intermediate_6_to_8.csv
civilization,7,6-8,intermediate_6_to_8,498,30,true,n,tier2_nawl_academic+nawl_rank_498+grade_estimate_7,intermediate,intermediate,5.961,30.282,14.721,intermediate_seed,intermediate_6_to_8.csv
legitimate,7,6-8,intermediate_6_to_8,502,30,true,v,tier2_nawl_academic+nawl_rank_502+grade_estimate_7,intermediate,intermediate,5.961,30.282,13.221,intermediate_seed,intermediate_6_to_8.csv
intervention,8,6-8,intermediate_6_to_8,2242,30,false,n,tier1_ngsl_general+ngsl_rank_2242+grade_estimate_8,intermediate,intermediate,3.961,30.282,12.721,intermediate_seed,intermediate_6_to_8.csv
membership,8,6-8,intermediate_6_to_8,2261,30,false,n,tier1_ngsl_general+ngsl_rank_2261+grade_estimate_8,intermediate,intermediate,3.961,30.282,11.221,intermediate_seed,intermediate_6_to_8.csv
accurate,8,6-8,intermediate_6_to_8,2283,30,false,v,tier1_ngsl_general+ngsl_rank_2283+grade_estimate_8,intermediate,intermediate,3.961,30.282,11.221,intermediate_seed,intermediate_6_to_8.csv
sophisticate,7,6-8,intermediate_6_to_8,503,29,true,v,tier2_nawl_academic+nawl_rank_503+grade_estimate_7,intermediate,intermediate,5.955,30.273,14.714,intermediate_seed,intermediate_6_to_8.csv
accelerate,7,6-8,intermediate_6_to_8,504,29,true,v,tier2_nawl_academic+nawl_rank_504+grade_estimate_7,intermediate,intermediate,5.955,30.273,13.214,intermediate_seed,intermediate_6_to_8.csv
progression,7,6-8,intermediate_6_to_8,510,29,true,n,tier2_nawl_academic+nawl_rank_510+grade_estimate_7,intermediate,intermediate,5.955,30.273,14.714,intermediate_seed,intermediate_6_to_8.csv
scholarship,7,6-8,intermediate_6_to_8,513,29,true,n,tier2_nawl_academic+nawl_rank_513+grade_estimate_7,intermediate,intermediate,5.955,30.273,14.714,intermediate_seed,intermediate_6_to_8.csv
oscillation,7,6-8,intermediate_6_to_8,516,29,true,n,tier2_nawl_academic+nawl_rank_516+grade_estimate_7,intermediate,intermediate,5.955,30.273,14.714,intermediate_seed,intermediate_6_to_8.csv
theorist,7,6-8,intermediate_6_to_8,518,29,true,n,tier2_nawl_academic+nawl_rank_518+grade_estimate_7,intermediate,intermediate,5.955,30.273,13.214,intermediate_seed,intermediate_6_to_8.csv
manipulate,7,6-8,intermediate_6_to_8,519,29,true,v,tier2_nawl_academic+nawl_rank_519+grade_estimate_7,intermediate,intermediate,5.955,30.273,13.214,intermediate_seed,intermediate_6_to_8.csv
alliance,7,6-8,intermediate_6_to_8,520,29,true,n,tier2_nawl_academic+nawl_rank_520+grade_estimate_7,intermediate,intermediate,5.955,30.273,13.214,intermediate_seed,intermediate_6_to_8.csv
resistance,8,6-8,intermediate_6_to_8,2293,29,false,n,tier1_ngsl_general+ngsl_rank_2293+grade_estimate_8,intermediate,intermediate,3.955,30.273,11.214,intermediate_seed,intermediate_6_to_8.csv
apologize,8,6-8,intermediate_6_to_8,2301,29,false,v,tier1_ngsl_general+ngsl_rank_2301+grade_estimate_8,intermediate,intermediate,3.955,30.273,11.214,intermediate_seed,intermediate_6_to_8.csv
involvement,8,6-8,intermediate_6_to_8,2306,29,false,n,tier1_ngsl_general+ngsl_rank_2306+grade_estimate_8,intermediate,intermediate,3.955,30.273,12.714,intermediate_seed,intermediate_6_to_8.csv
translate,8,6-8,intermediate_6_to_8,2310,29,false,v,tier1_ngsl_general+ngsl_rank_2310+grade_estimate_8,intermediate,intermediate,3.955,30.273,11.214,intermediate_seed,intermediate_6_to_8.csv
formation,8,6-8,intermediate_6_to_8,2312,29,false,n,tier1_ngsl_general+ngsl_rank_2312+grade_estimate_8,intermediate,intermediate,3.955,30.273,11.214,intermediate_seed,intermediate_6_to_8.csv
establishment,8,6-8,intermediate_6_to_8,2317,29,false,n,tier1_ngsl_general+ngsl_rank_2317+grade_estimate_8,intermediate,intermediate,3.955,30.273,12.714,intermediate_seed,intermediate_6_to_8.csv
punishment,7,6-8,intermediate_6_to_8,529,28,true,adj,tier2_nawl_academic+nawl_rank_529+grade_estimate_7,intermediate,intermediate,5.948,30.264,13.206,intermediate_seed,intermediate_6_to_8.csv
coordination,7,6-8,intermediate_6_to_8,534,28,true,n,tier2_nawl_academic+nawl_rank_534+grade_estimate_7,intermediate,intermediate,5.948,30.264,14.706,intermediate_seed,intermediate_6_to_8.csv
characterize,8,6-8,intermediate_6_to_8,2325,28,false,v,tier1_ngsl_general+ngsl_rank_2325+grade_estimate_8,intermediate,intermediate,3.948,30.264,12.706,intermediate_seed,intermediate_6_to_8.csv
anticipate,8,6-8,intermediate_6_to_8,2335,28,false,v,tier1_ngsl_general+ngsl_rank_2335+grade_estimate_8,intermediate,intermediate,3.948,30.264,11.206,intermediate_seed,intermediate_6_to_8.csv
specialize,8,6-8,intermediate_6_to_8,2337,28,false,v,tier1_ngsl_general+ngsl_rank_2337+grade_estimate_8,intermediate,intermediate,3.948,30.264,11.206,intermediate_seed,intermediate_6_to_8.csv
moderate,8,6-8,intermediate_6_to_8,2348,28,false,v,tier1_ngsl_general+ngsl_rank_2348+grade_estimate_8,intermediate,intermediate,3.948,30.264,11.206,intermediate_seed,intermediate_6_to_8.csv
significance,8,6-8,intermediate_6_to_8,2351,28,false,n,tier1_ngsl_general+ngsl_rank_2351+grade_estimate_8,intermediate,intermediate,3.948,30.264,12.706,intermediate_seed,intermediate_6_to_8.csv
adequate,8,6-8,intermediate_6_to_8,2358,28,false,v,tier1_ngsl_general+ngsl_rank_2358+grade_estimate_8,intermediate,intermediate,3.948,30.264,11.206,intermediate_seed,intermediate_6_to_8.csv
linguistic,6,6-8,intermediate_6_to_8,20,149,true,adj,tier2_nawl_academic+nawl_rank_20+grade_estimate_6,intermediate,intermediate,6.321,30.261,12.241,intermediate_seed,intermediate_6_to_8.csv
terminology,7,6-8,intermediate_6_to_8,543,27,true,n,tier2_nawl_academic+nawl_rank_543+grade_estimate_7,intermediate,intermediate,5.941,30.255,14.698,intermediate_seed,intermediate_6_to_8.csv
vegetation,7,6-8,intermediate_6_to_8,544,27,true,n,tier2_nawl_academic+nawl_rank_544+grade_estimate_7,intermediate,intermediate,5.941,30.255,13.198,intermediate_seed,intermediate_6_to_8.csv
preference,8,6-8,intermediate_6_to_8,2383,27,false,n,tier1_ngsl_general+ngsl_rank_2383+grade_estimate_8,intermediate,intermediate,3.941,30.255,11.198,intermediate_seed,intermediate_6_to_8.csv
comprehensive,8,6-8,intermediate_6_to_8,2384,27,false,adj,tier1_ngsl_general+ngsl_rank_2384+grade_estimate_8,intermediate,intermediate,3.941,30.255,12.698,intermediate_seed,intermediate_6_to_8.csv
incentive,8,6-8,intermediate_6_to_8,2385,27,false,adj,tier1_ngsl_general+ngsl_rank_2385+grade_estimate_8,intermediate,intermediate,3.941,30.255,11.198,intermediate_seed,intermediate_6_to_8.csv
capability,8,6-8,intermediate_6_to_8,2397,27,false,n,tier1_ngsl_general+ngsl_rank_2397+grade_estimate_8,intermediate,intermediate,3.941,30.255,11.198,intermediate_seed,intermediate_6_to_8.csv
induce,6,6-8,intermediate_6_to_8,22,146,true,v,tier2_nawl_academic+nawl_rank_22+grade_estimate_6,intermediate,intermediate,7.116,30.254,11.535,intermediate_seed,intermediate_6_to_8.csv
interval,6,6-8,intermediate_6_to_8,24,145,true,adj,tier2_nawl_academic+nawl_rank_24+grade_estimate_6,intermediate,intermediate,6.314,30.252,12.233,intermediate_seed,intermediate_6_to_8.csv
discourse,6,6-8,intermediate_6_to_8,25,142,true,n,tier2_nawl_academic+nawl_rank_25+grade_estimate_6,intermediate,intermediate,6.309,30.245,12.227,intermediate_seed,intermediate_6_to_8.csv
intensive,7,6-8,intermediate_6_to_8,548,26,true,adj,tier2_nawl_academic+nawl_rank_548+grade_estimate_7,intermediate,intermediate,5.934,30.245,13.189,intermediate_seed,intermediate_6_to_8.csv
metabolism,7,6-8,intermediate_6_to_8,551,26,true,n,tier2_nawl_academic+nawl_rank_551+grade_estimate_7,intermediate,intermediate,5.934,30.245,13.189,intermediate_seed,intermediate_6_to_8.csv
motive,7,6-8,intermediate_6_to_8,556,26,true,n,tier2_nawl_academic+nawl_rank_556+grade_estimate_7,intermediate,intermediate,6.734,30.245,12.489,intermediate_seed,intermediate_6_to_8.csv
allocate,7,6-8,intermediate_6_to_8,559,26,true,v,tier2_nawl_academic+nawl_rank_559+grade_estimate_7,intermediate,intermediate,5.934,30.245,13.189,intermediate_seed,intermediate_6_to_8.csv
dissertation,7,6-8,intermediate_6_to_8,561,26,true,n,tier2_nawl_academic+nawl_rank_561+grade_estimate_7,intermediate,intermediate,5.934,30.245,14.689,intermediate_seed,intermediate_6_to_8.csv
economist,7,6-8,intermediate_6_to_8,567,26,true,n,tier2_nawl_academic+nawl_rank_567+grade_estimate_7,intermediate,intermediate,5.934,30.245,13.189,intermediate_seed,intermediate_6_to_8.csv
impressive,8,6-8,intermediate_6_to_8,2421,26,false,adj,tier1_ngsl_general+ngsl_rank_2421+grade_estimate_8,intermediate,intermediate,3.934,30.245,11.189,intermediate_seed,intermediate_6_to_8.csv
evolution,8,6-8,intermediate_6_to_8,2422,26,false,n,tier1_ngsl_general+ngsl_rank_2422+grade_estimate_8,intermediate,intermediate,3.934,30.245,11.189,intermediate_seed,intermediate_6_to_8.csv
illustration,8,6-8,intermediate_6_to_8,2435,26,false,n,tier1_ngsl_general+ngsl_rank_2435+grade_estimate_8,intermediate,intermediate,3.934,30.245,12.689,intermediate_seed,intermediate_6_to_8.csv
motivate,8,6-8,intermediate_6_to_8,2441,26,false,v,tier1_ngsl_general+ngsl_rank_2441+grade_estimate_8,intermediate,intermediate,3.934,30.245,11.189,intermediate_seed,intermediate_6_to_8.csv
dedicate,8,6-8,intermediate_6_to_8,2449,26,false,v,tier1_ngsl_general+ngsl_rank_2449+grade_estimate_8,intermediate,intermediate,3.934,30.245,11.189,intermediate_seed,intermediate_6_to_8.csv
evaluation,8,6-8,intermediate_6_to_8,2454,26,false,n,tier1_ngsl_general+ngsl_rank_2454+grade_estimate_8,intermediate,intermediate,3.934,30.245,11.189,intermediate_seed,intermediate_6_to_8.csv
announcement,8,6-8,intermediate_6_to_8,2458,26,false,n,tier1_ngsl_general+ngsl_rank_2458+grade_estimate_8,intermediate,intermediate,3.934,30.245,12.689,intermediate_seed,intermediate_6_to_8.csv
glance,8,6-8,intermediate_6_to_8,2460,26,false,n,tier1_ngsl_general+ngsl_rank_2460+grade_estimate_8,intermediate,intermediate,4.734,30.245,10.489,intermediate_seed,intermediate_6_to_8.csv
aggressive,8,6-8,intermediate_6_to_8,2467,26,false,adj,tier1_ngsl_general+ngsl_rank_2467+grade_estimate_8,intermediate,intermediate,3.934,30.245,11.189,intermediate_seed,intermediate_6_to_8.csv
finite,6,6-8,intermediate_6_to_8,26,141,true,adj,tier2_nawl_academic+nawl_rank_26+grade_estimate_6,intermediate,intermediate,7.107,30.243,11.525,intermediate_seed,intermediate_6_to_8.csv
stimulus,6,6-8,intermediate_6_to_8,27,139,true,n,tier2_nawl_academic+nawl_rank_27+grade_estimate_6,intermediate,intermediate,6.304,30.239,12.221,intermediate_seed,intermediate_6_to_8.csv
vector,6,6-8,intermediate_6_to_8,28,139,true,n,tier2_nawl_academic+nawl_rank_28+grade_estimate_6,intermediate,intermediate,7.104,30.239,11.521,intermediate_seed,intermediate_6_to_8.csv
electron,6,6-8,intermediate_6_to_8,29,138,true,n,tier2_nawl_academic+nawl_rank_29+grade_estimate_6,intermediate,intermediate,6.302,30.236,12.219,intermediate_seed,intermediate_6_to_8.csv
morality,7,6-8,intermediate_6_to_8,572,25,true,n,tier2_nawl_academic+nawl_rank_572+grade_estimate_7,intermediate,intermediate,5.926,30.235,13.181,intermediate_seed,intermediate_6_to_8.csv
communicative,7,6-8,intermediate_6_to_8,573,25,true,adj,tier2_nawl_academic+nawl_rank_573+grade_estimate_7,intermediate,intermediate,5.926,30.235,14.681,intermediate_seed,intermediate_6_to_8.csv
capitalism,7,6-8,intermediate_6_to_8,579,25,true,n,tier2_nawl_academic+nawl_rank_579+grade_estimate_7,intermediate,intermediate,5.926,30.235,13.181,intermediate_seed,intermediate_6_to_8.csv
celebration,8,6-8,intermediate_6_to_8,2477,25,false,n,tier1_ngsl_general+ngsl_rank_2477+grade_estimate_8,intermediate,intermediate,3.926,30.235,12.681,intermediate_seed,intermediate_6_to_8.csv
compensation,8,6-8,intermediate_6_to_8,2479,25,false,n,tier1_ngsl_general+ngsl_rank_2479+grade_estimate_8,intermediate,intermediate,3.926,30.235,12.681,intermediate_seed,intermediate_6_to_8.csv
friendship,8,6-8,intermediate_6_to_8,2486,25,false,n,tier1_ngsl_general+ngsl_rank_2486+grade_estimate_8,intermediate,intermediate,3.926,30.235,11.181,intermediate_seed,intermediate_6_to_8.csv
twist,8,6-8,intermediate_6_to_8,2500,25,false,n,tier1_ngsl_general+ngsl_rank_2500+grade_estimate_8,intermediate,intermediate,4.726,30.235,10.481,intermediate_seed,intermediate_6_to_8.csv
imagination,8,6-8,intermediate_6_to_8,2502,25,false,n,tier1_ngsl_general+ngsl_rank_2502+grade_estimate_8,intermediate,intermediate,3.926,30.235,12.681,intermediate_seed,intermediate_6_to_8.csv
receptor,6,6-8,intermediate_6_to_8,30,137,true,n,tier2_nawl_academic+nawl_rank_30+grade_estimate_6,intermediate,intermediate,6.3,30.234,12.217,intermediate_seed,intermediate_6_to_8.csv
capitalist,7,6-8,intermediate_6_to_8,589,24,true,n,tier2_nawl_academic+nawl_rank_589+grade_estimate_7,intermediate,intermediate,5.919,30.225,13.172,intermediate_seed,intermediate_6_to_8.csv
flexibility,7,6-8,intermediate_6_to_8,590,24,true,n,tier2_nawl_academic+nawl_rank_590+grade_estimate_7,intermediate,intermediate,5.919,30.225,14.672,intermediate_seed,intermediate_6_to_8.csv
initiation,7,6-8,intermediate_6_to_8,592,24,true,n,tier2_nawl_academic+nawl_rank_592+grade_estimate_7,intermediate,intermediate,5.919,30.225,13.172,intermediate_seed,intermediate_6_to_8.csv
consultation,7,6-8,intermediate_6_to_8,595,24,true,n,tier2_nawl_academic+nawl_rank_595+grade_estimate_7,intermediate,intermediate,5.919,30.225,14.672,intermediate_seed,intermediate_6_to_8.csv
commodity,7,6-8,intermediate_6_to_8,599,24,true,n,tier2_nawl_academic+nawl_rank_599+grade_estimate_7,intermediate,intermediate,5.919,30.225,13.172,intermediate_seed,intermediate_6_to_8.csv
compensate,7,6-8,intermediate_6_to_8,602,24,true,v,tier2_nawl_academic+nawl_rank_602+grade_estimate_7,intermediate,intermediate,5.919,30.225,13.172,intermediate_seed,intermediate_6_to_8.csv
stance,7,6-8,intermediate_6_to_8,605,24,true,n,tier2_nawl_academic+nawl_rank_605+grade_estimate_7,intermediate,intermediate,6.719,30.225,12.472,intermediate_seed,intermediate_6_to_8.csv
stabilize,7,6-8,intermediate_6_to_8,606,24,true,v,tier2_nawl_academic+nawl_rank_606+grade_estimate_7,intermediate,intermediate,5.919,30.225,13.172,intermediate_seed,intermediate_6_to_8.csv
partnership,8,6-8,intermediate_6_to_8,2527,24,false,n,tier1_ngsl_general+ngsl_rank_2527+grade_estimate_8,intermediate,intermediate,3.919,30.225,12.672,intermediate_seed,intermediate_6_to_8.csv
participation,8,6-8,intermediate_6_to_8,2528,24,false,n,tier1_ngsl_general+ngsl_rank_2528+grade_estimate_8,intermediate,intermediate,3.919,30.225,12.672,intermediate_seed,intermediate_6_to_8.csv
possession,8,6-8,intermediate_6_to_8,2541,24,false,n,tier1_ngsl_general+ngsl_rank_2541+grade_estimate_8,intermediate,intermediate,3.919,30.225,11.172,intermediate_seed,intermediate_6_to_8.csv
abortion,8,6-8,intermediate_6_to_8,2542,24,false,n,tier1_ngsl_general+ngsl_rank_2542+grade_estimate_8,intermediate,intermediate,3.919,30.225,11.172,intermediate_seed,intermediate_6_to_8.csv
maintenance,8,6-8,intermediate_6_to_8,2548,24,false,n,tier1_ngsl_general+ngsl_rank_2548+grade_estimate_8,intermediate,intermediate,3.919,30.225,12.672,intermediate_seed,intermediate_6_to_8.csv
diversity,8,6-8,intermediate_6_to_8,2561,24,false,n,tier1_ngsl_general+ngsl_rank_2561+grade_estimate_8,intermediate,intermediate,3.919,30.225,11.172,intermediate_seed,intermediate_6_to_8.csv
limitation,8,6-8,intermediate_6_to_8,2574,24,false,n,tier1_ngsl_general+ngsl_rank_2574+grade_estimate_8,intermediate,intermediate,3.919,30.225,11.172,intermediate_seed,intermediate_6_to_8.csv
algorithm,6,6-8,intermediate_6_to_8,32,133,true,n,tier2_nawl_academic+nawl_rank_32+grade_estimate_6,intermediate,intermediate,6.293,30.224,12.209,intermediate_seed,intermediate_6_to_8.csv
fluid,6,6-8,intermediate_6_to_8,33,132,true,adj,tier2_nawl_academic+nawl_rank_33+grade_estimate_6,intermediate,intermediate,7.091,30.222,11.507,intermediate_seed,intermediate_6_to_8.csv
developmental,6,6-8,intermediate_6_to_8,34,131,true,adj,tier2_nawl_academic+nawl_rank_34+grade_estimate_6,intermediate,intermediate,6.29,30.219,13.704,intermediate_seed,intermediate_6_to_8.csv
bound,6,6-8,intermediate_6_to_8,35,130,true,adj,tier2_nawl_academic+nawl_rank_35+grade_estimate_6,intermediate,intermediate,7.088,30.217,11.502,intermediate_seed,intermediate_6_to_8.csv
phosphate,7,6-8,intermediate_6_to_8,612,23,true,v,tier2_nawl_academic+nawl_rank_612+grade_estimate_7,intermediate,intermediate,5.911,30.215,13.163,intermediate_seed,intermediate_6_to_8.csv
elimination,7,6-8,intermediate_6_to_8,617,23,true,n,tier2_nawl_academic+nawl_rank_617+grade_estimate_7,intermediate,intermediate,5.911,30.215,14.663,intermediate_seed,intermediate_6_to_8.csv
circulate,7,6-8,intermediate_6_to_8,620,23,true,v,tier2_nawl_academic+nawl_rank_620+grade_estimate_7,intermediate,intermediate,5.911,30.215,13.163,intermediate_seed,intermediate_6_to_8.csv
indication,8,6-8,intermediate_6_to_8,2575,23,false,n,tier1_ngsl_general+ngsl_rank_2575+grade_estimate_8,intermediate,intermediate,3.911,30.215,11.163,intermediate_seed,intermediate_6_to_8.csv
stability,8,6-8,intermediate_6_to_8,2576,23,false,n,tier1_ngsl_general+ngsl_rank_2576+grade_estimate_8,intermediate,intermediate,3.911,30.215,11.163,intermediate_seed,intermediate_6_to_8.csv
regulate,8,6-8,intermediate_6_to_8,2584,23,false,v,tier1_ngsl_general+ngsl_rank_2584+grade_estimate_8,intermediate,intermediate,3.911,30.215,11.163,intermediate_seed,intermediate_6_to_8.csv
destruction,8,6-8,intermediate_6_to_8,2588,23,false,n,tier1_ngsl_general+ngsl_rank_2588+grade_estimate_8,intermediate,intermediate,3.911,30.215,12.663,intermediate_seed,intermediate_6_to_8.csv
amendment,8,6-8,intermediate_6_to_8,2603,23,false,n,tier1_ngsl_general+ngsl_rank_2603+grade_estimate_8,intermediate,intermediate,3.911,30.215,11.163,intermediate_seed,intermediate_6_to_8.csv
cooperation,8,6-8,intermediate_6_to_8,2606,23,false,n,tier1_ngsl_general+ngsl_rank_2606+grade_estimate_8,intermediate,intermediate,3.911,30.215,12.663,intermediate_seed,intermediate_6_to_8.csv
composition,8,6-8,intermediate_6_to_8,2608,23,false,n,tier1_ngsl_general+ngsl_rank_2608+grade_estimate_8,intermediate,intermediate,3.911,30.215,12.663,intermediate_seed,intermediate_6_to_8.csv
sanction,8,6-8,intermediate_6_to_8,2616,23,false,n,tier1_ngsl_general+ngsl_rank_2616+grade_estimate_8,intermediate,intermediate,3.911,30.215,11.163,intermediate_seed,intermediate_6_to_8.csv
chocolate,8,6-8,intermediate_6_to_8,2620,23,false,v,tier1_ngsl_general+ngsl_rank_2620+grade_estimate_8,intermediate,intermediate,3.911,30.215,11.163,intermediate_seed,intermediate_6_to_8.csv
stimulate,8,6-8,intermediate_6_to_8,2621,23,false,v,tier1_ngsl_general+ngsl_rank_2621+grade_estimate_8,intermediate,intermediate,3.911,30.215,11.163,intermediate_seed,intermediate_6_to_8.csv
narrative,8,6-8,intermediate_6_to_8,2624,23,false,adj,tier1_ngsl_general+ngsl_rank_2624+grade_estimate_8,intermediate,intermediate,3.911,30.215,11.163,intermediate_seed,intermediate_6_to_8.csv
motivation,8,6-8,intermediate_6_to_8,2633,23,false,n,tier1_ngsl_general+ngsl_rank_2633+grade_estimate_8,intermediate,intermediate,3.911,30.215,11.163,intermediate_seed,intermediate_6_to_8.csv
molecular,6,6-8,intermediate_6_to_8,36,126,true,n,tier2_nawl_academic+nawl_rank_36+grade_estimate_6,intermediate,intermediate,6.28,30.207,12.193,intermediate_seed,intermediate_6_to_8.csv
communist,7,6-8,intermediate_6_to_8,628,22,true,n,tier2_nawl_academic+nawl_rank_628+grade_estimate_7,intermediate,intermediate,5.903,30.204,13.154,intermediate_seed,intermediate_6_to_8.csv
rationality,7,6-8,intermediate_6_to_8,635,22,true,n,tier2_nawl_academic+nawl_rank_635+grade_estimate_7,intermediate,intermediate,5.903,30.204,14.654,intermediate_seed,intermediate_6_to_8.csv
championship,8,6-8,intermediate_6_to_8,2640,22,false,n,tier1_ngsl_general+ngsl_rank_2640+grade_estimate_8,intermediate,intermediate,3.903,30.204,12.654,intermediate_seed,intermediate_6_to_8.csv
complexity,8,6-8,intermediate_6_to_8,2644,22,false,n,tier1_ngsl_general+ngsl_rank_2644+grade_estimate_8,intermediate,intermediate,3.903,30.204,11.154,intermediate_seed,intermediate_6_to_8.csv
liability,8,6-8,intermediate_6_to_8,2645,22,false,n,tier1_ngsl_general+ngsl_rank_2645+grade_estimate_8,intermediate,intermediate,3.903,30.204,11.154,intermediate_seed,intermediate_6_to_8.csv
implementation,8,6-8,intermediate_6_to_8,2648,22,false,n,tier1_ngsl_general+ngsl_rank_2648+grade_estimate_8,intermediate,intermediate,3.903,30.204,12.654,intermediate_seed,intermediate_6_to_8.csv
continuous,8,6-8,intermediate_6_to_8,2652,22,false,adj,tier1_ngsl_general+ngsl_rank_2652+grade_estimate_8,intermediate,intermediate,3.903,30.204,11.154,intermediate_seed,intermediate_6_to_8.csv
determination,8,6-8,intermediate_6_to_8,2677,22,false,n,tier1_ngsl_general+ngsl_rank_2677+grade_estimate_8,intermediate,intermediate,3.903,30.204,12.654,intermediate_seed,intermediate_6_to_8.csv
coefficient,6,6-8,intermediate_6_to_8,39,121,true,adj,tier2_nawl_academic+nawl_rank_39+grade_estimate_6,intermediate,intermediate,6.27,30.194,13.682,intermediate_seed,intermediate_6_to_8.csv
anthropology,7,6-8,intermediate_6_to_8,639,21,true,n,tier2_nawl_academic+nawl_rank_639+grade_estimate_7,intermediate,intermediate,5.895,30.193,14.644,intermediate_seed,intermediate_6_to_8.csv
sexuality,7,6-8,intermediate_6_to_8,643,21,true,n,tier2_nawl_academic+nawl_rank_643+grade_estimate_7,intermediate,intermediate,5.895,30.193,13.144,intermediate_seed,intermediate_6_to_8.csv
supplement,8,6-8,intermediate_6_to_8,2716,21,false,n,tier1_ngsl_general+ngsl_rank_2716+grade_estimate_8,intermediate,intermediate,3.895,30.193,11.144,intermediate_seed,intermediate_6_to_8.csv
adjustment,8,6-8,intermediate_6_to_8,2717,21,false,n,tier1_ngsl_general+ngsl_rank_2717+grade_estimate_8,intermediate,intermediate,3.895,30.193,11.144,intermediate_seed,intermediate_6_to_8.csv
membrane,6,6-8,intermediate_6_to_8,41,117,true,n,tier2_nawl_academic+nawl_rank_41+grade_estimate_6,intermediate,intermediate,6.262,30.183,12.173,intermediate_seed,intermediate_6_to_8.csv
inversion,8,6-8,intermediate_6_to_8,652,20,true,n,tier2_nawl_academic+nawl_rank_652+grade_estimate_8,intermediate,intermediate,5.886,30.182,13.134,intermediate_seed,intermediate_6_to_8.csv
epidemiology,8,6-8,intermediate_6_to_8,655,20,true,n,tier2_nawl_academic+nawl_rank_655+grade_estimate_8,intermediate,intermediate,5.886,30.182,14.634,intermediate_seed,intermediate_6_to_8.csv
infectious,8,6-8,intermediate_6_to_8,660,20,true,adj,tier2_nawl_academic+nawl_rank_660+grade_estimate_8,intermediate,intermediate,5.886,30.182,13.134,intermediate_seed,intermediate_6_to_8.csv
psychologist,8,6-8,intermediate_6_to_8,662,20,true,n,tier2_nawl_academic+nawl_rank_662+grade_estimate_8,intermediate,intermediate,5.886,30.182,14.634,intermediate_seed,intermediate_6_to_8.csv
irrigation,8,6-8,intermediate_6_to_8,664,20,true,n,tier2_nawl_academic+nawl_rank_664+grade_estimate_8,intermediate,intermediate,5.886,30.182,13.134,intermediate_seed,intermediate_6_to_8.csv
summarize,8,6-8,intermediate_6_to_8,2729,20,false,v,tier1_ngsl_general+ngsl_rank_2729+grade_estimate_8,intermediate,intermediate,3.886,30.182,11.134,intermediate_seed,intermediate_6_to_8.csv
probability,8,6-8,intermediate_6_to_8,2732,20,false,n,tier1_ngsl_general+ngsl_rank_2732+grade_estimate_8,intermediate,intermediate,3.886,30.182,12.634,intermediate_seed,intermediate_6_to_8.csv
excitement,8,6-8,intermediate_6_to_8,2741,20,false,n,tier1_ngsl_general+ngsl_rank_2741+grade_estimate_8,intermediate,intermediate,3.886,30.182,11.134,intermediate_seed,intermediate_6_to_8.csv
neuron,6,6-8,intermediate_6_to_8,42,116,true,n,tier2_nawl_academic+nawl_rank_42+grade_estimate_6,intermediate,intermediate,7.06,30.18,11.47,intermediate_seed,intermediate_6_to_8.csv
regime,6,6-8,intermediate_6_to_8,45,113,true,n,tier2_nawl_academic+nawl_rank_45+grade_estimate_6,intermediate,intermediate,7.054,30.172,11.463,intermediate_seed,intermediate_6_to_8.csv
rehabilitation,8,6-8,intermediate_6_to_8,667,19,true,n,tier2_nawl_academic+nawl_rank_667+grade_estimate_8,intermediate,intermediate,5.877,30.17,14.624,intermediate_seed,intermediate_6_to_8.csv
infinity,8,6-8,intermediate_6_to_8,676,19,true,n,tier2_nawl_academic+nawl_rank_676+grade_estimate_8,intermediate,intermediate,5.877,30.17,13.124,intermediate_seed,intermediate_6_to_8.csv
attendance,8,6-8,intermediate_6_to_8,2751,19,false,n,tier1_ngsl_general+ngsl_rank_2751+grade_estimate_8,intermediate,intermediate,3.877,30.17,11.124,intermediate_seed,intermediate_6_to_8.csv
ownership,8,6-8,intermediate_6_to_8,2752,19,false,n,tier1_ngsl_general+ngsl_rank_2752+grade_estimate_8,intermediate,intermediate,3.877,30.17,11.124,intermediate_seed,intermediate_6_to_8.csv
qualification,8,6-8,intermediate_6_to_8,2753,19,false,n,tier1_ngsl_general+ngsl_rank_2753+grade_estimate_8,intermediate,intermediate,3.877,30.17,12.624,intermediate_seed,intermediate_6_to_8.csv
sensation,8,6-8,intermediate_6_to_8,688,18,true,n,tier2_nawl_academic+nawl_rank_688+grade_estimate_8,intermediate,intermediate,5.868,30.158,13.113,intermediate_seed,intermediate_6_to_8.csv
molecule,6,6-8,intermediate_6_to_8,47,107,true,n,tier2_nawl_academic+nawl_rank_47+grade_estimate_6,intermediate,intermediate,6.241,30.155,12.148,intermediate_seed,intermediate_6_to_8.csv
enforcement,8,6-8,intermediate_6_to_8,696,17,true,adj,tier2_nawl_academic+nawl_rank_696+grade_estimate_8,intermediate,intermediate,5.859,30.145,14.602,intermediate_seed,intermediate_6_to_8.csv
friction,8,6-8,intermediate_6_to_8,700,17,true,n,tier2_nawl_academic+nawl_rank_700+grade_estimate_8,intermediate,intermediate,5.859,30.145,13.102,intermediate_seed,intermediate_6_to_8.csv
reactive,8,6-8,intermediate_6_to_8,704,17,true,adj,tier2_nawl_academic+nawl_rank_704+grade_estimate_8,intermediate,intermediate,5.859,30.145,13.102,intermediate_seed,intermediate_6_to_8.csv
directive,8,6-8,intermediate_6_to_8,714,17,true,adj,tier2_nawl_academic+nawl_rank_714+grade_estimate_8,intermediate,intermediate,5.859,30.145,13.102,intermediate_seed,intermediate_6_to_8.csv
globalization,8,6-8,intermediate_6_to_8,715,17,true,n,tier2_nawl_academic+nawl_rank_715+grade_estimate_8,intermediate,intermediate,5.859,30.145,14.602,intermediate_seed,intermediate_6_to_8.csv
tournament,8,6-8,intermediate_6_to_8,2782,17,false,n,tier1_ngsl_general+ngsl_rank_2782+grade_estimate_8,intermediate,intermediate,3.859,30.145,11.102,intermediate_seed,intermediate_6_to_8.csv
registration,8,6-8,intermediate_6_to_8,2783,17,false,n,tier1_ngsl_general+ngsl_rank_2783+grade_estimate_8,intermediate,intermediate,3.859,30.145,12.602,intermediate_seed,intermediate_6_to_8.csv
fragment,8,6-8,intermediate_6_to_8,2784,17,false,n,tier1_ngsl_general+ngsl_rank_2784+grade_estimate_8,intermediate,intermediate,3.859,30.145,11.102,intermediate_seed,intermediate_6_to_8.csv
immigration,8,6-8,intermediate_6_to_8,2786,17,false,n,tier1_ngsl_general+ngsl_rank_2786+grade_estimate_8,intermediate,intermediate,3.859,30.145,12.602,intermediate_seed,intermediate_6_to_8.csv
empirical,6,6-8,intermediate_6_to_8,49,103,true,adj,tier2_nawl_academic+nawl_rank_49+grade_estimate_6,intermediate,intermediate,6.232,30.142,12.137,intermediate_seed,intermediate_6_to_8.csv
statistical,6,6-8,intermediate_6_to_8,51,100,true,adj,tier2_nawl_academic+nawl_rank_51+grade_estimate_6,intermediate,intermediate,6.225,30.133,13.629,intermediate_seed,intermediate_6_to_8.csv
equilibrium,6,6-8,intermediate_6_to_8,53,99,true,n,tier2_nawl_academic+nawl_rank_53+grade_estimate_6,intermediate,intermediate,6.222,30.13,13.626,intermediate_seed,intermediate_6_to_8.csv
diagnosis,6,6-8,intermediate_6_to_8,56,96,true,n,tier2_nawl_academic+nawl_rank_56+grade_estimate_6,intermediate,intermediate,6.215,30.12,12.118,intermediate_seed,intermediate_6_to_8.csv
plantation,8,6-8,intermediate_6_to_8,732,15,true,n,tier2_nawl_academic+nawl_rank_732+grade_estimate_8,intermediate,intermediate,5.839,30.118,13.079,intermediate_seed,intermediate_6_to_8.csv
domination,8,6-8,intermediate_6_to_8,738,15,true,n,tier2_nawl_academic+nawl_rank_738+grade_estimate_8,intermediate,intermediate,5.839,30.118,13.079,intermediate_seed,intermediate_6_to_8.csv
undergraduate,8,6-8,intermediate_6_to_8,739,15,true,v,tier2_nawl_academic+nawl_rank_739+grade_estimate_8,intermediate,intermediate,5.839,30.118,14.579,intermediate_seed,intermediate_6_to_8.csv
attachment,8,6-8,intermediate_6_to_8,2794,15,false,n,tier1_ngsl_general+ngsl_rank_2794+grade_estimate_8,intermediate,intermediate,3.839,30.118,11.079,intermediate_seed,intermediate_6_to_8.csv
antibody,6,6-8,intermediate_6_to_8,63,92,true,n,tier2_nawl_academic+nawl_rank_63+grade_estimate_6,intermediate,intermediate,6.205,30.107,12.106,intermediate_seed,intermediate_6_to_8.csv
difficulty,6,6-8,intermediate_6_to_8,1001,92,false,n,tier1_ngsl_general+ngsl_rank_1001+grade_estimate_6,intermediate,intermediate,4.205,30.107,10.106,intermediate_seed,intermediate_6_to_8.csv
innate,8,6-8,intermediate_6_to_8,741,14,true,v,tier2_nawl_academic+nawl_rank_741+grade_estimate_8,intermediate,intermediate,6.628,30.104,12.366,intermediate_seed,intermediate_6_to_8.csv
temporal,6,6-8,intermediate_6_to_8,64,91,true,adj,tier2_nawl_academic+nawl_rank_64+grade_estimate_6,intermediate,intermediate,6.203,30.103,12.103,intermediate_seed,intermediate_6_to_8.csv
shoot,6,6-8,intermediate_6_to_8,1003,91,false,n,tier1_ngsl_general+ngsl_rank_1003+grade_estimate_6,intermediate,intermediate,5.003,30.103,9.403,intermediate_seed,intermediate_6_to_8.csv
announce,6,6-8,intermediate_6_to_8,1004,91,false,n,tier1_ngsl_general+ngsl_rank_1004+grade_estimate_6,intermediate,intermediate,4.203,30.103,10.103,intermediate_seed,intermediate_6_to_8.csv
unless,6,6-8,intermediate_6_to_8,1005,91,false,conj,tier1_ngsl_general+ngsl_rank_1005+grade_estimate_6,intermediate,intermediate,5.003,30.103,9.403,intermediate_seed,intermediate_6_to_8.csv
independent,6,6-8,intermediate_6_to_8,1006,91,false,adj,tier1_ngsl_general+ngsl_rank_1006+grade_estimate_6,intermediate,intermediate,4.203,30.103,11.603,intermediate_seed,intermediate_6_to_8.csv
recommend,6,6-8,intermediate_6_to_8,1007,91,false,n,tier1_ngsl_general+ngsl_rank_1007+grade_estimate_6,intermediate,intermediate,4.203,30.103,10.103,intermediate_seed,intermediate_6_to_8.csv
survey,6,6-8,intermediate_6_to_8,1008,91,false,n,tier1_ngsl_general+ngsl_rank_1008+grade_estimate_6,intermediate,intermediate,5.003,30.103,9.403,intermediate_seed,intermediate_6_to_8.csv
behavioral,6,6-8,intermediate_6_to_8,67,90,true,adj,tier2_nawl_academic+nawl_rank_67+grade_estimate_6,intermediate,intermediate,6.2,30.1,12.1,intermediate_seed,intermediate_6_to_8.csv
bilingual,6,6-8,intermediate_6_to_8,69,89,true,adj,tier2_nawl_academic+nawl_rank_69+grade_estimate_6,intermediate,intermediate,6.197,30.097,12.097,intermediate_seed,intermediate_6_to_8.csv
budget,6,6-8,intermediate_6_to_8,1016,89,false,n,tier1_ngsl_general+ngsl_rank_1016+grade_estimate_6,intermediate,intermediate,4.997,30.097,9.397,intermediate_seed,intermediate_6_to_8.csv
scene,6,6-8,intermediate_6_to_8,1023,89,false,n,tier1_ngsl_general+ngsl_rank_1023+grade_estimate_6,intermediate,intermediate,4.997,30.097,9.397,intermediate_seed,intermediate_6_to_8.csv
writer,6,6-8,intermediate_6_to_8,1024,89,false,n,tier1_ngsl_general+ngsl_rank_1024+grade_estimate_6,intermediate,intermediate,4.997,30.097,9.397,intermediate_seed,intermediate_6_to_8.csv
invite,6,6-8,intermediate_6_to_8,1028,88,false,n,tier1_ngsl_general+ngsl_rank_1028+grade_estimate_6,intermediate,intermediate,4.995,30.093,9.394,intermediate_seed,intermediate_6_to_8.csv
element,6,6-8,intermediate_6_to_8,1030,88,false,n,tier1_ngsl_general+ngsl_rank_1030+grade_estimate_6,intermediate,intermediate,4.195,30.093,10.794,intermediate_seed,intermediate_6_to_8.csv
admit,6,6-8,intermediate_6_to_8,1034,88,false,n,tier1_ngsl_general+ngsl_rank_1034+grade_estimate_6,intermediate,intermediate,4.995,30.093,9.394,intermediate_seed,intermediate_6_to_8.csv
explicit,6,6-8,intermediate_6_to_8,73,87,true,n,tier2_nawl_academic+nawl_rank_73+grade_estimate_6,intermediate,intermediate,6.192,30.089,12.091,intermediate_seed,intermediate_6_to_8.csv
telephone,6,6-8,intermediate_6_to_8,1036,87,false,n,tier1_ngsl_general+ngsl_rank_1036+grade_estimate_6,intermediate,intermediate,4.192,30.089,10.091,intermediate_seed,intermediate_6_to_8.csv
committee,6,6-8,intermediate_6_to_8,1038,87,false,n,tier1_ngsl_general+ngsl_rank_1038+grade_estimate_6,intermediate,intermediate,4.192,30.089,10.091,intermediate_seed,intermediate_6_to_8.csv
advice,6,6-8,intermediate_6_to_8,1040,87,false,n,tier1_ngsl_general+ngsl_rank_1040+grade_estimate_6,intermediate,intermediate,4.992,30.089,9.391,intermediate_seed,intermediate_6_to_8.csv
trial,6,6-8,intermediate_6_to_8,1043,87,false,adj,tier1_ngsl_general+ngsl_rank_1043+grade_estimate_6,intermediate,intermediate,4.992,30.089,9.391,intermediate_seed,intermediate_6_to_8.csv
stress,6,6-8,intermediate_6_to_8,1044,87,false,n,tier1_ngsl_general+ngsl_rank_1044+grade_estimate_6,intermediate,intermediate,4.992,30.089,9.391,intermediate_seed,intermediate_6_to_8.csv
antiquity,8,6-8,intermediate_6_to_8,761,13,true,n,tier2_nawl_academic+nawl_rank_761+grade_estimate_8,intermediate,intermediate,5.817,30.089,13.053,intermediate_seed,intermediate_6_to_8.csv
colonial,6,6-8,intermediate_6_to_8,75,86,true,adj,tier2_nawl_academic+nawl_rank_75+grade_estimate_6,intermediate,intermediate,6.189,30.086,12.088,intermediate_seed,intermediate_6_to_8.csv
phonological,6,6-8,intermediate_6_to_8,76,86,true,adj,tier2_nawl_academic+nawl_rank_76+grade_estimate_6,intermediate,intermediate,6.189,30.086,13.588,intermediate_seed,intermediate_6_to_8.csv
spectrum,6,6-8,intermediate_6_to_8,76,86,true,n,tier2_nawl_academic+nawl_rank_76+grade_estimate_6,intermediate,intermediate,6.189,30.086,12.088,intermediate_seed,intermediate_6_to_8.csv
directly,6,6-8,intermediate_6_to_8,1051,86,false,adv,tier1_ngsl_general+ngsl_rank_1051+grade_estimate_6,intermediate,intermediate,4.189,30.086,10.088,intermediate_seed,intermediate_6_to_8.csv
otherwise,6,6-8,intermediate_6_to_8,1056,86,false,adv,tier1_ngsl_general+ngsl_rank_1056+grade_estimate_6,intermediate,intermediate,4.189,30.086,10.088,intermediate_seed,intermediate_6_to_8.csv
onset,6,6-8,intermediate_6_to_8,79,85,true,n,tier2_nawl_academic+nawl_rank_79+grade_estimate_6,intermediate,intermediate,6.987,30.082,11.384,intermediate_seed,intermediate_6_to_8.csv
extra,6,6-8,intermediate_6_to_8,1058,85,false,n,tier1_ngsl_general+ngsl_rank_1058+grade_estimate_6,intermediate,intermediate,4.987,30.082,9.384,intermediate_seed,intermediate_6_to_8.csv
chair,6,6-8,intermediate_6_to_8,1060,85,false,n,tier1_ngsl_general+ngsl_rank_1060+grade_estimate_6,intermediate,intermediate,4.987,30.082,9.384,intermediate_seed,intermediate_6_to_8.csv
sample,6,6-8,intermediate_6_to_8,1062,85,false,n,tier1_ngsl_general+ngsl_rank_1062+grade_estimate_6,intermediate,intermediate,4.987,30.082,9.384,intermediate_seed,intermediate_6_to_8.csv
dominant,6,6-8,intermediate_6_to_8,81,84,true,adj,tier2_nawl_academic+nawl_rank_81+grade_estimate_6,intermediate,intermediate,6.184,30.079,12.081,intermediate_seed,intermediate_6_to_8.csv
inform,6,6-8,intermediate_6_to_8,1070,84,false,n,tier1_ngsl_general+ngsl_rank_1070+grade_estimate_6,intermediate,intermediate,4.984,30.079,9.381,intermediate_seed,intermediate_6_to_8.csv
appeal,6,6-8,intermediate_6_to_8,1073,84,false,adj,tier1_ngsl_general+ngsl_rank_1073+grade_estimate_6,intermediate,intermediate,4.984,30.079,9.381,intermediate_seed,intermediate_6_to_8.csv
highly,6,6-8,intermediate_6_to_8,1074,84,false,adv,tier1_ngsl_general+ngsl_rank_1074+grade_estimate_6,intermediate,intermediate,4.984,30.079,9.381,intermediate_seed,intermediate_6_to_8.csv
trust,6,6-8,intermediate_6_to_8,1075,84,false,n,tier1_ngsl_general+ngsl_rank_1075+grade_estimate_6,intermediate,intermediate,4.984,30.079,9.381,intermediate_seed,intermediate_6_to_8.csv
absolutely,6,6-8,intermediate_6_to_8,1078,84,false,adv,tier1_ngsl_general+ngsl_rank_1078+grade_estimate_6,intermediate,intermediate,4.184,30.079,10.081,intermediate_seed,intermediate_6_to_8.csv
additional,6,6-8,intermediate_6_to_8,1081,83,false,adj,tier1_ngsl_general+ngsl_rank_1081+grade_estimate_6,intermediate,intermediate,4.181,30.075,10.078,intermediate_seed,intermediate_6_to_8.csv
responsible,6,6-8,intermediate_6_to_8,1082,83,false,adj,tier1_ngsl_general+ngsl_rank_1082+grade_estimate_6,intermediate,intermediate,4.181,30.075,11.578,intermediate_seed,intermediate_6_to_8.csv
software,6,6-8,intermediate_6_to_8,1091,83,false,n,tier1_ngsl_general+ngsl_rank_1091+grade_estimate_6,intermediate,intermediate,4.181,30.075,10.078,intermediate_seed,intermediate_6_to_8.csv
precipitation,8,6-8,intermediate_6_to_8,781,12,true,n,tier2_nawl_academic+nawl_rank_781+grade_estimate_8,intermediate,intermediate,5.805,30.074,14.54,intermediate_seed,intermediate_6_to_8.csv
subset,6,6-8,intermediate_6_to_8,86,82,true,n,tier2_nawl_academic+nawl_rank_86+grade_estimate_6,intermediate,intermediate,6.978,30.071,11.375,intermediate_seed,intermediate_6_to_8.csv
syntactic,6,6-8,intermediate_6_to_8,87,82,true,adj,tier2_nawl_academic+nawl_rank_87+grade_estimate_6,intermediate,intermediate,6.178,30.071,12.075,intermediate_seed,intermediate_6_to_8.csv
attitude,6,6-8,intermediate_6_to_8,1094,82,false,n,tier1_ngsl_general+ngsl_rank_1094+grade_estimate_6,intermediate,intermediate,4.178,30.071,10.075,intermediate_seed,intermediate_6_to_8.csv
cheap,6,6-8,intermediate_6_to_8,1095,82,false,n,tier1_ngsl_general+ngsl_rank_1095+grade_estimate_6,intermediate,intermediate,4.978,30.071,9.375,intermediate_seed,intermediate_6_to_8.csv
double,6,6-8,intermediate_6_to_8,1096,82,false,n,tier1_ngsl_general+ngsl_rank_1096+grade_estimate_6,intermediate,intermediate,4.978,30.071,9.375,intermediate_seed,intermediate_6_to_8.csv
print,6,6-8,intermediate_6_to_8,1100,82,false,n,tier1_ngsl_general+ngsl_rank_1100+grade_estimate_6,intermediate,intermediate,4.978,30.071,9.375,intermediate_seed,intermediate_6_to_8.csv
progress,6,6-8,intermediate_6_to_8,1101,82,false,n,tier1_ngsl_general+ngsl_rank_1101+grade_estimate_6,intermediate,intermediate,4.178,30.071,10.075,intermediate_seed,intermediate_6_to_8.csv
truth,6,6-8,intermediate_6_to_8,1102,82,false,n,tier1_ngsl_general+ngsl_rank_1102+grade_estimate_6,intermediate,intermediate,4.978,30.071,9.375,intermediate_seed,intermediate_6_to_8.csv
nobody,6,6-8,intermediate_6_to_8,1103,82,false,pron,tier1_ngsl_general+ngsl_rank_1103+grade_estimate_6,intermediate,intermediate,4.978,30.071,9.375,intermediate_seed,intermediate_6_to_8.csv
identical,6,6-8,intermediate_6_to_8,91,81,true,adj,tier2_nawl_academic+nawl_rank_91+grade_estimate_6,intermediate,intermediate,6.175,30.067,12.071,intermediate_seed,intermediate_6_to_8.csv
politics,6,6-8,intermediate_6_to_8,1107,81,false,n,tier1_ngsl_general+ngsl_rank_1107+grade_estimate_6,intermediate,intermediate,4.175,30.067,10.071,intermediate_seed,intermediate_6_to_8.csv
slightly,6,6-8,intermediate_6_to_8,1112,81,false,adv,tier1_ngsl_general+ngsl_rank_1112+grade_estimate_6,intermediate,intermediate,4.175,30.067,10.071,intermediate_seed,intermediate_6_to_8.csv
differential,6,6-8,intermediate_6_to_8,93,80,true,adj,tier2_nawl_academic+nawl_rank_93+grade_estimate_6,intermediate,intermediate,6.173,30.063,13.568,intermediate_seed,intermediate_6_to_8.csv
pulse,6,6-8,intermediate_6_to_8,96,80,true,n,tier2_nawl_academic+nawl_rank_96+grade_estimate_6,intermediate,intermediate,6.973,30.063,11.368,intermediate_seed,intermediate_6_to_8.csv
intend,6,6-8,intermediate_6_to_8,1114,80,false,n,tier1_ngsl_general+ngsl_rank_1114+grade_estimate_6,intermediate,intermediate,4.973,30.063,9.368,intermediate_seed,intermediate_6_to_8.csv
dinner,6,6-8,intermediate_6_to_8,1117,80,false,n,tier1_ngsl_general+ngsl_rank_1117+grade_estimate_6,intermediate,intermediate,4.973,30.063,9.368,intermediate_seed,intermediate_6_to_8.csv
physical,6,6-8,intermediate_6_to_8,1120,80,false,adj,tier1_ngsl_general+ngsl_rank_1120+grade_estimate_6,intermediate,intermediate,4.173,30.063,10.068,intermediate_seed,intermediate_6_to_8.csv
reveal,6,6-8,intermediate_6_to_8,1124,80,false,adj,tier1_ngsl_general+ngsl_rank_1124+grade_estimate_6,intermediate,intermediate,4.973,30.063,9.368,intermediate_seed,intermediate_6_to_8.csv
trait,6,6-8,intermediate_6_to_8,98,79,true,n,tier2_nawl_academic+nawl_rank_98+grade_estimate_6,intermediate,intermediate,6.97,30.06,11.365,intermediate_seed,intermediate_6_to_8.csv
percentage,6,6-8,intermediate_6_to_8,1125,79,false,n,tier1_ngsl_general+ngsl_rank_1125+grade_estimate_6,intermediate,intermediate,4.17,30.06,10.065,intermediate_seed,intermediate_6_to_8.csv
peace,6,6-8,intermediate_6_to_8,1126,79,false,n,tier1_ngsl_general+ngsl_rank_1126+grade_estimate_6,intermediate,intermediate,4.97,30.06,9.365,intermediate_seed,intermediate_6_to_8.csv
status,6,6-8,intermediate_6_to_8,1127,79,false,n,tier1_ngsl_general+ngsl_rank_1127+grade_estimate_6,intermediate,intermediate,4.97,30.06,9.365,intermediate_seed,intermediate_6_to_8.csv
crime,6,6-8,intermediate_6_to_8,1128,79,false,n,tier1_ngsl_general+ngsl_rank_1128+grade_estimate_6,intermediate,intermediate,4.97,30.06,9.365,intermediate_seed,intermediate_6_to_8.csv
favor,6,6-8,intermediate_6_to_8,1134,79,false,n,tier1_ngsl_general+ngsl_rank_1134+grade_estimate_6,intermediate,intermediate,4.97,30.06,9.365,intermediate_seed,intermediate_6_to_8.csv
experience,6,6-8,intermediate_6_to_8,264,365,false,n,tier1_ngsl_general+ngsl_rank_264+grade_estimate_6,intermediate,intermediate,8.544,30.059,9.902,intermediate_seed,intermediate_6_to_8.csv
destination,8,6-8,intermediate_6_to_8,799,11,true,n,tier2_nawl_academic+nawl_rank_799+grade_estimate_8,intermediate,intermediate,5.793,30.058,14.526,intermediate_seed,intermediate_6_to_8.csv
precipitate,8,6-8,intermediate_6_to_8,800,11,true,v,tier2_nawl_academic+nawl_rank_800+grade_estimate_8,intermediate,intermediate,5.793,30.058,14.526,intermediate_seed,intermediate_6_to_8.csv
industrialization,8,6-8,intermediate_6_to_8,802,11,true,n,tier2_nawl_academic+nawl_rank_802+grade_estimate_8,intermediate,intermediate,5.793,30.058,14.526,intermediate_seed,intermediate_6_to_8.csv
conduction,8,6-8,intermediate_6_to_8,806,11,true,n,tier2_nawl_academic+nawl_rank_806+grade_estimate_8,intermediate,intermediate,5.793,30.058,13.026,intermediate_seed,intermediate_6_to_8.csv
fortunate,8,6-8,intermediate_6_to_8,2800,11,false,v,tier1_ngsl_general+ngsl_rank_2800+grade_estimate_8,intermediate,intermediate,3.793,30.058,11.026,intermediate_seed,intermediate_6_to_8.csv
essentially,6,6-8,intermediate_6_to_8,101,78,true,adv,tier2_nawl_academic+nawl_rank_101+grade_estimate_6,intermediate,intermediate,6.167,30.056,13.561,intermediate_seed,intermediate_6_to_8.csv
excite,6,6-8,intermediate_6_to_8,1142,78,false,n,tier1_ngsl_general+ngsl_rank_1142+grade_estimate_6,intermediate,intermediate,4.967,30.056,9.361,intermediate_seed,intermediate_6_to_8.csv
reader,6,6-8,intermediate_6_to_8,1143,78,false,n,tier1_ngsl_general+ngsl_rank_1143+grade_estimate_6,intermediate,intermediate,4.967,30.056,9.361,intermediate_seed,intermediate_6_to_8.csv
grant,6,6-8,intermediate_6_to_8,1147,78,false,adj,tier1_ngsl_general+ngsl_rank_1147+grade_estimate_6,intermediate,intermediate,4.967,30.056,9.361,intermediate_seed,intermediate_6_to_8.csv
sector,6,6-8,intermediate_6_to_8,1151,77,false,n,tier1_ngsl_general+ngsl_rank_1151+grade_estimate_6,intermediate,intermediate,4.964,30.052,9.358,intermediate_seed,intermediate_6_to_8.csv
ensure,6,6-8,intermediate_6_to_8,1153,77,false,n,tier1_ngsl_general+ngsl_rank_1153+grade_estimate_6,intermediate,intermediate,4.964,30.052,9.358,intermediate_seed,intermediate_6_to_8.csv
expert,6,6-8,intermediate_6_to_8,1157,77,false,n,tier1_ngsl_general+ngsl_rank_1157+grade_estimate_6,intermediate,intermediate,4.964,30.052,9.358,intermediate_seed,intermediate_6_to_8.csv
labor,6,6-8,intermediate_6_to_8,1160,76,false,n,tier1_ngsl_general+ngsl_rank_1160+grade_estimate_6,intermediate,intermediate,4.961,30.048,9.354,intermediate_seed,intermediate_6_to_8.csv
procedure,6,6-8,intermediate_6_to_8,1168,76,false,n,tier1_ngsl_general+ngsl_rank_1168+grade_estimate_6,intermediate,intermediate,4.161,30.048,10.054,intermediate_seed,intermediate_6_to_8.csv
email,6,6-8,intermediate_6_to_8,1169,76,false,n,tier1_ngsl_general+ngsl_rank_1169+grade_estimate_6,intermediate,intermediate,4.961,30.048,9.354,intermediate_seed,intermediate_6_to_8.csv
global,6,6-8,intermediate_6_to_8,1170,76,false,adj,tier1_ngsl_general+ngsl_rank_1170+grade_estimate_6,intermediate,intermediate,4.961,30.048,9.354,intermediate_seed,intermediate_6_to_8.csv
struggle,6,6-8,intermediate_6_to_8,1171,76,false,n,tier1_ngsl_general+ngsl_rank_1171+grade_estimate_6,intermediate,intermediate,4.161,30.048,10.054,intermediate_seed,intermediate_6_to_8.csv
chromosome,6,6-8,intermediate_6_to_8,103,75,true,n,tier2_nawl_academic+nawl_rank_103+grade_estimate_6,intermediate,intermediate,6.158,30.044,12.051,intermediate_seed,intermediate_6_to_8.csv
infect,6,6-8,intermediate_6_to_8,104,75,true,v,tier2_nawl_academic+nawl_rank_104+grade_estimate_6,intermediate,intermediate,6.958,30.044,11.351,intermediate_seed,intermediate_6_to_8.csv
namely,6,6-8,intermediate_6_to_8,108,75,true,adv,tier2_nawl_academic+nawl_rank_108+grade_estimate_6,intermediate,intermediate,6.958,30.044,11.351,intermediate_seed,intermediate_6_to_8.csv
advertise,6,6-8,intermediate_6_to_8,1172,75,false,v,tier1_ngsl_general+ngsl_rank_1172+grade_estimate_6,intermediate,intermediate,4.158,30.044,10.051,intermediate_seed,intermediate_6_to_8.csv
surround,6,6-8,intermediate_6_to_8,1174,75,false,n,tier1_ngsl_general+ngsl_rank_1174+grade_estimate_6,intermediate,intermediate,4.158,30.044,10.051,intermediate_seed,intermediate_6_to_8.csv
extent,6,6-8,intermediate_6_to_8,1175,75,false,adj,tier1_ngsl_general+ngsl_rank_1175+grade_estimate_6,intermediate,intermediate,4.958,30.044,9.351,intermediate_seed,intermediate_6_to_8.csv
annual,6,6-8,intermediate_6_to_8,1177,75,false,adj,tier1_ngsl_general+ngsl_rank_1177+grade_estimate_6,intermediate,intermediate,4.958,30.044,9.351,intermediate_seed,intermediate_6_to_8.csv
fully,6,6-8,intermediate_6_to_8,1178,75,false,adv,tier1_ngsl_general+ngsl_rank_1178+grade_estimate_6,intermediate,intermediate,4.958,30.044,9.351,intermediate_seed,intermediate_6_to_8.csv
biodiversity,8,6-8,intermediate_6_to_8,812,10,true,n,tier2_nawl_academic+nawl_rank_812+grade_estimate_8,intermediate,intermediate,5.781,30.041,14.511,intermediate_seed,intermediate_6_to_8.csv
credibility,8,6-8,intermediate_6_to_8,814,10,true,n,tier2_nawl_academic+nawl_rank_814+grade_estimate_8,intermediate,intermediate,5.781,30.041,14.511,intermediate_seed,intermediate_6_to_8.csv
maternal,6,6-8,intermediate_6_to_8,113,74,true,adj,tier2_nawl_academic+nawl_rank_113+grade_estimate_6,intermediate,intermediate,6.155,30.039,12.047,intermediate_seed,intermediate_6_to_8.csv
reality,6,6-8,intermediate_6_to_8,1181,74,false,n,tier1_ngsl_general+ngsl_rank_1181+grade_estimate_6,intermediate,intermediate,4.155,30.039,10.747,intermediate_seed,intermediate_6_to_8.csv
category,6,6-8,intermediate_6_to_8,1192,74,false,n,tier1_ngsl_general+ngsl_rank_1192+grade_estimate_6,intermediate,intermediate,4.155,30.039,10.047,intermediate_seed,intermediate_6_to_8.csv
rational,6,6-8,intermediate_6_to_8,115,73,true,adj,tier2_nawl_academic+nawl_rank_115+grade_estimate_6,intermediate,intermediate,6.151,30.035,12.043,intermediate_seed,intermediate_6_to_8.csv
locus,6,6-8,intermediate_6_to_8,116,73,true,n,tier2_nawl_academic+nawl_rank_116+grade_estimate_6,intermediate,intermediate,6.951,30.035,11.343,intermediate_seed,intermediate_6_to_8.csv
elite,6,6-8,intermediate_6_to_8,117,73,true,n,tier2_nawl_academic+nawl_rank_117+grade_estimate_6,intermediate,intermediate,6.951,30.035,11.343,intermediate_seed,intermediate_6_to_8.csv
driver,6,6-8,intermediate_6_to_8,1200,73,false,n,tier1_ngsl_general+ngsl_rank_1200+grade_estimate_6,intermediate,intermediate,4.951,30.035,9.343,intermediate_seed,intermediate_6_to_8.csv
thesis,6,6-8,intermediate_6_to_8,119,72,true,n,tier2_nawl_academic+nawl_rank_119+grade_estimate_6,intermediate,intermediate,6.948,30.031,11.34,intermediate_seed,intermediate_6_to_8.csv
senior,7,6-8,intermediate_6_to_8,1207,72,false,n,tier1_ngsl_general+ngsl_rank_1207+grade_estimate_7,intermediate,intermediate,4.948,30.031,9.34,intermediate_seed,intermediate_6_to_8.csv
photo,7,6-8,intermediate_6_to_8,1208,72,false,n,tier1_ngsl_general+ngsl_rank_1208+grade_estimate_7,intermediate,intermediate,4.948,30.031,9.34,intermediate_seed,intermediate_6_to_8.csv
refuse,7,6-8,intermediate_6_to_8,1209,72,false,n,tier1_ngsl_general+ngsl_rank_1209+grade_estimate_7,intermediate,intermediate,4.948,30.031,9.34,intermediate_seed,intermediate_6_to_8.csv
transport,7,6-8,intermediate_6_to_8,1210,72,false,n,tier1_ngsl_general+ngsl_rank_1210+grade_estimate_7,intermediate,intermediate,4.148,30.031,10.04,intermediate_seed,intermediate_6_to_8.csv
emerge,7,6-8,intermediate_6_to_8,1211,72,false,n,tier1_ngsl_general+ngsl_rank_1211+grade_estimate_7,intermediate,intermediate,4.948,30.031,9.34,intermediate_seed,intermediate_6_to_8.csv
reform,7,6-8,intermediate_6_to_8,1215,72,false,n,tier1_ngsl_general+ngsl_rank_1215+grade_estimate_7,intermediate,intermediate,4.948,30.031,9.34,intermediate_seed,intermediate_6_to_8.csv
survive,7,6-8,intermediate_6_to_8,1218,72,false,v,tier1_ngsl_general+ngsl_rank_1218+grade_estimate_7,intermediate,intermediate,4.148,30.031,10.74,intermediate_seed,intermediate_6_to_8.csv
threshold,6,6-8,intermediate_6_to_8,122,71,true,n,tier2_nawl_academic+nawl_rank_122+grade_estimate_6,intermediate,intermediate,6.145,30.027,12.036,intermediate_seed,intermediate_6_to_8.csv
syndrome,6,6-8,intermediate_6_to_8,123,71,true,n,tier2_nawl_academic+nawl_rank_123+grade_estimate_6,intermediate,intermediate,6.145,30.027,12.036,intermediate_seed,intermediate_6_to_8.csv
background,7,6-8,intermediate_6_to_8,1223,71,false,n,tier1_ngsl_general+ngsl_rank_1223+grade_estimate_7,intermediate,intermediate,4.145,30.027,10.036,intermediate_seed,intermediate_6_to_8.csv
smoke,7,6-8,intermediate_6_to_8,1230,71,false,n,tier1_ngsl_general+ngsl_rank_1230+grade_estimate_7,intermediate,intermediate,4.945,30.027,9.336,intermediate_seed,intermediate_6_to_8.csv
brain,7,6-8,intermediate_6_to_8,1235,71,false,n,tier1_ngsl_general+ngsl_rank_1235+grade_estimate_7,intermediate,intermediate,4.945,30.027,9.336,intermediate_seed,intermediate_6_to_8.csv
contribute,7,6-8,intermediate_6_to_8,1238,71,false,v,tier1_ngsl_general+ngsl_rank_1238+grade_estimate_7,intermediate,intermediate,4.145,30.027,10.036,intermediate_seed,intermediate_6_to_8.csv
schedule,7,6-8,intermediate_6_to_8,1240,71,false,n,tier1_ngsl_general+ngsl_rank_1240+grade_estimate_7,intermediate,intermediate,4.145,30.027,10.036,intermediate_seed,intermediate_6_to_8.csv
biologist,8,6-8,intermediate_6_to_8,827,9,true,n,tier2_nawl_academic+nawl_rank_827+grade_estimate_8,intermediate,intermediate,5.767,30.023,12.995,intermediate_seed,intermediate_6_to_8.csv
connotation,8,6-8,intermediate_6_to_8,828,9,true,n,tier2_nawl_academic+nawl_rank_828+grade_estimate_8,intermediate,intermediate,5.767,30.023,14.495,intermediate_seed,intermediate_6_to_8.csv
tremendous,8,6-8,intermediate_6_to_8,830,9,true,adj,tier2_nawl_academic+nawl_rank_830+grade_estimate_8,intermediate,intermediate,5.767,30.023,12.995,intermediate_seed,intermediate_6_to_8.csv
adolescent,6,6-8,intermediate_6_to_8,126,70,true,adj,tier2_nawl_academic+nawl_rank_126+grade_estimate_6,intermediate,intermediate,6.142,30.022,12.032,intermediate_seed,intermediate_6_to_8.csv
encode,6,6-8,intermediate_6_to_8,128,70,true,v,tier2_nawl_academic+nawl_rank_128+grade_estimate_6,intermediate,intermediate,6.942,30.022,11.332,intermediate_seed,intermediate_6_to_8.csv
adopt,7,6-8,intermediate_6_to_8,1243,70,false,n,tier1_ngsl_general+ngsl_rank_1243+grade_estimate_7,intermediate,intermediate,4.942,30.022,9.332,intermediate_seed,intermediate_6_to_8.csv
waste,7,6-8,intermediate_6_to_8,1246,70,false,n,tier1_ngsl_general+ngsl_rank_1246+grade_estimate_7,intermediate,intermediate,4.942,30.022,9.332,intermediate_seed,intermediate_6_to_8.csv
colleague,7,6-8,intermediate_6_to_8,1251,70,false,n,tier1_ngsl_general+ngsl_rank_1251+grade_estimate_7,intermediate,intermediate,4.142,30.022,10.032,intermediate_seed,intermediate_6_to_8.csv
repeat,7,6-8,intermediate_6_to_8,1253,70,false,n,tier1_ngsl_general+ngsl_rank_1253+grade_estimate_7,intermediate,intermediate,4.942,30.022,9.332,intermediate_seed,intermediate_6_to_8.csv
extremely,7,6-8,intermediate_6_to_8,1257,70,false,adv,tier1_ngsl_general+ngsl_rank_1257+grade_estimate_7,intermediate,intermediate,4.142,30.022,10.032,intermediate_seed,intermediate_6_to_8.csv
trajectory,6,6-8,intermediate_6_to_8,133,69,true,adj,tier2_nawl_academic+nawl_rank_133+grade_estimate_6,intermediate,intermediate,6.139,30.018,12.028,intermediate_seed,intermediate_6_to_8.csv
manuscript,6,6-8,intermediate_6_to_8,134,69,true,n,tier2_nawl_academic+nawl_rank_134+grade_estimate_6,intermediate,intermediate,6.139,30.018,12.028,intermediate_seed,intermediate_6_to_8.csv
strength,7,6-8,intermediate_6_to_8,1263,69,false,n,tier1_ngsl_general+ngsl_rank_1263+grade_estimate_7,intermediate,intermediate,4.139,30.018,10.028,intermediate_seed,intermediate_6_to_8.csv
cultural,7,6-8,intermediate_6_to_8,1265,69,false,adj,tier1_ngsl_general+ngsl_rank_1265+grade_estimate_7,intermediate,intermediate,4.139,30.018,10.028,intermediate_seed,intermediate_6_to_8.csv
commonly,6,6-8,intermediate_6_to_8,135,68,true,adv,tier2_nawl_academic+nawl_rank_135+grade_estimate_6,intermediate,intermediate,6.135,30.014,12.024,intermediate_seed,intermediate_6_to_8.csv
grammatical,6,6-8,intermediate_6_to_8,136,68,true,adj,tier2_nawl_academic+nawl_rank_136+grade_estimate_6,intermediate,intermediate,6.135,30.014,13.524,intermediate_seed,intermediate_6_to_8.csv
accuracy,6,6-8,intermediate_6_to_8,137,68,true,n,tier2_nawl_academic+nawl_rank_137+grade_estimate_6,intermediate,intermediate,6.135,30.014,12.024,intermediate_seed,intermediate_6_to_8.csv
amplitude,6,6-8,intermediate_6_to_8,138,68,true,n,tier2_nawl_academic+nawl_rank_138+grade_estimate_6,intermediate,intermediate,6.135,30.014,12.024,intermediate_seed,intermediate_6_to_8.csv
cortex,6,6-8,intermediate_6_to_8,140,68,true,n,tier2_nawl_academic+nawl_rank_140+grade_estimate_6,intermediate,intermediate,6.935,30.014,11.324,intermediate_seed,intermediate_6_to_8.csv
scheme,7,6-8,intermediate_6_to_8,1267,68,false,n,tier1_ngsl_general+ngsl_rank_1267+grade_estimate_7,intermediate,intermediate,4.935,30.014,9.324,intermediate_seed,intermediate_6_to_8.csv
payment,7,6-8,intermediate_6_to_8,1268,68,false,n,tier1_ngsl_general+ngsl_rank_1268+grade_estimate_7,intermediate,intermediate,4.135,30.014,10.724,intermediate_seed,intermediate_6_to_8.csv
unfortunately,7,6-8,intermediate_6_to_8,1269,68,false,adv,tier1_ngsl_general+ngsl_rank_1269+grade_estimate_7,intermediate,intermediate,4.135,30.014,11.524,intermediate_seed,intermediate_6_to_8.csv
brief,7,6-8,intermediate_6_to_8,1270,68,false,n,tier1_ngsl_general+ngsl_rank_1270+grade_estimate_7,intermediate,intermediate,4.935,30.014,9.324,intermediate_seed,intermediate_6_to_8.csv
apparently,7,6-8,intermediate_6_to_8,1277,68,false,adv,tier1_ngsl_general+ngsl_rank_1277+grade_estimate_7,intermediate,intermediate,4.135,30.014,10.024,intermediate_seed,intermediate_6_to_8.csv
union,7,6-8,intermediate_6_to_8,1279,68,false,n,tier1_ngsl_general+ngsl_rank_1279+grade_estimate_7,intermediate,intermediate,4.935,30.014,9.324,intermediate_seed,intermediate_6_to_8.csv
trend,7,6-8,intermediate_6_to_8,1281,68,false,n,tier1_ngsl_general+ngsl_rank_1281+grade_estimate_7,intermediate,intermediate,4.935,30.014,9.324,intermediate_seed,intermediate_6_to_8.csv
systematic,6,6-8,intermediate_6_to_8,142,67,true,adj,tier2_nawl_academic+nawl_rank_142+grade_estimate_6,intermediate,intermediate,6.132,30.009,12.021,intermediate_seed,intermediate_6_to_8.csv
horizontal,6,6-8,intermediate_6_to_8,143,67,true,adj,tier2_nawl_academic+nawl_rank_143+grade_estimate_6,intermediate,intermediate,6.132,30.009,12.021,intermediate_seed,intermediate_6_to_8.csv
synthesis,6,6-8,intermediate_6_to_8,144,67,true,n,tier2_nawl_academic+nawl_rank_144+grade_estimate_6,intermediate,intermediate,6.132,30.009,12.021,intermediate_seed,intermediate_6_to_8.csv
diameter,6,6-8,intermediate_6_to_8,146,67,true,n,tier2_nawl_academic+nawl_rank_146+grade_estimate_6,intermediate,intermediate,6.132,30.009,12.021,intermediate_seed,intermediate_6_to_8.csv
critical,7,6-8,intermediate_6_to_8,1285,67,false,adj,tier1_ngsl_general+ngsl_rank_1285+grade_estimate_7,intermediate,intermediate,4.132,30.009,10.021,intermediate_seed,intermediate_6_to_8.csv
gather,7,6-8,intermediate_6_to_8,1286,67,false,n,tier1_ngsl_general+ngsl_rank_1286+grade_estimate_7,intermediate,intermediate,4.932,30.009,9.321,intermediate_seed,intermediate_6_to_8.csv
mostly,7,6-8,intermediate_6_to_8,1287,67,false,adv,tier1_ngsl_general+ngsl_rank_1287+grade_estimate_7,intermediate,intermediate,4.932,30.009,9.321,intermediate_seed,intermediate_6_to_8.csv
desire,7,6-8,intermediate_6_to_8,1291,67,false,n,tier1_ngsl_general+ngsl_rank_1291+grade_estimate_7,intermediate,intermediate,4.932,30.009,9.321,intermediate_seed,intermediate_6_to_8.csv
currently,7,6-8,intermediate_6_to_8,1293,67,false,adv,tier1_ngsl_general+ngsl_rank_1293+grade_estimate_7,intermediate,intermediate,4.132,30.009,10.021,intermediate_seed,intermediate_6_to_8.csv
employ,7,6-8,intermediate_6_to_8,1294,67,false,n,tier1_ngsl_general+ngsl_rank_1294+grade_estimate_7,intermediate,intermediate,4.932,30.009,9.321,intermediate_seed,intermediate_6_to_8.csv
topic,7,6-8,intermediate_6_to_8,1296,67,false,n,tier1_ngsl_general+ngsl_rank_1296+grade_estimate_7,intermediate,intermediate,4.932,30.009,9.321,intermediate_seed,intermediate_6_to_8.csv
engage,7,6-8,intermediate_6_to_8,1299,67,false,n,tier1_ngsl_general+ngsl_rank_1299+grade_estimate_7,intermediate,intermediate,4.932,30.009,9.321,intermediate_seed,intermediate_6_to_8.csv
crisis,7,6-8,intermediate_6_to_8,1302,67,false,n,tier1_ngsl_general+ngsl_rank_1302+grade_estimate_7,intermediate,intermediate,4.932,30.009,9.321,intermediate_seed,intermediate_6_to_8.csv
settle,7,6-8,intermediate_6_to_8,1303,67,false,n,tier1_ngsl_general+ngsl_rank_1303+grade_estimate_7,intermediate,intermediate,4.932,30.009,9.321,intermediate_seed,intermediate_6_to_8.csv
twice,7,6-8,intermediate_6_to_8,1308,66,false,n,tier1_ngsl_general+ngsl_rank_1308+grade_estimate_7,intermediate,intermediate,4.928,30.005,9.317,intermediate_seed,intermediate_6_to_8.csv
delay,7,6-8,intermediate_6_to_8,1310,66,false,n,tier1_ngsl_general+ngsl_rank_1310+grade_estimate_7,intermediate,intermediate,4.928,30.005,9.317,intermediate_seed,intermediate_6_to_8.csv
safety,7,6-8,intermediate_6_to_8,1311,66,false,n,tier1_ngsl_general+ngsl_rank_1311+grade_estimate_7,intermediate,intermediate,4.928,30.005,9.317,intermediate_seed,intermediate_6_to_8.csv
divide,7,6-8,intermediate_6_to_8,1316,66,false,n,tier1_ngsl_general+ngsl_rank_1316+grade_estimate_7,intermediate,intermediate,4.928,30.005,9.317,intermediate_seed,intermediate_6_to_8.csv
somewhere,7,6-8,intermediate_6_to_8,1320,66,false,n,tier1_ngsl_general+ngsl_rank_1320+grade_estimate_7,intermediate,intermediate,4.128,30.005,10.017,intermediate_seed,intermediate_6_to_8.csv
expand,7,6-8,intermediate_6_to_8,1321,66,false,v,tier1_ngsl_general+ngsl_rank_1321+grade_estimate_7,intermediate,intermediate,4.928,30.005,9.317,intermediate_seed,intermediate_6_to_8.csv
commit,7,6-8,intermediate_6_to_8,1322,66,false,n,tier1_ngsl_general+ngsl_rank_1322+grade_estimate_7,intermediate,intermediate,4.928,30.005,9.317,intermediate_seed,intermediate_6_to_8.csv
obvious,7,6-8,intermediate_6_to_8,1323,66,false,adj,tier1_ngsl_general+ngsl_rank_1323+grade_estimate_7,intermediate,intermediate,4.128,30.005,10.717,intermediate_seed,intermediate_6_to_8.csv
industrialize,8,6-8,intermediate_6_to_8,837,8,true,v,tier2_nawl_academic+nawl_rank_837+grade_estimate_8,intermediate,intermediate,5.753,30.004,14.479,intermediate_seed,intermediate_6_to_8.csv
explicitly,6,6-8,intermediate_6_to_8,153,65,true,adv,tier2_nawl_academic+nawl_rank_153+grade_estimate_6,intermediate,intermediate,6.125,30.0,12.013,intermediate_seed,intermediate_6_to_8.csv
conceptual,6,6-8,intermediate_6_to_8,155,65,true,adj,tier2_nawl_academic+nawl_rank_155+grade_estimate_6,intermediate,intermediate,6.125,30.0,12.013,intermediate_seed,intermediate_6_to_8.csv
weapon,7,6-8,intermediate_6_to_8,1325,65,false,n,tier1_ngsl_general+ngsl_rank_1325+grade_estimate_7,intermediate,intermediate,4.925,30.0,9.313,intermediate_seed,intermediate_6_to_8.csv
relatively,7,6-8,intermediate_6_to_8,1326,65,false,adv,tier1_ngsl_general+ngsl_rank_1326+grade_estimate_7,intermediate,intermediate,4.125,30.0,10.013,intermediate_seed,intermediate_6_to_8.csv
broad,7,6-8,intermediate_6_to_8,1330,65,false,n,tier1_ngsl_general+ngsl_rank_1330+grade_estimate_7,intermediate,intermediate,4.925,30.0,9.313,intermediate_seed,intermediate_6_to_8.csv
neural,6,6-8,intermediate_6_to_8,158,64,true,adj,tier2_nawl_academic+nawl_rank_158+grade_estimate_6,intermediate,intermediate,6.922,29.995,11.308,intermediate_seed,intermediate_6_to_8.csv
integral,6,6-8,intermediate_6_to_8,160,64,true,adj,tier2_nawl_academic+nawl_rank_160+grade_estimate_6,intermediate,intermediate,6.122,29.995,12.008,intermediate_seed,intermediate_6_to_8.csv
enzyme,6,6-8,intermediate_6_to_8,161,64,true,n,tier2_nawl_academic+nawl_rank_161+grade_estimate_6,intermediate,intermediate,6.922,29.995,11.308,intermediate_seed,intermediate_6_to_8.csv
spirit,7,6-8,intermediate_6_to_8,1333,64,false,n,tier1_ngsl_general+ngsl_rank_1333+grade_estimate_7,intermediate,intermediate,4.922,29.995,9.308,intermediate_seed,intermediate_6_to_8.csv
actual,7,6-8,intermediate_6_to_8,1335,64,false,adj,tier1_ngsl_general+ngsl_rank_1335+grade_estimate_7,intermediate,intermediate,4.922,29.995,9.308,intermediate_seed,intermediate_6_to_8.csv
battle,7,6-8,intermediate_6_to_8,1337,64,false,n,tier1_ngsl_general+ngsl_rank_1337+grade_estimate_7,intermediate,intermediate,4.922,29.995,9.308,intermediate_seed,intermediate_6_to_8.csv
hardly,7,6-8,intermediate_6_to_8,1340,64,false,adv,tier1_ngsl_general+ngsl_rank_1340+grade_estimate_7,intermediate,intermediate,4.922,29.995,9.308,intermediate_seed,intermediate_6_to_8.csv
award,7,6-8,intermediate_6_to_8,1341,64,false,n,tier1_ngsl_general+ngsl_rank_1341+grade_estimate_7,intermediate,intermediate,4.922,29.995,9.308,intermediate_seed,intermediate_6_to_8.csv
possibly,7,6-8,intermediate_6_to_8,1347,64,false,adv,tier1_ngsl_general+ngsl_rank_1347+grade_estimate_7,intermediate,intermediate,4.122,29.995,10.008,intermediate_seed,intermediate_6_to_8.csv
threat,7,6-8,intermediate_6_to_8,1348,64,false,n,tier1_ngsl_general+ngsl_rank_1348+grade_estimate_7,intermediate,intermediate,4.922,29.995,9.308,intermediate_seed,intermediate_6_to_8.csv
accident,7,6-8,intermediate_6_to_8,1349,64,false,adj,tier1_ngsl_general+ngsl_rank_1349+grade_estimate_7,intermediate,intermediate,4.122,29.995,10.008,intermediate_seed,intermediate_6_to_8.csv
impossible,7,6-8,intermediate_6_to_8,1350,64,false,adj,tier1_ngsl_general+ngsl_rank_1350+grade_estimate_7,intermediate,intermediate,4.122,29.995,10.008,intermediate_seed,intermediate_6_to_8.csv
enable,7,6-8,intermediate_6_to_8,1352,64,false,v,tier1_ngsl_general+ngsl_rank_1352+grade_estimate_7,intermediate,intermediate,4.922,29.995,9.308,intermediate_seed,intermediate_6_to_8.csv
sperm,6,6-8,intermediate_6_to_8,166,63,true,n,tier2_nawl_academic+nawl_rank_166+grade_estimate_6,intermediate,intermediate,6.918,29.991,11.304,intermediate_seed,intermediate_6_to_8.csv
sphere,6,6-8,intermediate_6_to_8,168,63,true,n,tier2_nawl_academic+nawl_rank_168+grade_estimate_6,intermediate,intermediate,6.918,29.991,11.304,intermediate_seed,intermediate_6_to_8.csv
conclude,7,6-8,intermediate_6_to_8,1355,63,false,n,tier1_ngsl_general+ngsl_rank_1355+grade_estimate_7,intermediate,intermediate,4.118,29.991,10.004,intermediate_seed,intermediate_6_to_8.csv
cancer,7,6-8,intermediate_6_to_8,1357,63,false,n,tier1_ngsl_general+ngsl_rank_1357+grade_estimate_7,intermediate,intermediate,4.918,29.991,9.304,intermediate_seed,intermediate_6_to_8.csv
convince,7,6-8,intermediate_6_to_8,1358,63,false,n,tier1_ngsl_general+ngsl_rank_1358+grade_estimate_7,intermediate,intermediate,4.118,29.991,10.004,intermediate_seed,intermediate_6_to_8.csv
environmental,7,6-8,intermediate_6_to_8,1360,63,false,adj,tier1_ngsl_general+ngsl_rank_1360+grade_estimate_7,intermediate,intermediate,4.118,29.991,11.504,intermediate_seed,intermediate_6_to_8.csv
volume,7,6-8,intermediate_6_to_8,1364,63,false,n,tier1_ngsl_general+ngsl_rank_1364+grade_estimate_7,intermediate,intermediate,4.918,29.991,9.304,intermediate_seed,intermediate_6_to_8.csv
invest,7,6-8,intermediate_6_to_8,1366,63,false,n,tier1_ngsl_general+ngsl_rank_1366+grade_estimate_7,intermediate,intermediate,4.918,29.991,9.304,intermediate_seed,intermediate_6_to_8.csv
mediate,6,6-8,intermediate_6_to_8,170,62,true,v,tier2_nawl_academic+nawl_rank_170+grade_estimate_6,intermediate,intermediate,6.114,29.986,12.7,intermediate_seed,intermediate_6_to_8.csv
classify,6,6-8,intermediate_6_to_8,172,62,true,v,tier2_nawl_academic+nawl_rank_172+grade_estimate_6,intermediate,intermediate,6.114,29.986,12.0,intermediate_seed,intermediate_6_to_8.csv
physician,6,6-8,intermediate_6_to_8,173,62,true,n,tier2_nawl_academic+nawl_rank_173+grade_estimate_6,intermediate,intermediate,6.114,29.986,12.0,intermediate_seed,intermediate_6_to_8.csv
indicator,6,6-8,intermediate_6_to_8,177,62,true,n,tier2_nawl_academic+nawl_rank_177+grade_estimate_6,intermediate,intermediate,6.114,29.986,12.0,intermediate_seed,intermediate_6_to_8.csv
murder,7,6-8,intermediate_6_to_8,1376,62,false,n,tier1_ngsl_general+ngsl_rank_1376+grade_estimate_7,intermediate,intermediate,4.914,29.986,9.3,intermediate_seed,intermediate_6_to_8.csv
hate,7,6-8,intermediate_6_to_8,1380,62,false,v,tier1_ngsl_general+ngsl_rank_1380+grade_estimate_7,intermediate,intermediate,5.914,29.986,10.7,intermediate_seed,intermediate_6_to_8.csv
usual,7,6-8,intermediate_6_to_8,1385,62,false,adj,tier1_ngsl_general+ngsl_rank_1385+grade_estimate_7,intermediate,intermediate,4.914,29.986,9.3,intermediate_seed,intermediate_6_to_8.csv
recall,7,6-8,intermediate_6_to_8,1388,62,false,n,tier1_ngsl_general+ngsl_rank_1388+grade_estimate_7,intermediate,intermediate,4.914,29.986,9.3,intermediate_seed,intermediate_6_to_8.csv
manufacture,7,6-8,intermediate_6_to_8,1392,62,false,n,tier1_ngsl_general+ngsl_rank_1392+grade_estimate_7,intermediate,intermediate,4.114,29.986,11.5,intermediate_seed,intermediate_6_to_8.csv
indifference,8,6-8,intermediate_6_to_8,850,7,true,n,tier2_nawl_academic+nawl_rank_850+grade_estimate_8,intermediate,intermediate,5.738,29.984,14.461,intermediate_seed,intermediate_6_to_8.csv
dissection,8,6-8,intermediate_6_to_8,856,7,true,n,tier2_nawl_academic+nawl_rank_856+grade_estimate_8,intermediate,intermediate,5.738,29.984,12.961,intermediate_seed,intermediate_6_to_8.csv
evolutionary,6,6-8,intermediate_6_to_8,179,61,true,adj,tier2_nawl_academic+nawl_rank_179+grade_estimate_6,intermediate,intermediate,6.111,29.981,13.496,intermediate_seed,intermediate_6_to_8.csv
feedback,6,6-8,intermediate_6_to_8,180,61,true,n,tier2_nawl_academic+nawl_rank_180+grade_estimate_6,intermediate,intermediate,6.111,29.981,11.996,intermediate_seed,intermediate_6_to_8.csv
coffee,7,6-8,intermediate_6_to_8,1395,61,false,n,tier1_ngsl_general+ngsl_rank_1395+grade_estimate_7,intermediate,intermediate,4.911,29.981,9.296,intermediate_seed,intermediate_6_to_8.csv
moreover,7,6-8,intermediate_6_to_8,1403,61,false,n,tier1_ngsl_general+ngsl_rank_1403+grade_estimate_7,intermediate,intermediate,4.111,29.981,9.996,intermediate_seed,intermediate_6_to_8.csv
historical,7,6-8,intermediate_6_to_8,1405,61,false,adj,tier1_ngsl_general+ngsl_rank_1405+grade_estimate_7,intermediate,intermediate,4.111,29.981,9.996,intermediate_seed,intermediate_6_to_8.csv
oppose,7,6-8,intermediate_6_to_8,1406,61,false,n,tier1_ngsl_general+ngsl_rank_1406+grade_estimate_7,intermediate,intermediate,4.911,29.981,9.296,intermediate_seed,intermediate_6_to_8.csv
branch,7,6-8,intermediate_6_to_8,1407,61,false,n,tier1_ngsl_general+ngsl_rank_1407+grade_estimate_7,intermediate,intermediate,4.911,29.981,9.296,intermediate_seed,intermediate_6_to_8.csv
arbitrary,6,6-8,intermediate_6_to_8,182,60,true,adj,tier2_nawl_academic+nawl_rank_182+grade_estimate_6,intermediate,intermediate,6.107,29.976,11.992,intermediate_seed,intermediate_6_to_8.csv
nonlinear,6,6-8,intermediate_6_to_8,185,60,true,n,tier2_nawl_academic+nawl_rank_185+grade_estimate_6,intermediate,intermediate,6.107,29.976,11.992,intermediate_seed,intermediate_6_to_8.csv
syntax,6,6-8,intermediate_6_to_8,192,60,true,n,tier2_nawl_academic+nawl_rank_192+grade_estimate_6,intermediate,intermediate,6.907,29.976,11.292,intermediate_seed,intermediate_6_to_8.csv
taste,7,6-8,intermediate_6_to_8,1413,60,false,n,tier1_ngsl_general+ngsl_rank_1413+grade_estimate_7,intermediate,intermediate,4.907,29.976,9.292,intermediate_seed,intermediate_6_to_8.csv
danger,7,6-8,intermediate_6_to_8,1416,60,false,n,tier1_ngsl_general+ngsl_rank_1416+grade_estimate_7,intermediate,intermediate,4.907,29.976,9.292,intermediate_seed,intermediate_6_to_8.csv
decrease,7,6-8,intermediate_6_to_8,1420,60,false,n,tier1_ngsl_general+ngsl_rank_1420+grade_estimate_7,intermediate,intermediate,4.107,29.976,9.992,intermediate_seed,intermediate_6_to_8.csv
defect,6,6-8,intermediate_6_to_8,193,59,true,n,tier2_nawl_academic+nawl_rank_193+grade_estimate_6,intermediate,intermediate,6.903,29.971,11.287,intermediate_seed,intermediate_6_to_8.csv
sufficiently,6,6-8,intermediate_6_to_8,196,59,true,adv,tier2_nawl_academic+nawl_rank_196+grade_estimate_6,intermediate,intermediate,6.103,29.971,13.487,intermediate_seed,intermediate_6_to_8.csv
valid,6,6-8,intermediate_6_to_8,197,59,true,adj,tier2_nawl_academic+nawl_rank_197+grade_estimate_6,intermediate,intermediate,6.903,29.971,11.287,intermediate_seed,intermediate_6_to_8.csv
interface,6,6-8,intermediate_6_to_8,198,59,true,n,tier2_nawl_academic+nawl_rank_198+grade_estimate_6,intermediate,intermediate,6.103,29.971,11.987,intermediate_seed,intermediate_6_to_8.csv
embed,6,6-8,intermediate_6_to_8,200,59,true,v,tier2_nawl_academic+nawl_rank_200+grade_estimate_6,intermediate,intermediate,6.903,29.971,11.287,intermediate_seed,intermediate_6_to_8.csv
utility,6,6-8,intermediate_6_to_8,203,59,true,n,tier2_nawl_academic+nawl_rank_203+grade_estimate_6,intermediate,intermediate,6.103,29.971,12.687,intermediate_seed,intermediate_6_to_8.csv
editor,7,6-8,intermediate_6_to_8,1423,59,false,n,tier1_ngsl_general+ngsl_rank_1423+grade_estimate_7,intermediate,intermediate,4.903,29.971,9.287,intermediate_seed,intermediate_6_to_8.csv
normally,7,6-8,intermediate_6_to_8,1424,59,false,adv,tier1_ngsl_general+ngsl_rank_1424+grade_estimate_7,intermediate,intermediate,4.103,29.971,9.987,intermediate_seed,intermediate_6_to_8.csv
delivery,7,6-8,intermediate_6_to_8,1428,59,false,n,tier1_ngsl_general+ngsl_rank_1428+grade_estimate_7,intermediate,intermediate,4.103,29.971,9.987,intermediate_seed,intermediate_6_to_8.csv
quote,7,6-8,intermediate_6_to_8,1433,59,false,n,tier1_ngsl_general+ngsl_rank_1433+grade_estimate_7,intermediate,intermediate,4.903,29.971,9.287,intermediate_seed,intermediate_6_to_8.csv
basically,7,6-8,intermediate_6_to_8,1435,59,false,adv,tier1_ngsl_general+ngsl_rank_1435+grade_estimate_7,intermediate,intermediate,4.103,29.971,9.987,intermediate_seed,intermediate_6_to_8.csv
minister,7,6-8,intermediate_6_to_8,1437,59,false,n,tier1_ngsl_general+ngsl_rank_1437+grade_estimate_7,intermediate,intermediate,4.103,29.971,9.987,intermediate_seed,intermediate_6_to_8.csv
mainly,7,6-8,intermediate_6_to_8,1438,59,false,adv,tier1_ngsl_general+ngsl_rank_1438+grade_estimate_7,intermediate,intermediate,4.903,29.971,9.287,intermediate_seed,intermediate_6_to_8.csv
manner,7,6-8,intermediate_6_to_8,1441,59,false,n,tier1_ngsl_general+ngsl_rank_1441+grade_estimate_7,intermediate,intermediate,4.903,29.971,9.287,intermediate_seed,intermediate_6_to_8.csv
verbal,6,6-8,intermediate_6_to_8,206,58,true,adj,tier2_nawl_academic+nawl_rank_206+grade_estimate_6,intermediate,intermediate,6.9,29.966,11.283,intermediate_seed,intermediate_6_to_8.csv
corpus,6,6-8,intermediate_6_to_8,209,58,true,n,tier2_nawl_academic+nawl_rank_209+grade_estimate_6,intermediate,intermediate,6.9,29.966,11.283,intermediate_seed,intermediate_6_to_8.csv
organ,6,6-8,intermediate_6_to_8,210,58,true,n,tier2_nawl_academic+nawl_rank_210+grade_estimate_6,intermediate,intermediate,6.9,29.966,11.283,intermediate_seed,intermediate_6_to_8.csv
gradient,6,6-8,intermediate_6_to_8,211,58,true,adj,tier2_nawl_academic+nawl_rank_211+grade_estimate_6,intermediate,intermediate,6.1,29.966,11.983,intermediate_seed,intermediate_6_to_8.csv
familiar,7,6-8,intermediate_6_to_8,1445,58,false,n,tier1_ngsl_general+ngsl_rank_1445+grade_estimate_7,intermediate,intermediate,4.1,29.966,9.983,intermediate_seed,intermediate_6_to_8.csv
affair,7,6-8,intermediate_6_to_8,1448,58,false,n,tier1_ngsl_general+ngsl_rank_1448+grade_estimate_7,intermediate,intermediate,4.9,29.966,9.283,intermediate_seed,intermediate_6_to_8.csv
tumor,6,6-8,intermediate_6_to_8,214,57,true,n,tier2_nawl_academic+nawl_rank_214+grade_estimate_6,intermediate,intermediate,6.896,29.961,11.278,intermediate_seed,intermediate_6_to_8.csv
fiber,6,6-8,intermediate_6_to_8,215,57,true,n,tier2_nawl_academic+nawl_rank_215+grade_estimate_6,intermediate,intermediate,6.896,29.961,11.278,intermediate_seed,intermediate_6_to_8.csv
paradigm,6,6-8,intermediate_6_to_8,216,57,true,n,tier2_nawl_academic+nawl_rank_216+grade_estimate_6,intermediate,intermediate,6.096,29.961,11.978,intermediate_seed,intermediate_6_to_8.csv
domestic,7,6-8,intermediate_6_to_8,1454,57,false,adj,tier1_ngsl_general+ngsl_rank_1454+grade_estimate_7,intermediate,intermediate,4.096,29.961,9.978,intermediate_seed,intermediate_6_to_8.csv
belief,7,6-8,intermediate_6_to_8,1456,57,false,n,tier1_ngsl_general+ngsl_rank_1456+grade_estimate_7,intermediate,intermediate,4.896,29.961,9.278,intermediate_seed,intermediate_6_to_8.csv
troop,7,6-8,intermediate_6_to_8,1457,57,false,n,tier1_ngsl_general+ngsl_rank_1457+grade_estimate_7,intermediate,intermediate,4.896,29.961,9.278,intermediate_seed,intermediate_6_to_8.csv
technical,7,6-8,intermediate_6_to_8,1458,57,false,adj,tier1_ngsl_general+ngsl_rank_1458+grade_estimate_7,intermediate,intermediate,4.096,29.961,9.978,intermediate_seed,intermediate_6_to_8.csv
remind,7,6-8,intermediate_6_to_8,1459,57,false,n,tier1_ngsl_general+ngsl_rank_1459+grade_estimate_7,intermediate,intermediate,4.896,29.961,9.278,intermediate_seed,intermediate_6_to_8.csv
prison,7,6-8,intermediate_6_to_8,1462,57,false,n,tier1_ngsl_general+ngsl_rank_1462+grade_estimate_7,intermediate,intermediate,4.896,29.961,9.278,intermediate_seed,intermediate_6_to_8.csv
switch,7,6-8,intermediate_6_to_8,1463,57,false,n,tier1_ngsl_general+ngsl_rank_1463+grade_estimate_7,intermediate,intermediate,4.896,29.961,9.278,intermediate_seed,intermediate_6_to_8.csv
fairly,7,6-8,intermediate_6_to_8,1466,57,false,adv,tier1_ngsl_general+ngsl_rank_1466+grade_estimate_7,intermediate,intermediate,4.896,29.961,9.278,intermediate_seed,intermediate_6_to_8.csv
development,6,6-8,intermediate_6_to_8,363,270,false,n,tier1_ngsl_general+ngsl_rank_363+grade_estimate_6,intermediate,intermediate,8.468,29.958,11.313,intermediate_seed,intermediate_6_to_8.csv
infinite,6,6-8,intermediate_6_to_8,218,56,true,n,tier2_nawl_academic+nawl_rank_218+grade_estimate_6,intermediate,intermediate,6.092,29.956,11.974,intermediate_seed,intermediate_6_to_8.csv
diagnostic,6,6-8,intermediate_6_to_8,220,56,true,adj,tier2_nawl_academic+nawl_rank_220+grade_estimate_6,intermediate,intermediate,6.092,29.956,11.974,intermediate_seed,intermediate_6_to_8.csv
ought,7,6-8,intermediate_6_to_8,1477,56,false,n,tier1_ngsl_general+ngsl_rank_1477+grade_estimate_7,intermediate,intermediate,4.892,29.956,9.274,intermediate_seed,intermediate_6_to_8.csv
studio,7,6-8,intermediate_6_to_8,1483,56,false,n,tier1_ngsl_general+ngsl_rank_1483+grade_estimate_7,intermediate,intermediate,4.892,29.956,9.274,intermediate_seed,intermediate_6_to_8.csv
proper,7,6-8,intermediate_6_to_8,1484,56,false,n,tier1_ngsl_general+ngsl_rank_1484+grade_estimate_7,intermediate,intermediate,4.892,29.956,9.274,intermediate_seed,intermediate_6_to_8.csv
tourist,7,6-8,intermediate_6_to_8,1486,56,false,n,tier1_ngsl_general+ngsl_rank_1486+grade_estimate_7,intermediate,intermediate,4.092,29.956,10.674,intermediate_seed,intermediate_6_to_8.csv
component,7,6-8,intermediate_6_to_8,1487,56,false,adj,tier1_ngsl_general+ngsl_rank_1487+grade_estimate_7,intermediate,intermediate,4.092,29.956,9.974,intermediate_seed,intermediate_6_to_8.csv
outer,6,6-8,intermediate_6_to_8,223,55,true,adj,tier2_nawl_academic+nawl_rank_223+grade_estimate_6,intermediate,intermediate,6.888,29.95,11.269,intermediate_seed,intermediate_6_to_8.csv
probe,6,6-8,intermediate_6_to_8,225,55,true,n,tier2_nawl_academic+nawl_rank_225+grade_estimate_6,intermediate,intermediate,6.888,29.95,11.269,intermediate_seed,intermediate_6_to_8.csv
mathematical,6,6-8,intermediate_6_to_8,227,55,true,adj,tier2_nawl_academic+nawl_rank_227+grade_estimate_6,intermediate,intermediate,6.088,29.95,13.469,intermediate_seed,intermediate_6_to_8.csv
likelihood,6,6-8,intermediate_6_to_8,228,55,true,n,tier2_nawl_academic+nawl_rank_228+grade_estimate_6,intermediate,intermediate,6.088,29.95,11.969,intermediate_seed,intermediate_6_to_8.csv
industrial,7,6-8,intermediate_6_to_8,1494,55,false,adj,tier1_ngsl_general+ngsl_rank_1494+grade_estimate_7,intermediate,intermediate,4.088,29.95,9.969,intermediate_seed,intermediate_6_to_8.csv
complain,7,6-8,intermediate_6_to_8,1495,55,false,n,tier1_ngsl_general+ngsl_rank_1495+grade_estimate_7,intermediate,intermediate,4.088,29.95,9.969,intermediate_seed,intermediate_6_to_8.csv
error,7,6-8,intermediate_6_to_8,1497,55,false,n,tier1_ngsl_general+ngsl_rank_1497+grade_estimate_7,intermediate,intermediate,4.888,29.95,9.269,intermediate_seed,intermediate_6_to_8.csv
arrest,7,6-8,intermediate_6_to_8,1498,55,false,n,tier1_ngsl_general+ngsl_rank_1498+grade_estimate_7,intermediate,intermediate,4.888,29.95,9.269,intermediate_seed,intermediate_6_to_8.csv
assess,7,6-8,intermediate_6_to_8,1499,55,false,n,tier1_ngsl_general+ngsl_rank_1499+grade_estimate_7,intermediate,intermediate,4.888,29.95,9.269,intermediate_seed,intermediate_6_to_8.csv
register,7,6-8,intermediate_6_to_8,1500,55,false,n,tier1_ngsl_general+ngsl_rank_1500+grade_estimate_7,intermediate,intermediate,4.088,29.95,9.969,intermediate_seed,intermediate_6_to_8.csv
asset,7,6-8,intermediate_6_to_8,1501,55,false,n,tier1_ngsl_general+ngsl_rank_1501+grade_estimate_7,intermediate,intermediate,4.888,29.95,9.269,intermediate_seed,intermediate_6_to_8.csv
relevant,7,6-8,intermediate_6_to_8,1504,55,false,adj,tier1_ngsl_general+ngsl_rank_1504+grade_estimate_7,intermediate,intermediate,4.088,29.95,9.969,intermediate_seed,intermediate_6_to_8.csv
comparable,6,6-8,intermediate_6_to_8,229,54,true,adj,tier2_nawl_academic+nawl_rank_229+grade_estimate_6,intermediate,intermediate,6.084,29.945,11.964,intermediate_seed,intermediate_6_to_8.csv
magnitude,6,6-8,intermediate_6_to_8,230,54,true,n,tier2_nawl_academic+nawl_rank_230+grade_estimate_6,intermediate,intermediate,6.084,29.945,11.964,intermediate_seed,intermediate_6_to_8.csv
necessarily,7,6-8,intermediate_6_to_8,1509,54,false,adv,tier1_ngsl_general+ngsl_rank_1509+grade_estimate_7,intermediate,intermediate,4.084,29.945,11.464,intermediate_seed,intermediate_6_to_8.csv
literature,7,6-8,intermediate_6_to_8,1519,54,false,n,tier1_ngsl_general+ngsl_rank_1519+grade_estimate_7,intermediate,intermediate,4.084,29.945,9.964,intermediate_seed,intermediate_6_to_8.csv
victim,7,6-8,intermediate_6_to_8,1520,54,false,n,tier1_ngsl_general+ngsl_rank_1520+grade_estimate_7,intermediate,intermediate,4.884,29.945,9.264,intermediate_seed,intermediate_6_to_8.csv
socialize,8,6-8,intermediate_6_to_8,888,5,true,v,tier2_nawl_academic+nawl_rank_888+grade_estimate_8,intermediate,intermediate,5.706,29.941,12.923,intermediate_seed,intermediate_6_to_8.csv
deflection,8,6-8,intermediate_6_to_8,900,5,true,n,tier2_nawl_academic+nawl_rank_900+grade_estimate_8,intermediate,intermediate,5.706,29.941,12.923,intermediate_seed,intermediate_6_to_8.csv
consciousness,6,6-8,intermediate_6_to_8,236,53,true,n,tier2_nawl_academic+nawl_rank_236+grade_estimate_6,intermediate,intermediate,6.08,29.939,13.46,intermediate_seed,intermediate_6_to_8.csv
simultaneously,6,6-8,intermediate_6_to_8,237,53,true,adv,tier2_nawl_academic+nawl_rank_237+grade_estimate_6,intermediate,intermediate,6.08,29.939,13.46,intermediate_seed,intermediate_6_to_8.csv
hierarchy,6,6-8,intermediate_6_to_8,239,53,true,n,tier2_nawl_academic+nawl_rank_239+grade_estimate_6,intermediate,intermediate,6.08,29.939,11.96,intermediate_seed,intermediate_6_to_8.csv
threaten,7,6-8,intermediate_6_to_8,1521,53,false,v,tier1_ngsl_general+ngsl_rank_1521+grade_estimate_7,intermediate,intermediate,4.08,29.939,9.96,intermediate_seed,intermediate_6_to_8.csv
secure,7,6-8,intermediate_6_to_8,1523,53,false,n,tier1_ngsl_general+ngsl_rank_1523+grade_estimate_7,intermediate,intermediate,4.88,29.939,9.26,intermediate_seed,intermediate_6_to_8.csv
amaze,7,6-8,intermediate_6_to_8,1524,53,false,n,tier1_ngsl_general+ngsl_rank_1524+grade_estimate_7,intermediate,intermediate,4.88,29.939,9.26,intermediate_seed,intermediate_6_to_8.csv
device,7,6-8,intermediate_6_to_8,1525,53,false,n,tier1_ngsl_general+ngsl_rank_1525+grade_estimate_7,intermediate,intermediate,4.88,29.939,9.26,intermediate_seed,intermediate_6_to_8.csv
label,7,6-8,intermediate_6_to_8,1528,53,false,n,tier1_ngsl_general+ngsl_rank_1528+grade_estimate_7,intermediate,intermediate,4.88,29.939,9.26,intermediate_seed,intermediate_6_to_8.csv
friendly,7,6-8,intermediate_6_to_8,1538,53,false,adv,tier1_ngsl_general+ngsl_rank_1538+grade_estimate_7,intermediate,intermediate,4.08,29.939,9.96,intermediate_seed,intermediate_6_to_8.csv
resident,7,6-8,intermediate_6_to_8,1539,53,false,adj,tier1_ngsl_general+ngsl_rank_1539+grade_estimate_7,intermediate,intermediate,4.08,29.939,9.96,intermediate_seed,intermediate_6_to_8.csv
export,7,6-8,intermediate_6_to_8,1543,53,false,n,tier1_ngsl_general+ngsl_rank_1543+grade_estimate_7,intermediate,intermediate,4.88,29.939,9.26,intermediate_seed,intermediate_6_to_8.csv
entirely,7,6-8,intermediate_6_to_8,1544,53,false,adv,tier1_ngsl_general+ngsl_rank_1544+grade_estimate_7,intermediate,intermediate,4.08,29.939,9.96,intermediate_seed,intermediate_6_to_8.csv
strongly,7,6-8,intermediate_6_to_8,1545,53,false,adv,tier1_ngsl_general+ngsl_rank_1545+grade_estimate_7,intermediate,intermediate,4.08,29.939,9.96,intermediate_seed,intermediate_6_to_8.csv
periodic,6,6-8,intermediate_6_to_8,241,52,true,adj,tier2_nawl_academic+nawl_rank_241+grade_estimate_6,intermediate,intermediate,6.075,29.934,11.955,intermediate_seed,intermediate_6_to_8.csv
autonomy,6,6-8,intermediate_6_to_8,248,52,true,n,tier2_nawl_academic+nawl_rank_248+grade_estimate_6,intermediate,intermediate,6.075,29.934,11.955,intermediate_seed,intermediate_6_to_8.csv
consist,7,6-8,intermediate_6_to_8,1547,52,false,n,tier1_ngsl_general+ngsl_rank_1547+grade_estimate_7,intermediate,intermediate,4.075,29.934,10.655,intermediate_seed,intermediate_6_to_8.csv
brand,7,6-8,intermediate_6_to_8,1549,52,false,n,tier1_ngsl_general+ngsl_rank_1549+grade_estimate_7,intermediate,intermediate,4.875,29.934,9.255,intermediate_seed,intermediate_6_to_8.csv
moral,7,6-8,intermediate_6_to_8,1550,52,false,adj,tier1_ngsl_general+ngsl_rank_1550+grade_estimate_7,intermediate,intermediate,4.875,29.934,9.255,intermediate_seed,intermediate_6_to_8.csv
master,7,6-8,intermediate_6_to_8,1556,52,false,n,tier1_ngsl_general+ngsl_rank_1556+grade_estimate_7,intermediate,intermediate,4.875,29.934,9.255,intermediate_seed,intermediate_6_to_8.csv
definitely,7,6-8,intermediate_6_to_8,1557,52,false,adv,tier1_ngsl_general+ngsl_rank_1557+grade_estimate_7,intermediate,intermediate,4.075,29.934,9.955,intermediate_seed,intermediate_6_to_8.csv
session,7,6-8,intermediate_6_to_8,1558,52,false,n,tier1_ngsl_general+ngsl_rank_1558+grade_estimate_7,intermediate,intermediate,4.075,29.934,10.655,intermediate_seed,intermediate_6_to_8.csv
nevertheless,7,6-8,intermediate_6_to_8,1560,52,false,adj,tier1_ngsl_general+ngsl_rank_1560+grade_estimate_7,intermediate,intermediate,4.075,29.934,11.455,intermediate_seed,intermediate_6_to_8.csv
previously,7,6-8,intermediate_6_to_8,1562,52,false,adv,tier1_ngsl_general+ngsl_rank_1562+grade_estimate_7,intermediate,intermediate,4.075,29.934,9.955,intermediate_seed,intermediate_6_to_8.csv
reasonable,7,6-8,intermediate_6_to_8,1569,52,false,adj,tier1_ngsl_general+ngsl_rank_1569+grade_estimate_7,intermediate,intermediate,4.075,29.934,9.955,intermediate_seed,intermediate_6_to_8.csv
guarantee,7,6-8,intermediate_6_to_8,1570,52,false,n,tier1_ngsl_general+ngsl_rank_1570+grade_estimate_7,intermediate,intermediate,4.075,29.934,9.955,intermediate_seed,intermediate_6_to_8.csv
biology,7,6-8,intermediate_6_to_8,251,51,true,n,tier2_nawl_academic+nawl_rank_251+grade_estimate_7,intermediate,intermediate,6.071,29.928,12.65,intermediate_seed,intermediate_6_to_8.csv
scenario,7,6-8,intermediate_6_to_8,252,51,true,n,tier2_nawl_academic+nawl_rank_252+grade_estimate_7,intermediate,intermediate,6.071,29.928,11.95,intermediate_seed,intermediate_6_to_8.csv
conditional,7,6-8,intermediate_6_to_8,253,51,true,adj,tier2_nawl_academic+nawl_rank_253+grade_estimate_7,intermediate,intermediate,6.071,29.928,13.45,intermediate_seed,intermediate_6_to_8.csv
contrary,7,6-8,intermediate_6_to_8,254,51,true,adj,tier2_nawl_academic+nawl_rank_254+grade_estimate_7,intermediate,intermediate,6.071,29.928,11.95,intermediate_seed,intermediate_6_to_8.csv
discrete,7,6-8,intermediate_6_to_8,255,51,true,n,tier2_nawl_academic+nawl_rank_255+grade_estimate_7,intermediate,intermediate,6.071,29.928,11.95,intermediate_seed,intermediate_6_to_8.csv
morphological,7,6-8,intermediate_6_to_8,257,51,true,adj,tier2_nawl_academic+nawl_rank_257+grade_estimate_7,intermediate,intermediate,6.071,29.928,13.45,intermediate_seed,intermediate_6_to_8.csv
effectiveness,7,6-8,intermediate_6_to_8,260,51,true,n,tier2_nawl_academic+nawl_rank_260+grade_estimate_7,intermediate,intermediate,6.071,29.928,13.45,intermediate_seed,intermediate_6_to_8.csv
elect,7,6-8,intermediate_6_to_8,1578,51,false,n,tier1_ngsl_general+ngsl_rank_1578+grade_estimate_7,intermediate,intermediate,4.871,29.928,9.25,intermediate_seed,intermediate_6_to_8.csv
atmosphere,7,6-8,intermediate_6_to_8,1579,51,false,n,tier1_ngsl_general+ngsl_rank_1579+grade_estimate_7,intermediate,intermediate,4.071,29.928,9.95,intermediate_seed,intermediate_6_to_8.csv
farmer,7,6-8,intermediate_6_to_8,1580,51,false,n,tier1_ngsl_general+ngsl_rank_1580+grade_estimate_7,intermediate,intermediate,4.871,29.928,9.25,intermediate_seed,intermediate_6_to_8.csv
comparison,7,6-8,intermediate_6_to_8,1581,51,false,n,tier1_ngsl_general+ngsl_rank_1581+grade_estimate_7,intermediate,intermediate,4.071,29.928,9.95,intermediate_seed,intermediate_6_to_8.csv
characteristic,7,6-8,intermediate_6_to_8,1582,51,false,adj,tier1_ngsl_general+ngsl_rank_1582+grade_estimate_7,intermediate,intermediate,4.071,29.928,11.45,intermediate_seed,intermediate_6_to_8.csv
narrow,7,6-8,intermediate_6_to_8,1585,51,false,n,tier1_ngsl_general+ngsl_rank_1585+grade_estimate_7,intermediate,intermediate,4.871,29.928,9.25,intermediate_seed,intermediate_6_to_8.csv
permit,7,6-8,intermediate_6_to_8,1589,51,false,v,tier1_ngsl_general+ngsl_rank_1589+grade_estimate_7,intermediate,intermediate,4.871,29.928,9.25,intermediate_seed,intermediate_6_to_8.csv
seriously,7,6-8,intermediate_6_to_8,1590,51,false,adv,tier1_ngsl_general+ngsl_rank_1590+grade_estimate_7,intermediate,intermediate,4.071,29.928,9.95,intermediate_seed,intermediate_6_to_8.csv
calculus,7,6-8,intermediate_6_to_8,263,50,true,n,tier2_nawl_academic+nawl_rank_263+grade_estimate_7,intermediate,intermediate,6.067,29.923,11.945,intermediate_seed,intermediate_6_to_8.csv
longitudinal,7,6-8,intermediate_6_to_8,264,50,true,adj,tier2_nawl_academic+nawl_rank_264+grade_estimate_7,intermediate,intermediate,6.067,29.923,13.445,intermediate_seed,intermediate_6_to_8.csv
usage,7,6-8,intermediate_6_to_8,264,50,true,n,tier2_nawl_academic+nawl_rank_264+grade_estimate_7,intermediate,intermediate,6.867,29.923,11.245,intermediate_seed,intermediate_6_to_8.csv
client,7,6-8,intermediate_6_to_8,267,50,true,n,tier2_nawl_academic+nawl_rank_267+grade_estimate_7,intermediate,intermediate,6.867,29.923,11.245,intermediate_seed,intermediate_6_to_8.csv
marginal,7,6-8,intermediate_6_to_8,267,50,true,adj,tier2_nawl_academic+nawl_rank_267+grade_estimate_7,intermediate,intermediate,6.067,29.923,11.945,intermediate_seed,intermediate_6_to_8.csv
unique,7,6-8,intermediate_6_to_8,1594,50,false,n,tier1_ngsl_general+ngsl_rank_1594+grade_estimate_7,intermediate,intermediate,4.867,29.923,9.245,intermediate_seed,intermediate_6_to_8.csv
investor,7,6-8,intermediate_6_to_8,1597,50,false,n,tier1_ngsl_general+ngsl_rank_1597+grade_estimate_7,intermediate,intermediate,4.067,29.923,9.945,intermediate_seed,intermediate_6_to_8.csv
practical,7,6-8,intermediate_6_to_8,1598,50,false,adj,tier1_ngsl_general+ngsl_rank_1598+grade_estimate_7,intermediate,intermediate,4.067,29.923,9.945,intermediate_seed,intermediate_6_to_8.csv
sexual,7,6-8,intermediate_6_to_8,1609,50,false,adj,tier1_ngsl_general+ngsl_rank_1609+grade_estimate_7,intermediate,intermediate,4.867,29.923,9.245,intermediate_seed,intermediate_6_to_8.csv
increasingly,7,6-8,intermediate_6_to_8,1612,50,false,adv,tier1_ngsl_general+ngsl_rank_1612+grade_estimate_7,intermediate,intermediate,4.067,29.923,11.445,intermediate_seed,intermediate_6_to_8.csv
import,7,6-8,intermediate_6_to_8,1613,50,false,n,tier1_ngsl_general+ngsl_rank_1613+grade_estimate_7,intermediate,intermediate,4.867,29.923,9.245,intermediate_seed,intermediate_6_to_8.csv
bottle,7,6-8,intermediate_6_to_8,1614,50,false,n,tier1_ngsl_general+ngsl_rank_1614+grade_estimate_7,intermediate,intermediate,4.867,29.923,9.245,intermediate_seed,intermediate_6_to_8.csv
memorize,8,6-8,intermediate_6_to_8,916,4,true,v,tier2_nawl_academic+nawl_rank_916+grade_estimate_8,intermediate,intermediate,5.688,29.917,12.902,intermediate_seed,intermediate_6_to_8.csv
superior,7,6-8,intermediate_6_to_8,271,49,true,n,tier2_nawl_academic+nawl_rank_271+grade_estimate_7,intermediate,intermediate,6.063,29.917,11.94,intermediate_seed,intermediate_6_to_8.csv
composer,7,6-8,intermediate_6_to_8,273,49,true,n,tier2_nawl_academic+nawl_rank_273+grade_estimate_7,intermediate,intermediate,6.063,29.917,11.94,intermediate_seed,intermediate_6_to_8.csv
singular,7,6-8,intermediate_6_to_8,274,49,true,n,tier2_nawl_academic+nawl_rank_274+grade_estimate_7,intermediate,intermediate,6.063,29.917,11.94,intermediate_seed,intermediate_6_to_8.csv
converge,7,6-8,intermediate_6_to_8,275,49,true,n,tier2_nawl_academic+nawl_rank_275+grade_estimate_7,intermediate,intermediate,6.063,29.917,11.94,intermediate_seed,intermediate_6_to_8.csv
fetal,7,6-8,intermediate_6_to_8,276,49,true,adj,tier2_nawl_academic+nawl_rank_276+grade_estimate_7,intermediate,intermediate,6.863,29.917,11.24,intermediate_seed,intermediate_6_to_8.csv
implicit,7,6-8,intermediate_6_to_8,278,49,true,n,tier2_nawl_academic+nawl_rank_278+grade_estimate_7,intermediate,intermediate,6.063,29.917,11.94,intermediate_seed,intermediate_6_to_8.csv
immune,7,6-8,intermediate_6_to_8,284,49,true,adj,tier2_nawl_academic+nawl_rank_284+grade_estimate_7,intermediate,intermediate,6.863,29.917,11.24,intermediate_seed,intermediate_6_to_8.csv
ourselves,7,6-8,intermediate_6_to_8,1615,49,false,pron,tier1_ngsl_general+ngsl_rank_1615+grade_estimate_7,intermediate,intermediate,4.063,29.917,9.94,intermediate_seed,intermediate_6_to_8.csv
sheet,7,6-8,intermediate_6_to_8,1616,49,false,n,tier1_ngsl_general+ngsl_rank_1616+grade_estimate_7,intermediate,intermediate,4.863,29.917,9.24,intermediate_seed,intermediate_6_to_8.csv
honor,7,6-8,intermediate_6_to_8,1625,49,false,n,tier1_ngsl_general+ngsl_rank_1625+grade_estimate_7,intermediate,intermediate,4.863,29.917,9.24,intermediate_seed,intermediate_6_to_8.csv
blame,7,6-8,intermediate_6_to_8,1627,49,false,n,tier1_ngsl_general+ngsl_rank_1627+grade_estimate_7,intermediate,intermediate,4.863,29.917,9.24,intermediate_seed,intermediate_6_to_8.csv
arise,7,6-8,intermediate_6_to_8,1629,49,false,v,tier1_ngsl_general+ngsl_rank_1629+grade_estimate_7,intermediate,intermediate,4.863,29.917,9.24,intermediate_seed,intermediate_6_to_8.csv
situation,6,6-8,intermediate_6_to_8,430,235,false,n,tier1_ngsl_general+ngsl_rank_430+grade_estimate_6,intermediate,intermediate,8.433,29.911,9.772,intermediate_seed,intermediate_6_to_8.csv
appendix,7,6-8,intermediate_6_to_8,288,48,true,n,tier2_nawl_academic+nawl_rank_288+grade_estimate_7,intermediate,intermediate,6.058,29.911,11.934,intermediate_seed,intermediate_6_to_8.csv
overview,7,6-8,intermediate_6_to_8,289,48,true,n,tier2_nawl_academic+nawl_rank_289+grade_estimate_7,intermediate,intermediate,6.058,29.911,11.934,intermediate_seed,intermediate_6_to_8.csv
specimen,7,6-8,intermediate_6_to_8,291,48,true,v,tier2_nawl_academic+nawl_rank_291+grade_estimate_7,intermediate,intermediate,6.058,29.911,11.934,intermediate_seed,intermediate_6_to_8.csv
assert,7,6-8,intermediate_6_to_8,292,48,true,v,tier2_nawl_academic+nawl_rank_292+grade_estimate_7,intermediate,intermediate,6.858,29.911,11.234,intermediate_seed,intermediate_6_to_8.csv
widespread,7,6-8,intermediate_6_to_8,293,48,true,n,tier2_nawl_academic+nawl_rank_293+grade_estimate_7,intermediate,intermediate,6.058,29.911,11.934,intermediate_seed,intermediate_6_to_8.csv
residual,7,6-8,intermediate_6_to_8,295,48,true,adj,tier2_nawl_academic+nawl_rank_295+grade_estimate_7,intermediate,intermediate,6.058,29.911,11.934,intermediate_seed,intermediate_6_to_8.csv
constrain,7,6-8,intermediate_6_to_8,298,48,true,n,tier2_nawl_academic+nawl_rank_298+grade_estimate_7,intermediate,intermediate,6.058,29.911,11.934,intermediate_seed,intermediate_6_to_8.csv
virtue,7,6-8,intermediate_6_to_8,299,48,true,n,tier2_nawl_academic+nawl_rank_299+grade_estimate_7,intermediate,intermediate,6.858,29.911,11.234,intermediate_seed,intermediate_6_to_8.csv
amino,7,6-8,intermediate_6_to_8,301,48,true,n,tier2_nawl_academic+nawl_rank_301+grade_estimate_7,intermediate,intermediate,6.858,29.911,11.234,intermediate_seed,intermediate_6_to_8.csv
partially,7,6-8,intermediate_6_to_8,302,48,true,adv,tier2_nawl_academic+nawl_rank_302+grade_estimate_7,intermediate,intermediate,6.058,29.911,11.934,intermediate_seed,intermediate_6_to_8.csv
preliminary,7,6-8,intermediate_6_to_8,303,48,true,adj,tier2_nawl_academic+nawl_rank_303+grade_estimate_7,intermediate,intermediate,6.058,29.911,13.434,intermediate_seed,intermediate_6_to_8.csv
philosophical,7,6-8,intermediate_6_to_8,304,48,true,adj,tier2_nawl_academic+nawl_rank_304+grade_estimate_7,intermediate,intermediate,6.058,29.911,13.434,intermediate_seed,intermediate_6_to_8.csv
retire,7,6-8,intermediate_6_to_8,1635,48,false,n,tier1_ngsl_general+ngsl_rank_1635+grade_estimate_7,intermediate,intermediate,4.858,29.911,9.234,intermediate_seed,intermediate_6_to_8.csv
terrible,7,6-8,intermediate_6_to_8,1644,48,false,adj,tier1_ngsl_general+ngsl_rank_1644+grade_estimate_7,intermediate,intermediate,4.058,29.911,9.934,intermediate_seed,intermediate_6_to_8.csv
researcher,7,6-8,intermediate_6_to_8,1645,48,false,n,tier1_ngsl_general+ngsl_rank_1645+grade_estimate_7,intermediate,intermediate,4.058,29.911,9.934,intermediate_seed,intermediate_6_to_8.csv
ordinary,7,6-8,intermediate_6_to_8,1646,48,false,adj,tier1_ngsl_general+ngsl_rank_1646+grade_estimate_7,intermediate,intermediate,4.058,29.911,9.934,intermediate_seed,intermediate_6_to_8.csv
anywhere,7,6-8,intermediate_6_to_8,1648,48,false,n,tier1_ngsl_general+ngsl_rank_1648+grade_estimate_7,intermediate,intermediate,4.058,29.911,9.934,intermediate_seed,intermediate_6_to_8.csv
participant,7,6-8,intermediate_6_to_8,1650,48,false,adj,tier1_ngsl_general+ngsl_rank_1650+grade_estimate_7,intermediate,intermediate,4.058,29.911,11.434,intermediate_seed,intermediate_6_to_8.csv
activity,6,6-8,intermediate_6_to_8,432,234,false,n,tier1_ngsl_general+ngsl_rank_432+grade_estimate_6,intermediate,intermediate,8.432,29.91,9.771,intermediate_seed,intermediate_6_to_8.csv
prominent,7,6-8,intermediate_6_to_8,307,47,true,adj,tier2_nawl_academic+nawl_rank_307+grade_estimate_7,intermediate,intermediate,6.054,29.905,11.929,intermediate_seed,intermediate_6_to_8.csv
render,7,6-8,intermediate_6_to_8,309,47,true,v,tier2_nawl_academic+nawl_rank_309+grade_estimate_7,intermediate,intermediate,6.854,29.905,11.229,intermediate_seed,intermediate_6_to_8.csv
independently,7,6-8,intermediate_6_to_8,310,47,true,adv,tier2_nawl_academic+nawl_rank_310+grade_estimate_7,intermediate,intermediate,6.054,29.905,13.429,intermediate_seed,intermediate_6_to_8.csv
symbolic,7,6-8,intermediate_6_to_8,311,47,true,adj,tier2_nawl_academic+nawl_rank_311+grade_estimate_7,intermediate,intermediate,6.054,29.905,11.929,intermediate_seed,intermediate_6_to_8.csv
utilize,7,6-8,intermediate_6_to_8,312,47,true,v,tier2_nawl_academic+nawl_rank_312+grade_estimate_7,intermediate,intermediate,6.054,29.905,12.629,intermediate_seed,intermediate_6_to_8.csv
physiological,7,6-8,intermediate_6_to_8,313,47,true,adj,tier2_nawl_academic+nawl_rank_313+grade_estimate_7,intermediate,intermediate,6.054,29.905,13.429,intermediate_seed,intermediate_6_to_8.csv
indirect,7,6-8,intermediate_6_to_8,314,47,true,n,tier2_nawl_academic+nawl_rank_314+grade_estimate_7,intermediate,intermediate,6.054,29.905,11.929,intermediate_seed,intermediate_6_to_8.csv
specifically,7,6-8,intermediate_6_to_8,1653,47,false,adv,tier1_ngsl_general+ngsl_rank_1653+grade_estimate_7,intermediate,intermediate,4.054,29.905,11.429,intermediate_seed,intermediate_6_to_8.csv
entry,7,6-8,intermediate_6_to_8,1655,47,false,n,tier1_ngsl_general+ngsl_rank_1655+grade_estimate_7,intermediate,intermediate,4.854,29.905,9.229,intermediate_seed,intermediate_6_to_8.csv
fellow,7,6-8,intermediate_6_to_8,1656,47,false,n,tier1_ngsl_general+ngsl_rank_1656+grade_estimate_7,intermediate,intermediate,4.854,29.905,9.229,intermediate_seed,intermediate_6_to_8.csv
chemical,7,6-8,intermediate_6_to_8,1657,47,false,adj,tier1_ngsl_general+ngsl_rank_1657+grade_estimate_7,intermediate,intermediate,4.054,29.905,9.929,intermediate_seed,intermediate_6_to_8.csv
discount,7,6-8,intermediate_6_to_8,1660,47,false,n,tier1_ngsl_general+ngsl_rank_1660+grade_estimate_7,intermediate,intermediate,4.054,29.905,9.929,intermediate_seed,intermediate_6_to_8.csv
chairman,7,6-8,intermediate_6_to_8,1662,47,false,n,tier1_ngsl_general+ngsl_rank_1662+grade_estimate_7,intermediate,intermediate,4.054,29.905,9.929,intermediate_seed,intermediate_6_to_8.csv
significantly,7,6-8,intermediate_6_to_8,1669,47,false,adv,tier1_ngsl_general+ngsl_rank_1669+grade_estimate_7,intermediate,intermediate,4.054,29.905,11.429,intermediate_seed,intermediate_6_to_8.csv
assembly,7,6-8,intermediate_6_to_8,315,46,true,adv,tier2_nawl_academic+nawl_rank_315+grade_estimate_7,intermediate,intermediate,6.049,29.899,11.924,intermediate_seed,intermediate_6_to_8.csv
strictly,7,6-8,intermediate_6_to_8,317,46,true,adv,tier2_nawl_academic+nawl_rank_317+grade_estimate_7,intermediate,intermediate,6.049,29.899,11.924,intermediate_seed,intermediate_6_to_8.csv
psychiatric,7,6-8,intermediate_6_to_8,318,46,true,adj,tier2_nawl_academic+nawl_rank_318+grade_estimate_7,intermediate,intermediate,6.049,29.899,13.424,intermediate_seed,intermediate_6_to_8.csv
critique,7,6-8,intermediate_6_to_8,320,46,true,n,tier2_nawl_academic+nawl_rank_320+grade_estimate_7,intermediate,intermediate,6.049,29.899,11.924,intermediate_seed,intermediate_6_to_8.csv
depict,7,6-8,intermediate_6_to_8,326,46,true,v,tier2_nawl_academic+nawl_rank_326+grade_estimate_7,intermediate,intermediate,6.849,29.899,11.224,intermediate_seed,intermediate_6_to_8.csv
parental,7,6-8,intermediate_6_to_8,328,46,true,adj,tier2_nawl_academic+nawl_rank_328+grade_estimate_7,intermediate,intermediate,6.049,29.899,11.924,intermediate_seed,intermediate_6_to_8.csv
considerable,7,6-8,intermediate_6_to_8,1671,46,false,adj,tier1_ngsl_general+ngsl_rank_1671+grade_estimate_7,intermediate,intermediate,4.049,29.899,11.424,intermediate_seed,intermediate_6_to_8.csv
ideal,7,6-8,intermediate_6_to_8,1674,46,false,adj,tier1_ngsl_general+ngsl_rank_1674+grade_estimate_7,intermediate,intermediate,4.849,29.899,9.224,intermediate_seed,intermediate_6_to_8.csv
guard,7,6-8,intermediate_6_to_8,1677,46,false,n,tier1_ngsl_general+ngsl_rank_1677+grade_estimate_7,intermediate,intermediate,4.849,29.899,9.224,intermediate_seed,intermediate_6_to_8.csv
somewhat,7,6-8,intermediate_6_to_8,1679,46,false,n,tier1_ngsl_general+ngsl_rank_1679+grade_estimate_7,intermediate,intermediate,4.049,29.899,9.924,intermediate_seed,intermediate_6_to_8.csv
joint,7,6-8,intermediate_6_to_8,1682,46,false,n,tier1_ngsl_general+ngsl_rank_1682+grade_estimate_7,intermediate,intermediate,4.849,29.899,9.224,intermediate_seed,intermediate_6_to_8.csv
faith,7,6-8,intermediate_6_to_8,1686,46,false,n,tier1_ngsl_general+ngsl_rank_1686+grade_estimate_7,intermediate,intermediate,4.849,29.899,9.224,intermediate_seed,intermediate_6_to_8.csv
complaint,7,6-8,intermediate_6_to_8,1689,46,false,n,tier1_ngsl_general+ngsl_rank_1689+grade_estimate_7,intermediate,intermediate,4.049,29.899,9.924,intermediate_seed,intermediate_6_to_8.csv
mission,7,6-8,intermediate_6_to_8,1691,46,false,n,tier1_ngsl_general+ngsl_rank_1691+grade_estimate_7,intermediate,intermediate,4.049,29.899,10.624,intermediate_seed,intermediate_6_to_8.csv
neighborhood,7,6-8,intermediate_6_to_8,1694,46,false,n,tier1_ngsl_general+ngsl_rank_1694+grade_estimate_7,intermediate,intermediate,4.049,29.899,11.424,intermediate_seed,intermediate_6_to_8.csv
passenger,7,6-8,intermediate_6_to_8,1695,46,false,n,tier1_ngsl_general+ngsl_rank_1695+grade_estimate_7,intermediate,intermediate,4.049,29.899,9.924,intermediate_seed,intermediate_6_to_8.csv
condition,6,6-8,intermediate_6_to_8,445,226,false,n,tier1_ngsl_general+ngsl_rank_445+grade_estimate_6,intermediate,intermediate,8.424,29.898,9.761,intermediate_seed,intermediate_6_to_8.csv
dynamic,6,6-8,intermediate_6_to_8,6,224,true,adj,tier2_nawl_academic+nawl_rank_6+grade_estimate_6,intermediate,intermediate,6.422,29.895,11.658,intermediate_seed,intermediate_6_to_8.csv
decision,6,6-8,intermediate_6_to_8,449,224,false,n,tier1_ngsl_general+ngsl_rank_449+grade_estimate_6,intermediate,intermediate,8.422,29.895,9.758,intermediate_seed,intermediate_6_to_8.csv
ritual,7,6-8,intermediate_6_to_8,329,45,true,adj,tier2_nawl_academic+nawl_rank_329+grade_estimate_7,intermediate,intermediate,6.844,29.892,11.218,intermediate_seed,intermediate_6_to_8.csv
adjacent,7,6-8,intermediate_6_to_8,331,45,true,adj,tier2_nawl_academic+nawl_rank_331+grade_estimate_7,intermediate,intermediate,6.044,29.892,11.918,intermediate_seed,intermediate_6_to_8.csv
observer,7,6-8,intermediate_6_to_8,332,45,true,n,tier2_nawl_academic+nawl_rank_332+grade_estimate_7,intermediate,intermediate,6.044,29.892,11.918,intermediate_seed,intermediate_6_to_8.csv
questionnaire,7,6-8,intermediate_6_to_8,335,45,true,n,tier2_nawl_academic+nawl_rank_335+grade_estimate_7,intermediate,intermediate,6.044,29.892,13.418,intermediate_seed,intermediate_6_to_8.csv
tense,7,6-8,intermediate_6_to_8,338,45,true,adj,tier2_nawl_academic+nawl_rank_338+grade_estimate_7,intermediate,intermediate,6.844,29.892,11.218,intermediate_seed,intermediate_6_to_8.csv
nutrient,7,6-8,intermediate_6_to_8,341,45,true,adj,tier2_nawl_academic+nawl_rank_341+grade_estimate_7,intermediate,intermediate,6.044,29.892,11.918,intermediate_seed,intermediate_6_to_8.csv
reinforce,7,6-8,intermediate_6_to_8,342,45,true,n,tier2_nawl_academic+nawl_rank_342+grade_estimate_7,intermediate,intermediate,6.044,29.892,11.918,intermediate_seed,intermediate_6_to_8.csv
statistically,7,6-8,intermediate_6_to_8,343,45,true,adv,tier2_nawl_academic+nawl_rank_343+grade_estimate_7,intermediate,intermediate,6.044,29.892,13.418,intermediate_seed,intermediate_6_to_8.csv
dense,7,6-8,intermediate_6_to_8,345,45,true,adj,tier2_nawl_academic+nawl_rank_345+grade_estimate_7,intermediate,intermediate,6.844,29.892,11.218,intermediate_seed,intermediate_6_to_8.csv
formal,7,6-8,intermediate_6_to_8,1700,45,false,adj,tier1_ngsl_general+ngsl_rank_1700+grade_estimate_7,intermediate,intermediate,4.844,29.892,9.218,intermediate_seed,intermediate_6_to_8.csv
religion,7,6-8,intermediate_6_to_8,1701,45,false,n,tier1_ngsl_general+ngsl_rank_1701+grade_estimate_7,intermediate,intermediate,4.044,29.892,9.918,intermediate_seed,intermediate_6_to_8.csv
employer,7,6-8,intermediate_6_to_8,1702,45,false,n,tier1_ngsl_general+ngsl_rank_1702+grade_estimate_7,intermediate,intermediate,4.044,29.892,9.918,intermediate_seed,intermediate_6_to_8.csv
latter,7,6-8,intermediate_6_to_8,1704,45,false,n,tier1_ngsl_general+ngsl_rank_1704+grade_estimate_7,intermediate,intermediate,4.844,29.892,9.218,intermediate_seed,intermediate_6_to_8.csv
steal,7,6-8,intermediate_6_to_8,1707,45,false,adj,tier1_ngsl_general+ngsl_rank_1707+grade_estimate_7,intermediate,intermediate,4.844,29.892,9.218,intermediate_seed,intermediate_6_to_8.csv
index,7,6-8,intermediate_6_to_8,1709,45,false,n,tier1_ngsl_general+ngsl_rank_1709+grade_estimate_7,intermediate,intermediate,4.844,29.892,9.218,intermediate_seed,intermediate_6_to_8.csv
frequently,7,6-8,intermediate_6_to_8,1711,45,false,adv,tier1_ngsl_general+ngsl_rank_1711+grade_estimate_7,intermediate,intermediate,4.044,29.892,9.918,intermediate_seed,intermediate_6_to_8.csv
unable,7,6-8,intermediate_6_to_8,1718,45,false,adj,tier1_ngsl_general+ngsl_rank_1718+grade_estimate_7,intermediate,intermediate,4.844,29.892,9.218,intermediate_seed,intermediate_6_to_8.csv
electronic,7,6-8,intermediate_6_to_8,1722,45,false,adj,tier1_ngsl_general+ngsl_rank_1722+grade_estimate_7,intermediate,intermediate,4.044,29.892,9.918,intermediate_seed,intermediate_6_to_8.csv
impose,7,6-8,intermediate_6_to_8,1723,45,false,n,tier1_ngsl_general+ngsl_rank_1723+grade_estimate_7,intermediate,intermediate,4.844,29.892,9.218,intermediate_seed,intermediate_6_to_8.csv
criminal,7,6-8,intermediate_6_to_8,1724,45,false,adj,tier1_ngsl_general+ngsl_rank_1724+grade_estimate_7,intermediate,intermediate,4.044,29.892,9.918,intermediate_seed,intermediate_6_to_8.csv
postgraduate,8,6-8,intermediate_6_to_8,922,3,true,v,tier2_nawl_academic+nawl_rank_922+grade_estimate_8,intermediate,intermediate,5.668,29.891,14.38,intermediate_seed,intermediate_6_to_8.csv
ridiculous,8,6-8,intermediate_6_to_8,932,3,true,adj,tier2_nawl_academic+nawl_rank_932+grade_estimate_8,intermediate,intermediate,5.668,29.891,12.88,intermediate_seed,intermediate_6_to_8.csv
volition,8,6-8,intermediate_6_to_8,935,3,true,n,tier2_nawl_academic+nawl_rank_935+grade_estimate_8,intermediate,intermediate,5.668,29.891,12.88,intermediate_seed,intermediate_6_to_8.csv
terminal,7,6-8,intermediate_6_to_8,348,44,true,adj,tier2_nawl_academic+nawl_rank_348+grade_estimate_7,intermediate,intermediate,6.039,29.886,11.913,intermediate_seed,intermediate_6_to_8.csv
informal,7,6-8,intermediate_6_to_8,349,44,true,adj,tier2_nawl_academic+nawl_rank_349+grade_estimate_7,intermediate,intermediate,6.039,29.886,11.913,intermediate_seed,intermediate_6_to_8.csv
discharge,7,6-8,intermediate_6_to_8,350,44,true,n,tier2_nawl_academic+nawl_rank_350+grade_estimate_7,intermediate,intermediate,6.039,29.886,11.913,intermediate_seed,intermediate_6_to_8.csv
ecological,7,6-8,intermediate_6_to_8,352,44,true,adj,tier2_nawl_academic+nawl_rank_352+grade_estimate_7,intermediate,intermediate,6.039,29.886,11.913,intermediate_seed,intermediate_6_to_8.csv
protocol,7,6-8,intermediate_6_to_8,353,44,true,n,tier2_nawl_academic+nawl_rank_353+grade_estimate_7,intermediate,intermediate,6.039,29.886,11.913,intermediate_seed,intermediate_6_to_8.csv
aesthetic,7,6-8,intermediate_6_to_8,355,44,true,adj,tier2_nawl_academic+nawl_rank_355+grade_estimate_7,intermediate,intermediate,6.039,29.886,11.913,intermediate_seed,intermediate_6_to_8.csv
agriculture,7,6-8,intermediate_6_to_8,356,44,true,n,tier2_nawl_academic+nawl_rank_356+grade_estimate_7,intermediate,intermediate,6.039,29.886,13.413,intermediate_seed,intermediate_6_to_8.csv
practitioner,7,6-8,intermediate_6_to_8,358,44,true,n,tier2_nawl_academic+nawl_rank_358+grade_estimate_7,intermediate,intermediate,6.039,29.886,13.413,intermediate_seed,intermediate_6_to_8.csv
properly,7,6-8,intermediate_6_to_8,1726,44,false,adv,tier1_ngsl_general+ngsl_rank_1726+grade_estimate_7,intermediate,intermediate,4.039,29.886,9.913,intermediate_seed,intermediate_6_to_8.csv
multiple,7,6-8,intermediate_6_to_8,1732,44,false,n,tier1_ngsl_general+ngsl_rank_1732+grade_estimate_7,intermediate,intermediate,4.039,29.886,9.913,intermediate_seed,intermediate_6_to_8.csv
yield,7,6-8,intermediate_6_to_8,1733,44,false,n,tier1_ngsl_general+ngsl_rank_1733+grade_estimate_7,intermediate,intermediate,4.839,29.886,9.213,intermediate_seed,intermediate_6_to_8.csv
county,7,6-8,intermediate_6_to_8,1736,44,false,n,tier1_ngsl_general+ngsl_rank_1736+grade_estimate_7,intermediate,intermediate,4.839,29.886,9.213,intermediate_seed,intermediate_6_to_8.csv
unlike,7,6-8,intermediate_6_to_8,1737,44,false,n,tier1_ngsl_general+ngsl_rank_1737+grade_estimate_7,intermediate,intermediate,4.839,29.886,9.213,intermediate_seed,intermediate_6_to_8.csv
attach,7,6-8,intermediate_6_to_8,1742,44,false,n,tier1_ngsl_general+ngsl_rank_1742+grade_estimate_7,intermediate,intermediate,4.839,29.886,9.213,intermediate_seed,intermediate_6_to_8.csv
everywhere,7,6-8,intermediate_6_to_8,1744,44,false,n,tier1_ngsl_general+ngsl_rank_1744+grade_estimate_7,intermediate,intermediate,4.039,29.886,9.913,intermediate_seed,intermediate_6_to_8.csv
advise,7,6-8,intermediate_6_to_8,1745,44,false,v,tier1_ngsl_general+ngsl_rank_1745+grade_estimate_7,intermediate,intermediate,4.839,29.886,9.213,intermediate_seed,intermediate_6_to_8.csv
household,7,6-8,intermediate_6_to_8,1746,44,false,n,tier1_ngsl_general+ngsl_rank_1746+grade_estimate_7,intermediate,intermediate,4.039,29.886,9.913,intermediate_seed,intermediate_6_to_8.csv
acknowledge,7,6-8,intermediate_6_to_8,1747,44,false,n,tier1_ngsl_general+ngsl_rank_1747+grade_estimate_7,intermediate,intermediate,4.039,29.886,11.413,intermediate_seed,intermediate_6_to_8.csv
pragmatic,7,6-8,intermediate_6_to_8,361,43,true,adj,tier2_nawl_academic+nawl_rank_361+grade_estimate_7,intermediate,intermediate,6.035,29.879,11.907,intermediate_seed,intermediate_6_to_8.csv
arrow,7,6-8,intermediate_6_to_8,363,43,true,n,tier2_nawl_academic+nawl_rank_363+grade_estimate_7,intermediate,intermediate,6.835,29.879,11.207,intermediate_seed,intermediate_6_to_8.csv
commentary,7,6-8,intermediate_6_to_8,365,43,true,adj,tier2_nawl_academic+nawl_rank_365+grade_estimate_7,intermediate,intermediate,6.035,29.879,11.907,intermediate_seed,intermediate_6_to_8.csv
reward,7,6-8,intermediate_6_to_8,1748,43,false,n,tier1_ngsl_general+ngsl_rank_1748+grade_estimate_7,intermediate,intermediate,4.835,29.879,9.207,intermediate_seed,intermediate_6_to_8.csv
voter,7,6-8,intermediate_6_to_8,1752,43,false,n,tier1_ngsl_general+ngsl_rank_1752+grade_estimate_7,intermediate,intermediate,4.835,29.879,9.207,intermediate_seed,intermediate_6_to_8.csv
meanwhile,7,6-8,intermediate_6_to_8,1753,43,false,n,tier1_ngsl_general+ngsl_rank_1753+grade_estimate_7,intermediate,intermediate,4.035,29.879,9.907,intermediate_seed,intermediate_6_to_8.csv
furthermore,7,6-8,intermediate_6_to_8,1754,43,false,n,tier1_ngsl_general+ngsl_rank_1754+grade_estimate_7,intermediate,intermediate,4.035,29.879,11.407,intermediate_seed,intermediate_6_to_8.csv
accuse,7,6-8,intermediate_6_to_8,1755,43,false,n,tier1_ngsl_general+ngsl_rank_1755+grade_estimate_7,intermediate,intermediate,4.835,29.879,9.207,intermediate_seed,intermediate_6_to_8.csv
scientific,7,6-8,intermediate_6_to_8,1756,43,false,adj,tier1_ngsl_general+ngsl_rank_1756+grade_estimate_7,intermediate,intermediate,4.035,29.879,9.907,intermediate_seed,intermediate_6_to_8.csv
absence,7,6-8,intermediate_6_to_8,1758,43,false,n,tier1_ngsl_general+ngsl_rank_1758+grade_estimate_7,intermediate,intermediate,4.035,29.879,10.607,intermediate_seed,intermediate_6_to_8.csv
construct,7,6-8,intermediate_6_to_8,1759,43,false,v,tier1_ngsl_general+ngsl_rank_1759+grade_estimate_7,intermediate,intermediate,4.035,29.879,9.907,intermediate_seed,intermediate_6_to_8.csv
remark,7,6-8,intermediate_6_to_8,1760,43,false,n,tier1_ngsl_general+ngsl_rank_1760+grade_estimate_7,intermediate,intermediate,4.835,29.879,9.207,intermediate_seed,intermediate_6_to_8.csv
medicine,7,6-8,intermediate_6_to_8,1761,43,false,n,tier1_ngsl_general+ngsl_rank_1761+grade_estimate_7,intermediate,intermediate,4.035,29.879,9.907,intermediate_seed,intermediate_6_to_8.csv
professor,7,6-8,intermediate_6_to_8,1762,43,false,n,tier1_ngsl_general+ngsl_rank_1762+grade_estimate_7,intermediate,intermediate,4.035,29.879,9.907,intermediate_seed,intermediate_6_to_8.csv
dozen,7,6-8,intermediate_6_to_8,1765,43,false,v,tier1_ngsl_general+ngsl_rank_1765+grade_estimate_7,intermediate,intermediate,4.835,29.879,9.207,intermediate_seed,intermediate_6_to_8.csv
widely,7,6-8,intermediate_6_to_8,1768,43,false,adv,tier1_ngsl_general+ngsl_rank_1768+grade_estimate_7,intermediate,intermediate,4.835,29.879,9.207,intermediate_seed,intermediate_6_to_8.csv
expose,7,6-8,intermediate_6_to_8,1773,43,false,n,tier1_ngsl_general+ngsl_rank_1773+grade_estimate_7,intermediate,intermediate,4.835,29.879,9.207,intermediate_seed,intermediate_6_to_8.csv
unstable,7,6-8,intermediate_6_to_8,367,42,true,adj,tier2_nawl_academic+nawl_rank_367+grade_estimate_7,intermediate,intermediate,6.03,29.873,11.901,intermediate_seed,intermediate_6_to_8.csv
consensus,7,6-8,intermediate_6_to_8,368,42,true,n,tier2_nawl_academic+nawl_rank_368+grade_estimate_7,intermediate,intermediate,6.03,29.873,11.901,intermediate_seed,intermediate_6_to_8.csv
radius,7,6-8,intermediate_6_to_8,370,42,true,n,tier2_nawl_academic+nawl_rank_370+grade_estimate_7,intermediate,intermediate,6.83,29.873,11.201,intermediate_seed,intermediate_6_to_8.csv
artificial,7,6-8,intermediate_6_to_8,371,42,true,adj,tier2_nawl_academic+nawl_rank_371+grade_estimate_7,intermediate,intermediate,6.03,29.873,11.901,intermediate_seed,intermediate_6_to_8.csv
critic,7,6-8,intermediate_6_to_8,1778,42,false,adj,tier1_ngsl_general+ngsl_rank_1778+grade_estimate_7,intermediate,intermediate,4.83,29.873,9.201,intermediate_seed,intermediate_6_to_8.csv
variable,7,6-8,intermediate_6_to_8,1779,42,false,adj,tier1_ngsl_general+ngsl_rank_1779+grade_estimate_7,intermediate,intermediate,4.03,29.873,9.901,intermediate_seed,intermediate_6_to_8.csv
pursue,7,6-8,intermediate_6_to_8,1784,42,false,v,tier1_ngsl_general+ngsl_rank_1784+grade_estimate_7,intermediate,intermediate,4.83,29.873,9.201,intermediate_seed,intermediate_6_to_8.csv
enemy,7,6-8,intermediate_6_to_8,1787,42,false,n,tier1_ngsl_general+ngsl_rank_1787+grade_estimate_7,intermediate,intermediate,4.83,29.873,9.201,intermediate_seed,intermediate_6_to_8.csv
talent,7,6-8,intermediate_6_to_8,1790,42,false,adj,tier1_ngsl_general+ngsl_rank_1790+grade_estimate_7,intermediate,intermediate,4.83,29.873,9.201,intermediate_seed,intermediate_6_to_8.csv
prior,7,6-8,intermediate_6_to_8,1792,42,false,n,tier1_ngsl_general+ngsl_rank_1792+grade_estimate_7,intermediate,intermediate,4.83,29.873,9.201,intermediate_seed,intermediate_6_to_8.csv
online,7,6-8,intermediate_6_to_8,1794,42,false,n,tier1_ngsl_general+ngsl_rank_1794+grade_estimate_7,intermediate,intermediate,4.83,29.873,9.201,intermediate_seed,intermediate_6_to_8.csv
pilot,7,6-8,intermediate_6_to_8,1796,42,false,n,tier1_ngsl_general+ngsl_rank_1796+grade_estimate_7,intermediate,intermediate,4.83,29.873,9.201,intermediate_seed,intermediate_6_to_8.csv
stable,7,6-8,intermediate_6_to_8,1797,42,false,adj,tier1_ngsl_general+ngsl_rank_1797+grade_estimate_7,intermediate,intermediate,4.83,29.873,9.201,intermediate_seed,intermediate_6_to_8.csv
mechanical,7,6-8,intermediate_6_to_8,379,41,true,adj,tier2_nawl_academic+nawl_rank_379+grade_estimate_7,intermediate,intermediate,6.025,29.866,11.895,intermediate_seed,intermediate_6_to_8.csv
injury,7,6-8,intermediate_6_to_8,1801,41,false,n,tier1_ngsl_general+ngsl_rank_1801+grade_estimate_7,intermediate,intermediate,4.825,29.866,9.195,intermediate_seed,intermediate_6_to_8.csv
regional,7,6-8,intermediate_6_to_8,1805,41,false,adj,tier1_ngsl_general+ngsl_rank_1805+grade_estimate_7,intermediate,intermediate,4.025,29.866,9.895,intermediate_seed,intermediate_6_to_8.csv
incident,7,6-8,intermediate_6_to_8,1807,41,false,adj,tier1_ngsl_general+ngsl_rank_1807+grade_estimate_7,intermediate,intermediate,4.025,29.866,9.895,intermediate_seed,intermediate_6_to_8.csv
childhood,7,6-8,intermediate_6_to_8,1808,41,false,n,tier1_ngsl_general+ngsl_rank_1808+grade_estimate_7,intermediate,intermediate,4.025,29.866,9.895,intermediate_seed,intermediate_6_to_8.csv
draft,7,6-8,intermediate_6_to_8,1809,41,false,n,tier1_ngsl_general+ngsl_rank_1809+grade_estimate_7,intermediate,intermediate,4.825,29.866,9.195,intermediate_seed,intermediate_6_to_8.csv
angry,7,6-8,intermediate_6_to_8,1813,41,false,n,tier1_ngsl_general+ngsl_rank_1813+grade_estimate_7,intermediate,intermediate,4.825,29.866,9.195,intermediate_seed,intermediate_6_to_8.csv
salary,7,6-8,intermediate_6_to_8,1816,41,false,adj,tier1_ngsl_general+ngsl_rank_1816+grade_estimate_7,intermediate,intermediate,4.825,29.866,9.195,intermediate_seed,intermediate_6_to_8.csv
imply,7,6-8,intermediate_6_to_8,1818,41,false,v,tier1_ngsl_general+ngsl_rank_1818+grade_estimate_7,intermediate,intermediate,4.825,29.866,9.195,intermediate_seed,intermediate_6_to_8.csv
truly,7,6-8,intermediate_6_to_8,1825,41,false,adv,tier1_ngsl_general+ngsl_rank_1825+grade_estimate_7,intermediate,intermediate,4.825,29.866,9.195,intermediate_seed,intermediate_6_to_8.csv
emotional,7,6-8,intermediate_6_to_8,1831,41,false,adj,tier1_ngsl_general+ngsl_rank_1831+grade_estimate_7,intermediate,intermediate,4.025,29.866,9.895,intermediate_seed,intermediate_6_to_8.csv
sponsorship,8,6-8,intermediate_6_to_8,946,2,true,n,tier2_nawl_academic+nawl_rank_946+grade_estimate_8,intermediate,intermediate,5.648,29.863,14.355,intermediate_seed,intermediate_6_to_8.csv
purely,7,6-8,intermediate_6_to_8,382,40,true,adv,tier2_nawl_academic+nawl_rank_382+grade_estimate_7,intermediate,intermediate,6.819,29.859,11.189,intermediate_seed,intermediate_6_to_8.csv
problematic,7,6-8,intermediate_6_to_8,385,40,true,adj,tier2_nawl_academic+nawl_rank_385+grade_estimate_7,intermediate,intermediate,6.019,29.859,13.389,intermediate_seed,intermediate_6_to_8.csv
linguistics,7,6-8,intermediate_6_to_8,387,40,true,n,tier2_nawl_academic+nawl_rank_387+grade_estimate_7,intermediate,intermediate,6.019,29.859,13.389,intermediate_seed,intermediate_6_to_8.csv
ethics,7,6-8,intermediate_6_to_8,390,40,true,n,tier2_nawl_academic+nawl_rank_390+grade_estimate_7,intermediate,intermediate,6.819,29.859,11.189,intermediate_seed,intermediate_6_to_8.csv
aircraft,7,6-8,intermediate_6_to_8,1832,40,false,n,tier1_ngsl_general+ngsl_rank_1832+grade_estimate_7,intermediate,intermediate,4.019,29.859,9.889,intermediate_seed,intermediate_6_to_8.csv
effectively,7,6-8,intermediate_6_to_8,1842,40,false,adv,tier1_ngsl_general+ngsl_rank_1842+grade_estimate_7,intermediate,intermediate,4.019,29.859,11.389,intermediate_seed,intermediate_6_to_8.csv
elsewhere,7,6-8,intermediate_6_to_8,1843,40,false,n,tier1_ngsl_general+ngsl_rank_1843+grade_estimate_7,intermediate,intermediate,4.019,29.859,9.889,intermediate_seed,intermediate_6_to_8.csv
discipline,7,6-8,intermediate_6_to_8,1852,40,false,n,tier1_ngsl_general+ngsl_rank_1852+grade_estimate_7,intermediate,intermediate,4.019,29.859,9.889,intermediate_seed,intermediate_6_to_8.csv
disappoint,7,6-8,intermediate_6_to_8,1853,40,false,n,tier1_ngsl_general+ngsl_rank_1853+grade_estimate_7,intermediate,intermediate,4.019,29.859,9.889,intermediate_seed,intermediate_6_to_8.csv
freeze,7,6-8,intermediate_6_to_8,1856,40,false,n,tier1_ngsl_general+ngsl_rank_1856+grade_estimate_7,intermediate,intermediate,4.819,29.859,9.189,intermediate_seed,intermediate_6_to_8.csv
forth,7,6-8,intermediate_6_to_8,1860,40,false,n,tier1_ngsl_general+ngsl_rank_1860+grade_estimate_7,intermediate,intermediate,4.819,29.859,9.189,intermediate_seed,intermediate_6_to_8.csv
static,7,6-8,intermediate_6_to_8,392,39,true,adj,tier2_nawl_academic+nawl_rank_392+grade_estimate_7,intermediate,intermediate,6.814,29.852,11.183,intermediate_seed,intermediate_6_to_8.csv
straightforward,7,6-8,intermediate_6_to_8,395,39,true,n,tier2_nawl_academic+nawl_rank_395+grade_estimate_7,intermediate,intermediate,6.014,29.852,13.383,intermediate_seed,intermediate_6_to_8.csv
separately,7,6-8,intermediate_6_to_8,397,39,true,adv,tier2_nawl_academic+nawl_rank_397+grade_estimate_7,intermediate,intermediate,6.014,29.852,11.883,intermediate_seed,intermediate_6_to_8.csv
democracy,7,6-8,intermediate_6_to_8,1864,39,false,n,tier1_ngsl_general+ngsl_rank_1864+grade_estimate_7,intermediate,intermediate,4.014,29.852,9.883,intermediate_seed,intermediate_6_to_8.csv
pocket,7,6-8,intermediate_6_to_8,1865,39,false,n,tier1_ngsl_general+ngsl_rank_1865+grade_estimate_7,intermediate,intermediate,4.814,29.852,9.183,intermediate_seed,intermediate_6_to_8.csv
lucky,7,6-8,intermediate_6_to_8,1866,39,false,n,tier1_ngsl_general+ngsl_rank_1866+grade_estimate_7,intermediate,intermediate,4.814,29.852,9.183,intermediate_seed,intermediate_6_to_8.csv
defend,7,6-8,intermediate_6_to_8,1874,39,false,n,tier1_ngsl_general+ngsl_rank_1874+grade_estimate_7,intermediate,intermediate,4.814,29.852,9.183,intermediate_seed,intermediate_6_to_8.csv
collapse,7,6-8,intermediate_6_to_8,1879,39,false,n,tier1_ngsl_general+ngsl_rank_1879+grade_estimate_7,intermediate,intermediate,4.014,29.852,9.883,intermediate_seed,intermediate_6_to_8.csv
borrow,7,6-8,intermediate_6_to_8,1880,39,false,n,tier1_ngsl_general+ngsl_rank_1880+grade_estimate_7,intermediate,intermediate,4.814,29.852,9.183,intermediate_seed,intermediate_6_to_8.csv
fundamental,7,6-8,intermediate_6_to_8,1881,39,false,adj,tier1_ngsl_general+ngsl_rank_1881+grade_estimate_7,intermediate,intermediate,4.014,29.852,11.383,intermediate_seed,intermediate_6_to_8.csv
abroad,7,6-8,intermediate_6_to_8,1883,39,false,n,tier1_ngsl_general+ngsl_rank_1883+grade_estimate_7,intermediate,intermediate,4.814,29.852,9.183,intermediate_seed,intermediate_6_to_8.csv
defeat,7,6-8,intermediate_6_to_8,1886,39,false,n,tier1_ngsl_general+ngsl_rank_1886+grade_estimate_7,intermediate,intermediate,4.814,29.852,9.183,intermediate_seed,intermediate_6_to_8.csv
presidential,7,6-8,intermediate_6_to_8,1887,39,false,adj,tier1_ngsl_general+ngsl_rank_1887+grade_estimate_7,intermediate,intermediate,4.014,29.852,11.383,intermediate_seed,intermediate_6_to_8.csv
perfectly,7,6-8,intermediate_6_to_8,1888,39,false,adv,tier1_ngsl_general+ngsl_rank_1888+grade_estimate_7,intermediate,intermediate,4.014,29.852,9.883,intermediate_seed,intermediate_6_to_8.csv
enhance,7,6-8,intermediate_6_to_8,1889,39,false,v,tier1_ngsl_general+ngsl_rank_1889+grade_estimate_7,intermediate,intermediate,4.014,29.852,10.583,intermediate_seed,intermediate_6_to_8.csv
proud,7,6-8,intermediate_6_to_8,1890,39,false,n,tier1_ngsl_general+ngsl_rank_1890+grade_estimate_7,intermediate,intermediate,4.814,29.852,9.183,intermediate_seed,intermediate_6_to_8.csv
emergency,7,6-8,intermediate_6_to_8,1891,39,false,n,tier1_ngsl_general+ngsl_rank_1891+grade_estimate_7,intermediate,intermediate,4.014,29.852,9.883,intermediate_seed,intermediate_6_to_8.csv
educational,7,6-8,intermediate_6_to_8,1892,39,false,adj,tier1_ngsl_general+ngsl_rank_1892+grade_estimate_7,intermediate,intermediate,4.014,29.852,11.383,intermediate_seed,intermediate_6_to_8.csv
distinguish,7,6-8,intermediate_6_to_8,1893,39,false,adj,tier1_ngsl_general+ngsl_rank_1893+grade_estimate_7,intermediate,intermediate,4.014,29.852,11.383,intermediate_seed,intermediate_6_to_8.csv
substantial,7,6-8,intermediate_6_to_8,1894,39,false,adj,tier1_ngsl_general+ngsl_rank_1894+grade_estimate_7,intermediate,intermediate,4.014,29.852,11.383,intermediate_seed,intermediate_6_to_8.csv
relationship,6,6-8,intermediate_6_to_8,502,196,false,n,tier1_ngsl_general+ngsl_rank_502+grade_estimate_6,intermediate,intermediate,8.388,29.851,11.22,intermediate_seed,intermediate_6_to_8.csv
peripheral,7,6-8,intermediate_6_to_8,401,38,true,adj,tier2_nawl_academic+nawl_rank_401+grade_estimate_7,intermediate,intermediate,6.009,29.845,11.877,intermediate_seed,intermediate_6_to_8.csv
clone,7,6-8,intermediate_6_to_8,405,38,true,n,tier2_nawl_academic+nawl_rank_405+grade_estimate_7,intermediate,intermediate,6.809,29.845,11.177,intermediate_seed,intermediate_6_to_8.csv
nearby,7,6-8,intermediate_6_to_8,1895,38,false,n,tier1_ngsl_general+ngsl_rank_1895+grade_estimate_7,intermediate,intermediate,4.809,29.845,9.177,intermediate_seed,intermediate_6_to_8.csv
manufacturer,7,6-8,intermediate_6_to_8,1896,38,false,n,tier1_ngsl_general+ngsl_rank_1896+grade_estimate_7,intermediate,intermediate,4.009,29.845,11.377,intermediate_seed,intermediate_6_to_8.csv
breast,7,6-8,intermediate_6_to_8,1900,38,false,n,tier1_ngsl_general+ngsl_rank_1900+grade_estimate_7,intermediate,intermediate,4.809,29.845,9.177,intermediate_seed,intermediate_6_to_8.csv
approximately,7,6-8,intermediate_6_to_8,1902,38,false,adv,tier1_ngsl_general+ngsl_rank_1902+grade_estimate_7,intermediate,intermediate,4.009,29.845,11.377,intermediate_seed,intermediate_6_to_8.csv
highlight,7,6-8,intermediate_6_to_8,1904,38,false,n,tier1_ngsl_general+ngsl_rank_1904+grade_estimate_7,intermediate,intermediate,4.009,29.845,9.877,intermediate_seed,intermediate_6_to_8.csv
reporter,7,6-8,intermediate_6_to_8,1905,38,false,n,tier1_ngsl_general+ngsl_rank_1905+grade_estimate_7,intermediate,intermediate,4.009,29.845,9.877,intermediate_seed,intermediate_6_to_8.csv
winner,7,6-8,intermediate_6_to_8,1911,38,false,n,tier1_ngsl_general+ngsl_rank_1911+grade_estimate_7,intermediate,intermediate,4.809,29.845,9.177,intermediate_seed,intermediate_6_to_8.csv
excuse,7,6-8,intermediate_6_to_8,1915,38,false,n,tier1_ngsl_general+ngsl_rank_1915+grade_estimate_7,intermediate,intermediate,4.809,29.845,9.177,intermediate_seed,intermediate_6_to_8.csv
partly,7,6-8,intermediate_6_to_8,1916,38,false,adv,tier1_ngsl_general+ngsl_rank_1916+grade_estimate_7,intermediate,intermediate,4.809,29.845,9.177,intermediate_seed,intermediate_6_to_8.csv
tennis,7,6-8,intermediate_6_to_8,1917,38,false,n,tier1_ngsl_general+ngsl_rank_1917+grade_estimate_7,intermediate,intermediate,4.809,29.845,9.177,intermediate_seed,intermediate_6_to_8.csv
output,7,6-8,intermediate_6_to_8,1921,38,false,n,tier1_ngsl_general+ngsl_rank_1921+grade_estimate_7,intermediate,intermediate,4.809,29.845,9.177,intermediate_seed,intermediate_6_to_8.csv
beauty,7,6-8,intermediate_6_to_8,1922,38,false,n,tier1_ngsl_general+ngsl_rank_1922+grade_estimate_7,intermediate,intermediate,4.809,29.845,9.177,intermediate_seed,intermediate_6_to_8.csv
massive,7,6-8,intermediate_6_to_8,1923,38,false,adj,tier1_ngsl_general+ngsl_rank_1923+grade_estimate_7,intermediate,intermediate,4.009,29.845,10.577,intermediate_seed,intermediate_6_to_8.csv
mouse,7,6-8,intermediate_6_to_8,1926,38,false,n,tier1_ngsl_general+ngsl_rank_1926+grade_estimate_7,intermediate,intermediate,4.809,29.845,9.177,intermediate_seed,intermediate_6_to_8.csv
mathematics,7,6-8,intermediate_6_to_8,1927,38,false,n,tier1_ngsl_general+ngsl_rank_1927+grade_estimate_7,intermediate,intermediate,4.009,29.845,11.377,intermediate_seed,intermediate_6_to_8.csv
upper,7,6-8,intermediate_6_to_8,1928,38,false,n,tier1_ngsl_general+ngsl_rank_1928+grade_estimate_7,intermediate,intermediate,4.809,29.845,9.177,intermediate_seed,intermediate_6_to_8.csv
occupy,7,6-8,intermediate_6_to_8,1930,38,false,v,tier1_ngsl_general+ngsl_rank_1930+grade_estimate_7,intermediate,intermediate,4.809,29.845,9.177,intermediate_seed,intermediate_6_to_8.csv
sufficient,7,6-8,intermediate_6_to_8,1932,38,false,adj,tier1_ngsl_general+ngsl_rank_1932+grade_estimate_7,intermediate,intermediate,4.009,29.845,9.877,intermediate_seed,intermediate_6_to_8.csv
preserve,7,6-8,intermediate_6_to_8,1935,38,false,n,tier1_ngsl_general+ngsl_rank_1935+grade_estimate_7,intermediate,intermediate,4.009,29.845,9.877,intermediate_seed,intermediate_6_to_8.csv
swing,7,6-8,intermediate_6_to_8,1937,38,false,v,tier1_ngsl_general+ngsl_rank_1937+grade_estimate_7,intermediate,intermediate,4.809,29.845,9.177,intermediate_seed,intermediate_6_to_8.csv
sudden,7,6-8,intermediate_6_to_8,1940,38,false,v,tier1_ngsl_general+ngsl_rank_1940+grade_estimate_7,intermediate,intermediate,4.809,29.845,9.177,intermediate_seed,intermediate_6_to_8.csv
consistent,7,6-8,intermediate_6_to_8,1942,38,false,adj,tier1_ngsl_general+ngsl_rank_1942+grade_estimate_7,intermediate,intermediate,4.009,29.845,9.877,intermediate_seed,intermediate_6_to_8.csv
organization,6,6-8,intermediate_6_to_8,512,191,false,n,tier1_ngsl_general+ngsl_rank_512+grade_estimate_6,intermediate,intermediate,8.382,29.843,11.212,intermediate_seed,intermediate_6_to_8.csv
opportunity,6,6-8,intermediate_6_to_8,520,189,false,n,tier1_ngsl_general+ngsl_rank_520+grade_estimate_6,intermediate,intermediate,8.379,29.839,11.209,intermediate_seed,intermediate_6_to_8.csv
orient,7,6-8,intermediate_6_to_8,406,37,true,adj,tier2_nawl_academic+nawl_rank_406+grade_estimate_7,intermediate,intermediate,6.803,29.838,11.17,intermediate_seed,intermediate_6_to_8.csv
insert,7,6-8,intermediate_6_to_8,409,37,true,v,tier2_nawl_academic+nawl_rank_409+grade_estimate_7,intermediate,intermediate,6.803,29.838,11.17,intermediate_seed,intermediate_6_to_8.csv
decay,7,6-8,intermediate_6_to_8,415,37,true,n,tier2_nawl_academic+nawl_rank_415+grade_estimate_7,intermediate,intermediate,6.803,29.838,11.17,intermediate_seed,intermediate_6_to_8.csv
thickness,7,6-8,intermediate_6_to_8,417,37,true,n,tier2_nawl_academic+nawl_rank_417+grade_estimate_7,intermediate,intermediate,6.003,29.838,11.87,intermediate_seed,intermediate_6_to_8.csv
offspring,7,6-8,intermediate_6_to_8,420,37,true,v,tier2_nawl_academic+nawl_rank_420+grade_estimate_7,intermediate,intermediate,6.003,29.838,11.87,intermediate_seed,intermediate_6_to_8.csv
resemble,7,6-8,intermediate_6_to_8,421,37,true,n,tier2_nawl_academic+nawl_rank_421+grade_estimate_7,intermediate,intermediate,6.003,29.838,11.87,intermediate_seed,intermediate_6_to_8.csv
originally,7,6-8,intermediate_6_to_8,1943,37,false,adv,tier1_ngsl_general+ngsl_rank_1943+grade_estimate_7,intermediate,intermediate,4.003,29.838,9.87,intermediate_seed,intermediate_6_to_8.csv
aside,7,6-8,intermediate_6_to_8,1944,37,false,n,tier1_ngsl_general+ngsl_rank_1944+grade_estimate_7,intermediate,intermediate,4.803,29.838,9.17,intermediate_seed,intermediate_6_to_8.csv
secondly,7,6-8,intermediate_6_to_8,1946,37,false,adv,tier1_ngsl_general+ngsl_rank_1946+grade_estimate_7,intermediate,intermediate,4.003,29.838,9.87,intermediate_seed,intermediate_6_to_8.csv
severe,7,6-8,intermediate_6_to_8,1947,37,false,n,tier1_ngsl_general+ngsl_rank_1947+grade_estimate_7,intermediate,intermediate,4.803,29.838,9.17,intermediate_seed,intermediate_6_to_8.csv
prospect,7,6-8,intermediate_6_to_8,1949,37,false,n,tier1_ngsl_general+ngsl_rank_1949+grade_estimate_7,intermediate,intermediate,4.003,29.838,9.87,intermediate_seed,intermediate_6_to_8.csv
primarily,7,6-8,intermediate_6_to_8,1954,37,false,adv,tier1_ngsl_general+ngsl_rank_1954+grade_estimate_7,intermediate,intermediate,4.003,29.838,9.87,intermediate_seed,intermediate_6_to_8.csv
plain,7,6-8,intermediate_6_to_8,1961,37,false,n,tier1_ngsl_general+ngsl_rank_1961+grade_estimate_7,intermediate,intermediate,4.803,29.838,9.17,intermediate_seed,intermediate_6_to_8.csv
silence,7,6-8,intermediate_6_to_8,1967,37,false,n,tier1_ngsl_general+ngsl_rank_1967+grade_estimate_7,intermediate,intermediate,4.003,29.838,10.57,intermediate_seed,intermediate_6_to_8.csv
efficient,7,6-8,intermediate_6_to_8,1969,37,false,adj,tier1_ngsl_general+ngsl_rank_1969+grade_estimate_7,intermediate,intermediate,4.003,29.838,9.87,intermediate_seed,intermediate_6_to_8.csv
correctly,7,6-8,intermediate_6_to_8,423,36,true,adv,tier2_nawl_academic+nawl_rank_423+grade_estimate_7,intermediate,intermediate,5.998,29.83,11.864,intermediate_seed,intermediate_6_to_8.csv
metaphor,7,6-8,intermediate_6_to_8,425,36,true,n,tier2_nawl_academic+nawl_rank_425+grade_estimate_7,intermediate,intermediate,5.998,29.83,11.864,intermediate_seed,intermediate_6_to_8.csv
tract,7,6-8,intermediate_6_to_8,426,36,true,n,tier2_nawl_academic+nawl_rank_426+grade_estimate_7,intermediate,intermediate,6.798,29.83,11.164,intermediate_seed,intermediate_6_to_8.csv
liver,7,6-8,intermediate_6_to_8,427,36,true,n,tier2_nawl_academic+nawl_rank_427+grade_estimate_7,intermediate,intermediate,6.798,29.83,11.164,intermediate_seed,intermediate_6_to_8.csv
valve,7,6-8,intermediate_6_to_8,435,36,true,n,tier2_nawl_academic+nawl_rank_435+grade_estimate_7,intermediate,intermediate,6.798,29.83,11.164,intermediate_seed,intermediate_6_to_8.csv
dramatic,7,6-8,intermediate_6_to_8,1975,36,false,adj,tier1_ngsl_general+ngsl_rank_1975+grade_estimate_7,intermediate,intermediate,3.998,29.83,9.864,intermediate_seed,intermediate_6_to_8.csv
differ,7,6-8,intermediate_6_to_8,1976,36,false,n,tier1_ngsl_general+ngsl_rank_1976+grade_estimate_7,intermediate,intermediate,4.798,29.83,9.164,intermediate_seed,intermediate_6_to_8.csv
distribute,7,6-8,intermediate_6_to_8,1980,36,false,v,tier1_ngsl_general+ngsl_rank_1980+grade_estimate_7,intermediate,intermediate,3.998,29.83,9.864,intermediate_seed,intermediate_6_to_8.csv
intellectual,7,6-8,intermediate_6_to_8,1981,36,false,adj,tier1_ngsl_general+ngsl_rank_1981+grade_estimate_7,intermediate,intermediate,3.998,29.83,11.364,intermediate_seed,intermediate_6_to_8.csv
gentleman,7,6-8,intermediate_6_to_8,1990,36,false,n,tier1_ngsl_general+ngsl_rank_1990+grade_estimate_7,intermediate,intermediate,3.998,29.83,9.864,intermediate_seed,intermediate_6_to_8.csv
educate,7,6-8,intermediate_6_to_8,1993,36,false,v,tier1_ngsl_general+ngsl_rank_1993+grade_estimate_7,intermediate,intermediate,3.998,29.83,10.564,intermediate_seed,intermediate_6_to_8.csv
minor,7,6-8,intermediate_6_to_8,1997,36,false,n,tier1_ngsl_general+ngsl_rank_1997+grade_estimate_7,intermediate,intermediate,4.798,29.83,9.164,intermediate_seed,intermediate_6_to_8.csv
supplier,7,6-8,intermediate_6_to_8,2004,36,false,n,tier1_ngsl_general+ngsl_rank_2004+grade_estimate_7,intermediate,intermediate,3.998,29.83,9.864,intermediate_seed,intermediate_6_to_8.csv
typically,7,6-8,intermediate_6_to_8,2006,36,false,adv,tier1_ngsl_general+ngsl_rank_2006+grade_estimate_7,intermediate,intermediate,3.998,29.83,9.864,intermediate_seed,intermediate_6_to_8.csv
pension,7,6-8,intermediate_6_to_8,2008,36,false,n,tier1_ngsl_general+ngsl_rank_2008+grade_estimate_7,intermediate,intermediate,3.998,29.83,10.564,intermediate_seed,intermediate_6_to_8.csv
deeply,7,6-8,intermediate_6_to_8,2012,36,false,adv,tier1_ngsl_general+ngsl_rank_2012+grade_estimate_7,intermediate,intermediate,4.798,29.83,9.164,intermediate_seed,intermediate_6_to_8.csv
security,6,6-8,intermediate_6_to_8,541,180,false,n,tier1_ngsl_general+ngsl_rank_541+grade_estimate_6,intermediate,intermediate,8.367,29.823,9.695,intermediate_seed,intermediate_6_to_8.csv
monetary,7,6-8,intermediate_6_to_8,438,35,true,adj,tier2_nawl_academic+nawl_rank_438+grade_estimate_7,intermediate,intermediate,5.992,29.823,11.857,intermediate_seed,intermediate_6_to_8.csv
likewise,7,6-8,intermediate_6_to_8,440,35,true,v,tier2_nawl_academic+nawl_rank_440+grade_estimate_7,intermediate,intermediate,5.992,29.823,11.857,intermediate_seed,intermediate_6_to_8.csv
donor,7,6-8,intermediate_6_to_8,443,35,true,n,tier2_nawl_academic+nawl_rank_443+grade_estimate_7,intermediate,intermediate,6.792,29.823,11.157,intermediate_seed,intermediate_6_to_8.csv
elevate,7,6-8,intermediate_6_to_8,447,35,true,v,tier2_nawl_academic+nawl_rank_447+grade_estimate_7,intermediate,intermediate,5.992,29.823,12.557,intermediate_seed,intermediate_6_to_8.csv
respectively,7,6-8,intermediate_6_to_8,2018,35,false,adv,tier1_ngsl_general+ngsl_rank_2018+grade_estimate_7,intermediate,intermediate,3.992,29.823,11.357,intermediate_seed,intermediate_6_to_8.csv
ultimately,7,6-8,intermediate_6_to_8,2020,35,false,adv,tier1_ngsl_general+ngsl_rank_2020+grade_estimate_7,intermediate,intermediate,3.992,29.823,9.857,intermediate_seed,intermediate_6_to_8.csv
proof,7,6-8,intermediate_6_to_8,2021,35,false,n,tier1_ngsl_general+ngsl_rank_2021+grade_estimate_7,intermediate,intermediate,4.792,29.823,9.157,intermediate_seed,intermediate_6_to_8.csv
smart,7,6-8,intermediate_6_to_8,2023,35,false,n,tier1_ngsl_general+ngsl_rank_2023+grade_estimate_7,intermediate,intermediate,4.792,29.823,9.157,intermediate_seed,intermediate_6_to_8.csv
layer,7,6-8,intermediate_6_to_8,2024,35,false,n,tier1_ngsl_general+ngsl_rank_2024+grade_estimate_7,intermediate,intermediate,4.792,29.823,9.157,intermediate_seed,intermediate_6_to_8.csv
upset,7,6-8,intermediate_6_to_8,2025,35,false,n,tier1_ngsl_general+ngsl_rank_2025+grade_estimate_7,intermediate,intermediate,4.792,29.823,9.157,intermediate_seed,intermediate_6_to_8.csv
agenda,7,6-8,intermediate_6_to_8,2030,35,false,n,tier1_ngsl_general+ngsl_rank_2030+grade_estimate_7,intermediate,intermediate,4.792,29.823,9.157,intermediate_seed,intermediate_6_to_8.csv
emphasis,7,6-8,intermediate_6_to_8,2031,35,false,n,tier1_ngsl_general+ngsl_rank_2031+grade_estimate_7,intermediate,intermediate,3.992,29.823,9.857,intermediate_seed,intermediate_6_to_8.csv
edition,7,6-8,intermediate_6_to_8,2032,35,false,n,tier1_ngsl_general+ngsl_rank_2032+grade_estimate_7,intermediate,intermediate,3.992,29.823,10.557,intermediate_seed,intermediate_6_to_8.csv
silver,7,6-8,intermediate_6_to_8,2033,35,false,n,tier1_ngsl_general+ngsl_rank_2033+grade_estimate_7,intermediate,intermediate,4.792,29.823,9.157,intermediate_seed,intermediate_6_to_8.csv
honest,7,6-8,intermediate_6_to_8,2035,35,false,n,tier1_ngsl_general+ngsl_rank_2035+grade_estimate_7,intermediate,intermediate,4.792,29.823,9.157,intermediate_seed,intermediate_6_to_8.csv
undertake,7,6-8,intermediate_6_to_8,2036,35,false,n,tier1_ngsl_general+ngsl_rank_2036+grade_estimate_7,intermediate,intermediate,3.992,29.823,9.857,intermediate_seed,intermediate_6_to_8.csv
retail,7,6-8,intermediate_6_to_8,2037,35,false,n,tier1_ngsl_general+ngsl_rank_2037+grade_estimate_7,intermediate,intermediate,4.792,29.823,9.157,intermediate_seed,intermediate_6_to_8.csv
unlikely,7,6-8,intermediate_6_to_8,2039,35,false,adv,tier1_ngsl_general+ngsl_rank_2039+grade_estimate_7,intermediate,intermediate,3.992,29.823,9.857,intermediate_seed,intermediate_6_to_8.csv
slight,7,6-8,intermediate_6_to_8,2042,35,false,n,tier1_ngsl_general+ngsl_rank_2042+grade_estimate_7,intermediate,intermediate,4.792,29.823,9.157,intermediate_seed,intermediate_6_to_8.csv
framework,7,6-8,intermediate_6_to_8,2044,35,false,n,tier1_ngsl_general+ngsl_rank_2044+grade_estimate_7,intermediate,intermediate,3.992,29.823,9.857,intermediate_seed,intermediate_6_to_8.csv
restrict,7,6-8,intermediate_6_to_8,2046,35,false,v,tier1_ngsl_general+ngsl_rank_2046+grade_estimate_7,intermediate,intermediate,3.992,29.823,9.857,intermediate_seed,intermediate_6_to_8.csv
equivalent,7,6-8,intermediate_6_to_8,2049,35,false,adj,tier1_ngsl_general+ngsl_rank_2049+grade_estimate_7,intermediate,intermediate,3.992,29.823,9.857,intermediate_seed,intermediate_6_to_8.csv
enterprise,7,6-8,intermediate_6_to_8,2051,35,false,v,tier1_ngsl_general+ngsl_rank_2051+grade_estimate_7,intermediate,intermediate,3.992,29.823,9.857,intermediate_seed,intermediate_6_to_8.csv
governor,7,6-8,intermediate_6_to_8,2054,35,false,n,tier1_ngsl_general+ngsl_rank_2054+grade_estimate_7,intermediate,intermediate,3.992,29.823,9.857,intermediate_seed,intermediate_6_to_8.csv
nitrogen,7,6-8,intermediate_6_to_8,451,34,true,v,tier2_nawl_academic+nawl_rank_451+grade_estimate_7,intermediate,intermediate,5.986,29.815,11.85,intermediate_seed,intermediate_6_to_8.csv
plausible,7,6-8,intermediate_6_to_8,451,34,true,adj,tier2_nawl_academic+nawl_rank_451+grade_estimate_7,intermediate,intermediate,5.986,29.815,11.85,intermediate_seed,intermediate_6_to_8.csv
controversy,7,6-8,intermediate_6_to_8,454,34,true,n,tier2_nawl_academic+nawl_rank_454+grade_estimate_7,intermediate,intermediate,5.986,29.815,13.35,intermediate_seed,intermediate_6_to_8.csv
wheat,7,6-8,intermediate_6_to_8,455,34,true,n,tier2_nawl_academic+nawl_rank_455+grade_estimate_7,intermediate,intermediate,6.786,29.815,11.15,intermediate_seed,intermediate_6_to_8.csv
manual,7,6-8,intermediate_6_to_8,457,34,true,adj,tier2_nawl_academic+nawl_rank_457+grade_estimate_7,intermediate,intermediate,6.786,29.815,11.15,intermediate_seed,intermediate_6_to_8.csv
pitch,7,6-8,intermediate_6_to_8,2057,34,false,n,tier1_ngsl_general+ngsl_rank_2057+grade_estimate_7,intermediate,intermediate,4.786,29.815,9.15,intermediate_seed,intermediate_6_to_8.csv
contemporary,7,6-8,intermediate_6_to_8,2059,34,false,adj,tier1_ngsl_general+ngsl_rank_2059+grade_estimate_7,intermediate,intermediate,3.986,29.815,11.35,intermediate_seed,intermediate_6_to_8.csv
gate,7,6-8,intermediate_6_to_8,2060,34,false,v,tier1_ngsl_general+ngsl_rank_2060+grade_estimate_7,intermediate,intermediate,5.786,29.815,10.55,intermediate_seed,intermediate_6_to_8.csv
crack,7,6-8,intermediate_6_to_8,2068,34,false,n,tier1_ngsl_general+ngsl_rank_2068+grade_estimate_7,intermediate,intermediate,4.786,29.815,9.15,intermediate_seed,intermediate_6_to_8.csv
submit,7,6-8,intermediate_6_to_8,2070,34,false,n,tier1_ngsl_general+ngsl_rank_2070+grade_estimate_7,intermediate,intermediate,4.786,29.815,9.15,intermediate_seed,intermediate_6_to_8.csv
virtually,7,6-8,intermediate_6_to_8,2072,34,false,adv,tier1_ngsl_general+ngsl_rank_2072+grade_estimate_7,intermediate,intermediate,3.986,29.815,9.85,intermediate_seed,intermediate_6_to_8.csv
coverage,7,6-8,intermediate_6_to_8,2074,34,false,n,tier1_ngsl_general+ngsl_rank_2074+grade_estimate_7,intermediate,intermediate,3.986,29.815,9.85,intermediate_seed,intermediate_6_to_8.csv
tension,7,6-8,intermediate_6_to_8,2075,34,false,n,tier1_ngsl_general+ngsl_rank_2075+grade_estimate_7,intermediate,intermediate,3.986,29.815,10.55,intermediate_seed,intermediate_6_to_8.csv
input,7,6-8,intermediate_6_to_8,2079,34,false,n,tier1_ngsl_general+ngsl_rank_2079+grade_estimate_7,intermediate,intermediate,4.786,29.815,9.15,intermediate_seed,intermediate_6_to_8.csv
isolate,7,6-8,intermediate_6_to_8,2080,34,false,v,tier1_ngsl_general+ngsl_rank_2080+grade_estimate_7,intermediate,intermediate,3.986,29.815,10.55,intermediate_seed,intermediate_6_to_8.csv
prisoner,7,6-8,intermediate_6_to_8,2081,34,false,n,tier1_ngsl_general+ngsl_rank_2081+grade_estimate_7,intermediate,intermediate,3.986,29.815,9.85,intermediate_seed,intermediate_6_to_8.csv
secondary,7,6-8,intermediate_6_to_8,2085,34,false,adj,tier1_ngsl_general+ngsl_rank_2085+grade_estimate_7,intermediate,intermediate,3.986,29.815,9.85,intermediate_seed,intermediate_6_to_8.csv
performance,6,6-8,intermediate_6_to_8,559,172,false,n,tier1_ngsl_general+ngsl_rank_559+grade_estimate_6,intermediate,intermediate,8.356,29.808,11.182,intermediate_seed,intermediate_6_to_8.csv
technology,6,6-8,intermediate_6_to_8,563,172,false,n,tier1_ngsl_general+ngsl_rank_563+grade_estimate_6,intermediate,intermediate,8.356,29.808,9.682,intermediate_seed,intermediate_6_to_8.csv
strategic,7,6-8,intermediate_6_to_8,458,33,true,adj,tier2_nawl_academic+nawl_rank_458+grade_estimate_7,intermediate,intermediate,5.98,29.807,11.843,intermediate_seed,intermediate_6_to_8.csv
absorb,7,6-8,intermediate_6_to_8,460,33,true,v,tier2_nawl_academic+nawl_rank_460+grade_estimate_7,intermediate,intermediate,6.78,29.807,11.143,intermediate_seed,intermediate_6_to_8.csv
lifetime,7,6-8,intermediate_6_to_8,463,33,true,n,tier2_nawl_academic+nawl_rank_463+grade_estimate_7,intermediate,intermediate,5.98,29.807,11.843,intermediate_seed,intermediate_6_to_8.csv
binary,7,6-8,intermediate_6_to_8,464,33,true,adj,tier2_nawl_academic+nawl_rank_464+grade_estimate_7,intermediate,intermediate,6.78,29.807,11.143,intermediate_seed,intermediate_6_to_8.csv
definite,7,6-8,intermediate_6_to_8,465,33,true,n,tier2_nawl_academic+nawl_rank_465+grade_estimate_7,intermediate,intermediate,5.98,29.807,11.843,intermediate_seed,intermediate_6_to_8.csv
persuade,7,6-8,intermediate_6_to_8,2091,33,false,n,tier1_ngsl_general+ngsl_rank_2091+grade_estimate_7,intermediate,intermediate,3.98,29.807,9.843,intermediate_seed,intermediate_6_to_8.csv
phenomenon,7,6-8,intermediate_6_to_8,2096,33,false,n,tier1_ngsl_general+ngsl_rank_2096+grade_estimate_7,intermediate,intermediate,3.98,29.807,9.843,intermediate_seed,intermediate_6_to_8.csv
false,7,6-8,intermediate_6_to_8,2098,33,false,n,tier1_ngsl_general+ngsl_rank_2098+grade_estimate_7,intermediate,intermediate,4.78,29.807,9.143,intermediate_seed,intermediate_6_to_8.csv
alter,7,6-8,intermediate_6_to_8,2102,33,false,n,tier1_ngsl_general+ngsl_rank_2102+grade_estimate_7,intermediate,intermediate,4.78,29.807,9.143,intermediate_seed,intermediate_6_to_8.csv
stare,7,6-8,intermediate_6_to_8,2106,33,false,n,tier1_ngsl_general+ngsl_rank_2106+grade_estimate_7,intermediate,intermediate,4.78,29.807,9.143,intermediate_seed,intermediate_6_to_8.csv
supporter,7,6-8,intermediate_6_to_8,2109,33,false,n,tier1_ngsl_general+ngsl_rank_2109+grade_estimate_7,intermediate,intermediate,3.98,29.807,9.843,intermediate_seed,intermediate_6_to_8.csv
steady,7,6-8,intermediate_6_to_8,2111,33,false,n,tier1_ngsl_general+ngsl_rank_2111+grade_estimate_7,intermediate,intermediate,4.78,29.807,9.143,intermediate_seed,intermediate_6_to_8.csv
meter,7,6-8,intermediate_6_to_8,2112,33,false,n,tier1_ngsl_general+ngsl_rank_2112+grade_estimate_7,intermediate,intermediate,4.78,29.807,9.143,intermediate_seed,intermediate_6_to_8.csv
disaster,7,6-8,intermediate_6_to_8,2117,33,false,n,tier1_ngsl_general+ngsl_rank_2117+grade_estimate_7,intermediate,intermediate,3.98,29.807,9.843,intermediate_seed,intermediate_6_to_8.csv
devote,7,6-8,intermediate_6_to_8,2120,33,false,n,tier1_ngsl_general+ngsl_rank_2120+grade_estimate_7,intermediate,intermediate,4.78,29.807,9.143,intermediate_seed,intermediate_6_to_8.csv
vital,7,6-8,intermediate_6_to_8,2123,33,false,adj,tier1_ngsl_general+ngsl_rank_2123+grade_estimate_7,intermediate,intermediate,4.78,29.807,9.143,intermediate_seed,intermediate_6_to_8.csv
spare,7,6-8,intermediate_6_to_8,2126,33,false,n,tier1_ngsl_general+ngsl_rank_2126+grade_estimate_7,intermediate,intermediate,4.78,29.807,9.143,intermediate_seed,intermediate_6_to_8.csv
whenever,7,6-8,intermediate_6_to_8,2127,33,false,n,tier1_ngsl_general+ngsl_rank_2127+grade_estimate_7,intermediate,intermediate,3.98,29.807,9.843,intermediate_seed,intermediate_6_to_8.csv
underlie,7,6-8,intermediate_6_to_8,2130,33,false,n,tier1_ngsl_general+ngsl_rank_2130+grade_estimate_7,intermediate,intermediate,3.98,29.807,9.843,intermediate_seed,intermediate_6_to_8.csv
sweep,7,6-8,intermediate_6_to_8,2136,33,false,n,tier1_ngsl_general+ngsl_rank_2136+grade_estimate_7,intermediate,intermediate,4.78,29.807,9.143,intermediate_seed,intermediate_6_to_8.csv
par,6,6-8,intermediate_6_to_8,13,171,true,n,tier2_nawl_academic+nawl_rank_13+grade_estimate_6,intermediate,intermediate,8.155,29.806,11.58,intermediate_seed,intermediate_6_to_8.csv
undermine,7,6-8,intermediate_6_to_8,473,32,true,n,tier2_nawl_academic+nawl_rank_473+grade_estimate_7,intermediate,intermediate,5.974,29.799,11.836,intermediate_seed,intermediate_6_to_8.csv
disadvantage,7,6-8,intermediate_6_to_8,474,32,true,n,tier2_nawl_academic+nawl_rank_474+grade_estimate_7,intermediate,intermediate,5.974,29.799,13.336,intermediate_seed,intermediate_6_to_8.csv
strand,7,6-8,intermediate_6_to_8,476,32,true,n,tier2_nawl_academic+nawl_rank_476+grade_estimate_7,intermediate,intermediate,6.774,29.799,11.136,intermediate_seed,intermediate_6_to_8.csv
anger,7,6-8,intermediate_6_to_8,2140,32,false,n,tier1_ngsl_general+ngsl_rank_2140+grade_estimate_7,intermediate,intermediate,4.774,29.799,9.136,intermediate_seed,intermediate_6_to_8.csv
naturally,7,6-8,intermediate_6_to_8,2143,32,false,adv,tier1_ngsl_general+ngsl_rank_2143+grade_estimate_7,intermediate,intermediate,3.974,29.799,9.836,intermediate_seed,intermediate_6_to_8.csv
currency,7,6-8,intermediate_6_to_8,2144,32,false,n,tier1_ngsl_general+ngsl_rank_2144+grade_estimate_7,intermediate,intermediate,3.974,29.799,9.836,intermediate_seed,intermediate_6_to_8.csv
database,7,6-8,intermediate_6_to_8,2145,32,false,n,tier1_ngsl_general+ngsl_rank_2145+grade_estimate_7,intermediate,intermediate,3.974,29.799,9.836,intermediate_seed,intermediate_6_to_8.csv
initially,7,6-8,intermediate_6_to_8,2146,32,false,adv,tier1_ngsl_general+ngsl_rank_2146+grade_estimate_7,intermediate,intermediate,3.974,29.799,9.836,intermediate_seed,intermediate_6_to_8.csv
territory,7,6-8,intermediate_6_to_8,2147,32,false,n,tier1_ngsl_general+ngsl_rank_2147+grade_estimate_7,intermediate,intermediate,3.974,29.799,9.836,intermediate_seed,intermediate_6_to_8.csv
rarely,7,6-8,intermediate_6_to_8,2149,32,false,adv,tier1_ngsl_general+ngsl_rank_2149+grade_estimate_7,intermediate,intermediate,4.774,29.799,9.136,intermediate_seed,intermediate_6_to_8.csv
apparent,7,6-8,intermediate_6_to_8,2151,32,false,adj,tier1_ngsl_general+ngsl_rank_2151+grade_estimate_7,intermediate,intermediate,3.974,29.799,9.836,intermediate_seed,intermediate_6_to_8.csv
constantly,7,6-8,intermediate_6_to_8,2154,32,false,adv,tier1_ngsl_general+ngsl_rank_2154+grade_estimate_7,intermediate,intermediate,3.974,29.799,9.836,intermediate_seed,intermediate_6_to_8.csv
muscle,7,6-8,intermediate_6_to_8,2155,32,false,n,tier1_ngsl_general+ngsl_rank_2155+grade_estimate_7,intermediate,intermediate,4.774,29.799,9.136,intermediate_seed,intermediate_6_to_8.csv
scare,7,6-8,intermediate_6_to_8,2156,32,false,n,tier1_ngsl_general+ngsl_rank_2156+grade_estimate_7,intermediate,intermediate,4.774,29.799,9.136,intermediate_seed,intermediate_6_to_8.csv
everyday,7,6-8,intermediate_6_to_8,2158,32,false,n,tier1_ngsl_general+ngsl_rank_2158+grade_estimate_7,intermediate,intermediate,3.974,29.799,9.836,intermediate_seed,intermediate_6_to_8.csv
boundary,7,6-8,intermediate_6_to_8,2159,32,false,adj,tier1_ngsl_general+ngsl_rank_2159+grade_estimate_7,intermediate,intermediate,3.974,29.799,9.836,intermediate_seed,intermediate_6_to_8.csv
ratio,7,6-8,intermediate_6_to_8,2160,32,false,n,tier1_ngsl_general+ngsl_rank_2160+grade_estimate_7,intermediate,intermediate,4.774,29.799,9.136,intermediate_seed,intermediate_6_to_8.csv
essay,7,6-8,intermediate_6_to_8,2161,32,false,n,tier1_ngsl_general+ngsl_rank_2161+grade_estimate_7,intermediate,intermediate,4.774,29.799,9.136,intermediate_seed,intermediate_6_to_8.csv
withdraw,7,6-8,intermediate_6_to_8,2163,32,false,n,tier1_ngsl_general+ngsl_rank_2163+grade_estimate_7,intermediate,intermediate,3.974,29.799,9.836,intermediate_seed,intermediate_6_to_8.csv
disorder,7,6-8,intermediate_6_to_8,2165,32,false,n,tier1_ngsl_general+ngsl_rank_2165+grade_estimate_7,intermediate,intermediate,3.974,29.799,9.836,intermediate_seed,intermediate_6_to_8.csv
platform,7,6-8,intermediate_6_to_8,2171,32,false,n,tier1_ngsl_general+ngsl_rank_2171+grade_estimate_7,intermediate,intermediate,3.974,29.799,9.836,intermediate_seed,intermediate_6_to_8.csv
transform,7,6-8,intermediate_6_to_8,2174,32,false,n,tier1_ngsl_general+ngsl_rank_2174+grade_estimate_7,intermediate,intermediate,3.974,29.799,9.836,intermediate_seed,intermediate_6_to_8.csv
ion,6,6-8,intermediate_6_to_8,14,165,true,n,tier2_nawl_academic+nawl_rank_14+grade_estimate_6,intermediate,intermediate,8.146,29.794,11.57,intermediate_seed,intermediate_6_to_8.csv
arrive,6,6-8,intermediate_6_to_8,588,165,false,v,tier1_ngsl_general+ngsl_rank_588+grade_estimate_6,intermediate,intermediate,9.146,29.794,8.97,intermediate_seed,intermediate_6_to_8.csv
evidence,6,6-8,intermediate_6_to_8,592,163,false,n,tier1_ngsl_general+ngsl_rank_592+grade_estimate_6,intermediate,intermediate,8.343,29.79,9.667,intermediate_seed,intermediate_6_to_8.csv
exist,6,6-8,intermediate_6_to_8,593,163,false,v,tier1_ngsl_general+ngsl_rank_593+grade_estimate_6,intermediate,intermediate,9.143,29.79,8.967,intermediate_seed,intermediate_6_to_8.csv
unify,7,6-8,intermediate_6_to_8,477,31,true,v,tier2_nawl_academic+nawl_rank_477+grade_estimate_7,intermediate,intermediate,6.768,29.79,11.129,intermediate_seed,intermediate_6_to_8.csv
randomly,7,6-8,intermediate_6_to_8,478,31,true,adv,tier2_nawl_academic+nawl_rank_478+grade_estimate_7,intermediate,intermediate,5.968,29.79,11.829,intermediate_seed,intermediate_6_to_8.csv
philosopher,7,6-8,intermediate_6_to_8,479,31,true,n,tier2_nawl_academic+nawl_rank_479+grade_estimate_7,intermediate,intermediate,5.968,29.79,13.329,intermediate_seed,intermediate_6_to_8.csv
pronounce,7,6-8,intermediate_6_to_8,480,31,true,n,tier2_nawl_academic+nawl_rank_480+grade_estimate_7,intermediate,intermediate,5.968,29.79,11.829,intermediate_seed,intermediate_6_to_8.csv
workshop,7,6-8,intermediate_6_to_8,481,31,true,n,tier2_nawl_academic+nawl_rank_481+grade_estimate_7,intermediate,intermediate,5.968,29.79,11.829,intermediate_seed,intermediate_6_to_8.csv
meaningful,7,6-8,intermediate_6_to_8,483,31,true,adj,tier2_nawl_academic+nawl_rank_483+grade_estimate_7,intermediate,intermediate,5.968,29.79,11.829,intermediate_seed,intermediate_6_to_8.csv
wavelength,7,6-8,intermediate_6_to_8,484,31,true,n,tier2_nawl_academic+nawl_rank_484+grade_estimate_7,intermediate,intermediate,5.968,29.79,11.829,intermediate_seed,intermediate_6_to_8.csv
diagnose,7,6-8,intermediate_6_to_8,485,31,true,n,tier2_nawl_academic+nawl_rank_485+grade_estimate_7,intermediate,intermediate,5.968,29.79,11.829,intermediate_seed,intermediate_6_to_8.csv
accent,7,6-8,intermediate_6_to_8,486,31,true,n,tier2_nawl_academic+nawl_rank_486+grade_estimate_7,intermediate,intermediate,6.768,29.79,11.129,intermediate_seed,intermediate_6_to_8.csv
realm,7,6-8,intermediate_6_to_8,487,31,true,n,tier2_nawl_academic+nawl_rank_487+grade_estimate_7,intermediate,intermediate,6.768,29.79,11.129,intermediate_seed,intermediate_6_to_8.csv
designer,7,6-8,intermediate_6_to_8,2178,31,false,n,tier1_ngsl_general+ngsl_rank_2178+grade_estimate_7,intermediate,intermediate,3.968,29.79,9.829,intermediate_seed,intermediate_6_to_8.csv
strain,7,6-8,intermediate_6_to_8,2179,31,false,n,tier1_ngsl_general+ngsl_rank_2179+grade_estimate_7,intermediate,intermediate,4.768,29.79,9.129,intermediate_seed,intermediate_6_to_8.csv
album,7,6-8,intermediate_6_to_8,2181,31,false,n,tier1_ngsl_general+ngsl_rank_2181+grade_estimate_7,intermediate,intermediate,4.768,29.79,9.129,intermediate_seed,intermediate_6_to_8.csv
trail,7,6-8,intermediate_6_to_8,2183,31,false,n,tier1_ngsl_general+ngsl_rank_2183+grade_estimate_7,intermediate,intermediate,4.768,29.79,9.129,intermediate_seed,intermediate_6_to_8.csv
wealth,7,6-8,intermediate_6_to_8,2187,31,false,n,tier1_ngsl_general+ngsl_rank_2187+grade_estimate_7,intermediate,intermediate,4.768,29.79,9.129,intermediate_seed,intermediate_6_to_8.csv
gradually,7,6-8,intermediate_6_to_8,2188,31,false,adv,tier1_ngsl_general+ngsl_rank_2188+grade_estimate_7,intermediate,intermediate,3.968,29.79,9.829,intermediate_seed,intermediate_6_to_8.csv
frighten,7,6-8,intermediate_6_to_8,2196,31,false,v,tier1_ngsl_general+ngsl_rank_2196+grade_estimate_7,intermediate,intermediate,3.968,29.79,9.829,intermediate_seed,intermediate_6_to_8.csv
breed,7,6-8,intermediate_6_to_8,2198,31,false,v,tier1_ngsl_general+ngsl_rank_2198+grade_estimate_7,intermediate,intermediate,4.768,29.79,9.129,intermediate_seed,intermediate_6_to_8.csv
extraordinary,7,6-8,intermediate_6_to_8,2199,31,false,adj,tier1_ngsl_general+ngsl_rank_2199+grade_estimate_7,intermediate,intermediate,3.968,29.79,11.329,intermediate_seed,intermediate_6_to_8.csv
awful,8,6-8,intermediate_6_to_8,2206,31,false,adj,tier1_ngsl_general+ngsl_rank_2206+grade_estimate_8,intermediate,intermediate,4.768,29.79,9.129,intermediate_seed,intermediate_6_to_8.csv
adjust,8,6-8,intermediate_6_to_8,2208,31,false,n,tier1_ngsl_general+ngsl_rank_2208+grade_estimate_8,intermediate,intermediate,4.768,29.79,9.129,intermediate_seed,intermediate_6_to_8.csv
nowadays,8,6-8,intermediate_6_to_8,2210,31,false,n,tier1_ngsl_general+ngsl_rank_2210+grade_estimate_8,intermediate,intermediate,3.968,29.79,9.829,intermediate_seed,intermediate_6_to_8.csv
agricultural,8,6-8,intermediate_6_to_8,2212,31,false,adj,tier1_ngsl_general+ngsl_rank_2212+grade_estimate_8,intermediate,intermediate,3.968,29.79,11.329,intermediate_seed,intermediate_6_to_8.csv
competitor,8,6-8,intermediate_6_to_8,2213,31,false,n,tier1_ngsl_general+ngsl_rank_2213+grade_estimate_8,intermediate,intermediate,3.968,29.79,9.829,intermediate_seed,intermediate_6_to_8.csv
festival,8,6-8,intermediate_6_to_8,2215,31,false,adj,tier1_ngsl_general+ngsl_rank_2215+grade_estimate_8,intermediate,intermediate,3.968,29.79,9.829,intermediate_seed,intermediate_6_to_8.csv
confident,8,6-8,intermediate_6_to_8,2218,31,false,adj,tier1_ngsl_general+ngsl_rank_2218+grade_estimate_8,intermediate,intermediate,3.968,29.79,9.829,intermediate_seed,intermediate_6_to_8.csv
planet,8,6-8,intermediate_6_to_8,2219,31,false,n,tier1_ngsl_general+ngsl_rank_2219+grade_estimate_8,intermediate,intermediate,4.768,29.79,9.129,intermediate_seed,intermediate_6_to_8.csv
overcome,8,6-8,intermediate_6_to_8,2222,31,false,n,tier1_ngsl_general+ngsl_rank_2222+grade_estimate_8,intermediate,intermediate,3.968,29.79,9.829,intermediate_seed,intermediate_6_to_8.csv
depth,8,6-8,intermediate_6_to_8,2224,31,false,n,tier1_ngsl_general+ngsl_rank_2224+grade_estimate_8,intermediate,intermediate,4.768,29.79,9.129,intermediate_seed,intermediate_6_to_8.csv
portion,8,6-8,intermediate_6_to_8,2229,31,false,n,tier1_ngsl_general+ngsl_rank_2229+grade_estimate_8,intermediate,intermediate,3.968,29.79,10.529,intermediate_seed,intermediate_6_to_8.csv
interestingly,7,6-8,intermediate_6_to_8,491,30,true,adv,tier2_nawl_academic+nawl_rank_491+grade_estimate_7,intermediate,intermediate,5.961,29.782,13.321,intermediate_seed,intermediate_6_to_8.csv
curriculum,7,6-8,intermediate_6_to_8,494,30,true,n,tier2_nawl_academic+nawl_rank_494+grade_estimate_7,intermediate,intermediate,5.961,29.782,11.821,intermediate_seed,intermediate_6_to_8.csv
coherent,7,6-8,intermediate_6_to_8,496,30,true,adj,tier2_nawl_academic+nawl_rank_496+grade_estimate_7,intermediate,intermediate,5.961,29.782,11.821,intermediate_seed,intermediate_6_to_8.csv
positively,7,6-8,intermediate_6_to_8,499,30,true,adv,tier2_nawl_academic+nawl_rank_499+grade_estimate_7,intermediate,intermediate,5.961,29.782,11.821,intermediate_seed,intermediate_6_to_8.csv
bacterial,7,6-8,intermediate_6_to_8,500,30,true,adj,tier2_nawl_academic+nawl_rank_500+grade_estimate_7,intermediate,intermediate,5.961,29.782,11.821,intermediate_seed,intermediate_6_to_8.csv
deficiency,7,6-8,intermediate_6_to_8,501,30,true,n,tier2_nawl_academic+nawl_rank_501+grade_estimate_7,intermediate,intermediate,5.961,29.782,11.821,intermediate_seed,intermediate_6_to_8.csv
interpret,8,6-8,intermediate_6_to_8,2232,30,false,v,tier1_ngsl_general+ngsl_rank_2232+grade_estimate_8,intermediate,intermediate,3.961,29.782,9.821,intermediate_seed,intermediate_6_to_8.csv
inner,8,6-8,intermediate_6_to_8,2235,30,false,n,tier1_ngsl_general+ngsl_rank_2235+grade_estimate_8,intermediate,intermediate,4.761,29.782,9.121,intermediate_seed,intermediate_6_to_8.csv
smooth,8,6-8,intermediate_6_to_8,2241,30,false,n,tier1_ngsl_general+ngsl_rank_2241+grade_estimate_8,intermediate,intermediate,4.761,29.782,9.121,intermediate_seed,intermediate_6_to_8.csv
similarly,8,6-8,intermediate_6_to_8,2247,30,false,adv,tier1_ngsl_general+ngsl_rank_2247+grade_estimate_8,intermediate,intermediate,3.961,29.782,9.821,intermediate_seed,intermediate_6_to_8.csv
behave,8,6-8,intermediate_6_to_8,2248,30,false,n,tier1_ngsl_general+ngsl_rank_2248+grade_estimate_8,intermediate,intermediate,4.761,29.782,9.121,intermediate_seed,intermediate_6_to_8.csv
subsequent,8,6-8,intermediate_6_to_8,2251,30,false,adj,tier1_ngsl_general+ngsl_rank_2251+grade_estimate_8,intermediate,intermediate,3.961,29.782,9.821,intermediate_seed,intermediate_6_to_8.csv
jacket,8,6-8,intermediate_6_to_8,2253,30,false,n,tier1_ngsl_general+ngsl_rank_2253+grade_estimate_8,intermediate,intermediate,4.761,29.782,9.121,intermediate_seed,intermediate_6_to_8.csv
efficiency,8,6-8,intermediate_6_to_8,2254,30,false,n,tier1_ngsl_general+ngsl_rank_2254+grade_estimate_8,intermediate,intermediate,3.961,29.782,9.821,intermediate_seed,intermediate_6_to_8.csv
statistic,8,6-8,intermediate_6_to_8,2256,30,false,adj,tier1_ngsl_general+ngsl_rank_2256+grade_estimate_8,intermediate,intermediate,3.961,29.782,9.821,intermediate_seed,intermediate_6_to_8.csv
regularly,8,6-8,intermediate_6_to_8,2257,30,false,adv,tier1_ngsl_general+ngsl_rank_2257+grade_estimate_8,intermediate,intermediate,3.961,29.782,9.821,intermediate_seed,intermediate_6_to_8.csv
resort,8,6-8,intermediate_6_to_8,2258,30,false,n,tier1_ngsl_general+ngsl_rank_2258+grade_estimate_8,intermediate,intermediate,4.761,29.782,9.121,intermediate_seed,intermediate_6_to_8.csv
broadcast,8,6-8,intermediate_6_to_8,2260,30,false,n,tier1_ngsl_general+ngsl_rank_2260+grade_estimate_8,intermediate,intermediate,3.961,29.782,9.821,intermediate_seed,intermediate_6_to_8.csv
blind,8,6-8,intermediate_6_to_8,2263,30,false,n,tier1_ngsl_general+ngsl_rank_2263+grade_estimate_8,intermediate,intermediate,4.761,29.782,9.121,intermediate_seed,intermediate_6_to_8.csv
bloody,8,6-8,intermediate_6_to_8,2265,30,false,n,tier1_ngsl_general+ngsl_rank_2265+grade_estimate_8,intermediate,intermediate,4.761,29.782,9.121,intermediate_seed,intermediate_6_to_8.csv
flood,8,6-8,intermediate_6_to_8,2274,30,false,n,tier1_ngsl_general+ngsl_rank_2274+grade_estimate_8,intermediate,intermediate,4.761,29.782,9.121,intermediate_seed,intermediate_6_to_8.csv
crazy,8,6-8,intermediate_6_to_8,2276,30,false,n,tier1_ngsl_general+ngsl_rank_2276+grade_estimate_8,intermediate,intermediate,4.761,29.782,9.121,intermediate_seed,intermediate_6_to_8.csv
newly,8,6-8,intermediate_6_to_8,2278,30,false,adv,tier1_ngsl_general+ngsl_rank_2278+grade_estimate_8,intermediate,intermediate,4.761,29.782,9.121,intermediate_seed,intermediate_6_to_8.csv
parallel,8,6-8,intermediate_6_to_8,2279,30,false,adj,tier1_ngsl_general+ngsl_rank_2279+grade_estimate_8,intermediate,intermediate,3.961,29.782,9.821,intermediate_seed,intermediate_6_to_8.csv
gender,8,6-8,intermediate_6_to_8,2280,30,false,n,tier1_ngsl_general+ngsl_rank_2280+grade_estimate_8,intermediate,intermediate,4.761,29.782,9.121,intermediate_seed,intermediate_6_to_8.csv
exponential,7,6-8,intermediate_6_to_8,505,29,true,adj,tier2_nawl_academic+nawl_rank_505+grade_estimate_7,intermediate,intermediate,5.955,29.773,13.314,intermediate_seed,intermediate_6_to_8.csv
socially,7,6-8,intermediate_6_to_8,507,29,true,adv,tier2_nawl_academic+nawl_rank_507+grade_estimate_7,intermediate,intermediate,5.955,29.773,11.814,intermediate_seed,intermediate_6_to_8.csv
accurately,7,6-8,intermediate_6_to_8,508,29,true,adv,tier2_nawl_academic+nawl_rank_508+grade_estimate_7,intermediate,intermediate,5.955,29.773,11.814,intermediate_seed,intermediate_6_to_8.csv
influential,7,6-8,intermediate_6_to_8,509,29,true,adj,tier2_nawl_academic+nawl_rank_509+grade_estimate_7,intermediate,intermediate,5.955,29.773,13.314,intermediate_seed,intermediate_6_to_8.csv
essence,7,6-8,intermediate_6_to_8,511,29,true,n,tier2_nawl_academic+nawl_rank_511+grade_estimate_7,intermediate,intermediate,5.955,29.773,12.514,intermediate_seed,intermediate_6_to_8.csv
cylinder,7,6-8,intermediate_6_to_8,512,29,true,n,tier2_nawl_academic+nawl_rank_512+grade_estimate_7,intermediate,intermediate,5.955,29.773,11.814,intermediate_seed,intermediate_6_to_8.csv
sodium,7,6-8,intermediate_6_to_8,514,29,true,n,tier2_nawl_academic+nawl_rank_514+grade_estimate_7,intermediate,intermediate,6.755,29.773,11.114,intermediate_seed,intermediate_6_to_8.csv
predominantly,7,6-8,intermediate_6_to_8,515,29,true,adv,tier2_nawl_academic+nawl_rank_515+grade_estimate_7,intermediate,intermediate,5.955,29.773,13.314,intermediate_seed,intermediate_6_to_8.csv
dealer,8,6-8,intermediate_6_to_8,2284,29,false,n,tier1_ngsl_general+ngsl_rank_2284+grade_estimate_8,intermediate,intermediate,4.755,29.773,9.114,intermediate_seed,intermediate_6_to_8.csv
mate,8,6-8,intermediate_6_to_8,2288,29,false,v,tier1_ngsl_general+ngsl_rank_2288+grade_estimate_8,intermediate,intermediate,5.755,29.773,10.514,intermediate_seed,intermediate_6_to_8.csv
occasionally,8,6-8,intermediate_6_to_8,2289,29,false,adv,tier1_ngsl_general+ngsl_rank_2289+grade_estimate_8,intermediate,intermediate,3.955,29.773,11.314,intermediate_seed,intermediate_6_to_8.csv
shareholder,8,6-8,intermediate_6_to_8,2290,29,false,n,tier1_ngsl_general+ngsl_rank_2290+grade_estimate_8,intermediate,intermediate,3.955,29.773,11.314,intermediate_seed,intermediate_6_to_8.csv
frequency,8,6-8,intermediate_6_to_8,2295,29,false,n,tier1_ngsl_general+ngsl_rank_2295+grade_estimate_8,intermediate,intermediate,3.955,29.773,9.814,intermediate_seed,intermediate_6_to_8.csv
philosophy,8,6-8,intermediate_6_to_8,2298,29,false,n,tier1_ngsl_general+ngsl_rank_2298+grade_estimate_8,intermediate,intermediate,3.955,29.773,9.814,intermediate_seed,intermediate_6_to_8.csv
approval,8,6-8,intermediate_6_to_8,2302,29,false,adj,tier1_ngsl_general+ngsl_rank_2302+grade_estimate_8,intermediate,intermediate,3.955,29.773,9.814,intermediate_seed,intermediate_6_to_8.csv
exposure,8,6-8,intermediate_6_to_8,2307,29,false,n,tier1_ngsl_general+ngsl_rank_2307+grade_estimate_8,intermediate,intermediate,3.955,29.773,9.814,intermediate_seed,intermediate_6_to_8.csv
conventional,8,6-8,intermediate_6_to_8,2308,29,false,adj,tier1_ngsl_general+ngsl_rank_2308+grade_estimate_8,intermediate,intermediate,3.955,29.773,11.314,intermediate_seed,intermediate_6_to_8.csv
pleasant,8,6-8,intermediate_6_to_8,2314,29,false,adj,tier1_ngsl_general+ngsl_rank_2314+grade_estimate_8,intermediate,intermediate,3.955,29.773,9.814,intermediate_seed,intermediate_6_to_8.csv
overseas,8,6-8,intermediate_6_to_8,2315,29,false,n,tier1_ngsl_general+ngsl_rank_2315+grade_estimate_8,intermediate,intermediate,3.955,29.773,9.814,intermediate_seed,intermediate_6_to_8.csv
importantly,7,6-8,intermediate_6_to_8,522,28,true,adv,tier2_nawl_academic+nawl_rank_522+grade_estimate_7,intermediate,intermediate,5.948,29.764,13.306,intermediate_seed,intermediate_6_to_8.csv
dimensional,7,6-8,intermediate_6_to_8,527,28,true,adj,tier2_nawl_academic+nawl_rank_527+grade_estimate_7,intermediate,intermediate,5.948,29.764,13.306,intermediate_seed,intermediate_6_to_8.csv
resistant,7,6-8,intermediate_6_to_8,527,28,true,adj,tier2_nawl_academic+nawl_rank_527+grade_estimate_7,intermediate,intermediate,5.948,29.764,11.806,intermediate_seed,intermediate_6_to_8.csv
rhetoric,7,6-8,intermediate_6_to_8,530,28,true,adj,tier2_nawl_academic+nawl_rank_530+grade_estimate_7,intermediate,intermediate,5.948,29.764,11.806,intermediate_seed,intermediate_6_to_8.csv
artifact,7,6-8,intermediate_6_to_8,531,28,true,n,tier2_nawl_academic+nawl_rank_531+grade_estimate_7,intermediate,intermediate,5.948,29.764,11.806,intermediate_seed,intermediate_6_to_8.csv
surgical,7,6-8,intermediate_6_to_8,533,28,true,adj,tier2_nawl_academic+nawl_rank_533+grade_estimate_7,intermediate,intermediate,5.948,29.764,11.806,intermediate_seed,intermediate_6_to_8.csv
turbulent,7,6-8,intermediate_6_to_8,535,28,true,adj,tier2_nawl_academic+nawl_rank_535+grade_estimate_7,intermediate,intermediate,5.948,29.764,11.806,intermediate_seed,intermediate_6_to_8.csv
recovery,8,6-8,intermediate_6_to_8,2321,28,false,n,tier1_ngsl_general+ngsl_rank_2321+grade_estimate_8,intermediate,intermediate,3.948,29.764,9.806,intermediate_seed,intermediate_6_to_8.csv
operator,8,6-8,intermediate_6_to_8,2329,28,false,n,tier1_ngsl_general+ngsl_rank_2329+grade_estimate_8,intermediate,intermediate,3.948,29.764,9.806,intermediate_seed,intermediate_6_to_8.csv
infant,8,6-8,intermediate_6_to_8,2330,28,false,adj,tier1_ngsl_general+ngsl_rank_2330+grade_estimate_8,intermediate,intermediate,4.748,29.764,9.106,intermediate_seed,intermediate_6_to_8.csv
mount,8,6-8,intermediate_6_to_8,2333,28,false,n,tier1_ngsl_general+ngsl_rank_2333+grade_estimate_8,intermediate,intermediate,4.748,29.764,9.106,intermediate_seed,intermediate_6_to_8.csv
dependent,8,6-8,intermediate_6_to_8,2336,28,false,adj,tier1_ngsl_general+ngsl_rank_2336+grade_estimate_8,intermediate,intermediate,3.948,29.764,9.806,intermediate_seed,intermediate_6_to_8.csv
virus,8,6-8,intermediate_6_to_8,2341,28,false,n,tier1_ngsl_general+ngsl_rank_2341+grade_estimate_8,intermediate,intermediate,4.748,29.764,9.106,intermediate_seed,intermediate_6_to_8.csv
precisely,8,6-8,intermediate_6_to_8,2342,28,false,adv,tier1_ngsl_general+ngsl_rank_2342+grade_estimate_8,intermediate,intermediate,3.948,29.764,9.806,intermediate_seed,intermediate_6_to_8.csv
rival,8,6-8,intermediate_6_to_8,2343,28,false,adj,tier1_ngsl_general+ngsl_rank_2343+grade_estimate_8,intermediate,intermediate,4.748,29.764,9.106,intermediate_seed,intermediate_6_to_8.csv
detect,8,6-8,intermediate_6_to_8,2345,28,false,v,tier1_ngsl_general+ngsl_rank_2345+grade_estimate_8,intermediate,intermediate,4.748,29.764,9.106,intermediate_seed,intermediate_6_to_8.csv
teenager,8,6-8,intermediate_6_to_8,2346,28,false,n,tier1_ngsl_general+ngsl_rank_2346+grade_estimate_8,intermediate,intermediate,3.948,29.764,9.806,intermediate_seed,intermediate_6_to_8.csv
admire,8,6-8,intermediate_6_to_8,2347,28,false,n,tier1_ngsl_general+ngsl_rank_2347+grade_estimate_8,intermediate,intermediate,4.748,29.764,9.106,intermediate_seed,intermediate_6_to_8.csv
musician,8,6-8,intermediate_6_to_8,2350,28,false,n,tier1_ngsl_general+ngsl_rank_2350+grade_estimate_8,intermediate,intermediate,3.948,29.764,9.806,intermediate_seed,intermediate_6_to_8.csv
charity,8,6-8,intermediate_6_to_8,2354,28,false,n,tier1_ngsl_general+ngsl_rank_2354+grade_estimate_8,intermediate,intermediate,3.948,29.764,10.506,intermediate_seed,intermediate_6_to_8.csv
universal,8,6-8,intermediate_6_to_8,2355,28,false,adj,tier1_ngsl_general+ngsl_rank_2355+grade_estimate_8,intermediate,intermediate,3.948,29.764,9.806,intermediate_seed,intermediate_6_to_8.csv
cigarette,8,6-8,intermediate_6_to_8,2356,28,false,n,tier1_ngsl_general+ngsl_rank_2356+grade_estimate_8,intermediate,intermediate,3.948,29.764,9.806,intermediate_seed,intermediate_6_to_8.csv
constitute,8,6-8,intermediate_6_to_8,2357,28,false,n,tier1_ngsl_general+ngsl_rank_2357+grade_estimate_8,intermediate,intermediate,3.948,29.764,9.806,intermediate_seed,intermediate_6_to_8.csv
consultant,8,6-8,intermediate_6_to_8,2359,28,false,adj,tier1_ngsl_general+ngsl_rank_2359+grade_estimate_8,intermediate,intermediate,3.948,29.764,9.806,intermediate_seed,intermediate_6_to_8.csv
historian,8,6-8,intermediate_6_to_8,2360,28,false,n,tier1_ngsl_general+ngsl_rank_2360+grade_estimate_8,intermediate,intermediate,3.948,29.764,9.806,intermediate_seed,intermediate_6_to_8.csv
visual,8,6-8,intermediate_6_to_8,2362,28,false,adj,tier1_ngsl_general+ngsl_rank_2362+grade_estimate_8,intermediate,intermediate,4.748,29.764,9.106,intermediate_seed,intermediate_6_to_8.csv
stupid,8,6-8,intermediate_6_to_8,2363,28,false,n,tier1_ngsl_general+ngsl_rank_2363+grade_estimate_8,intermediate,intermediate,4.748,29.764,9.106,intermediate_seed,intermediate_6_to_8.csv
ethnic,8,6-8,intermediate_6_to_8,2365,28,false,adj,tier1_ngsl_general+ngsl_rank_2365+grade_estimate_8,intermediate,intermediate,4.748,29.764,9.106,intermediate_seed,intermediate_6_to_8.csv
clinical,8,6-8,intermediate_6_to_8,2367,28,false,adj,tier1_ngsl_general+ngsl_rank_2367+grade_estimate_8,intermediate,intermediate,3.948,29.764,9.806,intermediate_seed,intermediate_6_to_8.csv
forecast,8,6-8,intermediate_6_to_8,2369,28,false,n,tier1_ngsl_general+ngsl_rank_2369+grade_estimate_8,intermediate,intermediate,3.948,29.764,9.806,intermediate_seed,intermediate_6_to_8.csv
segment,8,6-8,intermediate_6_to_8,2370,28,false,n,tier1_ngsl_general+ngsl_rank_2370+grade_estimate_8,intermediate,intermediate,3.948,29.764,10.506,intermediate_seed,intermediate_6_to_8.csv
acid,6,6-8,intermediate_6_to_8,21,149,true,n,tier2_nawl_academic+nawl_rank_21+grade_estimate_6,intermediate,intermediate,8.121,29.761,11.541,intermediate_seed,intermediate_6_to_8.csv
relate,6,6-8,intermediate_6_to_8,642,149,false,v,tier1_ngsl_general+ngsl_rank_642+grade_estimate_6,intermediate,intermediate,9.121,29.761,8.941,intermediate_seed,intermediate_6_to_8.csv
conserve,7,6-8,intermediate_6_to_8,539,27,true,n,tier2_nawl_academic+nawl_rank_539+grade_estimate_7,intermediate,intermediate,5.941,29.755,11.798,intermediate_seed,intermediate_6_to_8.csv
primer,7,6-8,intermediate_6_to_8,540,27,true,n,tier2_nawl_academic+nawl_rank_540+grade_estimate_7,intermediate,intermediate,6.741,29.755,11.098,intermediate_seed,intermediate_6_to_8.csv
grasp,7,6-8,intermediate_6_to_8,541,27,true,n,tier2_nawl_academic+nawl_rank_541+grade_estimate_7,intermediate,intermediate,6.741,29.755,11.098,intermediate_seed,intermediate_6_to_8.csv
traditionally,7,6-8,intermediate_6_to_8,546,27,true,adv,tier2_nawl_academic+nawl_rank_546+grade_estimate_7,intermediate,intermediate,5.941,29.755,13.298,intermediate_seed,intermediate_6_to_8.csv
prompt,8,6-8,intermediate_6_to_8,2375,27,false,n,tier1_ngsl_general+ngsl_rank_2375+grade_estimate_8,intermediate,intermediate,4.741,29.755,9.098,intermediate_seed,intermediate_6_to_8.csv
react,8,6-8,intermediate_6_to_8,2377,27,false,v,tier1_ngsl_general+ngsl_rank_2377+grade_estimate_8,intermediate,intermediate,4.741,29.755,9.098,intermediate_seed,intermediate_6_to_8.csv
rescue,8,6-8,intermediate_6_to_8,2381,27,false,n,tier1_ngsl_general+ngsl_rank_2381+grade_estimate_8,intermediate,intermediate,4.741,29.755,9.098,intermediate_seed,intermediate_6_to_8.csv
league,8,6-8,intermediate_6_to_8,2386,27,false,n,tier1_ngsl_general+ngsl_rank_2386+grade_estimate_8,intermediate,intermediate,4.741,29.755,9.098,intermediate_seed,intermediate_6_to_8.csv
dialog,8,6-8,intermediate_6_to_8,2387,27,false,n,tier1_ngsl_general+ngsl_rank_2387+grade_estimate_8,intermediate,intermediate,4.741,29.755,9.098,intermediate_seed,intermediate_6_to_8.csv
cream,8,6-8,intermediate_6_to_8,2388,27,false,n,tier1_ngsl_general+ngsl_rank_2388+grade_estimate_8,intermediate,intermediate,4.741,29.755,9.098,intermediate_seed,intermediate_6_to_8.csv
rapid,8,6-8,intermediate_6_to_8,2389,27,false,n,tier1_ngsl_general+ngsl_rank_2389+grade_estimate_8,intermediate,intermediate,4.741,29.755,9.098,intermediate_seed,intermediate_6_to_8.csv
cancel,8,6-8,intermediate_6_to_8,2390,27,false,n,tier1_ngsl_general+ngsl_rank_2390+grade_estimate_8,intermediate,intermediate,4.741,29.755,9.098,intermediate_seed,intermediate_6_to_8.csv
regret,8,6-8,intermediate_6_to_8,2391,27,false,n,tier1_ngsl_general+ngsl_rank_2391+grade_estimate_8,intermediate,intermediate,4.741,29.755,9.098,intermediate_seed,intermediate_6_to_8.csv
opponent,8,6-8,intermediate_6_to_8,2395,27,false,adj,tier1_ngsl_general+ngsl_rank_2395+grade_estimate_8,intermediate,intermediate,3.941,29.755,9.798,intermediate_seed,intermediate_6_to_8.csv
correspond,8,6-8,intermediate_6_to_8,2399,27,false,n,tier1_ngsl_general+ngsl_rank_2399+grade_estimate_8,intermediate,intermediate,3.941,29.755,9.798,intermediate_seed,intermediate_6_to_8.csv
stroke,8,6-8,intermediate_6_to_8,2400,27,false,n,tier1_ngsl_general+ngsl_rank_2400+grade_estimate_8,intermediate,intermediate,4.741,29.755,9.098,intermediate_seed,intermediate_6_to_8.csv
tendency,8,6-8,intermediate_6_to_8,2408,27,false,n,tier1_ngsl_general+ngsl_rank_2408+grade_estimate_8,intermediate,intermediate,3.941,29.755,9.798,intermediate_seed,intermediate_6_to_8.csv
motor,8,6-8,intermediate_6_to_8,2410,27,false,n,tier1_ngsl_general+ngsl_rank_2410+grade_estimate_8,intermediate,intermediate,4.741,29.755,9.098,intermediate_seed,intermediate_6_to_8.csv
survival,8,6-8,intermediate_6_to_8,2411,27,false,adj,tier1_ngsl_general+ngsl_rank_2411+grade_estimate_8,intermediate,intermediate,3.941,29.755,9.798,intermediate_seed,intermediate_6_to_8.csv
reconstruct,7,6-8,intermediate_6_to_8,549,26,true,n,tier2_nawl_academic+nawl_rank_549+grade_estimate_7,intermediate,intermediate,5.934,29.745,13.289,intermediate_seed,intermediate_6_to_8.csv
revolutionary,7,6-8,intermediate_6_to_8,552,26,true,adj,tier2_nawl_academic+nawl_rank_552+grade_estimate_7,intermediate,intermediate,5.934,29.745,13.289,intermediate_seed,intermediate_6_to_8.csv
motif,7,6-8,intermediate_6_to_8,555,26,true,n,tier2_nawl_academic+nawl_rank_555+grade_estimate_7,intermediate,intermediate,6.734,29.745,11.089,intermediate_seed,intermediate_6_to_8.csv
subtle,7,6-8,intermediate_6_to_8,557,26,true,adj,tier2_nawl_academic+nawl_rank_557+grade_estimate_7,intermediate,intermediate,6.734,29.745,11.089,intermediate_seed,intermediate_6_to_8.csv
hydrogen,7,6-8,intermediate_6_to_8,560,26,true,v,tier2_nawl_academic+nawl_rank_560+grade_estimate_7,intermediate,intermediate,5.934,29.745,11.789,intermediate_seed,intermediate_6_to_8.csv
susceptible,7,6-8,intermediate_6_to_8,562,26,true,adj,tier2_nawl_academic+nawl_rank_562+grade_estimate_7,intermediate,intermediate,5.934,29.745,13.289,intermediate_seed,intermediate_6_to_8.csv
architect,7,6-8,intermediate_6_to_8,563,26,true,n,tier2_nawl_academic+nawl_rank_563+grade_estimate_7,intermediate,intermediate,5.934,29.745,11.789,intermediate_seed,intermediate_6_to_8.csv
coronary,7,6-8,intermediate_6_to_8,564,26,true,adj,tier2_nawl_academic+nawl_rank_564+grade_estimate_7,intermediate,intermediate,5.934,29.745,11.789,intermediate_seed,intermediate_6_to_8.csv
breakdown,7,6-8,intermediate_6_to_8,565,26,true,n,tier2_nawl_academic+nawl_rank_565+grade_estimate_7,intermediate,intermediate,5.934,29.745,11.789,intermediate_seed,intermediate_6_to_8.csv
inject,7,6-8,intermediate_6_to_8,566,26,true,v,tier2_nawl_academic+nawl_rank_566+grade_estimate_7,intermediate,intermediate,6.734,29.745,11.089,intermediate_seed,intermediate_6_to_8.csv
awareness,8,6-8,intermediate_6_to_8,2423,26,false,n,tier1_ngsl_general+ngsl_rank_2423+grade_estimate_8,intermediate,intermediate,3.934,29.745,9.789,intermediate_seed,intermediate_6_to_8.csv
slave,8,6-8,intermediate_6_to_8,2425,26,false,n,tier1_ngsl_general+ngsl_rank_2425+grade_estimate_8,intermediate,intermediate,4.734,29.745,9.089,intermediate_seed,intermediate_6_to_8.csv
random,8,6-8,intermediate_6_to_8,2432,26,false,n,tier1_ngsl_general+ngsl_rank_2432+grade_estimate_8,intermediate,intermediate,4.734,29.745,9.089,intermediate_seed,intermediate_6_to_8.csv
successfully,8,6-8,intermediate_6_to_8,2433,26,false,adv,tier1_ngsl_general+ngsl_rank_2433+grade_estimate_8,intermediate,intermediate,3.934,29.745,11.289,intermediate_seed,intermediate_6_to_8.csv
privilege,8,6-8,intermediate_6_to_8,2437,26,false,n,tier1_ngsl_general+ngsl_rank_2437+grade_estimate_8,intermediate,intermediate,3.934,29.745,9.789,intermediate_seed,intermediate_6_to_8.csv
buyer,8,6-8,intermediate_6_to_8,2438,26,false,n,tier1_ngsl_general+ngsl_rank_2438+grade_estimate_8,intermediate,intermediate,4.734,29.745,9.089,intermediate_seed,intermediate_6_to_8.csv
mutual,8,6-8,intermediate_6_to_8,2439,26,false,adj,tier1_ngsl_general+ngsl_rank_2439+grade_estimate_8,intermediate,intermediate,4.734,29.745,9.089,intermediate_seed,intermediate_6_to_8.csv
laboratory,8,6-8,intermediate_6_to_8,2442,26,false,n,tier1_ngsl_general+ngsl_rank_2442+grade_estimate_8,intermediate,intermediate,3.934,29.745,9.789,intermediate_seed,intermediate_6_to_8.csv
mortgage,8,6-8,intermediate_6_to_8,2443,26,false,n,tier1_ngsl_general+ngsl_rank_2443+grade_estimate_8,intermediate,intermediate,3.934,29.745,9.789,intermediate_seed,intermediate_6_to_8.csv
passion,8,6-8,intermediate_6_to_8,2445,26,false,n,tier1_ngsl_general+ngsl_rank_2445+grade_estimate_8,intermediate,intermediate,3.934,29.745,10.489,intermediate_seed,intermediate_6_to_8.csv
champion,8,6-8,intermediate_6_to_8,2446,26,false,n,tier1_ngsl_general+ngsl_rank_2446+grade_estimate_8,intermediate,intermediate,3.934,29.745,9.789,intermediate_seed,intermediate_6_to_8.csv
province,8,6-8,intermediate_6_to_8,2452,26,false,n,tier1_ngsl_general+ngsl_rank_2452+grade_estimate_8,intermediate,intermediate,3.934,29.745,9.789,intermediate_seed,intermediate_6_to_8.csv
compromise,8,6-8,intermediate_6_to_8,2455,26,false,v,tier1_ngsl_general+ngsl_rank_2455+grade_estimate_8,intermediate,intermediate,3.934,29.745,9.789,intermediate_seed,intermediate_6_to_8.csv
accomplish,8,6-8,intermediate_6_to_8,2456,26,false,adj,tier1_ngsl_general+ngsl_rank_2456+grade_estimate_8,intermediate,intermediate,3.934,29.745,9.789,intermediate_seed,intermediate_6_to_8.csv
weakness,8,6-8,intermediate_6_to_8,2457,26,false,n,tier1_ngsl_general+ngsl_rank_2457+grade_estimate_8,intermediate,intermediate,3.934,29.745,9.789,intermediate_seed,intermediate_6_to_8.csv
opera,8,6-8,intermediate_6_to_8,2461,26,false,n,tier1_ngsl_general+ngsl_rank_2461+grade_estimate_8,intermediate,intermediate,4.734,29.745,9.089,intermediate_seed,intermediate_6_to_8.csv
brush,8,6-8,intermediate_6_to_8,2463,26,false,n,tier1_ngsl_general+ngsl_rank_2463+grade_estimate_8,intermediate,intermediate,4.734,29.745,9.089,intermediate_seed,intermediate_6_to_8.csv
embarrass,8,6-8,intermediate_6_to_8,2464,26,false,n,tier1_ngsl_general+ngsl_rank_2464+grade_estimate_8,intermediate,intermediate,3.934,29.745,9.789,intermediate_seed,intermediate_6_to_8.csv
chest,8,6-8,intermediate_6_to_8,2468,26,false,n,tier1_ngsl_general+ngsl_rank_2468+grade_estimate_8,intermediate,intermediate,4.734,29.745,9.089,intermediate_seed,intermediate_6_to_8.csv
literary,8,6-8,intermediate_6_to_8,2470,26,false,adj,tier1_ngsl_general+ngsl_rank_2470+grade_estimate_8,intermediate,intermediate,3.934,29.745,9.789,intermediate_seed,intermediate_6_to_8.csv
govern,8,6-8,intermediate_6_to_8,2471,26,false,n,tier1_ngsl_general+ngsl_rank_2471+grade_estimate_8,intermediate,intermediate,4.734,29.745,9.089,intermediate_seed,intermediate_6_to_8.csv
influence,6,6-8,intermediate_6_to_8,680,140,false,n,tier1_ngsl_general+ngsl_rank_680+grade_estimate_6,intermediate,intermediate,8.306,29.741,9.623,intermediate_seed,intermediate_6_to_8.csv
management,6,6-8,intermediate_6_to_8,692,138,false,n,tier1_ngsl_general+ngsl_rank_692+grade_estimate_6,intermediate,intermediate,8.302,29.736,9.619,intermediate_seed,intermediate_6_to_8.csv
polar,7,6-8,intermediate_6_to_8,569,25,true,adj,tier2_nawl_academic+nawl_rank_569+grade_estimate_7,intermediate,intermediate,6.726,29.735,11.081,intermediate_seed,intermediate_6_to_8.csv
backward,7,6-8,intermediate_6_to_8,570,25,true,n,tier2_nawl_academic+nawl_rank_570+grade_estimate_7,intermediate,intermediate,5.926,29.735,11.781,intermediate_seed,intermediate_6_to_8.csv
physically,7,6-8,intermediate_6_to_8,574,25,true,adv,tier2_nawl_academic+nawl_rank_574+grade_estimate_7,intermediate,intermediate,5.926,29.735,11.781,intermediate_seed,intermediate_6_to_8.csv
politically,7,6-8,intermediate_6_to_8,576,25,true,adv,tier2_nawl_academic+nawl_rank_576+grade_estimate_7,intermediate,intermediate,5.926,29.735,13.281,intermediate_seed,intermediate_6_to_8.csv
inevitably,7,6-8,intermediate_6_to_8,578,25,true,adv,tier2_nawl_academic+nawl_rank_578+grade_estimate_7,intermediate,intermediate,5.926,29.735,11.781,intermediate_seed,intermediate_6_to_8.csv
expertise,7,6-8,intermediate_6_to_8,580,25,true,v,tier2_nawl_academic+nawl_rank_580+grade_estimate_7,intermediate,intermediate,5.926,29.735,11.781,intermediate_seed,intermediate_6_to_8.csv
inferior,7,6-8,intermediate_6_to_8,581,25,true,n,tier2_nawl_academic+nawl_rank_581+grade_estimate_7,intermediate,intermediate,5.926,29.735,11.781,intermediate_seed,intermediate_6_to_8.csv
actively,7,6-8,intermediate_6_to_8,582,25,true,adv,tier2_nawl_academic+nawl_rank_582+grade_estimate_7,intermediate,intermediate,5.926,29.735,11.781,intermediate_seed,intermediate_6_to_8.csv
historically,7,6-8,intermediate_6_to_8,585,25,true,adv,tier2_nawl_academic+nawl_rank_585+grade_estimate_7,intermediate,intermediate,5.926,29.735,13.281,intermediate_seed,intermediate_6_to_8.csv
praise,8,6-8,intermediate_6_to_8,2473,25,false,v,tier1_ngsl_general+ngsl_rank_2473+grade_estimate_8,intermediate,intermediate,4.726,29.735,9.081,intermediate_seed,intermediate_6_to_8.csv
publisher,8,6-8,intermediate_6_to_8,2476,25,false,n,tier1_ngsl_general+ngsl_rank_2476+grade_estimate_8,intermediate,intermediate,3.926,29.735,9.781,intermediate_seed,intermediate_6_to_8.csv
classical,8,6-8,intermediate_6_to_8,2480,25,false,adj,tier1_ngsl_general+ngsl_rank_2480+grade_estimate_8,intermediate,intermediate,3.926,29.735,9.781,intermediate_seed,intermediate_6_to_8.csv
versus,8,6-8,intermediate_6_to_8,2482,25,false,n,tier1_ngsl_general+ngsl_rank_2482+grade_estimate_8,intermediate,intermediate,4.726,29.735,9.081,intermediate_seed,intermediate_6_to_8.csv
flash,8,6-8,intermediate_6_to_8,2485,25,false,n,tier1_ngsl_general+ngsl_rank_2485+grade_estimate_8,intermediate,intermediate,4.726,29.735,9.081,intermediate_seed,intermediate_6_to_8.csv
literally,8,6-8,intermediate_6_to_8,2488,25,false,adv,tier1_ngsl_general+ngsl_rank_2488+grade_estimate_8,intermediate,intermediate,3.926,29.735,9.781,intermediate_seed,intermediate_6_to_8.csv
entertain,8,6-8,intermediate_6_to_8,2491,25,false,n,tier1_ngsl_general+ngsl_rank_2491+grade_estimate_8,intermediate,intermediate,3.926,29.735,9.781,intermediate_seed,intermediate_6_to_8.csv
fantastic,8,6-8,intermediate_6_to_8,2492,25,false,adj,tier1_ngsl_general+ngsl_rank_2492+grade_estimate_8,intermediate,intermediate,3.926,29.735,9.781,intermediate_seed,intermediate_6_to_8.csv
assign,8,6-8,intermediate_6_to_8,2493,25,false,n,tier1_ngsl_general+ngsl_rank_2493+grade_estimate_8,intermediate,intermediate,4.726,29.735,9.081,intermediate_seed,intermediate_6_to_8.csv
historic,8,6-8,intermediate_6_to_8,2495,25,false,adj,tier1_ngsl_general+ngsl_rank_2495+grade_estimate_8,intermediate,intermediate,3.926,29.735,9.781,intermediate_seed,intermediate_6_to_8.csv
injure,8,6-8,intermediate_6_to_8,2496,25,false,n,tier1_ngsl_general+ngsl_rank_2496+grade_estimate_8,intermediate,intermediate,4.726,29.735,9.081,intermediate_seed,intermediate_6_to_8.csv
personnel,8,6-8,intermediate_6_to_8,2501,25,false,n,tier1_ngsl_general+ngsl_rank_2501+grade_estimate_8,intermediate,intermediate,3.926,29.735,9.781,intermediate_seed,intermediate_6_to_8.csv
disagree,8,6-8,intermediate_6_to_8,2503,25,false,n,tier1_ngsl_general+ngsl_rank_2503+grade_estimate_8,intermediate,intermediate,3.926,29.735,9.781,intermediate_seed,intermediate_6_to_8.csv
throat,8,6-8,intermediate_6_to_8,2504,25,false,n,tier1_ngsl_general+ngsl_rank_2504+grade_estimate_8,intermediate,intermediate,4.726,29.735,9.081,intermediate_seed,intermediate_6_to_8.csv
tackle,8,6-8,intermediate_6_to_8,2506,25,false,n,tier1_ngsl_general+ngsl_rank_2506+grade_estimate_8,intermediate,intermediate,4.726,29.735,9.081,intermediate_seed,intermediate_6_to_8.csv
exceed,8,6-8,intermediate_6_to_8,2508,25,false,v,tier1_ngsl_general+ngsl_rank_2508+grade_estimate_8,intermediate,intermediate,4.726,29.735,9.081,intermediate_seed,intermediate_6_to_8.csv
expenditure,8,6-8,intermediate_6_to_8,2509,25,false,n,tier1_ngsl_general+ngsl_rank_2509+grade_estimate_8,intermediate,intermediate,3.926,29.735,11.281,intermediate_seed,intermediate_6_to_8.csv
pregnant,8,6-8,intermediate_6_to_8,2511,25,false,adj,tier1_ngsl_general+ngsl_rank_2511+grade_estimate_8,intermediate,intermediate,3.926,29.735,9.781,intermediate_seed,intermediate_6_to_8.csv
reliable,8,6-8,intermediate_6_to_8,2512,25,false,adj,tier1_ngsl_general+ngsl_rank_2512+grade_estimate_8,intermediate,intermediate,3.926,29.735,9.781,intermediate_seed,intermediate_6_to_8.csv
ceremony,8,6-8,intermediate_6_to_8,2517,25,false,n,tier1_ngsl_general+ngsl_rank_2517+grade_estimate_8,intermediate,intermediate,3.926,29.735,9.781,intermediate_seed,intermediate_6_to_8.csv
theorem,6,6-8,intermediate_6_to_8,31,135,true,n,tier2_nawl_academic+nawl_rank_31+grade_estimate_6,intermediate,intermediate,6.297,29.729,11.513,intermediate_seed,intermediate_6_to_8.csv
function,6,6-8,intermediate_6_to_8,702,135,false,n,tier1_ngsl_general+ngsl_rank_702+grade_estimate_6,intermediate,intermediate,8.297,29.729,9.613,intermediate_seed,intermediate_6_to_8.csv
environment,6,6-8,intermediate_6_to_8,712,134,false,n,tier1_ngsl_general+ngsl_rank_712+grade_estimate_6,intermediate,intermediate,8.295,29.727,11.111,intermediate_seed,intermediate_6_to_8.csv
textbook,7,6-8,intermediate_6_to_8,586,24,true,n,tier2_nawl_academic+nawl_rank_586+grade_estimate_7,intermediate,intermediate,5.919,29.725,11.772,intermediate_seed,intermediate_6_to_8.csv
bundle,7,6-8,intermediate_6_to_8,587,24,true,n,tier2_nawl_academic+nawl_rank_587+grade_estimate_7,intermediate,intermediate,6.719,29.725,11.072,intermediate_seed,intermediate_6_to_8.csv
elementary,7,6-8,intermediate_6_to_8,588,24,true,adj,tier2_nawl_academic+nawl_rank_588+grade_estimate_7,intermediate,intermediate,5.919,29.725,11.772,intermediate_seed,intermediate_6_to_8.csv
realistic,7,6-8,intermediate_6_to_8,592,24,true,adj,tier2_nawl_academic+nawl_rank_592+grade_estimate_7,intermediate,intermediate,5.919,29.725,11.772,intermediate_seed,intermediate_6_to_8.csv
ruler,7,6-8,intermediate_6_to_8,596,24,true,n,tier2_nawl_academic+nawl_rank_596+grade_estimate_7,intermediate,intermediate,6.719,29.725,11.072,intermediate_seed,intermediate_6_to_8.csv
freely,7,6-8,intermediate_6_to_8,597,24,true,adv,tier2_nawl_academic+nawl_rank_597+grade_estimate_7,intermediate,intermediate,6.719,29.725,11.072,intermediate_seed,intermediate_6_to_8.csv
intervene,7,6-8,intermediate_6_to_8,601,24,true,n,tier2_nawl_academic+nawl_rank_601+grade_estimate_7,intermediate,intermediate,5.919,29.725,11.772,intermediate_seed,intermediate_6_to_8.csv
profound,7,6-8,intermediate_6_to_8,607,24,true,n,tier2_nawl_academic+nawl_rank_607+grade_estimate_7,intermediate,intermediate,5.919,29.725,11.772,intermediate_seed,intermediate_6_to_8.csv
automatically,8,6-8,intermediate_6_to_8,2521,24,false,adv,tier1_ngsl_general+ngsl_rank_2521+grade_estimate_8,intermediate,intermediate,3.919,29.725,11.272,intermediate_seed,intermediate_6_to_8.csv
psychological,8,6-8,intermediate_6_to_8,2523,24,false,adj,tier1_ngsl_general+ngsl_rank_2523+grade_estimate_8,intermediate,intermediate,3.919,29.725,11.272,intermediate_seed,intermediate_6_to_8.csv
dramatically,8,6-8,intermediate_6_to_8,2524,24,false,adv,tier1_ngsl_general+ngsl_rank_2524+grade_estimate_8,intermediate,intermediate,3.919,29.725,11.272,intermediate_seed,intermediate_6_to_8.csv
stake,8,6-8,intermediate_6_to_8,2525,24,false,n,tier1_ngsl_general+ngsl_rank_2525+grade_estimate_8,intermediate,intermediate,4.719,29.725,9.072,intermediate_seed,intermediate_6_to_8.csv
fancy,8,6-8,intermediate_6_to_8,2532,24,false,n,tier1_ngsl_general+ngsl_rank_2532+grade_estimate_8,intermediate,intermediate,4.719,29.725,9.072,intermediate_seed,intermediate_6_to_8.csv
poetry,8,6-8,intermediate_6_to_8,2533,24,false,n,tier1_ngsl_general+ngsl_rank_2533+grade_estimate_8,intermediate,intermediate,4.719,29.725,9.072,intermediate_seed,intermediate_6_to_8.csv
clothing,8,6-8,intermediate_6_to_8,2535,24,false,v,tier1_ngsl_general+ngsl_rank_2535+grade_estimate_8,intermediate,intermediate,3.919,29.725,9.772,intermediate_seed,intermediate_6_to_8.csv
evolve,8,6-8,intermediate_6_to_8,2536,24,false,v,tier1_ngsl_general+ngsl_rank_2536+grade_estimate_8,intermediate,intermediate,4.719,29.725,9.072,intermediate_seed,intermediate_6_to_8.csv
boost,8,6-8,intermediate_6_to_8,2539,24,false,n,tier1_ngsl_general+ngsl_rank_2539+grade_estimate_8,intermediate,intermediate,4.719,29.725,9.072,intermediate_seed,intermediate_6_to_8.csv
curious,8,6-8,intermediate_6_to_8,2543,24,false,adj,tier1_ngsl_general+ngsl_rank_2543+grade_estimate_8,intermediate,intermediate,3.919,29.725,10.472,intermediate_seed,intermediate_6_to_8.csv
wooden,8,6-8,intermediate_6_to_8,2544,24,false,v,tier1_ngsl_general+ngsl_rank_2544+grade_estimate_8,intermediate,intermediate,4.719,29.725,9.072,intermediate_seed,intermediate_6_to_8.csv
democratic,8,6-8,intermediate_6_to_8,2547,24,false,adj,tier1_ngsl_general+ngsl_rank_2547+grade_estimate_8,intermediate,intermediate,3.919,29.725,9.772,intermediate_seed,intermediate_6_to_8.csv
consequently,8,6-8,intermediate_6_to_8,2549,24,false,adv,tier1_ngsl_general+ngsl_rank_2549+grade_estimate_8,intermediate,intermediate,3.919,29.725,11.272,intermediate_seed,intermediate_6_to_8.csv
strengthen,8,6-8,intermediate_6_to_8,2552,24,false,v,tier1_ngsl_general+ngsl_rank_2552+grade_estimate_8,intermediate,intermediate,3.919,29.725,9.772,intermediate_seed,intermediate_6_to_8.csv
whilst,8,6-8,intermediate_6_to_8,2553,24,false,n,tier1_ngsl_general+ngsl_rank_2553+grade_estimate_8,intermediate,intermediate,4.719,29.725,9.072,intermediate_seed,intermediate_6_to_8.csv
constraint,8,6-8,intermediate_6_to_8,2554,24,false,n,tier1_ngsl_general+ngsl_rank_2554+grade_estimate_8,intermediate,intermediate,3.919,29.725,9.772,intermediate_seed,intermediate_6_to_8.csv
potentially,8,6-8,intermediate_6_to_8,2558,24,false,adv,tier1_ngsl_general+ngsl_rank_2558+grade_estimate_8,intermediate,intermediate,3.919,29.725,11.272,intermediate_seed,intermediate_6_to_8.csv
scope,8,6-8,intermediate_6_to_8,2559,24,false,n,tier1_ngsl_general+ngsl_rank_2559+grade_estimate_8,intermediate,intermediate,4.719,29.725,9.072,intermediate_seed,intermediate_6_to_8.csv
allege,8,6-8,intermediate_6_to_8,2562,24,false,n,tier1_ngsl_general+ngsl_rank_2562+grade_estimate_8,intermediate,intermediate,4.719,29.725,9.072,intermediate_seed,intermediate_6_to_8.csv
resign,8,6-8,intermediate_6_to_8,2566,24,false,n,tier1_ngsl_general+ngsl_rank_2566+grade_estimate_8,intermediate,intermediate,4.719,29.725,9.072,intermediate_seed,intermediate_6_to_8.csv
strict,8,6-8,intermediate_6_to_8,2568,24,false,n,tier1_ngsl_general+ngsl_rank_2568+grade_estimate_8,intermediate,intermediate,4.719,29.725,9.072,intermediate_seed,intermediate_6_to_8.csv
concrete,8,6-8,intermediate_6_to_8,2569,24,false,n,tier1_ngsl_general+ngsl_rank_2569+grade_estimate_8,intermediate,intermediate,3.919,29.725,9.772,intermediate_seed,intermediate_6_to_8.csv
humor,8,6-8,intermediate_6_to_8,2573,24,false,n,tier1_ngsl_general+ngsl_rank_2573+grade_estimate_8,intermediate,intermediate,4.719,29.725,9.072,intermediate_seed,intermediate_6_to_8.csv
production,6,6-8,intermediate_6_to_8,713,133,false,n,tier1_ngsl_general+ngsl_rank_713+grade_estimate_6,intermediate,intermediate,8.293,29.724,9.609,intermediate_seed,intermediate_6_to_8.csv
genetics,7,6-8,intermediate_6_to_8,610,23,true,n,tier2_nawl_academic+nawl_rank_610+grade_estimate_7,intermediate,intermediate,5.911,29.715,11.763,intermediate_seed,intermediate_6_to_8.csv
proton,7,6-8,intermediate_6_to_8,611,23,true,n,tier2_nawl_academic+nawl_rank_611+grade_estimate_7,intermediate,intermediate,6.711,29.715,11.063,intermediate_seed,intermediate_6_to_8.csv
respiratory,7,6-8,intermediate_6_to_8,616,23,true,adj,tier2_nawl_academic+nawl_rank_616+grade_estimate_7,intermediate,intermediate,5.911,29.715,13.263,intermediate_seed,intermediate_6_to_8.csv
contradict,7,6-8,intermediate_6_to_8,622,23,true,n,tier2_nawl_academic+nawl_rank_622+grade_estimate_7,intermediate,intermediate,5.911,29.715,11.763,intermediate_seed,intermediate_6_to_8.csv
cheese,8,6-8,intermediate_6_to_8,2585,23,false,n,tier1_ngsl_general+ngsl_rank_2585+grade_estimate_8,intermediate,intermediate,4.711,29.715,9.063,intermediate_seed,intermediate_6_to_8.csv
guitar,8,6-8,intermediate_6_to_8,2589,23,false,n,tier1_ngsl_general+ngsl_rank_2589+grade_estimate_8,intermediate,intermediate,4.711,29.715,9.063,intermediate_seed,intermediate_6_to_8.csv
magic,8,6-8,intermediate_6_to_8,2592,23,false,adj,tier1_ngsl_general+ngsl_rank_2592+grade_estimate_8,intermediate,intermediate,4.711,29.715,9.063,intermediate_seed,intermediate_6_to_8.csv
presumably,8,6-8,intermediate_6_to_8,2600,23,false,adv,tier1_ngsl_general+ngsl_rank_2600+grade_estimate_8,intermediate,intermediate,3.911,29.715,9.763,intermediate_seed,intermediate_6_to_8.csv
bless,8,6-8,intermediate_6_to_8,2601,23,false,adj,tier1_ngsl_general+ngsl_rank_2601+grade_estimate_8,intermediate,intermediate,4.711,29.715,9.063,intermediate_seed,intermediate_6_to_8.csv
grandmother,8,6-8,intermediate_6_to_8,2604,23,false,n,tier1_ngsl_general+ngsl_rank_2604+grade_estimate_8,intermediate,intermediate,3.911,29.715,11.263,intermediate_seed,intermediate_6_to_8.csv
civilian,8,6-8,intermediate_6_to_8,2607,23,false,n,tier1_ngsl_general+ngsl_rank_2607+grade_estimate_8,intermediate,intermediate,3.911,29.715,9.763,intermediate_seed,intermediate_6_to_8.csv
regardless,8,6-8,intermediate_6_to_8,2610,23,false,adj,tier1_ngsl_general+ngsl_rank_2610+grade_estimate_8,intermediate,intermediate,3.911,29.715,9.763,intermediate_seed,intermediate_6_to_8.csv
bunch,8,6-8,intermediate_6_to_8,2612,23,false,n,tier1_ngsl_general+ngsl_rank_2612+grade_estimate_8,intermediate,intermediate,4.711,29.715,9.063,intermediate_seed,intermediate_6_to_8.csv
greet,8,6-8,intermediate_6_to_8,2614,23,false,n,tier1_ngsl_general+ngsl_rank_2614+grade_estimate_8,intermediate,intermediate,4.711,29.715,9.063,intermediate_seed,intermediate_6_to_8.csv
hopefully,8,6-8,intermediate_6_to_8,2615,23,false,adv,tier1_ngsl_general+ngsl_rank_2615+grade_estimate_8,intermediate,intermediate,3.911,29.715,9.763,intermediate_seed,intermediate_6_to_8.csv
trick,8,6-8,intermediate_6_to_8,2617,23,false,n,tier1_ngsl_general+ngsl_rank_2617+grade_estimate_8,intermediate,intermediate,4.711,29.715,9.063,intermediate_seed,intermediate_6_to_8.csv
maker,8,6-8,intermediate_6_to_8,2619,23,false,n,tier1_ngsl_general+ngsl_rank_2619+grade_estimate_8,intermediate,intermediate,4.711,29.715,9.063,intermediate_seed,intermediate_6_to_8.csv
tissue,8,6-8,intermediate_6_to_8,2625,23,false,n,tier1_ngsl_general+ngsl_rank_2625+grade_estimate_8,intermediate,intermediate,4.711,29.715,9.063,intermediate_seed,intermediate_6_to_8.csv
barely,8,6-8,intermediate_6_to_8,2626,23,false,adv,tier1_ngsl_general+ngsl_rank_2626+grade_estimate_8,intermediate,intermediate,4.711,29.715,9.063,intermediate_seed,intermediate_6_to_8.csv
invent,8,6-8,intermediate_6_to_8,2627,23,false,adj,tier1_ngsl_general+ngsl_rank_2627+grade_estimate_8,intermediate,intermediate,4.711,29.715,9.063,intermediate_seed,intermediate_6_to_8.csv
tourism,8,6-8,intermediate_6_to_8,2628,23,false,n,tier1_ngsl_general+ngsl_rank_2628+grade_estimate_8,intermediate,intermediate,3.911,29.715,10.463,intermediate_seed,intermediate_6_to_8.csv
stair,8,6-8,intermediate_6_to_8,2630,23,false,n,tier1_ngsl_general+ngsl_rank_2630+grade_estimate_8,intermediate,intermediate,4.711,29.715,9.063,intermediate_seed,intermediate_6_to_8.csv
shine,8,6-8,intermediate_6_to_8,2632,23,false,n,tier1_ngsl_general+ngsl_rank_2632+grade_estimate_8,intermediate,intermediate,4.711,29.715,9.063,intermediate_seed,intermediate_6_to_8.csv
recognize,6,6-8,intermediate_6_to_8,733,129,false,v,tier1_ngsl_general+ngsl_rank_733+grade_estimate_6,intermediate,intermediate,8.286,29.714,9.6,intermediate_seed,intermediate_6_to_8.csv
department,6,6-8,intermediate_6_to_8,736,128,false,n,tier1_ngsl_general+ngsl_rank_736+grade_estimate_6,intermediate,intermediate,8.284,29.712,9.598,intermediate_seed,intermediate_6_to_8.csv
election,6,6-8,intermediate_6_to_8,757,126,false,n,tier1_ngsl_general+ngsl_rank_757+grade_estimate_6,intermediate,intermediate,8.28,29.707,9.593,intermediate_seed,intermediate_6_to_8.csv
interfere,7,6-8,intermediate_6_to_8,623,22,true,n,tier2_nawl_academic+nawl_rank_623+grade_estimate_7,intermediate,intermediate,5.903,29.704,11.754,intermediate_seed,intermediate_6_to_8.csv
trauma,7,6-8,intermediate_6_to_8,624,22,true,n,tier2_nawl_academic+nawl_rank_624+grade_estimate_7,intermediate,intermediate,6.703,29.704,11.054,intermediate_seed,intermediate_6_to_8.csv
upward,7,6-8,intermediate_6_to_8,625,22,true,n,tier2_nawl_academic+nawl_rank_625+grade_estimate_7,intermediate,intermediate,6.703,29.704,11.054,intermediate_seed,intermediate_6_to_8.csv
gross,7,6-8,intermediate_6_to_8,626,22,true,n,tier2_nawl_academic+nawl_rank_626+grade_estimate_7,intermediate,intermediate,6.703,29.704,11.054,intermediate_seed,intermediate_6_to_8.csv
continent,7,6-8,intermediate_6_to_8,629,22,true,adj,tier2_nawl_academic+nawl_rank_629+grade_estimate_7,intermediate,intermediate,5.903,29.704,11.754,intermediate_seed,intermediate_6_to_8.csv
viable,7,6-8,intermediate_6_to_8,631,22,true,adj,tier2_nawl_academic+nawl_rank_631+grade_estimate_7,intermediate,intermediate,6.703,29.704,11.054,intermediate_seed,intermediate_6_to_8.csv
retrieve,7,6-8,intermediate_6_to_8,633,22,true,n,tier2_nawl_academic+nawl_rank_633+grade_estimate_7,intermediate,intermediate,5.903,29.704,11.754,intermediate_seed,intermediate_6_to_8.csv
stereotype,7,6-8,intermediate_6_to_8,636,22,true,n,tier2_nawl_academic+nawl_rank_636+grade_estimate_7,intermediate,intermediate,5.903,29.704,11.754,intermediate_seed,intermediate_6_to_8.csv
romantic,8,6-8,intermediate_6_to_8,2634,22,false,adj,tier1_ngsl_general+ngsl_rank_2634+grade_estimate_8,intermediate,intermediate,3.903,29.704,9.754,intermediate_seed,intermediate_6_to_8.csv
firmly,8,6-8,intermediate_6_to_8,2635,22,false,adv,tier1_ngsl_general+ngsl_rank_2635+grade_estimate_8,intermediate,intermediate,4.703,29.704,9.054,intermediate_seed,intermediate_6_to_8.csv
interior,8,6-8,intermediate_6_to_8,2636,22,false,n,tier1_ngsl_general+ngsl_rank_2636+grade_estimate_8,intermediate,intermediate,3.903,29.704,9.754,intermediate_seed,intermediate_6_to_8.csv
excess,8,6-8,intermediate_6_to_8,2643,22,false,n,tier1_ngsl_general+ngsl_rank_2643+grade_estimate_8,intermediate,intermediate,4.703,29.704,9.054,intermediate_seed,intermediate_6_to_8.csv
surprisingly,8,6-8,intermediate_6_to_8,2646,22,false,adv,tier1_ngsl_general+ngsl_rank_2646+grade_estimate_8,intermediate,intermediate,3.903,29.704,11.254,intermediate_seed,intermediate_6_to_8.csv
differently,8,6-8,intermediate_6_to_8,2650,22,false,adv,tier1_ngsl_general+ngsl_rank_2650+grade_estimate_8,intermediate,intermediate,3.903,29.704,11.254,intermediate_seed,intermediate_6_to_8.csv
guideline,8,6-8,intermediate_6_to_8,2655,22,false,n,tier1_ngsl_general+ngsl_rank_2655+grade_estimate_8,intermediate,intermediate,3.903,29.704,9.754,intermediate_seed,intermediate_6_to_8.csv
biological,8,6-8,intermediate_6_to_8,2658,22,false,adj,tier1_ngsl_general+ngsl_rank_2658+grade_estimate_8,intermediate,intermediate,3.903,29.704,9.754,intermediate_seed,intermediate_6_to_8.csv
luxury,8,6-8,intermediate_6_to_8,2660,22,false,n,tier1_ngsl_general+ngsl_rank_2660+grade_estimate_8,intermediate,intermediate,4.703,29.704,9.054,intermediate_seed,intermediate_6_to_8.csv
wherever,8,6-8,intermediate_6_to_8,2662,22,false,n,tier1_ngsl_general+ngsl_rank_2662+grade_estimate_8,intermediate,intermediate,3.903,29.704,9.754,intermediate_seed,intermediate_6_to_8.csv
anxious,8,6-8,intermediate_6_to_8,2666,22,false,adj,tier1_ngsl_general+ngsl_rank_2666+grade_estimate_8,intermediate,intermediate,3.903,29.704,10.454,intermediate_seed,intermediate_6_to_8.csv
altogether,8,6-8,intermediate_6_to_8,2678,22,false,adv,tier1_ngsl_general+ngsl_rank_2678+grade_estimate_8,intermediate,intermediate,3.903,29.704,9.754,intermediate_seed,intermediate_6_to_8.csv
spatial,6,6-8,intermediate_6_to_8,38,123,true,adj,tier2_nawl_academic+nawl_rank_38+grade_estimate_6,intermediate,intermediate,6.274,29.699,11.487,intermediate_seed,intermediate_6_to_8.csv
antibiotic,7,6-8,intermediate_6_to_8,641,21,true,adj,tier2_nawl_academic+nawl_rank_641+grade_estimate_7,intermediate,intermediate,5.895,29.693,11.744,intermediate_seed,intermediate_6_to_8.csv
chemistry,7,6-8,intermediate_6_to_8,643,21,true,n,tier2_nawl_academic+nawl_rank_643+grade_estimate_7,intermediate,intermediate,5.895,29.693,11.744,intermediate_seed,intermediate_6_to_8.csv
axiom,7,6-8,intermediate_6_to_8,645,21,true,n,tier2_nawl_academic+nawl_rank_645+grade_estimate_7,intermediate,intermediate,6.695,29.693,11.044,intermediate_seed,intermediate_6_to_8.csv
fracture,7,6-8,intermediate_6_to_8,647,21,true,n,tier2_nawl_academic+nawl_rank_647+grade_estimate_7,intermediate,intermediate,5.895,29.693,11.744,intermediate_seed,intermediate_6_to_8.csv
transplant,7,6-8,intermediate_6_to_8,648,21,true,adj,tier2_nawl_academic+nawl_rank_648+grade_estimate_7,intermediate,intermediate,5.895,29.693,11.744,intermediate_seed,intermediate_6_to_8.csv
epidemic,8,6-8,intermediate_6_to_8,651,21,true,adj,tier2_nawl_academic+nawl_rank_651+grade_estimate_8,intermediate,intermediate,5.895,29.693,11.744,intermediate_seed,intermediate_6_to_8.csv
logic,8,6-8,intermediate_6_to_8,2684,21,false,adj,tier1_ngsl_general+ngsl_rank_2684+grade_estimate_8,intermediate,intermediate,4.695,29.693,9.044,intermediate_seed,intermediate_6_to_8.csv
controversial,8,6-8,intermediate_6_to_8,2685,21,false,adj,tier1_ngsl_general+ngsl_rank_2685+grade_estimate_8,intermediate,intermediate,3.895,29.693,11.244,intermediate_seed,intermediate_6_to_8.csv
panic,8,6-8,intermediate_6_to_8,2693,21,false,adj,tier1_ngsl_general+ngsl_rank_2693+grade_estimate_8,intermediate,intermediate,4.695,29.693,9.044,intermediate_seed,intermediate_6_to_8.csv
slope,8,6-8,intermediate_6_to_8,2696,21,false,n,tier1_ngsl_general+ngsl_rank_2696+grade_estimate_8,intermediate,intermediate,4.695,29.693,9.044,intermediate_seed,intermediate_6_to_8.csv
vessel,8,6-8,intermediate_6_to_8,2699,21,false,n,tier1_ngsl_general+ngsl_rank_2699+grade_estimate_8,intermediate,intermediate,4.695,29.693,9.044,intermediate_seed,intermediate_6_to_8.csv
reckon,8,6-8,intermediate_6_to_8,2701,21,false,n,tier1_ngsl_general+ngsl_rank_2701+grade_estimate_8,intermediate,intermediate,4.695,29.693,9.044,intermediate_seed,intermediate_6_to_8.csv
silly,8,6-8,intermediate_6_to_8,2702,21,false,adv,tier1_ngsl_general+ngsl_rank_2702+grade_estimate_8,intermediate,intermediate,4.695,29.693,9.044,intermediate_seed,intermediate_6_to_8.csv
chase,8,6-8,intermediate_6_to_8,2706,21,false,n,tier1_ngsl_general+ngsl_rank_2706+grade_estimate_8,intermediate,intermediate,4.695,29.693,9.044,intermediate_seed,intermediate_6_to_8.csv
sheep,8,6-8,intermediate_6_to_8,2710,21,false,n,tier1_ngsl_general+ngsl_rank_2710+grade_estimate_8,intermediate,intermediate,4.695,29.693,9.044,intermediate_seed,intermediate_6_to_8.csv
lover,8,6-8,intermediate_6_to_8,2711,21,false,n,tier1_ngsl_general+ngsl_rank_2711+grade_estimate_8,intermediate,intermediate,4.695,29.693,9.044,intermediate_seed,intermediate_6_to_8.csv
innocent,8,6-8,intermediate_6_to_8,2714,21,false,adj,tier1_ngsl_general+ngsl_rank_2714+grade_estimate_8,intermediate,intermediate,3.895,29.693,9.744,intermediate_seed,intermediate_6_to_8.csv
reasonably,8,6-8,intermediate_6_to_8,2718,21,false,adv,tier1_ngsl_general+ngsl_rank_2718+grade_estimate_8,intermediate,intermediate,3.895,29.693,9.744,intermediate_seed,intermediate_6_to_8.csv
filter,8,6-8,intermediate_6_to_8,2719,21,false,n,tier1_ngsl_general+ngsl_rank_2719+grade_estimate_8,intermediate,intermediate,4.695,29.693,9.044,intermediate_seed,intermediate_6_to_8.csv
flexible,8,6-8,intermediate_6_to_8,2720,21,false,adj,tier1_ngsl_general+ngsl_rank_2720+grade_estimate_8,intermediate,intermediate,3.895,29.693,9.744,intermediate_seed,intermediate_6_to_8.csv
abstract,8,6-8,intermediate_6_to_8,2721,21,false,n,tier1_ngsl_general+ngsl_rank_2721+grade_estimate_8,intermediate,intermediate,3.895,29.693,9.744,intermediate_seed,intermediate_6_to_8.csv
television,6,6-8,intermediate_6_to_8,795,120,false,n,tier1_ngsl_general+ngsl_rank_795+grade_estimate_6,intermediate,intermediate,8.268,29.691,9.58,intermediate_seed,intermediate_6_to_8.csv
treatment,6,6-8,intermediate_6_to_8,811,117,false,n,tier1_ngsl_general+ngsl_rank_811+grade_estimate_6,intermediate,intermediate,8.262,29.683,9.573,intermediate_seed,intermediate_6_to_8.csv
irrelevant,8,6-8,intermediate_6_to_8,653,20,true,adj,tier2_nawl_academic+nawl_rank_653+grade_estimate_8,intermediate,intermediate,5.886,29.682,11.734,intermediate_seed,intermediate_6_to_8.csv
mechanic,8,6-8,intermediate_6_to_8,654,20,true,adj,tier2_nawl_academic+nawl_rank_654+grade_estimate_8,intermediate,intermediate,5.886,29.682,11.734,intermediate_seed,intermediate_6_to_8.csv
dissolve,8,6-8,intermediate_6_to_8,656,20,true,n,tier2_nawl_academic+nawl_rank_656+grade_estimate_8,intermediate,intermediate,5.886,29.682,11.734,intermediate_seed,intermediate_6_to_8.csv
nonetheless,8,6-8,intermediate_6_to_8,658,20,true,adj,tier2_nawl_academic+nawl_rank_658+grade_estimate_8,intermediate,intermediate,5.886,29.682,13.234,intermediate_seed,intermediate_6_to_8.csv
individually,8,6-8,intermediate_6_to_8,661,20,true,adv,tier2_nawl_academic+nawl_rank_661+grade_estimate_8,intermediate,intermediate,5.886,29.682,13.234,intermediate_seed,intermediate_6_to_8.csv
trans,8,6-8,intermediate_6_to_8,663,20,true,n,tier2_nawl_academic+nawl_rank_663+grade_estimate_8,intermediate,intermediate,6.686,29.682,11.034,intermediate_seed,intermediate_6_to_8.csv
stranger,8,6-8,intermediate_6_to_8,2725,20,false,n,tier1_ngsl_general+ngsl_rank_2725+grade_estimate_8,intermediate,intermediate,3.886,29.682,9.734,intermediate_seed,intermediate_6_to_8.csv
shade,8,6-8,intermediate_6_to_8,2726,20,false,n,tier1_ngsl_general+ngsl_rank_2726+grade_estimate_8,intermediate,intermediate,4.686,29.682,9.034,intermediate_seed,intermediate_6_to_8.csv
grain,8,6-8,intermediate_6_to_8,2727,20,false,n,tier1_ngsl_general+ngsl_rank_2727+grade_estimate_8,intermediate,intermediate,4.686,29.682,9.034,intermediate_seed,intermediate_6_to_8.csv
situate,8,6-8,intermediate_6_to_8,2728,20,false,v,tier1_ngsl_general+ngsl_rank_2728+grade_estimate_8,intermediate,intermediate,3.886,29.682,10.434,intermediate_seed,intermediate_6_to_8.csv
uncertainty,8,6-8,intermediate_6_to_8,2734,20,false,n,tier1_ngsl_general+ngsl_rank_2734+grade_estimate_8,intermediate,intermediate,3.886,29.682,11.234,intermediate_seed,intermediate_6_to_8.csv
swear,8,6-8,intermediate_6_to_8,2735,20,false,n,tier1_ngsl_general+ngsl_rank_2735+grade_estimate_8,intermediate,intermediate,4.686,29.682,9.034,intermediate_seed,intermediate_6_to_8.csv
shore,8,6-8,intermediate_6_to_8,2737,20,false,n,tier1_ngsl_general+ngsl_rank_2737+grade_estimate_8,intermediate,intermediate,4.686,29.682,9.034,intermediate_seed,intermediate_6_to_8.csv
comprise,8,6-8,intermediate_6_to_8,2739,20,false,v,tier1_ngsl_general+ngsl_rank_2739+grade_estimate_8,intermediate,intermediate,3.886,29.682,9.734,intermediate_seed,intermediate_6_to_8.csv
pregnancy,8,6-8,intermediate_6_to_8,2743,20,false,n,tier1_ngsl_general+ngsl_rank_2743+grade_estimate_8,intermediate,intermediate,3.886,29.682,9.734,intermediate_seed,intermediate_6_to_8.csv
experimental,8,6-8,intermediate_6_to_8,2744,20,false,adj,tier1_ngsl_general+ngsl_rank_2744+grade_estimate_8,intermediate,intermediate,3.886,29.682,11.234,intermediate_seed,intermediate_6_to_8.csv
institutional,8,6-8,intermediate_6_to_8,2745,20,false,adj,tier1_ngsl_general+ngsl_rank_2745+grade_estimate_8,intermediate,intermediate,3.886,29.682,11.234,intermediate_seed,intermediate_6_to_8.csv
slice,8,6-8,intermediate_6_to_8,2746,20,false,n,tier1_ngsl_general+ngsl_rank_2746+grade_estimate_8,intermediate,intermediate,4.686,29.682,9.034,intermediate_seed,intermediate_6_to_8.csv
wander,8,6-8,intermediate_6_to_8,2747,20,false,n,tier1_ngsl_general+ngsl_rank_2747+grade_estimate_8,intermediate,intermediate,4.686,29.682,9.034,intermediate_seed,intermediate_6_to_8.csv
empire,8,6-8,intermediate_6_to_8,2748,20,false,n,tier1_ngsl_general+ngsl_rank_2748+grade_estimate_8,intermediate,intermediate,4.686,29.682,9.034,intermediate_seed,intermediate_6_to_8.csv
subsequently,8,6-8,intermediate_6_to_8,2749,20,false,adv,tier1_ngsl_general+ngsl_rank_2749+grade_estimate_8,intermediate,intermediate,3.886,29.682,11.234,intermediate_seed,intermediate_6_to_8.csv
investment,6,6-8,intermediate_6_to_8,822,116,false,n,tier1_ngsl_general+ngsl_rank_822+grade_estimate_6,intermediate,intermediate,8.26,29.68,9.57,intermediate_seed,intermediate_6_to_8.csv
lexical,6,6-8,intermediate_6_to_8,44,115,true,adj,tier2_nawl_academic+nawl_rank_44+grade_estimate_6,intermediate,intermediate,6.258,29.678,11.468,intermediate_seed,intermediate_6_to_8.csv
relation,6,6-8,intermediate_6_to_8,833,114,false,n,tier1_ngsl_general+ngsl_rank_833+grade_estimate_6,intermediate,intermediate,8.256,29.675,9.565,intermediate_seed,intermediate_6_to_8.csv
diary,8,6-8,intermediate_6_to_8,665,19,true,adj,tier2_nawl_academic+nawl_rank_665+grade_estimate_8,intermediate,intermediate,6.677,29.67,11.024,intermediate_seed,intermediate_6_to_8.csv
treaty,8,6-8,intermediate_6_to_8,666,19,true,n,tier2_nawl_academic+nawl_rank_666+grade_estimate_8,intermediate,intermediate,6.677,29.67,11.024,intermediate_seed,intermediate_6_to_8.csv
kidney,8,6-8,intermediate_6_to_8,673,19,true,n,tier2_nawl_academic+nawl_rank_673+grade_estimate_8,intermediate,intermediate,6.677,29.67,11.024,intermediate_seed,intermediate_6_to_8.csv
predator,8,6-8,intermediate_6_to_8,674,19,true,n,tier2_nawl_academic+nawl_rank_674+grade_estimate_8,intermediate,intermediate,5.877,29.67,11.724,intermediate_seed,intermediate_6_to_8.csv
functional,8,6-8,intermediate_6_to_8,2755,19,false,adj,tier1_ngsl_general+ngsl_rank_2755+grade_estimate_8,intermediate,intermediate,3.877,29.67,9.724,intermediate_seed,intermediate_6_to_8.csv
voluntary,8,6-8,intermediate_6_to_8,2756,19,false,adj,tier1_ngsl_general+ngsl_rank_2756+grade_estimate_8,intermediate,intermediate,3.877,29.67,9.724,intermediate_seed,intermediate_6_to_8.csv
stain,8,6-8,intermediate_6_to_8,2758,19,false,n,tier1_ngsl_general+ngsl_rank_2758+grade_estimate_8,intermediate,intermediate,4.677,29.67,9.024,intermediate_seed,intermediate_6_to_8.csv
tongue,8,6-8,intermediate_6_to_8,2761,19,false,n,tier1_ngsl_general+ngsl_rank_2761+grade_estimate_8,intermediate,intermediate,4.677,29.67,9.024,intermediate_seed,intermediate_6_to_8.csv
server,8,6-8,intermediate_6_to_8,2762,19,false,n,tier1_ngsl_general+ngsl_rank_2762+grade_estimate_8,intermediate,intermediate,4.677,29.67,9.024,intermediate_seed,intermediate_6_to_8.csv
structural,8,6-8,intermediate_6_to_8,2763,19,false,adj,tier1_ngsl_general+ngsl_rank_2763+grade_estimate_8,intermediate,intermediate,3.877,29.67,9.724,intermediate_seed,intermediate_6_to_8.csv
alongside,8,6-8,intermediate_6_to_8,2766,19,false,n,tier1_ngsl_general+ngsl_rank_2766+grade_estimate_8,intermediate,intermediate,3.877,29.67,9.724,intermediate_seed,intermediate_6_to_8.csv
gently,8,6-8,intermediate_6_to_8,2768,19,false,adv,tier1_ngsl_general+ngsl_rank_2768+grade_estimate_8,intermediate,intermediate,4.677,29.67,9.024,intermediate_seed,intermediate_6_to_8.csv
weird,8,6-8,intermediate_6_to_8,2771,19,false,n,tier1_ngsl_general+ngsl_rank_2771+grade_estimate_8,intermediate,intermediate,4.677,29.67,9.024,intermediate_seed,intermediate_6_to_8.csv
hypothesis,8,6-8,intermediate_6_to_8,2775,19,false,n,tier1_ngsl_general+ngsl_rank_2775+grade_estimate_8,intermediate,intermediate,3.877,29.67,9.724,intermediate_seed,intermediate_6_to_8.csv
theoretical,8,6-8,intermediate_6_to_8,2777,19,false,adj,tier1_ngsl_general+ngsl_rank_2777+grade_estimate_8,intermediate,intermediate,3.877,29.67,11.224,intermediate_seed,intermediate_6_to_8.csv
operation,6,6-8,intermediate_6_to_8,849,112,false,n,tier1_ngsl_general+ngsl_rank_849+grade_estimate_6,intermediate,intermediate,8.252,29.669,9.56,intermediate_seed,intermediate_6_to_8.csv
option,6,6-8,intermediate_6_to_8,860,110,false,n,tier1_ngsl_general+ngsl_rank_860+grade_estimate_6,intermediate,intermediate,9.048,29.663,8.855,intermediate_seed,intermediate_6_to_8.csv
instance,6,6-8,intermediate_6_to_8,864,109,false,n,tier1_ngsl_general+ngsl_rank_864+grade_estimate_6,intermediate,intermediate,8.245,29.66,9.553,intermediate_seed,intermediate_6_to_8.csv
fundamentally,8,6-8,intermediate_6_to_8,678,18,true,adv,tier2_nawl_academic+nawl_rank_678+grade_estimate_8,intermediate,intermediate,5.868,29.658,13.213,intermediate_seed,intermediate_6_to_8.csv
synthetic,8,6-8,intermediate_6_to_8,679,18,true,adj,tier2_nawl_academic+nawl_rank_679+grade_estimate_8,intermediate,intermediate,5.868,29.658,11.713,intermediate_seed,intermediate_6_to_8.csv
hepatitis,8,6-8,intermediate_6_to_8,681,18,true,n,tier2_nawl_academic+nawl_rank_681+grade_estimate_8,intermediate,intermediate,5.868,29.658,11.713,intermediate_seed,intermediate_6_to_8.csv
contradictory,8,6-8,intermediate_6_to_8,687,18,true,adj,tier2_nawl_academic+nawl_rank_687+grade_estimate_8,intermediate,intermediate,5.868,29.658,13.213,intermediate_seed,intermediate_6_to_8.csv
sustainable,8,6-8,intermediate_6_to_8,689,18,true,adj,tier2_nawl_academic+nawl_rank_689+grade_estimate_8,intermediate,intermediate,5.868,29.658,13.213,intermediate_seed,intermediate_6_to_8.csv
machinery,8,6-8,intermediate_6_to_8,691,18,true,n,tier2_nawl_academic+nawl_rank_691+grade_estimate_8,intermediate,intermediate,5.868,29.658,11.713,intermediate_seed,intermediate_6_to_8.csv
dictate,8,6-8,intermediate_6_to_8,692,18,true,v,tier2_nawl_academic+nawl_rank_692+grade_estimate_8,intermediate,intermediate,5.868,29.658,12.413,intermediate_seed,intermediate_6_to_8.csv
mayor,8,6-8,intermediate_6_to_8,2779,18,false,n,tier1_ngsl_general+ngsl_rank_2779+grade_estimate_8,intermediate,intermediate,4.668,29.658,9.013,intermediate_seed,intermediate_6_to_8.csv
competition,6,6-8,intermediate_6_to_8,875,108,false,n,tier1_ngsl_general+ngsl_rank_875+grade_estimate_6,intermediate,intermediate,8.243,29.658,11.05,intermediate_seed,intermediate_6_to_8.csv
reference,6,6-8,intermediate_6_to_8,878,107,false,n,tier1_ngsl_general+ngsl_rank_878+grade_estimate_6,intermediate,intermediate,8.241,29.655,9.548,intermediate_seed,intermediate_6_to_8.csv
document,6,6-8,intermediate_6_to_8,882,107,false,n,tier1_ngsl_general+ngsl_rank_882+grade_estimate_6,intermediate,intermediate,8.241,29.655,9.548,intermediate_seed,intermediate_6_to_8.csv
application,6,6-8,intermediate_6_to_8,884,107,false,n,tier1_ngsl_general+ngsl_rank_884+grade_estimate_6,intermediate,intermediate,8.241,29.655,11.048,intermediate_seed,intermediate_6_to_8.csv
cyclic,8,6-8,intermediate_6_to_8,697,17,true,adj,tier2_nawl_academic+nawl_rank_697+grade_estimate_8,intermediate,intermediate,6.659,29.645,11.002,intermediate_seed,intermediate_6_to_8.csv
parenthesis,8,6-8,intermediate_6_to_8,701,17,true,n,tier2_nawl_academic+nawl_rank_701+grade_estimate_8,intermediate,intermediate,5.859,29.645,13.202,intermediate_seed,intermediate_6_to_8.csv
noble,8,6-8,intermediate_6_to_8,702,17,true,n,tier2_nawl_academic+nawl_rank_702+grade_estimate_8,intermediate,intermediate,6.659,29.645,11.002,intermediate_seed,intermediate_6_to_8.csv
potassium,8,6-8,intermediate_6_to_8,703,17,true,n,tier2_nawl_academic+nawl_rank_703+grade_estimate_8,intermediate,intermediate,5.859,29.645,11.702,intermediate_seed,intermediate_6_to_8.csv
genetically,8,6-8,intermediate_6_to_8,705,17,true,adv,tier2_nawl_academic+nawl_rank_705+grade_estimate_8,intermediate,intermediate,5.859,29.645,13.202,intermediate_seed,intermediate_6_to_8.csv
bacteria,8,6-8,intermediate_6_to_8,706,17,true,n,tier2_nawl_academic+nawl_rank_706+grade_estimate_8,intermediate,intermediate,5.859,29.645,11.702,intermediate_seed,intermediate_6_to_8.csv
wisdom,8,6-8,intermediate_6_to_8,707,17,true,n,tier2_nawl_academic+nawl_rank_707+grade_estimate_8,intermediate,intermediate,6.659,29.645,11.002,intermediate_seed,intermediate_6_to_8.csv
crude,8,6-8,intermediate_6_to_8,708,17,true,adj,tier2_nawl_academic+nawl_rank_708+grade_estimate_8,intermediate,intermediate,6.659,29.645,11.002,intermediate_seed,intermediate_6_to_8.csv
realism,8,6-8,intermediate_6_to_8,709,17,true,n,tier2_nawl_academic+nawl_rank_709+grade_estimate_8,intermediate,intermediate,5.859,29.645,12.402,intermediate_seed,intermediate_6_to_8.csv
deliberately,8,6-8,intermediate_6_to_8,710,17,true,adv,tier2_nawl_academic+nawl_rank_710+grade_estimate_8,intermediate,intermediate,5.859,29.645,13.202,intermediate_seed,intermediate_6_to_8.csv
chemotherapy,8,6-8,intermediate_6_to_8,711,17,true,n,tier2_nawl_academic+nawl_rank_711+grade_estimate_8,intermediate,intermediate,5.859,29.645,13.202,intermediate_seed,intermediate_6_to_8.csv
capillary,8,6-8,intermediate_6_to_8,713,17,true,adj,tier2_nawl_academic+nawl_rank_713+grade_estimate_8,intermediate,intermediate,5.859,29.645,11.702,intermediate_seed,intermediate_6_to_8.csv
listener,8,6-8,intermediate_6_to_8,2785,17,false,n,tier1_ngsl_general+ngsl_rank_2785+grade_estimate_8,intermediate,intermediate,3.859,29.645,9.702,intermediate_seed,intermediate_6_to_8.csv
month,6,6-8,intermediate_6_to_8,209,468,false,n,tier1_ngsl_general+ngsl_rank_209+grade_estimate_6,intermediate,intermediate,9.408,29.644,7.876,intermediate_seed,intermediate_6_to_8.csv
previous,6,6-8,intermediate_6_to_8,922,103,false,adj,tier1_ngsl_general+ngsl_rank_922+grade_estimate_6,intermediate,intermediate,8.232,29.642,9.537,intermediate_seed,intermediate_6_to_8.csv
conclusion,6,6-8,intermediate_6_to_8,931,101,false,n,tier1_ngsl_general+ngsl_rank_931+grade_estimate_6,intermediate,intermediate,8.227,29.636,9.532,intermediate_seed,intermediate_6_to_8.csv
debate,6,6-8,intermediate_6_to_8,938,101,false,v,tier1_ngsl_general+ngsl_rank_938+grade_estimate_6,intermediate,intermediate,9.027,29.636,8.832,intermediate_seed,intermediate_6_to_8.csv
issue,6,6-8,intermediate_6_to_8,218,453,false,n,tier1_ngsl_general+ngsl_rank_218+grade_estimate_6,intermediate,intermediate,9.399,29.632,7.866,intermediate_seed,intermediate_6_to_8.csv
alien,8,6-8,intermediate_6_to_8,716,16,true,v,tier2_nawl_academic+nawl_rank_716+grade_estimate_8,intermediate,intermediate,6.649,29.632,10.99,intermediate_seed,intermediate_6_to_8.csv
portfolio,8,6-8,intermediate_6_to_8,717,16,true,n,tier2_nawl_academic+nawl_rank_717+grade_estimate_8,intermediate,intermediate,5.849,29.632,11.69,intermediate_seed,intermediate_6_to_8.csv
monopoly,8,6-8,intermediate_6_to_8,718,16,true,adv,tier2_nawl_academic+nawl_rank_718+grade_estimate_8,intermediate,intermediate,5.849,29.632,11.69,intermediate_seed,intermediate_6_to_8.csv
lifestyle,8,6-8,intermediate_6_to_8,719,16,true,n,tier2_nawl_academic+nawl_rank_719+grade_estimate_8,intermediate,intermediate,5.849,29.632,11.69,intermediate_seed,intermediate_6_to_8.csv
invert,8,6-8,intermediate_6_to_8,720,16,true,n,tier2_nawl_academic+nawl_rank_720+grade_estimate_8,intermediate,intermediate,6.649,29.632,10.99,intermediate_seed,intermediate_6_to_8.csv
thread,8,6-8,intermediate_6_to_8,721,16,true,n,tier2_nawl_academic+nawl_rank_721+grade_estimate_8,intermediate,intermediate,6.649,29.632,10.99,intermediate_seed,intermediate_6_to_8.csv
transcribe,8,6-8,intermediate_6_to_8,724,16,true,n,tier2_nawl_academic+nawl_rank_724+grade_estimate_8,intermediate,intermediate,5.849,29.632,11.69,intermediate_seed,intermediate_6_to_8.csv
dilute,8,6-8,intermediate_6_to_8,725,16,true,n,tier2_nawl_academic+nawl_rank_725+grade_estimate_8,intermediate,intermediate,6.649,29.632,10.99,intermediate_seed,intermediate_6_to_8.csv
tribe,8,6-8,intermediate_6_to_8,726,16,true,n,tier2_nawl_academic+nawl_rank_726+grade_estimate_8,intermediate,intermediate,6.649,29.632,10.99,intermediate_seed,intermediate_6_to_8.csv
economically,8,6-8,intermediate_6_to_8,728,16,true,adv,tier2_nawl_academic+nawl_rank_728+grade_estimate_8,intermediate,intermediate,5.849,29.632,13.19,intermediate_seed,intermediate_6_to_8.csv
tender,8,6-8,intermediate_6_to_8,2787,16,false,n,tier1_ngsl_general+ngsl_rank_2787+grade_estimate_8,intermediate,intermediate,4.649,29.632,8.99,intermediate_seed,intermediate_6_to_8.csv
density,8,6-8,intermediate_6_to_8,2788,16,false,n,tier1_ngsl_general+ngsl_rank_2788+grade_estimate_8,intermediate,intermediate,3.849,29.632,10.39,intermediate_seed,intermediate_6_to_8.csv
possibility,6,6-8,intermediate_6_to_8,951,99,false,n,tier1_ngsl_general+ngsl_rank_951+grade_estimate_6,intermediate,intermediate,8.222,29.63,11.026,intermediate_seed,intermediate_6_to_8.csv
facility,6,6-8,intermediate_6_to_8,953,99,false,n,tier1_ngsl_general+ngsl_rank_953+grade_estimate_6,intermediate,intermediate,8.222,29.63,9.526,intermediate_seed,intermediate_6_to_8.csv
critically,8,6-8,intermediate_6_to_8,729,15,true,adv,tier2_nawl_academic+nawl_rank_729+grade_estimate_8,intermediate,intermediate,5.839,29.618,11.679,intermediate_seed,intermediate_6_to_8.csv
prejudice,8,6-8,intermediate_6_to_8,733,15,true,n,tier2_nawl_academic+nawl_rank_733+grade_estimate_8,intermediate,intermediate,5.839,29.618,11.679,intermediate_seed,intermediate_6_to_8.csv
helix,8,6-8,intermediate_6_to_8,736,15,true,n,tier2_nawl_academic+nawl_rank_736+grade_estimate_8,intermediate,intermediate,6.639,29.618,10.979,intermediate_seed,intermediate_6_to_8.csv
interrupt,8,6-8,intermediate_6_to_8,737,15,true,n,tier2_nawl_academic+nawl_rank_737+grade_estimate_8,intermediate,intermediate,5.839,29.618,11.679,intermediate_seed,intermediate_6_to_8.csv
module,8,6-8,intermediate_6_to_8,2790,15,false,n,tier1_ngsl_general+ngsl_rank_2790+grade_estimate_8,intermediate,intermediate,4.639,29.618,8.979,intermediate_seed,intermediate_6_to_8.csv
faithfully,8,6-8,intermediate_6_to_8,2791,15,false,adv,tier1_ngsl_general+ngsl_rank_2791+grade_estimate_8,intermediate,intermediate,3.839,29.618,9.679,intermediate_seed,intermediate_6_to_8.csv
cheek,8,6-8,intermediate_6_to_8,2793,15,false,n,tier1_ngsl_general+ngsl_rank_2793+grade_estimate_8,intermediate,intermediate,4.639,29.618,8.979,intermediate_seed,intermediate_6_to_8.csv
node,6,6-8,intermediate_6_to_8,58,95,true,n,tier2_nawl_academic+nawl_rank_58+grade_estimate_6,intermediate,intermediate,8.013,29.617,11.415,intermediate_seed,intermediate_6_to_8.csv
conversation,6,6-8,intermediate_6_to_8,982,93,false,n,tier1_ngsl_general+ngsl_rank_982+grade_estimate_6,intermediate,intermediate,8.208,29.61,11.009,intermediate_seed,intermediate_6_to_8.csv
communication,6,6-8,intermediate_6_to_8,991,93,false,n,tier1_ngsl_general+ngsl_rank_991+grade_estimate_6,intermediate,intermediate,8.208,29.61,11.009,intermediate_seed,intermediate_6_to_8.csv
generation,6,6-8,intermediate_6_to_8,998,92,false,n,tier1_ngsl_general+ngsl_rank_998+grade_estimate_6,intermediate,intermediate,8.205,29.607,9.506,intermediate_seed,intermediate_6_to_8.csv
happen,6,6-8,intermediate_6_to_8,236,420,false,v,tier1_ngsl_general+ngsl_rank_236+grade_estimate_6,intermediate,intermediate,9.38,29.607,7.843,intermediate_seed,intermediate_6_to_8.csv
offer,6,6-8,intermediate_6_to_8,237,418,false,v,tier1_ngsl_general+ngsl_rank_237+grade_estimate_6,intermediate,intermediate,9.379,29.605,7.842,intermediate_seed,intermediate_6_to_8.csv
confound,8,6-8,intermediate_6_to_8,745,14,true,n,tier2_nawl_academic+nawl_rank_745+grade_estimate_8,intermediate,intermediate,5.828,29.604,11.666,intermediate_seed,intermediate_6_to_8.csv
competent,8,6-8,intermediate_6_to_8,746,14,true,adj,tier2_nawl_academic+nawl_rank_746+grade_estimate_8,intermediate,intermediate,5.828,29.604,11.666,intermediate_seed,intermediate_6_to_8.csv
layout,8,6-8,intermediate_6_to_8,748,14,true,n,tier2_nawl_academic+nawl_rank_748+grade_estimate_8,intermediate,intermediate,6.628,29.604,10.966,intermediate_seed,intermediate_6_to_8.csv
fabric,8,6-8,intermediate_6_to_8,749,14,true,adj,tier2_nawl_academic+nawl_rank_749+grade_estimate_8,intermediate,intermediate,6.628,29.604,10.966,intermediate_seed,intermediate_6_to_8.csv
container,8,6-8,intermediate_6_to_8,750,14,true,n,tier2_nawl_academic+nawl_rank_750+grade_estimate_8,intermediate,intermediate,5.828,29.604,11.666,intermediate_seed,intermediate_6_to_8.csv
reservoir,8,6-8,intermediate_6_to_8,752,14,true,n,tier2_nawl_academic+nawl_rank_752+grade_estimate_8,intermediate,intermediate,5.828,29.604,11.666,intermediate_seed,intermediate_6_to_8.csv
footnote,8,6-8,intermediate_6_to_8,753,14,true,n,tier2_nawl_academic+nawl_rank_753+grade_estimate_8,intermediate,intermediate,5.828,29.604,11.666,intermediate_seed,intermediate_6_to_8.csv
bodily,8,6-8,intermediate_6_to_8,754,14,true,adv,tier2_nawl_academic+nawl_rank_754+grade_estimate_8,intermediate,intermediate,6.628,29.604,10.966,intermediate_seed,intermediate_6_to_8.csv
niche,8,6-8,intermediate_6_to_8,755,14,true,n,tier2_nawl_academic+nawl_rank_755+grade_estimate_8,intermediate,intermediate,6.628,29.604,10.966,intermediate_seed,intermediate_6_to_8.csv
vague,8,6-8,intermediate_6_to_8,756,14,true,adj,tier2_nawl_academic+nawl_rank_756+grade_estimate_8,intermediate,intermediate,6.628,29.604,10.966,intermediate_seed,intermediate_6_to_8.csv
affirm,8,6-8,intermediate_6_to_8,757,14,true,n,tier2_nawl_academic+nawl_rank_757+grade_estimate_8,intermediate,intermediate,6.628,29.604,10.966,intermediate_seed,intermediate_6_to_8.csv
holder,8,6-8,intermediate_6_to_8,2795,14,false,n,tier1_ngsl_general+ngsl_rank_2795+grade_estimate_8,intermediate,intermediate,4.628,29.604,8.966,intermediate_seed,intermediate_6_to_8.csv
none,6,6-8,intermediate_6_to_8,1014,90,false,n,tier1_ngsl_general+ngsl_rank_1014+grade_estimate_6,intermediate,intermediate,6.0,29.6,9.4,intermediate_seed,intermediate_6_to_8.csv
content,6,6-8,intermediate_6_to_8,1025,89,false,adj,tier1_ngsl_general+ngsl_rank_1025+grade_estimate_6,intermediate,intermediate,4.197,29.597,9.397,intermediate_seed,intermediate_6_to_8.csv
prevent,6,6-8,intermediate_6_to_8,1026,89,false,v,tier1_ngsl_general+ngsl_rank_1026+grade_estimate_6,intermediate,intermediate,4.197,29.597,9.397,intermediate_seed,intermediate_6_to_8.csv
mix,6,6-8,intermediate_6_to_8,1029,88,false,n,tier1_ngsl_general+ngsl_rank_1029+grade_estimate_6,intermediate,intermediate,5.995,29.593,9.394,intermediate_seed,intermediate_6_to_8.csv
medical,6,6-8,intermediate_6_to_8,1033,88,false,adj,tier1_ngsl_general+ngsl_rank_1033+grade_estimate_6,intermediate,intermediate,4.195,29.593,9.394,intermediate_seed,intermediate_6_to_8.csv
optimal,6,6-8,intermediate_6_to_8,72,87,true,adj,tier2_nawl_academic+nawl_rank_72+grade_estimate_6,intermediate,intermediate,6.192,29.589,11.391,intermediate_seed,intermediate_6_to_8.csv
urine,8,6-8,intermediate_6_to_8,758,13,true,n,tier2_nawl_academic+nawl_rank_758+grade_estimate_8,intermediate,intermediate,6.617,29.589,10.953,intermediate_seed,intermediate_6_to_8.csv
afterward,8,6-8,intermediate_6_to_8,759,13,true,n,tier2_nawl_academic+nawl_rank_759+grade_estimate_8,intermediate,intermediate,5.817,29.589,11.653,intermediate_seed,intermediate_6_to_8.csv
unemployed,8,6-8,intermediate_6_to_8,762,13,true,v,tier2_nawl_academic+nawl_rank_762+grade_estimate_8,intermediate,intermediate,5.817,29.589,11.653,intermediate_seed,intermediate_6_to_8.csv
toxic,8,6-8,intermediate_6_to_8,763,13,true,adj,tier2_nawl_academic+nawl_rank_763+grade_estimate_8,intermediate,intermediate,6.617,29.589,10.953,intermediate_seed,intermediate_6_to_8.csv
yeast,8,6-8,intermediate_6_to_8,764,13,true,n,tier2_nawl_academic+nawl_rank_764+grade_estimate_8,intermediate,intermediate,6.617,29.589,10.953,intermediate_seed,intermediate_6_to_8.csv
forum,8,6-8,intermediate_6_to_8,766,13,true,n,tier2_nawl_academic+nawl_rank_766+grade_estimate_8,intermediate,intermediate,6.617,29.589,10.953,intermediate_seed,intermediate_6_to_8.csv
bleed,8,6-8,intermediate_6_to_8,767,13,true,v,tier2_nawl_academic+nawl_rank_767+grade_estimate_8,intermediate,intermediate,6.617,29.589,10.953,intermediate_seed,intermediate_6_to_8.csv
overhead,8,6-8,intermediate_6_to_8,768,13,true,n,tier2_nawl_academic+nawl_rank_768+grade_estimate_8,intermediate,intermediate,5.817,29.589,11.653,intermediate_seed,intermediate_6_to_8.csv
republic,8,6-8,intermediate_6_to_8,769,13,true,adj,tier2_nawl_academic+nawl_rank_769+grade_estimate_8,intermediate,intermediate,5.817,29.589,11.653,intermediate_seed,intermediate_6_to_8.csv
processor,8,6-8,intermediate_6_to_8,770,13,true,n,tier2_nawl_academic+nawl_rank_770+grade_estimate_8,intermediate,intermediate,5.817,29.589,11.653,intermediate_seed,intermediate_6_to_8.csv
audit,8,6-8,intermediate_6_to_8,772,13,true,n,tier2_nawl_academic+nawl_rank_772+grade_estimate_8,intermediate,intermediate,6.617,29.589,10.953,intermediate_seed,intermediate_6_to_8.csv
comply,8,6-8,intermediate_6_to_8,772,13,true,adv,tier2_nawl_academic+nawl_rank_772+grade_estimate_8,intermediate,intermediate,6.617,29.589,10.953,intermediate_seed,intermediate_6_to_8.csv
legend,8,6-8,intermediate_6_to_8,774,13,true,n,tier2_nawl_academic+nawl_rank_774+grade_estimate_8,intermediate,intermediate,6.617,29.589,10.953,intermediate_seed,intermediate_6_to_8.csv
text,6,6-8,intermediate_6_to_8,1048,86,false,n,tier1_ngsl_general+ngsl_rank_1048+grade_estimate_6,intermediate,intermediate,5.989,29.586,9.388,intermediate_seed,intermediate_6_to_8.csv
sex,6,6-8,intermediate_6_to_8,1063,85,false,n,tier1_ngsl_general+ngsl_rank_1063+grade_estimate_6,intermediate,intermediate,5.987,29.582,9.384,intermediate_seed,intermediate_6_to_8.csv
deliver,6,6-8,intermediate_6_to_8,1064,85,false,n,tier1_ngsl_general+ngsl_rank_1064+grade_estimate_6,intermediate,intermediate,4.187,29.582,9.384,intermediate_seed,intermediate_6_to_8.csv
primary,6,6-8,intermediate_6_to_8,1067,85,false,adj,tier1_ngsl_general+ngsl_rank_1067+grade_estimate_6,intermediate,intermediate,4.187,29.582,9.384,intermediate_seed,intermediate_6_to_8.csv
pathway,6,6-8,intermediate_6_to_8,82,83,true,n,tier2_nawl_academic+nawl_rank_82+grade_estimate_6,intermediate,intermediate,6.181,29.575,11.378,intermediate_seed,intermediate_6_to_8.csv
hang,6,6-8,intermediate_6_to_8,1085,83,false,n,tier1_ngsl_general+ngsl_rank_1085+grade_estimate_6,intermediate,intermediate,5.981,29.575,9.378,intermediate_seed,intermediate_6_to_8.csv
band,6,6-8,intermediate_6_to_8,1087,83,false,n,tier1_ngsl_general+ngsl_rank_1087+grade_estimate_6,intermediate,intermediate,5.981,29.575,9.378,intermediate_seed,intermediate_6_to_8.csv
tour,6,6-8,intermediate_6_to_8,1089,83,false,n,tier1_ngsl_general+ngsl_rank_1089+grade_estimate_6,intermediate,intermediate,5.981,29.575,9.378,intermediate_seed,intermediate_6_to_8.csv
drain,8,6-8,intermediate_6_to_8,776,12,true,n,tier2_nawl_academic+nawl_rank_776+grade_estimate_8,intermediate,intermediate,6.605,29.574,10.94,intermediate_seed,intermediate_6_to_8.csv
abdominal,8,6-8,intermediate_6_to_8,777,12,true,adj,tier2_nawl_academic+nawl_rank_777+grade_estimate_8,intermediate,intermediate,5.805,29.574,11.64,intermediate_seed,intermediate_6_to_8.csv
media,8,6-8,intermediate_6_to_8,778,12,true,n,tier2_nawl_academic+nawl_rank_778+grade_estimate_8,intermediate,intermediate,6.605,29.574,10.94,intermediate_seed,intermediate_6_to_8.csv
tempt,8,6-8,intermediate_6_to_8,779,12,true,n,tier2_nawl_academic+nawl_rank_779+grade_estimate_8,intermediate,intermediate,6.605,29.574,10.94,intermediate_seed,intermediate_6_to_8.csv
outlet,8,6-8,intermediate_6_to_8,780,12,true,n,tier2_nawl_academic+nawl_rank_780+grade_estimate_8,intermediate,intermediate,6.605,29.574,10.94,intermediate_seed,intermediate_6_to_8.csv
founds,8,6-8,intermediate_6_to_8,782,12,true,n,tier2_nawl_academic+nawl_rank_782+grade_estimate_8,intermediate,intermediate,6.605,29.574,10.94,intermediate_seed,intermediate_6_to_8.csv
invade,8,6-8,intermediate_6_to_8,783,12,true,n,tier2_nawl_academic+nawl_rank_783+grade_estimate_8,intermediate,intermediate,6.605,29.574,10.94,intermediate_seed,intermediate_6_to_8.csv
interviewer,8,6-8,intermediate_6_to_8,784,12,true,n,tier2_nawl_academic+nawl_rank_784+grade_estimate_8,intermediate,intermediate,5.805,29.574,13.14,intermediate_seed,intermediate_6_to_8.csv
supposedly,8,6-8,intermediate_6_to_8,787,12,true,adv,tier2_nawl_academic+nawl_rank_787+grade_estimate_8,intermediate,intermediate,5.805,29.574,11.64,intermediate_seed,intermediate_6_to_8.csv
swell,8,6-8,intermediate_6_to_8,789,12,true,n,tier2_nawl_academic+nawl_rank_789+grade_estimate_8,intermediate,intermediate,6.605,29.574,10.94,intermediate_seed,intermediate_6_to_8.csv
altitude,8,6-8,intermediate_6_to_8,791,12,true,n,tier2_nawl_academic+nawl_rank_791+grade_estimate_8,intermediate,intermediate,5.805,29.574,11.64,intermediate_seed,intermediate_6_to_8.csv
gauge,8,6-8,intermediate_6_to_8,792,12,true,n,tier2_nawl_academic+nawl_rank_792+grade_estimate_8,intermediate,intermediate,6.605,29.574,10.94,intermediate_seed,intermediate_6_to_8.csv
transparency,8,6-8,intermediate_6_to_8,793,12,true,n,tier2_nawl_academic+nawl_rank_793+grade_estimate_8,intermediate,intermediate,5.805,29.574,13.14,intermediate_seed,intermediate_6_to_8.csv
spend,6,6-8,intermediate_6_to_8,258,378,false,n,tier1_ngsl_general+ngsl_rank_258+grade_estimate_6,intermediate,intermediate,9.353,29.571,7.812,intermediate_seed,intermediate_6_to_8.csv
precede,6,6-8,intermediate_6_to_8,85,82,true,v,tier2_nawl_academic+nawl_rank_85+grade_estimate_6,intermediate,intermediate,6.178,29.571,11.375,intermediate_seed,intermediate_6_to_8.csv
leg,6,6-8,intermediate_6_to_8,1097,82,false,n,tier1_ngsl_general+ngsl_rank_1097+grade_estimate_6,intermediate,intermediate,5.978,29.571,9.375,intermediate_seed,intermediate_6_to_8.csv
examine,6,6-8,intermediate_6_to_8,1104,81,false,v,tier1_ngsl_general+ngsl_rank_1104+grade_estimate_6,intermediate,intermediate,4.175,29.567,9.371,intermediate_seed,intermediate_6_to_8.csv
display,6,6-8,intermediate_6_to_8,1109,81,false,v,tier1_ngsl_general+ngsl_rank_1109+grade_estimate_6,intermediate,intermediate,4.175,29.567,9.371,intermediate_seed,intermediate_6_to_8.csv
overall,6,6-8,intermediate_6_to_8,1113,81,false,adj,tier1_ngsl_general+ngsl_rank_1113+grade_estimate_6,intermediate,intermediate,4.175,29.567,9.371,intermediate_seed,intermediate_6_to_8.csv
beam,6,6-8,intermediate_6_to_8,95,80,true,n,tier2_nawl_academic+nawl_rank_95+grade_estimate_6,intermediate,intermediate,7.973,29.563,11.368,intermediate_seed,intermediate_6_to_8.csv
norm,6,6-8,intermediate_6_to_8,97,80,true,n,tier2_nawl_academic+nawl_rank_97+grade_estimate_6,intermediate,intermediate,7.973,29.563,11.368,intermediate_seed,intermediate_6_to_8.csv
user,6,6-8,intermediate_6_to_8,1115,80,false,n,tier1_ngsl_general+ngsl_rank_1115+grade_estimate_6,intermediate,intermediate,5.973,29.563,9.368,intermediate_seed,intermediate_6_to_8.csv
respond,6,6-8,intermediate_6_to_8,1116,80,false,v,tier1_ngsl_general+ngsl_rank_1116+grade_estimate_6,intermediate,intermediate,4.173,29.563,9.368,intermediate_seed,intermediate_6_to_8.csv
slow,6,6-8,intermediate_6_to_8,1118,80,false,n,tier1_ngsl_general+ngsl_rank_1118+grade_estimate_6,intermediate,intermediate,5.973,29.563,9.368,intermediate_seed,intermediate_6_to_8.csv
regular,6,6-8,intermediate_6_to_8,1119,80,false,n,tier1_ngsl_general+ngsl_rank_1119+grade_estimate_6,intermediate,intermediate,4.173,29.563,9.368,intermediate_seed,intermediate_6_to_8.csv
suit,6,6-8,intermediate_6_to_8,1122,80,false,n,tier1_ngsl_general+ngsl_rank_1122+grade_estimate_6,intermediate,intermediate,5.973,29.563,9.368,intermediate_seed,intermediate_6_to_8.csv
decline,6,6-8,intermediate_6_to_8,1129,79,false,n,tier1_ngsl_general+ngsl_rank_1129+grade_estimate_6,intermediate,intermediate,4.17,29.56,9.365,intermediate_seed,intermediate_6_to_8.csv
warn,6,6-8,intermediate_6_to_8,1132,79,false,n,tier1_ngsl_general+ngsl_rank_1132+grade_estimate_6,intermediate,intermediate,5.97,29.56,9.365,intermediate_seed,intermediate_6_to_8.csv
chloride,8,6-8,intermediate_6_to_8,796,11,true,n,tier2_nawl_academic+nawl_rank_796+grade_estimate_8,intermediate,intermediate,5.793,29.558,11.626,intermediate_seed,intermediate_6_to_8.csv
sensible,8,6-8,intermediate_6_to_8,797,11,true,adj,tier2_nawl_academic+nawl_rank_797+grade_estimate_8,intermediate,intermediate,5.793,29.558,11.626,intermediate_seed,intermediate_6_to_8.csv
weave,8,6-8,intermediate_6_to_8,798,11,true,n,tier2_nawl_academic+nawl_rank_798+grade_estimate_8,intermediate,intermediate,6.593,29.558,10.926,intermediate_seed,intermediate_6_to_8.csv
audio,8,6-8,intermediate_6_to_8,807,11,true,n,tier2_nawl_academic+nawl_rank_807+grade_estimate_8,intermediate,intermediate,6.593,29.558,10.926,intermediate_seed,intermediate_6_to_8.csv
facet,8,6-8,intermediate_6_to_8,809,11,true,n,tier2_nawl_academic+nawl_rank_809+grade_estimate_8,intermediate,intermediate,6.593,29.558,10.926,intermediate_seed,intermediate_6_to_8.csv
partner,6,6-8,intermediate_6_to_8,1136,78,false,n,tier1_ngsl_general+ngsl_rank_1136+grade_estimate_6,intermediate,intermediate,4.167,29.556,9.361,intermediate_seed,intermediate_6_to_8.csv
taxi,6,6-8,intermediate_6_to_8,1148,77,false,n,tier1_ngsl_general+ngsl_rank_1148+grade_estimate_6,intermediate,intermediate,5.964,29.552,9.358,intermediate_seed,intermediate_6_to_8.csv
feed,6,6-8,intermediate_6_to_8,1149,77,false,v,tier1_ngsl_general+ngsl_rank_1149+grade_estimate_6,intermediate,intermediate,5.964,29.552,9.358,intermediate_seed,intermediate_6_to_8.csv
pain,6,6-8,intermediate_6_to_8,1150,77,false,n,tier1_ngsl_general+ngsl_rank_1150+grade_estimate_6,intermediate,intermediate,5.964,29.552,9.358,intermediate_seed,intermediate_6_to_8.csv
mistake,6,6-8,intermediate_6_to_8,1152,77,false,n,tier1_ngsl_general+ngsl_rank_1152+grade_estimate_6,intermediate,intermediate,4.164,29.552,9.358,intermediate_seed,intermediate_6_to_8.csv
satisfy,6,6-8,intermediate_6_to_8,1154,77,false,n,tier1_ngsl_general+ngsl_rank_1154+grade_estimate_6,intermediate,intermediate,4.164,29.552,9.358,intermediate_seed,intermediate_6_to_8.csv
splice,8,6-8,intermediate_6_to_8,810,10,true,n,tier2_nawl_academic+nawl_rank_810+grade_estimate_8,intermediate,intermediate,6.581,29.541,10.911,intermediate_seed,intermediate_6_to_8.csv
incumbent,8,6-8,intermediate_6_to_8,811,10,true,adj,tier2_nawl_academic+nawl_rank_811+grade_estimate_8,intermediate,intermediate,5.781,29.541,11.611,intermediate_seed,intermediate_6_to_8.csv
chunk,8,6-8,intermediate_6_to_8,813,10,true,n,tier2_nawl_academic+nawl_rank_813+grade_estimate_8,intermediate,intermediate,6.581,29.541,10.911,intermediate_seed,intermediate_6_to_8.csv
tutor,8,6-8,intermediate_6_to_8,815,10,true,n,tier2_nawl_academic+nawl_rank_815+grade_estimate_8,intermediate,intermediate,6.581,29.541,10.911,intermediate_seed,intermediate_6_to_8.csv
super,8,6-8,intermediate_6_to_8,816,10,true,n,tier2_nawl_academic+nawl_rank_816+grade_estimate_8,intermediate,intermediate,6.581,29.541,10.911,intermediate_seed,intermediate_6_to_8.csv
aluminum,8,6-8,intermediate_6_to_8,818,10,true,n,tier2_nawl_academic+nawl_rank_818+grade_estimate_8,intermediate,intermediate,5.781,29.541,11.611,intermediate_seed,intermediate_6_to_8.csv
liable,8,6-8,intermediate_6_to_8,820,10,true,adj,tier2_nawl_academic+nawl_rank_820+grade_estimate_8,intermediate,intermediate,6.581,29.541,10.911,intermediate_seed,intermediate_6_to_8.csv
hello,8,6-8,intermediate_6_to_8,2803,10,false,n,tier1_ngsl_general+ngsl_rank_2803+grade_estimate_8,intermediate,intermediate,4.581,29.541,8.911,intermediate_seed,intermediate_6_to_8.csv
dose,6,6-8,intermediate_6_to_8,111,74,true,n,tier2_nawl_academic+nawl_rank_111+grade_estimate_6,intermediate,intermediate,7.955,29.539,11.347,intermediate_seed,intermediate_6_to_8.csv
roll,6,6-8,intermediate_6_to_8,1180,74,false,n,tier1_ngsl_general+ngsl_rank_1180+grade_estimate_6,intermediate,intermediate,5.955,29.539,9.347,intermediate_seed,intermediate_6_to_8.csv
net,6,6-8,intermediate_6_to_8,1191,74,false,n,tier1_ngsl_general+ngsl_rank_1191+grade_estimate_6,intermediate,intermediate,5.955,29.539,9.347,intermediate_seed,intermediate_6_to_8.csv
defense,6,6-8,intermediate_6_to_8,1194,74,false,n,tier1_ngsl_general+ngsl_rank_1194+grade_estimate_6,intermediate,intermediate,4.155,29.539,9.347,intermediate_seed,intermediate_6_to_8.csv
nuclear,6,6-8,intermediate_6_to_8,1198,73,false,n,tier1_ngsl_general+ngsl_rank_1198+grade_estimate_6,intermediate,intermediate,4.151,29.535,9.343,intermediate_seed,intermediate_6_to_8.csv
confirm,7,6-8,intermediate_6_to_8,1206,73,false,n,tier1_ngsl_general+ngsl_rank_1206+grade_estimate_7,intermediate,intermediate,4.151,29.535,9.343,intermediate_seed,intermediate_6_to_8.csv
sin,6,6-8,intermediate_6_to_8,120,72,true,n,tier2_nawl_academic+nawl_rank_120+grade_estimate_6,intermediate,intermediate,7.948,29.531,11.34,intermediate_seed,intermediate_6_to_8.csv
concept,7,6-8,intermediate_6_to_8,1213,72,false,n,tier1_ngsl_general+ngsl_rank_1213+grade_estimate_7,intermediate,intermediate,4.148,29.531,9.34,intermediate_seed,intermediate_6_to_8.csv
traffic,7,6-8,intermediate_6_to_8,1225,71,false,adj,tier1_ngsl_general+ngsl_rank_1225+grade_estimate_7,intermediate,intermediate,4.145,29.527,9.336,intermediate_seed,intermediate_6_to_8.csv
tool,7,6-8,intermediate_6_to_8,1227,71,false,n,tier1_ngsl_general+ngsl_rank_1227+grade_estimate_7,intermediate,intermediate,5.945,29.527,9.336,intermediate_seed,intermediate_6_to_8.csv
busy,7,6-8,intermediate_6_to_8,1233,71,false,n,tier1_ngsl_general+ngsl_rank_1233+grade_estimate_7,intermediate,intermediate,5.945,29.527,9.336,intermediate_seed,intermediate_6_to_8.csv
mass,7,6-8,intermediate_6_to_8,1236,71,false,n,tier1_ngsl_general+ngsl_rank_1236+grade_estimate_7,intermediate,intermediate,5.945,29.527,9.336,intermediate_seed,intermediate_6_to_8.csv
failure,7,6-8,intermediate_6_to_8,1239,71,false,n,tier1_ngsl_general+ngsl_rank_1239+grade_estimate_7,intermediate,intermediate,4.145,29.527,9.336,intermediate_seed,intermediate_6_to_8.csv
pesticide,8,6-8,intermediate_6_to_8,822,9,true,n,tier2_nawl_academic+nawl_rank_822+grade_estimate_8,intermediate,intermediate,5.767,29.523,11.595,intermediate_seed,intermediate_6_to_8.csv
technically,8,6-8,intermediate_6_to_8,823,9,true,adv,tier2_nawl_academic+nawl_rank_823+grade_estimate_8,intermediate,intermediate,5.767,29.523,13.095,intermediate_seed,intermediate_6_to_8.csv
criteria,8,6-8,intermediate_6_to_8,824,9,true,n,tier2_ngsl_nawl_overlap+ngsl_rank_1953+nawl_rank_824+grade_estimate_8,intermediate,intermediate,5.767,29.523,11.595,intermediate_seed,intermediate_6_to_8.csv
fringe,8,6-8,intermediate_6_to_8,825,9,true,n,tier2_nawl_academic+nawl_rank_825+grade_estimate_8,intermediate,intermediate,6.567,29.523,10.895,intermediate_seed,intermediate_6_to_8.csv
messenger,8,6-8,intermediate_6_to_8,826,9,true,n,tier2_nawl_academic+nawl_rank_826+grade_estimate_8,intermediate,intermediate,5.767,29.523,11.595,intermediate_seed,intermediate_6_to_8.csv
snake,8,6-8,intermediate_6_to_8,831,9,true,n,tier2_nawl_academic+nawl_rank_831+grade_estimate_8,intermediate,intermediate,6.567,29.523,10.895,intermediate_seed,intermediate_6_to_8.csv
flesh,8,6-8,intermediate_6_to_8,832,9,true,n,tier2_nawl_academic+nawl_rank_832+grade_estimate_8,intermediate,intermediate,6.567,29.523,10.895,intermediate_seed,intermediate_6_to_8.csv
marrow,8,6-8,intermediate_6_to_8,834,9,true,n,tier2_nawl_academic+nawl_rank_834+grade_estimate_8,intermediate,intermediate,6.567,29.523,10.895,intermediate_seed,intermediate_6_to_8.csv
instinct,8,6-8,intermediate_6_to_8,836,9,true,n,tier2_nawl_academic+nawl_rank_836+grade_estimate_8,intermediate,intermediate,5.767,29.523,11.595,intermediate_seed,intermediate_6_to_8.csv
hunger,8,6-8,intermediate_6_to_8,2804,9,false,n,tier1_ngsl_general+ngsl_rank_2804+grade_estimate_8,intermediate,intermediate,4.567,29.523,8.895,intermediate_seed,intermediate_6_to_8.csv
insure,8,6-8,intermediate_6_to_8,2805,9,false,n,tier1_ngsl_general+ngsl_rank_2805+grade_estimate_8,intermediate,intermediate,4.567,29.523,8.895,intermediate_seed,intermediate_6_to_8.csv
combine,7,6-8,intermediate_6_to_8,1244,70,false,n,tier1_ngsl_general+ngsl_rank_1244+grade_estimate_7,intermediate,intermediate,4.142,29.522,9.332,intermediate_seed,intermediate_6_to_8.csv
hide,7,6-8,intermediate_6_to_8,1247,70,false,n,tier1_ngsl_general+ngsl_rank_1247+grade_estimate_7,intermediate,intermediate,5.942,29.522,9.332,intermediate_seed,intermediate_6_to_8.csv
meal,7,6-8,intermediate_6_to_8,1250,70,false,adj,tier1_ngsl_general+ngsl_rank_1250+grade_estimate_7,intermediate,intermediate,5.942,29.522,9.332,intermediate_seed,intermediate_6_to_8.csv
bag,7,6-8,intermediate_6_to_8,1252,70,false,n,tier1_ngsl_general+ngsl_rank_1252+grade_estimate_7,intermediate,intermediate,5.942,29.522,9.332,intermediate_seed,intermediate_6_to_8.csv
duty,7,6-8,intermediate_6_to_8,1262,69,false,n,tier1_ngsl_general+ngsl_rank_1262+grade_estimate_7,intermediate,intermediate,5.939,29.518,9.328,intermediate_seed,intermediate_6_to_8.csv
connect,7,6-8,intermediate_6_to_8,1264,69,false,n,tier1_ngsl_general+ngsl_rank_1264+grade_estimate_7,intermediate,intermediate,4.139,29.518,9.328,intermediate_seed,intermediate_6_to_8.csv
arrange,7,6-8,intermediate_6_to_8,1266,68,false,n,tier1_ngsl_general+ngsl_rank_1266+grade_estimate_7,intermediate,intermediate,4.135,29.514,9.324,intermediate_seed,intermediate_6_to_8.csv
bird,7,6-8,intermediate_6_to_8,1271,68,false,n,tier1_ngsl_general+ngsl_rank_1271+grade_estimate_7,intermediate,intermediate,5.935,29.514,9.324,intermediate_seed,intermediate_6_to_8.csv
initial,7,6-8,intermediate_6_to_8,1282,68,false,adj,tier1_ngsl_general+ngsl_rank_1282+grade_estimate_7,intermediate,intermediate,4.135,29.514,9.324,intermediate_seed,intermediate_6_to_8.csv
minimal,6,6-8,intermediate_6_to_8,141,67,true,adj,tier2_nawl_academic+nawl_rank_141+grade_estimate_6,intermediate,intermediate,6.132,29.509,11.321,intermediate_seed,intermediate_6_to_8.csv
cone,6,6-8,intermediate_6_to_8,147,67,true,n,tier2_nawl_academic+nawl_rank_147+grade_estimate_6,intermediate,intermediate,7.932,29.509,11.321,intermediate_seed,intermediate_6_to_8.csv
promote,7,6-8,intermediate_6_to_8,1292,67,false,v,tier1_ngsl_general+ngsl_rank_1292+grade_estimate_7,intermediate,intermediate,4.132,29.509,9.321,intermediate_seed,intermediate_6_to_8.csv
attract,7,6-8,intermediate_6_to_8,1298,67,false,n,tier1_ngsl_general+ngsl_rank_1298+grade_estimate_7,intermediate,intermediate,4.132,29.509,9.321,intermediate_seed,intermediate_6_to_8.csv
rate,6,6-8,intermediate_6_to_8,312,312,false,v,tier1_ngsl_general+ngsl_rank_312+grade_estimate_6,intermediate,intermediate,10.305,29.506,9.155,intermediate_seed,intermediate_6_to_8.csv
overlap,6,6-8,intermediate_6_to_8,151,66,true,n,tier2_nawl_academic+nawl_rank_151+grade_estimate_6,intermediate,intermediate,6.128,29.505,11.317,intermediate_seed,intermediate_6_to_8.csv
aid,7,6-8,intermediate_6_to_8,1305,66,false,n,tier1_ngsl_general+ngsl_rank_1305+grade_estimate_7,intermediate,intermediate,5.928,29.505,9.317,intermediate_seed,intermediate_6_to_8.csv
fan,7,6-8,intermediate_6_to_8,1306,66,false,n,tier1_ngsl_general+ngsl_rank_1306+grade_estimate_7,intermediate,intermediate,5.928,29.505,9.317,intermediate_seed,intermediate_6_to_8.csv
stripe,8,6-8,intermediate_6_to_8,839,8,true,n,tier2_nawl_academic+nawl_rank_839+grade_estimate_8,intermediate,intermediate,6.553,29.504,10.879,intermediate_seed,intermediate_6_to_8.csv
junior,8,6-8,intermediate_6_to_8,840,8,true,n,tier2_nawl_academic+nawl_rank_840+grade_estimate_8,intermediate,intermediate,6.553,29.504,10.879,intermediate_seed,intermediate_6_to_8.csv
click,8,6-8,intermediate_6_to_8,844,8,true,n,tier2_ngsl_nawl_overlap+ngsl_rank_2514+nawl_rank_844+grade_estimate_8,intermediate,intermediate,6.553,29.504,10.879,intermediate_seed,intermediate_6_to_8.csv
hedge,8,6-8,intermediate_6_to_8,845,8,true,n,tier2_nawl_academic+nawl_rank_845+grade_estimate_8,intermediate,intermediate,6.553,29.504,10.879,intermediate_seed,intermediate_6_to_8.csv
spray,8,6-8,intermediate_6_to_8,846,8,true,n,tier2_nawl_academic+nawl_rank_846+grade_estimate_8,intermediate,intermediate,6.553,29.504,10.879,intermediate_seed,intermediate_6_to_8.csv
cinema,8,6-8,intermediate_6_to_8,847,8,true,n,tier2_nawl_academic+nawl_rank_847+grade_estimate_8,intermediate,intermediate,6.553,29.504,10.879,intermediate_seed,intermediate_6_to_8.csv
evident,6,6-8,intermediate_6_to_8,154,65,true,adj,tier2_nawl_academic+nawl_rank_154+grade_estimate_6,intermediate,intermediate,6.125,29.5,11.313,intermediate_seed,intermediate_6_to_8.csv
host,7,6-8,intermediate_6_to_8,1327,65,false,n,tier1_ngsl_general+ngsl_rank_1327+grade_estimate_7,intermediate,intermediate,5.925,29.5,9.313,intermediate_seed,intermediate_6_to_8.csv
tire,7,6-8,intermediate_6_to_8,1331,65,false,n,tier1_ngsl_general+ngsl_rank_1331+grade_estimate_7,intermediate,intermediate,5.925,29.5,9.313,intermediate_seed,intermediate_6_to_8.csv
chronic,6,6-8,intermediate_6_to_8,159,64,true,adj,tier2_nawl_academic+nawl_rank_159+grade_estimate_6,intermediate,intermediate,6.122,29.495,11.308,intermediate_seed,intermediate_6_to_8.csv
ex,6,6-8,intermediate_6_to_8,164,64,true,n,tier2_nawl_academic+nawl_rank_164+grade_estimate_6,intermediate,intermediate,7.922,29.495,11.308,intermediate_seed,intermediate_6_to_8.csv
cash,7,6-8,intermediate_6_to_8,1339,64,false,n,tier1_ngsl_general+ngsl_rank_1339+grade_estimate_7,intermediate,intermediate,5.922,29.495,9.308,intermediate_seed,intermediate_6_to_8.csv
revenue,7,6-8,intermediate_6_to_8,1351,64,false,n,tier1_ngsl_general+ngsl_rank_1351+grade_estimate_7,intermediate,intermediate,4.122,29.495,9.308,intermediate_seed,intermediate_6_to_8.csv
vary,7,6-8,intermediate_6_to_8,1359,63,false,v,tier1_ngsl_general+ngsl_rank_1359+grade_estimate_7,intermediate,intermediate,5.918,29.491,9.304,intermediate_seed,intermediate_6_to_8.csv
healthy,7,6-8,intermediate_6_to_8,1362,63,false,n,tier1_ngsl_general+ngsl_rank_1362+grade_estimate_7,intermediate,intermediate,4.118,29.491,9.304,intermediate_seed,intermediate_6_to_8.csv
proceed,7,6-8,intermediate_6_to_8,1367,63,false,v,tier1_ngsl_general+ngsl_rank_1367+grade_estimate_7,intermediate,intermediate,4.118,29.491,9.304,intermediate_seed,intermediate_6_to_8.csv
mid,6,6-8,intermediate_6_to_8,176,62,true,n,tier2_nawl_academic+nawl_rank_176+grade_estimate_6,intermediate,intermediate,7.914,29.486,11.3,intermediate_seed,intermediate_6_to_8.csv
whereas,7,6-8,intermediate_6_to_8,1372,62,false,conj,tier1_ngsl_general+ngsl_rank_1372+grade_estimate_7,intermediate,intermediate,4.114,29.486,9.3,intermediate_seed,intermediate_6_to_8.csv
soldier,7,6-8,intermediate_6_to_8,1378,62,false,n,tier1_ngsl_general+ngsl_rank_1378+grade_estimate_7,intermediate,intermediate,4.114,29.486,9.3,intermediate_seed,intermediate_6_to_8.csv
egg,7,6-8,intermediate_6_to_8,1381,62,false,n,tier1_ngsl_general+ngsl_rank_1381+grade_estimate_7,intermediate,intermediate,5.914,29.486,9.3,intermediate_seed,intermediate_6_to_8.csv
concert,7,6-8,intermediate_6_to_8,1382,62,false,n,tier1_ngsl_general+ngsl_rank_1382+grade_estimate_7,intermediate,intermediate,4.114,29.486,9.3,intermediate_seed,intermediate_6_to_8.csv
wine,7,6-8,intermediate_6_to_8,1389,62,false,n,tier1_ngsl_general+ngsl_rank_1389+grade_estimate_7,intermediate,intermediate,5.914,29.486,9.3,intermediate_seed,intermediate_6_to_8.csv
naked,8,6-8,intermediate_6_to_8,849,7,true,v,tier2_nawl_academic+nawl_rank_849+grade_estimate_8,intermediate,intermediate,6.538,29.484,10.861,intermediate_seed,intermediate_6_to_8.csv
erase,8,6-8,intermediate_6_to_8,851,7,true,n,tier2_nawl_academic+nawl_rank_851+grade_estimate_8,intermediate,intermediate,6.538,29.484,10.861,intermediate_seed,intermediate_6_to_8.csv
powder,8,6-8,intermediate_6_to_8,852,7,true,n,tier2_nawl_academic+nawl_rank_852+grade_estimate_8,intermediate,intermediate,6.538,29.484,10.861,intermediate_seed,intermediate_6_to_8.csv
micro,8,6-8,intermediate_6_to_8,853,7,true,n,tier2_nawl_academic+nawl_rank_853+grade_estimate_8,intermediate,intermediate,6.538,29.484,10.861,intermediate_seed,intermediate_6_to_8.csv
solute,8,6-8,intermediate_6_to_8,855,7,true,n,tier2_nawl_academic+nawl_rank_855+grade_estimate_8,intermediate,intermediate,6.538,29.484,10.861,intermediate_seed,intermediate_6_to_8.csv
censor,8,6-8,intermediate_6_to_8,857,7,true,n,tier2_nawl_academic+nawl_rank_857+grade_estimate_8,intermediate,intermediate,6.538,29.484,10.861,intermediate_seed,intermediate_6_to_8.csv
portrayal,8,6-8,intermediate_6_to_8,858,7,true,adj,tier2_nawl_academic+nawl_rank_858+grade_estimate_8,intermediate,intermediate,5.738,29.484,11.561,intermediate_seed,intermediate_6_to_8.csv
variant,6,6-8,intermediate_6_to_8,178,61,true,adj,tier2_nawl_academic+nawl_rank_178+grade_estimate_6,intermediate,intermediate,6.111,29.481,11.296,intermediate_seed,intermediate_6_to_8.csv
visitor,7,6-8,intermediate_6_to_8,1398,61,false,n,tier1_ngsl_general+ngsl_rank_1398+grade_estimate_7,intermediate,intermediate,4.111,29.481,9.296,intermediate_seed,intermediate_6_to_8.csv
dear,7,6-8,intermediate_6_to_8,1401,61,false,n,tier1_ngsl_general+ngsl_rank_1401+grade_estimate_7,intermediate,intermediate,5.911,29.481,9.296,intermediate_seed,intermediate_6_to_8.csv
onto,7,6-8,intermediate_6_to_8,1404,61,false,prep,tier1_ngsl_general+ngsl_rank_1404+grade_estimate_7,intermediate,intermediate,5.911,29.481,9.296,intermediate_seed,intermediate_6_to_8.csv
vehicle,7,6-8,intermediate_6_to_8,1408,61,false,n,tier1_ngsl_general+ngsl_rank_1408+grade_estimate_7,intermediate,intermediate,4.111,29.481,9.296,intermediate_seed,intermediate_6_to_8.csv
diagram,6,6-8,intermediate_6_to_8,188,60,true,n,tier2_nawl_academic+nawl_rank_188+grade_estimate_6,intermediate,intermediate,6.107,29.476,11.292,intermediate_seed,intermediate_6_to_8.csv
thereby,6,6-8,intermediate_6_to_8,191,60,true,adv,tier2_nawl_academic+nawl_rank_191+grade_estimate_6,intermediate,intermediate,6.107,29.476,11.292,intermediate_seed,intermediate_6_to_8.csv
bind,7,6-8,intermediate_6_to_8,1411,60,false,n,tier1_ngsl_general+ngsl_rank_1411+grade_estimate_7,intermediate,intermediate,5.907,29.476,9.292,intermediate_seed,intermediate_6_to_8.csv
tonight,7,6-8,intermediate_6_to_8,1414,60,false,n,tier1_ngsl_general+ngsl_rank_1414+grade_estimate_7,intermediate,intermediate,4.107,29.476,9.292,intermediate_seed,intermediate_6_to_8.csv
bomb,7,6-8,intermediate_6_to_8,1417,60,false,n,tier1_ngsl_general+ngsl_rank_1417+grade_estimate_7,intermediate,intermediate,5.907,29.476,9.292,intermediate_seed,intermediate_6_to_8.csv
deny,7,6-8,intermediate_6_to_8,1429,59,false,n,tier1_ngsl_general+ngsl_rank_1429+grade_estimate_7,intermediate,intermediate,5.903,29.471,9.287,intermediate_seed,intermediate_6_to_8.csv
anybody,7,6-8,intermediate_6_to_8,1431,59,false,pron,tier1_ngsl_general+ngsl_rank_1431+grade_estimate_7,intermediate,intermediate,4.103,29.471,9.287,intermediate_seed,intermediate_6_to_8.csv
bedroom,7,6-8,intermediate_6_to_8,1432,59,false,n,tier1_ngsl_general+ngsl_rank_1432+grade_estimate_7,intermediate,intermediate,4.103,29.471,9.287,intermediate_seed,intermediate_6_to_8.csv
leaf,6,6-8,intermediate_6_to_8,205,58,true,n,tier2_nawl_academic+nawl_rank_205+grade_estimate_6,intermediate,intermediate,7.9,29.466,11.283,intermediate_seed,intermediate_6_to_8.csv
statistics,8,6-8,intermediate_6_to_8,859,6,true,n,tier2_nawl_academic+nawl_rank_859+grade_estimate_8,intermediate,intermediate,5.722,29.463,11.543,intermediate_seed,intermediate_6_to_8.csv
thumb,8,6-8,intermediate_6_to_8,860,6,true,n,tier2_nawl_academic+nawl_rank_860+grade_estimate_8,intermediate,intermediate,6.522,29.463,10.843,intermediate_seed,intermediate_6_to_8.csv
acidic,8,6-8,intermediate_6_to_8,861,6,true,adj,tier2_nawl_academic+nawl_rank_861+grade_estimate_8,intermediate,intermediate,6.522,29.463,10.843,intermediate_seed,intermediate_6_to_8.csv
uplift,8,6-8,intermediate_6_to_8,862,6,true,n,tier2_nawl_academic+nawl_rank_862+grade_estimate_8,intermediate,intermediate,6.522,29.463,10.843,intermediate_seed,intermediate_6_to_8.csv
congruent,8,6-8,intermediate_6_to_8,864,6,true,adj,tier2_nawl_academic+nawl_rank_864+grade_estimate_8,intermediate,intermediate,5.722,29.463,11.543,intermediate_seed,intermediate_6_to_8.csv
parcel,8,6-8,intermediate_6_to_8,865,6,true,n,tier2_nawl_academic+nawl_rank_865+grade_estimate_8,intermediate,intermediate,6.522,29.463,10.843,intermediate_seed,intermediate_6_to_8.csv
lecturer,8,6-8,intermediate_6_to_8,866,6,true,n,tier2_nawl_academic+nawl_rank_866+grade_estimate_8,intermediate,intermediate,5.722,29.463,11.543,intermediate_seed,intermediate_6_to_8.csv
poster,8,6-8,intermediate_6_to_8,868,6,true,n,tier2_nawl_academic+nawl_rank_868+grade_estimate_8,intermediate,intermediate,6.522,29.463,10.843,intermediate_seed,intermediate_6_to_8.csv
photographic,8,6-8,intermediate_6_to_8,870,6,true,adj,tier2_nawl_academic+nawl_rank_870+grade_estimate_8,intermediate,intermediate,5.722,29.463,13.043,intermediate_seed,intermediate_6_to_8.csv
auction,8,6-8,intermediate_6_to_8,871,6,true,n,tier2_nawl_academic+nawl_rank_871+grade_estimate_8,intermediate,intermediate,5.722,29.463,12.243,intermediate_seed,intermediate_6_to_8.csv
mentor,8,6-8,intermediate_6_to_8,873,6,true,n,tier2_nawl_academic+nawl_rank_873+grade_estimate_8,intermediate,intermediate,6.522,29.463,10.843,intermediate_seed,intermediate_6_to_8.csv
watershed,8,6-8,intermediate_6_to_8,877,6,true,v,tier2_nawl_academic+nawl_rank_877+grade_estimate_8,intermediate,intermediate,5.722,29.463,11.543,intermediate_seed,intermediate_6_to_8.csv
acquire,7,6-8,intermediate_6_to_8,1464,57,false,n,tier1_ngsl_general+ngsl_rank_1464+grade_estimate_7,intermediate,intermediate,4.096,29.461,9.278,intermediate_seed,intermediate_6_to_8.csv
tear,7,6-8,intermediate_6_to_8,1470,57,false,n,tier1_ngsl_general+ngsl_rank_1470+grade_estimate_7,intermediate,intermediate,5.896,29.461,9.278,intermediate_seed,intermediate_6_to_8.csv
diverse,6,6-8,intermediate_6_to_8,219,56,true,adj,tier2_nawl_academic+nawl_rank_219+grade_estimate_6,intermediate,intermediate,6.092,29.456,11.274,intermediate_seed,intermediate_6_to_8.csv
shoe,7,6-8,intermediate_6_to_8,1476,56,false,n,tier1_ngsl_general+ngsl_rank_1476+grade_estimate_7,intermediate,intermediate,5.892,29.456,9.274,intermediate_seed,intermediate_6_to_8.csv
ad,7,6-8,intermediate_6_to_8,1478,56,false,n,tier1_ngsl_general+ngsl_rank_1478+grade_estimate_7,intermediate,intermediate,5.892,29.456,9.274,intermediate_seed,intermediate_6_to_8.csv
fee,7,6-8,intermediate_6_to_8,1479,56,false,n,tier1_ngsl_general+ngsl_rank_1479+grade_estimate_7,intermediate,intermediate,5.892,29.456,9.274,intermediate_seed,intermediate_6_to_8.csv
hall,7,6-8,intermediate_6_to_8,1480,56,false,n,tier1_ngsl_general+ngsl_rank_1480+grade_estimate_7,intermediate,intermediate,5.892,29.456,9.274,intermediate_seed,intermediate_6_to_8.csv
suspect,7,6-8,intermediate_6_to_8,1490,56,false,n,tier1_ngsl_general+ngsl_rank_1490+grade_estimate_7,intermediate,intermediate,4.092,29.456,9.274,intermediate_seed,intermediate_6_to_8.csv
explore,7,6-8,intermediate_6_to_8,1505,55,false,n,tier1_ngsl_general+ngsl_rank_1505+grade_estimate_7,intermediate,intermediate,4.088,29.45,9.269,intermediate_seed,intermediate_6_to_8.csv
reach,6,6-8,intermediate_6_to_8,380,260,false,n,tier1_ngsl_general+ngsl_rank_380+grade_estimate_6,intermediate,intermediate,9.259,29.445,7.702,intermediate_seed,intermediate_6_to_8.csv
social,6,6-8,intermediate_6_to_8,381,260,false,adj,tier1_ngsl_general+ngsl_rank_381+grade_estimate_6,intermediate,intermediate,9.259,29.445,7.702,intermediate_seed,intermediate_6_to_8.csv
wake,7,6-8,intermediate_6_to_8,1508,54,false,n,tier1_ngsl_general+ngsl_rank_1508+grade_estimate_7,intermediate,intermediate,5.884,29.445,9.264,intermediate_seed,intermediate_6_to_8.csv
bond,7,6-8,intermediate_6_to_8,1513,54,false,n,tier1_ngsl_general+ngsl_rank_1513+grade_estimate_7,intermediate,intermediate,5.884,29.445,9.264,intermediate_seed,intermediate_6_to_8.csv
hire,7,6-8,intermediate_6_to_8,1514,54,false,n,tier1_ngsl_general+ngsl_rank_1514+grade_estimate_7,intermediate,intermediate,5.884,29.445,9.264,intermediate_seed,intermediate_6_to_8.csv
tie,7,6-8,intermediate_6_to_8,1516,54,false,n,tier1_ngsl_general+ngsl_rank_1516+grade_estimate_7,intermediate,intermediate,5.884,29.445,9.264,intermediate_seed,intermediate_6_to_8.csv
oxidize,8,6-8,intermediate_6_to_8,879,5,true,v,tier2_nawl_academic+nawl_rank_879+grade_estimate_8,intermediate,intermediate,5.706,29.441,12.223,intermediate_seed,intermediate_6_to_8.csv
noisy,8,6-8,intermediate_6_to_8,881,5,true,n,tier2_nawl_academic+nawl_rank_881+grade_estimate_8,intermediate,intermediate,6.506,29.441,10.823,intermediate_seed,intermediate_6_to_8.csv
headquarters,8,6-8,intermediate_6_to_8,882,5,true,n,tier2_nawl_academic+nawl_rank_882+grade_estimate_8,intermediate,intermediate,5.706,29.441,13.023,intermediate_seed,intermediate_6_to_8.csv
phenomenal,8,6-8,intermediate_6_to_8,883,5,true,adj,tier2_nawl_academic+nawl_rank_883+grade_estimate_8,intermediate,intermediate,5.706,29.441,11.523,intermediate_seed,intermediate_6_to_8.csv
multinational,8,6-8,intermediate_6_to_8,884,5,true,adj,tier2_nawl_academic+nawl_rank_884+grade_estimate_8,intermediate,intermediate,5.706,29.441,13.023,intermediate_seed,intermediate_6_to_8.csv
comma,8,6-8,intermediate_6_to_8,885,5,true,n,tier2_nawl_academic+nawl_rank_885+grade_estimate_8,intermediate,intermediate,6.506,29.441,10.823,intermediate_seed,intermediate_6_to_8.csv
specialty,8,6-8,intermediate_6_to_8,887,5,true,n,tier2_nawl_academic+nawl_rank_887+grade_estimate_8,intermediate,intermediate,5.706,29.441,11.523,intermediate_seed,intermediate_6_to_8.csv
enormously,8,6-8,intermediate_6_to_8,889,5,true,adv,tier2_nawl_academic+nawl_rank_889+grade_estimate_8,intermediate,intermediate,5.706,29.441,11.523,intermediate_seed,intermediate_6_to_8.csv
novice,8,6-8,intermediate_6_to_8,889,5,true,n,tier2_nawl_academic+nawl_rank_889+grade_estimate_8,intermediate,intermediate,6.506,29.441,10.823,intermediate_seed,intermediate_6_to_8.csv
campus,8,6-8,intermediate_6_to_8,892,5,true,n,tier2_nawl_academic+nawl_rank_892+grade_estimate_8,intermediate,intermediate,6.506,29.441,10.823,intermediate_seed,intermediate_6_to_8.csv
clever,8,6-8,intermediate_6_to_8,893,5,true,n,tier2_nawl_academic+nawl_rank_893+grade_estimate_8,intermediate,intermediate,6.506,29.441,10.823,intermediate_seed,intermediate_6_to_8.csv
sometime,8,6-8,intermediate_6_to_8,895,5,true,n,tier2_nawl_academic+nawl_rank_895+grade_estimate_8,intermediate,intermediate,5.706,29.441,11.523,intermediate_seed,intermediate_6_to_8.csv
recipe,8,6-8,intermediate_6_to_8,898,5,true,n,tier2_nawl_academic+nawl_rank_898+grade_estimate_8,intermediate,intermediate,6.506,29.441,10.823,intermediate_seed,intermediate_6_to_8.csv
syllabus,8,6-8,intermediate_6_to_8,902,5,true,n,tier2_nawl_academic+nawl_rank_902+grade_estimate_8,intermediate,intermediate,5.706,29.441,11.523,intermediate_seed,intermediate_6_to_8.csv
non,6,6-8,intermediate_6_to_8,235,53,true,n,tier2_nawl_academic+nawl_rank_235+grade_estimate_6,intermediate,intermediate,7.88,29.439,11.26,intermediate_seed,intermediate_6_to_8.csv
expense,7,6-8,intermediate_6_to_8,1531,53,false,n,tier1_ngsl_general+ngsl_rank_1531+grade_estimate_7,intermediate,intermediate,4.08,29.439,9.26,intermediate_seed,intermediate_6_to_8.csv
rank,7,6-8,intermediate_6_to_8,1535,53,false,n,tier1_ngsl_general+ngsl_rank_1535+grade_estimate_7,intermediate,intermediate,5.88,29.439,9.26,intermediate_seed,intermediate_6_to_8.csv
typical,7,6-8,intermediate_6_to_8,1536,53,false,adj,tier1_ngsl_general+ngsl_rank_1536+grade_estimate_7,intermediate,intermediate,4.08,29.439,9.26,intermediate_seed,intermediate_6_to_8.csv
political,6,6-8,intermediate_6_to_8,394,255,false,adj,tier1_ngsl_general+ngsl_rank_394+grade_estimate_6,intermediate,intermediate,8.454,29.439,8.396,intermediate_seed,intermediate_6_to_8.csv
policy,6,6-8,intermediate_6_to_8,399,253,false,n,tier1_ngsl_general+ngsl_rank_399+grade_estimate_6,intermediate,intermediate,9.252,29.436,7.694,intermediate_seed,intermediate_6_to_8.csv
atom,6,6-8,intermediate_6_to_8,244,52,true,n,tier2_nawl_academic+nawl_rank_244+grade_estimate_6,intermediate,intermediate,7.875,29.434,11.255,intermediate_seed,intermediate_6_to_8.csv
inhibit,6,6-8,intermediate_6_to_8,249,52,true,v,tier2_nawl_academic+nawl_rank_249+grade_estimate_6,intermediate,intermediate,6.075,29.434,11.255,intermediate_seed,intermediate_6_to_8.csv
predict,7,6-8,intermediate_6_to_8,1561,52,false,v,tier1_ngsl_general+ngsl_rank_1561+grade_estimate_7,intermediate,intermediate,4.075,29.434,9.255,intermediate_seed,intermediate_6_to_8.csv
largely,7,6-8,intermediate_6_to_8,1564,52,false,adv,tier1_ngsl_general+ngsl_rank_1564+grade_estimate_7,intermediate,intermediate,4.075,29.434,9.255,intermediate_seed,intermediate_6_to_8.csv
wed,7,6-8,intermediate_6_to_8,1565,52,false,v,tier1_ngsl_general+ngsl_rank_1565+grade_estimate_7,intermediate,intermediate,5.875,29.434,9.255,intermediate_seed,intermediate_6_to_8.csv
rent,7,6-8,intermediate_6_to_8,1566,52,false,adj,tier1_ngsl_general+ngsl_rank_1566+grade_estimate_7,intermediate,intermediate,5.875,29.434,9.255,intermediate_seed,intermediate_6_to_8.csv
shot,7,6-8,intermediate_6_to_8,1567,52,false,n,tier1_ngsl_general+ngsl_rank_1567+grade_estimate_7,intermediate,intermediate,5.875,29.434,9.255,intermediate_seed,intermediate_6_to_8.csv
till,7,6-8,intermediate_6_to_8,1571,52,false,n,tier1_ngsl_general+ngsl_rank_1571+grade_estimate_7,intermediate,intermediate,5.875,29.434,9.255,intermediate_seed,intermediate_6_to_8.csv
individual,6,6-8,intermediate_6_to_8,409,248,false,adj,tier1_ngsl_general+ngsl_rank_409+grade_estimate_6,intermediate,intermediate,8.447,29.429,8.388,intermediate_seed,intermediate_6_to_8.csv
lateral,7,6-8,intermediate_6_to_8,258,51,true,adj,tier2_nawl_academic+nawl_rank_258+grade_estimate_7,intermediate,intermediate,6.071,29.428,11.25,intermediate_seed,intermediate_6_to_8.csv
odd,7,6-8,intermediate_6_to_8,1574,51,false,n,tier1_ngsl_general+ngsl_rank_1574+grade_estimate_7,intermediate,intermediate,5.871,29.428,9.25,intermediate_seed,intermediate_6_to_8.csv
approve,7,6-8,intermediate_6_to_8,1575,51,false,n,tier1_ngsl_general+ngsl_rank_1575+grade_estimate_7,intermediate,intermediate,4.071,29.428,9.25,intermediate_seed,intermediate_6_to_8.csv
loan,7,6-8,intermediate_6_to_8,1576,51,false,n,tier1_ngsl_general+ngsl_rank_1576+grade_estimate_7,intermediate,intermediate,5.871,29.428,9.25,intermediate_seed,intermediate_6_to_8.csv
license,7,6-8,intermediate_6_to_8,1583,51,false,n,tier1_ngsl_general+ngsl_rank_1583+grade_estimate_7,intermediate,intermediate,4.071,29.428,9.25,intermediate_seed,intermediate_6_to_8.csv
logical,7,6-8,intermediate_6_to_8,262,50,true,adj,tier2_nawl_academic+nawl_rank_262+grade_estimate_7,intermediate,intermediate,6.067,29.423,11.245,intermediate_seed,intermediate_6_to_8.csv
tea,7,6-8,intermediate_6_to_8,1599,50,false,n,tier1_ngsl_general+ngsl_rank_1599+grade_estimate_7,intermediate,intermediate,5.867,29.423,9.245,intermediate_seed,intermediate_6_to_8.csv
agree,6,6-8,intermediate_6_to_8,420,240,false,v,tier1_ngsl_general+ngsl_rank_420+grade_estimate_6,intermediate,intermediate,9.239,29.418,7.679,intermediate_seed,intermediate_6_to_8.csv
factorial,8,6-8,intermediate_6_to_8,904,4,true,adj,tier2_nawl_academic+nawl_rank_904+grade_estimate_8,intermediate,intermediate,5.688,29.417,11.502,intermediate_seed,intermediate_6_to_8.csv
lever,8,6-8,intermediate_6_to_8,905,4,true,n,tier2_nawl_academic+nawl_rank_905+grade_estimate_8,intermediate,intermediate,6.488,29.417,10.802,intermediate_seed,intermediate_6_to_8.csv
descriptor,8,6-8,intermediate_6_to_8,906,4,true,n,tier2_nawl_academic+nawl_rank_906+grade_estimate_8,intermediate,intermediate,5.688,29.417,11.502,intermediate_seed,intermediate_6_to_8.csv
semester,8,6-8,intermediate_6_to_8,907,4,true,n,tier2_nawl_academic+nawl_rank_907+grade_estimate_8,intermediate,intermediate,5.688,29.417,11.502,intermediate_seed,intermediate_6_to_8.csv
underneath,8,6-8,intermediate_6_to_8,908,4,true,n,tier2_nawl_academic+nawl_rank_908+grade_estimate_8,intermediate,intermediate,5.688,29.417,11.502,intermediate_seed,intermediate_6_to_8.csv
herbicide,8,6-8,intermediate_6_to_8,910,4,true,n,tier2_nawl_academic+nawl_rank_910+grade_estimate_8,intermediate,intermediate,5.688,29.417,11.502,intermediate_seed,intermediate_6_to_8.csv
bonus,8,6-8,intermediate_6_to_8,911,4,true,n,tier2_nawl_academic+nawl_rank_911+grade_estimate_8,intermediate,intermediate,6.488,29.417,10.802,intermediate_seed,intermediate_6_to_8.csv
cheat,8,6-8,intermediate_6_to_8,912,4,true,n,tier2_nawl_academic+nawl_rank_912+grade_estimate_8,intermediate,intermediate,6.488,29.417,10.802,intermediate_seed,intermediate_6_to_8.csv
radar,8,6-8,intermediate_6_to_8,915,4,true,n,tier2_nawl_academic+nawl_rank_915+grade_estimate_8,intermediate,intermediate,6.488,29.417,10.802,intermediate_seed,intermediate_6_to_8.csv
scripture,8,6-8,intermediate_6_to_8,917,4,true,n,tier2_nawl_academic+nawl_rank_917+grade_estimate_8,intermediate,intermediate,5.688,29.417,11.502,intermediate_seed,intermediate_6_to_8.csv
whichever,8,6-8,intermediate_6_to_8,919,4,true,n,tier2_nawl_academic+nawl_rank_919+grade_estimate_8,intermediate,intermediate,5.688,29.417,11.502,intermediate_seed,intermediate_6_to_8.csv
ethical,7,6-8,intermediate_6_to_8,270,49,true,adj,tier2_nawl_academic+nawl_rank_270+grade_estimate_7,intermediate,intermediate,6.063,29.417,11.24,intermediate_seed,intermediate_6_to_8.csv
span,7,6-8,intermediate_6_to_8,279,49,true,n,tier2_nawl_academic+nawl_rank_279+grade_estimate_7,intermediate,intermediate,7.863,29.417,11.24,intermediate_seed,intermediate_6_to_8.csv
dialect,7,6-8,intermediate_6_to_8,282,49,true,n,tier2_nawl_academic+nawl_rank_282+grade_estimate_7,intermediate,intermediate,6.063,29.417,11.24,intermediate_seed,intermediate_6_to_8.csv
journey,7,6-8,intermediate_6_to_8,1621,49,false,n,tier1_ngsl_general+ngsl_rank_1621+grade_estimate_7,intermediate,intermediate,4.063,29.417,9.24,intermediate_seed,intermediate_6_to_8.csv
debt,7,6-8,intermediate_6_to_8,1624,49,false,n,tier1_ngsl_general+ngsl_rank_1624+grade_estimate_7,intermediate,intermediate,5.863,29.417,9.24,intermediate_seed,intermediate_6_to_8.csv
recover,7,6-8,intermediate_6_to_8,1631,49,false,n,tier1_ngsl_general+ngsl_rank_1631+grade_estimate_7,intermediate,intermediate,4.063,29.417,9.24,intermediate_seed,intermediate_6_to_8.csv
dad,7,6-8,intermediate_6_to_8,1632,49,false,n,tier1_ngsl_general+ngsl_rank_1632+grade_estimate_7,intermediate,intermediate,5.863,29.417,9.24,intermediate_seed,intermediate_6_to_8.csv
stretch,7,6-8,intermediate_6_to_8,1633,49,false,n,tier1_ngsl_general+ngsl_rank_1633+grade_estimate_7,intermediate,intermediate,4.063,29.417,9.24,intermediate_seed,intermediate_6_to_8.csv
declare,7,6-8,intermediate_6_to_8,1634,49,false,n,tier1_ngsl_general+ngsl_rank_1634+grade_estimate_7,intermediate,intermediate,4.063,29.417,9.24,intermediate_seed,intermediate_6_to_8.csv
research,6,6-8,intermediate_6_to_8,423,237,false,n,tier1_ngsl_general+ngsl_rank_423+grade_estimate_6,intermediate,intermediate,8.436,29.414,8.375,intermediate_seed,intermediate_6_to_8.csv
cover,6,6-8,intermediate_6_to_8,424,236,false,v,tier1_ngsl_general+ngsl_rank_424+grade_estimate_6,intermediate,intermediate,9.235,29.413,7.674,intermediate_seed,intermediate_6_to_8.csv
computer,6,6-8,intermediate_6_to_8,429,235,false,n,tier1_ngsl_general+ngsl_rank_429+grade_estimate_6,intermediate,intermediate,8.433,29.411,8.372,intermediate_seed,intermediate_6_to_8.csv
loop,7,6-8,intermediate_6_to_8,285,48,true,n,tier2_nawl_academic+nawl_rank_285+grade_estimate_7,intermediate,intermediate,7.858,29.411,11.234,intermediate_seed,intermediate_6_to_8.csv
algebra,7,6-8,intermediate_6_to_8,286,48,true,n,tier2_nawl_academic+nawl_rank_286+grade_estimate_7,intermediate,intermediate,6.058,29.411,11.234,intermediate_seed,intermediate_6_to_8.csv
analyze,7,6-8,intermediate_6_to_8,1641,48,false,n,tier1_ngsl_general+ngsl_rank_1641+grade_estimate_7,intermediate,intermediate,4.058,29.411,9.234,intermediate_seed,intermediate_6_to_8.csv
witness,7,6-8,intermediate_6_to_8,1642,48,false,n,tier1_ngsl_general+ngsl_rank_1642+grade_estimate_7,intermediate,intermediate,4.058,29.411,9.234,intermediate_seed,intermediate_6_to_8.csv
staff,6,6-8,intermediate_6_to_8,431,234,false,n,tier1_ngsl_general+ngsl_rank_431+grade_estimate_6,intermediate,intermediate,9.232,29.41,7.671,intermediate_seed,intermediate_6_to_8.csv
pre,7,6-8,intermediate_6_to_8,305,47,true,n,tier2_nawl_academic+nawl_rank_305+grade_estimate_7,intermediate,intermediate,7.854,29.405,11.229,intermediate_seed,intermediate_6_to_8.csv
fat,7,6-8,intermediate_6_to_8,1654,47,false,n,tier1_ngsl_general+ngsl_rank_1654+grade_estimate_7,intermediate,intermediate,5.854,29.405,9.229,intermediate_seed,intermediate_6_to_8.csv
tip,7,6-8,intermediate_6_to_8,1659,47,false,n,tier1_ngsl_general+ngsl_rank_1659+grade_estimate_7,intermediate,intermediate,5.854,29.405,9.229,intermediate_seed,intermediate_6_to_8.csv
ear,7,6-8,intermediate_6_to_8,1664,47,false,n,tier1_ngsl_general+ngsl_rank_1664+grade_estimate_7,intermediate,intermediate,5.854,29.405,9.229,intermediate_seed,intermediate_6_to_8.csv
calcium,7,6-8,intermediate_6_to_8,315,46,true,n,tier2_nawl_academic+nawl_rank_315+grade_estimate_7,intermediate,intermediate,6.049,29.399,11.224,intermediate_seed,intermediate_6_to_8.csv
cue,7,6-8,intermediate_6_to_8,327,46,true,n,tier2_nawl_academic+nawl_rank_327+grade_estimate_7,intermediate,intermediate,7.849,29.399,11.224,intermediate_seed,intermediate_6_to_8.csv
folk,7,6-8,intermediate_6_to_8,1675,46,false,n,tier1_ngsl_general+ngsl_rank_1675+grade_estimate_7,intermediate,intermediate,5.849,29.399,9.224,intermediate_seed,intermediate_6_to_8.csv
kiss,7,6-8,intermediate_6_to_8,1680,46,false,n,tier1_ngsl_general+ngsl_rank_1680+grade_estimate_7,intermediate,intermediate,5.849,29.399,9.224,intermediate_seed,intermediate_6_to_8.csv
compete,7,6-8,intermediate_6_to_8,1683,46,false,v,tier1_ngsl_general+ngsl_rank_1683+grade_estimate_7,intermediate,intermediate,4.049,29.399,9.224,intermediate_seed,intermediate_6_to_8.csv
poll,7,6-8,intermediate_6_to_8,1684,46,false,n,tier1_ngsl_general+ngsl_rank_1684+grade_estimate_7,intermediate,intermediate,5.849,29.399,9.224,intermediate_seed,intermediate_6_to_8.csv
weak,7,6-8,intermediate_6_to_8,1685,46,false,n,tier1_ngsl_general+ngsl_rank_1685+grade_estimate_7,intermediate,intermediate,5.849,29.399,9.224,intermediate_seed,intermediate_6_to_8.csv
reserve,7,6-8,intermediate_6_to_8,1688,46,false,n,tier1_ngsl_general+ngsl_rank_1688+grade_estimate_7,intermediate,intermediate,4.049,29.399,9.224,intermediate_seed,intermediate_6_to_8.csv
bore,7,6-8,intermediate_6_to_8,1690,46,false,n,tier1_ngsl_general+ngsl_rank_1690+grade_estimate_7,intermediate,intermediate,5.849,29.399,9.224,intermediate_seed,intermediate_6_to_8.csv
somehow,7,6-8,intermediate_6_to_8,1692,46,false,n,tier1_ngsl_general+ngsl_rank_1692+grade_estimate_7,intermediate,intermediate,4.049,29.399,9.224,intermediate_seed,intermediate_6_to_8.csv
justice,7,6-8,intermediate_6_to_8,1696,46,false,n,tier1_ngsl_general+ngsl_rank_1696+grade_estimate_7,intermediate,intermediate,4.049,29.399,9.224,intermediate_seed,intermediate_6_to_8.csv
readily,7,6-8,intermediate_6_to_8,332,45,true,adv,tier2_nawl_academic+nawl_rank_332+grade_estimate_7,intermediate,intermediate,6.044,29.392,11.218,intermediate_seed,intermediate_6_to_8.csv
rush,7,6-8,intermediate_6_to_8,1699,45,false,n,tier1_ngsl_general+ngsl_rank_1699+grade_estimate_7,intermediate,intermediate,5.844,29.392,9.218,intermediate_seed,intermediate_6_to_8.csv
ban,7,6-8,intermediate_6_to_8,1706,45,false,n,tier1_ngsl_general+ngsl_rank_1706+grade_estimate_7,intermediate,intermediate,5.844,29.392,9.218,intermediate_seed,intermediate_6_to_8.csv
protest,7,6-8,intermediate_6_to_8,1708,45,false,n,tier1_ngsl_general+ngsl_rank_1708+grade_estimate_7,intermediate,intermediate,4.044,29.392,9.218,intermediate_seed,intermediate_6_to_8.csv
sad,7,6-8,intermediate_6_to_8,1710,45,false,n,tier1_ngsl_general+ngsl_rank_1710+grade_estimate_7,intermediate,intermediate,5.844,29.392,9.218,intermediate_seed,intermediate_6_to_8.csv
command,7,6-8,intermediate_6_to_8,1714,45,false,n,tier1_ngsl_general+ngsl_rank_1714+grade_estimate_7,intermediate,intermediate,4.044,29.392,9.218,intermediate_seed,intermediate_6_to_8.csv
joke,7,6-8,intermediate_6_to_8,1719,45,false,n,tier1_ngsl_general+ngsl_rank_1719+grade_estimate_7,intermediate,intermediate,5.844,29.392,9.218,intermediate_seed,intermediate_6_to_8.csv
bullet,8,6-8,intermediate_6_to_8,920,3,true,n,tier2_nawl_academic+nawl_rank_920+grade_estimate_8,intermediate,intermediate,6.468,29.391,10.78,intermediate_seed,intermediate_6_to_8.csv
punch,8,6-8,intermediate_6_to_8,921,3,true,n,tier2_nawl_academic+nawl_rank_921+grade_estimate_8,intermediate,intermediate,6.468,29.391,10.78,intermediate_seed,intermediate_6_to_8.csv
incredible,8,6-8,intermediate_6_to_8,926,3,true,adj,tier2_nawl_academic+nawl_rank_926+grade_estimate_8,intermediate,intermediate,5.668,29.391,11.48,intermediate_seed,intermediate_6_to_8.csv
deadline,8,6-8,intermediate_6_to_8,928,3,true,n,tier2_nawl_academic+nawl_rank_928+grade_estimate_8,intermediate,intermediate,5.668,29.391,11.48,intermediate_seed,intermediate_6_to_8.csv
slash,8,6-8,intermediate_6_to_8,931,3,true,n,tier2_nawl_academic+nawl_rank_931+grade_estimate_8,intermediate,intermediate,6.468,29.391,10.78,intermediate_seed,intermediate_6_to_8.csv
multi,8,6-8,intermediate_6_to_8,933,3,true,n,tier2_nawl_academic+nawl_rank_933+grade_estimate_8,intermediate,intermediate,6.468,29.391,10.78,intermediate_seed,intermediate_6_to_8.csv
exploit,7,6-8,intermediate_6_to_8,356,44,true,v,tier2_nawl_academic+nawl_rank_356+grade_estimate_7,intermediate,intermediate,6.039,29.386,11.213,intermediate_seed,intermediate_6_to_8.csv
besides,7,6-8,intermediate_6_to_8,1725,44,false,n,tier1_ngsl_general+ngsl_rank_1725+grade_estimate_7,intermediate,intermediate,4.039,29.386,9.213,intermediate_seed,intermediate_6_to_8.csv
ill,7,6-8,intermediate_6_to_8,1729,44,false,n,tier1_ngsl_general+ngsl_rank_1729+grade_estimate_7,intermediate,intermediate,5.839,29.386,9.213,intermediate_seed,intermediate_6_to_8.csv
closely,7,6-8,intermediate_6_to_8,1731,44,false,adv,tier1_ngsl_general+ngsl_rank_1731+grade_estimate_7,intermediate,intermediate,4.039,29.386,9.213,intermediate_seed,intermediate_6_to_8.csv
via,7,6-8,intermediate_6_to_8,1734,44,false,n,tier1_ngsl_general+ngsl_rank_1734+grade_estimate_7,intermediate,intermediate,5.839,29.386,9.213,intermediate_seed,intermediate_6_to_8.csv
hell,7,6-8,intermediate_6_to_8,1743,44,false,n,tier1_ngsl_general+ngsl_rank_1743+grade_estimate_7,intermediate,intermediate,5.839,29.386,9.213,intermediate_seed,intermediate_6_to_8.csv
wage,7,6-8,intermediate_6_to_8,1757,43,false,n,tier1_ngsl_general+ngsl_rank_1757+grade_estimate_7,intermediate,intermediate,5.835,29.379,9.207,intermediate_seed,intermediate_6_to_8.csv
rare,7,6-8,intermediate_6_to_8,1763,43,false,n,tier1_ngsl_general+ngsl_rank_1763+grade_estimate_7,intermediate,intermediate,5.835,29.379,9.207,intermediate_seed,intermediate_6_to_8.csv
gap,7,6-8,intermediate_6_to_8,1767,43,false,n,tier1_ngsl_general+ngsl_rank_1767+grade_estimate_7,intermediate,intermediate,5.835,29.379,9.207,intermediate_seed,intermediate_6_to_8.csv
minimum,7,6-8,intermediate_6_to_8,1769,43,false,n,tier1_ngsl_general+ngsl_rank_1769+grade_estimate_7,intermediate,intermediate,4.035,29.379,9.207,intermediate_seed,intermediate_6_to_8.csv
equally,7,6-8,intermediate_6_to_8,1772,43,false,adv,tier1_ngsl_general+ngsl_rank_1772+grade_estimate_7,intermediate,intermediate,4.035,29.379,9.207,intermediate_seed,intermediate_6_to_8.csv
detail,6,6-8,intermediate_6_to_8,472,213,false,n,tier1_ngsl_general+ngsl_rank_472+grade_estimate_6,intermediate,intermediate,9.209,29.379,7.644,intermediate_seed,intermediate_6_to_8.csv
residue,7,6-8,intermediate_6_to_8,366,42,true,n,tier2_nawl_academic+nawl_rank_366+grade_estimate_7,intermediate,intermediate,6.03,29.373,11.201,intermediate_seed,intermediate_6_to_8.csv
harvest,7,6-8,intermediate_6_to_8,372,42,true,n,tier2_nawl_academic+nawl_rank_372+grade_estimate_7,intermediate,intermediate,6.03,29.373,11.201,intermediate_seed,intermediate_6_to_8.csv
suicide,7,6-8,intermediate_6_to_8,373,42,true,n,tier2_nawl_academic+nawl_rank_373+grade_estimate_7,intermediate,intermediate,6.03,29.373,11.201,intermediate_seed,intermediate_6_to_8.csv
victory,7,6-8,intermediate_6_to_8,1776,42,false,n,tier1_ngsl_general+ngsl_rank_1776+grade_estimate_7,intermediate,intermediate,4.03,29.373,9.201,intermediate_seed,intermediate_6_to_8.csv
resolve,7,6-8,intermediate_6_to_8,1777,42,false,n,tier1_ngsl_general+ngsl_rank_1777+grade_estimate_7,intermediate,intermediate,4.03,29.373,9.201,intermediate_seed,intermediate_6_to_8.csv
urge,7,6-8,intermediate_6_to_8,1786,42,false,n,tier1_ngsl_general+ngsl_rank_1786+grade_estimate_7,intermediate,intermediate,5.83,29.373,9.201,intermediate_seed,intermediate_6_to_8.csv
health,6,6-8,intermediate_6_to_8,475,209,false,n,tier1_ngsl_general+ngsl_rank_475+grade_estimate_6,intermediate,intermediate,9.204,29.372,7.638,intermediate_seed,intermediate_6_to_8.csv
phone,6,6-8,intermediate_6_to_8,479,207,false,n,tier1_ngsl_general+ngsl_rank_479+grade_estimate_6,intermediate,intermediate,9.202,29.369,7.636,intermediate_seed,intermediate_6_to_8.csv
pi,7,6-8,intermediate_6_to_8,374,41,true,n,tier2_nawl_academic+nawl_rank_374+grade_estimate_7,intermediate,intermediate,7.825,29.366,11.195,intermediate_seed,intermediate_6_to_8.csv
vast,7,6-8,intermediate_6_to_8,1802,41,false,n,tier1_ngsl_general+ngsl_rank_1802+grade_estimate_7,intermediate,intermediate,5.825,29.366,9.195,intermediate_seed,intermediate_6_to_8.csv
liberal,7,6-8,intermediate_6_to_8,1821,41,false,adj,tier1_ngsl_general+ngsl_rank_1821+grade_estimate_7,intermediate,intermediate,4.025,29.366,9.195,intermediate_seed,intermediate_6_to_8.csv
qualify,7,6-8,intermediate_6_to_8,1823,41,false,v,tier1_ngsl_general+ngsl_rank_1823+grade_estimate_7,intermediate,intermediate,4.025,29.366,9.195,intermediate_seed,intermediate_6_to_8.csv
hi,7,6-8,intermediate_6_to_8,1826,41,false,n,tier1_ngsl_general+ngsl_rank_1826+grade_estimate_7,intermediate,intermediate,5.825,29.366,9.195,intermediate_seed,intermediate_6_to_8.csv
customer,6,6-8,intermediate_6_to_8,487,205,false,n,tier1_ngsl_general+ngsl_rank_487+grade_estimate_6,intermediate,intermediate,8.399,29.366,8.333,intermediate_seed,intermediate_6_to_8.csv
tricky,8,6-8,intermediate_6_to_8,936,2,true,n,tier2_nawl_academic+nawl_rank_936+grade_estimate_8,intermediate,intermediate,6.448,29.363,10.755,intermediate_seed,intermediate_6_to_8.csv
cheer,8,6-8,intermediate_6_to_8,937,2,true,n,tier2_nawl_academic+nawl_rank_937+grade_estimate_8,intermediate,intermediate,6.448,29.363,10.755,intermediate_seed,intermediate_6_to_8.csv
athletic,8,6-8,intermediate_6_to_8,940,2,true,adj,tier2_nawl_academic+nawl_rank_940+grade_estimate_8,intermediate,intermediate,5.648,29.363,11.455,intermediate_seed,intermediate_6_to_8.csv
chess,8,6-8,intermediate_6_to_8,941,2,true,n,tier2_nawl_academic+nawl_rank_941+grade_estimate_8,intermediate,intermediate,6.448,29.363,10.755,intermediate_seed,intermediate_6_to_8.csv
terribly,8,6-8,intermediate_6_to_8,942,2,true,adv,tier2_nawl_academic+nawl_rank_942+grade_estimate_8,intermediate,intermediate,5.648,29.363,11.455,intermediate_seed,intermediate_6_to_8.csv
unintelligible,8,6-8,intermediate_6_to_8,943,2,true,adj,tier2_nawl_academic+nawl_rank_943+grade_estimate_8,intermediate,intermediate,5.648,29.363,12.955,intermediate_seed,intermediate_6_to_8.csv
circa,8,6-8,intermediate_6_to_8,944,2,true,n,tier2_nawl_academic+nawl_rank_944+grade_estimate_8,intermediate,intermediate,6.448,29.363,10.755,intermediate_seed,intermediate_6_to_8.csv
scroll,8,6-8,intermediate_6_to_8,945,2,true,n,tier2_nawl_academic+nawl_rank_945+grade_estimate_8,intermediate,intermediate,6.448,29.363,10.755,intermediate_seed,intermediate_6_to_8.csv
connector,8,6-8,intermediate_6_to_8,947,2,true,n,tier2_nawl_academic+nawl_rank_947+grade_estimate_8,intermediate,intermediate,5.648,29.363,11.455,intermediate_seed,intermediate_6_to_8.csv
nasty,8,6-8,intermediate_6_to_8,948,2,true,n,tier2_nawl_academic+nawl_rank_948+grade_estimate_8,intermediate,intermediate,6.448,29.363,10.755,intermediate_seed,intermediate_6_to_8.csv
incredibly,8,6-8,intermediate_6_to_8,949,2,true,adv,tier2_nawl_academic+nawl_rank_949+grade_estimate_8,intermediate,intermediate,5.648,29.363,11.455,intermediate_seed,intermediate_6_to_8.csv
applause,8,6-8,intermediate_6_to_8,956,2,true,n,tier2_nawl_academic+nawl_rank_956+grade_estimate_8,intermediate,intermediate,5.648,29.363,11.455,intermediate_seed,intermediate_6_to_8.csv
demonstrator,8,6-8,intermediate_6_to_8,957,2,true,n,tier2_nawl_academic+nawl_rank_957+grade_estimate_8,intermediate,intermediate,5.648,29.363,12.955,intermediate_seed,intermediate_6_to_8.csv
calculator,8,6-8,intermediate_6_to_8,958,2,true,n,tier2_nawl_academic+nawl_rank_958+grade_estimate_8,intermediate,intermediate,5.648,29.363,11.455,intermediate_seed,intermediate_6_to_8.csv
scatter,7,6-8,intermediate_6_to_8,384,40,true,v,tier2_nawl_academic+nawl_rank_384+grade_estimate_7,intermediate,intermediate,6.019,29.359,11.189,intermediate_seed,intermediate_6_to_8.csv
hormone,7,6-8,intermediate_6_to_8,388,40,true,n,tier2_nawl_academic+nawl_rank_388+grade_estimate_7,intermediate,intermediate,6.019,29.359,11.189,intermediate_seed,intermediate_6_to_8.csv
self,7,6-8,intermediate_6_to_8,1833,40,false,n,tier1_ngsl_general+ngsl_rank_1833+grade_estimate_7,intermediate,intermediate,5.819,29.359,9.189,intermediate_seed,intermediate_6_to_8.csv
maximum,7,6-8,intermediate_6_to_8,1841,40,false,n,tier1_ngsl_general+ngsl_rank_1841+grade_estimate_7,intermediate,intermediate,4.019,29.359,9.189,intermediate_seed,intermediate_6_to_8.csv
gray,7,6-8,intermediate_6_to_8,1849,40,false,n,tier1_ngsl_general+ngsl_rank_1849+grade_estimate_7,intermediate,intermediate,5.819,29.359,9.189,intermediate_seed,intermediate_6_to_8.csv
plastic,7,6-8,intermediate_6_to_8,1850,40,false,adj,tier1_ngsl_general+ngsl_rank_1850+grade_estimate_7,intermediate,intermediate,4.019,29.359,9.189,intermediate_seed,intermediate_6_to_8.csv
boss,7,6-8,intermediate_6_to_8,1854,40,false,n,tier1_ngsl_general+ngsl_rank_1854+grade_estimate_7,intermediate,intermediate,5.819,29.359,9.189,intermediate_seed,intermediate_6_to_8.csv
extreme,7,6-8,intermediate_6_to_8,1857,40,false,n,tier1_ngsl_general+ngsl_rank_1857+grade_estimate_7,intermediate,intermediate,4.019,29.359,9.189,intermediate_seed,intermediate_6_to_8.csv
economic,6,6-8,intermediate_6_to_8,493,199,false,adj,tier1_ngsl_general+ngsl_rank_493+grade_estimate_6,intermediate,intermediate,8.392,29.356,8.324,intermediate_seed,intermediate_6_to_8.csv
approach,6,6-8,intermediate_6_to_8,495,199,false,n,tier1_ngsl_general+ngsl_rank_495+grade_estimate_6,intermediate,intermediate,8.392,29.356,8.324,intermediate_seed,intermediate_6_to_8.csv
consent,7,6-8,intermediate_6_to_8,393,39,true,n,tier2_nawl_academic+nawl_rank_393+grade_estimate_7,intermediate,intermediate,6.014,29.352,11.183,intermediate_seed,intermediate_6_to_8.csv
deserve,7,6-8,intermediate_6_to_8,1872,39,false,n,tier1_ngsl_general+ngsl_rank_1872+grade_estimate_7,intermediate,intermediate,4.014,29.352,9.183,intermediate_seed,intermediate_6_to_8.csv
unusual,7,6-8,intermediate_6_to_8,1873,39,false,adj,tier1_ngsl_general+ngsl_rank_1873+grade_estimate_7,intermediate,intermediate,4.014,29.352,9.183,intermediate_seed,intermediate_6_to_8.csv
classic,7,6-8,intermediate_6_to_8,1875,39,false,adj,tier1_ngsl_general+ngsl_rank_1875+grade_estimate_7,intermediate,intermediate,4.014,29.352,9.183,intermediate_seed,intermediate_6_to_8.csv
soul,7,6-8,intermediate_6_to_8,1884,39,false,n,tier1_ngsl_general+ngsl_rank_1884+grade_estimate_7,intermediate,intermediate,5.814,29.352,9.183,intermediate_seed,intermediate_6_to_8.csv
sensory,7,6-8,intermediate_6_to_8,399,38,true,adj,tier2_nawl_academic+nawl_rank_399+grade_estimate_7,intermediate,intermediate,6.009,29.345,11.177,intermediate_seed,intermediate_6_to_8.csv
confine,7,6-8,intermediate_6_to_8,400,38,true,v,tier2_nawl_academic+nawl_rank_400+grade_estimate_7,intermediate,intermediate,6.009,29.345,11.177,intermediate_seed,intermediate_6_to_8.csv
mineral,7,6-8,intermediate_6_to_8,401,38,true,adj,tier2_nawl_academic+nawl_rank_401+grade_estimate_7,intermediate,intermediate,6.009,29.345,11.177,intermediate_seed,intermediate_6_to_8.csv
cope,7,6-8,intermediate_6_to_8,1901,38,false,n,tier1_ngsl_general+ngsl_rank_1901+grade_estimate_7,intermediate,intermediate,5.809,29.345,9.177,intermediate_seed,intermediate_6_to_8.csv
chip,7,6-8,intermediate_6_to_8,1910,38,false,n,tier1_ngsl_general+ngsl_rank_1910+grade_estimate_7,intermediate,intermediate,5.809,29.345,9.177,intermediate_seed,intermediate_6_to_8.csv
confuse,7,6-8,intermediate_6_to_8,1919,38,false,n,tier1_ngsl_general+ngsl_rank_1919+grade_estimate_7,intermediate,intermediate,4.009,29.345,9.177,intermediate_seed,intermediate_6_to_8.csv
install,7,6-8,intermediate_6_to_8,1924,38,false,n,tier1_ngsl_general+ngsl_rank_1924+grade_estimate_7,intermediate,intermediate,4.009,29.345,9.177,intermediate_seed,intermediate_6_to_8.csv
outline,7,6-8,intermediate_6_to_8,1931,38,false,n,tier1_ngsl_general+ngsl_rank_1931+grade_estimate_7,intermediate,intermediate,4.009,29.345,9.177,intermediate_seed,intermediate_6_to_8.csv
illness,7,6-8,intermediate_6_to_8,1938,38,false,n,tier1_ngsl_general+ngsl_rank_1938+grade_estimate_7,intermediate,intermediate,4.009,29.345,9.177,intermediate_seed,intermediate_6_to_8.csv
regard,6,6-8,intermediate_6_to_8,511,191,false,n,tier1_ngsl_general+ngsl_rank_511+grade_estimate_6,intermediate,intermediate,9.182,29.343,7.612,intermediate_seed,intermediate_6_to_8.csv
couple,6,6-8,intermediate_6_to_8,514,191,false,n,tier1_ngsl_general+ngsl_rank_514+grade_estimate_6,intermediate,intermediate,9.182,29.343,7.612,intermediate_seed,intermediate_6_to_8.csv
quality,6,6-8,intermediate_6_to_8,517,190,false,n,tier1_ngsl_general+ngsl_rank_517+grade_estimate_6,intermediate,intermediate,8.381,29.341,9.011,intermediate_seed,intermediate_6_to_8.csv
nominal,7,6-8,intermediate_6_to_8,408,37,true,adj,tier2_nawl_academic+nawl_rank_408+grade_estimate_7,intermediate,intermediate,6.003,29.338,11.17,intermediate_seed,intermediate_6_to_8.csv
lung,7,6-8,intermediate_6_to_8,413,37,true,n,tier2_nawl_academic+nawl_rank_413+grade_estimate_7,intermediate,intermediate,7.803,29.338,11.17,intermediate_seed,intermediate_6_to_8.csv
comfort,7,6-8,intermediate_6_to_8,1945,37,false,n,tier1_ngsl_general+ngsl_rank_1945+grade_estimate_7,intermediate,intermediate,4.003,29.338,9.17,intermediate_seed,intermediate_6_to_8.csv
gene,7,6-8,intermediate_6_to_8,1948,37,false,n,tier1_ngsl_general+ngsl_rank_1948+grade_estimate_7,intermediate,intermediate,5.803,29.338,9.17,intermediate_seed,intermediate_6_to_8.csv
plot,7,6-8,intermediate_6_to_8,1951,37,false,n,tier1_ngsl_general+ngsl_rank_1951+grade_estimate_7,intermediate,intermediate,5.803,29.338,9.17,intermediate_seed,intermediate_6_to_8.csv
bet,7,6-8,intermediate_6_to_8,1958,37,false,n,tier1_ngsl_general+ngsl_rank_1958+grade_estimate_7,intermediate,intermediate,5.803,29.338,9.17,intermediate_seed,intermediate_6_to_8.csv
abandon,7,6-8,intermediate_6_to_8,1965,37,false,n,tier1_ngsl_general+ngsl_rank_1965+grade_estimate_7,intermediate,intermediate,4.003,29.338,9.17,intermediate_seed,intermediate_6_to_8.csv
accord,6,6-8,intermediate_6_to_8,522,188,false,n,tier1_ngsl_general+ngsl_rank_522+grade_estimate_6,intermediate,intermediate,9.178,29.337,7.608,intermediate_seed,intermediate_6_to_8.csv
therefore,6,6-8,intermediate_6_to_8,525,187,false,adv,tier1_ngsl_general+ngsl_rank_525+grade_estimate_6,intermediate,intermediate,8.377,29.336,8.306,intermediate_seed,intermediate_6_to_8.csv
sneeze,8,6-8,intermediate_6_to_8,960,1,true,n,tier2_nawl_academic+nawl_rank_960+grade_estimate_8,intermediate,intermediate,6.425,29.333,10.729,intermediate_seed,intermediate_6_to_8.csv
sniff,8,6-8,intermediate_6_to_8,961,1,true,n,tier2_nawl_academic+nawl_rank_961+grade_estimate_8,intermediate,intermediate,6.425,29.333,10.729,intermediate_seed,intermediate_6_to_8.csv
descendent,8,6-8,intermediate_6_to_8,963,1,true,adj,tier2_nawl_academic+nawl_rank_963+grade_estimate_8,intermediate,intermediate,5.625,29.333,11.429,intermediate_seed,intermediate_6_to_8.csv
amongst,7,6-8,intermediate_6_to_8,433,36,true,n,tier2_nawl_academic+nawl_rank_433+grade_estimate_7,intermediate,intermediate,5.998,29.33,11.164,intermediate_seed,intermediate_6_to_8.csv
premise,7,6-8,intermediate_6_to_8,1973,36,false,v,tier1_ngsl_general+ngsl_rank_1973+grade_estimate_7,intermediate,intermediate,3.998,29.33,9.164,intermediate_seed,intermediate_6_to_8.csv
lean,7,6-8,intermediate_6_to_8,1974,36,false,n,tier1_ngsl_general+ngsl_rank_1974+grade_estimate_7,intermediate,intermediate,5.798,29.33,9.164,intermediate_seed,intermediate_6_to_8.csv
protein,7,6-8,intermediate_6_to_8,1978,36,false,n,tier1_ngsl_general+ngsl_rank_1978+grade_estimate_7,intermediate,intermediate,3.998,29.33,9.164,intermediate_seed,intermediate_6_to_8.csv
bike,7,6-8,intermediate_6_to_8,1979,36,false,n,tier1_ngsl_general+ngsl_rank_1979+grade_estimate_7,intermediate,intermediate,5.798,29.33,9.164,intermediate_seed,intermediate_6_to_8.csv
crucial,7,6-8,intermediate_6_to_8,1983,36,false,adj,tier1_ngsl_general+ngsl_rank_1983+grade_estimate_7,intermediate,intermediate,3.998,29.33,9.164,intermediate_seed,intermediate_6_to_8.csv
crop,7,6-8,intermediate_6_to_8,1986,36,false,n,tier1_ngsl_general+ngsl_rank_1986+grade_estimate_7,intermediate,intermediate,5.798,29.33,9.164,intermediate_seed,intermediate_6_to_8.csv
toy,7,6-8,intermediate_6_to_8,1994,36,false,n,tier1_ngsl_general+ngsl_rank_1994+grade_estimate_7,intermediate,intermediate,5.798,29.33,9.164,intermediate_seed,intermediate_6_to_8.csv
exhibit,7,6-8,intermediate_6_to_8,1996,36,false,n,tier1_ngsl_general+ngsl_rank_1996+grade_estimate_7,intermediate,intermediate,3.998,29.33,9.164,intermediate_seed,intermediate_6_to_8.csv
hunt,7,6-8,intermediate_6_to_8,1998,36,false,n,tier1_ngsl_general+ngsl_rank_1998+grade_estimate_7,intermediate,intermediate,5.798,29.33,9.164,intermediate_seed,intermediate_6_to_8.csv
peer,7,6-8,intermediate_6_to_8,2007,36,false,n,tier1_ngsl_general+ngsl_rank_2007+grade_estimate_7,intermediate,intermediate,5.798,29.33,9.164,intermediate_seed,intermediate_6_to_8.csv
wing,7,6-8,intermediate_6_to_8,2009,36,false,v,tier1_ngsl_general+ngsl_rank_2009+grade_estimate_7,intermediate,intermediate,5.798,29.33,9.164,intermediate_seed,intermediate_6_to_8.csv
certainly,6,6-8,intermediate_6_to_8,536,182,false,adv,tier1_ngsl_general+ngsl_rank_536+grade_estimate_6,intermediate,intermediate,8.37,29.327,8.298,intermediate_seed,intermediate_6_to_8.csv
teach,6,6-8,intermediate_6_to_8,539,181,false,n,tier1_ngsl_general+ngsl_rank_539+grade_estimate_6,intermediate,intermediate,9.169,29.325,7.597,intermediate_seed,intermediate_6_to_8.csv
thermal,7,6-8,intermediate_6_to_8,439,35,true,adj,tier2_nawl_academic+nawl_rank_439+grade_estimate_7,intermediate,intermediate,5.992,29.323,11.157,intermediate_seed,intermediate_6_to_8.csv
flux,7,6-8,intermediate_6_to_8,444,35,true,n,tier2_nawl_academic+nawl_rank_444+grade_estimate_7,intermediate,intermediate,7.792,29.323,11.157,intermediate_seed,intermediate_6_to_8.csv
analogy,7,6-8,intermediate_6_to_8,449,35,true,n,tier2_nawl_academic+nawl_rank_449+grade_estimate_7,intermediate,intermediate,5.992,29.323,11.157,intermediate_seed,intermediate_6_to_8.csv
adverse,7,6-8,intermediate_6_to_8,450,35,true,adj,tier2_nawl_academic+nawl_rank_450+grade_estimate_7,intermediate,intermediate,5.992,29.323,11.157,intermediate_seed,intermediate_6_to_8.csv
dispute,7,6-8,intermediate_6_to_8,2029,35,false,n,tier1_ngsl_general+ngsl_rank_2029+grade_estimate_7,intermediate,intermediate,3.992,29.323,9.157,intermediate_seed,intermediate_6_to_8.csv
gay,7,6-8,intermediate_6_to_8,2040,35,false,n,tier1_ngsl_general+ngsl_rank_2040+grade_estimate_7,intermediate,intermediate,5.792,29.323,9.157,intermediate_seed,intermediate_6_to_8.csv
unknown,7,6-8,intermediate_6_to_8,2043,35,false,n,tier1_ngsl_general+ngsl_rank_2043+grade_estimate_7,intermediate,intermediate,3.992,29.323,9.157,intermediate_seed,intermediate_6_to_8.csv
zone,7,6-8,intermediate_6_to_8,2045,35,false,n,tier1_ngsl_general+ngsl_rank_2045+grade_estimate_7,intermediate,intermediate,5.792,29.323,9.157,intermediate_seed,intermediate_6_to_8.csv
inch,7,6-8,intermediate_6_to_8,2048,35,false,n,tier1_ngsl_general+ngsl_rank_2048+grade_estimate_7,intermediate,intermediate,5.792,29.323,9.157,intermediate_seed,intermediate_6_to_8.csv
elderly,7,6-8,intermediate_6_to_8,2052,35,false,adv,tier1_ngsl_general+ngsl_rank_2052+grade_estimate_7,intermediate,intermediate,3.992,29.323,9.157,intermediate_seed,intermediate_6_to_8.csv
owe,7,6-8,intermediate_6_to_8,2053,35,false,n,tier1_ngsl_general+ngsl_rank_2053+grade_estimate_7,intermediate,intermediate,5.792,29.323,9.157,intermediate_seed,intermediate_6_to_8.csv
realize,6,6-8,intermediate_6_to_8,554,176,false,v,tier1_ngsl_general+ngsl_rank_554+grade_estimate_6,intermediate,intermediate,8.362,29.316,8.989,intermediate_seed,intermediate_6_to_8.csv
vein,7,6-8,intermediate_6_to_8,453,34,true,n,tier2_nawl_academic+nawl_rank_453+grade_estimate_7,intermediate,intermediate,7.786,29.315,11.15,intermediate_seed,intermediate_6_to_8.csv
rewrite,7,6-8,intermediate_6_to_8,456,34,true,v,tier2_nawl_academic+nawl_rank_456+grade_estimate_7,intermediate,intermediate,5.986,29.315,11.15,intermediate_seed,intermediate_6_to_8.csv
arrival,7,6-8,intermediate_6_to_8,2058,34,false,adj,tier1_ngsl_general+ngsl_rank_2058+grade_estimate_7,intermediate,intermediate,3.986,29.315,9.15,intermediate_seed,intermediate_6_to_8.csv
ease,7,6-8,intermediate_6_to_8,2061,34,false,n,tier1_ngsl_general+ngsl_rank_2061+grade_estimate_7,intermediate,intermediate,5.786,29.315,9.15,intermediate_seed,intermediate_6_to_8.csv
beer,7,6-8,intermediate_6_to_8,2062,34,false,n,tier1_ngsl_general+ngsl_rank_2062+grade_estimate_7,intermediate,intermediate,5.786,29.315,9.15,intermediate_seed,intermediate_6_to_8.csv
profile,7,6-8,intermediate_6_to_8,2065,34,false,n,tier1_ngsl_general+ngsl_rank_2065+grade_estimate_7,intermediate,intermediate,3.986,29.315,9.15,intermediate_seed,intermediate_6_to_8.csv
mood,7,6-8,intermediate_6_to_8,2066,34,false,n,tier1_ngsl_general+ngsl_rank_2066+grade_estimate_7,intermediate,intermediate,5.786,29.315,9.15,intermediate_seed,intermediate_6_to_8.csv
episode,7,6-8,intermediate_6_to_8,2067,34,false,n,tier1_ngsl_general+ngsl_rank_2067+grade_estimate_7,intermediate,intermediate,3.986,29.315,9.15,intermediate_seed,intermediate_6_to_8.csv
symptom,7,6-8,intermediate_6_to_8,2071,34,false,n,tier1_ngsl_general+ngsl_rank_2071+grade_estimate_7,intermediate,intermediate,3.986,29.315,9.15,intermediate_seed,intermediate_6_to_8.csv
era,7,6-8,intermediate_6_to_8,2073,34,false,n,tier1_ngsl_general+ngsl_rank_2073+grade_estimate_7,intermediate,intermediate,5.786,29.315,9.15,intermediate_seed,intermediate_6_to_8.csv
welfare,7,6-8,intermediate_6_to_8,2086,34,false,n,tier1_ngsl_general+ngsl_rank_2086+grade_estimate_7,intermediate,intermediate,3.986,29.315,9.15,intermediate_seed,intermediate_6_to_8.csv
recruit,7,6-8,intermediate_6_to_8,2087,34,false,n,tier1_ngsl_general+ngsl_rank_2087+grade_estimate_7,intermediate,intermediate,3.986,29.315,9.15,intermediate_seed,intermediate_6_to_8.csv
exclude,7,6-8,intermediate_6_to_8,2088,34,false,v,tier1_ngsl_general+ngsl_rank_2088+grade_estimate_7,intermediate,intermediate,3.986,29.315,9.15,intermediate_seed,intermediate_6_to_8.csv
accept,6,6-8,intermediate_6_to_8,561,172,false,v,tier1_ngsl_general+ngsl_rank_561+grade_estimate_6,intermediate,intermediate,9.156,29.308,7.582,intermediate_seed,intermediate_6_to_8.csv
mention,6,6-8,intermediate_6_to_8,564,172,false,v,tier1_ngsl_general+ngsl_rank_564+grade_estimate_6,intermediate,intermediate,8.356,29.308,8.982,intermediate_seed,intermediate_6_to_8.csv
peasant,7,6-8,intermediate_6_to_8,459,33,true,adj,tier2_nawl_academic+nawl_rank_459+grade_estimate_7,intermediate,intermediate,5.98,29.307,11.143,intermediate_seed,intermediate_6_to_8.csv
contour,7,6-8,intermediate_6_to_8,466,33,true,n,tier2_nawl_academic+nawl_rank_466+grade_estimate_7,intermediate,intermediate,5.98,29.307,11.143,intermediate_seed,intermediate_6_to_8.csv
inspire,7,6-8,intermediate_6_to_8,2092,33,false,n,tier1_ngsl_general+ngsl_rank_2092+grade_estimate_7,intermediate,intermediate,3.98,29.307,9.143,intermediate_seed,intermediate_6_to_8.csv
restore,7,6-8,intermediate_6_to_8,2100,33,false,n,tier1_ngsl_general+ngsl_rank_2100+grade_estimate_7,intermediate,intermediate,3.98,29.307,9.143,intermediate_seed,intermediate_6_to_8.csv
routine,7,6-8,intermediate_6_to_8,2104,33,false,n,tier1_ngsl_general+ngsl_rank_2104+grade_estimate_7,intermediate,intermediate,3.98,29.307,9.143,intermediate_seed,intermediate_6_to_8.csv
anymore,7,6-8,intermediate_6_to_8,2107,33,false,n,tier1_ngsl_general+ngsl_rank_2107+grade_estimate_7,intermediate,intermediate,3.98,29.307,9.143,intermediate_seed,intermediate_6_to_8.csv
convert,7,6-8,intermediate_6_to_8,2110,33,false,n,tier1_ngsl_general+ngsl_rank_2110+grade_estimate_7,intermediate,intermediate,3.98,29.307,9.143,intermediate_seed,intermediate_6_to_8.csv
pace,7,6-8,intermediate_6_to_8,2118,33,false,n,tier1_ngsl_general+ngsl_rank_2118+grade_estimate_7,intermediate,intermediate,5.78,29.307,9.143,intermediate_seed,intermediate_6_to_8.csv
heavily,7,6-8,intermediate_6_to_8,2119,33,false,adv,tier1_ngsl_general+ngsl_rank_2119+grade_estimate_7,intermediate,intermediate,3.98,29.307,9.143,intermediate_seed,intermediate_6_to_8.csv
justify,7,6-8,intermediate_6_to_8,2122,33,false,v,tier1_ngsl_general+ngsl_rank_2122+grade_estimate_7,intermediate,intermediate,3.98,29.307,9.143,intermediate_seed,intermediate_6_to_8.csv
pour,7,6-8,intermediate_6_to_8,2135,33,false,n,tier1_ngsl_general+ngsl_rank_2135+grade_estimate_7,intermediate,intermediate,5.78,29.307,9.143,intermediate_seed,intermediate_6_to_8.csv
limit,6,6-8,intermediate_6_to_8,572,168,false,v,tier1_ngsl_general+ngsl_rank_572+grade_estimate_6,intermediate,intermediate,9.15,29.3,7.575,intermediate_seed,intermediate_6_to_8.csv
myth,7,6-8,intermediate_6_to_8,475,32,true,n,tier2_nawl_academic+nawl_rank_475+grade_estimate_7,intermediate,intermediate,7.774,29.299,11.136,intermediate_seed,intermediate_6_to_8.csv
pub,7,6-8,intermediate_6_to_8,2141,32,false,n,tier1_ngsl_general+ngsl_rank_2141+grade_estimate_7,intermediate,intermediate,5.774,29.299,9.136,intermediate_seed,intermediate_6_to_8.csv
analyst,7,6-8,intermediate_6_to_8,2170,32,false,n,tier1_ngsl_general+ngsl_rank_2170+grade_estimate_7,intermediate,intermediate,3.974,29.299,9.136,intermediate_seed,intermediate_6_to_8.csv
cake,7,6-8,intermediate_6_to_8,2173,32,false,n,tier1_ngsl_general+ngsl_rank_2173+grade_estimate_7,intermediate,intermediate,5.774,29.299,9.136,intermediate_seed,intermediate_6_to_8.csv
effort,6,6-8,intermediate_6_to_8,577,167,false,n,tier1_ngsl_general+ngsl_rank_577+grade_estimate_6,intermediate,intermediate,9.149,29.298,7.574,intermediate_seed,intermediate_6_to_8.csv
reduce,6,6-8,intermediate_6_to_8,584,165,false,v,tier1_ngsl_general+ngsl_rank_584+grade_estimate_6,intermediate,intermediate,9.146,29.294,7.57,intermediate_seed,intermediate_6_to_8.csv
personal,6,6-8,intermediate_6_to_8,585,165,false,adj,tier1_ngsl_general+ngsl_rank_585+grade_estimate_6,intermediate,intermediate,8.346,29.294,8.27,intermediate_seed,intermediate_6_to_8.csv
leader,6,6-8,intermediate_6_to_8,596,163,false,n,tier1_ngsl_general+ngsl_rank_596+grade_estimate_6,intermediate,intermediate,9.143,29.29,7.567,intermediate_seed,intermediate_6_to_8.csv
trap,7,6-8,intermediate_6_to_8,2184,31,false,n,tier1_ngsl_general+ngsl_rank_2184+grade_estimate_7,intermediate,intermediate,5.768,29.29,9.129,intermediate_seed,intermediate_6_to_8.csv
tank,7,6-8,intermediate_6_to_8,2189,31,false,n,tier1_ngsl_general+ngsl_rank_2189+grade_estimate_7,intermediate,intermediate,5.768,29.29,9.129,intermediate_seed,intermediate_6_to_8.csv
tune,7,6-8,intermediate_6_to_8,2192,31,false,n,tier1_ngsl_general+ngsl_rank_2192+grade_estimate_7,intermediate,intermediate,5.768,29.29,9.129,intermediate_seed,intermediate_6_to_8.csv
bid,7,6-8,intermediate_6_to_8,2197,31,false,n,tier1_ngsl_general+ngsl_rank_2197+grade_estimate_7,intermediate,intermediate,5.768,29.29,9.129,intermediate_seed,intermediate_6_to_8.csv
adviser,8,6-8,intermediate_6_to_8,2201,31,false,n,tier1_ngsl_general+ngsl_rank_2201+grade_estimate_8,intermediate,intermediate,3.968,29.29,9.129,intermediate_seed,intermediate_6_to_8.csv
stem,8,6-8,intermediate_6_to_8,2202,31,false,n,tier1_ngsl_general+ngsl_rank_2202+grade_estimate_8,intermediate,intermediate,5.768,29.29,9.129,intermediate_seed,intermediate_6_to_8.csv
reverse,8,6-8,intermediate_6_to_8,2203,31,false,n,tier1_ngsl_general+ngsl_rank_2203+grade_estimate_8,intermediate,intermediate,3.968,29.29,9.129,intermediate_seed,intermediate_6_to_8.csv
mode,8,6-8,intermediate_6_to_8,2204,31,false,n,tier1_ngsl_general+ngsl_rank_2204+grade_estimate_8,intermediate,intermediate,5.768,29.29,9.129,intermediate_seed,intermediate_6_to_8.csv
pose,8,6-8,intermediate_6_to_8,2207,31,false,n,tier1_ngsl_general+ngsl_rank_2207+grade_estimate_8,intermediate,intermediate,5.768,29.29,9.129,intermediate_seed,intermediate_6_to_8.csv
alcohol,8,6-8,intermediate_6_to_8,2214,31,false,n,tier1_ngsl_general+ngsl_rank_2214+grade_estimate_8,intermediate,intermediate,3.968,29.29,9.129,intermediate_seed,intermediate_6_to_8.csv
van,8,6-8,intermediate_6_to_8,2217,31,false,n,tier1_ngsl_general+ngsl_rank_2217+grade_estimate_8,intermediate,intermediate,5.768,29.29,9.129,intermediate_seed,intermediate_6_to_8.csv
log,8,6-8,intermediate_6_to_8,2226,31,false,n,tier1_ngsl_general+ngsl_rank_2226+grade_estimate_8,intermediate,intermediate,5.768,29.29,9.129,intermediate_seed,intermediate_6_to_8.csv
god,8,6-8,intermediate_6_to_8,2228,31,false,n,tier1_ngsl_general+ngsl_rank_2228+grade_estimate_8,intermediate,intermediate,5.768,29.29,9.129,intermediate_seed,intermediate_6_to_8.csv
former,6,6-8,intermediate_6_to_8,599,162,false,adj,tier1_ngsl_general+ngsl_rank_599+grade_estimate_6,intermediate,intermediate,9.141,29.288,7.565,intermediate_seed,intermediate_6_to_8.csv
particularly,6,6-8,intermediate_6_to_8,601,162,false,adv,tier1_ngsl_general+ngsl_rank_601+grade_estimate_6,intermediate,intermediate,8.341,29.288,9.765,intermediate_seed,intermediate_6_to_8.csv
response,6,6-8,intermediate_6_to_8,606,159,false,n,tier1_ngsl_general+ngsl_rank_606+grade_estimate_6,intermediate,intermediate,8.337,29.282,8.26,intermediate_seed,intermediate_6_to_8.csv
grid,7,6-8,intermediate_6_to_8,493,30,true,n,tier2_nawl_academic+nawl_rank_493+grade_estimate_7,intermediate,intermediate,7.761,29.282,11.121,intermediate_seed,intermediate_6_to_8.csv
harm,8,6-8,intermediate_6_to_8,2236,30,false,n,tier1_ngsl_general+ngsl_rank_2236+grade_estimate_8,intermediate,intermediate,5.761,29.282,9.121,intermediate_seed,intermediate_6_to_8.csv
consult,8,6-8,intermediate_6_to_8,2237,30,false,n,tier1_ngsl_general+ngsl_rank_2237+grade_estimate_8,intermediate,intermediate,3.961,29.282,9.121,intermediate_seed,intermediate_6_to_8.csv
pink,8,6-8,intermediate_6_to_8,2238,30,false,n,tier1_ngsl_general+ngsl_rank_2238+grade_estimate_8,intermediate,intermediate,5.761,29.282,9.121,intermediate_seed,intermediate_6_to_8.csv
impress,8,6-8,intermediate_6_to_8,2243,30,false,n,tier1_ngsl_general+ngsl_rank_2243+grade_estimate_8,intermediate,intermediate,3.961,29.282,9.121,intermediate_seed,intermediate_6_to_8.csv
exam,8,6-8,intermediate_6_to_8,2244,30,false,n,tier1_ngsl_general+ngsl_rank_2244+grade_estimate_8,intermediate,intermediate,5.761,29.282,9.121,intermediate_seed,intermediate_6_to_8.csv
vice,8,6-8,intermediate_6_to_8,2245,30,false,n,tier1_ngsl_general+ngsl_rank_2245+grade_estimate_8,intermediate,intermediate,5.761,29.282,9.121,intermediate_seed,intermediate_6_to_8.csv
radical,8,6-8,intermediate_6_to_8,2246,30,false,adj,tier1_ngsl_general+ngsl_rank_2246+grade_estimate_8,intermediate,intermediate,3.961,29.282,9.121,intermediate_seed,intermediate_6_to_8.csv
pure,8,6-8,intermediate_6_to_8,2264,30,false,n,tier1_ngsl_general+ngsl_rank_2264+grade_estimate_8,intermediate,intermediate,5.761,29.282,9.121,intermediate_seed,intermediate_6_to_8.csv
ally,8,6-8,intermediate_6_to_8,2266,30,false,adv,tier1_ngsl_general+ngsl_rank_2266+grade_estimate_8,intermediate,intermediate,5.761,29.282,9.121,intermediate_seed,intermediate_6_to_8.csv
briefly,8,6-8,intermediate_6_to_8,2270,30,false,adv,tier1_ngsl_general+ngsl_rank_2270+grade_estimate_8,intermediate,intermediate,3.961,29.282,9.121,intermediate_seed,intermediate_6_to_8.csv
disturb,8,6-8,intermediate_6_to_8,2272,30,false,n,tier1_ngsl_general+ngsl_rank_2272+grade_estimate_8,intermediate,intermediate,3.961,29.282,9.121,intermediate_seed,intermediate_6_to_8.csv
sustain,8,6-8,intermediate_6_to_8,2273,30,false,n,tier1_ngsl_general+ngsl_rank_2273+grade_estimate_8,intermediate,intermediate,3.961,29.282,9.121,intermediate_seed,intermediate_6_to_8.csv
poverty,8,6-8,intermediate_6_to_8,2275,30,false,n,tier1_ngsl_general+ngsl_rank_2275+grade_estimate_8,intermediate,intermediate,3.961,29.282,9.121,intermediate_seed,intermediate_6_to_8.csv
cite,8,6-8,intermediate_6_to_8,2277,30,false,n,tier1_ngsl_general+ngsl_rank_2277+grade_estimate_8,intermediate,intermediate,5.761,29.282,9.121,intermediate_seed,intermediate_6_to_8.csv
sponsor,8,6-8,intermediate_6_to_8,2281,30,false,n,tier1_ngsl_general+ngsl_rank_2281+grade_estimate_8,intermediate,intermediate,3.961,29.282,9.121,intermediate_seed,intermediate_6_to_8.csv
boot,8,6-8,intermediate_6_to_8,2282,30,false,n,tier1_ngsl_general+ngsl_rank_2282+grade_estimate_8,intermediate,intermediate,5.761,29.282,9.121,intermediate_seed,intermediate_6_to_8.csv
court,6,6-8,intermediate_6_to_8,615,156,false,n,tier1_ngsl_general+ngsl_rank_615+grade_estimate_6,intermediate,intermediate,9.132,29.276,7.554,intermediate_seed,intermediate_6_to_8.csv
impulse,7,6-8,intermediate_6_to_8,516,29,true,n,tier2_nawl_academic+nawl_rank_516+grade_estimate_7,intermediate,intermediate,5.955,29.273,11.114,intermediate_seed,intermediate_6_to_8.csv
bowl,8,6-8,intermediate_6_to_8,2291,29,false,n,tier1_ngsl_general+ngsl_rank_2291+grade_estimate_8,intermediate,intermediate,5.755,29.273,9.114,intermediate_seed,intermediate_6_to_8.csv
grab,8,6-8,intermediate_6_to_8,2303,29,false,n,tier1_ngsl_general+ngsl_rank_2303+grade_estimate_8,intermediate,intermediate,5.755,29.273,9.114,intermediate_seed,intermediate_6_to_8.csv
entitle,8,6-8,intermediate_6_to_8,2304,29,false,n,tier1_ngsl_general+ngsl_rank_2304+grade_estimate_8,intermediate,intermediate,3.955,29.273,9.114,intermediate_seed,intermediate_6_to_8.csv
lend,8,6-8,intermediate_6_to_8,2305,29,false,n,tier1_ngsl_general+ngsl_rank_2305+grade_estimate_8,intermediate,intermediate,5.755,29.273,9.114,intermediate_seed,intermediate_6_to_8.csv
edit,8,6-8,intermediate_6_to_8,2311,29,false,n,tier1_ngsl_general+ngsl_rank_2311+grade_estimate_8,intermediate,intermediate,5.755,29.273,9.114,intermediate_seed,intermediate_6_to_8.csv
summary,8,6-8,intermediate_6_to_8,2318,29,false,adj,tier1_ngsl_general+ngsl_rank_2318+grade_estimate_8,intermediate,intermediate,3.955,29.273,9.114,intermediate_seed,intermediate_6_to_8.csv
employee,6,6-8,intermediate_6_to_8,624,154,false,n,tier1_ngsl_general+ngsl_rank_624+grade_estimate_6,intermediate,intermediate,8.329,29.272,8.25,intermediate_seed,intermediate_6_to_8.csv
manage,6,6-8,intermediate_6_to_8,625,154,false,v,tier1_ngsl_general+ngsl_rank_625+grade_estimate_6,intermediate,intermediate,9.129,29.272,7.55,intermediate_seed,intermediate_6_to_8.csv
simply,6,6-8,intermediate_6_to_8,626,153,false,adv,tier1_ngsl_general+ngsl_rank_626+grade_estimate_6,intermediate,intermediate,9.127,29.27,7.549,intermediate_seed,intermediate_6_to_8.csv
attack,6,6-8,intermediate_6_to_8,632,151,false,v,tier1_ngsl_general+ngsl_rank_632+grade_estimate_6,intermediate,intermediate,9.124,29.265,7.545,intermediate_seed,intermediate_6_to_8.csv
crystal,7,6-8,intermediate_6_to_8,521,28,true,n,tier2_nawl_academic+nawl_rank_521+grade_estimate_7,intermediate,intermediate,5.948,29.264,11.106,intermediate_seed,intermediate_6_to_8.csv
carrier,7,6-8,intermediate_6_to_8,532,28,true,n,tier2_nawl_academic+nawl_rank_532+grade_estimate_7,intermediate,intermediate,5.948,29.264,11.106,intermediate_seed,intermediate_6_to_8.csv
quantum,7,6-8,intermediate_6_to_8,536,28,true,n,tier2_nawl_academic+nawl_rank_536+grade_estimate_7,intermediate,intermediate,5.948,29.264,11.106,intermediate_seed,intermediate_6_to_8.csv
seal,8,6-8,intermediate_6_to_8,2322,28,false,adj,tier1_ngsl_general+ngsl_rank_2322+grade_estimate_8,intermediate,intermediate,5.748,29.264,9.106,intermediate_seed,intermediate_6_to_8.csv
specify,8,6-8,intermediate_6_to_8,2326,28,false,v,tier1_ngsl_general+ngsl_rank_2326+grade_estimate_8,intermediate,intermediate,3.948,29.264,9.106,intermediate_seed,intermediate_6_to_8.csv
drag,8,6-8,intermediate_6_to_8,2332,28,false,n,tier1_ngsl_general+ngsl_rank_2332+grade_estimate_8,intermediate,intermediate,5.748,29.264,9.106,intermediate_seed,intermediate_6_to_8.csv
anxiety,8,6-8,intermediate_6_to_8,2340,28,false,n,tier1_ngsl_general+ngsl_rank_2340+grade_estimate_8,intermediate,intermediate,3.948,29.264,9.106,intermediate_seed,intermediate_6_to_8.csv
offense,8,6-8,intermediate_6_to_8,2344,28,false,n,tier1_ngsl_general+ngsl_rank_2344+grade_estimate_8,intermediate,intermediate,3.948,29.264,9.106,intermediate_seed,intermediate_6_to_8.csv
surgery,8,6-8,intermediate_6_to_8,2349,28,false,n,tier1_ngsl_general+ngsl_rank_2349+grade_estimate_8,intermediate,intermediate,3.948,29.264,9.106,intermediate_seed,intermediate_6_to_8.csv
keen,8,6-8,intermediate_6_to_8,2364,28,false,v,tier1_ngsl_general+ngsl_rank_2364+grade_estimate_8,intermediate,intermediate,5.748,29.264,9.106,intermediate_seed,intermediate_6_to_8.csv
twin,8,6-8,intermediate_6_to_8,2366,28,false,n,tier1_ngsl_general+ngsl_rank_2366+grade_estimate_8,intermediate,intermediate,5.748,29.264,9.106,intermediate_seed,intermediate_6_to_8.csv
eastern,8,6-8,intermediate_6_to_8,2368,28,false,n,tier1_ngsl_general+ngsl_rank_2368+grade_estimate_8,intermediate,intermediate,3.948,29.264,9.106,intermediate_seed,intermediate_6_to_8.csv
recently,6,6-8,intermediate_6_to_8,638,150,false,adv,tier1_ngsl_general+ngsl_rank_638+grade_estimate_6,intermediate,intermediate,8.322,29.263,8.243,intermediate_seed,intermediate_6_to_8.csv
campaign,6,6-8,intermediate_6_to_8,647,148,false,n,tier1_ngsl_general+ngsl_rank_647+grade_estimate_6,intermediate,intermediate,8.319,29.259,8.239,intermediate_seed,intermediate_6_to_8.csv
forget,6,6-8,intermediate_6_to_8,651,147,false,n,tier1_ngsl_general+ngsl_rank_651+grade_estimate_6,intermediate,intermediate,9.118,29.257,7.537,intermediate_seed,intermediate_6_to_8.csv
worry,6,6-8,intermediate_6_to_8,653,147,false,n,tier1_ngsl_general+ngsl_rank_653+grade_estimate_6,intermediate,intermediate,9.118,29.257,7.537,intermediate_seed,intermediate_6_to_8.csv
bulk,7,6-8,intermediate_6_to_8,542,27,true,n,tier2_nawl_academic+nawl_rank_542+grade_estimate_7,intermediate,intermediate,7.741,29.255,11.098,intermediate_seed,intermediate_6_to_8.csv
execute,7,6-8,intermediate_6_to_8,547,27,true,n,tier2_nawl_academic+nawl_rank_547+grade_estimate_7,intermediate,intermediate,5.941,29.255,11.098,intermediate_seed,intermediate_6_to_8.csv
lecture,8,6-8,intermediate_6_to_8,2378,27,false,n,tier1_ngsl_general+ngsl_rank_2378+grade_estimate_8,intermediate,intermediate,3.941,29.255,9.098,intermediate_seed,intermediate_6_to_8.csv
venture,8,6-8,intermediate_6_to_8,2379,27,false,n,tier1_ngsl_general+ngsl_rank_2379+grade_estimate_8,intermediate,intermediate,3.941,29.255,9.098,intermediate_seed,intermediate_6_to_8.csv
mess,8,6-8,intermediate_6_to_8,2382,27,false,n,tier1_ngsl_general+ngsl_rank_2382+grade_estimate_8,intermediate,intermediate,5.741,29.255,9.098,intermediate_seed,intermediate_6_to_8.csv
dismiss,8,6-8,intermediate_6_to_8,2392,27,false,n,tier1_ngsl_general+ngsl_rank_2392+grade_estimate_8,intermediate,intermediate,3.941,29.255,9.098,intermediate_seed,intermediate_6_to_8.csv
beneath,8,6-8,intermediate_6_to_8,2394,27,false,prep,tier1_ngsl_general+ngsl_rank_2394+grade_estimate_8,intermediate,intermediate,3.941,29.255,9.098,intermediate_seed,intermediate_6_to_8.csv
dare,8,6-8,intermediate_6_to_8,2401,27,false,n,tier1_ngsl_general+ngsl_rank_2401+grade_estimate_8,intermediate,intermediate,5.741,29.255,9.098,intermediate_seed,intermediate_6_to_8.csv
barrier,8,6-8,intermediate_6_to_8,2402,27,false,n,tier1_ngsl_general+ngsl_rank_2402+grade_estimate_8,intermediate,intermediate,3.941,29.255,9.098,intermediate_seed,intermediate_6_to_8.csv
rid,8,6-8,intermediate_6_to_8,2403,27,false,n,tier1_ngsl_general+ngsl_rank_2403+grade_estimate_8,intermediate,intermediate,5.741,29.255,9.098,intermediate_seed,intermediate_6_to_8.csv
divorce,8,6-8,intermediate_6_to_8,2404,27,false,n,tier1_ngsl_general+ngsl_rank_2404+grade_estimate_8,intermediate,intermediate,3.941,29.255,9.098,intermediate_seed,intermediate_6_to_8.csv
ruin,8,6-8,intermediate_6_to_8,2405,27,false,n,tier1_ngsl_general+ngsl_rank_2405+grade_estimate_8,intermediate,intermediate,5.741,29.255,9.098,intermediate_seed,intermediate_6_to_8.csv
bury,8,6-8,intermediate_6_to_8,2406,27,false,n,tier1_ngsl_general+ngsl_rank_2406+grade_estimate_8,intermediate,intermediate,5.741,29.255,9.098,intermediate_seed,intermediate_6_to_8.csv
counsel,8,6-8,intermediate_6_to_8,2407,27,false,n,tier1_ngsl_general+ngsl_rank_2407+grade_estimate_8,intermediate,intermediate,3.941,29.255,9.098,intermediate_seed,intermediate_6_to_8.csv
counter,8,6-8,intermediate_6_to_8,2412,27,false,n,tier1_ngsl_general+ngsl_rank_2412+grade_estimate_8,intermediate,intermediate,3.941,29.255,9.098,intermediate_seed,intermediate_6_to_8.csv
possess,8,6-8,intermediate_6_to_8,2413,27,false,n,tier1_ngsl_general+ngsl_rank_2413+grade_estimate_8,intermediate,intermediate,3.941,29.255,9.098,intermediate_seed,intermediate_6_to_8.csv
greatly,8,6-8,intermediate_6_to_8,2418,27,false,adv,tier1_ngsl_general+ngsl_rank_2418+grade_estimate_8,intermediate,intermediate,3.941,29.255,9.098,intermediate_seed,intermediate_6_to_8.csv
international,6,6-8,intermediate_6_to_8,662,144,false,adj,tier1_ngsl_general+ngsl_rank_662+grade_estimate_6,intermediate,intermediate,8.313,29.25,9.731,intermediate_seed,intermediate_6_to_8.csv
nature,6,6-8,intermediate_6_to_8,666,143,false,n,tier1_ngsl_general+ngsl_rank_666+grade_estimate_6,intermediate,intermediate,9.111,29.248,7.529,intermediate_seed,intermediate_6_to_8.csv
broadly,7,6-8,intermediate_6_to_8,550,26,true,adv,tier2_nawl_academic+nawl_rank_550+grade_estimate_7,intermediate,intermediate,5.934,29.245,11.089,intermediate_seed,intermediate_6_to_8.csv
dilemma,7,6-8,intermediate_6_to_8,554,26,true,n,tier2_nawl_academic+nawl_rank_554+grade_estimate_7,intermediate,intermediate,5.934,29.245,11.089,intermediate_seed,intermediate_6_to_8.csv
visible,8,6-8,intermediate_6_to_8,2419,26,false,adj,tier1_ngsl_general+ngsl_rank_2419+grade_estimate_8,intermediate,intermediate,3.934,29.245,9.089,intermediate_seed,intermediate_6_to_8.csv
violent,8,6-8,intermediate_6_to_8,2424,26,false,adj,tier1_ngsl_general+ngsl_rank_2424+grade_estimate_8,intermediate,intermediate,3.934,29.245,9.089,intermediate_seed,intermediate_6_to_8.csv
wealthy,8,6-8,intermediate_6_to_8,2426,26,false,n,tier1_ngsl_general+ngsl_rank_2426+grade_estimate_8,intermediate,intermediate,3.934,29.245,9.089,intermediate_seed,intermediate_6_to_8.csv
journal,8,6-8,intermediate_6_to_8,2429,26,false,adj,tier1_ngsl_general+ngsl_rank_2429+grade_estimate_8,intermediate,intermediate,3.934,29.245,9.089,intermediate_seed,intermediate_6_to_8.csv
coal,8,6-8,intermediate_6_to_8,2430,26,false,adj,tier1_ngsl_general+ngsl_rank_2430+grade_estimate_8,intermediate,intermediate,5.734,29.245,9.089,intermediate_seed,intermediate_6_to_8.csv
depress,8,6-8,intermediate_6_to_8,2434,26,false,n,tier1_ngsl_general+ngsl_rank_2434+grade_estimate_8,intermediate,intermediate,3.934,29.245,9.089,intermediate_seed,intermediate_6_to_8.csv
rail,8,6-8,intermediate_6_to_8,2440,26,false,n,tier1_ngsl_general+ngsl_rank_2440+grade_estimate_8,intermediate,intermediate,5.734,29.245,9.089,intermediate_seed,intermediate_6_to_8.csv
fulfill,8,6-8,intermediate_6_to_8,2447,26,false,n,tier1_ngsl_general+ngsl_rank_2447+grade_estimate_8,intermediate,intermediate,3.934,29.245,9.089,intermediate_seed,intermediate_6_to_8.csv
dust,8,6-8,intermediate_6_to_8,2448,26,false,n,tier1_ngsl_general+ngsl_rank_2448+grade_estimate_8,intermediate,intermediate,5.734,29.245,9.089,intermediate_seed,intermediate_6_to_8.csv
roughly,8,6-8,intermediate_6_to_8,2450,26,false,adv,tier1_ngsl_general+ngsl_rank_2450+grade_estimate_8,intermediate,intermediate,3.934,29.245,9.089,intermediate_seed,intermediate_6_to_8.csv
gallery,8,6-8,intermediate_6_to_8,2465,26,false,n,tier1_ngsl_general+ngsl_rank_2465+grade_estimate_8,intermediate,intermediate,3.934,29.245,9.089,intermediate_seed,intermediate_6_to_8.csv
genetic,8,6-8,intermediate_6_to_8,2466,26,false,adj,tier1_ngsl_general+ngsl_rank_2466+grade_estimate_8,intermediate,intermediate,3.934,29.245,9.089,intermediate_seed,intermediate_6_to_8.csv
worker,6,6-8,intermediate_6_to_8,673,141,false,n,tier1_ngsl_general+ngsl_rank_673+grade_estimate_6,intermediate,intermediate,9.107,29.243,7.525,intermediate_seed,intermediate_6_to_8.csv
press,6,6-8,intermediate_6_to_8,674,141,false,n,tier1_ngsl_general+ngsl_rank_674+grade_estimate_6,intermediate,intermediate,9.107,29.243,7.525,intermediate_seed,intermediate_6_to_8.csv
whatever,6,6-8,intermediate_6_to_8,675,141,false,n,tier1_ngsl_general+ngsl_rank_675+grade_estimate_6,intermediate,intermediate,8.307,29.243,8.225,intermediate_seed,intermediate_6_to_8.csv
embrace,8,6-8,intermediate_6_to_8,2472,25,false,n,tier1_ngsl_general+ngsl_rank_2472+grade_estimate_8,intermediate,intermediate,3.926,29.235,9.081,intermediate_seed,intermediate_6_to_8.csv
pump,8,6-8,intermediate_6_to_8,2475,25,false,n,tier1_ngsl_general+ngsl_rank_2475+grade_estimate_8,intermediate,intermediate,5.726,29.235,9.081,intermediate_seed,intermediate_6_to_8.csv
golf,8,6-8,intermediate_6_to_8,2478,25,false,n,tier1_ngsl_general+ngsl_rank_2478+grade_estimate_8,intermediate,intermediate,5.726,29.235,9.081,intermediate_seed,intermediate_6_to_8.csv
deficit,8,6-8,intermediate_6_to_8,2483,25,false,n,tier1_ngsl_general+ngsl_rank_2483+grade_estimate_8,intermediate,intermediate,3.926,29.235,9.081,intermediate_seed,intermediate_6_to_8.csv
gesture,8,6-8,intermediate_6_to_8,2490,25,false,n,tier1_ngsl_general+ngsl_rank_2490+grade_estimate_8,intermediate,intermediate,3.926,29.235,9.081,intermediate_seed,intermediate_6_to_8.csv
therapy,8,6-8,intermediate_6_to_8,2498,25,false,n,tier1_ngsl_general+ngsl_rank_2498+grade_estimate_8,intermediate,intermediate,3.926,29.235,9.081,intermediate_seed,intermediate_6_to_8.csv
insight,8,6-8,intermediate_6_to_8,2505,25,false,n,tier1_ngsl_general+ngsl_rank_2505+grade_estimate_8,intermediate,intermediate,3.926,29.235,9.081,intermediate_seed,intermediate_6_to_8.csv
forever,8,6-8,intermediate_6_to_8,2507,25,false,n,tier1_ngsl_general+ngsl_rank_2507+grade_estimate_8,intermediate,intermediate,3.926,29.235,9.081,intermediate_seed,intermediate_6_to_8.csv
joy,8,6-8,intermediate_6_to_8,2510,25,false,n,tier1_ngsl_general+ngsl_rank_2510+grade_estimate_8,intermediate,intermediate,5.726,29.235,9.081,intermediate_seed,intermediate_6_to_8.csv
gear,8,6-8,intermediate_6_to_8,2513,25,false,n,tier1_ngsl_general+ngsl_rank_2513+grade_estimate_8,intermediate,intermediate,5.726,29.235,9.081,intermediate_seed,intermediate_6_to_8.csv
fortune,8,6-8,intermediate_6_to_8,2516,25,false,n,tier1_ngsl_general+ngsl_rank_2516+grade_estimate_8,intermediate,intermediate,3.926,29.235,9.081,intermediate_seed,intermediate_6_to_8.csv
pile,8,6-8,intermediate_6_to_8,2518,25,false,adj,tier1_ngsl_general+ngsl_rank_2518+grade_estimate_8,intermediate,intermediate,5.726,29.235,9.081,intermediate_seed,intermediate_6_to_8.csv
station,6,6-8,intermediate_6_to_8,709,134,false,n,tier1_ngsl_general+ngsl_rank_709+grade_estimate_6,intermediate,intermediate,8.295,29.227,8.911,intermediate_seed,intermediate_6_to_8.csv
cord,7,6-8,intermediate_6_to_8,591,24,true,n,tier2_nawl_academic+nawl_rank_591+grade_estimate_7,intermediate,intermediate,7.719,29.225,11.072,intermediate_seed,intermediate_6_to_8.csv
trivial,7,6-8,intermediate_6_to_8,604,24,true,adj,tier2_nawl_academic+nawl_rank_604+grade_estimate_7,intermediate,intermediate,5.919,29.225,11.072,intermediate_seed,intermediate_6_to_8.csv
whereby,7,6-8,intermediate_6_to_8,608,24,true,n,tier2_nawl_academic+nawl_rank_608+grade_estimate_7,intermediate,intermediate,5.919,29.225,11.072,intermediate_seed,intermediate_6_to_8.csv
scholar,8,6-8,intermediate_6_to_8,2522,24,false,n,tier1_ngsl_general+ngsl_rank_2522+grade_estimate_8,intermediate,intermediate,3.919,29.225,9.072,intermediate_seed,intermediate_6_to_8.csv
penalty,8,6-8,intermediate_6_to_8,2530,24,false,n,tier1_ngsl_general+ngsl_rank_2530+grade_estimate_8,intermediate,intermediate,3.919,29.225,9.072,intermediate_seed,intermediate_6_to_8.csv
chamber,8,6-8,intermediate_6_to_8,2531,24,false,n,tier1_ngsl_general+ngsl_rank_2531+grade_estimate_8,intermediate,intermediate,3.919,29.225,9.072,intermediate_seed,intermediate_6_to_8.csv
chat,8,6-8,intermediate_6_to_8,2534,24,false,n,tier1_ngsl_general+ngsl_rank_2534+grade_estimate_8,intermediate,intermediate,5.719,29.225,9.072,intermediate_seed,intermediate_6_to_8.csv
sake,8,6-8,intermediate_6_to_8,2537,24,false,n,tier1_ngsl_general+ngsl_rank_2537+grade_estimate_8,intermediate,intermediate,5.719,29.225,9.072,intermediate_seed,intermediate_6_to_8.csv
boom,8,6-8,intermediate_6_to_8,2545,24,false,n,tier1_ngsl_general+ngsl_rank_2545+grade_estimate_8,intermediate,intermediate,5.719,29.225,9.072,intermediate_seed,intermediate_6_to_8.csv
tale,8,6-8,intermediate_6_to_8,2546,24,false,n,tier1_ngsl_general+ngsl_rank_2546+grade_estimate_8,intermediate,intermediate,5.719,29.225,9.072,intermediate_seed,intermediate_6_to_8.csv
bin,8,6-8,intermediate_6_to_8,2556,24,false,n,tier1_ngsl_general+ngsl_rank_2556+grade_estimate_8,intermediate,intermediate,5.719,29.225,9.072,intermediate_seed,intermediate_6_to_8.csv
undergo,8,6-8,intermediate_6_to_8,2557,24,false,v,tier1_ngsl_general+ngsl_rank_2557+grade_estimate_8,intermediate,intermediate,3.919,29.225,9.072,intermediate_seed,intermediate_6_to_8.csv
pretend,8,6-8,intermediate_6_to_8,2560,24,false,n,tier1_ngsl_general+ngsl_rank_2560+grade_estimate_8,intermediate,intermediate,3.919,29.225,9.072,intermediate_seed,intermediate_6_to_8.csv
intense,8,6-8,intermediate_6_to_8,2564,24,false,n,tier1_ngsl_general+ngsl_rank_2564+grade_estimate_8,intermediate,intermediate,3.919,29.225,9.072,intermediate_seed,intermediate_6_to_8.csv
damn,8,6-8,intermediate_6_to_8,2571,24,false,n,tier1_ngsl_general+ngsl_rank_2571+grade_estimate_8,intermediate,intermediate,5.719,29.225,9.072,intermediate_seed,intermediate_6_to_8.csv
contract,6,6-8,intermediate_6_to_8,714,133,false,n,tier1_ngsl_general+ngsl_rank_714+grade_estimate_6,intermediate,intermediate,8.293,29.224,8.209,intermediate_seed,intermediate_6_to_8.csv
player,6,6-8,intermediate_6_to_8,715,132,false,n,tier1_ngsl_general+ngsl_rank_715+grade_estimate_6,intermediate,intermediate,9.091,29.222,7.507,intermediate_seed,intermediate_6_to_8.csv
enter,6,6-8,intermediate_6_to_8,717,132,false,n,tier1_ngsl_general+ngsl_rank_717+grade_estimate_6,intermediate,intermediate,9.091,29.222,7.507,intermediate_seed,intermediate_6_to_8.csv
occur,6,6-8,intermediate_6_to_8,718,132,false,n,tier1_ngsl_general+ngsl_rank_718+grade_estimate_6,intermediate,intermediate,9.091,29.222,7.507,intermediate_seed,intermediate_6_to_8.csv
significant,6,6-8,intermediate_6_to_8,720,131,false,adj,tier1_ngsl_general+ngsl_rank_720+grade_estimate_6,intermediate,intermediate,8.29,29.219,9.704,intermediate_seed,intermediate_6_to_8.csv
director,6,6-8,intermediate_6_to_8,727,130,false,n,tier1_ngsl_general+ngsl_rank_727+grade_estimate_6,intermediate,intermediate,8.288,29.217,8.202,intermediate_seed,intermediate_6_to_8.csv
exit,7,6-8,intermediate_6_to_8,618,23,true,n,tier2_nawl_academic+nawl_rank_618+grade_estimate_7,intermediate,intermediate,7.711,29.215,11.063,intermediate_seed,intermediate_6_to_8.csv
neglect,8,6-8,intermediate_6_to_8,2578,23,false,n,tier1_ngsl_general+ngsl_rank_2578+grade_estimate_8,intermediate,intermediate,3.911,29.215,9.063,intermediate_seed,intermediate_6_to_8.csv
jail,8,6-8,intermediate_6_to_8,2580,23,false,n,tier1_ngsl_general+ngsl_rank_2580+grade_estimate_8,intermediate,intermediate,5.711,29.215,9.063,intermediate_seed,intermediate_6_to_8.csv
shelter,8,6-8,intermediate_6_to_8,2581,23,false,n,tier1_ngsl_general+ngsl_rank_2581+grade_estimate_8,intermediate,intermediate,3.911,29.215,9.063,intermediate_seed,intermediate_6_to_8.csv
mere,8,6-8,intermediate_6_to_8,2582,23,false,n,tier1_ngsl_general+ngsl_rank_2582+grade_estimate_8,intermediate,intermediate,5.711,29.215,9.063,intermediate_seed,intermediate_6_to_8.csv
trigger,8,6-8,intermediate_6_to_8,2586,23,false,n,tier1_ngsl_general+ngsl_rank_2586+grade_estimate_8,intermediate,intermediate,3.911,29.215,9.063,intermediate_seed,intermediate_6_to_8.csv
pipe,8,6-8,intermediate_6_to_8,2587,23,false,n,tier1_ngsl_general+ngsl_rank_2587+grade_estimate_8,intermediate,intermediate,5.711,29.215,9.063,intermediate_seed,intermediate_6_to_8.csv
flag,8,6-8,intermediate_6_to_8,2590,23,false,n,tier1_ngsl_general+ngsl_rank_2590+grade_estimate_8,intermediate,intermediate,5.711,29.215,9.063,intermediate_seed,intermediate_6_to_8.csv
ski,8,6-8,intermediate_6_to_8,2594,23,false,n,tier1_ngsl_general+ngsl_rank_2594+grade_estimate_8,intermediate,intermediate,5.711,29.215,9.063,intermediate_seed,intermediate_6_to_8.csv
rear,8,6-8,intermediate_6_to_8,2596,23,false,n,tier1_ngsl_general+ngsl_rank_2596+grade_estimate_8,intermediate,intermediate,5.711,29.215,9.063,intermediate_seed,intermediate_6_to_8.csv
menu,8,6-8,intermediate_6_to_8,2597,23,false,n,tier1_ngsl_general+ngsl_rank_2597+grade_estimate_8,intermediate,intermediate,5.711,29.215,9.063,intermediate_seed,intermediate_6_to_8.csv
airline,8,6-8,intermediate_6_to_8,2602,23,false,n,tier1_ngsl_general+ngsl_rank_2602+grade_estimate_8,intermediate,intermediate,3.911,29.215,9.063,intermediate_seed,intermediate_6_to_8.csv
pro,8,6-8,intermediate_6_to_8,2629,23,false,n,tier1_ngsl_general+ngsl_rank_2629+grade_estimate_8,intermediate,intermediate,5.711,29.215,9.063,intermediate_seed,intermediate_6_to_8.csv
prove,6,6-8,intermediate_6_to_8,748,126,false,n,tier1_ngsl_general+ngsl_rank_748+grade_estimate_6,intermediate,intermediate,9.08,29.207,7.493,intermediate_seed,intermediate_6_to_8.csv
stuff,6,6-8,intermediate_6_to_8,752,126,false,n,tier1_ngsl_general+ngsl_rank_752+grade_estimate_6,intermediate,intermediate,9.08,29.207,7.493,intermediate_seed,intermediate_6_to_8.csv
analysis,6,6-8,intermediate_6_to_8,756,126,false,n,tier1_ngsl_general+ngsl_rank_756+grade_estimate_6,intermediate,intermediate,8.28,29.207,8.193,intermediate_seed,intermediate_6_to_8.csv
military,6,6-8,intermediate_6_to_8,758,126,false,adj,tier1_ngsl_general+ngsl_rank_758+grade_estimate_6,intermediate,intermediate,8.28,29.207,8.193,intermediate_seed,intermediate_6_to_8.csv
sorry,6,6-8,intermediate_6_to_8,765,125,false,n,tier1_ngsl_general+ngsl_rank_765+grade_estimate_6,intermediate,intermediate,9.078,29.204,7.491,intermediate_seed,intermediate_6_to_8.csv
challenge,6,6-8,intermediate_6_to_8,766,125,false,n,tier1_ngsl_general+ngsl_rank_766+grade_estimate_6,intermediate,intermediate,8.278,29.204,8.191,intermediate_seed,intermediate_6_to_8.csv
nearly,6,6-8,intermediate_6_to_8,768,125,false,adv,tier1_ngsl_general+ngsl_rank_768+grade_estimate_6,intermediate,intermediate,9.078,29.204,7.491,intermediate_seed,intermediate_6_to_8.csv
optical,7,6-8,intermediate_6_to_8,627,22,true,adj,tier2_nawl_academic+nawl_rank_627+grade_estimate_7,intermediate,intermediate,5.903,29.204,11.054,intermediate_seed,intermediate_6_to_8.csv
physics,7,6-8,intermediate_6_to_8,630,22,true,n,tier2_nawl_academic+nawl_rank_630+grade_estimate_7,intermediate,intermediate,5.903,29.204,11.054,intermediate_seed,intermediate_6_to_8.csv
limb,7,6-8,intermediate_6_to_8,632,22,true,n,tier2_nawl_academic+nawl_rank_632+grade_estimate_7,intermediate,intermediate,7.703,29.204,11.054,intermediate_seed,intermediate_6_to_8.csv
presume,7,6-8,intermediate_6_to_8,634,22,true,n,tier2_nawl_academic+nawl_rank_634+grade_estimate_7,intermediate,intermediate,5.903,29.204,11.054,intermediate_seed,intermediate_6_to_8.csv
slavery,7,6-8,intermediate_6_to_8,637,22,true,n,tier2_nawl_academic+nawl_rank_637+grade_estimate_7,intermediate,intermediate,5.903,29.204,11.054,intermediate_seed,intermediate_6_to_8.csv
nowhere,8,6-8,intermediate_6_to_8,2638,22,false,n,tier1_ngsl_general+ngsl_rank_2638+grade_estimate_8,intermediate,intermediate,3.903,29.204,9.054,intermediate_seed,intermediate_6_to_8.csv
pray,8,6-8,intermediate_6_to_8,2639,22,false,n,tier1_ngsl_general+ngsl_rank_2639+grade_estimate_8,intermediate,intermediate,5.703,29.204,9.054,intermediate_seed,intermediate_6_to_8.csv
servant,8,6-8,intermediate_6_to_8,2641,22,false,adj,tier1_ngsl_general+ngsl_rank_2641+grade_estimate_8,intermediate,intermediate,3.903,29.204,9.054,intermediate_seed,intermediate_6_to_8.csv
extract,8,6-8,intermediate_6_to_8,2647,22,false,n,tier1_ngsl_general+ngsl_rank_2647+grade_estimate_8,intermediate,intermediate,3.903,29.204,9.054,intermediate_seed,intermediate_6_to_8.csv
bias,8,6-8,intermediate_6_to_8,2649,22,false,n,tier1_ngsl_general+ngsl_rank_2649+grade_estimate_8,intermediate,intermediate,5.703,29.204,9.054,intermediate_seed,intermediate_6_to_8.csv
catalog,8,6-8,intermediate_6_to_8,2651,22,false,n,tier1_ngsl_general+ngsl_rank_2651+grade_estimate_8,intermediate,intermediate,3.903,29.204,9.054,intermediate_seed,intermediate_6_to_8.csv
consume,8,6-8,intermediate_6_to_8,2659,22,false,v,tier1_ngsl_general+ngsl_rank_2659+grade_estimate_8,intermediate,intermediate,3.903,29.204,9.054,intermediate_seed,intermediate_6_to_8.csv
bite,8,6-8,intermediate_6_to_8,2663,22,false,n,tier1_ngsl_general+ngsl_rank_2663+grade_estimate_8,intermediate,intermediate,5.703,29.204,9.054,intermediate_seed,intermediate_6_to_8.csv
printer,8,6-8,intermediate_6_to_8,2664,22,false,n,tier1_ngsl_general+ngsl_rank_2664+grade_estimate_8,intermediate,intermediate,3.903,29.204,9.054,intermediate_seed,intermediate_6_to_8.csv
firstly,8,6-8,intermediate_6_to_8,2665,22,false,adv,tier1_ngsl_general+ngsl_rank_2665+grade_estimate_8,intermediate,intermediate,3.903,29.204,9.054,intermediate_seed,intermediate_6_to_8.csv
exhaust,8,6-8,intermediate_6_to_8,2669,22,false,n,tier1_ngsl_general+ngsl_rank_2669+grade_estimate_8,intermediate,intermediate,3.903,29.204,9.054,intermediate_seed,intermediate_6_to_8.csv
quietly,8,6-8,intermediate_6_to_8,2672,22,false,adv,tier1_ngsl_general+ngsl_rank_2672+grade_estimate_8,intermediate,intermediate,3.903,29.204,9.054,intermediate_seed,intermediate_6_to_8.csv
introduce,6,6-8,intermediate_6_to_8,772,124,false,v,tier1_ngsl_general+ngsl_rank_772+grade_estimate_6,intermediate,intermediate,8.276,29.202,8.189,intermediate_seed,intermediate_6_to_8.csv
advantage,6,6-8,intermediate_6_to_8,773,124,false,n,tier1_ngsl_general+ngsl_rank_773+grade_estimate_6,intermediate,intermediate,8.276,29.202,8.189,intermediate_seed,intermediate_6_to_8.csv
marry,6,6-8,intermediate_6_to_8,775,124,false,n,tier1_ngsl_general+ngsl_rank_775+grade_estimate_6,intermediate,intermediate,9.076,29.202,7.489,intermediate_seed,intermediate_6_to_8.csv
ability,6,6-8,intermediate_6_to_8,779,123,false,n,tier1_ngsl_general+ngsl_rank_779+grade_estimate_6,intermediate,intermediate,8.274,29.199,8.887,intermediate_seed,intermediate_6_to_8.csv
interview,6,6-8,intermediate_6_to_8,784,122,false,n,tier1_ngsl_general+ngsl_rank_784+grade_estimate_6,intermediate,intermediate,8.272,29.196,8.184,intermediate_seed,intermediate_6_to_8.csv
faculty,7,6-8,intermediate_6_to_8,639,21,true,n,tier2_nawl_academic+nawl_rank_639+grade_estimate_7,intermediate,intermediate,5.895,29.193,11.044,intermediate_seed,intermediate_6_to_8.csv
portray,7,6-8,intermediate_6_to_8,642,21,true,n,tier2_nawl_academic+nawl_rank_642+grade_estimate_7,intermediate,intermediate,5.895,29.193,11.044,intermediate_seed,intermediate_6_to_8.csv
pest,7,6-8,intermediate_6_to_8,646,21,true,n,tier2_nawl_academic+nawl_rank_646+grade_estimate_7,intermediate,intermediate,7.695,29.193,11.044,intermediate_seed,intermediate_6_to_8.csv
shortly,7,6-8,intermediate_6_to_8,650,21,true,adv,tier2_nawl_academic+nawl_rank_650+grade_estimate_7,intermediate,intermediate,5.895,29.193,11.044,intermediate_seed,intermediate_6_to_8.csv
cluster,8,6-8,intermediate_6_to_8,2681,21,false,n,tier1_ngsl_general+ngsl_rank_2681+grade_estimate_8,intermediate,intermediate,3.895,29.193,9.044,intermediate_seed,intermediate_6_to_8.csv
grammar,8,6-8,intermediate_6_to_8,2687,21,false,n,tier1_ngsl_general+ngsl_rank_2687+grade_estimate_8,intermediate,intermediate,3.895,29.193,9.044,intermediate_seed,intermediate_6_to_8.csv
hint,8,6-8,intermediate_6_to_8,2689,21,false,n,tier1_ngsl_general+ngsl_rank_2689+grade_estimate_8,intermediate,intermediate,5.695,29.193,9.044,intermediate_seed,intermediate_6_to_8.csv
rice,8,6-8,intermediate_6_to_8,2695,21,false,n,tier1_ngsl_general+ngsl_rank_2695+grade_estimate_8,intermediate,intermediate,5.695,29.193,9.044,intermediate_seed,intermediate_6_to_8.csv
genuine,8,6-8,intermediate_6_to_8,2698,21,false,adj,tier1_ngsl_general+ngsl_rank_2698+grade_estimate_8,intermediate,intermediate,3.895,29.193,9.044,intermediate_seed,intermediate_6_to_8.csv
rat,8,6-8,intermediate_6_to_8,2712,21,false,n,tier1_ngsl_general+ngsl_rank_2712+grade_estimate_8,intermediate,intermediate,5.695,29.193,9.044,intermediate_seed,intermediate_6_to_8.csv
serious,6,6-8,intermediate_6_to_8,796,120,false,adj,tier1_ngsl_general+ngsl_rank_796+grade_estimate_6,intermediate,intermediate,8.268,29.191,8.88,intermediate_seed,intermediate_6_to_8.csv
target,6,6-8,intermediate_6_to_8,797,120,false,n,tier1_ngsl_general+ngsl_rank_797+grade_estimate_6,intermediate,intermediate,9.068,29.191,7.48,intermediate_seed,intermediate_6_to_8.csv
degree,6,6-8,intermediate_6_to_8,798,120,false,n,tier1_ngsl_general+ngsl_rank_798+grade_estimate_6,intermediate,intermediate,9.068,29.191,7.48,intermediate_seed,intermediate_6_to_8.csv
access,6,6-8,intermediate_6_to_8,802,119,false,n,tier1_ngsl_general+ngsl_rank_802+grade_estimate_6,intermediate,intermediate,9.066,29.188,7.477,intermediate_seed,intermediate_6_to_8.csv
treat,6,6-8,intermediate_6_to_8,804,119,false,n,tier1_ngsl_general+ngsl_rank_804+grade_estimate_6,intermediate,intermediate,9.066,29.188,7.477,intermediate_seed,intermediate_6_to_8.csv
identify,6,6-8,intermediate_6_to_8,805,118,false,v,tier1_ngsl_general+ngsl_rank_805+grade_estimate_6,intermediate,intermediate,8.264,29.186,8.175,intermediate_seed,intermediate_6_to_8.csv
fatigue,8,6-8,intermediate_6_to_8,657,20,true,n,tier2_nawl_academic+nawl_rank_657+grade_estimate_8,intermediate,intermediate,5.886,29.182,11.034,intermediate_seed,intermediate_6_to_8.csv
tent,8,6-8,intermediate_6_to_8,2722,20,false,adj,tier1_ngsl_general+ngsl_rank_2722+grade_estimate_8,intermediate,intermediate,5.686,29.182,9.034,intermediate_seed,intermediate_6_to_8.csv
precise,8,6-8,intermediate_6_to_8,2723,20,false,v,tier1_ngsl_general+ngsl_rank_2723+grade_estimate_8,intermediate,intermediate,3.886,29.182,9.034,intermediate_seed,intermediate_6_to_8.csv
distant,8,6-8,intermediate_6_to_8,2724,20,false,adj,tier1_ngsl_general+ngsl_rank_2724+grade_estimate_8,intermediate,intermediate,3.886,29.182,9.034,intermediate_seed,intermediate_6_to_8.csv
leap,8,6-8,intermediate_6_to_8,2730,20,false,n,tier1_ngsl_general+ngsl_rank_2730+grade_estimate_8,intermediate,intermediate,5.686,29.182,9.034,intermediate_seed,intermediate_6_to_8.csv
snap,8,6-8,intermediate_6_to_8,2731,20,false,n,tier1_ngsl_general+ngsl_rank_2731+grade_estimate_8,intermediate,intermediate,5.686,29.182,9.034,intermediate_seed,intermediate_6_to_8.csv
leather,8,6-8,intermediate_6_to_8,2733,20,false,n,tier1_ngsl_general+ngsl_rank_2733+grade_estimate_8,intermediate,intermediate,3.886,29.182,9.034,intermediate_seed,intermediate_6_to_8.csv
refugee,8,6-8,intermediate_6_to_8,2736,20,false,n,tier1_ngsl_general+ngsl_rank_2736+grade_estimate_8,intermediate,intermediate,3.886,29.182,9.034,intermediate_seed,intermediate_6_to_8.csv
monthly,8,6-8,intermediate_6_to_8,2738,20,false,adv,tier1_ngsl_general+ngsl_rank_2738+grade_estimate_8,intermediate,intermediate,3.886,29.182,9.034,intermediate_seed,intermediate_6_to_8.csv
stir,8,6-8,intermediate_6_to_8,2740,20,false,n,tier1_ngsl_general+ngsl_rank_2740+grade_estimate_8,intermediate,intermediate,5.686,29.182,9.034,intermediate_seed,intermediate_6_to_8.csv
sigh,8,6-8,intermediate_6_to_8,2742,20,false,n,tier1_ngsl_general+ngsl_rank_2742+grade_estimate_8,intermediate,intermediate,5.686,29.182,9.034,intermediate_seed,intermediate_6_to_8.csv
attend,6,6-8,intermediate_6_to_8,820,116,false,n,tier1_ngsl_general+ngsl_rank_820+grade_estimate_6,intermediate,intermediate,9.06,29.18,7.47,intermediate_seed,intermediate_6_to_8.csv
beyond,6,6-8,intermediate_6_to_8,826,115,false,prep,tier1_ngsl_general+ngsl_rank_826+grade_estimate_6,intermediate,intermediate,9.058,29.178,7.468,intermediate_seed,intermediate_6_to_8.csv
potential,6,6-8,intermediate_6_to_8,830,115,false,adj,tier1_ngsl_general+ngsl_rank_830+grade_estimate_6,intermediate,intermediate,8.258,29.178,8.168,intermediate_seed,intermediate_6_to_8.csv
suffer,6,6-8,intermediate_6_to_8,838,113,false,n,tier1_ngsl_general+ngsl_rank_838+grade_estimate_6,intermediate,intermediate,9.054,29.172,7.463,intermediate_seed,intermediate_6_to_8.csv
strategy,6,6-8,intermediate_6_to_8,839,113,false,n,tier1_ngsl_general+ngsl_rank_839+grade_estimate_6,intermediate,intermediate,8.254,29.172,8.163,intermediate_seed,intermediate_6_to_8.csv
optimum,8,6-8,intermediate_6_to_8,670,19,true,n,tier2_nawl_academic+nawl_rank_670+grade_estimate_8,intermediate,intermediate,5.877,29.17,11.024,intermediate_seed,intermediate_6_to_8.csv
paradox,8,6-8,intermediate_6_to_8,672,19,true,n,tier2_nawl_academic+nawl_rank_672+grade_estimate_8,intermediate,intermediate,5.877,29.17,11.024,intermediate_seed,intermediate_6_to_8.csv
shallow,8,6-8,intermediate_6_to_8,677,19,true,n,tier2_nawl_academic+nawl_rank_677+grade_estimate_8,intermediate,intermediate,5.877,29.17,11.024,intermediate_seed,intermediate_6_to_8.csv
suspend,8,6-8,intermediate_6_to_8,2754,19,false,n,tier1_ngsl_general+ngsl_rank_2754+grade_estimate_8,intermediate,intermediate,3.877,29.17,9.024,intermediate_seed,intermediate_6_to_8.csv
pale,8,6-8,intermediate_6_to_8,2757,19,false,n,tier1_ngsl_general+ngsl_rank_2757+grade_estimate_8,intermediate,intermediate,5.677,29.17,9.024,intermediate_seed,intermediate_6_to_8.csv
athlete,8,6-8,intermediate_6_to_8,2759,19,false,n,tier1_ngsl_general+ngsl_rank_2759+grade_estimate_8,intermediate,intermediate,3.877,29.17,9.024,intermediate_seed,intermediate_6_to_8.csv
organic,8,6-8,intermediate_6_to_8,2760,19,false,adj,tier1_ngsl_general+ngsl_rank_2760+grade_estimate_8,intermediate,intermediate,3.877,29.17,9.024,intermediate_seed,intermediate_6_to_8.csv
website,8,6-8,intermediate_6_to_8,2764,19,false,n,tier1_ngsl_general+ngsl_rank_2764+grade_estimate_8,intermediate,intermediate,3.877,29.17,9.024,intermediate_seed,intermediate_6_to_8.csv
fool,8,6-8,intermediate_6_to_8,2765,19,false,n,tier1_ngsl_general+ngsl_rank_2765+grade_estimate_8,intermediate,intermediate,5.677,29.17,9.024,intermediate_seed,intermediate_6_to_8.csv
compute,8,6-8,intermediate_6_to_8,2769,19,false,n,tier1_ngsl_general+ngsl_rank_2769+grade_estimate_8,intermediate,intermediate,3.877,29.17,9.024,intermediate_seed,intermediate_6_to_8.csv
wipe,8,6-8,intermediate_6_to_8,2770,19,false,n,tier1_ngsl_general+ngsl_rank_2770+grade_estimate_8,intermediate,intermediate,5.677,29.17,9.024,intermediate_seed,intermediate_6_to_8.csv
gaze,8,6-8,intermediate_6_to_8,2772,19,false,n,tier1_ngsl_general+ngsl_rank_2772+grade_estimate_8,intermediate,intermediate,5.677,29.17,9.024,intermediate_seed,intermediate_6_to_8.csv
fade,8,6-8,intermediate_6_to_8,2773,19,false,n,tier1_ngsl_general+ngsl_rank_2773+grade_estimate_8,intermediate,intermediate,5.677,29.17,9.024,intermediate_seed,intermediate_6_to_8.csv
generally,6,6-8,intermediate_6_to_8,848,112,false,adv,tier1_ngsl_general+ngsl_rank_848+grade_estimate_6,intermediate,intermediate,8.252,29.169,8.16,intermediate_seed,intermediate_6_to_8.csv
avoid,6,6-8,intermediate_6_to_8,851,111,false,n,tier1_ngsl_general+ngsl_rank_851+grade_estimate_6,intermediate,intermediate,9.05,29.166,7.458,intermediate_seed,intermediate_6_to_8.csv
throw,6,6-8,intermediate_6_to_8,853,111,false,n,tier1_ngsl_general+ngsl_rank_853+grade_estimate_6,intermediate,intermediate,9.05,29.166,7.458,intermediate_seed,intermediate_6_to_8.csv
style,6,6-8,intermediate_6_to_8,865,109,false,n,tier1_ngsl_general+ngsl_rank_865+grade_estimate_6,intermediate,intermediate,9.045,29.16,7.453,intermediate_seed,intermediate_6_to_8.csv
refer,6,6-8,intermediate_6_to_8,866,109,false,n,tier1_ngsl_general+ngsl_rank_866+grade_estimate_6,intermediate,intermediate,9.045,29.16,7.453,intermediate_seed,intermediate_6_to_8.csv
ton,8,6-8,intermediate_6_to_8,682,18,true,n,tier2_nawl_academic+nawl_rank_682+grade_estimate_8,intermediate,intermediate,7.668,29.158,11.013,intermediate_seed,intermediate_6_to_8.csv
cure,8,6-8,intermediate_6_to_8,686,18,true,n,tier2_nawl_academic+nawl_rank_686+grade_estimate_8,intermediate,intermediate,7.668,29.158,11.013,intermediate_seed,intermediate_6_to_8.csv
elastic,8,6-8,intermediate_6_to_8,690,18,true,adj,tier2_nawl_academic+nawl_rank_690+grade_estimate_8,intermediate,intermediate,5.868,29.158,11.013,intermediate_seed,intermediate_6_to_8.csv
aunt,8,6-8,intermediate_6_to_8,2781,18,false,n,tier1_ngsl_general+ngsl_rank_2781+grade_estimate_8,intermediate,intermediate,5.668,29.158,9.013,intermediate_seed,intermediate_6_to_8.csv
assume,6,6-8,intermediate_6_to_8,870,108,false,n,tier1_ngsl_general+ngsl_rank_870+grade_estimate_6,intermediate,intermediate,9.043,29.158,7.45,intermediate_seed,intermediate_6_to_8.csv
successful,6,6-8,intermediate_6_to_8,872,108,false,adj,tier1_ngsl_general+ngsl_rank_872+grade_estimate_6,intermediate,intermediate,8.243,29.158,8.15,intermediate_seed,intermediate_6_to_8.csv
doubt,6,6-8,intermediate_6_to_8,874,108,false,n,tier1_ngsl_general+ngsl_rank_874+grade_estimate_6,intermediate,intermediate,9.043,29.158,7.45,intermediate_seed,intermediate_6_to_8.csv
theory,6,6-8,intermediate_6_to_8,876,108,false,n,tier1_ngsl_general+ngsl_rank_876+grade_estimate_6,intermediate,intermediate,9.043,29.158,7.45,intermediate_seed,intermediate_6_to_8.csv
adult,6,6-8,intermediate_6_to_8,880,107,false,n,tier1_ngsl_general+ngsl_rank_880+grade_estimate_6,intermediate,intermediate,9.041,29.155,7.448,intermediate_seed,intermediate_6_to_8.csv
obviously,6,6-8,intermediate_6_to_8,886,107,false,adv,tier1_ngsl_general+ngsl_rank_886+grade_estimate_6,intermediate,intermediate,8.241,29.155,8.148,intermediate_seed,intermediate_6_to_8.csv
anyway,6,6-8,intermediate_6_to_8,893,106,false,adv,tier1_ngsl_general+ngsl_rank_893+grade_estimate_6,intermediate,intermediate,9.039,29.152,7.445,intermediate_seed,intermediate_6_to_8.csv
profit,6,6-8,intermediate_6_to_8,900,105,false,n,tier1_ngsl_general+ngsl_rank_900+grade_estimate_6,intermediate,intermediate,9.036,29.149,7.442,intermediate_seed,intermediate_6_to_8.csv
basis,6,6-8,intermediate_6_to_8,909,104,false,n,tier1_ngsl_general+ngsl_rank_909+grade_estimate_6,intermediate,intermediate,9.034,29.146,7.44,intermediate_seed,intermediate_6_to_8.csv
basic,6,6-8,intermediate_6_to_8,911,104,false,adj,tier1_ngsl_general+ngsl_rank_911+grade_estimate_6,intermediate,intermediate,9.034,29.146,7.44,intermediate_seed,intermediate_6_to_8.csv
encourage,6,6-8,intermediate_6_to_8,912,104,false,v,tier1_ngsl_general+ngsl_rank_912+grade_estimate_6,intermediate,intermediate,8.234,29.146,8.14,intermediate_seed,intermediate_6_to_8.csv
vitamin,8,6-8,intermediate_6_to_8,693,17,true,n,tier2_nawl_academic+nawl_rank_693+grade_estimate_8,intermediate,intermediate,5.859,29.145,11.002,intermediate_seed,intermediate_6_to_8.csv
incline,8,6-8,intermediate_6_to_8,694,17,true,n,tier2_nawl_academic+nawl_rank_694+grade_estimate_8,intermediate,intermediate,5.859,29.145,11.002,intermediate_seed,intermediate_6_to_8.csv
surplus,8,6-8,intermediate_6_to_8,712,17,true,n,tier2_nawl_academic+nawl_rank_712+grade_estimate_8,intermediate,intermediate,5.859,29.145,11.002,intermediate_seed,intermediate_6_to_8.csv
operate,6,6-8,intermediate_6_to_8,915,103,false,v,tier1_ngsl_general+ngsl_rank_915+grade_estimate_6,intermediate,intermediate,8.232,29.142,8.837,intermediate_seed,intermediate_6_to_8.csv
income,6,6-8,intermediate_6_to_8,920,103,false,n,tier1_ngsl_general+ngsl_rank_920+grade_estimate_6,intermediate,intermediate,9.032,29.142,7.437,intermediate_seed,intermediate_6_to_8.csv
daughter,6,6-8,intermediate_6_to_8,927,102,false,n,tier1_ngsl_general+ngsl_rank_927+grade_estimate_6,intermediate,intermediate,8.23,29.139,8.134,intermediate_seed,intermediate_6_to_8.csv
newspaper,6,6-8,intermediate_6_to_8,929,102,false,n,tier1_ngsl_general+ngsl_rank_929+grade_estimate_6,intermediate,intermediate,8.23,29.139,8.134,intermediate_seed,intermediate_6_to_8.csv
define,6,6-8,intermediate_6_to_8,930,101,false,v,tier1_ngsl_general+ngsl_rank_930+grade_estimate_6,intermediate,intermediate,9.027,29.136,7.432,intermediate_seed,intermediate_6_to_8.csv
everybody,6,6-8,intermediate_6_to_8,933,101,false,n,tier1_ngsl_general+ngsl_rank_933+grade_estimate_6,intermediate,intermediate,8.227,29.136,8.132,intermediate_seed,intermediate_6_to_8.csv
professional,6,6-8,intermediate_6_to_8,936,101,false,adj,tier1_ngsl_general+ngsl_rank_936+grade_estimate_6,intermediate,intermediate,8.227,29.136,9.632,intermediate_seed,intermediate_6_to_8.csv
maintain,6,6-8,intermediate_6_to_8,943,100,false,n,tier1_ngsl_general+ngsl_rank_943+grade_estimate_6,intermediate,intermediate,8.225,29.133,8.129,intermediate_seed,intermediate_6_to_8.csv
dye,8,6-8,intermediate_6_to_8,723,16,true,n,tier2_nawl_academic+nawl_rank_723+grade_estimate_8,intermediate,intermediate,7.649,29.132,10.99,intermediate_seed,intermediate_6_to_8.csv
damp,8,6-8,intermediate_6_to_8,727,16,true,n,tier2_nawl_academic+nawl_rank_727+grade_estimate_8,intermediate,intermediate,7.649,29.132,10.99,intermediate_seed,intermediate_6_to_8.csv
ugly,8,6-8,intermediate_6_to_8,2789,16,false,adv,tier1_ngsl_general+ngsl_rank_2789+grade_estimate_8,intermediate,intermediate,5.649,29.132,8.99,intermediate_seed,intermediate_6_to_8.csv
discover,6,6-8,intermediate_6_to_8,946,99,false,n,tier1_ngsl_general+ngsl_rank_946+grade_estimate_6,intermediate,intermediate,8.222,29.13,8.126,intermediate_seed,intermediate_6_to_8.csv
prefer,6,6-8,intermediate_6_to_8,949,99,false,n,tier1_ngsl_general+ngsl_rank_949+grade_estimate_6,intermediate,intermediate,9.022,29.13,7.426,intermediate_seed,intermediate_6_to_8.csv
screen,6,6-8,intermediate_6_to_8,957,98,false,v,tier1_ngsl_general+ngsl_rank_957+grade_estimate_6,intermediate,intermediate,9.02,29.127,7.423,intermediate_seed,intermediate_6_to_8.csv
completely,6,6-8,intermediate_6_to_8,960,97,false,adv,tier1_ngsl_general+ngsl_rank_960+grade_estimate_6,intermediate,intermediate,8.218,29.124,8.121,intermediate_seed,intermediate_6_to_8.csv
female,6,6-8,intermediate_6_to_8,961,97,false,n,tier1_ngsl_general+ngsl_rank_961+grade_estimate_6,intermediate,intermediate,9.018,29.124,7.421,intermediate_seed,intermediate_6_to_8.csv
service,6,6-8,intermediate_6_to_8,223,440,false,n,tier1_ngsl_general+ngsl_rank_223+grade_estimate_6,intermediate,intermediate,8.592,29.123,7.857,intermediate_seed,intermediate_6_to_8.csv
original,6,6-8,intermediate_6_to_8,963,96,false,adj,tier1_ngsl_general+ngsl_rank_963+grade_estimate_6,intermediate,intermediate,8.215,29.12,8.118,intermediate_seed,intermediate_6_to_8.csv
easily,6,6-8,intermediate_6_to_8,969,96,false,adv,tier1_ngsl_general+ngsl_rank_969+grade_estimate_6,intermediate,intermediate,9.015,29.12,7.418,intermediate_seed,intermediate_6_to_8.csv
agency,6,6-8,intermediate_6_to_8,970,96,false,n,tier1_ngsl_general+ngsl_rank_970+grade_estimate_6,intermediate,intermediate,9.015,29.12,7.418,intermediate_seed,intermediate_6_to_8.csv
dollar,6,6-8,intermediate_6_to_8,971,96,false,n,tier1_ngsl_general+ngsl_rank_971+grade_estimate_6,intermediate,intermediate,9.015,29.12,7.418,intermediate_seed,intermediate_6_to_8.csv
secrete,8,6-8,intermediate_6_to_8,730,15,true,n,tier2_nawl_academic+nawl_rank_730+grade_estimate_8,intermediate,intermediate,5.839,29.118,10.979,intermediate_seed,intermediate_6_to_8.csv
hip,8,6-8,intermediate_6_to_8,731,15,true,n,tier2_nawl_academic+nawl_rank_731+grade_estimate_8,intermediate,intermediate,7.639,29.118,10.979,intermediate_seed,intermediate_6_to_8.csv
onwards,8,6-8,intermediate_6_to_8,734,15,true,n,tier2_nawl_academic+nawl_rank_734+grade_estimate_8,intermediate,intermediate,5.839,29.118,10.979,intermediate_seed,intermediate_6_to_8.csv
anti,8,6-8,intermediate_6_to_8,735,15,true,n,tier2_nawl_academic+nawl_rank_735+grade_estimate_8,intermediate,intermediate,7.639,29.118,10.979,intermediate_seed,intermediate_6_to_8.csv
soluble,8,6-8,intermediate_6_to_8,740,15,true,n,tier2_nawl_academic+nawl_rank_740+grade_estimate_8,intermediate,intermediate,5.839,29.118,10.979,intermediate_seed,intermediate_6_to_8.csv
legal,6,6-8,intermediate_6_to_8,979,94,false,adj,tier1_ngsl_general+ngsl_rank_979+grade_estimate_6,intermediate,intermediate,9.01,29.114,7.412,intermediate_seed,intermediate_6_to_8.csv
version,6,6-8,intermediate_6_to_8,981,94,false,n,tier1_ngsl_general+ngsl_rank_981+grade_estimate_6,intermediate,intermediate,8.21,29.114,8.812,intermediate_seed,intermediate_6_to_8.csv
somebody,6,6-8,intermediate_6_to_8,983,93,false,n,tier1_ngsl_general+ngsl_rank_983+grade_estimate_6,intermediate,intermediate,8.208,29.11,8.109,intermediate_seed,intermediate_6_to_8.csv
pound,6,6-8,intermediate_6_to_8,984,93,false,n,tier1_ngsl_general+ngsl_rank_984+grade_estimate_6,intermediate,intermediate,9.008,29.11,7.409,intermediate_seed,intermediate_6_to_8.csv
magazine,6,6-8,intermediate_6_to_8,985,93,false,n,tier1_ngsl_general+ngsl_rank_985+grade_estimate_6,intermediate,intermediate,8.208,29.11,8.109,intermediate_seed,intermediate_6_to_8.csv
immediately,6,6-8,intermediate_6_to_8,988,93,false,adv,tier1_ngsl_general+ngsl_rank_988+grade_estimate_6,intermediate,intermediate,8.208,29.11,9.609,intermediate_seed,intermediate_6_to_8.csv
agent,6,6-8,intermediate_6_to_8,992,92,false,adj,tier1_ngsl_general+ngsl_rank_992+grade_estimate_6,intermediate,intermediate,9.005,29.107,7.406,intermediate_seed,intermediate_6_to_8.csv
judge,6,6-8,intermediate_6_to_8,995,92,false,n,tier1_ngsl_general+ngsl_rank_995+grade_estimate_6,intermediate,intermediate,9.005,29.107,7.406,intermediate_seed,intermediate_6_to_8.csv
favorite,6,6-8,intermediate_6_to_8,1000,92,false,n,tier1_ngsl_general+ngsl_rank_1000+grade_estimate_6,intermediate,intermediate,8.205,29.107,8.106,intermediate_seed,intermediate_6_to_8.csv
dioxide,8,6-8,intermediate_6_to_8,742,14,true,n,tier2_nawl_academic+nawl_rank_742+grade_estimate_8,intermediate,intermediate,5.828,29.104,10.966,intermediate_seed,intermediate_6_to_8.csv
goat,8,6-8,intermediate_6_to_8,743,14,true,n,tier2_nawl_academic+nawl_rank_743+grade_estimate_8,intermediate,intermediate,7.628,29.104,10.966,intermediate_seed,intermediate_6_to_8.csv
emit,8,6-8,intermediate_6_to_8,744,14,true,n,tier2_nawl_academic+nawl_rank_744+grade_estimate_8,intermediate,intermediate,7.628,29.104,10.966,intermediate_seed,intermediate_6_to_8.csv
degrade,8,6-8,intermediate_6_to_8,747,14,true,n,tier2_nawl_academic+nawl_rank_747+grade_estimate_8,intermediate,intermediate,5.828,29.104,10.966,intermediate_seed,intermediate_6_to_8.csv
jazz,8,6-8,intermediate_6_to_8,760,13,true,n,tier2_nawl_academic+nawl_rank_760+grade_estimate_8,intermediate,intermediate,7.617,29.089,10.953,intermediate_seed,intermediate_6_to_8.csv
slot,8,6-8,intermediate_6_to_8,775,12,true,n,tier2_nawl_academic+nawl_rank_775+grade_estimate_8,intermediate,intermediate,7.605,29.074,10.94,intermediate_seed,intermediate_6_to_8.csv
planner,8,6-8,intermediate_6_to_8,786,12,true,n,tier2_nawl_academic+nawl_rank_786+grade_estimate_8,intermediate,intermediate,5.805,29.074,10.94,intermediate_seed,intermediate_6_to_8.csv
gut,8,6-8,intermediate_6_to_8,788,12,true,n,tier2_nawl_academic+nawl_rank_788+grade_estimate_8,intermediate,intermediate,7.605,29.074,10.94,intermediate_seed,intermediate_6_to_8.csv
emperor,8,6-8,intermediate_6_to_8,790,12,true,n,tier2_nawl_academic+nawl_rank_790+grade_estimate_8,intermediate,intermediate,5.805,29.074,10.94,intermediate_seed,intermediate_6_to_8.csv
sub,8,6-8,intermediate_6_to_8,794,12,true,n,tier2_nawl_academic+nawl_rank_794+grade_estimate_8,intermediate,intermediate,7.605,29.074,10.94,intermediate_seed,intermediate_6_to_8.csv
grin,8,6-8,intermediate_6_to_8,2797,12,false,n,tier1_ngsl_general+ngsl_rank_2797+grade_estimate_8,intermediate,intermediate,5.605,29.074,8.94,intermediate_seed,intermediate_6_to_8.csv
lab,8,6-8,intermediate_6_to_8,803,11,true,n,tier2_nawl_academic+nawl_rank_803+grade_estimate_8,intermediate,intermediate,7.593,29.058,10.926,intermediate_seed,intermediate_6_to_8.csv
seminar,8,6-8,intermediate_6_to_8,804,11,true,n,tier2_nawl_academic+nawl_rank_804+grade_estimate_8,intermediate,intermediate,5.793,29.058,10.926,intermediate_seed,intermediate_6_to_8.csv
alright,8,6-8,intermediate_6_to_8,2801,11,false,n,tier1_ngsl_general+ngsl_rank_2801+grade_estimate_8,intermediate,intermediate,3.793,29.058,8.926,intermediate_seed,intermediate_6_to_8.csv
support,6,6-8,intermediate_6_to_8,272,359,false,v,tier1_ngsl_general+ngsl_rank_272+grade_estimate_6,intermediate,intermediate,8.54,29.054,7.797,intermediate_seed,intermediate_6_to_8.csv
term,6,6-8,intermediate_6_to_8,280,350,false,n,tier1_ngsl_general+ngsl_rank_280+grade_estimate_6,intermediate,intermediate,10.334,29.045,7.789,intermediate_seed,intermediate_6_to_8.csv
fin,8,6-8,intermediate_6_to_8,817,10,true,n,tier2_nawl_academic+nawl_rank_817+grade_estimate_8,intermediate,intermediate,7.581,29.041,10.911,intermediate_seed,intermediate_6_to_8.csv
lazy,8,6-8,intermediate_6_to_8,2802,10,false,n,tier1_ngsl_general+ngsl_rank_2802+grade_estimate_8,intermediate,intermediate,5.581,29.041,8.911,intermediate_seed,intermediate_6_to_8.csv
lose,6,6-8,intermediate_6_to_8,305,316,false,n,tier1_ngsl_general+ngsl_rank_305+grade_estimate_6,intermediate,intermediate,10.308,29.011,7.759,intermediate_seed,intermediate_6_to_8.csv
sort,6,6-8,intermediate_6_to_8,316,311,false,n,tier1_ngsl_general+ngsl_rank_316+grade_estimate_6,intermediate,intermediate,10.304,29.005,7.755,intermediate_seed,intermediate_6_to_8.csv
solvent,8,6-8,intermediate_6_to_8,841,8,true,adj,tier2_nawl_academic+nawl_rank_841+grade_estimate_8,intermediate,intermediate,5.753,29.004,10.879,intermediate_seed,intermediate_6_to_8.csv
slab,8,6-8,intermediate_6_to_8,843,8,true,n,tier2_nawl_academic+nawl_rank_843+grade_estimate_8,intermediate,intermediate,7.553,29.004,10.879,intermediate_seed,intermediate_6_to_8.csv
plug,8,6-8,intermediate_6_to_8,848,8,true,n,tier2_nawl_academic+nawl_rank_848+grade_estimate_8,intermediate,intermediate,7.553,29.004,10.879,intermediate_seed,intermediate_6_to_8.csv
suggest,6,6-8,intermediate_6_to_8,329,298,false,v,tier1_ngsl_general+ngsl_rank_329+grade_estimate_6,intermediate,intermediate,8.493,28.991,7.742,intermediate_seed,intermediate_6_to_8.csv
clip,8,6-8,intermediate_6_to_8,854,7,true,n,tier2_nawl_academic+nawl_rank_854+grade_estimate_8,intermediate,intermediate,7.538,28.984,10.861,intermediate_seed,intermediate_6_to_8.csv
blog,8,6-8,intermediate_6_to_8,2808,7,false,n,tier1_ngsl_general+ngsl_rank_2808+grade_estimate_8,intermediate,intermediate,5.538,28.984,8.861,intermediate_seed,intermediate_6_to_8.csv
flip,8,6-8,intermediate_6_to_8,863,6,true,n,tier2_nawl_academic+nawl_rank_863+grade_estimate_8,intermediate,intermediate,7.522,28.963,10.843,intermediate_seed,intermediate_6_to_8.csv
lump,8,6-8,intermediate_6_to_8,875,6,true,n,tier2_nawl_academic+nawl_rank_875+grade_estimate_8,intermediate,intermediate,7.522,28.963,10.843,intermediate_seed,intermediate_6_to_8.csv
involve,6,6-8,intermediate_6_to_8,379,260,false,v,tier1_ngsl_general+ngsl_rank_379+grade_estimate_6,intermediate,intermediate,8.459,28.945,7.702,intermediate_seed,intermediate_6_to_8.csv
mercury,8,6-8,intermediate_6_to_8,880,5,true,n,tier2_nawl_academic+nawl_rank_880+grade_estimate_8,intermediate,intermediate,5.706,28.941,10.823,intermediate_seed,intermediate_6_to_8.csv
bizarre,8,6-8,intermediate_6_to_8,886,5,true,n,tier2_nawl_academic+nawl_rank_886+grade_estimate_8,intermediate,intermediate,5.706,28.941,10.823,intermediate_seed,intermediate_6_to_8.csv
mole,8,6-8,intermediate_6_to_8,894,5,true,n,tier2_nawl_academic+nawl_rank_894+grade_estimate_8,intermediate,intermediate,7.506,28.941,10.823,intermediate_seed,intermediate_6_to_8.csv
swap,8,6-8,intermediate_6_to_8,897,5,true,n,tier2_nawl_academic+nawl_rank_897+grade_estimate_8,intermediate,intermediate,7.506,28.941,10.823,intermediate_seed,intermediate_6_to_8.csv
neat,8,6-8,intermediate_6_to_8,903,5,true,n,tier2_nawl_academic+nawl_rank_903+grade_estimate_8,intermediate,intermediate,7.506,28.941,10.823,intermediate_seed,intermediate_6_to_8.csv
sale,6,6-8,intermediate_6_to_8,398,254,false,n,tier1_ngsl_general+ngsl_rank_398+grade_estimate_6,intermediate,intermediate,10.253,28.937,7.695,intermediate_seed,intermediate_6_to_8.csv
further,6,6-8,intermediate_6_to_8,400,251,false,adv,tier1_ngsl_general+ngsl_rank_400+grade_estimate_6,intermediate,intermediate,8.45,28.933,7.692,intermediate_seed,intermediate_6_to_8.csv
require,6,6-8,intermediate_6_to_8,402,249,false,v,tier1_ngsl_general+ngsl_rank_402+grade_estimate_6,intermediate,intermediate,8.448,28.931,7.689,intermediate_seed,intermediate_6_to_8.csv
pass,6,6-8,intermediate_6_to_8,416,243,false,n,tier1_ngsl_general+ngsl_rank_416+grade_estimate_6,intermediate,intermediate,10.242,28.922,7.682,intermediate_seed,intermediate_6_to_8.csv
reactor,8,6-8,intermediate_6_to_8,909,4,true,n,tier2_nawl_academic+nawl_rank_909+grade_estimate_8,intermediate,intermediate,5.688,28.917,10.802,intermediate_seed,intermediate_6_to_8.csv
missile,8,6-8,intermediate_6_to_8,913,4,true,adj,tier2_nawl_academic+nawl_rank_913+grade_estimate_8,intermediate,intermediate,5.688,28.917,10.802,intermediate_seed,intermediate_6_to_8.csv
rub,8,6-8,intermediate_6_to_8,914,4,true,n,tier2_nawl_academic+nawl_rank_914+grade_estimate_8,intermediate,intermediate,7.488,28.917,10.802,intermediate_seed,intermediate_6_to_8.csv
whoever,8,6-8,intermediate_6_to_8,918,4,true,n,tier2_nawl_academic+nawl_rank_918+grade_estimate_8,intermediate,intermediate,5.688,28.917,10.802,intermediate_seed,intermediate_6_to_8.csv
film,6,6-8,intermediate_6_to_8,433,232,false,n,tier1_ngsl_general+ngsl_rank_433+grade_estimate_6,intermediate,intermediate,10.23,28.907,7.669,intermediate_seed,intermediate_6_to_8.csv
die,6,6-8,intermediate_6_to_8,454,222,false,n,tier1_ngsl_general+ngsl_rank_454+grade_estimate_6,intermediate,intermediate,10.219,28.892,7.656,intermediate_seed,intermediate_6_to_8.csv
artwork,8,6-8,intermediate_6_to_8,923,3,true,n,tier2_nawl_academic+nawl_rank_923+grade_estimate_8,intermediate,intermediate,5.668,28.891,10.78,intermediate_seed,intermediate_6_to_8.csv
halfway,8,6-8,intermediate_6_to_8,927,3,true,n,tier2_nawl_academic+nawl_rank_927+grade_estimate_8,intermediate,intermediate,5.668,28.891,10.78,intermediate_seed,intermediate_6_to_8.csv
bang,8,6-8,intermediate_6_to_8,929,3,true,n,tier2_nawl_academic+nawl_rank_929+grade_estimate_8,intermediate,intermediate,7.468,28.891,10.78,intermediate_seed,intermediate_6_to_8.csv
semi,8,6-8,intermediate_6_to_8,930,3,true,n,tier2_nawl_academic+nawl_rank_930+grade_estimate_8,intermediate,intermediate,7.468,28.891,10.78,intermediate_seed,intermediate_6_to_8.csv
role,6,6-8,intermediate_6_to_8,468,215,false,n,tier1_ngsl_general+ngsl_rank_468+grade_estimate_6,intermediate,intermediate,10.211,28.882,7.647,intermediate_seed,intermediate_6_to_8.csv
join,6,6-8,intermediate_6_to_8,469,215,false,n,tier1_ngsl_general+ngsl_rank_469+grade_estimate_6,intermediate,intermediate,10.211,28.882,7.647,intermediate_seed,intermediate_6_to_8.csv
shuttle,8,6-8,intermediate_6_to_8,938,2,true,n,tier2_nawl_academic+nawl_rank_938+grade_estimate_8,intermediate,intermediate,5.648,28.863,10.755,intermediate_seed,intermediate_6_to_8.csv
aerosol,8,6-8,intermediate_6_to_8,939,2,true,n,tier2_nawl_academic+nawl_rank_939+grade_estimate_8,intermediate,intermediate,5.648,28.863,10.755,intermediate_seed,intermediate_6_to_8.csv
neo,8,6-8,intermediate_6_to_8,950,2,true,n,tier2_nawl_academic+nawl_rank_950+grade_estimate_8,intermediate,intermediate,7.448,28.863,10.755,intermediate_seed,intermediate_6_to_8.csv
entrant,8,6-8,intermediate_6_to_8,951,2,true,adj,tier2_nawl_academic+nawl_rank_951+grade_estimate_8,intermediate,intermediate,5.648,28.863,10.755,intermediate_seed,intermediate_6_to_8.csv
hawk,8,6-8,intermediate_6_to_8,952,2,true,n,tier2_nawl_academic+nawl_rank_952+grade_estimate_8,intermediate,intermediate,7.448,28.863,10.755,intermediate_seed,intermediate_6_to_8.csv
handout,8,6-8,intermediate_6_to_8,953,2,true,n,tier2_nawl_academic+nawl_rank_953+grade_estimate_8,intermediate,intermediate,5.648,28.863,10.755,intermediate_seed,intermediate_6_to_8.csv
tech,8,6-8,intermediate_6_to_8,954,2,true,n,tier2_nawl_academic+nawl_rank_954+grade_estimate_8,intermediate,intermediate,7.448,28.863,10.755,intermediate_seed,intermediate_6_to_8.csv
rack,8,6-8,intermediate_6_to_8,955,2,true,n,tier2_nawl_academic+nawl_rank_955+grade_estimate_8,intermediate,intermediate,7.448,28.863,10.755,intermediate_seed,intermediate_6_to_8.csv
improve,6,6-8,intermediate_6_to_8,508,192,false,v,tier1_ngsl_general+ngsl_rank_508+grade_estimate_6,intermediate,intermediate,8.383,28.844,7.614,intermediate_seed,intermediate_6_to_8.csv
project,6,6-8,intermediate_6_to_8,518,190,false,n,tier1_ngsl_general+ngsl_rank_518+grade_estimate_6,intermediate,intermediate,8.381,28.841,7.611,intermediate_seed,intermediate_6_to_8.csv
fund,6,6-8,intermediate_6_to_8,527,187,false,n,tier1_ngsl_general+ngsl_rank_527+grade_estimate_6,intermediate,intermediate,10.177,28.836,7.606,intermediate_seed,intermediate_6_to_8.csv
stadium,8,6-8,intermediate_6_to_8,962,1,true,n,tier2_nawl_academic+nawl_rank_962+grade_estimate_8,intermediate,intermediate,5.625,28.833,10.729,intermediate_seed,intermediate_6_to_8.csv
kill,6,6-8,intermediate_6_to_8,533,184,false,n,tier1_ngsl_general+ngsl_rank_533+grade_estimate_6,intermediate,intermediate,10.173,28.83,7.601,intermediate_seed,intermediate_6_to_8.csv
benefit,6,6-8,intermediate_6_to_8,543,179,false,n,tier1_ngsl_general+ngsl_rank_543+grade_estimate_6,intermediate,intermediate,8.366,28.821,7.594,intermediate_seed,intermediate_6_to_8.csv
risk,6,6-8,intermediate_6_to_8,545,179,false,n,tier1_ngsl_general+ngsl_rank_545+grade_estimate_6,intermediate,intermediate,10.166,28.821,7.594,intermediate_seed,intermediate_6_to_8.csv
news,6,6-8,intermediate_6_to_8,546,178,false,n,tier1_ngsl_general+ngsl_rank_546+grade_estimate_6,intermediate,intermediate,10.164,28.819,7.592,intermediate_seed,intermediate_6_to_8.csv
society,6,6-8,intermediate_6_to_8,562,172,false,n,tier1_ngsl_general+ngsl_rank_562+grade_estimate_6,intermediate,intermediate,8.356,28.808,7.582,intermediate_seed,intermediate_6_to_8.csv
patient,6,6-8,intermediate_6_to_8,589,165,false,adj,tier1_ngsl_general+ngsl_rank_589+grade_estimate_6,intermediate,intermediate,8.346,28.794,7.57,intermediate_seed,intermediate_6_to_8.csv
arm,6,6-8,intermediate_6_to_8,621,155,false,n,tier1_ngsl_general+ngsl_rank_621+grade_estimate_6,intermediate,intermediate,10.13,28.774,7.552,intermediate_seed,intermediate_6_to_8.csv
cell,6,6-8,intermediate_6_to_8,629,153,false,n,tier1_ngsl_general+ngsl_rank_629+grade_estimate_6,intermediate,intermediate,10.127,28.77,7.549,intermediate_seed,intermediate_6_to_8.csv
article,6,6-8,intermediate_6_to_8,630,152,false,n,tier1_ngsl_general+ngsl_rank_630+grade_estimate_6,intermediate,intermediate,8.326,28.768,7.547,intermediate_seed,intermediate_6_to_8.csv
foreign,6,6-8,intermediate_6_to_8,633,151,false,adj,tier1_ngsl_general+ngsl_rank_633+grade_estimate_6,intermediate,intermediate,8.324,28.765,7.545,intermediate_seed,intermediate_6_to_8.csv
manager,6,6-8,intermediate_6_to_8,661,145,false,n,tier1_ngsl_general+ngsl_rank_661+grade_estimate_6,intermediate,intermediate,8.314,28.752,7.533,intermediate_seed,intermediate_6_to_8.csv
respect,6,6-8,intermediate_6_to_8,681,140,false,n,tier1_ngsl_general+ngsl_rank_681+grade_estimate_6,intermediate,intermediate,8.306,28.741,7.523,intermediate_seed,intermediate_6_to_8.csv
attempt,6,6-8,intermediate_6_to_8,686,139,false,n,tier1_ngsl_general+ngsl_rank_686+grade_estimate_6,intermediate,intermediate,8.304,28.739,7.521,intermediate_seed,intermediate_6_to_8.csv
economy,6,6-8,intermediate_6_to_8,699,137,false,n,tier1_ngsl_general+ngsl_rank_699+grade_estimate_6,intermediate,intermediate,8.3,28.734,7.517,intermediate_seed,intermediate_6_to_8.csv
guy,6,6-8,intermediate_6_to_8,701,136,false,n,tier1_ngsl_general+ngsl_rank_701+grade_estimate_6,intermediate,intermediate,10.099,28.731,7.515,intermediate_seed,intermediate_6_to_8.csv
fail,6,6-8,intermediate_6_to_8,711,134,false,n,tier1_ngsl_general+ngsl_rank_711+grade_estimate_6,intermediate,intermediate,10.095,28.727,7.511,intermediate_seed,intermediate_6_to_8.csv
drug,6,6-8,intermediate_6_to_8,721,131,false,n,tier1_ngsl_general+ngsl_rank_721+grade_estimate_6,intermediate,intermediate,10.09,28.719,7.504,intermediate_seed,intermediate_6_to_8.csv
success,6,6-8,intermediate_6_to_8,725,130,false,n,tier1_ngsl_general+ngsl_rank_725+grade_estimate_6,intermediate,intermediate,8.288,28.717,7.502,intermediate_seed,intermediate_6_to_8.csv
clearly,6,6-8,intermediate_6_to_8,728,130,false,adv,tier1_ngsl_general+ngsl_rank_728+grade_estimate_6,intermediate,intermediate,8.288,28.717,7.502,intermediate_seed,intermediate_6_to_8.csv
lack,6,6-8,intermediate_6_to_8,729,129,false,n,tier1_ngsl_general+ngsl_rank_729+grade_estimate_6,intermediate,intermediate,10.086,28.714,7.5,intermediate_seed,intermediate_6_to_8.csv
gain,6,6-8,intermediate_6_to_8,737,128,false,n,tier1_ngsl_general+ngsl_rank_737+grade_estimate_6,intermediate,intermediate,10.084,28.712,7.498,intermediate_seed,intermediate_6_to_8.csv
item,6,6-8,intermediate_6_to_8,747,126,false,n,tier1_ngsl_general+ngsl_rank_747+grade_estimate_6,intermediate,intermediate,10.08,28.707,7.493,intermediate_seed,intermediate_6_to_8.csv
cent,6,6-8,intermediate_6_to_8,749,126,false,adj,tier1_ngsl_general+ngsl_rank_749+grade_estimate_6,intermediate,intermediate,10.08,28.707,7.493,intermediate_seed,intermediate_6_to_8.csv
club,6,6-8,intermediate_6_to_8,760,126,false,n,tier1_ngsl_general+ngsl_rank_760+grade_estimate_6,intermediate,intermediate,10.08,28.707,7.493,intermediate_seed,intermediate_6_to_8.csv
link,6,6-8,intermediate_6_to_8,770,124,false,n,tier1_ngsl_general+ngsl_rank_770+grade_estimate_6,intermediate,intermediate,10.076,28.702,7.489,intermediate_seed,intermediate_6_to_8.csv
despite,6,6-8,intermediate_6_to_8,771,124,false,prep,tier1_ngsl_general+ngsl_rank_771+grade_estimate_6,intermediate,intermediate,8.276,28.702,7.489,intermediate_seed,intermediate_6_to_8.csv
seek,6,6-8,intermediate_6_to_8,778,123,false,n,tier1_ngsl_general+ngsl_rank_778+grade_estimate_6,intermediate,intermediate,10.074,28.699,7.487,intermediate_seed,intermediate_6_to_8.csv
tax,6,6-8,intermediate_6_to_8,787,122,false,n,tier1_ngsl_general+ngsl_rank_787+grade_estimate_6,intermediate,intermediate,10.072,28.696,7.484,intermediate_seed,intermediate_6_to_8.csv
popular,6,6-8,intermediate_6_to_8,790,121,false,n,tier1_ngsl_general+ngsl_rank_790+grade_estimate_6,intermediate,intermediate,8.27,28.694,7.482,intermediate_seed,intermediate_6_to_8.csv
aim,6,6-8,intermediate_6_to_8,794,121,false,n,tier1_ngsl_general+ngsl_rank_794+grade_estimate_6,intermediate,intermediate,10.07,28.694,7.482,intermediate_seed,intermediate_6_to_8.csv
loss,6,6-8,intermediate_6_to_8,806,118,false,n,tier1_ngsl_general+ngsl_rank_806+grade_estimate_6,intermediate,intermediate,10.064,28.686,7.475,intermediate_seed,intermediate_6_to_8.csv
promise,6,6-8,intermediate_6_to_8,829,115,false,v,tier1_ngsl_general+ngsl_rank_829+grade_estimate_6,intermediate,intermediate,8.258,28.678,7.468,intermediate_seed,intermediate_6_to_8.csv
file,6,6-8,intermediate_6_to_8,835,114,false,adj,tier1_ngsl_general+ngsl_rank_835+grade_estimate_6,intermediate,intermediate,10.056,28.675,7.465,intermediate_seed,intermediate_6_to_8.csv
bar,6,6-8,intermediate_6_to_8,837,114,false,n,tier1_ngsl_general+ngsl_rank_837+grade_estimate_6,intermediate,intermediate,10.056,28.675,7.465,intermediate_seed,intermediate_6_to_8.csv
tend,6,6-8,intermediate_6_to_8,843,113,false,n,tier1_ngsl_general+ngsl_rank_843+grade_estimate_6,intermediate,intermediate,10.054,28.672,7.463,intermediate_seed,intermediate_6_to_8.csv
fill,6,6-8,intermediate_6_to_8,845,113,false,n,tier1_ngsl_general+ngsl_rank_845+grade_estimate_6,intermediate,intermediate,10.054,28.672,7.463,intermediate_seed,intermediate_6_to_8.csv
star,6,6-8,intermediate_6_to_8,846,113,false,n,tier1_ngsl_general+ngsl_rank_846+grade_estimate_6,intermediate,intermediate,10.054,28.672,7.463,intermediate_seed,intermediate_6_to_8.csv
network,6,6-8,intermediate_6_to_8,847,112,false,n,tier1_ngsl_general+ngsl_rank_847+grade_estimate_6,intermediate,intermediate,8.252,28.669,7.46,intermediate_seed,intermediate_6_to_8.csv
message,6,6-8,intermediate_6_to_8,863,109,false,n,tier1_ngsl_general+ngsl_rank_863+grade_estimate_6,intermediate,intermediate,8.245,28.66,7.453,intermediate_seed,intermediate_6_to_8.csv
propose,6,6-8,intermediate_6_to_8,877,107,false,v,tier1_ngsl_general+ngsl_rank_877+grade_estimate_6,intermediate,intermediate,8.241,28.655,7.448,intermediate_seed,intermediate_6_to_8.csv
unclear,6,6-8,intermediate_6_to_8,887,106,false,n,tier1_ngsl_general+ngsl_rank_887+grade_estimate_6,intermediate,intermediate,8.239,28.652,7.445,intermediate_seed,intermediate_6_to_8.csv
officer,6,6-8,intermediate_6_to_8,896,106,false,n,tier1_ngsl_general+ngsl_rank_896+grade_estimate_6,intermediate,intermediate,8.239,28.652,7.445,intermediate_seed,intermediate_6_to_8.csv
protect,6,6-8,intermediate_6_to_8,903,105,false,n,tier1_ngsl_general+ngsl_rank_903+grade_estimate_6,intermediate,intermediate,8.236,28.649,7.442,intermediate_seed,intermediate_6_to_8.csv
disease,6,6-8,intermediate_6_to_8,906,104,false,n,tier1_ngsl_general+ngsl_rank_906+grade_estimate_6,intermediate,intermediate,8.234,28.646,7.44,intermediate_seed,intermediate_6_to_8.csv
male,6,6-8,intermediate_6_to_8,914,103,false,n,tier1_ngsl_general+ngsl_rank_914+grade_estimate_6,intermediate,intermediate,10.032,28.642,7.437,intermediate_seed,intermediate_6_to_8.csv
imagine,6,6-8,intermediate_6_to_8,924,102,false,n,tier1_ngsl_general+ngsl_rank_924+grade_estimate_6,intermediate,intermediate,8.23,28.639,7.434,intermediate_seed,intermediate_6_to_8.csv
okay,6,6-8,intermediate_6_to_8,925,102,false,n,tier1_ngsl_general+ngsl_rank_925+grade_estimate_6,intermediate,intermediate,10.03,28.639,7.434,intermediate_seed,intermediate_6_to_8.csv
earn,6,6-8,intermediate_6_to_8,926,102,false,n,tier1_ngsl_general+ngsl_rank_926+grade_estimate_6,intermediate,intermediate,10.03,28.639,7.434,intermediate_seed,intermediate_6_to_8.csv
post,6,6-8,intermediate_6_to_8,928,102,false,n,tier1_ngsl_general+ngsl_rank_928+grade_estimate_6,intermediate,intermediate,10.03,28.639,7.434,intermediate_seed,intermediate_6_to_8.csv
weekend,6,6-8,intermediate_6_to_8,934,101,false,n,tier1_ngsl_general+ngsl_rank_934+grade_estimate_6,intermediate,intermediate,8.227,28.636,7.432,intermediate_seed,intermediate_6_to_8.csv
perform,6,6-8,intermediate_6_to_8,935,101,false,n,tier1_ngsl_general+ngsl_rank_935+grade_estimate_6,intermediate,intermediate,8.227,28.636,7.432,intermediate_seed,intermediate_6_to_8.csv
variety,6,6-8,intermediate_6_to_8,954,98,false,n,tier1_ngsl_general+ngsl_rank_954+grade_estimate_6,intermediate,intermediate,8.22,28.627,7.423,intermediate_seed,intermediate_6_to_8.csv
fix,6,6-8,intermediate_6_to_8,973,95,false,n,tier1_ngsl_general+ngsl_rank_973+grade_estimate_6,intermediate,intermediate,10.013,28.617,7.415,intermediate_seed,intermediate_6_to_8.csv
yeah,6,6-8,intermediate_6_to_8,976,95,false,n,tier1_ngsl_general+ngsl_rank_976+grade_estimate_6,intermediate,intermediate,10.013,28.617,7.415,intermediate_seed,intermediate_6_to_8.csv
replace,6,6-8,intermediate_6_to_8,994,92,false,v,tier1_ngsl_general+ngsl_rank_994+grade_estimate_6,intermediate,intermediate,8.205,28.607,7.406,intermediate_seed,intermediate_6_to_8.csv
herself,6,6-8,intermediate_6_to_8,996,92,false,pron,tier1_ngsl_general+ngsl_rank_996+grade_estimate_6,intermediate,intermediate,8.205,28.607,7.406,intermediate_seed,intermediate_6_to_8.csv
translation,4;6,6-8;k-5th grade,beginner_k_to_5;intermediate_6_to_8,40,117,true,n,elementary_fill+grade4+grade4_week28_item3 | tier2_nawl_academic+nawl_rank_40+bridge_from_beginner_grade_4+grade_estimate_6,intermediate,intermediate,18.262,22.683,15.073,beginner_seed;intermediate_seed,beginner_k_to_5.csv;intermediate_6_to_8.csv
majority,3;6,6-8;k-5th grade,beginner_k_to_5;intermediate_6_to_8,446,91,true,n,elementary_fill+grade3+grade3_week28_item14 | tier1_ngsl_general+ngsl_rank_1009+bridge_from_beginner_grade_3+grade_estimate_6,intermediate,intermediate,18.203,22.603,13.503,beginner_seed;intermediate_seed,beginner_k_to_5.csv;intermediate_6_to_8.csv
sentence,4;6,6-8;k-5th grade,beginner_k_to_5;intermediate_6_to_8,122,82,true,n,tier2_fry_filtered+fry_rank_122+grade4_week10_item8 | tier1_ngsl_general+ngsl_rank_1099+bridge_from_beginner_grade_4+grade_estimate_6,intermediate,intermediate,18.178,22.571,13.475,beginner_seed;intermediate_seed,beginner_k_to_5.csv;intermediate_6_to_8.csv
generalize,4;6,6-8;k-5th grade,beginner_k_to_5;intermediate_6_to_8,94,80,true,n,elementary_fill+grade4+grade4_week22_item6 | tier2_nawl_academic+nawl_rank_94+bridge_from_beginner_grade_4+grade_estimate_6,intermediate,intermediate,18.173,22.563,13.468,beginner_seed;intermediate_seed,beginner_k_to_5.csv;intermediate_6_to_8.csv
prediction,2;6,6-8;k-5th grade,beginner_k_to_5;intermediate_6_to_8,99,79,true,n,elementary_fill+grade2+grade2_week33_item12 | tier2_nawl_academic+nawl_rank_99+bridge_from_beginner_grade_2+grade_estimate_6,intermediate,intermediate,18.17,22.56,13.465,beginner_seed;intermediate_seed,beginner_k_to_5.csv;intermediate_6_to_8.csv
audience,3;6,6-8;k-5th grade,beginner_k_to_5;intermediate_6_to_8,476,76,true,n,elementary_fill+grade3+grade3_week30_item12 | tier1_ngsl_general+ngsl_rank_1166+bridge_from_beginner_grade_3+grade_estimate_6,intermediate,intermediate,18.161,22.548,13.454,beginner_seed;intermediate_seed,beginner_k_to_5.csv;intermediate_6_to_8.csv
fraction,3;6,6-8;k-5th grade,beginner_k_to_5;intermediate_6_to_8,183,60,true,n,tier2_fry_filtered+fry_rank_681+grade3_week20_item13 | tier2_nawl_academic+nawl_rank_183+bridge_from_beginner_grade_3+grade_estimate_6,intermediate,intermediate,18.107,22.476,13.392,beginner_seed;intermediate_seed,beginner_k_to_5.csv;intermediate_6_to_8.csv
scientist,4;6,6-8;k-5th grade,beginner_k_to_5;intermediate_6_to_8,438,60,true,n,tier2_fry_filtered+fry_rank_438+grade4_week14_item8 | tier1_ngsl_general+ngsl_rank_1409+bridge_from_beginner_grade_4+grade_estimate_6,intermediate,intermediate,18.107,22.476,13.392,beginner_seed;intermediate_seed,beginner_k_to_5.csv;intermediate_6_to_8.csv
language,4;6,6-8;k-5th grade,beginner_k_to_5;intermediate_6_to_8,360,275,true,n,tier2_fry_filtered+fry_rank_467+grade4_week17_item7 | tier1_ngsl_general+ngsl_rank_360+bridge_from_beginner_grade_4+grade_estimate_6,intermediate,intermediate,18.473,22.464,12.418,beginner_seed;intermediate_seed,beginner_k_to_5.csv;intermediate_6_to_8.csv
continuity,3;6,6-8;k-5th grade,beginner_k_to_5;intermediate_6_to_8,221,56,true,n,elementary_fill+grade3+grade3_week25_item13 | tier2_nawl_academic+nawl_rank_221+bridge_from_beginner_grade_3+grade_estimate_6,intermediate,intermediate,18.092,22.456,13.374,beginner_seed;intermediate_seed,beginner_k_to_5.csv;intermediate_6_to_8.csv
division,2;6,6-8;k-5th grade,beginner_k_to_5;intermediate_6_to_8,997,53,true,n,tier2_fry_filtered+fry_rank_997+grade2_week36_item4 | tier1_ngsl_general+ngsl_rank_1522+buffer_from_beginner_grade_2+intermediate_buffer_addition+grade_estimate_6,intermediate,intermediate,18.08,22.439,13.36,beginner_seed;intermediate_seed,beginner_k_to_5.csv;intermediate_6_to_8.csv
rotation,4;6,6-8;k-5th grade,beginner_k_to_5;intermediate_6_to_8,240,52,true,n,elementary_fill+grade4+grade4_week36_item18 | tier2_nawl_academic+nawl_rank_240+bridge_from_beginner_grade_4+grade_estimate_6,intermediate,intermediate,18.075,22.434,13.355,beginner_seed;intermediate_seed,beginner_k_to_5.csv;intermediate_6_to_8.csv
conservation,4;6,6-8;k-5th grade,beginner_k_to_5;intermediate_6_to_8,297,48,true,n,elementary_fill+grade4+grade4_week33_item18 | tier2_nawl_academic+nawl_rank_297+bridge_from_beginner_grade_4+grade_estimate_6,intermediate,intermediate,18.058,22.411,14.834,beginner_seed;intermediate_seed,beginner_k_to_5.csv;intermediate_6_to_8.csv
calculate,3;6,6-8;k-5th grade,beginner_k_to_5;intermediate_6_to_8,32,38,true,n,elementary_fill+grade3+grade3_week2_item16 | tier1_ngsl_general+ngsl_rank_1925+bridge_from_beginner_grade_3+grade_estimate_6,intermediate,intermediate,18.009,22.345,13.277,beginner_seed;intermediate_seed,beginner_k_to_5.csv;intermediate_6_to_8.csv
conceive,5;6,6-8;k-5th grade,beginner_k_to_5;intermediate_6_to_8,222,37,true,adj,elementary_fill+grade5+grade5_week12_item2 | tier2_nawl_academic+nawl_rank_419+bridge_from_beginner_grade_5+grade_estimate_6,intermediate,intermediate,18.003,22.338,13.27,beginner_seed;intermediate_seed,beginner_k_to_5.csv;intermediate_6_to_8.csv
articulate,5;6,6-8;k-5th grade,beginner_k_to_5;intermediate_6_to_8,233,35,true,n,elementary_fill+grade5+grade5_week12_item13 | tier2_nawl_academic+nawl_rank_442+bridge_from_beginner_grade_5+grade_estimate_6,intermediate,intermediate,17.992,22.323,13.257,beginner_seed;intermediate_seed,beginner_k_to_5.csv;intermediate_6_to_8.csv
constitution,3;6,6-8;k-5th grade,beginner_k_to_5;intermediate_6_to_8,445,32,true,n,elementary_fill+grade3+grade3_week28_item13 | tier2_nawl_academic+nawl_rank_471+bridge_from_beginner_grade_3+grade_estimate_6,intermediate,intermediate,17.974,22.299,14.736,beginner_seed;intermediate_seed,beginner_k_to_5.csv;intermediate_6_to_8.csv
graph,2;6,6-8;k-5th grade,beginner_k_to_5;intermediate_6_to_8,18,152,true,n,elementary_fill+grade2+grade2_week23_item1 | tier2_nawl_academic+nawl_rank_18+bridge_from_beginner_grade_2+grade_estimate_6,intermediate,intermediate,19.126,22.268,11.547,beginner_seed;intermediate_seed,beginner_k_to_5.csv;intermediate_6_to_8.csv
sediment,4;6,6-8;k-5th grade,beginner_k_to_5;intermediate_6_to_8,340,28,true,n,elementary_fill+grade4+grade4_week17_item20 | tier2_nawl_academic+nawl_rank_537+bridge_from_beginner_grade_4+grade_estimate_6,intermediate,intermediate,17.948,22.264,13.206,beginner_seed;intermediate_seed,beginner_k_to_5.csv;intermediate_6_to_8.csv
quotation,3;6,6-8;k-5th grade,beginner_k_to_5;intermediate_6_to_8,438,25,true,n,elementary_fill+grade3+grade3_week28_item6 | tier2_nawl_academic+nawl_rank_583+bridge_from_beginner_grade_3+grade_estimate_6,intermediate,intermediate,17.926,22.235,13.181,beginner_seed;intermediate_seed,beginner_k_to_5.csv;intermediate_6_to_8.csv
equation,4;6,6-8;k-5th grade,beginner_k_to_5;intermediate_6_to_8,473,25,true,n,tier2_fry_filtered+fry_rank_473+grade4_week18_item3 | tier1_ngsl_general+ngsl_rank_2489+bridge_from_beginner_grade_4+grade_estimate_6,intermediate,intermediate,17.926,22.235,13.181,beginner_seed;intermediate_seed,beginner_k_to_5.csv;intermediate_6_to_8.csv
invasion,4;6,6-8;k-5th grade,beginner_k_to_5;intermediate_6_to_8,577,25,true,n,elementary_fill+grade4+grade4_week36_item12 | tier2_nawl_academic+nawl_rank_577+bridge_from_beginner_grade_4+grade_estimate_6,intermediate,intermediate,17.926,22.235,13.181,beginner_seed;intermediate_seed,beginner_k_to_5.csv;intermediate_6_to_8.csv
image,4;6,6-8;k-5th grade,beginner_k_to_5;intermediate_6_to_8,625,135,true,n,elementary_fill+grade4+grade4_week32_item5 | tier1_ngsl_general+ngsl_rank_704+bridge_from_beginner_grade_4+grade_estimate_6,intermediate,intermediate,19.097,22.229,11.513,beginner_seed;intermediate_seed,beginner_k_to_5.csv;intermediate_6_to_8.csv
rotate,2;6,6-8;k-5th grade,beginner_k_to_5;intermediate_6_to_8,300,24,true,n,elementary_fill+grade2+grade2_week19_item12 | tier2_nawl_academic+nawl_rank_598+bridge_from_beginner_grade_2+grade_estimate_6,intermediate,intermediate,18.719,22.225,12.472,beginner_seed;intermediate_seed,beginner_k_to_5.csv;intermediate_6_to_8.csv
elevation,4;6,6-8;k-5th grade,beginner_k_to_5;intermediate_6_to_8,600,24,true,n,elementary_fill+grade4+grade4_week36_item13 | tier2_nawl_academic+nawl_rank_600+bridge_from_beginner_grade_4+grade_estimate_6,intermediate,intermediate,17.919,22.225,13.172,beginner_seed;intermediate_seed,beginner_k_to_5.csv;intermediate_6_to_8.csv
series,4;6,6-8;k-5th grade,beginner_k_to_5;intermediate_6_to_8,417,131,true,n,elementary_fill+grade4+grade4_week21_item17 | tier1_ngsl_general+ngsl_rank_723+bridge_from_beginner_grade_4+grade_estimate_6,intermediate,intermediate,19.09,22.219,11.504,beginner_seed;intermediate_seed,beginner_k_to_5.csv;intermediate_6_to_8.csv
corruption,4;6,6-8;k-5th grade,beginner_k_to_5;intermediate_6_to_8,619,23,true,n,elementary_fill+grade4+grade4_week34_item15 | tier2_nawl_academic+nawl_rank_619+bridge_from_beginner_grade_4+grade_estimate_6,intermediate,intermediate,17.911,22.215,13.163,beginner_seed;intermediate_seed,beginner_k_to_5.csv;intermediate_6_to_8.csv
energy,4;6,6-8;k-5th grade,beginner_k_to_5;intermediate_6_to_8,517,115,true,n,tier2_fry_filtered+fry_rank_517+grade4_week20_item19 | tier1_ngsl_general+ngsl_rank_831+bridge_from_beginner_grade_4+grade_estimate_6,intermediate,intermediate,19.058,22.178,11.468,beginner_seed;intermediate_seed,beginner_k_to_5.csv;intermediate_6_to_8.csv
illusion,4;6,6-8;k-5th grade,beginner_k_to_5;intermediate_6_to_8,668,19,true,n,elementary_fill+grade4+grade4_week36_item14 | tier2_nawl_academic+nawl_rank_668+bridge_from_beginner_grade_4+grade_estimate_6,intermediate,intermediate,17.877,22.17,13.124,beginner_seed;intermediate_seed,beginner_k_to_5.csv;intermediate_6_to_8.csv
state,3;6,6-8;k-5th grade,beginner_k_to_5;intermediate_6_to_8,199,494,false,n,tier2_fry_filtered+fry_rank_267+grade3_week35_item16 | tier1_ngsl_general+ngsl_rank_199+buffer_from_beginner_grade_3+intermediate_buffer_addition+grade_estimate_6,intermediate,intermediate,21.421,22.162,9.292,beginner_seed;intermediate_seed,beginner_k_to_5.csv;intermediate_6_to_8.csv
elasticity,5;6,6-8;k-5th grade,beginner_k_to_5;intermediate_6_to_8,175,18,true,n,elementary_fill+grade5+grade5_week9_item15 | tier2_nawl_academic+nawl_rank_685+bridge_from_beginner_grade_5+grade_estimate_6,intermediate,intermediate,17.868,22.158,13.113,beginner_seed;intermediate_seed,beginner_k_to_5.csv;intermediate_6_to_8.csv
marker,3;6,6-8;k-5th grade,beginner_k_to_5;intermediate_6_to_8,48,106,true,n,elementary_fill+grade3+grade3_week16_item9 | tier2_nawl_academic+nawl_rank_48+bridge_from_beginner_grade_3+grade_estimate_6,intermediate,intermediate,19.039,22.152,11.445,beginner_seed;intermediate_seed,beginner_k_to_5.csv;intermediate_6_to_8.csv
science,3;6,6-8;k-5th grade,beginner_k_to_5;intermediate_6_to_8,875,104,true,n,tier2_fry_filtered+fry_rank_875+grade3_week4_item15 | tier1_ngsl_general+ngsl_rank_905+buffer_from_beginner_grade_3+intermediate_buffer_addition+grade_estimate_6,intermediate,intermediate,18.234,22.146,12.84,beginner_seed;intermediate_seed,beginner_k_to_5.csv;intermediate_6_to_8.csv
information,5;6,6-8;k-5th grade,beginner_k_to_5;intermediate_6_to_8,213,459,false,n,tier2_fry_filtered+fry_rank_745+grade5_week8_item10 | tier1_ngsl_general+ngsl_rank_213+bridge_from_beginner_grade_5+grade_estimate_6,intermediate,intermediate,20.603,22.137,11.47,beginner_seed;intermediate_seed,beginner_k_to_5.csv;intermediate_6_to_8.csv
robot,4;6,6-8;k-5th grade,beginner_k_to_5;intermediate_6_to_8,50,101,true,n,elementary_fill+grade4+grade4_week19_item9 | tier2_nawl_academic+nawl_rank_50+bridge_from_beginner_grade_4+grade_estimate_6,intermediate,intermediate,19.027,22.136,11.432,beginner_seed;intermediate_seed,beginner_k_to_5.csv;intermediate_6_to_8.csv
government,3;6,6-8;k-5th grade,beginner_k_to_5;intermediate_6_to_8,216,455,false,n,tier2_fry_filtered+fry_rank_475+grade3_week35_item14 | tier1_ngsl_general+ngsl_rank_216+buffer_from_beginner_grade_3+intermediate_buffer_addition+grade_estimate_6,intermediate,intermediate,20.6,22.134,9.967,beginner_seed;intermediate_seed,beginner_k_to_5.csv;intermediate_6_to_8.csv
vowel,4;6,6-8;k-5th grade,beginner_k_to_5;intermediate_6_to_8,52,99,true,n,tier2_fry_filtered+fry_rank_365+grade4_week7_item5 | tier2_nawl_academic+nawl_rank_52+bridge_from_beginner_grade_4+grade_estimate_6,intermediate,intermediate,19.022,22.13,11.426,beginner_seed;intermediate_seed,beginner_k_to_5.csv;intermediate_6_to_8.csv
particle,3;6,6-8;k-5th grade,beginner_k_to_5;intermediate_6_to_8,65,91,true,n,elementary_fill+grade3+grade3_week26_item16 | tier2_nawl_academic+nawl_rank_65+bridge_from_beginner_grade_3+grade_estimate_6,intermediate,intermediate,18.203,22.103,12.103,beginner_seed;intermediate_seed,beginner_k_to_5.csv;intermediate_6_to_8.csv
program,4;6,6-8;k-5th grade,beginner_k_to_5;intermediate_6_to_8,240,414,true,n,elementary_fill+grade4+grade4_week19_item10 | tier1_ngsl_general+ngsl_rank_240+bridge_from_beginner_grade_4+grade_estimate_6,intermediate,intermediate,18.576,22.102,11.839,beginner_seed;intermediate_seed,beginner_k_to_5.csv;intermediate_6_to_8.csv
video,4;6,6-8;k-5th grade,beginner_k_to_5;intermediate_6_to_8,624,85,true,n,elementary_fill+grade4+grade4_week32_item4 | tier1_ngsl_general+ngsl_rank_1065+bridge_from_beginner_grade_4+grade_estimate_6,intermediate,intermediate,18.987,22.082,11.384,beginner_seed;intermediate_seed,beginner_k_to_5.csv;intermediate_6_to_8.csv
syllable,3;6,6-8;k-5th grade,beginner_k_to_5;intermediate_6_to_8,102,76,true,n,elementary_fill+grade3+grade3_week31_item13 | tier2_nawl_academic+nawl_rank_102+bridge_from_beginner_grade_3+grade_estimate_6,intermediate,intermediate,18.161,22.048,12.054,beginner_seed;intermediate_seed,beginner_k_to_5.csv;intermediate_6_to_8.csv
magnetic,4;6,6-8;k-5th grade,beginner_k_to_5;intermediate_6_to_8,105,75,true,adj,elementary_fill+grade4+grade4_week23_item17 | tier2_nawl_academic+nawl_rank_105+bridge_from_beginner_grade_4+grade_estimate_6,intermediate,intermediate,18.158,22.044,12.051,beginner_seed;intermediate_seed,beginner_k_to_5.csv;intermediate_6_to_8.csv
numerical,4;6,6-8;k-5th grade,beginner_k_to_5;intermediate_6_to_8,107,75,true,adj,elementary_fill+grade4+grade4_week7_item10 | tier2_nawl_academic+nawl_rank_107+bridge_from_beginner_grade_4+grade_estimate_6,intermediate,intermediate,18.158,22.044,12.051,beginner_seed;intermediate_seed,beginner_k_to_5.csv;intermediate_6_to_8.csv
vocabulary,5;6,6-8;k-5th grade,beginner_k_to_5;intermediate_6_to_8,126,70,true,adj,elementary_fill+grade5+grade5_week7_item6 | tier2_nawl_academic+nawl_rank_127+bridge_from_beginner_grade_5+grade_estimate_6,intermediate,intermediate,18.142,22.022,12.032,beginner_seed;intermediate_seed,beginner_k_to_5.csv;intermediate_6_to_8.csv
interact,3;6,6-8;k-5th grade,beginner_k_to_5;intermediate_6_to_8,157,65,true,n,elementary_fill+grade3+grade3_week17_item15 | tier2_nawl_academic+nawl_rank_157+bridge_from_beginner_grade_3+grade_estimate_6,intermediate,intermediate,18.125,22.0,12.013,beginner_seed;intermediate_seed,beginner_k_to_5.csv;intermediate_6_to_8.csv
tropical,4;6,6-8;k-5th grade,beginner_k_to_5;intermediate_6_to_8,36,60,true,adj,elementary_fill+grade4+grade4_week2_item16 | tier2_nawl_academic+nawl_rank_189+bridge_from_beginner_grade_4+grade_estimate_6,intermediate,intermediate,18.107,21.976,11.992,beginner_seed;intermediate_seed,beginner_k_to_5.csv;intermediate_6_to_8.csv
vertical,5;6,6-8;k-5th grade,beginner_k_to_5;intermediate_6_to_8,159,59,true,adj,elementary_fill+grade5+grade5_week8_item19 | tier2_nawl_academic+nawl_rank_200+bridge_from_beginner_grade_5+grade_estimate_6,intermediate,intermediate,18.103,21.971,11.987,beginner_seed;intermediate_seed,beginner_k_to_5.csv;intermediate_6_to_8.csv
acute,4;6,6-8;k-5th grade,beginner_k_to_5;intermediate_6_to_8,202,59,true,n,elementary_fill+grade4+grade4_week27_item18 | tier2_nawl_academic+nawl_rank_202+bridge_from_beginner_grade_4+grade_estimate_6,intermediate,intermediate,18.903,21.971,11.287,beginner_seed;intermediate_seed,beginner_k_to_5.csv;intermediate_6_to_8.csv
square,2;6,6-8;k-5th grade,beginner_k_to_5;intermediate_6_to_8,503,58,true,n,tier2_fry_filtered+fry_rank_503+grade2_week25_item13 | tier1_ngsl_general+ngsl_rank_1443+buffer_from_beginner_grade_2+intermediate_buffer_addition+grade_estimate_6,intermediate,intermediate,18.9,21.966,11.283,beginner_seed;intermediate_seed,beginner_k_to_5.csv;intermediate_6_to_8.csv
temperature,3;6,6-8;k-5th grade,beginner_k_to_5;intermediate_6_to_8,641,58,true,n,tier2_fry_filtered+fry_rank_641+grade3_week29_item14 | tier1_ngsl_general+ngsl_rank_1452+bridge_from_beginner_grade_3+grade_estimate_6,intermediate,intermediate,18.1,21.966,13.483,beginner_seed;intermediate_seed,beginner_k_to_5.csv;intermediate_6_to_8.csv
lawyer,3;6,6-8;k-5th grade,beginner_k_to_5;intermediate_6_to_8,512,56,true,n,elementary_fill+grade3+grade3_week32_item16 | tier1_ngsl_general+ngsl_rank_1489+bridge_from_beginner_grade_3+grade_estimate_6,intermediate,intermediate,18.892,21.956,11.274,beginner_seed;intermediate_seed,beginner_k_to_5.csv;intermediate_6_to_8.csv
array,4;6,6-8;k-5th grade,beginner_k_to_5;intermediate_6_to_8,231,54,true,n,elementary_fill+grade4+grade4_week25_item20 | tier2_nawl_academic+nawl_rank_231+bridge_from_beginner_grade_4+grade_estimate_6,intermediate,intermediate,18.884,21.945,11.264,beginner_seed;intermediate_seed,beginner_k_to_5.csv;intermediate_6_to_8.csv
create,5;6,6-8;k-5th grade,beginner_k_to_5;intermediate_6_to_8,386,258,false,n,tier2_fry_filtered+fry_rank_969+grade5_week31_item9 | tier1_ngsl_general+ngsl_rank_386+bridge_from_beginner_grade_5+grade_estimate_6,intermediate,intermediate,21.257,21.943,9.1,beginner_seed;intermediate_seed,beginner_k_to_5.csv;intermediate_6_to_8.csv
moment,4;6,6-8;k-5th grade,beginner_k_to_5;intermediate_6_to_8,397,254,false,n,tier2_fry_filtered+fry_rank_659+grade4_week36_item9 | tier1_ngsl_general+ngsl_rank_397+bridge_from_beginner_grade_4+grade_estimate_6,intermediate,intermediate,21.253,21.937,9.095,beginner_seed;intermediate_seed,beginner_k_to_5.csv;intermediate_6_to_8.csv
consonant,5;6,6-8;k-5th grade,beginner_k_to_5;intermediate_6_to_8,250,51,true,n,tier2_fry_filtered+fry_rank_648+grade5_week1_item16 | tier2_nawl_academic+nawl_rank_250+bridge_from_beginner_grade_5+grade_estimate_6,intermediate,intermediate,18.071,21.928,11.95,beginner_seed;intermediate_seed,beginner_k_to_5.csv;intermediate_6_to_8.csv
classroom,3;6,6-8;k-5th grade,beginner_k_to_5;intermediate_6_to_8,256,51,true,n,elementary_fill+grade3+grade3_week24_item4 | tier2_nawl_academic+nawl_rank_256+bridge_from_beginner_grade_3+grade_estimate_6,intermediate,intermediate,18.071,21.928,11.95,beginner_seed;intermediate_seed,beginner_k_to_5.csv;intermediate_6_to_8.csv
insect,5;6,6-8;k-5th grade,beginner_k_to_5;intermediate_6_to_8,261,51,true,n,elementary_fill+grade5+grade5_week15_item4 | tier2_nawl_academic+nawl_rank_261+bridge_from_beginner_grade_5+grade_estimate_6,intermediate,intermediate,18.871,21.928,11.25,beginner_seed;intermediate_seed,beginner_k_to_5.csv;intermediate_6_to_8.csv
colony,5;6,6-8;k-5th grade,beginner_k_to_5;intermediate_6_to_8,256,49,true,n,elementary_fill+grade5+grade5_week13_item16 | tier2_nawl_academic+nawl_rank_283+bridge_from_beginner_grade_5+grade_estimate_6,intermediate,intermediate,18.863,21.917,11.24,beginner_seed;intermediate_seed,beginner_k_to_5.csv;intermediate_6_to_8.csv
oxygen,5;6,6-8;k-5th grade,beginner_k_to_5;intermediate_6_to_8,280,49,true,n,tier2_fry_filtered+fry_rank_927+grade5_week10_item19 | tier2_nawl_academic+nawl_rank_280+bridge_from_beginner_grade_5+grade_estimate_6,intermediate,intermediate,18.863,21.917,11.24,beginner_seed;intermediate_seed,beginner_k_to_5.csv;intermediate_6_to_8.csv
position,3;6,6-8;k-5th grade,beginner_k_to_5;intermediate_6_to_8,426,236,false,n,tier2_fry_filtered+fry_rank_861+grade3_week22_item12 | tier1_ngsl_general+ngsl_rank_426+buffer_from_beginner_grade_3+intermediate_buffer_addition+grade_estimate_6,intermediate,intermediate,20.435,21.913,9.774,beginner_seed;intermediate_seed,beginner_k_to_5.csv;intermediate_6_to_8.csv
ecology,4;6,6-8;k-5th grade,beginner_k_to_5;intermediate_6_to_8,346,45,true,n,elementary_fill+grade4+grade4_week33_item19 | tier2_nawl_academic+nawl_rank_346+bridge_from_beginner_grade_4+grade_estimate_6,intermediate,intermediate,18.044,21.892,12.618,beginner_seed;intermediate_seed,beginner_k_to_5.csv;intermediate_6_to_8.csv
reproduce,4;6,6-8;k-5th grade,beginner_k_to_5;intermediate_6_to_8,40,43,true,n,elementary_fill+grade4+grade4_week2_item20 | tier2_nawl_academic+nawl_rank_364+bridge_from_beginner_grade_4+grade_estimate_6,intermediate,intermediate,18.035,21.879,11.907,beginner_seed;intermediate_seed,beginner_k_to_5.csv;intermediate_6_to_8.csv
difference,3;6,6-8;k-5th grade,beginner_k_to_5;intermediate_6_to_8,473,212,false,n,tier2_fry_filtered+fry_rank_542+grade3_week29_item15 | tier1_ngsl_general+ngsl_rank_473+buffer_from_beginner_grade_3+intermediate_buffer_addition+grade_estimate_6,intermediate,intermediate,20.408,21.877,9.742,beginner_seed;intermediate_seed,beginner_k_to_5.csv;intermediate_6_to_8.csv
action,3;6,6-8;k-5th grade,beginner_k_to_5;intermediate_6_to_8,474,210,false,n,tier2_fry_filtered+fry_rank_904+grade3_week28_item5 | tier1_ngsl_general+ngsl_rank_474+buffer_from_beginner_grade_3+intermediate_buffer_addition+grade_estimate_6,intermediate,intermediate,21.205,21.874,9.04,beginner_seed;intermediate_seed,beginner_k_to_5.csv;intermediate_6_to_8.csv
simplify,3;6,6-8;k-5th grade,beginner_k_to_5;intermediate_6_to_8,369,42,true,n,elementary_fill+grade3+grade3_week27_item16 | tier2_nawl_academic+nawl_rank_369+bridge_from_beginner_grade_3+grade_estimate_6,intermediate,intermediate,18.03,21.873,11.901,beginner_seed;intermediate_seed,beginner_k_to_5.csv;intermediate_6_to_8.csv
phrase,4;6,6-8;k-5th grade,beginner_k_to_5;intermediate_6_to_8,628,42,true,n,tier2_fry_filtered+fry_rank_628+grade4_week33_item8 | tier1_ngsl_general+ngsl_rank_1795+bridge_from_beginner_grade_4+grade_estimate_6,intermediate,intermediate,18.83,21.873,11.201,beginner_seed;intermediate_seed,beginner_k_to_5.csv;intermediate_6_to_8.csv
producer,2;6,6-8;k-5th grade,beginner_k_to_5;intermediate_6_to_8,32,41,true,n,elementary_fill+grade2+grade2_week2_item16 | tier1_ngsl_general+ngsl_rank_1804+buffer_from_beginner_grade_2+intermediate_buffer_addition+grade_estimate_6,intermediate,intermediate,18.025,21.866,11.895,beginner_seed;intermediate_seed,beginner_k_to_5.csv;intermediate_6_to_8.csv
monkey,4;6,6-8;k-5th grade,beginner_k_to_5;intermediate_6_to_8,304,41,true,n,elementary_fill+grade4+grade4_week16_item4 | tier2_nawl_academic+nawl_rank_375+bridge_from_beginner_grade_4+grade_estimate_6,intermediate,intermediate,18.825,21.866,11.195,beginner_seed;intermediate_seed,beginner_k_to_5.csv;intermediate_6_to_8.csv
cattle,4;6,6-8;k-5th grade,beginner_k_to_5;intermediate_6_to_8,381,40,true,n,tier2_fry_filtered+fry_rank_898+grade4_week15_item18 | tier2_nawl_academic+nawl_rank_381+bridge_from_beginner_grade_4+grade_estimate_6,intermediate,intermediate,18.819,21.859,11.189,beginner_seed;intermediate_seed,beginner_k_to_5.csv;intermediate_6_to_8.csv
really,4;6,6-8;k-5th grade,beginner_k_to_5;intermediate_6_to_8,104,870,false,adv,elementary_fill+grade4+grade4_week11_item8 | tier1_ngsl_general+ngsl_rank_104+bridge_from_beginner_grade_4+grade_estimate_6,intermediate,intermediate,21.567,21.856,8.061,beginner_seed;intermediate_seed,beginner_k_to_5.csv;intermediate_6_to_8.csv
publish,4;6,6-8;k-5th grade,beginner_k_to_5;intermediate_6_to_8,9,195,true,v,elementary_fill+grade4+grade4_week22_item14 | tier2_nawl_academic+nawl_rank_9+bridge_from_beginner_grade_4+grade_estimate_6,intermediate,intermediate,18.387,21.849,11.618,beginner_seed;intermediate_seed,beginner_k_to_5.csv;intermediate_6_to_8.csv
urban,2;6,6-8;k-5th grade,beginner_k_to_5;intermediate_6_to_8,108,38,true,n,elementary_fill+grade2+grade2_week7_item12 | tier1_ngsl_general+ngsl_rank_1918+buffer_from_beginner_grade_2+intermediate_buffer_addition+grade_estimate_6,intermediate,intermediate,18.809,21.845,11.177,beginner_seed;intermediate_seed,beginner_k_to_5.csv;intermediate_6_to_8.csv
rural,2;6,6-8;k-5th grade,beginner_k_to_5;intermediate_6_to_8,110,37,true,adj,elementary_fill+grade2+grade2_week7_item14 | tier1_ngsl_general+ngsl_rank_1963+buffer_from_beginner_grade_2+intermediate_buffer_addition+grade_estimate_6,intermediate,intermediate,18.803,21.838,11.17,beginner_seed;intermediate_seed,beginner_k_to_5.csv;intermediate_6_to_8.csv
transmit,4;6,6-8;k-5th grade,beginner_k_to_5;intermediate_6_to_8,314,37,true,n,elementary_fill+grade4+grade4_week16_item14 | tier2_nawl_academic+nawl_rank_418+bridge_from_beginner_grade_4+grade_estimate_6,intermediate,intermediate,18.003,21.838,11.87,beginner_seed;intermediate_seed,beginner_k_to_5.csv;intermediate_6_to_8.csv
plural,4;6,6-8;k-5th grade,beginner_k_to_5;intermediate_6_to_8,435,36,true,adj,tier2_fry_filtered+fry_rank_928+grade4_week29_item13 | tier2_nawl_academic+nawl_rank_435+bridge_from_beginner_grade_4+grade_estimate_6,intermediate,intermediate,18.798,21.83,11.164,beginner_seed;intermediate_seed,beginner_k_to_5.csv;intermediate_6_to_8.csv
solid,2;6,6-8;k-5th grade,beginner_k_to_5;intermediate_6_to_8,220,35,true,n,elementary_fill+grade2+grade2_week14_item12 | tier1_ngsl_general+ngsl_rank_2050+buffer_from_beginner_grade_2+intermediate_buffer_addition+grade_estimate_6,intermediate,intermediate,18.792,21.823,11.157,beginner_seed;intermediate_seed,beginner_k_to_5.csv;intermediate_6_to_8.csv
percent,4;6,6-8;k-5th grade,beginner_k_to_5;intermediate_6_to_8,220,177,true,n,elementary_fill+grade4+grade4_week11_item20 | tier1_ngsl_general+ngsl_rank_549+bridge_from_beginner_grade_4+grade_estimate_6,intermediate,intermediate,18.363,21.817,11.59,beginner_seed;intermediate_seed,beginner_k_to_5.csv;intermediate_6_to_8.csv
sketch,4;6,6-8;k-5th grade,beginner_k_to_5;intermediate_6_to_8,189,33,true,n,elementary_fill+grade4+grade4_week10_item9 | tier2_nawl_academic+nawl_rank_461+bridge_from_beginner_grade_4+grade_estimate_6,intermediate,intermediate,18.78,21.807,11.143,beginner_seed;intermediate_seed,beginner_k_to_5.csv;intermediate_6_to_8.csv
rhythm,5;6,6-8;k-5th grade,beginner_k_to_5;intermediate_6_to_8,468,32,true,n,tier2_fry_filtered+fry_rank_873+grade5_week6_item19 | tier2_nawl_academic+nawl_rank_468+bridge_from_beginner_grade_5+grade_estimate_6,intermediate,intermediate,18.774,21.799,11.136,beginner_seed;intermediate_seed,beginner_k_to_5.csv;intermediate_6_to_8.csv
dictionary,4;6,6-8;k-5th grade,beginner_k_to_5;intermediate_6_to_8,470,32,true,n,tier2_fry_filtered+fry_rank_650+grade4_week35_item10 | tier2_nawl_academic+nawl_rank_470+bridge_from_beginner_grade_4+grade_estimate_6,intermediate,intermediate,17.974,21.799,11.836,beginner_seed;intermediate_seed,beginner_k_to_5.csv;intermediate_6_to_8.csv
basin,4;6,6-8;k-5th grade,beginner_k_to_5;intermediate_6_to_8,48,31,true,n,elementary_fill+grade4+grade4_week3_item8 | tier2_nawl_academic+nawl_rank_489+bridge_from_beginner_grade_4+grade_estimate_6,intermediate,intermediate,18.768,21.79,11.129,beginner_seed;intermediate_seed,beginner_k_to_5.csv;intermediate_6_to_8.csv
leave,3;6,6-8;k-5th grade,beginner_k_to_5;intermediate_6_to_8,126,699,false,v,tier2_fry_filtered+fry_rank_297+grade3_week20_item3 | tier1_ngsl_general+ngsl_rank_126+buffer_from_beginner_grade_3+intermediate_buffer_addition+grade_estimate_6,intermediate,intermediate,21.51,21.781,7.995,beginner_seed;intermediate_seed,beginner_k_to_5.csv;intermediate_6_to_8.csv
formally,3;6,6-8;k-5th grade,beginner_k_to_5;intermediate_6_to_8,470,29,true,adv,elementary_fill+grade3+grade3_week30_item6 | tier2_nawl_academic+nawl_rank_506+bridge_from_beginner_grade_3+grade_estimate_6,intermediate,intermediate,17.955,21.773,11.814,beginner_seed;intermediate_seed,beginner_k_to_5.csv;intermediate_6_to_8.csv
start,3;6,6-8;k-5th grade,beginner_k_to_5;intermediate_6_to_8,27,669,false,v,tier1_dolch+dolch_grade3+fry_overlap+grade3_week4_item2 | tier1_ngsl_general+ngsl_rank_136+buffer_from_beginner_grade_3+intermediate_buffer_addition+grade_estimate_6,intermediate,intermediate,21.499,21.765,7.982,beginner_seed;intermediate_seed,beginner_k_to_5.csv;intermediate_6_to_8.csv
fossil,4;6,6-8;k-5th grade,beginner_k_to_5;intermediate_6_to_8,86,28,true,n,elementary_fill+grade4+grade4_week5_item6 | tier2_nawl_academic+nawl_rank_526+bridge_from_beginner_grade_4+grade_estimate_6,intermediate,intermediate,18.748,21.764,11.106,beginner_seed;intermediate_seed,beginner_k_to_5.csv;intermediate_6_to_8.csv
stack,2;6,6-8;k-5th grade,beginner_k_to_5;intermediate_6_to_8,386,28,true,n,elementary_fill+grade2+grade2_week25_item2 | tier2_nawl_academic+nawl_rank_523+bridge_from_beginner_grade_2+grade_estimate_6,intermediate,intermediate,18.748,21.764,11.106,beginner_seed;intermediate_seed,beginner_k_to_5.csv;intermediate_6_to_8.csv
drift,2;6,6-8;k-5th grade,beginner_k_to_5;intermediate_6_to_8,420,28,true,n,elementary_fill+grade2+grade2_week27_item4 | tier2_nawl_academic+nawl_rank_524+bridge_from_beginner_grade_2+grade_estimate_6,intermediate,intermediate,18.748,21.764,11.106,beginner_seed;intermediate_seed,beginner_k_to_5.csv;intermediate_6_to_8.csv
angle,4;6,6-8;k-5th grade,beginner_k_to_5;intermediate_6_to_8,680,28,true,n,tier2_fry_filtered+fry_rank_680+grade4_week27_item16 | tier1_ngsl_general+ngsl_rank_2338+bridge_from_beginner_grade_4+grade_estimate_6,intermediate,intermediate,18.748,21.764,11.106,beginner_seed;intermediate_seed,beginner_k_to_5.csv;intermediate_6_to_8.csv
something,3;6,6-8;k-5th grade,beginner_k_to_5;intermediate_6_to_8,138,665,false,v,tier2_fry_filtered+fry_rank_233+grade3_week7_item4 | tier1_ngsl_general+ngsl_rank_138+buffer_from_beginner_grade_3+intermediate_buffer_addition+grade_estimate_6,intermediate,intermediate,20.698,21.763,8.681,beginner_seed;intermediate_seed,beginner_k_to_5.csv;intermediate_6_to_8.csv
become,4;6,6-8;k-5th grade,beginner_k_to_5;intermediate_6_to_8,141,654,false,v,tier2_fry_filtered+fry_rank_330+grade4_week3_item10 | tier1_ngsl_general+ngsl_rank_141+bridge_from_beginner_grade_4+grade_estimate_6,intermediate,intermediate,21.493,21.758,7.976,beginner_seed;intermediate_seed,beginner_k_to_5.csv;intermediate_6_to_8.csv
interest,4;6,6-8;k-5th grade,beginner_k_to_5;intermediate_6_to_8,142,653,false,n,tier2_fry_filtered+fry_rank_560+grade4_week26_item10 | tier1_ngsl_general+ngsl_rank_142+bridge_from_beginner_grade_4+grade_estimate_6,intermediate,intermediate,20.693,21.757,8.675,beginner_seed;intermediate_seed,beginner_k_to_5.csv;intermediate_6_to_8.csv
triangle,5;6,6-8;k-5th grade,beginner_k_to_5;intermediate_6_to_8,545,27,true,n,tier2_fry_filtered+fry_rank_919+grade_estimated_from_fry_rank | tier2_nawl_academic+nawl_rank_545+bridge_from_beginner_grade_5+grade_estimate_6,intermediate,intermediate,17.941,21.755,11.798,beginner_seed;intermediate_seed,beginner_k_to_5.csv;intermediate_6_to_8.csv
different,3;6,6-8;k-5th grade,beginner_k_to_5;intermediate_6_to_8,149,636,false,adj,tier2_fry_filtered+fry_rank_171+grade3_week22_item9 | tier1_ngsl_general+ngsl_rank_149+buffer_from_beginner_grade_3+intermediate_buffer_addition+grade_estimate_6,intermediate,intermediate,20.686,21.748,8.667,beginner_seed;intermediate_seed,beginner_k_to_5.csv;intermediate_6_to_8.csv
clinic,5;6,6-8;k-5th grade,beginner_k_to_5;intermediate_6_to_8,266,26,true,adj,elementary_fill+grade5+grade5_week14_item6 | tier2_nawl_academic+nawl_rank_558+bridge_from_beginner_grade_5+grade_estimate_6,intermediate,intermediate,18.734,21.745,11.089,beginner_seed;intermediate_seed,beginner_k_to_5.csv;intermediate_6_to_8.csv
merge,4;6,6-8;k-5th grade,beginner_k_to_5;intermediate_6_to_8,529,26,true,n,elementary_fill+grade4+grade4_week27_item9 | tier2_nawl_academic+nawl_rank_553+bridge_from_beginner_grade_4+grade_estimate_6,intermediate,intermediate,18.734,21.745,11.089,beginner_seed;intermediate_seed,beginner_k_to_5.csv;intermediate_6_to_8.csv
electric,3;6,6-8;k-5th grade,beginner_k_to_5;intermediate_6_to_8,803,26,true,adj,tier2_fry_filtered+fry_rank_803+grade3_week4_item14 | tier1_ngsl_general+ngsl_rank_2420+bridge_from_beginner_grade_3+grade_estimate_6,intermediate,intermediate,17.934,21.745,11.789,beginner_seed;intermediate_seed,beginner_k_to_5.csv;intermediate_6_to_8.csv
average,4;6,6-8;k-5th grade,beginner_k_to_5;intermediate_6_to_8,344,138,true,n,elementary_fill+grade4+grade4_week18_item4 | tier1_ngsl_general+ngsl_rank_690+bridge_from_beginner_grade_4+grade_estimate_6,intermediate,intermediate,18.302,21.736,11.519,beginner_seed;intermediate_seed,beginner_k_to_5.csv;intermediate_6_to_8.csv
composite,5;6,6-8;k-5th grade,beginner_k_to_5;intermediate_6_to_8,139,25,true,n,elementary_fill+grade5+grade5_week7_item19 | tier2_nawl_academic+nawl_rank_584+bridge_from_beginner_grade_5+grade_estimate_6,intermediate,intermediate,17.926,21.735,11.781,beginner_seed;intermediate_seed,beginner_k_to_5.csv;intermediate_6_to_8.csv
momentum,3;6,6-8;k-5th grade,beginner_k_to_5;intermediate_6_to_8,240,25,true,n,elementary_fill+grade3+grade3_week15_item16 | tier2_nawl_academic+nawl_rank_568+bridge_from_beginner_grade_3+grade_estimate_6,intermediate,intermediate,17.926,21.735,11.781,beginner_seed;intermediate_seed,beginner_k_to_5.csv;intermediate_6_to_8.csv
multiply,2;6,6-8;k-5th grade,beginner_k_to_5;intermediate_6_to_8,288,25,true,adv,elementary_fill+grade2+grade2_week18_item16 | tier2_nawl_academic+nawl_rank_571+bridge_from_beginner_grade_2+grade_estimate_6,intermediate,intermediate,17.926,21.735,11.781,beginner_seed;intermediate_seed,beginner_k_to_5.csv;intermediate_6_to_8.csv
rainfall,3;6,6-8;k-5th grade,beginner_k_to_5;intermediate_6_to_8,335,25,true,n,elementary_fill+grade3+grade3_week21_item15 | tier2_nawl_academic+nawl_rank_575+bridge_from_beginner_grade_3+grade_estimate_6,intermediate,intermediate,17.926,21.735,11.781,beginner_seed;intermediate_seed,beginner_k_to_5.csv;intermediate_6_to_8.csv
population,4;6,6-8;k-5th grade,beginner_k_to_5;intermediate_6_to_8,79,134,false,n,elementary_fill+grade4+grade4_week4_item19 | tier1_ngsl_general+ngsl_rank_710+bridge_from_beginner_grade_4+grade_estimate_6,intermediate,intermediate,20.295,21.727,9.611,beginner_seed;intermediate_seed,beginner_k_to_5.csv;intermediate_6_to_8.csv
ancestor,5;6,6-8;k-5th grade,beginner_k_to_5;intermediate_6_to_8,168,24,true,n,elementary_fill+grade5+grade5_week9_item8 | tier2_nawl_academic+nawl_rank_609+bridge_from_beginner_grade_5+grade_estimate_6,intermediate,intermediate,17.919,21.725,11.772,beginner_seed;intermediate_seed,beginner_k_to_5.csv;intermediate_6_to_8.csv
atomic,3;6,6-8;k-5th grade,beginner_k_to_5;intermediate_6_to_8,544,24,true,adj,elementary_fill+grade3+grade3_week34_item16 | tier2_nawl_academic+nawl_rank_603+bridge_from_beginner_grade_3+grade_estimate_6,intermediate,intermediate,18.719,21.725,11.072,beginner_seed;intermediate_seed,beginner_k_to_5.csv;intermediate_6_to_8.csv
never,3;6,6-8;k-5th grade,beginner_k_to_5;intermediate_6_to_8,11,580,false,adv,tier1_dolch+dolch_grade3+fry_overlap+grade3_week35_item3 | tier1_ngsl_general+ngsl_rank_162+buffer_from_beginner_grade_3+intermediate_buffer_addition+grade_estimate_6,intermediate,intermediate,21.463,21.717,7.94,beginner_seed;intermediate_seed,beginner_k_to_5.csv;intermediate_6_to_8.csv
puzzle,4;6,6-8;k-5th grade,beginner_k_to_5;intermediate_6_to_8,150,23,true,n,elementary_fill+grade4+grade4_week8_item10 | tier2_nawl_academic+nawl_rank_615+bridge_from_beginner_grade_4+grade_estimate_6,intermediate,intermediate,18.711,21.715,11.063,beginner_seed;intermediate_seed,beginner_k_to_5.csv;intermediate_6_to_8.csv
gravity,2;6,6-8;k-5th grade,beginner_k_to_5;intermediate_6_to_8,367,23,true,n,elementary_fill+grade2+grade2_week23_item15 | tier2_nawl_academic+nawl_rank_613+bridge_from_beginner_grade_2+grade_estimate_6,intermediate,intermediate,17.911,21.715,12.463,beginner_seed;intermediate_seed,beginner_k_to_5.csv;intermediate_6_to_8.csv
carbon,4;6,6-8;k-5th grade,beginner_k_to_5;intermediate_6_to_8,472,23,true,n,elementary_fill+grade4+grade4_week24_item12 | tier1_ngsl_general+ngsl_rank_2583+bridge_from_beginner_grade_4+grade_estimate_6,intermediate,intermediate,18.711,21.715,11.063,beginner_seed;intermediate_seed,beginner_k_to_5.csv;intermediate_6_to_8.csv
paragraph,2;6,6-8;k-5th grade,beginner_k_to_5;intermediate_6_to_8,589,23,true,n,tier2_fry_filtered+fry_rank_589+grade2_week23_item3 | tier1_ngsl_general+ngsl_rank_2618+buffer_from_beginner_grade_2+intermediate_buffer_addition+grade_estimate_6,intermediate,intermediate,17.911,21.715,11.763,beginner_seed;intermediate_seed,beginner_k_to_5.csv;intermediate_6_to_8.csv
course,4;6,6-8;k-5th grade,beginner_k_to_5;intermediate_6_to_8,164,575,false,n,tier2_fry_filtered+fry_rank_428+grade4_week13_item8 | tier1_ngsl_general+ngsl_rank_164+bridge_from_beginner_grade_4+grade_estimate_6,intermediate,intermediate,21.46,21.714,7.937,beginner_seed;intermediate_seed,beginner_k_to_5.csv;intermediate_6_to_8.csv
nation,3;6,6-8;k-5th grade,beginner_k_to_5;intermediate_6_to_8,637,125,false,n,tier2_fry_filtered+fry_rank_637+grade3_week28_item8 | tier1_ngsl_general+ngsl_rank_767+buffer_from_beginner_grade_3+intermediate_buffer_addition+grade_estimate_6,intermediate,intermediate,21.078,21.704,8.891,beginner_seed;intermediate_seed,beginner_k_to_5.csv;intermediate_6_to_8.csv
statement,5;6,6-8;k-5th grade,beginner_k_to_5;intermediate_6_to_8,757,125,false,n,tier2_fry_filtered+fry_rank_757+grade5_week10_item7 | tier1_ngsl_general+ngsl_rank_769+bridge_from_beginner_grade_5+grade_estimate_6,intermediate,intermediate,20.278,21.704,9.591,beginner_seed;intermediate_seed,beginner_k_to_5.csv;intermediate_6_to_8.csv
fiction,2;6,6-8;k-5th grade,beginner_k_to_5;intermediate_6_to_8,563,22,true,n,elementary_fill+grade2+grade2_week36_item3 | tier1_ngsl_general+ngsl_rank_2679+buffer_from_beginner_grade_2+intermediate_buffer_addition+grade_estimate_6,intermediate,intermediate,17.903,21.704,12.454,beginner_seed;intermediate_seed,beginner_k_to_5.csv;intermediate_6_to_8.csv
agreement,5;6,6-8;k-5th grade,beginner_k_to_5;intermediate_6_to_8,180,122,false,n,elementary_fill+grade5+grade5_week9_item20 | tier1_ngsl_general+ngsl_rank_785+bridge_from_beginner_grade_5+grade_estimate_6,intermediate,intermediate,20.272,21.696,9.584,beginner_seed;intermediate_seed,beginner_k_to_5.csv;intermediate_6_to_8.csv
solution,5;6,6-8;k-5th grade,beginner_k_to_5;intermediate_6_to_8,788,122,false,n,tier2_fry_filtered+fry_rank_936+grade5_week27_item19 | tier1_ngsl_general+ngsl_rank_788+bridge_from_beginner_grade_5+grade_estimate_6,intermediate,intermediate,20.272,21.696,9.584,beginner_seed;intermediate_seed,beginner_k_to_5.csv;intermediate_6_to_8.csv
system,4;6,6-8;k-5th grade,beginner_k_to_5;intermediate_6_to_8,179,545,false,n,tier2_fry_filtered+fry_rank_452+grade4_week16_item2 | tier1_ngsl_general+ngsl_rank_179+bridge_from_beginner_grade_4+grade_estimate_6,intermediate,intermediate,21.447,21.695,7.921,beginner_seed;intermediate_seed,beginner_k_to_5.csv;intermediate_6_to_8.csv
goods,2;6,6-8;k-5th grade,beginner_k_to_5;intermediate_6_to_8,29,21,true,n,elementary_fill+grade2+grade2_week2_item13 | tier2_nawl_academic+nawl_rank_649+bridge_from_beginner_grade_2+grade_estimate_6,intermediate,intermediate,18.695,21.693,11.044,beginner_seed;intermediate_seed,beginner_k_to_5.csv;intermediate_6_to_8.csv
liquid,2;6,6-8;k-5th grade,beginner_k_to_5;intermediate_6_to_8,221,21,true,n,elementary_fill+grade2+grade2_week14_item13 | tier1_ngsl_general+ngsl_rank_2692+buffer_from_beginner_grade_2+intermediate_buffer_addition+grade_estimate_6,intermediate,intermediate,18.695,21.693,11.044,beginner_seed;intermediate_seed,beginner_k_to_5.csv;intermediate_6_to_8.csv
artistic,4;6,6-8;k-5th grade,beginner_k_to_5;intermediate_6_to_8,476,21,true,adj,elementary_fill+grade4+grade4_week24_item16 | tier2_nawl_academic+nawl_rank_638+bridge_from_beginner_grade_4+grade_estimate_6,intermediate,intermediate,17.895,21.693,11.744,beginner_seed;intermediate_seed,beginner_k_to_5.csv;intermediate_6_to_8.csv
movement,4;6,6-8;k-5th grade,beginner_k_to_5;intermediate_6_to_8,803,119,false,n,tier2_fry_filtered+fry_rank_847+grade4_week6_item16 | tier1_ngsl_general+ngsl_rank_803+bridge_from_beginner_grade_4+grade_estimate_6,intermediate,intermediate,20.266,21.688,9.577,beginner_seed;intermediate_seed,beginner_k_to_5.csv;intermediate_6_to_8.csv
indicate,5;6,6-8;k-5th grade,beginner_k_to_5;intermediate_6_to_8,819,116,false,v,tier2_fry_filtered+fry_rank_835+grade5_week18_item5 | tier1_ngsl_general+ngsl_rank_819+bridge_from_beginner_grade_5+grade_estimate_6,intermediate,intermediate,20.26,21.68,9.57,beginner_seed;intermediate_seed,beginner_k_to_5.csv;intermediate_6_to_8.csv
follow,3;6,6-8;k-5th grade,beginner_k_to_5;intermediate_6_to_8,141,521,false,v,tier2_fry_filtered+fry_rank_141+grade3_week4_item7 | tier1_ngsl_general+ngsl_rank_188+buffer_from_beginner_grade_3+intermediate_buffer_addition+grade_estimate_6,intermediate,intermediate,21.435,21.68,7.908,beginner_seed;intermediate_seed,beginner_k_to_5.csv;intermediate_6_to_8.csv
begin,3;6,6-8;k-5th grade,beginner_k_to_5;intermediate_6_to_8,189,518,false,v,tier2_fry_filtered+fry_rank_239+grade3_week8_item5 | tier1_ngsl_general+ngsl_rank_189+buffer_from_beginner_grade_3+intermediate_buffer_addition+grade_estimate_6,intermediate,intermediate,21.434,21.678,7.906,beginner_seed;intermediate_seed,beginner_k_to_5.csv;intermediate_6_to_8.csv
important,3;6,6-8;k-5th grade,beginner_k_to_5;intermediate_6_to_8,190,518,false,adj,tier2_fry_filtered+fry_rank_250+grade3_week11_item1 | tier1_ngsl_general+ngsl_rank_190+buffer_from_beginner_grade_3+intermediate_buffer_addition+grade_estimate_6,intermediate,intermediate,20.634,21.678,8.606,beginner_seed;intermediate_seed,beginner_k_to_5.csv;intermediate_6_to_8.csv
organize,3;6,6-8;k-5th grade,beginner_k_to_5;intermediate_6_to_8,383,115,false,n,elementary_fill+grade3+grade3_week24_item15 | tier1_ngsl_general+ngsl_rank_824+buffer_from_beginner_grade_3+intermediate_buffer_addition+grade_estimate_6,intermediate,intermediate,20.258,21.678,9.568,beginner_seed;intermediate_seed,beginner_k_to_5.csv;intermediate_6_to_8.csv
migrate,3;6,6-8;k-5th grade,beginner_k_to_5;intermediate_6_to_8,14,19,true,n,elementary_fill+grade3+grade3_week1_item14 | tier2_nawl_academic+nawl_rank_675+bridge_from_beginner_grade_3+grade_estimate_6,intermediate,intermediate,17.877,21.67,12.424,beginner_seed;intermediate_seed,beginner_k_to_5.csv;intermediate_6_to_8.csv
fever,3;6,6-8;k-5th grade,beginner_k_to_5;intermediate_6_to_8,551,19,true,n,elementary_fill+grade3+grade3_week35_item7 | tier2_nawl_academic+nawl_rank_671+bridge_from_beginner_grade_3+grade_estimate_6,intermediate,intermediate,18.677,21.67,11.024,beginner_seed;intermediate_seed,beginner_k_to_5.csv;intermediate_6_to_8.csv
early,4;6,6-8;k-5th grade,beginner_k_to_5;intermediate_6_to_8,197,499,false,adv,tier2_fry_filtered+fry_rank_348+grade4_week5_item8 | tier1_ngsl_general+ngsl_rank_197+bridge_from_beginner_grade_4+grade_estimate_6,intermediate,intermediate,21.424,21.665,7.895,beginner_seed;intermediate_seed,beginner_k_to_5.csv;intermediate_6_to_8.csv
associate,5;6,6-8;k-5th grade,beginner_k_to_5;intermediate_6_to_8,254,110,false,n,elementary_fill+grade5+grade5_week13_item14 | tier1_ngsl_general+ngsl_rank_857+bridge_from_beginner_grade_5+grade_estimate_6,intermediate,intermediate,20.248,21.663,9.555,beginner_seed;intermediate_seed,beginner_k_to_5.csv;intermediate_6_to_8.csv
positive,4;6,6-8;k-5th grade,beginner_k_to_5;intermediate_6_to_8,401,110,false,adj,elementary_fill+grade4+grade4_week21_item1 | tier1_ngsl_general+ngsl_rank_859+bridge_from_beginner_grade_4+grade_estimate_6,intermediate,intermediate,20.248,21.663,9.555,beginner_seed;intermediate_seed,beginner_k_to_5.csv;intermediate_6_to_8.csv
solar,3;6,6-8;k-5th grade,beginner_k_to_5;intermediate_6_to_8,349,18,true,n,elementary_fill+grade3+grade3_week22_item13 | tier2_ngsl_nawl_overlap+ngsl_rank_2796+nawl_rank_680+bridge_from_beginner_grade_3+grade_estimate_6,intermediate,intermediate,18.668,21.658,11.013,beginner_seed;intermediate_seed,beginner_k_to_5.csv;intermediate_6_to_8.csv
bubble,4;6,6-8;k-5th grade,beginner_k_to_5;intermediate_6_to_8,431,18,true,n,elementary_fill+grade4+grade4_week22_item11 | tier2_nawl_academic+nawl_rank_683+bridge_from_beginner_grade_4+grade_estimate_6,intermediate,intermediate,18.668,21.658,11.013,beginner_seed;intermediate_seed,beginner_k_to_5.csv;intermediate_6_to_8.csv
argument,3;6,6-8;k-5th grade,beginner_k_to_5;intermediate_6_to_8,509,107,false,n,elementary_fill+grade3+grade3_week32_item13 | tier1_ngsl_general+ngsl_rank_879+buffer_from_beginner_grade_3+intermediate_buffer_addition+grade_estimate_6,intermediate,intermediate,20.241,21.655,9.548,beginner_seed;intermediate_seed,beginner_k_to_5.csv;intermediate_6_to_8.csv
separate,5;6,6-8;k-5th grade,beginner_k_to_5;intermediate_6_to_8,791,106,false,adj,tier2_fry_filtered+fry_rank_791+grade5_week13_item11 | tier1_ngsl_general+ngsl_rank_890+bridge_from_beginner_grade_5+grade_estimate_6,intermediate,intermediate,20.239,21.652,9.545,beginner_seed;intermediate_seed,beginner_k_to_5.csv;intermediate_6_to_8.csv
friend,4;6,6-8;k-5th grade,beginner_k_to_5;intermediate_6_to_8,43,468,false,n,elementary_fill+grade4+grade4_week3_item3 | tier1_ngsl_general+ngsl_rank_208+bridge_from_beginner_grade_4+grade_estimate_6,intermediate,intermediate,21.408,21.644,7.876,beginner_seed;intermediate_seed,beginner_k_to_5.csv;intermediate_6_to_8.csv
business,5;6,6-8;k-5th grade,beginner_k_to_5;intermediate_6_to_8,211,464,false,n,tier2_fry_filtered+fry_rank_790+grade5_week13_item10 | tier1_ngsl_general+ngsl_rank_211+bridge_from_beginner_grade_5+grade_estimate_6,intermediate,intermediate,20.605,21.641,8.573,beginner_seed;intermediate_seed,beginner_k_to_5.csv;intermediate_6_to_8.csv
order,4;6,6-8;k-5th grade,beginner_k_to_5;intermediate_6_to_8,215,456,false,n,tier2_fry_filtered+fry_rank_326+grade4_week3_item6 | tier1_ngsl_general+ngsl_rank_215+bridge_from_beginner_grade_4+grade_estimate_6,intermediate,intermediate,21.401,21.635,7.868,beginner_seed;intermediate_seed,beginner_k_to_5.csv;intermediate_6_to_8.csv
market,3;6,6-8;k-5th grade,beginner_k_to_5;intermediate_6_to_8,219,450,false,n,elementary_fill+grade3+grade3_week25_item5 | tier1_ngsl_general+ngsl_rank_219+buffer_from_beginner_grade_3+intermediate_buffer_addition+grade_estimate_6,intermediate,intermediate,21.398,21.63,7.864,beginner_seed;intermediate_seed,beginner_k_to_5.csv;intermediate_6_to_8.csv
responsibility,4;6,6-8;k-5th grade,beginner_k_to_5;intermediate_6_to_8,520,97,false,n,elementary_fill+grade4+grade4_week26_item20 | tier1_ngsl_general+ngsl_rank_962+bridge_from_beginner_grade_4+grade_estimate_6,intermediate,intermediate,20.218,21.624,11.021,beginner_seed;intermediate_seed,beginner_k_to_5.csv;intermediate_6_to_8.csv
university,4;6,6-8;k-5th grade,beginner_k_to_5;intermediate_6_to_8,404,96,false,n,elementary_fill+grade4+grade4_week21_item4 | tier1_ngsl_general+ngsl_rank_968+bridge_from_beginner_grade_4+grade_estimate_6,intermediate,intermediate,20.215,21.62,9.518,beginner_seed;intermediate_seed,beginner_k_to_5.csv;intermediate_6_to_8.csv
partial,4;6,6-8;k-5th grade,beginner_k_to_5;intermediate_6_to_8,60,94,true,adj,elementary_fill+grade4+grade4_week5_item14 | tier2_nawl_academic+nawl_rank_60+bridge_from_beginner_grade_4+grade_estimate_6,intermediate,intermediate,18.21,21.614,11.412,beginner_seed;intermediate_seed,beginner_k_to_5.csv;intermediate_6_to_8.csv
increase,5;6,6-8;k-5th grade,beginner_k_to_5;intermediate_6_to_8,230,425,false,v,tier2_fry_filtered+fry_rank_786+grade5_week13_item6 | tier1_ngsl_general+ngsl_rank_230+bridge_from_beginner_grade_5+grade_estimate_6,intermediate,intermediate,20.583,21.611,8.547,beginner_seed;intermediate_seed,beginner_k_to_5.csv;intermediate_6_to_8.csv
result,4;6,6-8;k-5th grade,beginner_k_to_5;intermediate_6_to_8,233,424,false,n,tier2_fry_filtered+fry_rank_612+grade4_week32_item2 | tier1_ngsl_general+ngsl_rank_233+bridge_from_beginner_grade_4+grade_estimate_6,intermediate,intermediate,21.382,21.61,7.846,beginner_seed;intermediate_seed,beginner_k_to_5.csv;intermediate_6_to_8.csv
estimate,5;6,6-8;k-5th grade,beginner_k_to_5;intermediate_6_to_8,253,92,false,n,elementary_fill+grade5+grade5_week13_item13 | tier1_ngsl_general+ngsl_rank_999+bridge_from_beginner_grade_5+grade_estimate_6,intermediate,intermediate,20.205,21.607,9.506,beginner_seed;intermediate_seed,beginner_k_to_5.csv;intermediate_6_to_8.csv
fungus,5;6,6-8;k-5th grade,beginner_k_to_5;intermediate_6_to_8,291,14,true,n,elementary_fill+grade5+grade5_week15_item11 | tier2_nawl_academic+nawl_rank_751+bridge_from_beginner_grade_5+grade_estimate_6,intermediate,intermediate,18.628,21.604,10.966,beginner_seed;intermediate_seed,beginner_k_to_5.csv;intermediate_6_to_8.csv
close,3;6,6-8;k-5th grade,beginner_k_to_5;intermediate_6_to_8,232,416,false,v,tier2_fry_filtered+fry_rank_232+grade3_week7_item3 | tier1_ngsl_general+ngsl_rank_239+buffer_from_beginner_grade_3+intermediate_buffer_addition+grade_estimate_6,intermediate,intermediate,21.378,21.604,7.841,beginner_seed;intermediate_seed,beginner_k_to_5.csv;intermediate_6_to_8.csv
famous,5;6,6-8;k-5th grade,beginner_k_to_5;intermediate_6_to_8,844,89,false,adj,tier2_fry_filtered+fry_rank_844+grade5_week19_item4 | tier1_ngsl_general+ngsl_rank_1017+bridge_from_beginner_grade_5+grade_estimate_6,intermediate,intermediate,20.997,21.597,8.797,beginner_seed;intermediate_seed,beginner_k_to_5.csv;intermediate_6_to_8.csv
understand,4;6,6-8;k-5th grade,beginner_k_to_5;intermediate_6_to_8,243,403,false,n,tier2_fry_filtered+fry_rank_460+grade4_week16_item10 | tier1_ngsl_general+ngsl_rank_243+bridge_from_beginner_grade_4+grade_estimate_6,intermediate,intermediate,20.57,21.593,8.531,beginner_seed;intermediate_seed,beginner_k_to_5.csv;intermediate_6_to_8.csv
punish,3;6,6-8;k-5th grade,beginner_k_to_5;intermediate_6_to_8,12,13,true,adj,elementary_fill+grade3+grade3_week1_item12 | tier2_nawl_academic+nawl_rank_765+bridge_from_beginner_grade_3+grade_estimate_6,intermediate,intermediate,18.617,21.589,10.953,beginner_seed;intermediate_seed,beginner_k_to_5.csv;intermediate_6_to_8.csv
goodness,2;6,6-8;k-5th grade,beginner_k_to_5;intermediate_6_to_8,535,13,true,n,elementary_fill+grade2+grade2_week34_item7 | tier2_nawl_academic+nawl_rank_771+bridge_from_beginner_grade_2+grade_estimate_6,intermediate,intermediate,17.817,21.589,11.653,beginner_seed;intermediate_seed,beginner_k_to_5.csv;intermediate_6_to_8.csv
nucleus,5;6,6-8;k-5th grade,beginner_k_to_5;intermediate_6_to_8,78,86,true,n,elementary_fill+grade5+grade5_week14_item15 | tier2_nawl_academic+nawl_rank_78+bridge_from_beginner_grade_5+grade_estimate_6,intermediate,intermediate,18.189,21.586,11.388,beginner_seed;intermediate_seed,beginner_k_to_5.csv;intermediate_6_to_8.csv
expensive,5;6,6-8;k-5th grade,beginner_k_to_5;intermediate_6_to_8,409,85,false,adj,elementary_fill+grade5+grade5_week21_item9 | tier1_ngsl_general+ngsl_rank_1061+bridge_from_beginner_grade_5+grade_estimate_6,intermediate,intermediate,20.187,21.582,9.484,beginner_seed;intermediate_seed,beginner_k_to_5.csv;intermediate_6_to_8.csv
executive,4;6,6-8;k-5th grade,beginner_k_to_5;intermediate_6_to_8,636,85,false,adj,elementary_fill+grade4+grade4_week32_item16 | tier1_ngsl_general+ngsl_rank_1059+bridge_from_beginner_grade_4+grade_estimate_6,intermediate,intermediate,20.187,21.582,9.484,beginner_seed;intermediate_seed,beginner_k_to_5.csv;intermediate_6_to_8.csv
reason,4;6,6-8;k-5th grade,beginner_k_to_5;intermediate_6_to_8,256,383,false,n,tier2_fry_filtered+fry_rank_558+grade4_week26_item8 | tier1_ngsl_general+ngsl_rank_256+bridge_from_beginner_grade_4+grade_estimate_6,intermediate,intermediate,21.357,21.576,7.816,beginner_seed;intermediate_seed,beginner_k_to_5.csv;intermediate_6_to_8.csv
negative,4;6,6-8;k-5th grade,beginner_k_to_5;intermediate_6_to_8,402,83,false,adj,elementary_fill+grade4+grade4_week21_item2 | tier1_ngsl_general+ngsl_rank_1086+bridge_from_beginner_grade_4+grade_estimate_6,intermediate,intermediate,20.181,21.575,9.478,beginner_seed;intermediate_seed,beginner_k_to_5.csv;intermediate_6_to_8.csv
collection,4;6,6-8;k-5th grade,beginner_k_to_5;intermediate_6_to_8,652,83,false,n,elementary_fill+grade4+grade4_week33_item12 | tier1_ngsl_general+ngsl_rank_1084+bridge_from_beginner_grade_4+grade_estimate_6,intermediate,intermediate,20.181,21.575,9.478,beginner_seed;intermediate_seed,beginner_k_to_5.csv;intermediate_6_to_8.csv
apple,2;6,6-8;k-5th grade,beginner_k_to_5;intermediate_6_to_8,785,12,true,n,tier2_fry_filtered+fry_rank_983+grade2_week31_item16 | tier2_nawl_academic+nawl_rank_785+bridge_from_beginner_grade_2+grade_estimate_6,intermediate,intermediate,18.605,21.574,10.94,beginner_seed;intermediate_seed,beginner_k_to_5.csv;intermediate_6_to_8.csv
level,5;6,6-8;k-5th grade,beginner_k_to_5;intermediate_6_to_8,262,373,false,n,tier2_fry_filtered+fry_rank_918+grade5_week26_item8 | tier1_ngsl_general+ngsl_rank_262+bridge_from_beginner_grade_5+grade_estimate_6,intermediate,intermediate,21.35,21.567,7.808,beginner_seed;intermediate_seed,beginner_k_to_5.csv;intermediate_6_to_8.csv
member,4;6,6-8;k-5th grade,beginner_k_to_5;intermediate_6_to_8,266,364,false,n,elementary_fill+grade4+grade4_week23_item5 | tier1_ngsl_general+ngsl_rank_266+bridge_from_beginner_grade_4+grade_estimate_6,intermediate,intermediate,21.344,21.558,7.801,beginner_seed;intermediate_seed,beginner_k_to_5.csv;intermediate_6_to_8.csv
subtract,2;6,6-8;k-5th grade,beginner_k_to_5;intermediate_6_to_8,92,11,true,n,elementary_fill+grade2+grade2_week6_item12 | tier2_nawl_academic+nawl_rank_808+bridge_from_beginner_grade_2+grade_estimate_6,intermediate,intermediate,17.793,21.558,11.626,beginner_seed;intermediate_seed,beginner_k_to_5.csv;intermediate_6_to_8.csv
minus,4;6,6-8;k-5th grade,beginner_k_to_5;intermediate_6_to_8,205,11,true,n,elementary_fill+grade4+grade4_week11_item5 | tier2_nawl_academic+nawl_rank_805+bridge_from_beginner_grade_4+grade_estimate_6,intermediate,intermediate,18.593,21.558,10.926,beginner_seed;intermediate_seed,beginner_k_to_5.csv;intermediate_6_to_8.csv
blank,2;6,6-8;k-5th grade,beginner_k_to_5;intermediate_6_to_8,410,11,true,n,elementary_fill+grade2+grade2_week26_item10 | tier2_nawl_academic+nawl_rank_795+bridge_from_beginner_grade_2+grade_estimate_6,intermediate,intermediate,18.593,21.558,10.926,beginner_seed;intermediate_seed,beginner_k_to_5.csv;intermediate_6_to_8.csv
quite,4;6,6-8;k-5th grade,beginner_k_to_5;intermediate_6_to_8,277,354,false,adv,tier2_fry_filtered+fry_rank_638+grade4_week34_item8 | tier1_ngsl_general+ngsl_rank_277+bridge_from_beginner_grade_4+grade_estimate_6,intermediate,intermediate,21.337,21.549,7.793,beginner_seed;intermediate_seed,beginner_k_to_5.csv;intermediate_6_to_8.csv
least,3;6,6-8;k-5th grade,beginner_k_to_5;intermediate_6_to_8,281,350,false,n,tier2_fry_filtered+fry_rank_702+grade3_week5_item11 | tier1_ngsl_general+ngsl_rank_281+buffer_from_beginner_grade_3+intermediate_buffer_addition+grade_estimate_6,intermediate,intermediate,21.334,21.545,7.789,beginner_seed;intermediate_seed,beginner_k_to_5.csv;intermediate_6_to_8.csv
marble,4;6,6-8;k-5th grade,beginner_k_to_5;intermediate_6_to_8,474,10,true,n,elementary_fill+grade4+grade4_week24_item14 | tier2_nawl_academic+nawl_rank_821+bridge_from_beginner_grade_4+grade_estimate_6,intermediate,intermediate,18.581,21.541,10.911,beginner_seed;intermediate_seed,beginner_k_to_5.csv;intermediate_6_to_8.csv
axis,4;6,6-8;k-5th grade,beginner_k_to_5;intermediate_6_to_8,114,74,true,n,elementary_fill+grade4+grade4_week16_item19 | tier2_nawl_academic+nawl_rank_114+bridge_from_beginner_grade_4+grade_estimate_6,intermediate,intermediate,19.955,21.539,11.347,beginner_seed;intermediate_seed,beginner_k_to_5.csv;intermediate_6_to_8.csv
public,4;6,6-8;k-5th grade,beginner_k_to_5;intermediate_6_to_8,287,343,false,adj,elementary_fill+grade4+grade4_week18_item16 | tier1_ngsl_general+ngsl_rank_287+bridge_from_beginner_grade_4+grade_estimate_6,intermediate,intermediate,21.329,21.538,7.783,beginner_seed;intermediate_seed,beginner_k_to_5.csv;intermediate_6_to_8.csv
often,3;6,6-8;k-5th grade,beginner_k_to_5;intermediate_6_to_8,248,341,false,adv,tier2_fry_filtered+fry_rank_248+grade3_week10_item4 | tier1_ngsl_general+ngsl_rank_288+buffer_from_beginner_grade_3+intermediate_buffer_addition+grade_estimate_6,intermediate,intermediate,21.327,21.536,7.782,beginner_seed;intermediate_seed,beginner_k_to_5.csv;intermediate_6_to_8.csv
train,4;6,6-8;k-5th grade,beginner_k_to_5;intermediate_6_to_8,289,338,false,n,tier2_fry_filtered+fry_rank_536+grade4_week24_item6 | tier1_ngsl_general+ngsl_rank_289+bridge_from_beginner_grade_4+grade_estimate_6,intermediate,intermediate,21.325,21.533,7.779,beginner_seed;intermediate_seed,beginner_k_to_5.csv;intermediate_6_to_8.csv
possible,5;6,6-8;k-5th grade,beginner_k_to_5;intermediate_6_to_8,290,337,false,adj,tier2_fry_filtered+fry_rank_661+grade5_week4_item13 | tier1_ngsl_general+ngsl_rank_290+bridge_from_beginner_grade_5+grade_estimate_6,intermediate,intermediate,20.524,21.532,8.478,beginner_seed;intermediate_seed,beginner_k_to_5.csv;intermediate_6_to_8.csv
actually,3;6,6-8;k-5th grade,beginner_k_to_5;intermediate_6_to_8,291,337,false,adv,tier2_fry_filtered+fry_rank_942+grade3_week30_item3 | tier1_ngsl_general+ngsl_rank_291+buffer_from_beginner_grade_3+intermediate_buffer_addition+grade_estimate_6,intermediate,intermediate,20.524,21.532,8.478,beginner_seed;intermediate_seed,beginner_k_to_5.csv;intermediate_6_to_8.csv
rather,4;6,6-8;k-5th grade,beginner_k_to_5;intermediate_6_to_8,292,336,false,adv,tier2_fry_filtered+fry_rank_829+grade4_week2_item5 | tier1_ngsl_general+ngsl_rank_292+bridge_from_beginner_grade_4+grade_estimate_6,intermediate,intermediate,21.323,21.531,7.777,beginner_seed;intermediate_seed,beginner_k_to_5.csv;intermediate_6_to_8.csv
together,3;6,6-8;k-5th grade,beginner_k_to_5;intermediate_6_to_8,36,334,false,adv,tier1_dolch+dolch_grade3+fry_overlap+grade3_week10_item1 | tier1_ngsl_general+ngsl_rank_294+buffer_from_beginner_grade_3+intermediate_buffer_addition+grade_estimate_6,intermediate,intermediate,20.522,21.529,8.476,beginner_seed;intermediate_seed,beginner_k_to_5.csv;intermediate_6_to_8.csv
consider,5;6,6-8;k-5th grade,beginner_k_to_5;intermediate_6_to_8,295,334,false,v,tier2_fry_filtered+fry_rank_858+grade_estimated_from_fry_rank | tier1_ngsl_general+ngsl_rank_295+bridge_from_beginner_grade_5+grade_estimate_6,intermediate,intermediate,20.522,21.529,8.476,beginner_seed;intermediate_seed,beginner_k_to_5.csv;intermediate_6_to_8.csv
reaction,4;6,6-8;k-5th grade,beginner_k_to_5;intermediate_6_to_8,672,71,false,n,elementary_fill+grade4+grade4_week34_item12 | tier1_ngsl_general+ngsl_rank_1231+bridge_from_beginner_grade_4+grade_estimate_6,intermediate,intermediate,20.145,21.527,9.436,beginner_seed;intermediate_seed,beginner_k_to_5.csv;intermediate_6_to_8.csv
delta,3;6,6-8;k-5th grade,beginner_k_to_5;intermediate_6_to_8,269,9,true,n,elementary_fill+grade3+grade3_week17_item13 | tier2_nawl_academic+nawl_rank_829+bridge_from_beginner_grade_3+grade_estimate_6,intermediate,intermediate,18.567,21.523,10.895,beginner_seed;intermediate_seed,beginner_k_to_5.csv;intermediate_6_to_8.csv
ghost,4;6,6-8;k-5th grade,beginner_k_to_5;intermediate_6_to_8,368,9,true,n,elementary_fill+grade4+grade4_week19_item8 | tier2_nawl_academic+nawl_rank_833+bridge_from_beginner_grade_4+grade_estimate_6,intermediate,intermediate,18.567,21.523,10.895,beginner_seed;intermediate_seed,beginner_k_to_5.csv;intermediate_6_to_8.csv
plus,4;6,6-8;k-5th grade,beginner_k_to_5;intermediate_6_to_8,206,70,true,n,elementary_fill+grade4+grade4_week11_item6 | tier1_ngsl_general+ngsl_rank_1256+bridge_from_beginner_grade_4+grade_estimate_6,intermediate,intermediate,19.942,21.522,11.332,beginner_seed;intermediate_seed,beginner_k_to_5.csv;intermediate_6_to_8.csv
expression,4;6,6-8;k-5th grade,beginner_k_to_5;intermediate_6_to_8,599,70,false,n,elementary_fill+grade4+grade4_week30_item19 | tier1_ngsl_general+ngsl_rank_1255+bridge_from_beginner_grade_4+grade_estimate_6,intermediate,intermediate,20.142,21.522,9.432,beginner_seed;intermediate_seed,beginner_k_to_5.csv;intermediate_6_to_8.csv
local,3;6,6-8;k-5th grade,beginner_k_to_5;intermediate_6_to_8,300,321,false,adj,elementary_fill+grade3+grade3_week35_item12 | tier1_ngsl_general+ngsl_rank_300+buffer_from_beginner_grade_3+intermediate_buffer_addition+grade_estimate_6,intermediate,intermediate,21.312,21.516,7.764,beginner_seed;intermediate_seed,beginner_k_to_5.csv;intermediate_6_to_8.csv
suggestion,4;6,6-8;k-5th grade,beginner_k_to_5;intermediate_6_to_8,695,68,false,n,elementary_fill+grade4+grade4_week35_item15 | tier1_ngsl_general+ngsl_rank_1284+bridge_from_beginner_grade_4+grade_estimate_6,intermediate,intermediate,20.135,21.514,9.424,beginner_seed;intermediate_seed,beginner_k_to_5.csv;intermediate_6_to_8.csv
continue,5;6,6-8;k-5th grade,beginner_k_to_5;intermediate_6_to_8,87,314,false,n,elementary_fill+grade5+grade5_week5_item7 | tier1_ngsl_general+ngsl_rank_308+bridge_from_beginner_grade_5+grade_estimate_6,intermediate,intermediate,20.506,21.508,8.457,beginner_seed;intermediate_seed,beginner_k_to_5.csv;intermediate_6_to_8.csv
expect,5;6,6-8;k-5th grade,beginner_k_to_5;intermediate_6_to_8,314,311,false,v,tier2_fry_filtered+fry_rank_837+grade5_week18_item7 | tier1_ngsl_general+ngsl_rank_314+bridge_from_beginner_grade_5+grade_estimate_6,intermediate,intermediate,21.304,21.505,7.755,beginner_seed;intermediate_seed,beginner_k_to_5.csv;intermediate_6_to_8.csv
effect,5;6,6-8;k-5th grade,beginner_k_to_5;intermediate_6_to_8,315,311,false,n,tier2_fry_filtered+fry_rank_998+grade5_week34_item8 | tier1_ngsl_general+ngsl_rank_315+bridge_from_beginner_grade_5+grade_estimate_6,intermediate,intermediate,21.304,21.505,7.755,beginner_seed;intermediate_seed,beginner_k_to_5.csv;intermediate_6_to_8.csv
insurance,5;6,6-8;k-5th grade,beginner_k_to_5;intermediate_6_to_8,223,66,false,n,elementary_fill+grade5+grade5_week12_item3 | tier1_ngsl_general+ngsl_rank_1314+bridge_from_beginner_grade_5+grade_estimate_6,intermediate,intermediate,20.128,21.505,9.417,beginner_seed;intermediate_seed,beginner_k_to_5.csv;intermediate_6_to_8.csv
denominator,3;6,6-8;k-5th grade,beginner_k_to_5;intermediate_6_to_8,319,8,true,n,elementary_fill+grade3+grade3_week20_item15 | tier2_nawl_academic+nawl_rank_838+bridge_from_beginner_grade_3+grade_estimate_6,intermediate,intermediate,17.753,21.504,13.079,beginner_seed;intermediate_seed,beginner_k_to_5.csv;intermediate_6_to_8.csv
kilometer,4;6,6-8;k-5th grade,beginner_k_to_5;intermediate_6_to_8,618,8,true,n,elementary_fill+grade4+grade4_week31_item18 | tier2_nawl_academic+nawl_rank_842+bridge_from_beginner_grade_4+grade_estimate_6,intermediate,intermediate,17.753,21.504,11.579,beginner_seed;intermediate_seed,beginner_k_to_5.csv;intermediate_6_to_8.csv
anything,4;6,6-8;k-5th grade,beginner_k_to_5;intermediate_6_to_8,318,310,false,v,tier2_fry_filtered+fry_rank_514+grade4_week22_item4 | tier1_ngsl_general+ngsl_rank_318+bridge_from_beginner_grade_4+grade_estimate_6,intermediate,intermediate,20.503,21.504,8.454,beginner_seed;intermediate_seed,beginner_k_to_5.csv;intermediate_6_to_8.csv
allow,5;6,6-8;k-5th grade,beginner_k_to_5;intermediate_6_to_8,324,305,false,v,tier2_fry_filtered+fry_rank_959+grade5_week30_item9 | tier1_ngsl_general+ngsl_rank_324+bridge_from_beginner_grade_5+grade_estimate_6,intermediate,intermediate,21.299,21.499,7.749,beginner_seed;intermediate_seed,beginner_k_to_5.csv;intermediate_6_to_8.csv
experiment,4;6,6-8;k-5th grade,beginner_k_to_5;intermediate_6_to_8,737,64,false,n,tier2_fry_filtered+fry_rank_737+grade_estimated_from_fry_rank | tier1_ngsl_general+ngsl_rank_1343+bridge_from_beginner_grade_4+grade_estimate_6,intermediate,intermediate,20.122,21.495,9.408,beginner_seed;intermediate_seed,beginner_k_to_5.csv;intermediate_6_to_8.csv
probably,4;6,6-8;k-5th grade,beginner_k_to_5;intermediate_6_to_8,328,299,false,adv,tier2_fry_filtered+fry_rank_550+grade4_week25_item10 | tier1_ngsl_general+ngsl_rank_328+bridge_from_beginner_grade_4+grade_estimate_6,intermediate,intermediate,20.494,21.492,8.443,beginner_seed;intermediate_seed,beginner_k_to_5.csv;intermediate_6_to_8.csv
active,5;6,6-8;k-5th grade,beginner_k_to_5;intermediate_6_to_8,89,63,false,adj,elementary_fill+grade5+grade5_week5_item9 | tier1_ngsl_general+ngsl_rank_1354+bridge_from_beginner_grade_5+grade_estimate_6,intermediate,intermediate,20.918,21.491,8.704,beginner_seed;intermediate_seed,beginner_k_to_5.csv;intermediate_6_to_8.csv
return,4;6,6-8;k-5th grade,beginner_k_to_5;intermediate_6_to_8,337,294,false,n,tier2_fry_filtered+fry_rank_522+grade4_week23_item2 | tier1_ngsl_general+ngsl_rank_337+bridge_from_beginner_grade_4+grade_estimate_6,intermediate,intermediate,21.29,21.486,7.738,beginner_seed;intermediate_seed,beginner_k_to_5.csv;intermediate_6_to_8.csv
monitor,4;6,6-8;k-5th grade,beginner_k_to_5;intermediate_6_to_8,124,62,true,n,elementary_fill+grade4+grade4_week7_item4 | tier1_ngsl_general+ngsl_rank_1377+bridge_from_beginner_grade_4+grade_estimate_6,intermediate,intermediate,18.114,21.486,11.3,beginner_seed;intermediate_seed,beginner_k_to_5.csv;intermediate_6_to_8.csv
oral,2;6,6-8;k-5th grade,beginner_k_to_5;intermediate_6_to_8,175,62,true,adj,elementary_fill+grade2+grade2_week16_item12 | tier2_nawl_academic+nawl_rank_175+bridge_from_beginner_grade_2+grade_estimate_6,intermediate,intermediate,19.914,21.486,11.3,beginner_seed;intermediate_seed,beginner_k_to_5.csv;intermediate_6_to_8.csv
matter,5;6,6-8;k-5th grade,beginner_k_to_5;intermediate_6_to_8,340,290,false,n,tier2_fry_filtered+fry_rank_502+grade5_week5_item17 | tier1_ngsl_general+ngsl_rank_340+bridge_from_beginner_grade_5+grade_estimate_6,intermediate,intermediate,21.286,21.482,7.734,beginner_seed;intermediate_seed,beginner_k_to_5.csv;intermediate_6_to_8.csv
construction,4;6,6-8;k-5th grade,beginner_k_to_5;intermediate_6_to_8,653,61,false,n,elementary_fill+grade4+grade4_week33_item13 | tier1_ngsl_general+ngsl_rank_1400+bridge_from_beginner_grade_4+grade_estimate_6,intermediate,intermediate,20.111,21.481,10.896,beginner_seed;intermediate_seed,beginner_k_to_5.csv;intermediate_6_to_8.csv
office,3;6,6-8;k-5th grade,beginner_k_to_5;intermediate_6_to_8,343,288,false,n,tier2_fry_filtered+fry_rank_949+grade3_week10_item9 | tier1_ngsl_general+ngsl_rank_343+buffer_from_beginner_grade_3+intermediate_buffer_addition+grade_estimate_6,intermediate,intermediate,21.285,21.479,7.732,beginner_seed;intermediate_seed,beginner_k_to_5.csv;intermediate_6_to_8.csv
compact,5;6,6-8;k-5th grade,beginner_k_to_5;intermediate_6_to_8,179,60,true,n,elementary_fill+grade5+grade5_week9_item19 | tier2_nawl_academic+nawl_rank_186+bridge_from_beginner_grade_5+grade_estimate_6,intermediate,intermediate,18.107,21.476,11.292,beginner_seed;intermediate_seed,beginner_k_to_5.csv;intermediate_6_to_8.csv
remember,4;6,6-8;k-5th grade,beginner_k_to_5;intermediate_6_to_8,347,282,false,v,tier2_fry_filtered+fry_rank_347+grade4_week5_item7 | tier1_ngsl_general+ngsl_rank_351+bridge_from_beginner_grade_4+grade_estimate_6,intermediate,intermediate,20.479,21.472,8.426,beginner_seed;intermediate_seed,beginner_k_to_5.csv;intermediate_6_to_8.csv
generate,4;6,6-8;k-5th grade,beginner_k_to_5;intermediate_6_to_8,400,59,false,v,elementary_fill+grade4+grade4_week20_item20 | tier1_ngsl_general+ngsl_rank_1426+bridge_from_beginner_grade_4+grade_estimate_6,intermediate,intermediate,20.103,21.471,9.387,beginner_seed;intermediate_seed,beginner_k_to_5.csv;intermediate_6_to_8.csv
figure,4;6,6-8;k-5th grade,beginner_k_to_5;intermediate_6_to_8,357,278,false,n,tier2_fry_filtered+fry_rank_394+grade4_week9_item15 | tier1_ngsl_general+ngsl_rank_357+bridge_from_beginner_grade_4+grade_estimate_6,intermediate,intermediate,21.276,21.468,7.722,beginner_seed;intermediate_seed,beginner_k_to_5.csv;intermediate_6_to_8.csv
citizen,2;6,6-8;k-5th grade,beginner_k_to_5;intermediate_6_to_8,170,58,true,n,elementary_fill+grade2+grade2_week11_item10 | tier1_ngsl_general+ngsl_rank_1451+buffer_from_beginner_grade_2+intermediate_buffer_addition+grade_estimate_6,intermediate,intermediate,18.1,21.466,11.283,beginner_seed;intermediate_seed,beginner_k_to_5.csv;intermediate_6_to_8.csv
occasion,4;6,6-8;k-5th grade,beginner_k_to_5;intermediate_6_to_8,689,58,false,n,elementary_fill+grade4+grade4_week35_item9 | tier1_ngsl_general+ngsl_rank_1444+bridge_from_beginner_grade_4+grade_estimate_6,intermediate,intermediate,20.1,21.466,9.383,beginner_seed;intermediate_seed,beginner_k_to_5.csv;intermediate_6_to_8.csv
decide,4;6,6-8;k-5th grade,beginner_k_to_5;intermediate_6_to_8,246,276,false,v,elementary_fill+grade4+grade4_week13_item6 | tier1_ngsl_general+ngsl_rank_359+bridge_from_beginner_grade_4+grade_estimate_6,intermediate,intermediate,21.274,21.465,7.719,beginner_seed;intermediate_seed,beginner_k_to_5.csv;intermediate_6_to_8.csv
nicely,3;6,6-8;k-5th grade,beginner_k_to_5;intermediate_6_to_8,475,6,true,adv,elementary_fill+grade3+grade3_week30_item11 | tier2_nawl_academic+nawl_rank_874+bridge_from_beginner_grade_3+grade_estimate_6,intermediate,intermediate,18.522,21.463,10.843,beginner_seed;intermediate_seed,beginner_k_to_5.csv;intermediate_6_to_8.csv
barrel,4;6,6-8;k-5th grade,beginner_k_to_5;intermediate_6_to_8,495,6,true,n,elementary_fill+grade4+grade4_week25_item15 | tier2_nawl_academic+nawl_rank_872+bridge_from_beginner_grade_4+grade_estimate_6,intermediate,intermediate,18.522,21.463,10.843,beginner_seed;intermediate_seed,beginner_k_to_5.csv;intermediate_6_to_8.csv
sword,4;6,6-8;k-5th grade,beginner_k_to_5;intermediate_6_to_8,549,6,true,n,elementary_fill+grade4+grade4_week28_item9 | tier2_nawl_academic+nawl_rank_869+bridge_from_beginner_grade_4+grade_estimate_6,intermediate,intermediate,18.522,21.463,10.843,beginner_seed;intermediate_seed,beginner_k_to_5.csv;intermediate_6_to_8.csv
liter,4;6,6-8;k-5th grade,beginner_k_to_5;intermediate_6_to_8,680,6,true,n,elementary_fill+grade4+grade4_week34_item20 | tier2_nawl_academic+nawl_rank_878+bridge_from_beginner_grade_4+grade_estimate_6,intermediate,intermediate,18.522,21.463,10.843,beginner_seed;intermediate_seed,beginner_k_to_5.csv;intermediate_6_to_8.csv
participate,4;6,6-8;k-5th grade,beginner_k_to_5;intermediate_6_to_8,519,57,false,n,elementary_fill+grade4+grade4_week26_item19 | tier1_ngsl_general+ngsl_rank_1468+bridge_from_beginner_grade_4+grade_estimate_6,intermediate,intermediate,20.096,21.461,10.878,beginner_seed;intermediate_seed,beginner_k_to_5.csv;intermediate_6_to_8.csv
future,3;6,6-8;k-5th grade,beginner_k_to_5;intermediate_6_to_8,110,266,false,n,elementary_fill+grade3+grade3_week7_item14 | tier1_ngsl_general+ngsl_rank_370+buffer_from_beginner_grade_3+intermediate_buffer_addition+grade_estimate_6,intermediate,intermediate,21.265,21.453,7.709,beginner_seed;intermediate_seed,beginner_k_to_5.csv;intermediate_6_to_8.csv
clear,3;6,6-8;k-5th grade,beginner_k_to_5;intermediate_6_to_8,369,266,false,n,tier2_fry_filtered+fry_rank_472+grade3_week20_item12 | tier1_ngsl_general+ngsl_rank_369+buffer_from_beginner_grade_3+intermediate_buffer_addition+grade_estimate_6,intermediate,intermediate,21.265,21.453,7.709,beginner_seed;intermediate_seed,beginner_k_to_5.csv;intermediate_6_to_8.csv
remain,5;6,6-8;k-5th grade,beginner_k_to_5;intermediate_6_to_8,374,265,false,v,tier2_fry_filtered+fry_rank_696+grade5_week4_item6 | tier1_ngsl_general+ngsl_rank_374+bridge_from_beginner_grade_5+grade_estimate_6,intermediate,intermediate,21.264,21.451,7.708,beginner_seed;intermediate_seed,beginner_k_to_5.csv;intermediate_6_to_8.csv
period,5;6,6-8;k-5th grade,beginner_k_to_5;intermediate_6_to_8,382,259,false,n,tier2_fry_filtered+fry_rank_765+grade5_week11_item5 | tier1_ngsl_general+ngsl_rank_382+bridge_from_beginner_grade_5+grade_estimate_6,intermediate,intermediate,21.258,21.444,7.701,beginner_seed;intermediate_seed,beginner_k_to_5.csv;intermediate_6_to_8.csv
along,3;6,6-8;k-5th grade,beginner_k_to_5;intermediate_6_to_8,230,257,false,n,tier2_fry_filtered+fry_rank_230+grade3_week7_item1 | tier1_ngsl_general+ngsl_rank_388+buffer_from_beginner_grade_3+intermediate_buffer_addition+grade_estimate_6,intermediate,intermediate,21.256,21.441,7.699,beginner_seed;intermediate_seed,beginner_k_to_5.csv;intermediate_6_to_8.csv
airplane,3;6,6-8;k-5th grade,beginner_k_to_5;intermediate_6_to_8,264,5,true,n,elementary_fill+grade3+grade3_week17_item8 | tier2_nawl_academic+nawl_rank_899+bridge_from_beginner_grade_3+grade_estimate_6,intermediate,intermediate,17.706,21.441,11.523,beginner_seed;intermediate_seed,beginner_k_to_5.csv;intermediate_6_to_8.csv
deceive,4;6,6-8;k-5th grade,beginner_k_to_5;intermediate_6_to_8,267,5,true,adj,elementary_fill+grade4+grade4_week14_item7 | tier2_nawl_academic+nawl_rank_901+bridge_from_beginner_grade_4+grade_estimate_6,intermediate,intermediate,17.706,21.441,12.223,beginner_seed;intermediate_seed,beginner_k_to_5.csv;intermediate_6_to_8.csv
bucket,4;6,6-8;k-5th grade,beginner_k_to_5;intermediate_6_to_8,433,5,true,n,elementary_fill+grade4+grade4_week22_item13 | tier2_nawl_academic+nawl_rank_896+bridge_from_beginner_grade_4+grade_estimate_6,intermediate,intermediate,18.506,21.441,10.823,beginner_seed;intermediate_seed,beginner_k_to_5.csv;intermediate_6_to_8.csv
receive,4;6,6-8;k-5th grade,beginner_k_to_5;intermediate_6_to_8,265,254,false,adj,elementary_fill+grade4+grade4_week14_item5 | tier1_ngsl_general+ngsl_rank_396+bridge_from_beginner_grade_4+grade_estimate_6,intermediate,intermediate,20.453,21.437,9.095,beginner_seed;intermediate_seed,beginner_k_to_5.csv;intermediate_6_to_8.csv
graduate,5;6,6-8;k-5th grade,beginner_k_to_5;intermediate_6_to_8,234,52,false,n,elementary_fill+grade5+grade5_week12_item14 | tier1_ngsl_general+ngsl_rank_1548+bridge_from_beginner_grade_5+grade_estimate_6,intermediate,intermediate,20.075,21.434,9.355,beginner_seed;intermediate_seed,beginner_k_to_5.csv;intermediate_6_to_8.csv
appearance,3;6,6-8;k-5th grade,beginner_k_to_5;intermediate_6_to_8,254,52,false,n,elementary_fill+grade3+grade3_week16_item14 | tier1_ngsl_general+ngsl_rank_1568+bridge_from_beginner_grade_3+grade_estimate_6,intermediate,intermediate,20.075,21.434,9.355,beginner_seed;intermediate_seed,beginner_k_to_5.csv;intermediate_6_to_8.csv
combination,3;6,6-8;k-5th grade,beginner_k_to_5;intermediate_6_to_8,441,52,false,n,elementary_fill+grade3+grade3_week28_item9 | tier1_ngsl_general+ngsl_rank_1552+bridge_from_beginner_grade_3+grade_estimate_6,intermediate,intermediate,20.075,21.434,10.855,beginner_seed;intermediate_seed,beginner_k_to_5.csv;intermediate_6_to_8.csv
protection,4;6,6-8;k-5th grade,beginner_k_to_5;intermediate_6_to_8,671,52,false,n,elementary_fill+grade4+grade4_week34_item11 | tier1_ngsl_general+ngsl_rank_1563+bridge_from_beginner_grade_4+grade_estimate_6,intermediate,intermediate,20.075,21.434,9.355,beginner_seed;intermediate_seed,beginner_k_to_5.csv;intermediate_6_to_8.csv
appear,4;6,6-8;k-5th grade,beginner_k_to_5;intermediate_6_to_8,405,248,false,v,tier2_fry_filtered+fry_rank_604+grade_estimated_from_fry_rank | tier1_ngsl_general+ngsl_rank_405+bridge_from_beginner_grade_4+grade_estimate_6,intermediate,intermediate,21.247,21.429,7.688,beginner_seed;intermediate_seed,beginner_k_to_5.csv;intermediate_6_to_8.csv
sense,5;6,6-8;k-5th grade,beginner_k_to_5;intermediate_6_to_8,412,247,false,n,tier2_fry_filtered+fry_rank_841+grade5_week19_item1 | tier1_ngsl_general+ngsl_rank_412+bridge_from_beginner_grade_5+grade_estimate_6,intermediate,intermediate,21.246,21.428,7.687,beginner_seed;intermediate_seed,beginner_k_to_5.csv;intermediate_6_to_8.csv
neutral,4;6,6-8;k-5th grade,beginner_k_to_5;intermediate_6_to_8,93,50,true,adj,elementary_fill+grade4+grade4_week5_item13 | tier2_nawl_academic+nawl_rank_266+bridge_from_beginner_grade_4+grade_estimate_6,intermediate,intermediate,18.067,21.423,11.245,beginner_seed;intermediate_seed,beginner_k_to_5.csv;intermediate_6_to_8.csv
celebrate,4;6,6-8;k-5th grade,beginner_k_to_5;intermediate_6_to_8,119,50,false,n,elementary_fill+grade4+grade4_week6_item19 | tier1_ngsl_general+ngsl_rank_1608+bridge_from_beginner_grade_4+grade_estimate_6,intermediate,intermediate,20.067,21.423,9.345,beginner_seed;intermediate_seed,beginner_k_to_5.csv;intermediate_6_to_8.csv
musical,3;6,6-8;k-5th grade,beginner_k_to_5;intermediate_6_to_8,574,49,true,adj,elementary_fill+grade3+grade3_week36_item14 | tier1_ngsl_general+ngsl_rank_1630+bridge_from_beginner_grade_3+grade_estimate_6,intermediate,intermediate,18.063,21.417,11.24,beginner_seed;intermediate_seed,beginner_k_to_5.csv;intermediate_6_to_8.csv
everything,4;6,6-8;k-5th grade,beginner_k_to_5;intermediate_6_to_8,422,238,false,v,tier2_fry_filtered+fry_rank_624+grade4_week33_item4 | tier1_ngsl_general+ngsl_rank_422+bridge_from_beginner_grade_4+grade_estimate_6,intermediate,intermediate,20.437,21.416,8.376,beginner_seed;intermediate_seed,beginner_k_to_5.csv;intermediate_6_to_8.csv
human,5;6,6-8;k-5th grade,beginner_k_to_5;intermediate_6_to_8,428,235,false,adj,tier2_fry_filtered+fry_rank_798+grade5_week14_item8 | tier1_ngsl_general+ngsl_rank_428+bridge_from_beginner_grade_5+grade_estimate_6,intermediate,intermediate,21.233,21.411,7.672,beginner_seed;intermediate_seed,beginner_k_to_5.csv;intermediate_6_to_8.csv
vision,3;6,6-8;k-5th grade,beginner_k_to_5;intermediate_6_to_8,435,47,false,n,elementary_fill+grade3+grade3_week28_item3 | tier1_ngsl_general+ngsl_rank_1651+bridge_from_beginner_grade_3+grade_estimate_6,intermediate,intermediate,20.854,21.405,8.629,beginner_seed;intermediate_seed,beginner_k_to_5.csv;intermediate_6_to_8.csv
major,5;6,6-8;k-5th grade,beginner_k_to_5;intermediate_6_to_8,438,229,false,adj,tier2_fry_filtered+fry_rank_876+grade5_week22_item6 | tier1_ngsl_general+ngsl_rank_438+bridge_from_beginner_grade_5+grade_estimate_6,intermediate,intermediate,21.227,21.403,7.665,beginner_seed;intermediate_seed,beginner_k_to_5.csv;intermediate_6_to_8.csv
design,5;6,6-8;k-5th grade,beginner_k_to_5;intermediate_6_to_8,441,228,false,n,tier2_fry_filtered+fry_rank_714+grade5_week6_item3 | tier1_ngsl_general+ngsl_rank_441+bridge_from_beginner_grade_5+grade_estimate_6,intermediate,intermediate,21.226,21.401,7.664,beginner_seed;intermediate_seed,beginner_k_to_5.csv;intermediate_6_to_8.csv
sometimes,3;6,6-8;k-5th grade,beginner_k_to_5;intermediate_6_to_8,288,227,false,n,tier2_fry_filtered+fry_rank_288+grade3_week18_item4 | tier1_ngsl_general+ngsl_rank_444+buffer_from_beginner_grade_3+intermediate_buffer_addition+grade_estimate_6,intermediate,intermediate,20.425,21.4,8.362,beginner_seed;intermediate_seed,beginner_k_to_5.csv;intermediate_6_to_8.csv
closure,4;6,6-8;k-5th grade,beginner_k_to_5;intermediate_6_to_8,254,46,true,n,elementary_fill+grade4+grade4_week13_item14 | tier2_nawl_academic+nawl_rank_322+bridge_from_beginner_grade_4+grade_estimate_6,intermediate,intermediate,18.049,21.399,11.224,beginner_seed;intermediate_seed,beginner_k_to_5.csv;intermediate_6_to_8.csv
presentation,4;6,6-8;k-5th grade,beginner_k_to_5;intermediate_6_to_8,715,46,false,n,elementary_fill+grade4+grade4_week36_item15 | tier1_ngsl_general+ngsl_rank_1681+bridge_from_beginner_grade_4+grade_estimate_6,intermediate,intermediate,20.049,21.399,10.824,beginner_seed;intermediate_seed,beginner_k_to_5.csv;intermediate_6_to_8.csv
locally,4;6,6-8;k-5th grade,beginner_k_to_5;intermediate_6_to_8,210,45,true,adv,elementary_fill+grade4+grade4_week11_item10 | tier2_nawl_academic+nawl_rank_339+bridge_from_beginner_grade_4+grade_estimate_6,intermediate,intermediate,18.044,21.392,11.218,beginner_seed;intermediate_seed,beginner_k_to_5.csv;intermediate_6_to_8.csv
pardon,3;6,6-8;k-5th grade,beginner_k_to_5;intermediate_6_to_8,251,3,true,n,elementary_fill+grade3+grade3_week16_item11 | tier2_nawl_academic+nawl_rank_924+bridge_from_beginner_grade_3+grade_estimate_6,intermediate,intermediate,18.468,21.391,10.78,beginner_seed;intermediate_seed,beginner_k_to_5.csv;intermediate_6_to_8.csv
homework,4;6,6-8;k-5th grade,beginner_k_to_5;intermediate_6_to_8,390,3,true,n,elementary_fill+grade4+grade4_week20_item10 | tier2_nawl_academic+nawl_rank_933+bridge_from_beginner_grade_4+grade_estimate_6,intermediate,intermediate,17.668,21.391,11.48,beginner_seed;intermediate_seed,beginner_k_to_5.csv;intermediate_6_to_8.csv
millimeter,4;6,6-8;k-5th grade,beginner_k_to_5;intermediate_6_to_8,619,3,true,n,elementary_fill+grade4+grade4_week31_item19 | tier2_nawl_academic+nawl_rank_925+bridge_from_beginner_grade_4+grade_estimate_6,intermediate,intermediate,17.668,21.391,11.48,beginner_seed;intermediate_seed,beginner_k_to_5.csv;intermediate_6_to_8.csv
describe,4;6,6-8;k-5th grade,beginner_k_to_5;intermediate_6_to_8,457,220,false,v,tier2_fry_filtered+fry_rank_599+grade4_week30_item9 | tier1_ngsl_general+ngsl_rank_457+bridge_from_beginner_grade_4+grade_estimate_6,intermediate,intermediate,20.417,21.389,8.353,beginner_seed;intermediate_seed,beginner_k_to_5.csv;intermediate_6_to_8.csv
available,3;6,6-8;k-5th grade,beginner_k_to_5;intermediate_6_to_8,459,220,false,adj,elementary_fill+grade3+grade3_week31_item4 | tier1_ngsl_general+ngsl_rank_459+buffer_from_beginner_grade_3+intermediate_buffer_addition+grade_estimate_6,intermediate,intermediate,20.417,21.389,8.353,beginner_seed;intermediate_seed,beginner_k_to_5.csv;intermediate_6_to_8.csv
especially,3;6,6-8;k-5th grade,beginner_k_to_5;intermediate_6_to_8,460,220,false,adv,tier2_fry_filtered+fry_rank_940+grade3_week30_item5 | tier1_ngsl_general+ngsl_rank_460+buffer_from_beginner_grade_3+intermediate_buffer_addition+grade_estimate_6,intermediate,intermediate,20.417,21.389,8.353,beginner_seed;intermediate_seed,beginner_k_to_5.csv;intermediate_6_to_8.csv
maybe,4;6,6-8;k-5th grade,beginner_k_to_5;intermediate_6_to_8,464,217,false,adv,tier2_fry_filtered+fry_rank_789+grade4_week2_item2 | tier1_ngsl_general+ngsl_rank_464+bridge_from_beginner_grade_4+grade_estimate_6,intermediate,intermediate,21.214,21.385,7.649,beginner_seed;intermediate_seed,beginner_k_to_5.csv;intermediate_6_to_8.csv
particular,5;6,6-8;k-5th grade,beginner_k_to_5;intermediate_6_to_8,467,215,false,adj,tier2_fry_filtered+fry_rank_887+grade5_week23_item7 | tier1_ngsl_general+ngsl_rank_467+bridge_from_beginner_grade_5+grade_estimate_6,intermediate,intermediate,20.411,21.382,8.347,beginner_seed;intermediate_seed,beginner_k_to_5.csv;intermediate_6_to_8.csv
difficult,5;6,6-8;k-5th grade,beginner_k_to_5;intermediate_6_to_8,470,215,false,n,tier2_fry_filtered+fry_rank_971+grade5_week32_item1 | tier1_ngsl_general+ngsl_rank_470+bridge_from_beginner_grade_5+grade_estimate_6,intermediate,intermediate,20.411,21.382,8.347,beginner_seed;intermediate_seed,beginner_k_to_5.csv;intermediate_6_to_8.csv
settlement,5;6,6-8;k-5th grade,beginner_k_to_5;intermediate_6_to_8,316,43,false,n,elementary_fill+grade5+grade5_week16_item16 | tier1_ngsl_general+ngsl_rank_1766+bridge_from_beginner_grade_5+grade_estimate_6,intermediate,intermediate,20.035,21.379,9.307,beginner_seed;intermediate_seed,beginner_k_to_5.csv;intermediate_6_to_8.csv
themselves,4;6,6-8;k-5th grade,beginner_k_to_5;intermediate_6_to_8,480,207,false,n,tier2_fry_filtered+fry_rank_640+grade4_week34_item10 | tier1_ngsl_general+ngsl_rank_480+bridge_from_beginner_grade_4+grade_estimate_6,intermediate,intermediate,20.402,21.369,8.336,beginner_seed;intermediate_seed,beginner_k_to_5.csv;intermediate_6_to_8.csv
habitat,4;6,6-8;k-5th grade,beginner_k_to_5;intermediate_6_to_8,157,41,true,n,elementary_fill+grade4+grade4_week8_item17 | tier2_nawl_academic+nawl_rank_376+bridge_from_beginner_grade_4+grade_estimate_6,intermediate,intermediate,18.025,21.366,11.195,beginner_seed;intermediate_seed,beginner_k_to_5.csv;intermediate_6_to_8.csv
illustrate,4;6,6-8;k-5th grade,beginner_k_to_5;intermediate_6_to_8,676,41,false,v,elementary_fill+grade4+grade4_week34_item16 | tier1_ngsl_general+ngsl_rank_1817+bridge_from_beginner_grade_4+grade_estimate_6,intermediate,intermediate,20.025,21.366,9.295,beginner_seed;intermediate_seed,beginner_k_to_5.csv;intermediate_6_to_8.csv
raise,3;6,6-8;k-5th grade,beginner_k_to_5;intermediate_6_to_8,40,205,false,n,elementary_fill+grade3+grade3_week3_item8 | tier1_ngsl_general+ngsl_rank_486+buffer_from_beginner_grade_3+intermediate_buffer_addition+grade_estimate_6,intermediate,intermediate,21.199,21.366,7.633,beginner_seed;intermediate_seed,beginner_k_to_5.csv;intermediate_6_to_8.csv
practice,5;6,6-8;k-5th grade,beginner_k_to_5;intermediate_6_to_8,484,205,false,v,tier2_fry_filtered+fry_rank_753+grade5_week10_item3 | tier1_ngsl_general+ngsl_rank_484+bridge_from_beginner_grade_5+grade_estimate_6,intermediate,intermediate,20.399,21.366,8.333,beginner_seed;intermediate_seed,beginner_k_to_5.csv;intermediate_6_to_8.csv
charge,4;6,6-8;k-5th grade,beginner_k_to_5;intermediate_6_to_8,418,197,false,n,elementary_fill+grade4+grade4_week21_item18 | tier1_ngsl_general+ngsl_rank_498+bridge_from_beginner_grade_4+grade_estimate_6,intermediate,intermediate,21.19,21.353,7.621,beginner_seed;intermediate_seed,beginner_k_to_5.csv;intermediate_6_to_8.csv
interaction,3;6,6-8;k-5th grade,beginner_k_to_5;intermediate_6_to_8,542,39,false,n,elementary_fill+grade3+grade3_week34_item14 | tier1_ngsl_general+ngsl_rank_1877+bridge_from_beginner_grade_3+grade_estimate_6,intermediate,intermediate,20.014,21.352,10.783,beginner_seed;intermediate_seed,beginner_k_to_5.csv;intermediate_6_to_8.csv
claim,4;6,6-8;k-5th grade,beginner_k_to_5;intermediate_6_to_8,379,196,false,n,elementary_fill+grade4+grade4_week19_item19 | tier1_ngsl_general+ngsl_rank_501+bridge_from_beginner_grade_4+grade_estimate_6,intermediate,intermediate,21.188,21.351,7.62,beginner_seed;intermediate_seed,beginner_k_to_5.csv;intermediate_6_to_8.csv
enjoy,5;6,6-8;k-5th grade,beginner_k_to_5;intermediate_6_to_8,504,195,false,v,tier2_fry_filtered+fry_rank_833+grade5_week18_item3 | tier1_ngsl_general+ngsl_rank_504+bridge_from_beginner_grade_5+grade_estimate_6,intermediate,intermediate,21.187,21.349,7.618,beginner_seed;intermediate_seed,beginner_k_to_5.csv;intermediate_6_to_8.csv
amount,3;6,6-8;k-5th grade,beginner_k_to_5;intermediate_6_to_8,507,193,false,n,tier2_fry_filtered+fry_rank_653+grade3_week5_item16 | tier1_ngsl_general+ngsl_rank_507+buffer_from_beginner_grade_3+intermediate_buffer_addition+grade_estimate_6,intermediate,intermediate,21.184,21.346,7.615,beginner_seed;intermediate_seed,beginner_k_to_5.csv;intermediate_6_to_8.csv
company,5;6,6-8;k-5th grade,beginner_k_to_5;intermediate_6_to_8,107,842,false,n,tier2_fry_filtered+fry_rank_901+grade5_week25_item1 | tier1_ngsl_general+ngsl_rank_107+bridge_from_beginner_grade_5+grade_estimate_6,intermediate,intermediate,20.758,21.344,8.051,beginner_seed;intermediate_seed,beginner_k_to_5.csv;intermediate_6_to_8.csv
range,4;6,6-8;k-5th grade,beginner_k_to_5;intermediate_6_to_8,296,190,false,n,elementary_fill+grade4+grade4_week15_item16 | tier1_ngsl_general+ngsl_rank_516+bridge_from_beginner_grade_4+grade_estimate_6,intermediate,intermediate,21.181,21.341,7.611,beginner_seed;intermediate_seed,beginner_k_to_5.csv;intermediate_6_to_8.csv
industry,5;6,6-8;k-5th grade,beginner_k_to_5;intermediate_6_to_8,530,185,false,n,tier2_fry_filtered+fry_rank_894+grade5_week24_item4 | tier1_ngsl_general+ngsl_rank_530+bridge_from_beginner_grade_5+grade_estimate_6,intermediate,intermediate,20.374,21.332,8.303,beginner_seed;intermediate_seed,beginner_k_to_5.csv;intermediate_6_to_8.csv
unemployment,4;6,6-8;k-5th grade,beginner_k_to_5;intermediate_6_to_8,440,36,false,n,elementary_fill+grade4+grade4_week22_item20 | tier1_ngsl_general+ngsl_rank_1984+bridge_from_beginner_grade_4+grade_estimate_6,intermediate,intermediate,19.998,21.33,10.764,beginner_seed;intermediate_seed,beginner_k_to_5.csv;intermediate_6_to_8.csv
likely,3;6,6-8;k-5th grade,beginner_k_to_5;intermediate_6_to_8,352,183,false,adv,elementary_fill+grade3+grade3_week22_item16 | tier1_ngsl_general+ngsl_rank_535+buffer_from_beginner_grade_3+intermediate_buffer_addition+grade_estimate_6,intermediate,intermediate,21.171,21.328,7.6,beginner_seed;intermediate_seed,beginner_k_to_5.csv;intermediate_6_to_8.csv
field,4;6,6-8;k-5th grade,beginner_k_to_5;intermediate_6_to_8,396,181,false,n,tier2_fry_filtered+fry_rank_396+grade4_week10_item6 | tier1_ngsl_general+ngsl_rank_540+bridge_from_beginner_grade_4+grade_estimate_6,intermediate,intermediate,21.169,21.325,7.597,beginner_seed;intermediate_seed,beginner_k_to_5.csv;intermediate_6_to_8.csv
national,3;6,6-8;k-5th grade,beginner_k_to_5;intermediate_6_to_8,448,181,false,adj,elementary_fill+grade3+grade3_week28_item16 | tier1_ngsl_general+ngsl_rank_537+buffer_from_beginner_grade_3+intermediate_buffer_addition+grade_estimate_6,intermediate,intermediate,20.369,21.325,8.297,beginner_seed;intermediate_seed,beginner_k_to_5.csv;intermediate_6_to_8.csv
trade,3;6,6-8;k-5th grade,beginner_k_to_5;intermediate_6_to_8,544,179,false,n,tier2_fry_filtered+fry_rank_828+grade3_week4_item1 | tier1_ngsl_general+ngsl_rank_544+buffer_from_beginner_grade_3+intermediate_buffer_addition+grade_estimate_6,intermediate,intermediate,21.166,21.321,7.594,beginner_seed;intermediate_seed,beginner_k_to_5.csv;intermediate_6_to_8.csv
standard,5;6,6-8;k-5th grade,beginner_k_to_5;intermediate_6_to_8,320,178,false,n,elementary_fill+grade5+grade5_week16_item20 | tier1_ngsl_general+ngsl_rank_547+bridge_from_beginner_grade_5+grade_estimate_6,intermediate,intermediate,20.364,21.319,8.292,beginner_seed;intermediate_seed,beginner_k_to_5.csv;intermediate_6_to_8.csv
stage,3;6,6-8;k-5th grade,beginner_k_to_5;intermediate_6_to_8,168,177,false,n,elementary_fill+grade3+grade3_week11_item8 | tier1_ngsl_general+ngsl_rank_551+buffer_from_beginner_grade_3+intermediate_buffer_addition+grade_estimate_6,intermediate,intermediate,21.163,21.317,7.59,beginner_seed;intermediate_seed,beginner_k_to_5.csv;intermediate_6_to_8.csv
focus,3;6,6-8;k-5th grade,beginner_k_to_5;intermediate_6_to_8,407,177,false,n,elementary_fill+grade3+grade3_week26_item7 | tier1_ngsl_general+ngsl_rank_550+buffer_from_beginner_grade_3+intermediate_buffer_addition+grade_estimate_6,intermediate,intermediate,21.163,21.317,7.59,beginner_seed;intermediate_seed,beginner_k_to_5.csv;intermediate_6_to_8.csv
single,5;6,6-8;k-5th grade,beginner_k_to_5;intermediate_6_to_8,557,174,false,adj,tier2_fry_filtered+fry_rank_743+grade5_week9_item3 | tier1_ngsl_general+ngsl_rank_557+bridge_from_beginner_grade_5+grade_estimate_6,intermediate,intermediate,21.159,21.312,7.585,beginner_seed;intermediate_seed,beginner_k_to_5.csv;intermediate_6_to_8.csv
formula,3;6,6-8;k-5th grade,beginner_k_to_5;intermediate_6_to_8,30,33,true,n,elementary_fill+grade3+grade3_week2_item14 | tier1_ngsl_general+ngsl_rank_2101+bridge_from_beginner_grade_3+grade_estimate_6,intermediate,intermediate,17.98,21.307,11.143,beginner_seed;intermediate_seed,beginner_k_to_5.csv;intermediate_6_to_8.csv
depression,4;6,6-8;k-5th grade,beginner_k_to_5;intermediate_6_to_8,439,33,false,n,elementary_fill+grade4+grade4_week22_item19 | tier1_ngsl_general+ngsl_rank_2128+bridge_from_beginner_grade_4+grade_estimate_6,intermediate,intermediate,19.98,21.307,9.243,beginner_seed;intermediate_seed,beginner_k_to_5.csv;intermediate_6_to_8.csv
common,3;6,6-8;k-5th grade,beginner_k_to_5;intermediate_6_to_8,462,170,false,adj,tier2_fry_filtered+fry_rank_462+grade3_week22_item6 | tier1_ngsl_general+ngsl_rank_567+buffer_from_beginner_grade_3+intermediate_buffer_addition+grade_estimate_6,intermediate,intermediate,21.153,21.304,7.579,beginner_seed;intermediate_seed,beginner_k_to_5.csv;intermediate_6_to_8.csv
demand,4;6,6-8;k-5th grade,beginner_k_to_5;intermediate_6_to_8,164,169,false,n,elementary_fill+grade4+grade4_week9_item4 | tier1_ngsl_general+ngsl_rank_570+bridge_from_beginner_grade_4+grade_estimate_6,intermediate,intermediate,21.152,21.302,7.577,beginner_seed;intermediate_seed,beginner_k_to_5.csv;intermediate_6_to_8.csv
total,3;6,6-8;k-5th grade,beginner_k_to_5;intermediate_6_to_8,569,169,false,adj,tier2_fry_filtered+fry_rank_976+grade3_week36_item1 | tier1_ngsl_general+ngsl_rank_569+buffer_from_beginner_grade_3+intermediate_buffer_addition+grade_estimate_6,intermediate,intermediate,21.152,21.302,7.577,beginner_seed;intermediate_seed,beginner_k_to_5.csv;intermediate_6_to_8.csv
material,3;6,6-8;k-5th grade,beginner_k_to_5;intermediate_6_to_8,493,168,false,adj,tier2_fry_filtered+fry_rank_493+grade3_week8_item13 | tier1_ngsl_general+ngsl_rank_571+buffer_from_beginner_grade_3+intermediate_buffer_addition+grade_estimate_6,intermediate,intermediate,20.35,21.3,8.275,beginner_seed;intermediate_seed,beginner_k_to_5.csv;intermediate_6_to_8.csv
pollution,4;6,6-8;k-5th grade,beginner_k_to_5;intermediate_6_to_8,657,32,false,n,elementary_fill+grade4+grade4_week33_item17 | tier1_ngsl_general+ngsl_rank_2164+bridge_from_beginner_grade_4+grade_estimate_6,intermediate,intermediate,19.974,21.299,9.236,beginner_seed;intermediate_seed,beginner_k_to_5.csv;intermediate_6_to_8.csv
wrong,3;6,6-8;k-5th grade,beginner_k_to_5;intermediate_6_to_8,575,167,false,adj,tier2_fry_filtered+fry_rank_932+grade3_week6_item9 | tier1_ngsl_general+ngsl_rank_575+buffer_from_beginner_grade_3+intermediate_buffer_addition+grade_estimate_6,intermediate,intermediate,21.149,21.298,7.574,beginner_seed;intermediate_seed,beginner_k_to_5.csv;intermediate_6_to_8.csv
complete,4;6,6-8;k-5th grade,beginner_k_to_5;intermediate_6_to_8,314,166,false,adj,tier2_fry_filtered+fry_rank_314+grade4_week2_item4 | tier1_ngsl_general+ngsl_rank_581+bridge_from_beginner_grade_4+grade_estimate_6,intermediate,intermediate,20.347,21.296,8.272,beginner_seed;intermediate_seed,beginner_k_to_5.csv;intermediate_6_to_8.csv
ground,3;6,6-8;k-5th grade,beginner_k_to_5;intermediate_6_to_8,388,165,false,n,tier2_fry_filtered+fry_rank_388+grade3_week13_item11 | tier1_ngsl_general+ngsl_rank_586+buffer_from_beginner_grade_3+intermediate_buffer_addition+grade_estimate_6,intermediate,intermediate,21.146,21.294,7.57,beginner_seed;intermediate_seed,beginner_k_to_5.csv;intermediate_6_to_8.csv
entrance,5;6,6-8;k-5th grade,beginner_k_to_5;intermediate_6_to_8,408,31,false,n,elementary_fill+grade5+grade5_week21_item8 | tier1_ngsl_general+ngsl_rank_2225+bridge_from_beginner_grade_5+grade_estimate_6,intermediate,intermediate,19.968,21.29,9.229,beginner_seed;intermediate_seed,beginner_k_to_5.csv;intermediate_6_to_8.csv
invitation,4;6,6-8;k-5th grade,beginner_k_to_5;intermediate_6_to_8,710,31,false,n,elementary_fill+grade4+grade4_week36_item10 | tier1_ngsl_general+ngsl_rank_2194+bridge_from_beginner_grade_4+grade_estimate_6,intermediate,intermediate,19.968,21.29,9.229,beginner_seed;intermediate_seed,beginner_k_to_5.csv;intermediate_6_to_8.csv
piece,4;6,6-8;k-5th grade,beginner_k_to_5;intermediate_6_to_8,319,159,false,n,tier2_fry_filtered+fry_rank_319+grade4_week2_item9 | tier1_ngsl_general+ngsl_rank_608+bridge_from_beginner_grade_4+grade_estimate_6,intermediate,intermediate,21.137,21.282,7.56,beginner_seed;intermediate_seed,beginner_k_to_5.csv;intermediate_6_to_8.csv
voice,3;6,6-8;k-5th grade,beginner_k_to_5;intermediate_6_to_8,379,159,false,n,tier2_fry_filtered+fry_rank_379+grade3_week12_item7 | tier1_ngsl_general+ngsl_rank_607+buffer_from_beginner_grade_3+intermediate_buffer_addition+grade_estimate_6,intermediate,intermediate,21.137,21.282,7.56,beginner_seed;intermediate_seed,beginner_k_to_5.csv;intermediate_6_to_8.csv
independence,3;6,6-8;k-5th grade,beginner_k_to_5;intermediate_6_to_8,444,30,false,n,elementary_fill+grade3+grade3_week28_item12 | tier1_ngsl_general+ngsl_rank_2233+bridge_from_beginner_grade_3+grade_estimate_6,intermediate,intermediate,19.961,21.282,10.721,beginner_seed;intermediate_seed,beginner_k_to_5.csv;intermediate_6_to_8.csv
clarify,3;6,6-8;k-5th grade,beginner_k_to_5;intermediate_6_to_8,492,30,true,v,elementary_fill+grade3+grade3_week36_item16 | tier2_nawl_academic+nawl_rank_492+bridge_from_beginner_grade_3+grade_estimate_6,intermediate,intermediate,17.961,21.282,11.121,beginner_seed;intermediate_seed,beginner_k_to_5.csv;intermediate_6_to_8.csv
dimension,4;6,6-8;k-5th grade,beginner_k_to_5;intermediate_6_to_8,497,30,false,n,elementary_fill+grade4+grade4_week25_item17 | tier1_ngsl_general+ngsl_rank_2250+bridge_from_beginner_grade_4+grade_estimate_6,intermediate,intermediate,19.961,21.282,9.221,beginner_seed;intermediate_seed,beginner_k_to_5.csv;intermediate_6_to_8.csv
infection,4;6,6-8;k-5th grade,beginner_k_to_5;intermediate_6_to_8,688,30,false,n,elementary_fill+grade4+grade4_week35_item8 | tier1_ngsl_general+ngsl_rank_2252+bridge_from_beginner_grade_4+grade_estimate_6,intermediate,intermediate,19.961,21.282,9.221,beginner_seed;intermediate_seed,beginner_k_to_5.csv;intermediate_6_to_8.csv
quantity,4;6,6-8;k-5th grade,beginner_k_to_5;intermediate_6_to_8,702,30,false,n,elementary_fill+grade4+grade4_week36_item2 | tier1_ngsl_general+ngsl_rank_2267+bridge_from_beginner_grade_4+grade_estimate_6,intermediate,intermediate,19.961,21.282,9.221,beginner_seed;intermediate_seed,beginner_k_to_5.csv;intermediate_6_to_8.csv
finish,4;6,6-8;k-5th grade,beginner_k_to_5;intermediate_6_to_8,542,158,false,adj,elementary_fill+grade4+grade4_week28_item2 | tier1_ngsl_general+ngsl_rank_609+bridge_from_beginner_grade_4+grade_estimate_6,intermediate,intermediate,21.135,21.28,7.558,beginner_seed;intermediate_seed,beginner_k_to_5.csv;intermediate_6_to_8.csv
president,4;6,6-8;k-5th grade,beginner_k_to_5;intermediate_6_to_8,612,157,false,adj,tier2_fry_filtered+fry_rank_726+grade4_week32_item19 | tier1_ngsl_general+ngsl_rank_612+bridge_from_beginner_grade_4+grade_estimate_6,intermediate,intermediate,20.334,21.278,8.256,beginner_seed;intermediate_seed,beginner_k_to_5.csv;intermediate_6_to_8.csv
police,3;6,6-8;k-5th grade,beginner_k_to_5;intermediate_6_to_8,154,156,false,n,elementary_fill+grade3+grade3_week10_item10 | tier1_ngsl_general+ngsl_rank_616+buffer_from_beginner_grade_3+intermediate_buffer_addition+grade_estimate_6,intermediate,intermediate,21.132,21.276,7.554,beginner_seed;intermediate_seed,beginner_k_to_5.csv;intermediate_6_to_8.csv
source,3;6,6-8;k-5th grade,beginner_k_to_5;intermediate_6_to_8,124,155,false,n,elementary_fill+grade3+grade3_week8_item12 | tier1_ngsl_general+ngsl_rank_623+buffer_from_beginner_grade_3+intermediate_buffer_addition+grade_estimate_6,intermediate,intermediate,21.13,21.274,7.552,beginner_seed;intermediate_seed,beginner_k_to_5.csv;intermediate_6_to_8.csv
knowledge,3;6,6-8;k-5th grade,beginner_k_to_5;intermediate_6_to_8,381,155,false,n,elementary_fill+grade3+grade3_week24_item13 | tier1_ngsl_general+ngsl_rank_619+buffer_from_beginner_grade_3+intermediate_buffer_addition+grade_estimate_6,intermediate,intermediate,20.33,21.274,8.252,beginner_seed;intermediate_seed,beginner_k_to_5.csv;intermediate_6_to_8.csv
heart,4;6,6-8;k-5th grade,beginner_k_to_5;intermediate_6_to_8,544,155,false,n,tier2_fry_filtered+fry_rank_544+grade4_week25_item4 | tier1_ngsl_general+ngsl_rank_622+bridge_from_beginner_grade_4+grade_estimate_6,intermediate,intermediate,21.13,21.274,7.552,beginner_seed;intermediate_seed,beginner_k_to_5.csv;intermediate_6_to_8.csv
criticize,5;6,6-8;k-5th grade,beginner_k_to_5;intermediate_6_to_8,172,29,false,n,elementary_fill+grade5+grade5_week9_item12 | tier1_ngsl_general+ngsl_rank_2296+bridge_from_beginner_grade_5+grade_estimate_6,intermediate,intermediate,19.955,21.273,9.214,beginner_seed;intermediate_seed,beginner_k_to_5.csv;intermediate_6_to_8.csv
advocate,5;6,6-8;k-5th grade,beginner_k_to_5;intermediate_6_to_8,231,29,false,n,elementary_fill+grade5+grade5_week12_item11 | tier1_ngsl_general+ngsl_rank_2316+bridge_from_beginner_grade_5+grade_estimate_6,intermediate,intermediate,19.955,21.273,9.214,beginner_seed;intermediate_seed,beginner_k_to_5.csv;intermediate_6_to_8.csv
digital,4;6,6-8;k-5th grade,beginner_k_to_5;intermediate_6_to_8,628,29,true,adj,elementary_fill+grade4+grade4_week32_item8 | tier1_ngsl_general+ngsl_rank_2309+bridge_from_beginner_grade_4+grade_estimate_6,intermediate,intermediate,17.955,21.273,11.114,beginner_seed;intermediate_seed,beginner_k_to_5.csv;intermediate_6_to_8.csv
surprise,5;6,6-8;k-5th grade,beginner_k_to_5;intermediate_6_to_8,634,151,false,v,tier2_fry_filtered+fry_rank_691+grade5_week4_item1 | tier1_ngsl_general+ngsl_rank_634+bridge_from_beginner_grade_5+grade_estimate_6,intermediate,intermediate,20.324,21.265,8.245,beginner_seed;intermediate_seed,beginner_k_to_5.csv;intermediate_6_to_8.csv
nest,1;6,6-8;k-5th grade,beginner_k_to_5;intermediate_6_to_8,224,28,true,n,elementary_fill+grade1+grade1_week28_item8 | tier2_nawl_academic+nawl_rank_525+bridge_from_beginner_grade_1+grade_estimate_6,intermediate,intermediate,19.748,21.264,11.106,beginner_seed;intermediate_seed,beginner_k_to_5.csv;intermediate_6_to_8.csv
factor,5;6,6-8;k-5th grade,beginner_k_to_5;intermediate_6_to_8,138,150,false,n,elementary_fill+grade5+grade5_week7_item18 | tier1_ngsl_general+ngsl_rank_636+bridge_from_beginner_grade_5+grade_estimate_6,intermediate,intermediate,21.122,21.263,7.543,beginner_seed;intermediate_seed,beginner_k_to_5.csv;intermediate_6_to_8.csv
recent,5;6,6-8;k-5th grade,beginner_k_to_5;intermediate_6_to_8,167,149,false,adj,elementary_fill+grade5+grade5_week9_item7 | tier1_ngsl_general+ngsl_rank_641+bridge_from_beginner_grade_5+grade_estimate_6,intermediate,intermediate,21.121,21.261,7.541,beginner_seed;intermediate_seed,beginner_k_to_5.csv;intermediate_6_to_8.csv
financial,5;6,6-8;k-5th grade,beginner_k_to_5;intermediate_6_to_8,192,149,false,adj,elementary_fill+grade5+grade5_week10_item12 | tier1_ngsl_general+ngsl_rank_644+bridge_from_beginner_grade_5+grade_estimate_6,intermediate,intermediate,20.321,21.261,8.241,beginner_seed;intermediate_seed,beginner_k_to_5.csv;intermediate_6_to_8.csv
official,4;6,6-8;k-5th grade,beginner_k_to_5;intermediate_6_to_8,643,149,false,adj,elementary_fill+grade4+grade4_week35_item17 | tier1_ngsl_general+ngsl_rank_643+bridge_from_beginner_grade_4+grade_estimate_6,intermediate,intermediate,20.321,21.261,8.241,beginner_seed;intermediate_seed,beginner_k_to_5.csv;intermediate_6_to_8.csv
pause,3;6,6-8;k-5th grade,beginner_k_to_5;intermediate_6_to_8,218,148,false,n,elementary_fill+grade3+grade3_week14_item10 | tier1_ngsl_general+ngsl_rank_649+buffer_from_beginner_grade_3+intermediate_buffer_addition+grade_estimate_6,intermediate,intermediate,21.119,21.259,7.539,beginner_seed;intermediate_seed,beginner_k_to_5.csv;intermediate_6_to_8.csv
private,4;6,6-8;k-5th grade,beginner_k_to_5;intermediate_6_to_8,357,148,false,adj,elementary_fill+grade4+grade4_week18_item17 | tier1_ngsl_general+ngsl_rank_648+bridge_from_beginner_grade_4+grade_estimate_6,intermediate,intermediate,20.319,21.259,8.939,beginner_seed;intermediate_seed,beginner_k_to_5.csv;intermediate_6_to_8.csv
resist,4;6,6-8;k-5th grade,beginner_k_to_5;intermediate_6_to_8,100,27,false,n,elementary_fill+grade4+grade4_week5_item20 | tier1_ngsl_general+ngsl_rank_2396+bridge_from_beginner_grade_4+grade_estimate_6,intermediate,intermediate,20.741,21.255,8.498,beginner_seed;intermediate_seed,beginner_k_to_5.csv;intermediate_6_to_8.csv
permission,3;6,6-8;k-5th grade,beginner_k_to_5;intermediate_6_to_8,433,27,false,n,elementary_fill+grade3+grade3_week28_item1 | tier1_ngsl_general+ngsl_rank_2414+bridge_from_beginner_grade_3+grade_estimate_6,intermediate,intermediate,19.941,21.255,9.198,beginner_seed;intermediate_seed,beginner_k_to_5.csv;intermediate_6_to_8.csv
ray,4;6,6-8;k-5th grade,beginner_k_to_5;intermediate_6_to_8,496,27,true,n,elementary_fill+grade4+grade4_week25_item16 | tier2_nawl_academic+nawl_rank_538+bridge_from_beginner_grade_4+grade_estimate_6,intermediate,intermediate,19.741,21.255,11.098,beginner_seed;intermediate_seed,beginner_k_to_5.csv;intermediate_6_to_8.csv
represent,4;6,6-8;k-5th grade,beginner_k_to_5;intermediate_6_to_8,591,146,false,v,tier2_fry_filtered+fry_rank_591+grade4_week35_item19 | tier1_ngsl_general+ngsl_rank_658+bridge_from_beginner_grade_4+grade_estimate_6,intermediate,intermediate,20.316,21.254,8.235,beginner_seed;intermediate_seed,beginner_k_to_5.csv;intermediate_6_to_8.csv
structure,4;6,6-8;k-5th grade,beginner_k_to_5;intermediate_6_to_8,167,143,false,n,elementary_fill+grade4+grade4_week9_item7 | tier1_ngsl_general+ngsl_rank_667+bridge_from_beginner_grade_4+grade_estimate_6,intermediate,intermediate,20.311,21.248,8.229,beginner_seed;intermediate_seed,beginner_k_to_5.csv;intermediate_6_to_8.csv
notice,3;6,6-8;k-5th grade,beginner_k_to_5;intermediate_6_to_8,384,143,false,n,tier2_fry_filtered+fry_rank_384+grade_estimated_from_fry_rank | tier1_ngsl_general+ngsl_rank_664+buffer_from_beginner_grade_3+intermediate_buffer_addition+grade_estimate_6,intermediate,intermediate,21.111,21.248,7.529,beginner_seed;intermediate_seed,beginner_k_to_5.csv;intermediate_6_to_8.csv
wonder,5;6,6-8;k-5th grade,beginner_k_to_5;intermediate_6_to_8,665,143,false,v,tier2_fry_filtered+fry_rank_678+grade5_week2_item8 | tier1_ngsl_general+ngsl_rank_665+bridge_from_beginner_grade_5+grade_estimate_6,intermediate,intermediate,21.111,21.248,7.529,beginner_seed;intermediate_seed,beginner_k_to_5.csv;intermediate_6_to_8.csv
section,4;6,6-8;k-5th grade,beginner_k_to_5;intermediate_6_to_8,646,142,false,n,tier2_fry_filtered+fry_rank_646+grade4_week35_item6 | tier1_ngsl_general+ngsl_rank_668+bridge_from_beginner_grade_4+grade_estimate_6,intermediate,intermediate,20.309,21.245,8.927,beginner_seed;intermediate_seed,beginner_k_to_5.csv;intermediate_6_to_8.csv
measurement,3;6,6-8;k-5th grade,beginner_k_to_5;intermediate_6_to_8,366,26,false,n,elementary_fill+grade3+grade3_week23_item14 | tier1_ngsl_general+ngsl_rank_2431+bridge_from_beginner_grade_3+grade_estimate_6,intermediate,intermediate,19.934,21.245,10.689,beginner_seed;intermediate_seed,beginner_k_to_5.csv;intermediate_6_to_8.csv
promotion,4;6,6-8;k-5th grade,beginner_k_to_5;intermediate_6_to_8,716,26,false,n,elementary_fill+grade4+grade4_week36_item16 | tier1_ngsl_general+ngsl_rank_2444+bridge_from_beginner_grade_4+grade_estimate_6,intermediate,intermediate,19.934,21.245,9.189,beginner_seed;intermediate_seed,beginner_k_to_5.csv;intermediate_6_to_8.csv
region,4;6,6-8;k-5th grade,beginner_k_to_5;intermediate_6_to_8,521,141,false,n,tier2_fry_filtered+fry_rank_521+grade4_week23_item1 | tier1_ngsl_general+ngsl_rank_677+bridge_from_beginner_grade_4+grade_estimate_6,intermediate,intermediate,21.107,21.243,7.525,beginner_seed;intermediate_seed,beginner_k_to_5.csv;intermediate_6_to_8.csv
necessary,5;6,6-8;k-5th grade,beginner_k_to_5;intermediate_6_to_8,676,141,false,adj,tier2_fry_filtered+fry_rank_879+grade5_week22_item9 | tier1_ngsl_general+ngsl_rank_676+bridge_from_beginner_grade_5+grade_estimate_6,intermediate,intermediate,20.307,21.243,8.225,beginner_seed;intermediate_seed,beginner_k_to_5.csv;intermediate_6_to_8.csv
various,5;6,6-8;k-5th grade,beginner_k_to_5;intermediate_6_to_8,682,140,false,adj,tier2_fry_filtered+fry_rank_929+grade5_week27_item9 | tier1_ngsl_general+ngsl_rank_682+bridge_from_beginner_grade_5+grade_estimate_6,intermediate,intermediate,20.306,21.241,8.923,beginner_seed;intermediate_seed,beginner_k_to_5.csv;intermediate_6_to_8.csv
catch,4;6,6-8;k-5th grade,beginner_k_to_5;intermediate_6_to_8,683,140,false,v,tier2_fry_filtered+fry_rank_703+grade4_week1_item7 | tier1_ngsl_general+ngsl_rank_683+bridge_from_beginner_grade_4+grade_estimate_6,intermediate,intermediate,21.106,21.241,7.523,beginner_seed;intermediate_seed,beginner_k_to_5.csv;intermediate_6_to_8.csv
skill,4;6,6-8;k-5th grade,beginner_k_to_5;intermediate_6_to_8,360,139,false,n,elementary_fill+grade4+grade4_week18_item20 | tier1_ngsl_general+ngsl_rank_685+bridge_from_beginner_grade_4+grade_estimate_6,intermediate,intermediate,21.104,21.239,7.521,beginner_seed;intermediate_seed,beginner_k_to_5.csv;intermediate_6_to_8.csv
character,4;6,6-8;k-5th grade,beginner_k_to_5;intermediate_6_to_8,42,138,false,n,elementary_fill+grade4+grade4_week3_item2 | tier1_ngsl_general+ngsl_rank_693+bridge_from_beginner_grade_4+grade_estimate_6,intermediate,intermediate,20.302,21.236,8.219,beginner_seed;intermediate_seed,beginner_k_to_5.csv;intermediate_6_to_8.csv
stock,4;6,6-8;k-5th grade,beginner_k_to_5;intermediate_6_to_8,438,138,false,n,elementary_fill+grade4+grade4_week22_item18 | tier1_ngsl_general+ngsl_rank_691+bridge_from_beginner_grade_4+grade_estimate_6,intermediate,intermediate,21.102,21.236,7.519,beginner_seed;intermediate_seed,beginner_k_to_5.csv;intermediate_6_to_8.csv
medium,4;6,6-8;k-5th grade,beginner_k_to_5;intermediate_6_to_8,477,138,false,n,elementary_fill+grade4+grade4_week24_item17 | tier1_ngsl_general+ngsl_rank_689+bridge_from_beginner_grade_4+grade_estimate_6,intermediate,intermediate,21.102,21.236,7.519,beginner_seed;intermediate_seed,beginner_k_to_5.csv;intermediate_6_to_8.csv
inflation,4;6,6-8;k-5th grade,beginner_k_to_5;intermediate_6_to_8,436,25,false,n,elementary_fill+grade4+grade4_week22_item16 | tier1_ngsl_general+ngsl_rank_2494+bridge_from_beginner_grade_4+grade_estimate_6,intermediate,intermediate,19.926,21.235,9.181,beginner_seed;intermediate_seed,beginner_k_to_5.csv;intermediate_6_to_8.csv
profession,4;6,6-8;k-5th grade,beginner_k_to_5;intermediate_6_to_8,654,25,false,n,elementary_fill+grade4+grade4_week33_item14 | tier1_ngsl_general+ngsl_rank_2487+bridge_from_beginner_grade_4+grade_estimate_6,intermediate,intermediate,19.926,21.235,9.181,beginner_seed;intermediate_seed,beginner_k_to_5.csv;intermediate_6_to_8.csv
indeed,5;6,6-8;k-5th grade,beginner_k_to_5;intermediate_6_to_8,22,137,false,v,elementary_fill+grade5+grade5_week2_item2 | tier1_ngsl_general+ngsl_rank_697+bridge_from_beginner_grade_5+grade_estimate_6,intermediate,intermediate,21.1,21.234,7.517,beginner_seed;intermediate_seed,beginner_k_to_5.csv;intermediate_6_to_8.csv
establish,3;6,6-8;k-5th grade,beginner_k_to_5;intermediate_6_to_8,272,137,false,adj,elementary_fill+grade3+grade3_week17_item16 | tier1_ngsl_general+ngsl_rank_696+buffer_from_beginner_grade_3+intermediate_buffer_addition+grade_estimate_6,intermediate,intermediate,20.3,21.234,8.217,beginner_seed;intermediate_seed,beginner_k_to_5.csv;intermediate_6_to_8.csv
final,3;6,6-8;k-5th grade,beginner_k_to_5;intermediate_6_to_8,563,137,false,adj,elementary_fill+grade3+grade3_week36_item3 | tier1_ngsl_general+ngsl_rank_698+buffer_from_beginner_grade_3+intermediate_buffer_addition+grade_estimate_6,intermediate,intermediate,21.1,21.234,7.517,beginner_seed;intermediate_seed,beginner_k_to_5.csv;intermediate_6_to_8.csv
behavior,3;6,6-8;k-5th grade,beginner_k_to_5;intermediate_6_to_8,175,135,false,n,elementary_fill+grade3+grade3_week11_item15 | tier1_ngsl_general+ngsl_rank_706+buffer_from_beginner_grade_3+intermediate_buffer_addition+grade_estimate_6,intermediate,intermediate,20.297,21.229,8.213,beginner_seed;intermediate_seed,beginner_k_to_5.csv;intermediate_6_to_8.csv
yesterday,4;6,6-8;k-5th grade,beginner_k_to_5;intermediate_6_to_8,703,135,false,adv,elementary_fill+grade4+grade4_week36_item3 | tier1_ngsl_general+ngsl_rank_703+bridge_from_beginner_grade_4+grade_estimate_6,intermediate,intermediate,20.297,21.229,8.213,beginner_seed;intermediate_seed,beginner_k_to_5.csv;intermediate_6_to_8.csv
determine,4;6,6-8;k-5th grade,beginner_k_to_5;intermediate_6_to_8,708,134,false,v,tier2_fry_filtered+fry_rank_978+grade4_week7_item20 | tier1_ngsl_general+ngsl_rank_708+bridge_from_beginner_grade_4+grade_estimate_6,intermediate,intermediate,20.295,21.227,8.211,beginner_seed;intermediate_seed,beginner_k_to_5.csv;intermediate_6_to_8.csv
horizon,5;6,6-8;k-5th grade,beginner_k_to_5;intermediate_6_to_8,165,24,true,n,elementary_fill+grade5+grade5_week9_item5 | tier2_nawl_academic+nawl_rank_594+bridge_from_beginner_grade_5+grade_estimate_6,intermediate,intermediate,17.919,21.225,11.072,beginner_seed;intermediate_seed,beginner_k_to_5.csv;intermediate_6_to_8.csv
comment,4;6,6-8;k-5th grade,beginner_k_to_5;intermediate_6_to_8,414,132,false,n,elementary_fill+grade4+grade4_week21_item14 | tier1_ngsl_general+ngsl_rank_716+bridge_from_beginner_grade_4+grade_estimate_6,intermediate,intermediate,20.291,21.222,8.907,beginner_seed;intermediate_seed,beginner_k_to_5.csv;intermediate_6_to_8.csv
alone,4;6,6-8;k-5th grade,beginner_k_to_5;intermediate_6_to_8,719,132,false,n,tier2_fry_filtered+fry_rank_739+grade4_week19_item7 | tier1_ngsl_general+ngsl_rank_719+bridge_from_beginner_grade_4+grade_estimate_6,intermediate,intermediate,21.091,21.222,7.507,beginner_seed;intermediate_seed,beginner_k_to_5.csv;intermediate_6_to_8.csv
direct,5;6,6-8;k-5th grade,beginner_k_to_5;intermediate_6_to_8,724,131,false,adj,tier2_fry_filtered+fry_rank_781+grade5_week13_item1 | tier1_ngsl_general+ngsl_rank_724+bridge_from_beginner_grade_5+grade_estimate_6,intermediate,intermediate,21.09,21.219,7.504,beginner_seed;intermediate_seed,beginner_k_to_5.csv;intermediate_6_to_8.csv
tomorrow,4;6,6-8;k-5th grade,beginner_k_to_5;intermediate_6_to_8,585,130,false,adv,elementary_fill+grade4+grade4_week30_item5 | tier1_ngsl_general+ngsl_rank_726+bridge_from_beginner_grade_4+grade_estimate_6,intermediate,intermediate,20.288,21.217,8.202,beginner_seed;intermediate_seed,beginner_k_to_5.csv;intermediate_6_to_8.csv
hesitate,5;6,6-8;k-5th grade,beginner_k_to_5;intermediate_6_to_8,63,23,false,n,elementary_fill+grade5+grade5_week4_item3 | tier1_ngsl_general+ngsl_rank_2631+bridge_from_beginner_grade_5+grade_estimate_6,intermediate,intermediate,19.911,21.215,9.163,beginner_seed;intermediate_seed,beginner_k_to_5.csv;intermediate_6_to_8.csv
jury,3;6,6-8;k-5th grade,beginner_k_to_5;intermediate_6_to_8,508,23,true,n,elementary_fill+grade3+grade3_week32_item12 | tier1_ngsl_general+ngsl_rank_2605+bridge_from_beginner_grade_3+grade_estimate_6,intermediate,intermediate,19.711,21.215,11.063,beginner_seed;intermediate_seed,beginner_k_to_5.csv;intermediate_6_to_8.csv
obscure,4;6,6-8;k-5th grade,beginner_k_to_5;intermediate_6_to_8,592,23,true,n,elementary_fill+grade4+grade4_week30_item12 | tier2_nawl_academic+nawl_rank_621+bridge_from_beginner_grade_4+grade_estimate_6,intermediate,intermediate,17.911,21.215,11.063,beginner_seed;intermediate_seed,beginner_k_to_5.csv;intermediate_6_to_8.csv
pole,2;6,6-8;k-5th grade,beginner_k_to_5;intermediate_6_to_8,614,23,true,n,tier2_fry_filtered+fry_rank_848+grade2_week5_item1 | tier2_nawl_academic+nawl_rank_614+bridge_from_beginner_grade_2+grade_estimate_6,intermediate,intermediate,19.711,21.215,11.063,beginner_seed;intermediate_seed,beginner_k_to_5.csv;intermediate_6_to_8.csv
depend,4;6,6-8;k-5th grade,beginner_k_to_5;intermediate_6_to_8,117,129,false,n,elementary_fill+grade4+grade4_week6_item17 | tier1_ngsl_general+ngsl_rank_731+bridge_from_beginner_grade_4+grade_estimate_6,intermediate,intermediate,21.086,21.214,7.5,beginner_seed;intermediate_seed,beginner_k_to_5.csv;intermediate_6_to_8.csv
review,3;6,6-8;k-5th grade,beginner_k_to_5;intermediate_6_to_8,384,129,false,n,elementary_fill+grade3+grade3_week24_item16 | tier1_ngsl_general+ngsl_rank_730+buffer_from_beginner_grade_3+intermediate_buffer_addition+grade_estimate_6,intermediate,intermediate,21.086,21.214,7.5,beginner_seed;intermediate_seed,beginner_k_to_5.csv;intermediate_6_to_8.csv
window,4;6,6-8;k-5th grade,beginner_k_to_5;intermediate_6_to_8,541,129,false,n,tier2_fry_filtered+fry_rank_541+grade4_week25_item1 | tier1_ngsl_general+ngsl_rank_734+bridge_from_beginner_grade_4+grade_estimate_6,intermediate,intermediate,21.086,21.214,7.5,beginner_seed;intermediate_seed,beginner_k_to_5.csv;intermediate_6_to_8.csv
include,4;6,6-8;k-5th grade,beginner_k_to_5;intermediate_6_to_8,163,575,false,v,tier2_fry_filtered+fry_rank_499+grade4_week20_item9 | tier1_ngsl_general+ngsl_rank_163+bridge_from_beginner_grade_4+grade_estimate_6,intermediate,intermediate,20.66,21.214,7.937,beginner_seed;intermediate_seed,beginner_k_to_5.csv;intermediate_6_to_8.csv
season,3;6,6-8;k-5th grade,beginner_k_to_5;intermediate_6_to_8,238,126,false,n,elementary_fill+grade3+grade3_week15_item14 | tier1_ngsl_general+ngsl_rank_750+buffer_from_beginner_grade_3+intermediate_buffer_addition+grade_estimate_6,intermediate,intermediate,21.08,21.207,7.493,beginner_seed;intermediate_seed,beginner_k_to_5.csv;intermediate_6_to_8.csv
hotel,4;6,6-8;k-5th grade,beginner_k_to_5;intermediate_6_to_8,421,126,false,n,elementary_fill+grade4+grade4_week22_item1 | tier1_ngsl_general+ngsl_rank_759+bridge_from_beginner_grade_4+grade_estimate_6,intermediate,intermediate,21.08,21.207,7.493,beginner_seed;intermediate_seed,beginner_k_to_5.csv;intermediate_6_to_8.csv
movie,4;6,6-8;k-5th grade,beginner_k_to_5;intermediate_6_to_8,627,126,false,n,elementary_fill+grade4+grade4_week32_item7 | tier1_ngsl_general+ngsl_rank_762+bridge_from_beginner_grade_4+grade_estimate_6,intermediate,intermediate,21.08,21.207,7.493,beginner_seed;intermediate_seed,beginner_k_to_5.csv;intermediate_6_to_8.csv
doctor,5;6,6-8;k-5th grade,beginner_k_to_5;intermediate_6_to_8,763,125,false,n,tier2_fry_filtered+fry_rank_809+grade5_week15_item7 | tier1_ngsl_general+ngsl_rank_763+bridge_from_beginner_grade_5+grade_estimate_6,intermediate,intermediate,21.078,21.204,7.491,beginner_seed;intermediate_seed,beginner_k_to_5.csv;intermediate_6_to_8.csv
fence,3;6,6-8;k-5th grade,beginner_k_to_5;intermediate_6_to_8,151,22,false,n,elementary_fill+grade3+grade3_week10_item7 | tier1_ngsl_general+ngsl_rank_2668+bridge_from_beginner_grade_3+grade_estimate_6,intermediate,intermediate,20.703,21.204,8.454,beginner_seed;intermediate_seed,beginner_k_to_5.csv;intermediate_6_to_8.csv
attraction,4;6,6-8;k-5th grade,beginner_k_to_5;intermediate_6_to_8,458,22,false,n,elementary_fill+grade4+grade4_week23_item18 | tier1_ngsl_general+ngsl_rank_2670+bridge_from_beginner_grade_4+grade_estimate_6,intermediate,intermediate,19.903,21.204,9.154,beginner_seed;intermediate_seed,beginner_k_to_5.csv;intermediate_6_to_8.csv
reflection,4;6,6-8;k-5th grade,beginner_k_to_5;intermediate_6_to_8,719,22,false,n,elementary_fill+grade4+grade4_week36_item19 | tier1_ngsl_general+ngsl_rank_2675+bridge_from_beginner_grade_4+grade_estimate_6,intermediate,intermediate,19.903,21.204,9.154,beginner_seed;intermediate_seed,beginner_k_to_5.csv;intermediate_6_to_8.csv
strike,4;6,6-8;k-5th grade,beginner_k_to_5;intermediate_6_to_8,297,124,false,n,elementary_fill+grade4+grade4_week15_item17 | tier1_ngsl_general+ngsl_rank_776+bridge_from_beginner_grade_4+grade_estimate_6,intermediate,intermediate,21.076,21.202,7.489,beginner_seed;intermediate_seed,beginner_k_to_5.csv;intermediate_6_to_8.csv
ready,4;6,6-8;k-5th grade,beginner_k_to_5;intermediate_6_to_8,513,124,false,n,tier2_fry_filtered+fry_rank_513+grade4_week22_item3 | tier1_ngsl_general+ngsl_rank_774+bridge_from_beginner_grade_4+grade_estimate_6,intermediate,intermediate,21.076,21.202,7.489,beginner_seed;intermediate_seed,beginner_k_to_5.csv;intermediate_6_to_8.csv
hospital,5;6,6-8;k-5th grade,beginner_k_to_5;intermediate_6_to_8,264,123,false,adj,elementary_fill+grade5+grade5_week14_item4 | tier1_ngsl_general+ngsl_rank_782+bridge_from_beginner_grade_5+grade_estimate_6,intermediate,intermediate,20.274,21.199,8.187,beginner_seed;intermediate_seed,beginner_k_to_5.csv;intermediate_6_to_8.csv
specific,5;6,6-8;k-5th grade,beginner_k_to_5;intermediate_6_to_8,77,121,false,adj,elementary_fill+grade5+grade5_week4_item17 | tier1_ngsl_general+ngsl_rank_791+bridge_from_beginner_grade_5+grade_estimate_6,intermediate,intermediate,20.27,21.194,8.182,beginner_seed;intermediate_seed,beginner_k_to_5.csv;intermediate_6_to_8.csv
beautiful,3;6,6-8;k-5th grade,beginner_k_to_5;intermediate_6_to_8,565,121,false,adj,tier2_fry_filtered+fry_rank_565+grade3_week29_item1 | tier1_ngsl_general+ngsl_rank_792+buffer_from_beginner_grade_3+intermediate_buffer_addition+grade_estimate_6,intermediate,intermediate,20.27,21.194,8.182,beginner_seed;intermediate_seed,beginner_k_to_5.csv;intermediate_6_to_8.csv
transportation,4;6,6-8;k-5th grade,beginner_k_to_5;intermediate_6_to_8,180,21,false,n,elementary_fill+grade4+grade4_week9_item20 | tier1_ngsl_general+ngsl_rank_2703+bridge_from_beginner_grade_4+grade_estimate_6,intermediate,intermediate,19.895,21.193,10.644,beginner_seed;intermediate_seed,beginner_k_to_5.csv;intermediate_6_to_8.csv
verb,3;6,6-8;k-5th grade,beginner_k_to_5;intermediate_6_to_8,419,21,true,n,tier2_fry_filtered+fry_rank_419+grade3_week19_item1 | tier1_ngsl_general+ngsl_rank_2700+bridge_from_beginner_grade_3+grade_estimate_6,intermediate,intermediate,19.695,21.193,11.044,beginner_seed;intermediate_seed,beginner_k_to_5.csv;intermediate_6_to_8.csv
confusion,2;6,6-8;k-5th grade,beginner_k_to_5;intermediate_6_to_8,567,21,false,n,elementary_fill+grade2+grade2_week36_item7 | tier1_ngsl_general+ngsl_rank_2682+buffer_from_beginner_grade_2+intermediate_buffer_addition+grade_estimate_6,intermediate,intermediate,19.895,21.193,9.144,beginner_seed;intermediate_seed,beginner_k_to_5.csv;intermediate_6_to_8.csv
shall,3;6,6-8;k-5th grade,beginner_k_to_5;intermediate_6_to_8,38,118,false,v,tier1_dolch+dolch_grade3+fry_overlap+grade3_week9_item2 | tier1_ngsl_general+ngsl_rank_807+buffer_from_beginner_grade_3+intermediate_buffer_addition+grade_estimate_6,intermediate,intermediate,21.064,21.186,7.475,beginner_seed;intermediate_seed,beginner_k_to_5.csv;intermediate_6_to_8.csv
pressure,4;6,6-8;k-5th grade,beginner_k_to_5;intermediate_6_to_8,253,117,false,n,elementary_fill+grade4+grade4_week13_item13 | tier1_ngsl_general+ngsl_rank_809+bridge_from_beginner_grade_4+grade_estimate_6,intermediate,intermediate,20.262,21.183,8.173,beginner_seed;intermediate_seed,beginner_k_to_5.csv;intermediate_6_to_8.csv
modern,5;6,6-8;k-5th grade,beginner_k_to_5;intermediate_6_to_8,808,117,false,adj,tier2_fry_filtered+fry_rank_817+grade5_week16_item7 | tier1_ngsl_general+ngsl_rank_808+bridge_from_beginner_grade_5+grade_estimate_6,intermediate,intermediate,21.062,21.183,7.473,beginner_seed;intermediate_seed,beginner_k_to_5.csv;intermediate_6_to_8.csv
bargain,4;6,6-8;k-5th grade,beginner_k_to_5;intermediate_6_to_8,11,20,true,n,elementary_fill+grade4+grade4_week1_item11 | tier2_nawl_academic+nawl_rank_659+bridge_from_beginner_grade_4+grade_estimate_6,intermediate,intermediate,17.886,21.182,11.034,beginner_seed;intermediate_seed,beginner_k_to_5.csv;intermediate_6_to_8.csv
worth,3;6,6-8;k-5th grade,beginner_k_to_5;intermediate_6_to_8,399,116,false,n,elementary_fill+grade3+grade3_week25_item15 | tier1_ngsl_general+ngsl_rank_816+buffer_from_beginner_grade_3+intermediate_buffer_addition+grade_estimate_6,intermediate,intermediate,21.06,21.18,7.47,beginner_seed;intermediate_seed,beginner_k_to_5.csv;intermediate_6_to_8.csv
supply,5;6,6-8;k-5th grade,beginner_k_to_5;intermediate_6_to_8,801,116,false,v,tier2_fry_filtered+fry_rank_801+grade5_week15_item1 | tier1_ngsl_general+ngsl_rank_814+bridge_from_beginner_grade_5+grade_estimate_6,intermediate,intermediate,21.06,21.18,7.47,beginner_seed;intermediate_seed,beginner_k_to_5.csv;intermediate_6_to_8.csv
score,4;6,6-8;k-5th grade,beginner_k_to_5;intermediate_6_to_8,823,115,false,n,tier2_fry_filtered+fry_rank_954+grade4_week27_item2 | tier1_ngsl_general+ngsl_rank_823+bridge_from_beginner_grade_4+grade_estimate_6,intermediate,intermediate,21.058,21.178,7.468,beginner_seed;intermediate_seed,beginner_k_to_5.csv;intermediate_6_to_8.csv
middle,3;6,6-8;k-5th grade,beginner_k_to_5;intermediate_6_to_8,670,114,false,n,tier2_fry_filtered+fry_rank_670+grade3_week36_item7 | tier1_ngsl_general+ngsl_rank_836+buffer_from_beginner_grade_3+intermediate_buffer_addition+grade_estimate_6,intermediate,intermediate,21.056,21.175,7.465,beginner_seed;intermediate_seed,beginner_k_to_5.csv;intermediate_6_to_8.csv
advance,4;6,6-8;k-5th grade,beginner_k_to_5;intermediate_6_to_8,280,113,false,n,elementary_fill+grade4+grade4_week14_item20 | tier1_ngsl_general+ngsl_rank_844+bridge_from_beginner_grade_4+grade_estimate_6,intermediate,intermediate,20.254,21.172,8.863,beginner_seed;intermediate_seed,beginner_k_to_5.csv;intermediate_6_to_8.csv
except,4;6,6-8;k-5th grade,beginner_k_to_5;intermediate_6_to_8,836,113,false,n,tier2_fry_filtered+fry_rank_836+grade4_week1_item3 | tier1_ngsl_general+ngsl_rank_841+bridge_from_beginner_grade_4+grade_estimate_6,intermediate,intermediate,21.054,21.172,7.463,beginner_seed;intermediate_seed,beginner_k_to_5.csv;intermediate_6_to_8.csv
bat,1;6,6-8;k-5th grade,beginner_k_to_5;intermediate_6_to_8,166,19,true,n,elementary_fill+grade1+grade1_week21_item6 | tier2_nawl_academic+nawl_rank_669+bridge_from_beginner_grade_1+grade_estimate_6,intermediate,intermediate,19.677,21.17,11.024,beginner_seed;intermediate_seed,beginner_k_to_5.csv;intermediate_6_to_8.csv
normal,4;6,6-8;k-5th grade,beginner_k_to_5;intermediate_6_to_8,91,110,false,adj,elementary_fill+grade4+grade4_week5_item11 | tier1_ngsl_general+ngsl_rank_855+bridge_from_beginner_grade_4+grade_estimate_6,intermediate,intermediate,21.048,21.163,7.455,beginner_seed;intermediate_seed,beginner_k_to_5.csv;intermediate_6_to_8.csv
bracket,4;6,6-8;k-5th grade,beginner_k_to_5;intermediate_6_to_8,219,18,true,n,elementary_fill+grade4+grade4_week11_item19 | tier2_nawl_academic+nawl_rank_684+bridge_from_beginner_grade_4+grade_estimate_6,intermediate,intermediate,17.868,21.158,11.013,beginner_seed;intermediate_seed,beginner_k_to_5.csv;intermediate_6_to_8.csv
speech,3;6,6-8;k-5th grade,beginner_k_to_5;intermediate_6_to_8,123,106,false,n,elementary_fill+grade3+grade3_week8_item11 | tier1_ngsl_general+ngsl_rank_894+buffer_from_beginner_grade_3+intermediate_buffer_addition+grade_estimate_6,intermediate,intermediate,21.039,21.152,7.445,beginner_seed;intermediate_seed,beginner_k_to_5.csv;intermediate_6_to_8.csv
throughout,5;6,6-8;k-5th grade,beginner_k_to_5;intermediate_6_to_8,346,106,false,n,elementary_fill+grade5+grade5_week18_item6 | tier1_ngsl_general+ngsl_rank_897+bridge_from_beginner_grade_5+grade_estimate_6,intermediate,intermediate,20.239,21.152,8.145,beginner_seed;intermediate_seed,beginner_k_to_5.csv;intermediate_6_to_8.csv
career,4;6,6-8;k-5th grade,beginner_k_to_5;intermediate_6_to_8,553,106,false,n,elementary_fill+grade4+grade4_week28_item13 | tier1_ngsl_general+ngsl_rank_892+bridge_from_beginner_grade_4+grade_estimate_6,intermediate,intermediate,21.039,21.152,7.445,beginner_seed;intermediate_seed,beginner_k_to_5.csv;intermediate_6_to_8.csv
however,3;6,6-8;k-5th grade,beginner_k_to_5;intermediate_6_to_8,203,479,false,adv,tier2_fry_filtered+fry_rank_339+grade3_week13_item7 | tier1_ngsl_general+ngsl_rank_203+buffer_from_beginner_grade_3+intermediate_buffer_addition+grade_estimate_6,intermediate,intermediate,20.614,21.151,7.883,beginner_seed;intermediate_seed,beginner_k_to_5.csv;intermediate_6_to_8.csv
provide,5;6,6-8;k-5th grade,beginner_k_to_5;intermediate_6_to_8,205,476,false,n,tier2_fry_filtered+fry_rank_810+grade5_week15_item8 | tier1_ngsl_general+ngsl_rank_205+bridge_from_beginner_grade_5+grade_estimate_6,intermediate,intermediate,20.612,21.149,7.881,beginner_seed;intermediate_seed,beginner_k_to_5.csv;intermediate_6_to_8.csv
author,3;6,6-8;k-5th grade,beginner_k_to_5;intermediate_6_to_8,216,104,false,n,elementary_fill+grade3+grade3_week14_item8 | tier1_ngsl_general+ngsl_rank_910+buffer_from_beginner_grade_3+intermediate_buffer_addition+grade_estimate_6,intermediate,intermediate,21.034,21.146,7.44,beginner_seed;intermediate_seed,beginner_k_to_5.csv;intermediate_6_to_8.csv
balance,4;6,6-8;k-5th grade,beginner_k_to_5;intermediate_6_to_8,216,104,false,n,elementary_fill+grade4+grade4_week11_item16 | tier1_ngsl_general+ngsl_rank_907+bridge_from_beginner_grade_4+grade_estimate_6,intermediate,intermediate,20.234,21.146,8.84,beginner_seed;intermediate_seed,beginner_k_to_5.csv;intermediate_6_to_8.csv
damage,4;6,6-8;k-5th grade,beginner_k_to_5;intermediate_6_to_8,334,104,false,n,elementary_fill+grade4+grade4_week17_item14 | tier1_ngsl_general+ngsl_rank_908+bridge_from_beginner_grade_4+grade_estimate_6,intermediate,intermediate,21.034,21.146,7.44,beginner_seed;intermediate_seed,beginner_k_to_5.csv;intermediate_6_to_8.csv
clue,2;6,6-8;k-5th grade,beginner_k_to_5;intermediate_6_to_8,120,17,true,n,elementary_fill+grade2+grade2_week8_item8 | tier2_nawl_academic+nawl_rank_699+bridge_from_beginner_grade_2+grade_estimate_6,intermediate,intermediate,19.659,21.145,11.002,beginner_seed;intermediate_seed,beginner_k_to_5.csv;intermediate_6_to_8.csv
prey,4;6,6-8;k-5th grade,beginner_k_to_5;intermediate_6_to_8,158,17,true,n,elementary_fill+grade4+grade4_week8_item18 | tier2_nawl_academic+nawl_rank_697+bridge_from_beginner_grade_4+grade_estimate_6,intermediate,intermediate,19.659,21.145,11.002,beginner_seed;intermediate_seed,beginner_k_to_5.csv;intermediate_6_to_8.csv
leisure,4;6,6-8;k-5th grade,beginner_k_to_5;intermediate_6_to_8,271,17,true,n,elementary_fill+grade4+grade4_week14_item11 | tier2_nawl_academic+nawl_rank_695+bridge_from_beginner_grade_4+grade_estimate_6,intermediate,intermediate,17.859,21.145,11.002,beginner_seed;intermediate_seed,beginner_k_to_5.csv;intermediate_6_to_8.csv
restaurant,5;6,6-8;k-5th grade,beginner_k_to_5;intermediate_6_to_8,265,103,false,adj,elementary_fill+grade5+grade5_week14_item5 | tier1_ngsl_general+ngsl_rank_919+bridge_from_beginner_grade_5+grade_estimate_6,intermediate,intermediate,20.232,21.142,8.137,beginner_seed;intermediate_seed,beginner_k_to_5.csv;intermediate_6_to_8.csv
exercise,4;6,6-8;k-5th grade,beginner_k_to_5;intermediate_6_to_8,534,103,false,n,tier2_fry_filtered+fry_rank_534+grade4_week24_item4 | tier1_ngsl_general+ngsl_rank_917+bridge_from_beginner_grade_4+grade_estimate_6,intermediate,intermediate,20.232,21.142,8.137,beginner_seed;intermediate_seed,beginner_k_to_5.csv;intermediate_6_to_8.csv
property,5;6,6-8;k-5th grade,beginner_k_to_5;intermediate_6_to_8,886,103,false,n,tier2_fry_filtered+fry_rank_886+grade5_week19_item18 | tier1_ngsl_general+ngsl_rank_921+bridge_from_beginner_grade_5+grade_estimate_6,intermediate,intermediate,20.232,21.142,8.137,beginner_seed;intermediate_seed,beginner_k_to_5.csv;intermediate_6_to_8.csv
memory,4;6,6-8;k-5th grade,beginner_k_to_5;intermediate_6_to_8,323,101,false,adj,elementary_fill+grade4+grade4_week17_item3 | tier1_ngsl_general+ngsl_rank_939+bridge_from_beginner_grade_4+grade_estimate_6,intermediate,intermediate,21.027,21.136,7.432,beginner_seed;intermediate_seed,beginner_k_to_5.csv;intermediate_6_to_8.csv
credit,4;6,6-8;k-5th grade,beginner_k_to_5;intermediate_6_to_8,312,100,false,n,elementary_fill+grade4+grade4_week16_item12 | tier1_ngsl_general+ngsl_rank_944+bridge_from_beginner_grade_4+grade_estimate_6,intermediate,intermediate,21.025,21.133,7.429,beginner_seed;intermediate_seed,beginner_k_to_5.csv;intermediate_6_to_8.csv
clay,1;6,6-8;k-5th grade,beginner_k_to_5;intermediate_6_to_8,212,16,true,n,elementary_fill+grade1+grade1_week27_item4 | tier2_nawl_academic+nawl_rank_722+bridge_from_beginner_grade_1+grade_estimate_6,intermediate,intermediate,19.649,21.132,10.99,beginner_seed;intermediate_seed,beginner_k_to_5.csv;intermediate_6_to_8.csv
extend,4;6,6-8;k-5th grade,beginner_k_to_5;intermediate_6_to_8,122,99,false,n,elementary_fill+grade4+grade4_week7_item2 | tier1_ngsl_general+ngsl_rank_950+bridge_from_beginner_grade_4+grade_estimate_6,intermediate,intermediate,21.022,21.13,7.426,beginner_seed;intermediate_seed,beginner_k_to_5.csv;intermediate_6_to_8.csv
track,5;6,6-8;k-5th grade,beginner_k_to_5;intermediate_6_to_8,958,98,false,n,tier2_fry_filtered+fry_rank_992+grade5_week34_item2 | tier1_ngsl_general+ngsl_rank_958+bridge_from_beginner_grade_5+grade_estimate_6,intermediate,intermediate,21.02,21.127,7.423,beginner_seed;intermediate_seed,beginner_k_to_5.csv;intermediate_6_to_8.csv
believe,4;6,6-8;k-5th grade,beginner_k_to_5;intermediate_6_to_8,225,435,false,v,tier2_fry_filtered+fry_rank_523+grade4_week23_item3 | tier1_ngsl_general+ngsl_rank_225+bridge_from_beginner_grade_4+grade_estimate_6,intermediate,intermediate,20.589,21.119,7.854,beginner_seed;intermediate_seed,beginner_k_to_5.csv;intermediate_6_to_8.csv
ahead,5;6,6-8;k-5th grade,beginner_k_to_5;intermediate_6_to_8,915,95,false,n,tier2_fry_filtered+fry_rank_915+grade5_week26_item5 | tier1_ngsl_general+ngsl_rank_974+bridge_from_beginner_grade_5+grade_estimate_6,intermediate,intermediate,21.013,21.117,7.415,beginner_seed;intermediate_seed,beginner_k_to_5.csv;intermediate_6_to_8.csv
proposal,4;6,6-8;k-5th grade,beginner_k_to_5;intermediate_6_to_8,70,94,false,adj,elementary_fill+grade4+grade4_week4_item10 | tier1_ngsl_general+ngsl_rank_980+bridge_from_beginner_grade_4+grade_estimate_6,intermediate,intermediate,20.21,21.114,8.112,beginner_seed;intermediate_seed,beginner_k_to_5.csv;intermediate_6_to_8.csv
smile,5;6,6-8;k-5th grade,beginner_k_to_5;intermediate_6_to_8,29,93,false,v,elementary_fill+grade5+grade5_week2_item9 | tier1_ngsl_general+ngsl_rank_990+bridge_from_beginner_grade_5+grade_estimate_6,intermediate,intermediate,21.008,21.11,7.409,beginner_seed;intermediate_seed,beginner_k_to_5.csv;intermediate_6_to_8.csv
traditional,3;6,6-8;k-5th grade,beginner_k_to_5;intermediate_6_to_8,224,92,false,adj,elementary_fill+grade3+grade3_week14_item16 | tier1_ngsl_general+ngsl_rank_993+bridge_from_beginner_grade_3+grade_estimate_6,intermediate,intermediate,20.205,21.107,9.606,beginner_seed;intermediate_seed,beginner_k_to_5.csv;intermediate_6_to_8.csv
suddenly,3;6,6-8;k-5th grade,beginner_k_to_5;intermediate_6_to_8,508,92,false,adv,tier2_fry_filtered+fry_rank_508+grade3_week30_item2 | tier1_ngsl_general+ngsl_rank_997+bridge_from_beginner_grade_3+grade_estimate_6,intermediate,intermediate,20.205,21.107,8.106,beginner_seed;intermediate_seed,beginner_k_to_5.csv;intermediate_6_to_8.csv
example,3;6,6-8;k-5th grade,beginner_k_to_5;intermediate_6_to_8,235,420,false,n,tier2_fry_filtered+fry_rank_238+grade3_week8_item4 | tier1_ngsl_general+ngsl_rank_235+buffer_from_beginner_grade_3+intermediate_buffer_addition+grade_estimate_6,intermediate,intermediate,20.58,21.107,7.843,beginner_seed;intermediate_seed,beginner_k_to_5.csv;intermediate_6_to_8.csv
purchase,4;6,6-8;k-5th grade,beginner_k_to_5;intermediate_6_to_8,572,91,false,n,elementary_fill+grade4+grade4_week29_item12 | tier1_ngsl_general+ngsl_rank_1002+bridge_from_beginner_grade_4+grade_estimate_6,intermediate,intermediate,20.203,21.103,8.103,beginner_seed;intermediate_seed,beginner_k_to_5.csv;intermediate_6_to_8.csv
exchange,5;6,6-8;k-5th grade,beginner_k_to_5;intermediate_6_to_8,198,90,false,n,elementary_fill+grade5+grade5_week10_item18 | tier1_ngsl_general+ngsl_rank_1015+bridge_from_beginner_grade_5+grade_estimate_6,intermediate,intermediate,20.2,21.1,8.1,beginner_seed;intermediate_seed,beginner_k_to_5.csv;intermediate_6_to_8.csv
blood,3;6,6-8;k-5th grade,beginner_k_to_5;intermediate_6_to_8,852,89,false,n,tier2_fry_filtered+fry_rank_852+grade3_week18_item16 | tier1_ngsl_general+ngsl_rank_1018+bridge_from_beginner_grade_3+grade_estimate_6,intermediate,intermediate,20.997,21.097,7.397,beginner_seed;intermediate_seed,beginner_k_to_5.csv;intermediate_6_to_8.csv
aware,5;6,6-8;k-5th grade,beginner_k_to_5;intermediate_6_to_8,127,87,false,n,elementary_fill+grade5+grade5_week7_item7 | tier1_ngsl_general+ngsl_rank_1039+bridge_from_beginner_grade_5+grade_estimate_6,intermediate,intermediate,20.992,21.089,7.391,beginner_seed;intermediate_seed,beginner_k_to_5.csv;intermediate_6_to_8.csv
handle,3;6,6-8;k-5th grade,beginner_k_to_5;intermediate_6_to_8,569,87,false,n,elementary_fill+grade3+grade3_week36_item9 | tier1_ngsl_general+ngsl_rank_1041+bridge_from_beginner_grade_3+grade_estimate_6,intermediate,intermediate,20.992,21.089,7.391,beginner_seed;intermediate_seed,beginner_k_to_5.csv;intermediate_6_to_8.csv
heavy,4;6,6-8;k-5th grade,beginner_k_to_5;intermediate_6_to_8,495,86,false,n,tier2_fry_filtered+fry_rank_495+grade4_week20_item5 | tier1_ngsl_general+ngsl_rank_1052+bridge_from_beginner_grade_4+grade_estimate_6,intermediate,intermediate,20.989,21.086,7.388,beginner_seed;intermediate_seed,beginner_k_to_5.csv;intermediate_6_to_8.csv
remove,4;6,6-8;k-5th grade,beginner_k_to_5;intermediate_6_to_8,705,86,false,v,elementary_fill+grade4+grade4_week36_item5 | tier1_ngsl_general+ngsl_rank_1053+bridge_from_beginner_grade_4+grade_estimate_6,intermediate,intermediate,20.989,21.086,7.388,beginner_seed;intermediate_seed,beginner_k_to_5.csv;intermediate_6_to_8.csv
radio,5;6,6-8;k-5th grade,beginner_k_to_5;intermediate_6_to_8,902,86,false,n,tier2_fry_filtered+fry_rank_902+grade5_week25_item2 | tier1_ngsl_general+ngsl_rank_1045+bridge_from_beginner_grade_5+grade_estimate_6,intermediate,intermediate,20.989,21.086,7.388,beginner_seed;intermediate_seed,beginner_k_to_5.csv;intermediate_6_to_8.csv
student,5;6,6-8;k-5th grade,beginner_k_to_5;intermediate_6_to_8,248,391,false,adj,elementary_fill+grade5+grade5_week14_item7 | tier1_ngsl_general+ngsl_rank_248+bridge_from_beginner_grade_5+grade_estimate_6,intermediate,intermediate,20.562,21.083,7.822,beginner_seed;intermediate_seed,beginner_k_to_5.csv;intermediate_6_to_8.csv
principle,4;6,6-8;k-5th grade,beginner_k_to_5;intermediate_6_to_8,517,84,false,n,elementary_fill+grade4+grade4_week26_item17 | tier1_ngsl_general+ngsl_rank_1071+bridge_from_beginner_grade_4+grade_estimate_6,intermediate,intermediate,20.184,21.079,8.081,beginner_seed;intermediate_seed,beginner_k_to_5.csv;intermediate_6_to_8.csv
wonderful,4;6,6-8;k-5th grade,beginner_k_to_5;intermediate_6_to_8,525,84,false,adj,elementary_fill+grade4+grade4_week27_item5 | tier1_ngsl_general+ngsl_rank_1076+bridge_from_beginner_grade_4+grade_estimate_6,intermediate,intermediate,20.184,21.079,8.081,beginner_seed;intermediate_seed,beginner_k_to_5.csv;intermediate_6_to_8.csv
straight,5;6,6-8;k-5th grade,beginner_k_to_5;intermediate_6_to_8,755,84,false,n,tier2_fry_filtered+fry_rank_755+grade5_week10_item5 | tier1_ngsl_general+ngsl_rank_1072+bridge_from_beginner_grade_5+grade_estimate_6,intermediate,intermediate,20.184,21.079,8.081,beginner_seed;intermediate_seed,beginner_k_to_5.csv;intermediate_6_to_8.csv
transfer,5;6,6-8;k-5th grade,beginner_k_to_5;intermediate_6_to_8,238,81,false,n,elementary_fill+grade5+grade5_week12_item18 | tier1_ngsl_general+ngsl_rank_1110+bridge_from_beginner_grade_5+grade_estimate_6,intermediate,intermediate,20.175,21.067,8.071,beginner_seed;intermediate_seed,beginner_k_to_5.csv;intermediate_6_to_8.csv
reply,4;6,6-8;k-5th grade,beginner_k_to_5;intermediate_6_to_8,582,81,false,n,elementary_fill+grade4+grade4_week30_item2 | tier1_ngsl_general+ngsl_rank_1108+bridge_from_beginner_grade_4+grade_estimate_6,intermediate,intermediate,20.975,21.067,7.371,beginner_seed;intermediate_seed,beginner_k_to_5.csv;intermediate_6_to_8.csv
speed,4;6,6-8;k-5th grade,beginner_k_to_5;intermediate_6_to_8,671,81,false,v,tier2_fry_filtered+fry_rank_671+grade4_week1_item4 | tier1_ngsl_general+ngsl_rank_1106+bridge_from_beginner_grade_4+grade_estimate_6,intermediate,intermediate,20.975,21.067,7.371,beginner_seed;intermediate_seed,beginner_k_to_5.csv;intermediate_6_to_8.csv
launch,5;6,6-8;k-5th grade,beginner_k_to_5;intermediate_6_to_8,88,79,false,n,elementary_fill+grade5+grade5_week5_item8 | tier1_ngsl_general+ngsl_rank_1131+bridge_from_beginner_grade_5+grade_estimate_6,intermediate,intermediate,20.97,21.06,7.365,beginner_seed;intermediate_seed,beginner_k_to_5.csv;intermediate_6_to_8.csv
decade,4;6,6-8;k-5th grade,beginner_k_to_5;intermediate_6_to_8,641,79,false,n,elementary_fill+grade4+grade4_week33_item1 | tier1_ngsl_general+ngsl_rank_1130+bridge_from_beginner_grade_4+grade_estimate_6,intermediate,intermediate,20.97,21.06,7.365,beginner_seed;intermediate_seed,beginner_k_to_5.csv;intermediate_6_to_8.csv
noun,3;6,6-8;k-5th grade,beginner_k_to_5;intermediate_6_to_8,485,11,true,n,tier2_fry_filtered+fry_rank_485+grade3_week20_item4 | tier1_ngsl_general+ngsl_rank_2799+bridge_from_beginner_grade_3+grade_estimate_6,intermediate,intermediate,19.593,21.058,10.926,beginner_seed;intermediate_seed,beginner_k_to_5.csv;intermediate_6_to_8.csv
painful,2;6,6-8;k-5th grade,beginner_k_to_5;intermediate_6_to_8,520,11,true,adj,elementary_fill+grade2+grade2_week33_item8 | tier2_nawl_academic+nawl_rank_801+bridge_from_beginner_grade_2+grade_estimate_6,intermediate,intermediate,17.793,21.058,10.926,beginner_seed;intermediate_seed,beginner_k_to_5.csv;intermediate_6_to_8.csv
horse,3;6,6-8;k-5th grade,beginner_k_to_5;intermediate_6_to_8,311,78,false,n,tier2_fry_filtered+fry_rank_311+grade3_week18_item9 | tier1_ngsl_general+ngsl_rank_1139+bridge_from_beginner_grade_3+grade_estimate_6,intermediate,intermediate,20.967,21.056,7.361,beginner_seed;intermediate_seed,beginner_k_to_5.csv;intermediate_6_to_8.csv
eventually,5;6,6-8;k-5th grade,beginner_k_to_5;intermediate_6_to_8,417,78,false,adv,elementary_fill+grade5+grade5_week21_item17 | tier1_ngsl_general+ngsl_rank_1140+bridge_from_beginner_grade_5+grade_estimate_6,intermediate,intermediate,20.167,21.056,8.061,beginner_seed;intermediate_seed,beginner_k_to_5.csv;intermediate_6_to_8.csv
present,4;6,6-8;k-5th grade,beginner_k_to_5;intermediate_6_to_8,275,358,false,adj,tier2_fry_filtered+fry_rank_564+grade4_week27_item4 | tier1_ngsl_general+ngsl_rank_275+bridge_from_beginner_grade_4+grade_estimate_6,intermediate,intermediate,20.54,21.053,7.796,beginner_seed;intermediate_seed,beginner_k_to_5.csv;intermediate_6_to_8.csv
south,3;6,6-8;k-5th grade,beginner_k_to_5;intermediate_6_to_8,385,77,false,n,tier2_fry_filtered+fry_rank_385+grade3_week15_item1 | tier1_ngsl_general+ngsl_rank_1159+bridge_from_beginner_grade_3+grade_estimate_6,intermediate,intermediate,20.964,21.052,7.358,beginner_seed;intermediate_seed,beginner_k_to_5.csv;intermediate_6_to_8.csv
chief,5;6,6-8;k-5th grade,beginner_k_to_5;intermediate_6_to_8,869,77,false,adj,tier2_fry_filtered+fry_rank_869+grade5_week21_item7 | tier1_ngsl_general+ngsl_rank_1155+bridge_from_beginner_grade_5+grade_estimate_6,intermediate,intermediate,20.964,21.052,7.358,beginner_seed;intermediate_seed,beginner_k_to_5.csv;intermediate_6_to_8.csv
excellent,5;6,6-8;k-5th grade,beginner_k_to_5;intermediate_6_to_8,33,76,false,adj,elementary_fill+grade5+grade5_week2_item13 | tier1_ngsl_general+ngsl_rank_1163+bridge_from_beginner_grade_5+grade_estimate_6,intermediate,intermediate,20.161,21.048,8.054,beginner_seed;intermediate_seed,beginner_k_to_5.csv;intermediate_6_to_8.csv
river,3;6,6-8;k-5th grade,beginner_k_to_5;intermediate_6_to_8,264,75,false,n,tier2_fry_filtered+fry_rank_264+grade3_week13_item5 | tier1_ngsl_general+ngsl_rank_1176+bridge_from_beginner_grade_3+grade_estimate_6,intermediate,intermediate,20.958,21.044,7.351,beginner_seed;intermediate_seed,beginner_k_to_5.csv;intermediate_6_to_8.csv
contrast,3;6,6-8;k-5th grade,beginner_k_to_5;intermediate_6_to_8,285,75,false,n,elementary_fill+grade3+grade3_week18_item13 | tier1_ngsl_general+ngsl_rank_1179+bridge_from_beginner_grade_3+grade_estimate_6,intermediate,intermediate,20.158,21.044,8.051,beginner_seed;intermediate_seed,beginner_k_to_5.csv;intermediate_6_to_8.csv
process,5;6,6-8;k-5th grade,beginner_k_to_5;intermediate_6_to_8,286,346,false,n,tier2_fry_filtered+fry_rank_883+grade5_week10_item16 | tier1_ngsl_general+ngsl_rank_286+bridge_from_beginner_grade_5+grade_estimate_6,intermediate,intermediate,20.531,21.041,7.786,beginner_seed;intermediate_seed,beginner_k_to_5.csv;intermediate_6_to_8.csv
gram,4;6,6-8;k-5th grade,beginner_k_to_5;intermediate_6_to_8,578,10,true,n,elementary_fill+grade4+grade4_week29_item18 | tier2_nawl_academic+nawl_rank_819+bridge_from_beginner_grade_4+grade_estimate_6,intermediate,intermediate,19.581,21.041,10.911,beginner_seed;intermediate_seed,beginner_k_to_5.csv;intermediate_6_to_8.csv
photograph,3;6,6-8;k-5th grade,beginner_k_to_5;intermediate_6_to_8,107,74,false,n,elementary_fill+grade3+grade3_week7_item11 | tier1_ngsl_general+ngsl_rank_1182+bridge_from_beginner_grade_3+grade_estimate_6,intermediate,intermediate,20.155,21.039,8.047,beginner_seed;intermediate_seed,beginner_k_to_5.csv;intermediate_6_to_8.csv
secretary,5;6,6-8;k-5th grade,beginner_k_to_5;intermediate_6_to_8,188,74,false,adj,elementary_fill+grade5+grade5_week10_item8 | tier1_ngsl_general+ngsl_rank_1193+bridge_from_beginner_grade_5+grade_estimate_6,intermediate,intermediate,20.155,21.039,8.047,beginner_seed;intermediate_seed,beginner_k_to_5.csv;intermediate_6_to_8.csv
conflict,5;6,6-8;k-5th grade,beginner_k_to_5;intermediate_6_to_8,344,74,false,n,elementary_fill+grade5+grade5_week18_item4 | tier1_ngsl_general+ngsl_rank_1184+bridge_from_beginner_grade_5+grade_estimate_6,intermediate,intermediate,20.155,21.039,8.047,beginner_seed;intermediate_seed,beginner_k_to_5.csv;intermediate_6_to_8.csv
corner,4;6,6-8;k-5th grade,beginner_k_to_5;intermediate_6_to_8,802,74,false,n,tier2_fry_filtered+fry_rank_802+grade4_week25_item7 | tier1_ngsl_general+ngsl_rank_1188+bridge_from_beginner_grade_4+grade_estimate_6,intermediate,intermediate,20.955,21.039,7.347,beginner_seed;intermediate_seed,beginner_k_to_5.csv;intermediate_6_to_8.csv
crowd,4;6,6-8;k-5th grade,beginner_k_to_5;intermediate_6_to_8,831,74,false,n,tier2_fry_filtered+fry_rank_831+grade4_week2_item6 | tier1_ngsl_general+ngsl_rank_1187+bridge_from_beginner_grade_4+grade_estimate_6,intermediate,intermediate,20.955,21.039,7.347,beginner_seed;intermediate_seed,beginner_k_to_5.csv;intermediate_6_to_8.csv
entire,5;6,6-8;k-5th grade,beginner_k_to_5;intermediate_6_to_8,985,74,false,adj,tier2_fry_filtered+fry_rank_985+grade5_week33_item5 | tier1_ngsl_general+ngsl_rank_1185+bridge_from_beginner_grade_5+grade_estimate_6,intermediate,intermediate,20.955,21.039,7.347,beginner_seed;intermediate_seed,beginner_k_to_5.csv;intermediate_6_to_8.csv
north,3;6,6-8;k-5th grade,beginner_k_to_5;intermediate_6_to_8,372,73,false,n,tier2_fry_filtered+fry_rank_372+grade3_week14_item3 | tier1_ngsl_general+ngsl_rank_1205+bridge_from_beginner_grade_3+grade_estimate_6,intermediate,intermediate,20.951,21.035,7.343,beginner_seed;intermediate_seed,beginner_k_to_5.csv;intermediate_6_to_8.csv
view,4;6,6-8;k-5th grade,beginner_k_to_5;intermediate_6_to_8,293,336,false,n,tier2_fry_filtered+fry_rank_1000+grade4_week9_item19 | tier1_ngsl_general+ngsl_rank_293+bridge_from_beginner_grade_4+grade_estimate_6,intermediate,beginner,22.323,21.031,7.777,beginner_seed;intermediate_seed,beginner_k_to_5.csv;intermediate_6_to_8.csv
football,3;6,6-8;k-5th grade,beginner_k_to_5;intermediate_6_to_8,374,72,false,n,elementary_fill+grade3+grade3_week24_item6 | tier1_ngsl_general+ngsl_rank_1217+bridge_from_beginner_grade_3+grade_estimate_6,intermediate,intermediate,20.148,21.031,8.04,beginner_seed;intermediate_seed,beginner_k_to_5.csv;intermediate_6_to_8.csv
island,4;6,6-8;k-5th grade,beginner_k_to_5;intermediate_6_to_8,444,72,false,n,tier2_fry_filtered+fry_rank_444+grade4_week15_item4 | tier1_ngsl_general+ngsl_rank_1214+bridge_from_beginner_grade_4+grade_estimate_6,intermediate,intermediate,20.948,21.031,7.34,beginner_seed;intermediate_seed,beginner_k_to_5.csv;intermediate_6_to_8.csv
solve,4;6,6-8;k-5th grade,beginner_k_to_5;intermediate_6_to_8,603,72,false,v,tier2_fry_filtered+fry_rank_603+grade4_week31_item3 | tier1_ngsl_general+ngsl_rank_1221+bridge_from_beginner_grade_4+grade_estimate_6,intermediate,intermediate,20.948,21.031,7.34,beginner_seed;intermediate_seed,beginner_k_to_5.csv;intermediate_6_to_8.csv
neighbor,4;6,6-8;k-5th grade,beginner_k_to_5;intermediate_6_to_8,621,72,false,n,elementary_fill+grade4+grade4_week32_item1 | tier1_ngsl_general+ngsl_rank_1222+bridge_from_beginner_grade_4+grade_estimate_6,intermediate,intermediate,20.148,21.031,8.04,beginner_seed;intermediate_seed,beginner_k_to_5.csv;intermediate_6_to_8.csv
lesson,3;6,6-8;k-5th grade,beginner_k_to_5;intermediate_6_to_8,346,71,false,n,elementary_fill+grade3+grade3_week22_item10 | tier1_ngsl_general+ngsl_rank_1234+bridge_from_beginner_grade_3+grade_estimate_6,intermediate,intermediate,20.945,21.027,7.336,beginner_seed;intermediate_seed,beginner_k_to_5.csv;intermediate_6_to_8.csv
technique,5;6,6-8;k-5th grade,beginner_k_to_5;intermediate_6_to_8,420,71,false,n,elementary_fill+grade5+grade5_week21_item20 | tier1_ngsl_general+ngsl_rank_1224+bridge_from_beginner_grade_5+grade_estimate_6,intermediate,intermediate,20.145,21.027,8.036,beginner_seed;intermediate_seed,beginner_k_to_5.csv;intermediate_6_to_8.csv
surgeon,4;6,6-8;k-5th grade,beginner_k_to_5;intermediate_6_to_8,574,9,true,n,elementary_fill+grade4+grade4_week29_item14 | tier2_nawl_academic+nawl_rank_835+bridge_from_beginner_grade_4+grade_estimate_6,intermediate,intermediate,17.767,21.023,10.895,beginner_seed;intermediate_seed,beginner_k_to_5.csv;intermediate_6_to_8.csv
ticket,4;6,6-8;k-5th grade,beginner_k_to_5;intermediate_6_to_8,288,70,false,n,elementary_fill+grade4+grade4_week15_item8 | tier1_ngsl_general+ngsl_rank_1249+bridge_from_beginner_grade_4+grade_estimate_6,intermediate,intermediate,20.942,21.022,7.332,beginner_seed;intermediate_seed,beginner_k_to_5.csv;intermediate_6_to_8.csv
owner,4;6,6-8;k-5th grade,beginner_k_to_5;intermediate_6_to_8,375,70,false,n,elementary_fill+grade4+grade4_week19_item15 | tier1_ngsl_general+ngsl_rank_1258+bridge_from_beginner_grade_4+grade_estimate_6,intermediate,intermediate,20.942,21.022,7.332,beginner_seed;intermediate_seed,beginner_k_to_5.csv;intermediate_6_to_8.csv
marriage,4;6,6-8;k-5th grade,beginner_k_to_5;intermediate_6_to_8,581,70,false,n,elementary_fill+grade4+grade4_week30_item1 | tier1_ngsl_general+ngsl_rank_1248+bridge_from_beginner_grade_4+grade_estimate_6,intermediate,intermediate,20.142,21.022,8.032,beginner_seed;intermediate_seed,beginner_k_to_5.csv;intermediate_6_to_8.csv
bottom,5;6,6-8;k-5th grade,beginner_k_to_5;intermediate_6_to_8,685,70,false,n,tier2_fry_filtered+fry_rank_685+grade5_week3_item5 | tier1_ngsl_general+ngsl_rank_1242+bridge_from_beginner_grade_5+grade_estimate_6,intermediate,intermediate,20.942,21.022,7.332,beginner_seed;intermediate_seed,beginner_k_to_5.csv;intermediate_6_to_8.csv
commercial,5;6,6-8;k-5th grade,beginner_k_to_5;intermediate_6_to_8,191,69,false,adj,elementary_fill+grade5+grade5_week10_item11 | tier1_ngsl_general+ngsl_rank_1260+bridge_from_beginner_grade_5+grade_estimate_6,intermediate,intermediate,20.139,21.018,8.028,beginner_seed;intermediate_seed,beginner_k_to_5.csv;intermediate_6_to_8.csv
control,4;6,6-8;k-5th grade,beginner_k_to_5;intermediate_6_to_8,301,320,false,v,tier2_fry_filtered+fry_rank_752+grade4_week30_item15 | tier1_ngsl_general+ngsl_rank_301+bridge_from_beginner_grade_4+grade_estimate_6,intermediate,intermediate,20.511,21.015,7.763,beginner_seed;intermediate_seed,beginner_k_to_5.csv;intermediate_6_to_8.csv
secret,5;6,6-8;k-5th grade,beginner_k_to_5;intermediate_6_to_8,47,68,false,n,elementary_fill+grade5+grade5_week3_item7 | tier1_ngsl_general+ngsl_rank_1276+bridge_from_beginner_grade_5+grade_estimate_6,intermediate,intermediate,20.935,21.014,7.324,beginner_seed;intermediate_seed,beginner_k_to_5.csv;intermediate_6_to_8.csv
novel,5;6,6-8;k-5th grade,beginner_k_to_5;intermediate_6_to_8,164,68,false,n,elementary_fill+grade5+grade5_week9_item4 | tier1_ngsl_general+ngsl_rank_1278+bridge_from_beginner_grade_5+grade_estimate_6,intermediate,intermediate,20.935,21.014,7.324,beginner_seed;intermediate_seed,beginner_k_to_5.csv;intermediate_6_to_8.csv
pleasure,4;6,6-8;k-5th grade,beginner_k_to_5;intermediate_6_to_8,273,68,false,n,elementary_fill+grade4+grade4_week14_item13 | tier1_ngsl_general+ngsl_rank_1283+bridge_from_beginner_grade_4+grade_estimate_6,intermediate,intermediate,20.135,21.014,8.024,beginner_seed;intermediate_seed,beginner_k_to_5.csv;intermediate_6_to_8.csv
already,4;6,6-8;k-5th grade,beginner_k_to_5;intermediate_6_to_8,302,318,false,adv,tier2_fry_filtered+fry_rank_626+grade4_week33_item6 | tier1_ngsl_general+ngsl_rank_302+bridge_from_beginner_grade_4+grade_estimate_6,intermediate,intermediate,20.51,21.013,7.761,beginner_seed;intermediate_seed,beginner_k_to_5.csv;intermediate_6_to_8.csv
product,3;6,6-8;k-5th grade,beginner_k_to_5;intermediate_6_to_8,141,317,false,n,elementary_fill+grade3+grade3_week9_item13 | tier1_ngsl_general+ngsl_rank_304+buffer_from_beginner_grade_3+intermediate_buffer_addition+grade_estimate_6,intermediate,intermediate,20.509,21.012,7.76,beginner_seed;intermediate_seed,beginner_k_to_5.csv;intermediate_6_to_8.csv
concern,4;6,6-8;k-5th grade,beginner_k_to_5;intermediate_6_to_8,303,317,false,n,elementary_fill+grade4+grade4_week28_item7 | tier1_ngsl_general+ngsl_rank_303+bridge_from_beginner_grade_4+grade_estimate_6,intermediate,intermediate,20.509,21.012,7.76,beginner_seed;intermediate_seed,beginner_k_to_5.csv;intermediate_6_to_8.csv
essential,5;6,6-8;k-5th grade,beginner_k_to_5;intermediate_6_to_8,211,67,false,adj,elementary_fill+grade5+grade5_week11_item11 | tier1_ngsl_general+ngsl_rank_1290+bridge_from_beginner_grade_5+grade_estimate_6,intermediate,intermediate,20.132,21.009,8.021,beginner_seed;intermediate_seed,beginner_k_to_5.csv;intermediate_6_to_8.csv
earth,3;6,6-8;k-5th grade,beginner_k_to_5;intermediate_6_to_8,218,67,false,n,tier2_fry_filtered+fry_rank_218+grade3_week4_item4 | tier1_ngsl_general+ngsl_rank_1288+bridge_from_beginner_grade_3+grade_estimate_6,intermediate,intermediate,20.932,21.009,7.321,beginner_seed;intermediate_seed,beginner_k_to_5.csv;intermediate_6_to_8.csv
flower,3;6,6-8;k-5th grade,beginner_k_to_5;intermediate_6_to_8,310,67,false,n,elementary_fill+grade3+grade3_week20_item6 | tier1_ngsl_general+ngsl_rank_1301+bridge_from_beginner_grade_3+grade_estimate_6,intermediate,intermediate,20.932,21.009,7.321,beginner_seed;intermediate_seed,beginner_k_to_5.csv;intermediate_6_to_8.csv
powerful,5;6,6-8;k-5th grade,beginner_k_to_5;intermediate_6_to_8,396,67,false,adj,elementary_fill+grade5+grade5_week20_item16 | tier1_ngsl_general+ngsl_rank_1300+bridge_from_beginner_grade_5+grade_estimate_6,intermediate,intermediate,20.132,21.009,8.021,beginner_seed;intermediate_seed,beginner_k_to_5.csv;intermediate_6_to_8.csv
engineer,4;6,6-8;k-5th grade,beginner_k_to_5;intermediate_6_to_8,396,66,false,n,elementary_fill+grade4+grade4_week20_item16 | tier1_ngsl_general+ngsl_rank_1312+bridge_from_beginner_grade_4+grade_estimate_6,intermediate,intermediate,20.128,21.005,8.017,beginner_seed;intermediate_seed,beginner_k_to_5.csv;intermediate_6_to_8.csv
quiet,3;6,6-8;k-5th grade,beginner_k_to_5;intermediate_6_to_8,664,66,false,adj,tier2_fry_filtered+fry_rank_664+grade3_week24_item12 | tier1_ngsl_general+ngsl_rank_1313+bridge_from_beginner_grade_3+grade_estimate_6,intermediate,intermediate,20.928,21.005,7.317,beginner_seed;intermediate_seed,beginner_k_to_5.csv;intermediate_6_to_8.csv
fresh,4;6,6-8;k-5th grade,beginner_k_to_5;intermediate_6_to_8,937,66,false,adj,tier2_fry_filtered+fry_rank_937+grade4_week2_item8 | tier1_ngsl_general+ngsl_rank_1309+bridge_from_beginner_grade_4+grade_estimate_6,intermediate,intermediate,20.928,21.005,7.317,beginner_seed;intermediate_seed,beginner_k_to_5.csv;intermediate_6_to_8.csv
winter,3;6,6-8;k-5th grade,beginner_k_to_5;intermediate_6_to_8,554,65,false,n,tier2_fry_filtered+fry_rank_554+grade3_week25_item1 | tier1_ngsl_general+ngsl_rank_1328+bridge_from_beginner_grade_3+grade_estimate_6,intermediate,intermediate,20.925,21.0,7.313,beginner_seed;intermediate_seed,beginner_k_to_5.csv;intermediate_6_to_8.csv
district,4;6,6-8;k-5th grade,beginner_k_to_5;intermediate_6_to_8,700,65,false,n,elementary_fill+grade4+grade4_week35_item20 | tier1_ngsl_general+ngsl_rank_1329+bridge_from_beginner_grade_4+grade_estimate_6,intermediate,intermediate,20.125,21.0,8.013,beginner_seed;intermediate_seed,beginner_k_to_5.csv;intermediate_6_to_8.csv
lunch,3;6,6-8;k-5th grade,beginner_k_to_5;intermediate_6_to_8,23,64,false,n,elementary_fill+grade3+grade3_week2_item7 | tier1_ngsl_general+ngsl_rank_1334+bridge_from_beginner_grade_3+grade_estimate_6,intermediate,intermediate,20.922,20.995,7.308,beginner_seed;intermediate_seed,beginner_k_to_5.csv;intermediate_6_to_8.csv
coach,4;6,6-8;k-5th grade,beginner_k_to_5;intermediate_6_to_8,224,64,false,n,elementary_fill+grade4+grade4_week12_item4 | tier1_ngsl_general+ngsl_rank_1342+bridge_from_beginner_grade_4+grade_estimate_6,intermediate,intermediate,20.922,20.995,7.308,beginner_seed;intermediate_seed,beginner_k_to_5.csv;intermediate_6_to_8.csv
actor,4;6,6-8;k-5th grade,beginner_k_to_5;intermediate_6_to_8,456,63,false,n,elementary_fill+grade4+grade4_week23_item16 | tier1_ngsl_general+ngsl_rank_1369+bridge_from_beginner_grade_4+grade_estimate_6,intermediate,intermediate,20.918,20.991,7.304,beginner_seed;intermediate_seed,beginner_k_to_5.csv;intermediate_6_to_8.csv
afraid,5;6,6-8;k-5th grade,beginner_k_to_5;intermediate_6_to_8,944,63,false,adj,tier2_fry_filtered+fry_rank_944+grade5_week29_item4 | tier1_ngsl_general+ngsl_rank_1353+bridge_from_beginner_grade_5+grade_estimate_6,intermediate,intermediate,20.918,20.991,7.304,beginner_seed;intermediate_seed,beginner_k_to_5.csv;intermediate_6_to_8.csv
shock,3;6,6-8;k-5th grade,beginner_k_to_5;intermediate_6_to_8,136,62,false,n,elementary_fill+grade3+grade3_week9_item8 | tier1_ngsl_general+ngsl_rank_1383+bridge_from_beginner_grade_3+grade_estimate_6,intermediate,intermediate,20.914,20.986,7.3,beginner_seed;intermediate_seed,beginner_k_to_5.csv;intermediate_6_to_8.csv
finance,5;6,6-8;k-5th grade,beginner_k_to_5;intermediate_6_to_8,248,62,false,n,elementary_fill+grade5+grade5_week13_item8 | tier1_ngsl_general+ngsl_rank_1379+bridge_from_beginner_grade_5+grade_estimate_6,intermediate,intermediate,20.114,20.986,8.7,beginner_seed;intermediate_seed,beginner_k_to_5.csv;intermediate_6_to_8.csv
carefully,3;6,6-8;k-5th grade,beginner_k_to_5;intermediate_6_to_8,437,62,false,adv,tier2_fry_filtered+fry_rank_437+grade3_week29_item11 | tier1_ngsl_general+ngsl_rank_1386+bridge_from_beginner_grade_3+grade_estimate_6,intermediate,intermediate,20.114,20.986,8.0,beginner_seed;intermediate_seed,beginner_k_to_5.csv;intermediate_6_to_8.csv
camera,4;6,6-8;k-5th grade,beginner_k_to_5;intermediate_6_to_8,623,62,false,n,elementary_fill+grade4+grade4_week32_item3 | tier1_ngsl_general+ngsl_rank_1390+bridge_from_beginner_grade_4+grade_estimate_6,intermediate,intermediate,20.914,20.986,7.3,beginner_seed;intermediate_seed,beginner_k_to_5.csv;intermediate_6_to_8.csv
stone,3;6,6-8;k-5th grade,beginner_k_to_5;intermediate_6_to_8,667,62,false,n,tier2_fry_filtered+fry_rank_667+grade3_week4_item6 | tier1_ngsl_general+ngsl_rank_1374+bridge_from_beginner_grade_3+grade_estimate_6,intermediate,intermediate,20.914,20.986,7.3,beginner_seed;intermediate_seed,beginner_k_to_5.csv;intermediate_6_to_8.csv
opposite,5;6,6-8;k-5th grade,beginner_k_to_5;intermediate_6_to_8,931,62,false,n,tier2_fry_filtered+fry_rank_931+grade5_week28_item1 | tier1_ngsl_general+ngsl_rank_1373+bridge_from_beginner_grade_5+grade_estimate_6,intermediate,intermediate,20.114,20.986,8.0,beginner_seed;intermediate_seed,beginner_k_to_5.csv;intermediate_6_to_8.csv
museum,5;6,6-8;k-5th grade,beginner_k_to_5;intermediate_6_to_8,384,61,false,n,elementary_fill+grade5+grade5_week20_item4 | tier1_ngsl_general+ngsl_rank_1397+bridge_from_beginner_grade_5+grade_estimate_6,intermediate,intermediate,20.911,20.981,7.296,beginner_seed;intermediate_seed,beginner_k_to_5.csv;intermediate_6_to_8.csv
route,5;6,6-8;k-5th grade,beginner_k_to_5;intermediate_6_to_8,19,60,false,n,elementary_fill+grade5+grade5_week1_item19 | tier1_ngsl_general+ngsl_rank_1410+bridge_from_beginner_grade_5+grade_estimate_6,intermediate,intermediate,20.907,20.976,7.292,beginner_seed;intermediate_seed,beginner_k_to_5.csv;intermediate_6_to_8.csv
belong,3;6,6-8;k-5th grade,beginner_k_to_5;intermediate_6_to_8,823,60,false,v,tier2_fry_filtered+fry_rank_823+grade3_week26_item8 | tier1_ngsl_general+ngsl_rank_1412+bridge_from_beginner_grade_3+grade_estimate_6,intermediate,intermediate,20.907,20.976,7.292,beginner_seed;intermediate_seed,beginner_k_to_5.csv;intermediate_6_to_8.csv
several,4;6,6-8;k-5th grade,beginner_k_to_5;intermediate_6_to_8,348,285,false,adj,tier2_fry_filtered+fry_rank_357+grade4_week6_item7 | tier1_ngsl_general+ngsl_rank_348+bridge_from_beginner_grade_4+grade_estimate_6,intermediate,intermediate,20.482,20.976,7.729,beginner_seed;intermediate_seed,beginner_k_to_5.csv;intermediate_6_to_8.csv
develop,4;6,6-8;k-5th grade,beginner_k_to_5;intermediate_6_to_8,350,282,false,v,elementary_fill+grade4+grade4_week24_item10 | tier1_ngsl_general+ngsl_rank_350+bridge_from_beginner_grade_4+grade_estimate_6,intermediate,intermediate,20.479,20.972,7.726,beginner_seed;intermediate_seed,beginner_k_to_5.csv;intermediate_6_to_8.csv
climb,5;6,6-8;k-5th grade,beginner_k_to_5;intermediate_6_to_8,84,59,false,v,elementary_fill+grade5+grade5_week5_item4 | tier1_ngsl_general+ngsl_rank_1434+bridge_from_beginner_grade_5+grade_estimate_6,intermediate,intermediate,20.903,20.971,7.287,beginner_seed;intermediate_seed,beginner_k_to_5.csv;intermediate_6_to_8.csv
noise,3;6,6-8;k-5th grade,beginner_k_to_5;intermediate_6_to_8,186,59,false,n,elementary_fill+grade3+grade3_week12_item10 | tier1_ngsl_general+ngsl_rank_1440+bridge_from_beginner_grade_3+grade_estimate_6,intermediate,intermediate,20.903,20.971,7.287,beginner_seed;intermediate_seed,beginner_k_to_5.csv;intermediate_6_to_8.csv
guest,4;6,6-8;k-5th grade,beginner_k_to_5;intermediate_6_to_8,422,59,false,n,elementary_fill+grade4+grade4_week22_item2 | tier1_ngsl_general+ngsl_rank_1430+bridge_from_beginner_grade_4+grade_estimate_6,intermediate,intermediate,20.903,20.971,7.287,beginner_seed;intermediate_seed,beginner_k_to_5.csv;intermediate_6_to_8.csv
civil,3;6,6-8;k-5th grade,beginner_k_to_5;intermediate_6_to_8,156,58,false,n,elementary_fill+grade3+grade3_week10_item12 | tier1_ngsl_general+ngsl_rank_1449+bridge_from_beginner_grade_3+grade_estimate_6,intermediate,intermediate,20.9,20.966,7.283,beginner_seed;intermediate_seed,beginner_k_to_5.csv;intermediate_6_to_8.csv
ignore,5;6,6-8;k-5th grade,beginner_k_to_5;intermediate_6_to_8,303,58,false,n,elementary_fill+grade5+grade5_week16_item3 | tier1_ngsl_general+ngsl_rank_1446+bridge_from_beginner_grade_5+grade_estimate_6,intermediate,intermediate,20.9,20.966,7.283,beginner_seed;intermediate_seed,beginner_k_to_5.csv;intermediate_6_to_8.csv
skip,2;6,6-8;k-5th grade,beginner_k_to_5;intermediate_6_to_8,47,6,true,n,elementary_fill+grade2+grade2_week3_item15 | tier2_nawl_academic+nawl_rank_867+bridge_from_beginner_grade_2+grade_estimate_6,intermediate,intermediate,19.522,20.963,10.843,beginner_seed;intermediate_seed,beginner_k_to_5.csv;intermediate_6_to_8.csv
quiz,4;6,6-8;k-5th grade,beginner_k_to_5;intermediate_6_to_8,68,6,true,n,elementary_fill+grade4+grade4_week4_item8 | tier2_nawl_academic+nawl_rank_876+bridge_from_beginner_grade_4+grade_estimate_6,intermediate,intermediate,19.522,20.963,10.843,beginner_seed;intermediate_seed,beginner_k_to_5.csv;intermediate_6_to_8.csv
subject,4;6,6-8;k-5th grade,beginner_k_to_5;intermediate_6_to_8,361,273,false,n,tier2_fry_filtered+fry_rank_518+grade4_week22_item8 | tier1_ngsl_general+ngsl_rank_361+bridge_from_beginner_grade_4+grade_estimate_6,intermediate,intermediate,20.471,20.961,7.716,beginner_seed;intermediate_seed,beginner_k_to_5.csv;intermediate_6_to_8.csv
tough,2;6,6-8;k-5th grade,beginner_k_to_5;intermediate_6_to_8,356,57,false,n,elementary_fill+grade2+grade2_week23_item4 | tier1_ngsl_general+ngsl_rank_1469+buffer_from_beginner_grade_2+intermediate_buffer_addition+grade_estimate_6,intermediate,intermediate,20.896,20.961,7.278,beginner_seed;intermediate_seed,beginner_k_to_5.csv;intermediate_6_to_8.csv
half,4;6,6-8;k-5th grade,beginner_k_to_5;intermediate_6_to_8,365,269,false,n,tier2_fry_filtered+fry_rank_404+grade4_week11_item4 | tier1_ngsl_general+ngsl_rank_365+bridge_from_beginner_grade_4+grade_estimate_6,intermediate,beginner,22.267,20.956,7.712,beginner_seed;intermediate_seed,beginner_k_to_5.csv;intermediate_6_to_8.csv
escape,5;6,6-8;k-5th grade,beginner_k_to_5;intermediate_6_to_8,170,56,false,n,elementary_fill+grade5+grade5_week9_item10 | tier1_ngsl_general+ngsl_rank_1482+bridge_from_beginner_grade_5+grade_estimate_6,intermediate,intermediate,20.892,20.956,7.274,beginner_seed;intermediate_seed,beginner_k_to_5.csv;intermediate_6_to_8.csv
relax,4;6,6-8;k-5th grade,beginner_k_to_5;intermediate_6_to_8,183,56,false,n,elementary_fill+grade4+grade4_week10_item3 | tier1_ngsl_general+ngsl_rank_1485+bridge_from_beginner_grade_4+grade_estimate_6,intermediate,intermediate,20.892,20.956,7.274,beginner_seed;intermediate_seed,beginner_k_to_5.csv;intermediate_6_to_8.csv
border,3;6,6-8;k-5th grade,beginner_k_to_5;intermediate_6_to_8,550,56,false,n,elementary_fill+grade3+grade3_week35_item6 | tier1_ngsl_general+ngsl_rank_1473+bridge_from_beginner_grade_3+grade_estimate_6,intermediate,intermediate,20.892,20.956,7.274,beginner_seed;intermediate_seed,beginner_k_to_5.csv;intermediate_6_to_8.csv
afford,4;6,6-8;k-5th grade,beginner_k_to_5;intermediate_6_to_8,569,56,false,n,elementary_fill+grade4+grade4_week29_item9 | tier1_ngsl_general+ngsl_rank_1488+bridge_from_beginner_grade_4+grade_estimate_6,intermediate,intermediate,20.892,20.956,7.274,beginner_seed;intermediate_seed,beginner_k_to_5.csv;intermediate_6_to_8.csv
per,4;6,6-8;k-5th grade,beginner_k_to_5;intermediate_6_to_8,373,265,false,n,tier2_fry_filtered+fry_rank_657+grade_estimated_from_fry_rank | tier1_ngsl_general+ngsl_rank_373+bridge_from_beginner_grade_4+grade_estimate_6,intermediate,beginner,22.264,20.951,7.708,beginner_seed;intermediate_seed,beginner_k_to_5.csv;intermediate_6_to_8.csv
finger,4;6,6-8;k-5th grade,beginner_k_to_5;intermediate_6_to_8,2,55,false,n,elementary_fill+grade4+grade4_week1_item2 | tier1_ngsl_general+ngsl_rank_1503+bridge_from_beginner_grade_4+grade_estimate_6,intermediate,intermediate,20.888,20.95,7.269,beginner_seed;intermediate_seed,beginner_k_to_5.csv;intermediate_6_to_8.csv
signal,3;6,6-8;k-5th grade,beginner_k_to_5;intermediate_6_to_8,568,55,false,adj,elementary_fill+grade3+grade3_week36_item8 | tier1_ngsl_general+ngsl_rank_1502+bridge_from_beginner_grade_3+grade_estimate_6,intermediate,intermediate,20.888,20.95,7.269,beginner_seed;intermediate_seed,beginner_k_to_5.csv;intermediate_6_to_8.csv
internal,5;6,6-8;k-5th grade,beginner_k_to_5;intermediate_6_to_8,285,54,false,adj,elementary_fill+grade5+grade5_week15_item5 | tier1_ngsl_general+ngsl_rank_1517+bridge_from_beginner_grade_5+grade_estimate_6,intermediate,intermediate,20.084,20.945,7.964,beginner_seed;intermediate_seed,beginner_k_to_5.csv;intermediate_6_to_8.csv
slowly,4;6,6-8;k-5th grade,beginner_k_to_5;intermediate_6_to_8,373,54,false,adv,tier2_fry_filtered+fry_rank_373+grade4_week8_item3 | tier1_ngsl_general+ngsl_rank_1512+bridge_from_beginner_grade_4+grade_estimate_6,intermediate,intermediate,20.884,20.945,7.264,beginner_seed;intermediate_seed,beginner_k_to_5.csv;intermediate_6_to_8.csv
chain,4;6,6-8;k-5th grade,beginner_k_to_5;intermediate_6_to_8,409,54,false,n,elementary_fill+grade4+grade4_week21_item9 | tier1_ngsl_general+ngsl_rank_1518+bridge_from_beginner_grade_4+grade_estimate_6,intermediate,intermediate,20.884,20.945,7.264,beginner_seed;intermediate_seed,beginner_k_to_5.csv;intermediate_6_to_8.csv
frame,4;6,6-8;k-5th grade,beginner_k_to_5;intermediate_6_to_8,626,54,false,n,elementary_fill+grade4+grade4_week32_item6 | tier1_ngsl_general+ngsl_rank_1511+bridge_from_beginner_grade_4+grade_estimate_6,intermediate,intermediate,20.884,20.945,7.264,beginner_seed;intermediate_seed,beginner_k_to_5.csv;intermediate_6_to_8.csv
history,3;6,6-8;k-5th grade,beginner_k_to_5;intermediate_6_to_8,385,258,false,adj,tier2_fry_filtered+fry_rank_787+grade3_week7_item12 | tier1_ngsl_general+ngsl_rank_385+buffer_from_beginner_grade_3+intermediate_buffer_addition+grade_estimate_6,intermediate,intermediate,20.457,20.943,7.7,beginner_seed;intermediate_seed,beginner_k_to_5.csv;intermediate_6_to_8.csv
type,4;6,6-8;k-5th grade,beginner_k_to_5;intermediate_6_to_8,389,257,false,n,tier2_fry_filtered+fry_rank_639+grade4_week34_item9 | tier1_ngsl_general+ngsl_rank_389+bridge_from_beginner_grade_4+grade_estimate_6,intermediate,beginner,22.256,20.941,7.699,beginner_seed;intermediate_seed,beginner_k_to_5.csv;intermediate_6_to_8.csv
rope,2;6,6-8;k-5th grade,beginner_k_to_5;intermediate_6_to_8,891,5,true,n,tier2_fry_filtered+fry_rank_981+grade2_week25_item7 | tier2_nawl_academic+nawl_rank_891+bridge_from_beginner_grade_2+grade_estimate_6,intermediate,intermediate,19.506,20.941,10.823,beginner_seed;intermediate_seed,beginner_k_to_5.csv;intermediate_6_to_8.csv
plenty,4;6,6-8;k-5th grade,beginner_k_to_5;intermediate_6_to_8,182,53,false,n,elementary_fill+grade4+grade4_week10_item2 | tier1_ngsl_general+ngsl_rank_1542+bridge_from_beginner_grade_4+grade_estimate_6,intermediate,intermediate,20.88,20.939,7.26,beginner_seed;intermediate_seed,beginner_k_to_5.csv;intermediate_6_to_8.csv
bridge,4;6,6-8;k-5th grade,beginner_k_to_5;intermediate_6_to_8,348,53,false,n,elementary_fill+grade4+grade4_week18_item8 | tier1_ngsl_general+ngsl_rank_1546+bridge_from_beginner_grade_4+grade_estimate_6,intermediate,intermediate,20.88,20.939,7.26,beginner_seed;intermediate_seed,beginner_k_to_5.csv;intermediate_6_to_8.csv
forest,3;6,6-8;k-5th grade,beginner_k_to_5;intermediate_6_to_8,549,53,false,n,tier2_fry_filtered+fry_rank_549+grade3_week21_item16 | tier1_ngsl_general+ngsl_rank_1527+bridge_from_beginner_grade_3+grade_estimate_6,intermediate,intermediate,20.88,20.939,7.26,beginner_seed;intermediate_seed,beginner_k_to_5.csv;intermediate_6_to_8.csv
grade,3;6,6-8;k-5th grade,beginner_k_to_5;intermediate_6_to_8,38,52,false,n,elementary_fill+grade3+grade3_week3_item6 | tier1_ngsl_general+ngsl_rank_1559+bridge_from_beginner_grade_3+grade_estimate_6,intermediate,intermediate,20.875,20.934,7.255,beginner_seed;intermediate_seed,beginner_k_to_5.csv;intermediate_6_to_8.csv
abuse,4;6,6-8;k-5th grade,beginner_k_to_5;intermediate_6_to_8,451,52,false,n,elementary_fill+grade4+grade4_week23_item11 | tier1_ngsl_general+ngsl_rank_1553+bridge_from_beginner_grade_4+grade_estimate_6,intermediate,intermediate,20.875,20.934,7.255,beginner_seed;intermediate_seed,beginner_k_to_5.csv;intermediate_6_to_8.csv
principal,4;6,6-8;k-5th grade,beginner_k_to_5;intermediate_6_to_8,541,52,false,adj,elementary_fill+grade4+grade4_week28_item1 | tier1_ngsl_general+ngsl_rank_1555+bridge_from_beginner_grade_4+grade_estimate_6,intermediate,intermediate,20.075,20.934,7.955,beginner_seed;intermediate_seed,beginner_k_to_5.csv;intermediate_6_to_8.csv
general,3;6,6-8;k-5th grade,beginner_k_to_5;intermediate_6_to_8,404,248,false,adj,tier2_fry_filtered+fry_rank_516+grade3_week31_item16 | tier1_ngsl_general+ngsl_rank_404+buffer_from_beginner_grade_3+intermediate_buffer_addition+grade_estimate_6,intermediate,intermediate,20.447,20.929,7.688,beginner_seed;intermediate_seed,beginner_k_to_5.csv;intermediate_6_to_8.csv
theme,3;6,6-8;k-5th grade,beginner_k_to_5;intermediate_6_to_8,41,51,false,n,elementary_fill+grade3+grade3_week3_item9 | tier1_ngsl_general+ngsl_rank_1572+bridge_from_beginner_grade_3+grade_estimate_6,intermediate,intermediate,20.871,20.928,7.25,beginner_seed;intermediate_seed,beginner_k_to_5.csv;intermediate_6_to_8.csv
perhaps,4;6,6-8;k-5th grade,beginner_k_to_5;intermediate_6_to_8,413,246,false,adv,tier2_fry_filtered+fry_rank_505+grade4_week21_item5 | tier1_ngsl_general+ngsl_rank_413+bridge_from_beginner_grade_4+grade_estimate_6,intermediate,intermediate,20.445,20.927,7.686,beginner_seed;intermediate_seed,beginner_k_to_5.csv;intermediate_6_to_8.csv
youth,4;6,6-8;k-5th grade,beginner_k_to_5;intermediate_6_to_8,453,50,false,n,elementary_fill+grade4+grade4_week23_item13 | tier1_ngsl_general+ngsl_rank_1603+bridge_from_beginner_grade_4+grade_estimate_6,intermediate,intermediate,20.867,20.923,7.245,beginner_seed;intermediate_seed,beginner_k_to_5.csv;intermediate_6_to_8.csv
lovely,3;6,6-8;k-5th grade,beginner_k_to_5;intermediate_6_to_8,474,50,false,n,elementary_fill+grade3+grade3_week30_item10 | tier1_ngsl_general+ngsl_rank_1600+bridge_from_beginner_grade_3+grade_estimate_6,intermediate,intermediate,20.867,20.923,7.245,beginner_seed;intermediate_seed,beginner_k_to_5.csv;intermediate_6_to_8.csv
empty,3;6,6-8;k-5th grade,beginner_k_to_5;intermediate_6_to_8,499,50,false,adj,elementary_fill+grade3+grade3_week32_item3 | tier1_ngsl_general+ngsl_rank_1592+bridge_from_beginner_grade_3+grade_estimate_6,intermediate,intermediate,20.867,20.923,7.245,beginner_seed;intermediate_seed,beginner_k_to_5.csv;intermediate_6_to_8.csv
shoulder,3;6,6-8;k-5th grade,beginner_k_to_5;intermediate_6_to_8,893,50,false,n,tier2_fry_filtered+fry_rank_893+grade3_week9_item12 | tier1_ngsl_general+ngsl_rank_1610+bridge_from_beginner_grade_3+grade_estimate_6,intermediate,intermediate,20.067,20.923,7.945,beginner_seed;intermediate_seed,beginner_k_to_5.csv;intermediate_6_to_8.csv
produce,4;6,6-8;k-5th grade,beginner_k_to_5;intermediate_6_to_8,417,243,false,v,tier2_fry_filtered+fry_rank_430+grade4_week13_item10 | tier1_ngsl_general+ngsl_rank_417+bridge_from_beginner_grade_4+grade_estimate_6,intermediate,intermediate,20.442,20.922,7.682,beginner_seed;intermediate_seed,beginner_k_to_5.csv;intermediate_6_to_8.csv
relief,4;6,6-8;k-5th grade,beginner_k_to_5;intermediate_6_to_8,166,49,false,n,elementary_fill+grade4+grade4_week9_item6 | tier1_ngsl_general+ngsl_rank_1623+bridge_from_beginner_grade_4+grade_estimate_6,intermediate,intermediate,20.863,20.917,7.24,beginner_seed;intermediate_seed,beginner_k_to_5.csv;intermediate_6_to_8.csv
engine,3;6,6-8;k-5th grade,beginner_k_to_5;intermediate_6_to_8,738,49,false,n,tier2_fry_filtered+fry_rank_738+grade3_week11_item9 | tier1_ngsl_general+ngsl_rank_1617+bridge_from_beginner_grade_3+grade_estimate_6,intermediate,intermediate,20.863,20.917,7.24,beginner_seed;intermediate_seed,beginner_k_to_5.csv;intermediate_6_to_8.csv
mental,4;6,6-8;k-5th grade,beginner_k_to_5;intermediate_6_to_8,92,48,false,adj,elementary_fill+grade4+grade4_week5_item12 | tier1_ngsl_general+ngsl_rank_1649+bridge_from_beginner_grade_4+grade_estimate_6,intermediate,intermediate,20.858,20.911,7.234,beginner_seed;intermediate_seed,beginner_k_to_5.csv;intermediate_6_to_8.csv
suitable,5;6,6-8;k-5th grade,beginner_k_to_5;intermediate_6_to_8,93,48,false,adj,elementary_fill+grade5+grade5_week5_item13 | tier1_ngsl_general+ngsl_rank_1638+bridge_from_beginner_grade_5+grade_estimate_6,intermediate,intermediate,20.058,20.911,7.934,beginner_seed;intermediate_seed,beginner_k_to_5.csv;intermediate_6_to_8.csv
account,3;6,6-8;k-5th grade,beginner_k_to_5;intermediate_6_to_8,205,231,false,n,elementary_fill+grade3+grade3_week13_item13 | tier1_ngsl_general+ngsl_rank_436+buffer_from_beginner_grade_3+intermediate_buffer_addition+grade_estimate_6,intermediate,intermediate,20.429,20.906,7.667,beginner_seed;intermediate_seed,beginner_k_to_5.csv;intermediate_6_to_8.csv
constant,5;6,6-8;k-5th grade,beginner_k_to_5;intermediate_6_to_8,41,47,false,adj,elementary_fill+grade5+grade5_week3_item1 | tier1_ngsl_general+ngsl_rank_1668+bridge_from_beginner_grade_5+grade_estimate_6,intermediate,intermediate,20.054,20.905,7.929,beginner_seed;intermediate_seed,beginner_k_to_5.csv;intermediate_6_to_8.csv
disappear,3;6,6-8;k-5th grade,beginner_k_to_5;intermediate_6_to_8,222,47,false,n,elementary_fill+grade3+grade3_week14_item14 | tier1_ngsl_general+ngsl_rank_1665+bridge_from_beginner_grade_3+grade_estimate_6,intermediate,intermediate,20.054,20.905,7.929,beginner_seed;intermediate_seed,beginner_k_to_5.csv;intermediate_6_to_8.csv
special,4;6,6-8;k-5th grade,beginner_k_to_5;intermediate_6_to_8,443,228,false,adj,tier2_fry_filtered+fry_rank_494+grade4_week20_item4 | tier1_ngsl_general+ngsl_rank_443+bridge_from_beginner_grade_4+grade_estimate_6,intermediate,intermediate,20.426,20.901,7.664,beginner_seed;intermediate_seed,beginner_k_to_5.csv;intermediate_6_to_8.csv
phase,3;6,6-8;k-5th grade,beginner_k_to_5;intermediate_6_to_8,256,46,false,n,elementary_fill+grade3+grade3_week16_item16 | tier1_ngsl_general+ngsl_rank_1697+bridge_from_beginner_grade_3+grade_estimate_6,intermediate,intermediate,20.849,20.899,7.224,beginner_seed;intermediate_seed,beginner_k_to_5.csv;intermediate_6_to_8.csv
surely,4;6,6-8;k-5th grade,beginner_k_to_5;intermediate_6_to_8,593,46,false,adv,elementary_fill+grade4+grade4_week30_item13 | tier1_ngsl_general+ngsl_rank_1676+bridge_from_beginner_grade_4+grade_estimate_6,intermediate,intermediate,20.849,20.899,7.224,beginner_seed;intermediate_seed,beginner_k_to_5.csv;intermediate_6_to_8.csv
certain,4;6,6-8;k-5th grade,beginner_k_to_5;intermediate_6_to_8,395,223,false,adj,tier2_fry_filtered+fry_rank_395+grade4_week1_item12 | tier1_ngsl_general+ngsl_rank_451+bridge_from_beginner_grade_4+grade_estimate_6,intermediate,intermediate,20.42,20.894,7.657,beginner_seed;intermediate_seed,beginner_k_to_5.csv;intermediate_6_to_8.csv
forward,4;6,6-8;k-5th grade,beginner_k_to_5;intermediate_6_to_8,452,223,false,adj,tier2_fry_filtered+fry_rank_955+grade4_week26_item2 | tier1_ngsl_general+ngsl_rank_452+bridge_from_beginner_grade_4+grade_estimate_6,intermediate,intermediate,20.42,20.894,7.657,beginner_seed;intermediate_seed,beginner_k_to_5.csv;intermediate_6_to_8.csv
reject,4;6,6-8;k-5th grade,beginner_k_to_5;intermediate_6_to_8,447,45,false,n,elementary_fill+grade4+grade4_week23_item7 | tier1_ngsl_general+ngsl_rank_1703+bridge_from_beginner_grade_4+grade_estimate_6,intermediate,intermediate,20.844,20.892,7.218,beginner_seed;intermediate_seed,beginner_k_to_5.csv;intermediate_6_to_8.csv
column,5;6,6-8;k-5th grade,beginner_k_to_5;intermediate_6_to_8,923,45,false,n,tier2_fry_filtered+fry_rank_923+grade5_week27_item3 | tier1_ngsl_general+ngsl_rank_1721+bridge_from_beginner_grade_5+grade_estimate_6,intermediate,intermediate,20.844,20.892,7.218,beginner_seed;intermediate_seed,beginner_k_to_5.csv;intermediate_6_to_8.csv
assistant,5;6,6-8;k-5th grade,beginner_k_to_5;intermediate_6_to_8,11,44,false,adj,elementary_fill+grade5+grade5_week1_item11 | tier1_ngsl_general+ngsl_rank_1739+bridge_from_beginner_grade_5+grade_estimate_6,intermediate,intermediate,20.039,20.886,7.913,beginner_seed;intermediate_seed,beginner_k_to_5.csv;intermediate_6_to_8.csv
mobile,4;6,6-8;k-5th grade,beginner_k_to_5;intermediate_6_to_8,113,44,false,n,elementary_fill+grade4+grade4_week6_item13 | tier1_ngsl_general+ngsl_rank_1738+bridge_from_beginner_grade_4+grade_estimate_6,intermediate,intermediate,20.839,20.886,7.213,beginner_seed;intermediate_seed,beginner_k_to_5.csv;intermediate_6_to_8.csv
coast,5;6,6-8;k-5th grade,beginner_k_to_5;intermediate_6_to_8,763,44,false,n,tier2_fry_filtered+fry_rank_763+grade5_week11_item3 | tier1_ngsl_general+ngsl_rank_1728+bridge_from_beginner_grade_5+grade_estimate_6,intermediate,intermediate,20.839,20.886,7.213,beginner_seed;intermediate_seed,beginner_k_to_5.csv;intermediate_6_to_8.csv
chart,2;6,6-8;k-5th grade,beginner_k_to_5;intermediate_6_to_8,933,44,false,n,tier2_fry_filtered+fry_rank_933+grade2_week22_item12 | tier1_ngsl_general+ngsl_rank_1741+buffer_from_beginner_grade_2+intermediate_buffer_addition+grade_estimate_6,intermediate,intermediate,20.839,20.886,7.213,beginner_seed;intermediate_seed,beginner_k_to_5.csv;intermediate_6_to_8.csv
academic,4;6,6-8;k-5th grade,beginner_k_to_5;intermediate_6_to_8,358,43,false,adj,elementary_fill+grade4+grade4_week18_item18 | tier1_ngsl_general+ngsl_rank_1751+bridge_from_beginner_grade_4+grade_estimate_6,intermediate,intermediate,20.035,20.879,7.907,beginner_seed;intermediate_seed,beginner_k_to_5.csv;intermediate_6_to_8.csv
northern,5;6,6-8;k-5th grade,beginner_k_to_5;intermediate_6_to_8,968,43,false,adj,tier2_fry_filtered+fry_rank_968+grade5_week31_item8 | tier1_ngsl_general+ngsl_rank_1770+bridge_from_beginner_grade_5+grade_estimate_6,intermediate,intermediate,20.035,20.879,7.907,beginner_seed;intermediate_seed,beginner_k_to_5.csv;intermediate_6_to_8.csv
emotion,4;6,6-8;k-5th grade,beginner_k_to_5;intermediate_6_to_8,104,42,false,n,elementary_fill+grade4+grade4_week6_item4 | tier1_ngsl_general+ngsl_rank_1783+bridge_from_beginner_grade_4+grade_estimate_6,intermediate,intermediate,20.03,20.873,8.601,beginner_seed;intermediate_seed,beginner_k_to_5.csv;intermediate_6_to_8.csv
permanent,4;6,6-8;k-5th grade,beginner_k_to_5;intermediate_6_to_8,459,42,false,adj,elementary_fill+grade4+grade4_week23_item19 | tier1_ngsl_general+ngsl_rank_1782+bridge_from_beginner_grade_4+grade_estimate_6,intermediate,intermediate,20.03,20.873,7.901,beginner_seed;intermediate_seed,beginner_k_to_5.csv;intermediate_6_to_8.csv
merely,4;6,6-8;k-5th grade,beginner_k_to_5;intermediate_6_to_8,554,42,false,adv,elementary_fill+grade4+grade4_week28_item14 | tier1_ngsl_general+ngsl_rank_1798+bridge_from_beginner_grade_4+grade_estimate_6,intermediate,intermediate,20.83,20.873,7.201,beginner_seed;intermediate_seed,beginner_k_to_5.csv;intermediate_6_to_8.csv
sweet,4;6,6-8;k-5th grade,beginner_k_to_5;intermediate_6_to_8,704,42,false,n,elementary_fill+grade4+grade4_week36_item4 | tier1_ngsl_general+ngsl_rank_1781+bridge_from_beginner_grade_4+grade_estimate_6,intermediate,intermediate,20.83,20.873,7.201,beginner_seed;intermediate_seed,beginner_k_to_5.csv;intermediate_6_to_8.csv
smell,3;6,6-8;k-5th grade,beginner_k_to_5;intermediate_6_to_8,988,42,false,n,tier2_fry_filtered+fry_rank_988+grade3_week18_item3 | tier1_ngsl_general+ngsl_rank_1791+bridge_from_beginner_grade_3+grade_estimate_6,intermediate,intermediate,20.83,20.873,7.201,beginner_seed;intermediate_seed,beginner_k_to_5.csv;intermediate_6_to_8.csv
knock,3;6,6-8;k-5th grade,beginner_k_to_5;intermediate_6_to_8,88,41,false,n,elementary_fill+grade3+grade3_week6_item8 | tier1_ngsl_general+ngsl_rank_1814+bridge_from_beginner_grade_3+grade_estimate_6,intermediate,intermediate,20.825,20.866,7.195,beginner_seed;intermediate_seed,beginner_k_to_5.csv;intermediate_6_to_8.csv
breakfast,5;6,6-8;k-5th grade,beginner_k_to_5;intermediate_6_to_8,143,41,false,n,elementary_fill+grade5+grade5_week8_item3 | tier1_ngsl_general+ngsl_rank_1819+bridge_from_beginner_grade_5+grade_estimate_6,intermediate,intermediate,20.025,20.866,7.895,beginner_seed;intermediate_seed,beginner_k_to_5.csv;intermediate_6_to_8.csv
politician,5;6,6-8;k-5th grade,beginner_k_to_5;intermediate_6_to_8,149,41,false,n,elementary_fill+grade5+grade5_week8_item9 | tier1_ngsl_general+ngsl_rank_1812+bridge_from_beginner_grade_5+grade_estimate_6,intermediate,intermediate,20.025,20.866,7.895,beginner_seed;intermediate_seed,beginner_k_to_5.csv;intermediate_6_to_8.csv
habit,4;6,6-8;k-5th grade,beginner_k_to_5;intermediate_6_to_8,315,41,false,n,elementary_fill+grade4+grade4_week16_item15 | tier1_ngsl_general+ngsl_rank_1828+bridge_from_beginner_grade_4+grade_estimate_6,intermediate,intermediate,20.825,20.866,7.195,beginner_seed;intermediate_seed,beginner_k_to_5.csv;intermediate_6_to_8.csv
accompany,5;6,6-8;k-5th grade,beginner_k_to_5;intermediate_6_to_8,418,41,false,n,elementary_fill+grade5+grade5_week21_item18 | tier1_ngsl_general+ngsl_rank_1811+bridge_from_beginner_grade_5+grade_estimate_6,intermediate,intermediate,20.025,20.866,7.895,beginner_seed;intermediate_seed,beginner_k_to_5.csv;intermediate_6_to_8.csv
temporary,4;6,6-8;k-5th grade,beginner_k_to_5;intermediate_6_to_8,460,41,false,adj,elementary_fill+grade4+grade4_week23_item20 | tier1_ngsl_general+ngsl_rank_1820+bridge_from_beginner_grade_4+grade_estimate_6,intermediate,intermediate,20.025,20.866,7.895,beginner_seed;intermediate_seed,beginner_k_to_5.csv;intermediate_6_to_8.csv
explain,4;6,6-8;k-5th grade,beginner_k_to_5;intermediate_6_to_8,464,202,false,v,tier2_fry_filtered+fry_rank_464+grade4_week17_item4 | tier1_ngsl_general+ngsl_rank_489+bridge_from_beginner_grade_4+grade_estimate_6,intermediate,intermediate,20.396,20.861,7.628,beginner_seed;intermediate_seed,beginner_k_to_5.csv;intermediate_6_to_8.csv
prime,4;6,6-8;k-5th grade,beginner_k_to_5;intermediate_6_to_8,57,40,false,n,elementary_fill+grade4+grade4_week3_item17 | tier1_ngsl_general+ngsl_rank_1838+bridge_from_beginner_grade_4+grade_estimate_6,intermediate,intermediate,20.819,20.859,7.189,beginner_seed;intermediate_seed,beginner_k_to_5.csv;intermediate_6_to_8.csv
panel,5;6,6-8;k-5th grade,beginner_k_to_5;intermediate_6_to_8,160,40,false,n,elementary_fill+grade5+grade5_week8_item20 | tier1_ngsl_general+ngsl_rank_1837+bridge_from_beginner_grade_5+grade_estimate_6,intermediate,intermediate,20.819,20.859,7.189,beginner_seed;intermediate_seed,beginner_k_to_5.csv;intermediate_6_to_8.csv
bother,4;6,6-8;k-5th grade,beginner_k_to_5;intermediate_6_to_8,412,40,false,n,elementary_fill+grade4+grade4_week21_item12 | tier1_ngsl_general+ngsl_rank_1844+bridge_from_beginner_grade_4+grade_estimate_6,intermediate,intermediate,20.819,20.859,7.189,beginner_seed;intermediate_seed,beginner_k_to_5.csv;intermediate_6_to_8.csv
metal,4;6,6-8;k-5th grade,beginner_k_to_5;intermediate_6_to_8,605,40,false,adj,tier2_fry_filtered+fry_rank_605+grade4_week31_item10 | tier1_ngsl_general+ngsl_rank_1834+bridge_from_beginner_grade_4+grade_estimate_6,intermediate,intermediate,20.819,20.859,7.189,beginner_seed;intermediate_seed,beginner_k_to_5.csv;intermediate_6_to_8.csv
sharp,3;6,6-8;k-5th grade,beginner_k_to_5;intermediate_6_to_8,900,40,false,n,tier2_fry_filtered+fry_rank_900+grade3_week9_item7 | tier1_ngsl_general+ngsl_rank_1846+bridge_from_beginner_grade_3+grade_estimate_6,intermediate,intermediate,20.819,20.859,7.189,beginner_seed;intermediate_seed,beginner_k_to_5.csv;intermediate_6_to_8.csv
site,4;6,6-8;k-5th grade,beginner_k_to_5;intermediate_6_to_8,485,199,false,n,elementary_fill+grade4+grade4_week25_item5 | tier1_ngsl_general+ngsl_rank_494+bridge_from_beginner_grade_4+grade_estimate_6,intermediate,beginner,22.192,20.856,7.624,beginner_seed;intermediate_seed,beginner_k_to_5.csv;intermediate_6_to_8.csv
finally,4;6,6-8;k-5th grade,beginner_k_to_5;intermediate_6_to_8,409,197,false,adv,tier2_fry_filtered+fry_rank_409+grade4_week11_item9 | tier1_ngsl_general+ngsl_rank_499+bridge_from_beginner_grade_4+grade_estimate_6,intermediate,intermediate,20.39,20.853,7.621,beginner_seed;intermediate_seed,beginner_k_to_5.csv;intermediate_6_to_8.csv
crash,3;6,6-8;k-5th grade,beginner_k_to_5;intermediate_6_to_8,137,39,false,n,elementary_fill+grade3+grade3_week9_item9 | tier1_ngsl_general+ngsl_rank_1867+bridge_from_beginner_grade_3+grade_estimate_6,intermediate,intermediate,20.814,20.852,7.183,beginner_seed;intermediate_seed,beginner_k_to_5.csv;intermediate_6_to_8.csv
repair,3;6,6-8;k-5th grade,beginner_k_to_5;intermediate_6_to_8,266,39,false,n,elementary_fill+grade3+grade3_week17_item10 | tier1_ngsl_general+ngsl_rank_1878+bridge_from_beginner_grade_3+grade_estimate_6,intermediate,intermediate,20.814,20.852,7.183,beginner_seed;intermediate_seed,beginner_k_to_5.csv;intermediate_6_to_8.csv
split,4;6,6-8;k-5th grade,beginner_k_to_5;intermediate_6_to_8,203,38,false,n,elementary_fill+grade4+grade4_week11_item3 | tier1_ngsl_general+ngsl_rank_1936+bridge_from_beginner_grade_4+grade_estimate_6,intermediate,intermediate,20.809,20.845,7.177,beginner_seed;intermediate_seed,beginner_k_to_5.csv;intermediate_6_to_8.csv
slide,4;6,6-8;k-5th grade,beginner_k_to_5;intermediate_6_to_8,221,38,false,n,elementary_fill+grade4+grade4_week12_item1 | tier1_ngsl_general+ngsl_rank_1897+bridge_from_beginner_grade_4+grade_estimate_6,intermediate,intermediate,20.809,20.845,7.177,beginner_seed;intermediate_seed,beginner_k_to_5.csv;intermediate_6_to_8.csv
encounter,5;6,6-8;k-5th grade,beginner_k_to_5;intermediate_6_to_8,324,38,false,n,elementary_fill+grade5+grade5_week17_item4 | tier1_ngsl_general+ngsl_rank_1912+bridge_from_beginner_grade_5+grade_estimate_6,intermediate,intermediate,20.009,20.845,7.877,beginner_seed;intermediate_seed,beginner_k_to_5.csv;intermediate_6_to_8.csv
climate,3;6,6-8;k-5th grade,beginner_k_to_5;intermediate_6_to_8,333,38,false,n,elementary_fill+grade3+grade3_week21_item13 | tier1_ngsl_general+ngsl_rank_1906+bridge_from_beginner_grade_3+grade_estimate_6,intermediate,intermediate,20.009,20.845,8.577,beginner_seed;intermediate_seed,beginner_k_to_5.csv;intermediate_6_to_8.csv
personally,3;6,6-8;k-5th grade,beginner_k_to_5;intermediate_6_to_8,468,38,false,adv,elementary_fill+grade3+grade3_week30_item4 | tier1_ngsl_general+ngsl_rank_1899+bridge_from_beginner_grade_3+grade_estimate_6,intermediate,intermediate,20.009,20.845,7.877,beginner_seed;intermediate_seed,beginner_k_to_5.csv;intermediate_6_to_8.csv
valuable,2;6,6-8;k-5th grade,beginner_k_to_5;intermediate_6_to_8,555,38,false,adj,elementary_fill+grade2+grade2_week35_item11 | tier1_ngsl_general+ngsl_rank_1898+buffer_from_beginner_grade_2+intermediate_buffer_addition+grade_estimate_6,intermediate,intermediate,20.009,20.845,7.877,beginner_seed;intermediate_seed,beginner_k_to_5.csv;intermediate_6_to_8.csv
southern,5;6,6-8;k-5th grade,beginner_k_to_5;intermediate_6_to_8,910,38,false,adj,tier2_fry_filtered+fry_rank_910+grade5_week25_item10 | tier1_ngsl_general+ngsl_rank_1920+bridge_from_beginner_grade_5+grade_estimate_6,intermediate,intermediate,20.009,20.845,7.877,beginner_seed;intermediate_seed,beginner_k_to_5.csv;intermediate_6_to_8.csv
retain,4;6,6-8;k-5th grade,beginner_k_to_5;intermediate_6_to_8,99,37,false,n,elementary_fill+grade4+grade4_week5_item19 | tier1_ngsl_general+ngsl_rank_1959+bridge_from_beginner_grade_4+grade_estimate_6,intermediate,intermediate,20.803,20.838,7.17,beginner_seed;intermediate_seed,beginner_k_to_5.csv;intermediate_6_to_8.csv
volunteer,5;6,6-8;k-5th grade,beginner_k_to_5;intermediate_6_to_8,306,37,false,n,elementary_fill+grade5+grade5_week16_item6 | tier1_ngsl_general+ngsl_rank_1962+bridge_from_beginner_grade_5+grade_estimate_6,intermediate,intermediate,20.003,20.838,7.87,beginner_seed;intermediate_seed,beginner_k_to_5.csv;intermediate_6_to_8.csv
mall,5;6,6-8;k-5th grade,beginner_k_to_5;intermediate_6_to_8,305,1,true,n,elementary_fill+grade5+grade5_week16_item5 | tier2_nawl_academic+nawl_rank_959+bridge_from_beginner_grade_5+grade_estimate_6,intermediate,intermediate,19.425,20.833,10.729,beginner_seed;intermediate_seed,beginner_k_to_5.csv;intermediate_6_to_8.csv
measure,3;6,6-8;k-5th grade,beginner_k_to_5;intermediate_6_to_8,346,185,false,v,tier2_fry_filtered+fry_rank_346+grade_estimated_from_fry_rank | tier1_ngsl_general+ngsl_rank_532+buffer_from_beginner_grade_3+intermediate_buffer_addition+grade_estimate_6,intermediate,intermediate,20.374,20.832,7.603,beginner_seed;intermediate_seed,beginner_k_to_5.csv;intermediate_6_to_8.csv
origin,4;6,6-8;k-5th grade,beginner_k_to_5;intermediate_6_to_8,56,36,false,n,elementary_fill+grade4+grade4_week3_item16 | tier1_ngsl_general+ngsl_rank_1988+bridge_from_beginner_grade_4+grade_estimate_6,intermediate,intermediate,20.798,20.83,7.164,beginner_seed;intermediate_seed,beginner_k_to_5.csv;intermediate_6_to_8.csv
fault,4;6,6-8;k-5th grade,beginner_k_to_5;intermediate_6_to_8,199,36,false,n,elementary_fill+grade4+grade4_week10_item19 | tier1_ngsl_general+ngsl_rank_1995+bridge_from_beginner_grade_4+grade_estimate_6,intermediate,intermediate,20.798,20.83,7.164,beginner_seed;intermediate_seed,beginner_k_to_5.csv;intermediate_6_to_8.csv
wheel,3;6,6-8;k-5th grade,beginner_k_to_5;intermediate_6_to_8,237,36,false,n,elementary_fill+grade3+grade3_week15_item13 | tier1_ngsl_general+ngsl_rank_1985+bridge_from_beginner_grade_3+grade_estimate_6,intermediate,intermediate,20.798,20.83,7.164,beginner_seed;intermediate_seed,beginner_k_to_5.csv;intermediate_6_to_8.csv
landscape,4;6,6-8;k-5th grade,beginner_k_to_5;intermediate_6_to_8,336,36,false,n,elementary_fill+grade4+grade4_week17_item16 | tier1_ngsl_general+ngsl_rank_1992+bridge_from_beginner_grade_4+grade_estimate_6,intermediate,intermediate,19.998,20.83,7.864,beginner_seed;intermediate_seed,beginner_k_to_5.csv;intermediate_6_to_8.csv
laughter,5;6,6-8;k-5th grade,beginner_k_to_5;intermediate_6_to_8,404,36,false,n,elementary_fill+grade5+grade5_week21_item4 | tier1_ngsl_general+ngsl_rank_2011+bridge_from_beginner_grade_5+grade_estimate_6,intermediate,intermediate,19.998,20.83,7.864,beginner_seed;intermediate_seed,beginner_k_to_5.csv;intermediate_6_to_8.csv
grateful,2;6,6-8;k-5th grade,beginner_k_to_5;intermediate_6_to_8,516,36,false,adj,elementary_fill+grade2+grade2_week33_item4 | tier1_ngsl_general+ngsl_rank_1977+buffer_from_beginner_grade_2+intermediate_buffer_addition+grade_estimate_6,intermediate,intermediate,19.998,20.83,7.864,beginner_seed;intermediate_seed,beginner_k_to_5.csv;intermediate_6_to_8.csv
storm,4;6,6-8;k-5th grade,beginner_k_to_5;intermediate_6_to_8,568,36,false,n,elementary_fill+grade4+grade4_week29_item8 | tier1_ngsl_general+ngsl_rank_1999+bridge_from_beginner_grade_4+grade_estimate_6,intermediate,intermediate,20.798,20.83,7.164,beginner_seed;intermediate_seed,beginner_k_to_5.csv;intermediate_6_to_8.csv
drama,4;6,6-8;k-5th grade,beginner_k_to_5;intermediate_6_to_8,606,36,false,n,elementary_fill+grade4+grade4_week31_item6 | tier1_ngsl_general+ngsl_rank_1991+bridge_from_beginner_grade_4+grade_estimate_6,intermediate,intermediate,20.798,20.83,7.164,beginner_seed;intermediate_seed,beginner_k_to_5.csv;intermediate_6_to_8.csv
thick,3;6,6-8;k-5th grade,beginner_k_to_5;intermediate_6_to_8,851,36,false,adj,tier2_fry_filtered+fry_rank_851+grade3_week23_item1 | tier1_ngsl_general+ngsl_rank_2000+bridge_from_beginner_grade_3+grade_estimate_6,intermediate,intermediate,20.798,20.83,7.164,beginner_seed;intermediate_seed,beginner_k_to_5.csv;intermediate_6_to_8.csv
trace,5;6,6-8;k-5th grade,beginner_k_to_5;intermediate_6_to_8,20,35,false,n,elementary_fill+grade5+grade5_week1_item20 | tier1_ngsl_general+ngsl_rank_2047+bridge_from_beginner_grade_5+grade_estimate_6,intermediate,intermediate,20.792,20.823,7.157,beginner_seed;intermediate_seed,beginner_k_to_5.csv;intermediate_6_to_8.csv
instead,4;6,6-8;k-5th grade,beginner_k_to_5;intermediate_6_to_8,553,176,false,adv,tier2_fry_filtered+fry_rank_627+grade4_week33_item7 | tier1_ngsl_general+ngsl_rank_553+bridge_from_beginner_grade_4+grade_estimate_6,intermediate,intermediate,20.362,20.816,7.589,beginner_seed;intermediate_seed,beginner_k_to_5.csv;intermediate_6_to_8.csv
cable,4;6,6-8;k-5th grade,beginner_k_to_5;intermediate_6_to_8,149,34,false,adj,elementary_fill+grade4+grade4_week8_item9 | tier1_ngsl_general+ngsl_rank_2076+bridge_from_beginner_grade_4+grade_estimate_6,intermediate,intermediate,20.786,20.815,7.15,beginner_seed;intermediate_seed,beginner_k_to_5.csv;intermediate_6_to_8.csv
nervous,4;6,6-8;k-5th grade,beginner_k_to_5;intermediate_6_to_8,535,34,false,adj,elementary_fill+grade4+grade4_week27_item15 | tier1_ngsl_general+ngsl_rank_2078+bridge_from_beginner_grade_4+grade_estimate_6,intermediate,intermediate,19.986,20.815,8.55,beginner_seed;intermediate_seed,beginner_k_to_5.csv;intermediate_6_to_8.csv
assure,4;6,6-8;k-5th grade,beginner_k_to_5;intermediate_6_to_8,594,34,false,n,elementary_fill+grade4+grade4_week30_item14 | tier1_ngsl_general+ngsl_rank_2064+bridge_from_beginner_grade_4+grade_estimate_6,intermediate,intermediate,20.786,20.815,7.15,beginner_seed;intermediate_seed,beginner_k_to_5.csv;intermediate_6_to_8.csv
usually,4;6,6-8;k-5th grade,beginner_k_to_5;intermediate_6_to_8,321,175,false,adv,tier2_fry_filtered+fry_rank_321+grade4_week3_item1 | tier1_ngsl_general+ngsl_rank_555+bridge_from_beginner_grade_4+grade_estimate_6,intermediate,intermediate,20.36,20.814,7.587,beginner_seed;intermediate_seed,beginner_k_to_5.csv;intermediate_6_to_8.csv
address,4;6,6-8;k-5th grade,beginner_k_to_5;intermediate_6_to_8,558,173,false,n,elementary_fill+grade4+grade4_week30_item8 | tier1_ngsl_general+ngsl_rank_558+bridge_from_beginner_grade_4+grade_estimate_6,intermediate,intermediate,20.357,20.81,7.584,beginner_seed;intermediate_seed,beginner_k_to_5.csv;intermediate_6_to_8.csv
grand,3;6,6-8;k-5th grade,beginner_k_to_5;intermediate_6_to_8,10,33,false,n,elementary_fill+grade3+grade3_week1_item10 | tier1_ngsl_general+ngsl_rank_2093+bridge_from_beginner_grade_3+grade_estimate_6,intermediate,intermediate,20.78,20.807,7.143,beginner_seed;intermediate_seed,beginner_k_to_5.csv;intermediate_6_to_8.csv
pupil,4;6,6-8;k-5th grade,beginner_k_to_5;intermediate_6_to_8,69,33,false,n,elementary_fill+grade4+grade4_week4_item9 | tier1_ngsl_general+ngsl_rank_2097+bridge_from_beginner_grade_4+grade_estimate_6,intermediate,intermediate,20.78,20.807,7.143,beginner_seed;intermediate_seed,beginner_k_to_5.csv;intermediate_6_to_8.csv
external,5;6,6-8;k-5th grade,beginner_k_to_5;intermediate_6_to_8,286,33,false,adj,elementary_fill+grade5+grade5_week15_item6 | tier1_ngsl_general+ngsl_rank_2125+bridge_from_beginner_grade_5+grade_estimate_6,intermediate,intermediate,19.98,20.807,7.843,beginner_seed;intermediate_seed,beginner_k_to_5.csv;intermediate_6_to_8.csv
guilty,3;6,6-8;k-5th grade,beginner_k_to_5;intermediate_6_to_8,511,33,false,n,elementary_fill+grade3+grade3_week32_item15 | tier1_ngsl_general+ngsl_rank_2129+bridge_from_beginner_grade_3+grade_estimate_6,intermediate,intermediate,20.78,20.807,7.143,beginner_seed;intermediate_seed,beginner_k_to_5.csv;intermediate_6_to_8.csv
cloud,3;6,6-8;k-5th grade,beginner_k_to_5;intermediate_6_to_8,730,33,false,n,tier2_fry_filtered+fry_rank_730+grade3_week8_item1 | tier1_ngsl_general+ngsl_rank_2090+bridge_from_beginner_grade_3+grade_estimate_6,intermediate,intermediate,20.78,20.807,7.143,beginner_seed;intermediate_seed,beginner_k_to_5.csv;intermediate_6_to_8.csv
culture,3;6,6-8;k-5th grade,beginner_k_to_5;intermediate_6_to_8,268,170,false,n,elementary_fill+grade3+grade3_week17_item12 | tier1_ngsl_general+ngsl_rank_568+buffer_from_beginner_grade_3+intermediate_buffer_addition+grade_estimate_6,intermediate,intermediate,20.353,20.804,7.579,beginner_seed;intermediate_seed,beginner_k_to_5.csv;intermediate_6_to_8.csv
scream,3;6,6-8;k-5th grade,beginner_k_to_5;intermediate_6_to_8,42,32,false,n,elementary_fill+grade3+grade3_week3_item10 | tier1_ngsl_general+ngsl_rank_2162+bridge_from_beginner_grade_3+grade_estimate_6,intermediate,intermediate,20.774,20.799,7.136,beginner_seed;intermediate_seed,beginner_k_to_5.csv;intermediate_6_to_8.csv
height,2;6,6-8;k-5th grade,beginner_k_to_5;intermediate_6_to_8,158,32,false,n,elementary_fill+grade2+grade2_week10_item14 | tier1_ngsl_general+ngsl_rank_2150+buffer_from_beginner_grade_2+intermediate_buffer_addition+grade_estimate_6,intermediate,intermediate,20.774,20.799,7.136,beginner_seed;intermediate_seed,beginner_k_to_5.csv;intermediate_6_to_8.csv
furniture,4;6,6-8;k-5th grade,beginner_k_to_5;intermediate_6_to_8,169,32,false,n,elementary_fill+grade4+grade4_week9_item9 | tier1_ngsl_general+ngsl_rank_2166+bridge_from_beginner_grade_4+grade_estimate_6,intermediate,intermediate,19.974,20.799,7.836,beginner_seed;intermediate_seed,beginner_k_to_5.csv;intermediate_6_to_8.csv
symbol,5;6,6-8;k-5th grade,beginner_k_to_5;intermediate_6_to_8,219,32,false,n,elementary_fill+grade5+grade5_week11_item19 | tier1_ngsl_general+ngsl_rank_2167+bridge_from_beginner_grade_5+grade_estimate_6,intermediate,intermediate,20.774,20.799,7.136,beginner_seed;intermediate_seed,beginner_k_to_5.csv;intermediate_6_to_8.csv
stream,3;6,6-8;k-5th grade,beginner_k_to_5;intermediate_6_to_8,871,32,false,n,tier2_fry_filtered+fry_rank_871+grade3_week5_item8 | tier1_ngsl_general+ngsl_rank_2148+bridge_from_beginner_grade_3+grade_estimate_6,intermediate,intermediate,20.774,20.799,7.136,beginner_seed;intermediate_seed,beginner_k_to_5.csv;intermediate_6_to_8.csv
steel,3;6,6-8;k-5th grade,beginner_k_to_5;intermediate_6_to_8,975,32,false,n,tier2_fry_filtered+fry_rank_975+grade3_week8_item10 | tier1_ngsl_general+ngsl_rank_2172+bridge_from_beginner_grade_3+grade_estimate_6,intermediate,intermediate,20.774,20.799,7.136,beginner_seed;intermediate_seed,beginner_k_to_5.csv;intermediate_6_to_8.csv
current,3;6,6-8;k-5th grade,beginner_k_to_5;intermediate_6_to_8,590,164,false,adj,tier2_fry_filtered+fry_rank_890+grade3_week4_item13 | tier1_ngsl_general+ngsl_rank_590+buffer_from_beginner_grade_3+intermediate_buffer_addition+grade_estimate_6,intermediate,intermediate,20.344,20.792,7.568,beginner_seed;intermediate_seed,beginner_k_to_5.csv;intermediate_6_to_8.csv
century,4;6,6-8;k-5th grade,beginner_k_to_5;intermediate_6_to_8,591,163,false,n,tier2_fry_filtered+fry_rank_622+grade4_week33_item2 | tier1_ngsl_general+ngsl_rank_591+bridge_from_beginner_grade_4+grade_estimate_6,intermediate,intermediate,20.343,20.79,7.567,beginner_seed;intermediate_seed,beginner_k_to_5.csv;intermediate_6_to_8.csv
similar,5;6,6-8;k-5th grade,beginner_k_to_5;intermediate_6_to_8,594,163,false,adj,tier2_fry_filtered+fry_rank_952+grade5_week30_item2 | tier1_ngsl_general+ngsl_rank_594+bridge_from_beginner_grade_5+grade_estimate_6,intermediate,intermediate,20.343,20.79,7.567,beginner_seed;intermediate_seed,beginner_k_to_5.csv;intermediate_6_to_8.csv
brilliant,5;6,6-8;k-5th grade,beginner_k_to_5;intermediate_6_to_8,12,31,false,adj,elementary_fill+grade5+grade5_week1_item12 | tier1_ngsl_general+ngsl_rank_2200+bridge_from_beginner_grade_5+grade_estimate_6,intermediate,intermediate,19.968,20.79,7.829,beginner_seed;intermediate_seed,beginner_k_to_5.csv;intermediate_6_to_8.csv
remarkable,5;6,6-8;k-5th grade,beginner_k_to_5;intermediate_6_to_8,144,31,false,adj,elementary_fill+grade5+grade5_week8_item4 | tier1_ngsl_general+ngsl_rank_2191+bridge_from_beginner_grade_5+grade_estimate_6,intermediate,intermediate,19.968,20.79,7.829,beginner_seed;intermediate_seed,beginner_k_to_5.csv;intermediate_6_to_8.csv
vegetable,3;6,6-8;k-5th grade,beginner_k_to_5;intermediate_6_to_8,192,31,false,adj,elementary_fill+grade3+grade3_week12_item16 | tier1_ngsl_general+ngsl_rank_2216+bridge_from_beginner_grade_3+grade_estimate_6,intermediate,intermediate,19.968,20.79,7.829,beginner_seed;intermediate_seed,beginner_k_to_5.csv;intermediate_6_to_8.csv
loose,3;6,6-8;k-5th grade,beginner_k_to_5;intermediate_6_to_8,230,31,false,n,elementary_fill+grade3+grade3_week15_item6 | tier1_ngsl_general+ngsl_rank_2185+bridge_from_beginner_grade_3+grade_estimate_6,intermediate,intermediate,20.768,20.79,7.129,beginner_seed;intermediate_seed,beginner_k_to_5.csv;intermediate_6_to_8.csv
wound,5;6,6-8;k-5th grade,beginner_k_to_5;intermediate_6_to_8,249,31,false,n,elementary_fill+grade5+grade5_week13_item9 | tier1_ngsl_general+ngsl_rank_2175+bridge_from_beginner_grade_5+grade_estimate_6,intermediate,intermediate,20.768,20.79,7.129,beginner_seed;intermediate_seed,beginner_k_to_5.csv;intermediate_6_to_8.csv
mirror,3;6,6-8;k-5th grade,beginner_k_to_5;intermediate_6_to_8,304,31,false,n,elementary_fill+grade3+grade3_week19_item16 | tier1_ngsl_general+ngsl_rank_2205+bridge_from_beginner_grade_3+grade_estimate_6,intermediate,intermediate,20.768,20.79,7.129,beginner_seed;intermediate_seed,beginner_k_to_5.csv;intermediate_6_to_8.csv
giant,5;6,6-8;k-5th grade,beginner_k_to_5;intermediate_6_to_8,365,31,false,adj,elementary_fill+grade5+grade5_week19_item5 | tier1_ngsl_general+ngsl_rank_2227+bridge_from_beginner_grade_5+grade_estimate_6,intermediate,intermediate,20.768,20.79,7.129,beginner_seed;intermediate_seed,beginner_k_to_5.csv;intermediate_6_to_8.csv
contact,4;6,6-8;k-5th grade,beginner_k_to_5;intermediate_6_to_8,600,162,false,n,elementary_fill+grade4+grade4_week35_item18 | tier1_ngsl_general+ngsl_rank_600+bridge_from_beginner_grade_4+grade_estimate_6,intermediate,intermediate,20.341,20.788,7.565,beginner_seed;intermediate_seed,beginner_k_to_5.csv;intermediate_6_to_8.csv
discuss,4;6,6-8;k-5th grade,beginner_k_to_5;intermediate_6_to_8,163,160,false,n,elementary_fill+grade4+grade4_week9_item3 | tier1_ngsl_general+ngsl_rank_605+bridge_from_beginner_grade_4+grade_estimate_6,intermediate,intermediate,20.338,20.784,7.561,beginner_seed;intermediate_seed,beginner_k_to_5.csv;intermediate_6_to_8.csv
prepare,3;6,6-8;k-5th grade,beginner_k_to_5;intermediate_6_to_8,267,160,false,v,elementary_fill+grade3+grade3_week17_item11 | tier1_ngsl_general+ngsl_rank_604+buffer_from_beginner_grade_3+intermediate_buffer_addition+grade_estimate_6,intermediate,intermediate,20.338,20.784,7.561,beginner_seed;intermediate_seed,beginner_k_to_5.csv;intermediate_6_to_8.csv
strip,3;6,6-8;k-5th grade,beginner_k_to_5;intermediate_6_to_8,71,30,false,n,elementary_fill+grade3+grade3_week5_item7 | tier1_ngsl_general+ngsl_rank_2240+bridge_from_beginner_grade_3+grade_estimate_6,intermediate,intermediate,20.761,20.782,7.121,beginner_seed;intermediate_seed,beginner_k_to_5.csv;intermediate_6_to_8.csv
shadow,3;6,6-8;k-5th grade,beginner_k_to_5;intermediate_6_to_8,287,30,false,n,elementary_fill+grade3+grade3_week18_item15 | tier1_ngsl_general+ngsl_rank_2239+bridge_from_beginner_grade_3+grade_estimate_6,intermediate,intermediate,20.761,20.782,7.121,beginner_seed;intermediate_seed,beginner_k_to_5.csv;intermediate_6_to_8.csv
alarm,4;6,6-8;k-5th grade,beginner_k_to_5;intermediate_6_to_8,471,30,false,n,elementary_fill+grade4+grade4_week24_item11 | tier1_ngsl_general+ngsl_rank_2271+bridge_from_beginner_grade_4+grade_estimate_6,intermediate,intermediate,20.761,20.782,7.121,beginner_seed;intermediate_seed,beginner_k_to_5.csv;intermediate_6_to_8.csv
mature,4;6,6-8;k-5th grade,beginner_k_to_5;intermediate_6_to_8,591,30,false,n,elementary_fill+grade4+grade4_week30_item11 | tier1_ngsl_general+ngsl_rank_2269+bridge_from_beginner_grade_4+grade_estimate_6,intermediate,intermediate,20.761,20.782,7.121,beginner_seed;intermediate_seed,beginner_k_to_5.csv;intermediate_6_to_8.csv
dirty,4;6,6-8;k-5th grade,beginner_k_to_5;intermediate_6_to_8,596,30,false,adj,elementary_fill+grade4+grade4_week30_item16 | tier1_ngsl_general+ngsl_rank_2255+bridge_from_beginner_grade_4+grade_estimate_6,intermediate,intermediate,20.761,20.782,7.121,beginner_seed;intermediate_seed,beginner_k_to_5.csv;intermediate_6_to_8.csv
sugar,3;6,6-8;k-5th grade,beginner_k_to_5;intermediate_6_to_8,946,30,false,n,tier2_fry_filtered+fry_rank_946+grade3_week20_item1 | tier1_ngsl_general+ngsl_rank_2234+bridge_from_beginner_grade_3+grade_estimate_6,intermediate,intermediate,20.761,20.782,7.121,beginner_seed;intermediate_seed,beginner_k_to_5.csv;intermediate_6_to_8.csv
suppose,5;6,6-8;k-5th grade,beginner_k_to_5;intermediate_6_to_8,610,157,false,n,tier2_fry_filtered+fry_rank_761+grade5_week11_item1 | tier1_ngsl_general+ngsl_rank_610+bridge_from_beginner_grade_5+grade_estimate_6,intermediate,intermediate,20.334,20.778,7.556,beginner_seed;intermediate_seed,beginner_k_to_5.csv;intermediate_6_to_8.csv
compare,3;6,6-8;k-5th grade,beginner_k_to_5;intermediate_6_to_8,614,157,false,v,tier2_fry_filtered+fry_rank_830+grade3_week27_item14 | tier1_ngsl_general+ngsl_rank_614+buffer_from_beginner_grade_3+intermediate_buffer_addition+grade_estimate_6,intermediate,intermediate,20.334,20.778,7.556,beginner_seed;intermediate_seed,beginner_k_to_5.csv;intermediate_6_to_8.csv
button,4;6,6-8;k-5th grade,beginner_k_to_5;intermediate_6_to_8,10,29,false,n,elementary_fill+grade4+grade4_week1_item10 | tier1_ngsl_general+ngsl_rank_2285+bridge_from_beginner_grade_4+grade_estimate_6,intermediate,intermediate,20.755,20.773,7.114,beginner_seed;intermediate_seed,beginner_k_to_5.csv;intermediate_6_to_8.csv
attribute,5;6,6-8;k-5th grade,beginner_k_to_5;intermediate_6_to_8,235,29,false,n,elementary_fill+grade5+grade5_week12_item15 | tier1_ngsl_general+ngsl_rank_2300+bridge_from_beginner_grade_5+grade_estimate_6,intermediate,intermediate,19.955,20.773,7.814,beginner_seed;intermediate_seed,beginner_k_to_5.csv;intermediate_6_to_8.csv
discovery,3;6,6-8;k-5th grade,beginner_k_to_5;intermediate_6_to_8,505,29,false,n,elementary_fill+grade3+grade3_week32_item9 | tier1_ngsl_general+ngsl_rank_2292+bridge_from_beginner_grade_3+grade_estimate_6,intermediate,intermediate,19.955,20.773,7.814,beginner_seed;intermediate_seed,beginner_k_to_5.csv;intermediate_6_to_8.csv
burden,4;6,6-8;k-5th grade,beginner_k_to_5;intermediate_6_to_8,571,29,false,n,elementary_fill+grade4+grade4_week29_item11 | tier1_ngsl_general+ngsl_rank_2286+bridge_from_beginner_grade_4+grade_estimate_6,intermediate,intermediate,20.755,20.773,7.114,beginner_seed;intermediate_seed,beginner_k_to_5.csv;intermediate_6_to_8.csv
desert,3;6,6-8;k-5th grade,beginner_k_to_5;intermediate_6_to_8,785,29,false,n,tier2_fry_filtered+fry_rank_785+grade3_week21_item12 | tier1_ngsl_general+ngsl_rank_2287+bridge_from_beginner_grade_3+grade_estimate_6,intermediate,intermediate,20.755,20.773,7.114,beginner_seed;intermediate_seed,beginner_k_to_5.csv;intermediate_6_to_8.csv
adapt,3;6,6-8;k-5th grade,beginner_k_to_5;intermediate_6_to_8,173,28,false,n,elementary_fill+grade3+grade3_week11_item13 | tier1_ngsl_general+ngsl_rank_2372+bridge_from_beginner_grade_3+grade_estimate_6,intermediate,intermediate,20.748,20.764,7.106,beginner_seed;intermediate_seed,beginner_k_to_5.csv;intermediate_6_to_8.csv
custom,3;6,6-8;k-5th grade,beginner_k_to_5;intermediate_6_to_8,221,28,false,n,elementary_fill+grade3+grade3_week14_item13 | tier1_ngsl_general+ngsl_rank_2371+bridge_from_beginner_grade_3+grade_estimate_6,intermediate,intermediate,20.748,20.764,7.106,beginner_seed;intermediate_seed,beginner_k_to_5.csv;intermediate_6_to_8.csv
exact,3;6,6-8;k-5th grade,beginner_k_to_5;intermediate_6_to_8,447,28,false,adj,elementary_fill+grade3+grade3_week28_item15 | tier1_ngsl_general+ngsl_rank_2327+bridge_from_beginner_grade_3+grade_estimate_6,intermediate,intermediate,20.748,20.764,7.106,beginner_seed;intermediate_seed,beginner_k_to_5.csv;intermediate_6_to_8.csv
cousin,4;6,6-8;k-5th grade,beginner_k_to_5;intermediate_6_to_8,523,28,false,n,elementary_fill+grade4+grade4_week27_item3 | tier1_ngsl_general+ngsl_rank_2361+bridge_from_beginner_grade_4+grade_estimate_6,intermediate,intermediate,20.748,20.764,7.106,beginner_seed;intermediate_seed,beginner_k_to_5.csv;intermediate_6_to_8.csv
shower,3;6,6-8;k-5th grade,beginner_k_to_5;intermediate_6_to_8,555,28,false,n,elementary_fill+grade3+grade3_week35_item11 | tier1_ngsl_general+ngsl_rank_2352+bridge_from_beginner_grade_3+grade_estimate_6,intermediate,intermediate,20.748,20.764,7.106,beginner_seed;intermediate_seed,beginner_k_to_5.csv;intermediate_6_to_8.csv
feature,3;6,6-8;k-5th grade,beginner_k_to_5;intermediate_6_to_8,460,150,false,n,elementary_fill+grade3+grade3_week29_item12 | tier1_ngsl_general+ngsl_rank_635+buffer_from_beginner_grade_3+intermediate_buffer_addition+grade_estimate_6,intermediate,intermediate,20.322,20.763,7.543,beginner_seed;intermediate_seed,beginner_k_to_5.csv;intermediate_6_to_8.csv
opinion,4;6,6-8;k-5th grade,beginner_k_to_5;intermediate_6_to_8,14,147,false,n,elementary_fill+grade4+grade4_week1_item14 | tier1_ngsl_general+ngsl_rank_656+bridge_from_beginner_grade_4+grade_estimate_6,intermediate,intermediate,20.318,20.757,7.537,beginner_seed;intermediate_seed,beginner_k_to_5.csv;intermediate_6_to_8.csv
absolute,4;6,6-8;k-5th grade,beginner_k_to_5;intermediate_6_to_8,19,27,false,n,elementary_fill+grade4+grade4_week1_item19 | tier1_ngsl_general+ngsl_rank_2398+bridge_from_beginner_grade_4+grade_estimate_6,intermediate,intermediate,19.941,20.755,7.798,beginner_seed;intermediate_seed,beginner_k_to_5.csv;intermediate_6_to_8.csv
frequent,5;6,6-8;k-5th grade,beginner_k_to_5;intermediate_6_to_8,236,27,false,adj,elementary_fill+grade5+grade5_week12_item16 | tier1_ngsl_general+ngsl_rank_2409+bridge_from_beginner_grade_5+grade_estimate_6,intermediate,intermediate,19.941,20.755,7.798,beginner_seed;intermediate_seed,beginner_k_to_5.csv;intermediate_6_to_8.csv
charm,4;6,6-8;k-5th grade,beginner_k_to_5;intermediate_6_to_8,526,27,false,n,elementary_fill+grade4+grade4_week27_item6 | tier1_ngsl_general+ngsl_rank_2376+bridge_from_beginner_grade_4+grade_estimate_6,intermediate,intermediate,20.741,20.755,7.098,beginner_seed;intermediate_seed,beginner_k_to_5.csv;intermediate_6_to_8.csv
margin,4;6,6-8;k-5th grade,beginner_k_to_5;intermediate_6_to_8,570,27,false,n,elementary_fill+grade4+grade4_week29_item10 | tier1_ngsl_general+ngsl_rank_2393+bridge_from_beginner_grade_4+grade_estimate_6,intermediate,intermediate,20.741,20.755,7.098,beginner_seed;intermediate_seed,beginner_k_to_5.csv;intermediate_6_to_8.csv
valley,5;6,6-8;k-5th grade,beginner_k_to_5;intermediate_6_to_8,723,27,false,n,tier2_fry_filtered+fry_rank_723+grade5_week7_item3 | tier1_ngsl_general+ngsl_rank_2415+bridge_from_beginner_grade_5+grade_estimate_6,intermediate,intermediate,20.741,20.755,7.098,beginner_seed;intermediate_seed,beginner_k_to_5.csv;intermediate_6_to_8.csv
compound,5;6,6-8;k-5th grade,beginner_k_to_5;intermediate_6_to_8,818,27,false,n,tier2_fry_filtered+fry_rank_818+grade5_week16_item8 | tier1_ngsl_general+ngsl_rank_2380+bridge_from_beginner_grade_5+grade_estimate_6,intermediate,intermediate,19.941,20.755,7.798,beginner_seed;intermediate_seed,beginner_k_to_5.csv;intermediate_6_to_8.csv
contain,4;6,6-8;k-5th grade,beginner_k_to_5;intermediate_6_to_8,427,144,false,v,tier2_fry_filtered+fry_rank_427+grade4_week13_item7 | tier1_ngsl_general+ngsl_rank_663+bridge_from_beginner_grade_4+grade_estimate_6,intermediate,intermediate,20.313,20.75,7.531,beginner_seed;intermediate_seed,beginner_k_to_5.csv;intermediate_6_to_8.csv
exactly,5;6,6-8;k-5th grade,beginner_k_to_5;intermediate_6_to_8,670,142,false,adv,tier2_fry_filtered+fry_rank_695+grade5_week4_item5 | tier1_ngsl_general+ngsl_rank_670+bridge_from_beginner_grade_5+grade_estimate_6,intermediate,intermediate,20.309,20.745,7.527,beginner_seed;intermediate_seed,beginner_k_to_5.csv;intermediate_6_to_8.csv
burst,3;6,6-8;k-5th grade,beginner_k_to_5;intermediate_6_to_8,70,26,false,n,elementary_fill+grade3+grade3_week5_item6 | tier1_ngsl_general+ngsl_rank_2436+bridge_from_beginner_grade_3+grade_estimate_6,intermediate,intermediate,20.734,20.745,7.089,beginner_seed;intermediate_seed,beginner_k_to_5.csv;intermediate_6_to_8.csv
architecture,4;6,6-8;k-5th grade,beginner_k_to_5;intermediate_6_to_8,178,26,false,n,elementary_fill+grade4+grade4_week9_item18 | tier1_ngsl_general+ngsl_rank_2427+bridge_from_beginner_grade_4+grade_estimate_6,intermediate,intermediate,19.934,20.745,9.289,beginner_seed;intermediate_seed,beginner_k_to_5.csv;intermediate_6_to_8.csv
skirt,3;6,6-8;k-5th grade,beginner_k_to_5;intermediate_6_to_8,325,26,false,n,elementary_fill+grade3+grade3_week21_item5 | tier1_ngsl_general+ngsl_rank_2451+bridge_from_beginner_grade_3+grade_estimate_6,intermediate,intermediate,20.734,20.745,7.089,beginner_seed;intermediate_seed,beginner_k_to_5.csv;intermediate_6_to_8.csv
format,4;6,6-8;k-5th grade,beginner_k_to_5;intermediate_6_to_8,527,26,false,n,elementary_fill+grade4+grade4_week27_item7 | tier1_ngsl_general+ngsl_rank_2469+bridge_from_beginner_grade_4+grade_estimate_6,intermediate,intermediate,20.734,20.745,7.089,beginner_seed;intermediate_seed,beginner_k_to_5.csv;intermediate_6_to_8.csv
acceptable,2;6,6-8;k-5th grade,beginner_k_to_5;intermediate_6_to_8,546,26,false,adj,elementary_fill+grade2+grade2_week35_item2 | tier1_ngsl_general+ngsl_rank_2428+buffer_from_beginner_grade_2+intermediate_buffer_addition+grade_estimate_6,intermediate,intermediate,19.934,20.745,7.789,beginner_seed;intermediate_seed,beginner_k_to_5.csv;intermediate_6_to_8.csv
evening,5;6,6-8;k-5th grade,beginner_k_to_5;intermediate_6_to_8,679,140,false,v,tier2_fry_filtered+fry_rank_979+grade5_week32_item9 | tier1_ngsl_general+ngsl_rank_679+bridge_from_beginner_grade_5+grade_estimate_6,intermediate,intermediate,20.306,20.741,7.523,beginner_seed;intermediate_seed,beginner_k_to_5.csv;intermediate_6_to_8.csv
son,4;6,6-8;k-5th grade,beginner_k_to_5;intermediate_6_to_8,606,139,false,n,tier2_fry_filtered+fry_rank_606+grade_estimated_from_fry_rank | tier1_ngsl_general+ngsl_rank_687+bridge_from_beginner_grade_4+grade_estimate_6,intermediate,beginner,22.104,20.739,7.521,beginner_seed;intermediate_seed,beginner_k_to_5.csv;intermediate_6_to_8.csv
thus,5;6,6-8;k-5th grade,beginner_k_to_5;intermediate_6_to_8,684,139,false,adv,tier2_fry_filtered+fry_rank_811+grade5_week16_item1 | tier1_ngsl_general+ngsl_rank_684+bridge_from_beginner_grade_5+grade_estimate_6,intermediate,beginner,22.104,20.739,7.521,beginner_seed;intermediate_seed,beginner_k_to_5.csv;intermediate_6_to_8.csv
weigh,3;6,6-8;k-5th grade,beginner_k_to_5;intermediate_6_to_8,299,25,false,n,elementary_fill+grade3+grade3_week19_item11 | tier1_ngsl_general+ngsl_rank_2481+bridge_from_beginner_grade_3+grade_estimate_6,intermediate,intermediate,20.726,20.735,7.081,beginner_seed;intermediate_seed,beginner_k_to_5.csv;intermediate_6_to_8.csv
remote,4;6,6-8;k-5th grade,beginner_k_to_5;intermediate_6_to_8,388,25,false,n,elementary_fill+grade4+grade4_week20_item8 | tier1_ngsl_general+ngsl_rank_2497+bridge_from_beginner_grade_4+grade_estimate_6,intermediate,intermediate,20.726,20.735,7.081,beginner_seed;intermediate_seed,beginner_k_to_5.csv;intermediate_6_to_8.csv
modify,3;6,6-8;k-5th grade,beginner_k_to_5;intermediate_6_to_8,575,25,false,v,elementary_fill+grade3+grade3_week36_item15 | tier1_ngsl_general+ngsl_rank_2484+bridge_from_beginner_grade_3+grade_estimate_6,intermediate,intermediate,20.726,20.735,7.081,beginner_seed;intermediate_seed,beginner_k_to_5.csv;intermediate_6_to_8.csv
orange,4;6,6-8;k-5th grade,beginner_k_to_5;intermediate_6_to_8,661,25,false,adj,elementary_fill+grade4+grade4_week34_item1 | tier1_ngsl_general+ngsl_rank_2499+bridge_from_beginner_grade_4+grade_estimate_6,intermediate,intermediate,20.726,20.735,7.081,beginner_seed;intermediate_seed,beginner_k_to_5.csv;intermediate_6_to_8.csv
silent,5;6,6-8;k-5th grade,beginner_k_to_5;intermediate_6_to_8,827,25,false,adj,tier2_fry_filtered+fry_rank_827+grade5_week17_item7 | tier1_ngsl_general+ngsl_rank_2474+bridge_from_beginner_grade_5+grade_estimate_6,intermediate,intermediate,20.726,20.735,7.081,beginner_seed;intermediate_seed,beginner_k_to_5.csv;intermediate_6_to_8.csv
distinct,5;6,6-8;k-5th grade,beginner_k_to_5;intermediate_6_to_8,8,24,false,adj,elementary_fill+grade5+grade5_week1_item8 | tier1_ngsl_general+ngsl_rank_2572+bridge_from_beginner_grade_5+grade_estimate_6,intermediate,intermediate,19.919,20.725,7.772,beginner_seed;intermediate_seed,beginner_k_to_5.csv;intermediate_6_to_8.csv
creature,4;6,6-8;k-5th grade,beginner_k_to_5;intermediate_6_to_8,173,24,false,n,elementary_fill+grade4+grade4_week9_item13 | tier1_ngsl_general+ngsl_rank_2526+bridge_from_beginner_grade_4+grade_estimate_6,intermediate,intermediate,19.919,20.725,7.772,beginner_seed;intermediate_seed,beginner_k_to_5.csv;intermediate_6_to_8.csv
clause,4;6,6-8;k-5th grade,beginner_k_to_5;intermediate_6_to_8,187,24,false,n,elementary_fill+grade4+grade4_week10_item7 | tier1_ngsl_general+ngsl_rank_2529+bridge_from_beginner_grade_4+grade_estimate_6,intermediate,intermediate,20.719,20.725,7.072,beginner_seed;intermediate_seed,beginner_k_to_5.csv;intermediate_6_to_8.csv
shelf,5;6,6-8;k-5th grade,beginner_k_to_5;intermediate_6_to_8,269,24,false,n,elementary_fill+grade5+grade5_week14_item9 | tier1_ngsl_general+ngsl_rank_2538+bridge_from_beginner_grade_5+grade_estimate_6,intermediate,intermediate,20.719,20.725,7.072,beginner_seed;intermediate_seed,beginner_k_to_5.csv;intermediate_6_to_8.csv
potato,3;6,6-8;k-5th grade,beginner_k_to_5;intermediate_6_to_8,188,23,false,n,elementary_fill+grade3+grade3_week12_item12 | tier1_ngsl_general+ngsl_rank_2623+bridge_from_beginner_grade_3+grade_estimate_6,intermediate,intermediate,20.711,20.715,7.063,beginner_seed;intermediate_seed,beginner_k_to_5.csv;intermediate_6_to_8.csv
racial,5;6,6-8;k-5th grade,beginner_k_to_5;intermediate_6_to_8,193,23,false,adj,elementary_fill+grade5+grade5_week10_item13 | tier1_ngsl_general+ngsl_rank_2613+bridge_from_beginner_grade_5+grade_estimate_6,intermediate,intermediate,20.711,20.715,7.063,beginner_seed;intermediate_seed,beginner_k_to_5.csv;intermediate_6_to_8.csv
piano,3;6,6-8;k-5th grade,beginner_k_to_5;intermediate_6_to_8,572,23,false,n,elementary_fill+grade3+grade3_week36_item12 | tier1_ngsl_general+ngsl_rank_2591+bridge_from_beginner_grade_3+grade_estimate_6,intermediate,intermediate,20.711,20.715,7.063,beginner_seed;intermediate_seed,beginner_k_to_5.csv;intermediate_6_to_8.csv
college,4;6,6-8;k-5th grade,beginner_k_to_5;intermediate_6_to_8,403,128,false,n,elementary_fill+grade4+grade4_week21_item3 | tier1_ngsl_general+ngsl_rank_739+bridge_from_beginner_grade_4+grade_estimate_6,intermediate,intermediate,20.284,20.712,7.498,beginner_seed;intermediate_seed,beginner_k_to_5.csv;intermediate_6_to_8.csv
purpose,4;6,6-8;k-5th grade,beginner_k_to_5;intermediate_6_to_8,507,128,false,n,elementary_fill+grade4+grade4_week26_item7 | tier1_ngsl_general+ngsl_rank_735+bridge_from_beginner_grade_4+grade_estimate_6,intermediate,intermediate,20.284,20.712,7.498,beginner_seed;intermediate_seed,beginner_k_to_5.csv;intermediate_6_to_8.csv
machine,4;6,6-8;k-5th grade,beginner_k_to_5;intermediate_6_to_8,447,126,false,n,tier2_fry_filtered+fry_rank_447+grade4_week15_item7 | tier1_ngsl_general+ngsl_rank_745+bridge_from_beginner_grade_4+grade_estimate_6,intermediate,intermediate,20.28,20.707,7.493,beginner_seed;intermediate_seed,beginner_k_to_5.csv;intermediate_6_to_8.csv
achieve,4;6,6-8;k-5th grade,beginner_k_to_5;intermediate_6_to_8,583,126,false,v,elementary_fill+grade4+grade4_week30_item3 | tier1_ngsl_general+ngsl_rank_746+bridge_from_beginner_grade_4+grade_estimate_6,intermediate,intermediate,20.28,20.707,7.493,beginner_seed;intermediate_seed,beginner_k_to_5.csv;intermediate_6_to_8.csv
immigrant,4;6,6-8;k-5th grade,beginner_k_to_5;intermediate_6_to_8,77,22,false,adj,elementary_fill+grade4+grade4_week4_item17 | tier1_ngsl_general+ngsl_rank_2642+bridge_from_beginner_grade_4+grade_estimate_6,intermediate,intermediate,19.903,20.704,7.754,beginner_seed;intermediate_seed,beginner_k_to_5.csv;intermediate_6_to_8.csv
knife,3;6,6-8;k-5th grade,beginner_k_to_5;intermediate_6_to_8,87,22,false,n,elementary_fill+grade3+grade3_week6_item7 | tier1_ngsl_general+ngsl_rank_2657+bridge_from_beginner_grade_3+grade_estimate_6,intermediate,intermediate,20.703,20.704,7.054,beginner_seed;intermediate_seed,beginner_k_to_5.csv;intermediate_6_to_8.csv
nerve,2;6,6-8;k-5th grade,beginner_k_to_5;intermediate_6_to_8,201,22,false,n,elementary_fill+grade2+grade2_week13_item9 | tier1_ngsl_general+ngsl_rank_2676+buffer_from_beginner_grade_2+intermediate_buffer_addition+grade_estimate_6,intermediate,intermediate,20.703,20.704,7.054,beginner_seed;intermediate_seed,beginner_k_to_5.csv;intermediate_6_to_8.csv
adventure,4;6,6-8;k-5th grade,beginner_k_to_5;intermediate_6_to_8,229,22,false,n,elementary_fill+grade4+grade4_week12_item9 | tier1_ngsl_general+ngsl_rank_2667+bridge_from_beginner_grade_4+grade_estimate_6,intermediate,intermediate,19.903,20.704,7.754,beginner_seed;intermediate_seed,beginner_k_to_5.csv;intermediate_6_to_8.csv
castle,4;6,6-8;k-5th grade,beginner_k_to_5;intermediate_6_to_8,362,22,false,n,elementary_fill+grade4+grade4_week19_item2 | tier1_ngsl_general+ngsl_rank_2673+bridge_from_beginner_grade_4+grade_estimate_6,intermediate,intermediate,20.703,20.704,7.054,beginner_seed;intermediate_seed,beginner_k_to_5.csv;intermediate_6_to_8.csv
golden,4;6,6-8;k-5th grade,beginner_k_to_5;intermediate_6_to_8,376,22,false,n,elementary_fill+grade4+grade4_week19_item16 | tier1_ngsl_general+ngsl_rank_2653+bridge_from_beginner_grade_4+grade_estimate_6,intermediate,intermediate,20.703,20.704,7.054,beginner_seed;intermediate_seed,beginner_k_to_5.csv;intermediate_6_to_8.csv
envelope,4;6,6-8;k-5th grade,beginner_k_to_5;intermediate_6_to_8,395,22,false,n,elementary_fill+grade4+grade4_week20_item15 | tier1_ngsl_general+ngsl_rank_2656+bridge_from_beginner_grade_4+grade_estimate_6,intermediate,intermediate,19.903,20.704,7.754,beginner_seed;intermediate_seed,beginner_k_to_5.csv;intermediate_6_to_8.csv
release,4;6,6-8;k-5th grade,beginner_k_to_5;intermediate_6_to_8,645,122,false,n,elementary_fill+grade4+grade4_week33_item5 | tier1_ngsl_general+ngsl_rank_786+bridge_from_beginner_grade_4+grade_estimate_6,intermediate,intermediate,20.272,20.696,7.484,beginner_seed;intermediate_seed,beginner_k_to_5.csv;intermediate_6_to_8.csv
capital,5;6,6-8;k-5th grade,beginner_k_to_5;intermediate_6_to_8,789,121,false,adj,tier2_fry_filtered+fry_rank_905+grade5_week25_item5 | tier1_ngsl_general+ngsl_rank_789+bridge_from_beginner_grade_5+grade_estimate_6,intermediate,intermediate,20.27,20.694,7.482,beginner_seed;intermediate_seed,beginner_k_to_5.csv;intermediate_6_to_8.csv
hurry,5;6,6-8;k-5th grade,beginner_k_to_5;intermediate_6_to_8,7,21,false,n,elementary_fill+grade5+grade5_week1_item7 | tier1_ngsl_general+ngsl_rank_2683+bridge_from_beginner_grade_5+grade_estimate_6,intermediate,beginner,20.695,20.693,7.044,beginner_seed;intermediate_seed,beginner_k_to_5.csv;intermediate_6_to_8.csv
horrible,5;6,6-8;k-5th grade,beginner_k_to_5;intermediate_6_to_8,70,21,false,adj,elementary_fill+grade5+grade5_week4_item10 | tier1_ngsl_general+ngsl_rank_2709+bridge_from_beginner_grade_5+grade_estimate_6,intermediate,intermediate,19.895,20.693,7.744,beginner_seed;intermediate_seed,beginner_k_to_5.csv;intermediate_6_to_8.csv
universe,5;6,6-8;k-5th grade,beginner_k_to_5;intermediate_6_to_8,190,21,false,n,elementary_fill+grade5+grade5_week10_item10 | tier1_ngsl_general+ngsl_rank_2708+bridge_from_beginner_grade_5+grade_estimate_6,intermediate,intermediate,19.895,20.693,7.744,beginner_seed;intermediate_seed,beginner_k_to_5.csv;intermediate_6_to_8.csv
carpet,3;6,6-8;k-5th grade,beginner_k_to_5;intermediate_6_to_8,248,21,false,n,elementary_fill+grade3+grade3_week16_item8 | tier1_ngsl_general+ngsl_rank_2680+bridge_from_beginner_grade_3+grade_estimate_6,intermediate,beginner,20.695,20.693,7.044,beginner_seed;intermediate_seed,beginner_k_to_5.csv;intermediate_6_to_8.csv
revise,4;6,6-8;k-5th grade,beginner_k_to_5;intermediate_6_to_8,266,21,false,n,elementary_fill+grade4+grade4_week14_item6 | tier1_ngsl_general+ngsl_rank_2688+bridge_from_beginner_grade_4+grade_estimate_6,intermediate,beginner,20.695,20.693,7.044,beginner_seed;intermediate_seed,beginner_k_to_5.csv;intermediate_6_to_8.csv
portrait,3;6,6-8;k-5th grade,beginner_k_to_5;intermediate_6_to_8,284,21,false,n,elementary_fill+grade3+grade3_week18_item12 | tier1_ngsl_general+ngsl_rank_2713+bridge_from_beginner_grade_3+grade_estimate_6,intermediate,intermediate,19.895,20.693,7.744,beginner_seed;intermediate_seed,beginner_k_to_5.csv;intermediate_6_to_8.csv
substitute,5;6,6-8;k-5th grade,beginner_k_to_5;intermediate_6_to_8,363,21,false,n,elementary_fill+grade5+grade5_week19_item3 | tier1_ngsl_general+ngsl_rank_2715+bridge_from_beginner_grade_5+grade_estimate_6,intermediate,intermediate,19.895,20.693,7.744,beginner_seed;intermediate_seed,beginner_k_to_5.csv;intermediate_6_to_8.csv
harbor,4;6,6-8;k-5th grade,beginner_k_to_5;intermediate_6_to_8,486,21,false,n,elementary_fill+grade4+grade4_week25_item6 | tier1_ngsl_general+ngsl_rank_2704+bridge_from_beginner_grade_4+grade_estimate_6,intermediate,beginner,20.695,20.693,7.044,beginner_seed;intermediate_seed,beginner_k_to_5.csv;intermediate_6_to_8.csv
