word,rank,count,grade_hint,academic,pos,notes
abnormal,3001,1681,9,0,adj,tier3_bnc_coca+bnc_coca_band_4k+grade_estimate_9+general_or_nonacademic
aboard,3002,948,9,0,prep,tier3_bnc_coca+bnc_coca_band_4k+grade_estimate_9+general_or_nonacademic
abrupt,3003,1672,9,0,adj,tier3_bnc_coca+bnc_coca_band_4k+grade_estimate_9+general_or_nonacademic
absurd,3005,1419,9,0,adj,tier3_bnc_coca+bnc_coca_band_4k+grade_estimate_9+general_or_nonacademic
abundant,3006,1465,9,0,adj,tier3_bnc_coca+bnc_coca_band_4k+grade_estimate_9+general_or_nonacademic
accountant,3007,3013,9,0,n,tier3_bnc_coca+bnc_coca_band_4k+grade_estimate_9+general_or_nonacademic
accustom,3008,1102,9,0,v,tier3_bnc_coca+bnc_coca_band_4k+grade_estimate_9+general_or_nonacademic
acquaint,3010,1314,9,0,v,tier3_bnc_coca+bnc_coca_band_4k+grade_estimate_9+general_or_nonacademic
adhere,3013,1475,9,0,n,tier3_bnc_coca+bnc_coca_band_4k+grade_estimate_9+general_or_nonacademic
administer,3015,1957,9,0,v,tier3_bnc_coca+bnc_coca_band_4k+grade_estimate_9+general_or_nonacademic
affiliate,3018,1099,9,0,v,tier3_bnc_coca+bnc_coca_band_4k+grade_estimate_9+general_or_nonacademic
aggression,3019,1315,9,0,n,tier3_bnc_coca+bnc_coca_band_4k+grade_estimate_9+general_or_nonacademic
agony,3020,1506,9,0,n,tier3_bnc_coca+bnc_coca_band_4k+grade_estimate_9+general_or_nonacademic
align,3021,1467,9,0,v,tier3_bnc_coca+bnc_coca_band_4k+grade_estimate_9+general_or_nonacademic
alike,3022,1477,9,0,adv,tier3_bnc_coca+bnc_coca_band_4k+grade_estimate_9+general_or_nonacademic
alley,3023,1111,9,0,n,tier3_bnc_coca+bnc_coca_band_4k+grade_estimate_9+general_or_nonacademic
alpha,3024,1281,9,0,n,tier3_bnc_coca+bnc_coca_band_4k+grade_estimate_9+general_or_nonacademic
aluminium,3026,1080,9,0,n,tier3_bnc_coca+bnc_coca_band_4k+grade_estimate_9+general_or_nonacademic
amateur,3027,2067,9,0,n,tier3_bnc_coca+bnc_coca_band_4k+grade_estimate_9+general_or_nonacademic
ambassador,3028,1441,9,0,n,tier3_bnc_coca+bnc_coca_band_4k+grade_estimate_9+general_or_nonacademic
ambiguous,3029,1361,9,0,adj,tier3_bnc_coca+bnc_coca_band_4k+grade_estimate_9+general_or_nonacademic
ambition,3030,2296,9,0,n,tier3_bnc_coca+bnc_coca_band_4k+grade_estimate_9+general_or_nonacademic
ambitious,3031,1625,9,0,adj,tier3_bnc_coca+bnc_coca_band_4k+grade_estimate_9+general_or_nonacademic
amid,3033,1069,9,0,prep,tier3_bnc_coca+bnc_coca_band_4k+grade_estimate_9+general_or_nonacademic
anchor,3035,1242,9,0,v,tier3_bnc_coca+bnc_coca_band_4k+grade_estimate_9+general_or_nonacademic
animate,3036,1156,9,0,v,tier3_bnc_coca+bnc_coca_band_4k+grade_estimate_9+general_or_nonacademic
anniversary,3038,2146,9,0,n,tier3_bnc_coca+bnc_coca_band_4k+grade_estimate_9+general_or_nonacademic
anonymous,3039,1235,9,0,adj,tier3_bnc_coca+bnc_coca_band_4k+grade_estimate_9+general_or_nonacademic
antique,3041,1384,9,0,n,tier3_bnc_coca+bnc_coca_band_4k+grade_estimate_9+general_or_nonacademic
applicable,3042,1693,9,0,adj,tier3_bnc_coca+bnc_coca_band_4k+grade_estimate_9+general_or_nonacademic
appraise,3044,1819,9,0,v,tier3_bnc_coca+bnc_coca_band_4k+grade_estimate_9+general_or_nonacademic
arch,3045,2223,9,0,v,tier3_bnc_coca+bnc_coca_band_4k+grade_estimate_9+general_or_nonacademic
archive,3046,1817,9,0,adj,tier3_bnc_coca+bnc_coca_band_4k+grade_estimate_9+general_or_nonacademic
arena,3047,1132,9,0,n,tier3_bnc_coca+bnc_coca_band_4k+grade_estimate_9+general_or_nonacademic
armour,3048,1598,9,0,v,tier3_bnc_coca+bnc_coca_band_4k+grade_estimate_9+general_or_nonacademic
arouse,3049,1832,9,0,n,tier3_bnc_coca+bnc_coca_band_4k+grade_estimate_9+general_or_nonacademic
arrogant,3051,1170,9,0,adj,tier3_bnc_coca+bnc_coca_band_4k+grade_estimate_9+general_or_nonacademic
ash,3055,2017,9,0,n,tier3_bnc_coca+bnc_coca_band_4k+grade_estimate_9+general_or_nonacademic
aspire,3056,2187,9,0,n,tier3_bnc_coca+bnc_coca_band_4k+grade_estimate_9+general_or_nonacademic
assassin,3057,1394,9,0,n,tier3_bnc_coca+bnc_coca_band_4k+grade_estimate_9+general_or_nonacademic
astonish,3058,2279,9,0,v,tier3_bnc_coca+bnc_coca_band_4k+grade_estimate_9+general_or_nonacademic
attain,3060,2487,9,0,v,tier3_bnc_coca+bnc_coca_band_4k+grade_estimate_9+general_or_nonacademic
attorney,3061,1209,9,0,n,tier3_bnc_coca+bnc_coca_band_4k+grade_estimate_9+general_or_nonacademic
authentic,3064,1436,9,0,adj,tier3_bnc_coca+bnc_coca_band_4k+grade_estimate_9+general_or_nonacademic
automobile,3065,798,9,0,n,tier3_bnc_coca+bnc_coca_band_4k+grade_estimate_9+general_or_nonacademic
await,3068,2241,9,0,v,tier3_bnc_coca+bnc_coca_band_4k+grade_estimate_9+general_or_nonacademic
axe,3069,1666,9,0,n,tier3_bnc_coca+bnc_coca_band_4k+grade_estimate_9+general_or_nonacademic
aye,3070,5428,9,0,n,tier3_bnc_coca+bnc_coca_band_4k+grade_estimate_9+general_or_nonacademic
ballet,3071,1521,9,0,n,tier3_bnc_coca+bnc_coca_band_4k+grade_estimate_9+general_or_nonacademic
bankrupt,3074,1911,9,0,v,tier3_bnc_coca+bnc_coca_band_4k+grade_estimate_9+general_or_nonacademic
basement,3078,857,9,0,n,tier3_bnc_coca+bnc_coca_band_4k+grade_estimate_9+general_or_nonacademic
bass,3080,2262,9,0,n,tier3_bnc_coca+bnc_coca_band_4k+grade_estimate_9+general_or_nonacademic
bastard,3081,1802,9,0,n,tier3_bnc_coca+bnc_coca_band_4k+grade_estimate_9+general_or_nonacademic
bathe,3082,1030,9,0,n,tier3_bnc_coca+bnc_coca_band_4k+grade_estimate_9+general_or_nonacademic
battered,3083,1122,9,0,n,tier3_bnc_coca+bnc_coca_band_4k+grade_estimate_9+general_or_nonacademic
bead,3084,1002,9,0,v,tier3_bnc_coca+bnc_coca_band_4k+grade_estimate_9+general_or_nonacademic
beard,3085,1414,9,0,v,tier3_bnc_coca+bnc_coca_band_4k+grade_estimate_9+general_or_nonacademic
beast,3086,1509,9,0,adj,tier3_bnc_coca+bnc_coca_band_4k+grade_estimate_9+general_or_nonacademic
behalf,3087,4037,9,0,n,tier3_bnc_coca+bnc_coca_band_4k+grade_estimate_9+general_or_nonacademic
belly,3088,1098,9,0,adv,tier3_bnc_coca+bnc_coca_band_4k+grade_estimate_9+general_or_nonacademic
beneficial,3089,1460,9,0,adj,tier3_bnc_coca+bnc_coca_band_4k+grade_estimate_9+general_or_nonacademic
betray,3090,1866,9,0,v,tier3_bnc_coca+bnc_coca_band_4k+grade_estimate_9+general_or_nonacademic
biography,3092,1435,9,1,n,tier3_bnc_coca+bnc_coca_band_4k+grade_estimate_9+academic_suffix
blade,3095,1808,9,0,n,tier3_bnc_coca+bnc_coca_band_4k+grade_estimate_9+general_or_nonacademic
blaze,3096,1640,9,0,n,tier3_bnc_coca+bnc_coca_band_4k+grade_estimate_9+general_or_nonacademic
blink,3097,1182,9,0,v,tier3_bnc_coca+bnc_coca_band_4k+grade_estimate_9+general_or_nonacademic
blur,3098,1036,9,0,n,tier3_bnc_coca+bnc_coca_band_4k+grade_estimate_9+general_or_nonacademic
boarder,3099,1173,9,0,n,tier3_bnc_coca+bnc_coca_band_4k+grade_estimate_9+general_or_nonacademic
bold,3101,1909,9,0,adj,tier3_bnc_coca+bnc_coca_band_4k+grade_estimate_9+general_or_nonacademic
booking,3104,3095,9,0,n,tier3_bnc_coca+bnc_coca_band_4k+grade_estimate_9+general_or_nonacademic
bounds,3105,1262,9,0,n,tier3_bnc_coca+bnc_coca_band_4k+grade_estimate_9+general_or_nonacademic
boxed,3106,2182,9,0,n,tier3_bnc_coca+bnc_coca_band_4k+grade_estimate_9+general_or_nonacademic
breach,3108,4095,9,0,v,tier3_bnc_coca+bnc_coca_band_4k+grade_estimate_9+general_or_nonacademic
bride,3111,1469,9,0,n,tier3_bnc_coca+bnc_coca_band_4k+grade_estimate_9+general_or_nonacademic
briefed,3112,1135,9,0,n,tier3_bnc_coca+bnc_coca_band_4k+grade_estimate_9+general_or_nonacademic
broker,3113,1401,9,0,v,tier3_bnc_coca+bnc_coca_band_4k+grade_estimate_9+general_or_nonacademic
bronze,3114,1802,9,0,n,tier3_bnc_coca+bnc_coca_band_4k+grade_estimate_9+general_or_nonacademic
brute,3116,1762,9,0,n,tier3_bnc_coca+bnc_coca_band_4k+grade_estimate_9+general_or_nonacademic
bulb,3118,1119,9,0,n,tier3_bnc_coca+bnc_coca_band_4k+grade_estimate_9+general_or_nonacademic
bull,3120,2455,9,0,n,tier3_bnc_coca+bnc_coca_band_4k+grade_estimate_9+general_or_nonacademic
bully,3122,984,9,0,adv,tier3_bnc_coca+bnc_coca_band_4k+grade_estimate_9+general_or_nonacademic
bureaucracy,3124,1520,9,1,n,tier3_bnc_coca+bnc_coca_band_4k+grade_estimate_9+academic_suffix
bureaucrat,3125,1619,9,0,n,tier3_bnc_coca+bnc_coca_band_4k+grade_estimate_9+general_or_nonacademic
bush,3126,4723,9,0,n,tier3_bnc_coca+bnc_coca_band_4k+grade_estimate_9+general_or_nonacademic
buzz,3128,1174,9,0,v,tier3_bnc_coca+bnc_coca_band_4k+grade_estimate_9+general_or_nonacademic
cab,3129,1644,9,0,n,tier3_bnc_coca+bnc_coca_band_4k+grade_estimate_9+general_or_nonacademic
cafe,3131,895,9,0,n,tier3_bnc_coca+bnc_coca_band_4k+grade_estimate_9+general_or_nonacademic
calorie,3133,1251,9,0,n,tier3_bnc_coca+bnc_coca_band_4k+grade_estimate_9+general_or_nonacademic
canal,3135,2609,9,0,adj,tier3_bnc_coca+bnc_coca_band_4k+grade_estimate_9+general_or_nonacademic
cargo,3140,1020,9,0,n,tier3_bnc_coca+bnc_coca_band_4k+grade_estimate_9+general_or_nonacademic
cartoon,3142,867,9,0,n,tier3_bnc_coca+bnc_coca_band_4k+grade_estimate_9+general_or_nonacademic
casualty,3143,1737,9,0,n,tier3_bnc_coca+bnc_coca_band_4k+grade_estimate_9+general_or_nonacademic
cater,3144,3217,9,0,v,tier3_bnc_coca+bnc_coca_band_4k+grade_estimate_9+general_or_nonacademic
cautious,3147,1851,9,0,adj,tier3_bnc_coca+bnc_coca_band_4k+grade_estimate_9+general_or_nonacademic
cave,3148,1920,9,0,n,tier3_bnc_coca+bnc_coca_band_4k+grade_estimate_9+general_or_nonacademic
celebrity,3149,676,9,0,n,tier3_bnc_coca+bnc_coca_band_4k+grade_estimate_9+general_or_nonacademic
cemetery,3150,936,9,0,n,tier3_bnc_coca+bnc_coca_band_4k+grade_estimate_9+general_or_nonacademic
census,3152,1210,9,0,n,tier3_bnc_coca+bnc_coca_band_4k+grade_estimate_9+general_or_nonacademic
certificate,3153,4268,9,0,v,tier3_bnc_coca+bnc_coca_band_4k+grade_estimate_9+general_or_nonacademic
certify,3154,573,9,0,v,tier3_bnc_coca+bnc_coca_band_4k+grade_estimate_9+general_or_nonacademic
champagne,3155,1870,9,0,n,tier3_bnc_coca+bnc_coca_band_4k+grade_estimate_9+general_or_nonacademic
chancellor,3156,3890,9,0,n,tier3_bnc_coca+bnc_coca_band_4k+grade_estimate_9+general_or_nonacademic
chaos,3157,1595,9,0,n,tier3_bnc_coca+bnc_coca_band_4k+grade_estimate_9+general_or_nonacademic
chef,3159,869,9,0,n,tier3_bnc_coca+bnc_coca_band_4k+grade_estimate_9+general_or_nonacademic
chin,3161,1604,9,0,n,tier3_bnc_coca+bnc_coca_band_4k+grade_estimate_9+general_or_nonacademic
choke,3163,1091,9,0,n,tier3_bnc_coca+bnc_coca_band_4k+grade_estimate_9+general_or_nonacademic
cholesterol,3164,782,9,0,n,tier3_bnc_coca+bnc_coca_band_4k+grade_estimate_9+general_or_nonacademic
chronicle,3166,947,9,0,n,tier3_bnc_coca+bnc_coca_band_4k+grade_estimate_9+general_or_nonacademic
civic,3169,1019,9,0,adj,tier3_bnc_coca+bnc_coca_band_4k+grade_estimate_9+general_or_nonacademic
clash,3170,2453,9,0,v,tier3_bnc_coca+bnc_coca_band_4k+grade_estimate_9+general_or_nonacademic
clutch,3179,1707,9,0,v,tier3_bnc_coca+bnc_coca_band_4k+grade_estimate_9+general_or_nonacademic
coffin,3180,1643,9,0,n,tier3_bnc_coca+bnc_coca_band_4k+grade_estimate_9+general_or_nonacademic
collar,3183,1985,9,0,v,tier3_bnc_coca+bnc_coca_band_4k+grade_estimate_9+general_or_nonacademic
commentator,3186,1381,9,0,n,tier3_bnc_coca+bnc_coca_band_4k+grade_estimate_9+general_or_nonacademic
compel,3192,1674,9,0,n,tier3_bnc_coca+bnc_coca_band_4k+grade_estimate_9+general_or_nonacademic
compile,3194,2345,9,0,n,tier3_bnc_coca+bnc_coca_band_4k+grade_estimate_9+general_or_nonacademic
compliance,3196,1408,9,0,n,tier3_bnc_coca+bnc_coca_band_4k+grade_estimate_9+general_or_nonacademic
comprehend,3198,1246,9,0,v,tier3_bnc_coca+bnc_coca_band_4k+grade_estimate_9+general_or_nonacademic
compress,3199,1383,9,0,v,tier3_bnc_coca+bnc_coca_band_4k+grade_estimate_9+general_or_nonacademic
con,3200,1362,9,0,n,tier3_bnc_coca+bnc_coca_band_4k+grade_estimate_9+general_or_nonacademic
conceal,3201,2079,9,0,v,tier3_bnc_coca+bnc_coca_band_4k+grade_estimate_9+general_or_nonacademic
concede,3202,1775,9,0,n,tier3_bnc_coca+bnc_coca_band_4k+grade_estimate_9+general_or_nonacademic
concession,3203,2015,9,0,n,tier3_bnc_coca+bnc_coca_band_4k+grade_estimate_9+general_or_nonacademic
confidential,3204,1836,9,0,adj,tier3_bnc_coca+bnc_coca_band_4k+grade_estimate_9+general_or_nonacademic
configure,3205,1624,9,0,n,tier3_bnc_coca+bnc_coca_band_4k+grade_estimate_9+general_or_nonacademic
conform,3206,2792,9,0,v,tier3_bnc_coca+bnc_coca_band_4k+grade_estimate_9+general_or_nonacademic
congratulate,3207,1640,9,0,v,tier3_bnc_coca+bnc_coca_band_4k+grade_estimate_9+general_or_nonacademic
congregate,3208,1704,9,0,v,tier3_bnc_coca+bnc_coca_band_4k+grade_estimate_9+general_or_nonacademic
conscience,3209,1441,9,0,n,tier3_bnc_coca+bnc_coca_band_4k+grade_estimate_9+general_or_nonacademic
consistency,3211,970,9,0,n,tier3_bnc_coca+bnc_coca_band_4k+grade_estimate_9+general_or_nonacademic
console,3212,1199,9,0,n,tier3_bnc_coca+bnc_coca_band_4k+grade_estimate_9+general_or_nonacademic
consolidate,3213,1817,9,0,v,tier3_bnc_coca+bnc_coca_band_4k+grade_estimate_9+general_or_nonacademic
conspiracy,3214,1129,9,0,n,tier3_bnc_coca+bnc_coca_band_4k+grade_estimate_9+general_or_nonacademic
constituency,3215,2690,9,0,n,tier3_bnc_coca+bnc_coca_band_4k+grade_estimate_9+general_or_nonacademic
contaminate,3216,1504,9,0,v,tier3_bnc_coca+bnc_coca_band_4k+grade_estimate_9+general_or_nonacademic
contemplate,3217,2192,9,0,v,tier3_bnc_coca+bnc_coca_band_4k+grade_estimate_9+general_or_nonacademic
contempt,3218,1689,9,0,n,tier3_bnc_coca+bnc_coca_band_4k+grade_estimate_9+general_or_nonacademic
contingent,3219,1430,9,0,adj,tier3_bnc_coca+bnc_coca_band_4k+grade_estimate_9+general_or_nonacademic
convenience,3221,1490,9,0,n,tier3_bnc_coca+bnc_coca_band_4k+grade_estimate_9+general_or_nonacademic
convenient,3222,2939,9,0,adj,tier3_bnc_coca+bnc_coca_band_4k+grade_estimate_9+general_or_nonacademic
conversion,3223,2416,9,0,n,tier3_bnc_coca+bnc_coca_band_4k+grade_estimate_9+general_or_nonacademic
copyright,3225,1070,9,0,v,tier3_bnc_coca+bnc_coca_band_4k+grade_estimate_9+general_or_nonacademic
corps,3228,1216,9,0,n,tier3_bnc_coca+bnc_coca_band_4k+grade_estimate_9+general_or_nonacademic
costume,3229,1139,9,0,n,tier3_bnc_coca+bnc_coca_band_4k+grade_estimate_9+general_or_nonacademic
couch,3230,742,9,0,v,tier3_bnc_coca+bnc_coca_band_4k+grade_estimate_9+general_or_nonacademic
counterpart,3231,1689,9,0,n,tier3_bnc_coca+bnc_coca_band_4k+grade_estimate_9+general_or_nonacademic
coup,3232,1906,9,0,n,tier3_bnc_coca+bnc_coca_band_4k+grade_estimate_9+general_or_nonacademic
courtesy,3233,1116,9,0,n,tier3_bnc_coca+bnc_coca_band_4k+grade_estimate_9+general_or_nonacademic
credible,3234,1485,9,0,adj,tier3_bnc_coca+bnc_coca_band_4k+grade_estimate_9+general_or_nonacademic
cube,3239,1368,9,0,n,tier3_bnc_coca+bnc_coca_band_4k+grade_estimate_9+general_or_nonacademic
cult,3240,1092,9,0,n,tier3_bnc_coca+bnc_coca_band_4k+grade_estimate_9+general_or_nonacademic
cultivate,3241,2006,9,0,v,tier3_bnc_coca+bnc_coca_band_4k+grade_estimate_9+general_or_nonacademic
curse,3242,1334,9,0,n,tier3_bnc_coca+bnc_coca_band_4k+grade_estimate_9+general_or_nonacademic
custody,3243,1754,9,0,n,tier3_bnc_coca+bnc_coca_band_4k+grade_estimate_9+general_or_nonacademic
cynical,3244,1309,9,0,adj,tier3_bnc_coca+bnc_coca_band_4k+grade_estimate_9+general_or_nonacademic
dam,3245,921,9,0,n,tier3_bnc_coca+bnc_coca_band_4k+grade_estimate_9+general_or_nonacademic
deaf,3248,3179,9,0,n,tier3_bnc_coca+bnc_coca_band_4k+grade_estimate_9+general_or_nonacademic
debut,3249,1660,9,0,n,tier3_bnc_coca+bnc_coca_band_4k+grade_estimate_9+general_or_nonacademic
decisive,3251,1670,9,0,adj,tier3_bnc_coca+bnc_coca_band_4k+grade_estimate_9+general_or_nonacademic
deduct,3252,1460,9,0,v,tier3_bnc_coca+bnc_coca_band_4k+grade_estimate_9+general_or_nonacademic
deem,3253,1635,9,0,v,tier3_bnc_coca+bnc_coca_band_4k+grade_estimate_9+general_or_nonacademic
deer,3254,946,9,0,n,tier3_bnc_coca+bnc_coca_band_4k+grade_estimate_9+general_or_nonacademic
defer,3256,1423,9,0,n,tier3_bnc_coca+bnc_coca_band_4k+grade_estimate_9+general_or_nonacademic
defy,3258,1488,9,0,v,tier3_bnc_coca+bnc_coca_band_4k+grade_estimate_9+general_or_nonacademic
delicate,3259,2073,9,0,adj,tier3_bnc_coca+bnc_coca_band_4k+grade_estimate_9+general_or_nonacademic
demography,3260,976,9,1,n,tier3_bnc_coca+bnc_coca_band_4k+grade_estimate_9+academic_exact
depart,3261,1502,9,0,v,tier3_bnc_coca+bnc_coca_band_4k+grade_estimate_9+general_or_nonacademic
deploy,3264,1712,9,0,v,tier3_bnc_coca+bnc_coca_band_4k+grade_estimate_9+general_or_nonacademic
deprive,3265,2648,9,0,adj,tier3_bnc_coca+bnc_coca_band_4k+grade_estimate_9+general_or_nonacademic
despair,3266,1820,9,0,v,tier3_bnc_coca+bnc_coca_band_4k+grade_estimate_9+general_or_nonacademic
despatch,3267,1612,9,0,v,tier3_bnc_coca+bnc_coca_band_4k+grade_estimate_9+general_or_nonacademic
destiny,3269,1589,9,0,n,tier3_bnc_coca+bnc_coca_band_4k+grade_estimate_9+general_or_nonacademic
detach,3270,2056,9,0,v,tier3_bnc_coca+bnc_coca_band_4k+grade_estimate_9+general_or_nonacademic
detain,3271,1207,9,0,v,tier3_bnc_coca+bnc_coca_band_4k+grade_estimate_9+general_or_nonacademic
deter,3272,1887,9,0,n,tier3_bnc_coca+bnc_coca_band_4k+grade_estimate_9+general_or_nonacademic
deteriorate,3273,1832,9,0,v,tier3_bnc_coca+bnc_coca_band_4k+grade_estimate_9+general_or_nonacademic
devil,3274,2120,9,0,n,tier3_bnc_coca+bnc_coca_band_4k+grade_estimate_9+general_or_nonacademic
devise,3275,2291,9,0,v,tier3_bnc_coca+bnc_coca_band_4k+grade_estimate_9+general_or_nonacademic
diabetes,3276,1594,9,0,n,tier3_bnc_coca+bnc_coca_band_4k+grade_estimate_9+general_or_nonacademic
dial,3280,985,9,0,v,tier3_bnc_coca+bnc_coca_band_4k+grade_estimate_9+general_or_nonacademic
digest,3286,1893,9,0,v,tier3_bnc_coca+bnc_coca_band_4k+grade_estimate_9+general_or_nonacademic
dignity,3287,1277,9,0,n,tier3_bnc_coca+bnc_coca_band_4k+grade_estimate_9+general_or_nonacademic
dim,3289,1363,9,0,adj,tier3_bnc_coca+bnc_coca_band_4k+grade_estimate_9+general_or_nonacademic
diminish,3290,2064,9,0,v,tier3_bnc_coca+bnc_coca_band_4k+grade_estimate_9+general_or_nonacademic
dip,3292,1866,9,0,n,tier3_bnc_coca+bnc_coca_band_4k+grade_estimate_9+general_or_nonacademic
disclose,3295,2055,9,0,n,tier3_bnc_coca+bnc_coca_band_4k+grade_estimate_9+general_or_nonacademic
disclosure,3296,1257,9,0,n,tier3_bnc_coca+bnc_coca_band_4k+grade_estimate_9+general_or_nonacademic
discourage,3297,1313,9,0,n,tier3_bnc_coca+bnc_coca_band_4k+grade_estimate_9+general_or_nonacademic
disguise,3298,1476,9,0,v,tier3_bnc_coca+bnc_coca_band_4k+grade_estimate_9+general_or_nonacademic
disperse,3299,1549,9,0,n,tier3_bnc_coca+bnc_coca_band_4k+grade_estimate_9+general_or_nonacademic
displace,3300,1365,9,0,n,tier3_bnc_coca+bnc_coca_band_4k+grade_estimate_9+general_or_nonacademic
distort,3302,2309,9,0,v,tier3_bnc_coca+bnc_coca_band_4k+grade_estimate_9+general_or_nonacademic
distract,3303,1541,9,0,v,tier3_bnc_coca+bnc_coca_band_4k+grade_estimate_9+general_or_nonacademic
distress,3304,2466,9,0,v,tier3_bnc_coca+bnc_coca_band_4k+grade_estimate_9+general_or_nonacademic
dividend,3305,2510,9,0,n,tier3_bnc_coca+bnc_coca_band_4k+grade_estimate_9+general_or_nonacademic
divine,3306,1606,9,0,adj,tier3_bnc_coca+bnc_coca_band_4k+grade_estimate_9+general_or_nonacademic
documentary,3308,1018,9,0,n,tier3_bnc_coca+bnc_coca_band_4k+grade_estimate_9+general_or_nonacademic
dome,3311,1067,9,0,n,tier3_bnc_coca+bnc_coca_band_4k+grade_estimate_9+general_or_nonacademic
dot,3313,2439,9,0,n,tier3_bnc_coca+bnc_coca_band_4k+grade_estimate_9+general_or_nonacademic
drip,3314,1098,9,0,n,tier3_bnc_coca+bnc_coca_band_4k+grade_estimate_9+general_or_nonacademic
drown,3315,1657,9,0,v,tier3_bnc_coca+bnc_coca_band_4k+grade_estimate_9+general_or_nonacademic
dual,3316,1714,9,0,adj,tier3_bnc_coca+bnc_coca_band_4k+grade_estimate_9+general_or_nonacademic
dull,3317,2217,9,0,v,tier3_bnc_coca+bnc_coca_band_4k+grade_estimate_9+general_or_nonacademic
dwell,3319,2466,9,0,v,tier3_bnc_coca+bnc_coca_band_4k+grade_estimate_9+general_or_nonacademic
earl,3322,2709,9,0,n,tier3_bnc_coca+bnc_coca_band_4k+grade_estimate_9+general_or_nonacademic
ego,3324,1502,9,0,n,tier3_bnc_coca+bnc_coca_band_4k+grade_estimate_9+general_or_nonacademic
elegant,3327,2029,9,0,adj,tier3_bnc_coca+bnc_coca_band_4k+grade_estimate_9+general_or_nonacademic
eligible,3330,1813,9,0,adj,tier3_bnc_coca+bnc_coca_band_4k+grade_estimate_9+general_or_nonacademic
embassy,3331,1504,9,0,n,tier3_bnc_coca+bnc_coca_band_4k+grade_estimate_9+general_or_nonacademic
embody,3332,1432,9,0,v,tier3_bnc_coca+bnc_coca_band_4k+grade_estimate_9+general_or_nonacademic
enact,3335,1260,9,0,v,tier3_bnc_coca+bnc_coca_band_4k+grade_estimate_9+general_or_nonacademic
enclose,3336,2958,9,0,n,tier3_bnc_coca+bnc_coca_band_4k+grade_estimate_9+general_or_nonacademic
endeavour,3337,1316,9,0,v,tier3_bnc_coca+bnc_coca_band_4k+grade_estimate_9+general_or_nonacademic
endow,3338,1183,9,0,v,tier3_bnc_coca+bnc_coca_band_4k+grade_estimate_9+general_or_nonacademic
enlarge,3339,1502,9,0,n,tier3_bnc_coca+bnc_coca_band_4k+grade_estimate_9+general_or_nonacademic
enlighten,3340,1267,9,0,v,tier3_bnc_coca+bnc_coca_band_4k+grade_estimate_9+general_or_nonacademic
enrich,3341,945,9,0,v,tier3_bnc_coca+bnc_coca_band_4k+grade_estimate_9+general_or_nonacademic
enrol,3342,931,9,0,v,tier3_bnc_coca+bnc_coca_band_4k+grade_estimate_9+general_or_nonacademic
entrepreneur,3344,1244,9,0,n,tier3_bnc_coca+bnc_coca_band_4k+grade_estimate_9+general_or_nonacademic
envy,3345,1186,9,0,v,tier3_bnc_coca+bnc_coca_band_4k+grade_estimate_9+general_or_nonacademic
equity,3346,2445,9,0,n,tier3_bnc_coca+bnc_coca_band_4k+grade_estimate_9+general_or_nonacademic
erect,3347,2162,9,0,v,tier3_bnc_coca+bnc_coca_band_4k+grade_estimate_9+general_or_nonacademic
erupt,3348,1539,9,0,v,tier3_bnc_coca+bnc_coca_band_4k+grade_estimate_9+general_or_nonacademic
escort,3349,1461,9,0,v,tier3_bnc_coca+bnc_coca_band_4k+grade_estimate_9+general_or_nonacademic
evacuate,3353,1045,9,0,v,tier3_bnc_coca+bnc_coca_band_4k+grade_estimate_9+general_or_nonacademic
eve,3354,1613,9,0,n,tier3_bnc_coca+bnc_coca_band_4k+grade_estimate_9+general_or_nonacademic
evenly,3355,1576,9,0,adv,tier3_bnc_coca+bnc_coca_band_4k+grade_estimate_9+general_or_nonacademic
evoke,3356,1154,9,0,n,tier3_bnc_coca+bnc_coca_band_4k+grade_estimate_9+general_or_nonacademic
exaggerate,3357,1708,9,0,v,tier3_bnc_coca+bnc_coca_band_4k+grade_estimate_9+general_or_nonacademic
excavate,3358,1403,9,0,v,tier3_bnc_coca+bnc_coca_band_4k+grade_estimate_9+general_or_nonacademic
exclaim,3359,1306,9,0,v,tier3_bnc_coca+bnc_coca_band_4k+grade_estimate_9+general_or_nonacademic
exclusion,3360,1704,9,0,n,tier3_bnc_coca+bnc_coca_band_4k+grade_estimate_9+general_or_nonacademic
exempt,3361,2358,9,0,v,tier3_bnc_coca+bnc_coca_band_4k+grade_estimate_9+general_or_nonacademic
exert,3362,1456,9,0,v,tier3_bnc_coca+bnc_coca_band_4k+grade_estimate_9+general_or_nonacademic
exile,3363,1663,9,0,n,tier3_bnc_coca+bnc_coca_band_4k+grade_estimate_9+general_or_nonacademic
exotic,3365,1203,9,0,adj,tier3_bnc_coca+bnc_coca_band_4k+grade_estimate_9+general_or_nonacademic
expedition,3366,1500,9,0,n,tier3_bnc_coca+bnc_coca_band_4k+grade_estimate_9+general_or_nonacademic
explode,3368,1743,9,0,n,tier3_bnc_coca+bnc_coca_band_4k+grade_estimate_9+general_or_nonacademic
eyebrow,3369,1260,9,0,n,tier3_bnc_coca+bnc_coca_band_4k+grade_estimate_9+general_or_nonacademic
faction,3370,1604,9,0,n,tier3_bnc_coca+bnc_coca_band_4k+grade_estimate_9+general_or_nonacademic
fake,3371,840,9,0,n,tier3_bnc_coca+bnc_coca_band_4k+grade_estimate_9+general_or_nonacademic
fame,3372,1469,9,0,n,tier3_bnc_coca+bnc_coca_band_4k+grade_estimate_9+general_or_nonacademic
fare,3373,1990,9,0,n,tier3_bnc_coca+bnc_coca_band_4k+grade_estimate_9+general_or_nonacademic
fax,3376,1556,9,0,v,tier3_bnc_coca+bnc_coca_band_4k+grade_estimate_9+general_or_nonacademic
federate,3377,2326,9,0,v,tier3_bnc_coca+bnc_coca_band_4k+grade_estimate_9+general_or_nonacademic
feminine,3378,1211,9,0,adj,tier3_bnc_coca+bnc_coca_band_4k+grade_estimate_9+general_or_nonacademic
ferry,3379,1884,9,0,v,tier3_bnc_coca+bnc_coca_band_4k+grade_estimate_9+general_or_nonacademic
fined,3381,1836,9,0,n,tier3_bnc_coca+bnc_coca_band_4k+grade_estimate_9+general_or_nonacademic
fiscal,3382,1369,9,0,adj,tier3_bnc_coca+bnc_coca_band_4k+grade_estimate_9+general_or_nonacademic
fist,3383,1683,9,0,v,tier3_bnc_coca+bnc_coca_band_4k+grade_estimate_9+general_or_nonacademic
flank,3384,1508,9,0,v,tier3_bnc_coca+bnc_coca_band_4k+grade_estimate_9+general_or_nonacademic
flap,3385,1124,9,0,n,tier3_bnc_coca+bnc_coca_band_4k+grade_estimate_9+general_or_nonacademic
flaw,3386,1017,9,0,v,tier3_bnc_coca+bnc_coca_band_4k+grade_estimate_9+general_or_nonacademic
fleet,3387,2379,9,0,n,tier3_bnc_coca+bnc_coca_band_4k+grade_estimate_9+general_or_nonacademic
flick,3388,1299,9,0,v,tier3_bnc_coca+bnc_coca_band_4k+grade_estimate_9+general_or_nonacademic
flicker,3389,1214,9,0,v,tier3_bnc_coca+bnc_coca_band_4k+grade_estimate_9+general_or_nonacademic
fling,3390,1509,9,0,v,tier3_bnc_coca+bnc_coca_band_4k+grade_estimate_9+general_or_nonacademic
flock,3391,1391,9,0,v,tier3_bnc_coca+bnc_coca_band_4k+grade_estimate_9+general_or_nonacademic
flourish,3393,1561,9,0,v,tier3_bnc_coca+bnc_coca_band_4k+grade_estimate_9+general_or_nonacademic
flush,3395,1833,9,0,v,tier3_bnc_coca+bnc_coca_band_4k+grade_estimate_9+general_or_nonacademic
fog,3396,1119,9,0,n,tier3_bnc_coca+bnc_coca_band_4k+grade_estimate_9+general_or_nonacademic
fond,3397,1486,9,0,adj,tier3_bnc_coca+bnc_coca_band_4k+grade_estimate_9+general_or_nonacademic
forbid,3398,1787,9,0,n,tier3_bnc_coca+bnc_coca_band_4k+grade_estimate_9+general_or_nonacademic
fore,3399,1194,9,0,n,tier3_bnc_coca+bnc_coca_band_4k+grade_estimate_9+general_or_nonacademic
forehead,3400,1226,9,0,n,tier3_bnc_coca+bnc_coca_band_4k+grade_estimate_9+general_or_nonacademic
foresee,3401,1482,9,0,v,tier3_bnc_coca+bnc_coca_band_4k+grade_estimate_9+general_or_nonacademic
forge,3402,1673,9,0,n,tier3_bnc_coca+bnc_coca_band_4k+grade_estimate_9+general_or_nonacademic
fork,3403,1285,9,0,v,tier3_bnc_coca+bnc_coca_band_4k+grade_estimate_9+general_or_nonacademic
fort,3404,1232,9,0,n,tier3_bnc_coca+bnc_coca_band_4k+grade_estimate_9+general_or_nonacademic
foul,3407,1399,9,0,v,tier3_bnc_coca+bnc_coca_band_4k+grade_estimate_9+general_or_nonacademic
franchise,3411,1369,9,0,v,tier3_bnc_coca+bnc_coca_band_4k+grade_estimate_9+general_or_nonacademic
fraud,3412,1965,9,0,n,tier3_bnc_coca+bnc_coca_band_4k+grade_estimate_9+general_or_nonacademic
frontier,3414,1372,9,0,n,tier3_bnc_coca+bnc_coca_band_4k+grade_estimate_9+general_or_nonacademic
frown,3415,2210,9,0,v,tier3_bnc_coca+bnc_coca_band_4k+grade_estimate_9+general_or_nonacademic
furious,3416,1844,9,0,adj,tier3_bnc_coca+bnc_coca_band_4k+grade_estimate_9+general_or_nonacademic
furnish,3417,1907,9,0,v,tier3_bnc_coca+bnc_coca_band_4k+grade_estimate_9+general_or_nonacademic
fuse,3418,2108,9,0,n,tier3_bnc_coca+bnc_coca_band_4k+grade_estimate_9+general_or_nonacademic
gamble,3421,1290,9,0,n,tier3_bnc_coca+bnc_coca_band_4k+grade_estimate_9+general_or_nonacademic
gasp,3423,1520,9,0,v,tier3_bnc_coca+bnc_coca_band_4k+grade_estimate_9+general_or_nonacademic
genius,3425,1096,9,0,n,tier3_bnc_coca+bnc_coca_band_4k+grade_estimate_9+general_or_nonacademic
genre,3426,1448,9,0,n,tier3_bnc_coca+bnc_coca_band_4k+grade_estimate_9+general_or_nonacademic
geology,3427,2160,9,1,n,tier3_bnc_coca+bnc_coca_band_4k+grade_estimate_9+academic_exact
geometry,3428,1314,9,1,n,tier3_bnc_coca+bnc_coca_band_4k+grade_estimate_9+academic_exact
glamour,3429,1200,9,0,n,tier3_bnc_coca+bnc_coca_band_4k+grade_estimate_9+general_or_nonacademic
gleam,3431,1263,9,0,v,tier3_bnc_coca+bnc_coca_band_4k+grade_estimate_9+general_or_nonacademic
glide,3432,1330,9,0,n,tier3_bnc_coca+bnc_coca_band_4k+grade_estimate_9+general_or_nonacademic
glimpse,3433,1620,9,0,n,tier3_bnc_coca+bnc_coca_band_4k+grade_estimate_9+general_or_nonacademic
gloom,3434,1822,9,0,n,tier3_bnc_coca+bnc_coca_band_4k+grade_estimate_9+general_or_nonacademic
glove,3435,1521,9,0,n,tier3_bnc_coca+bnc_coca_band_4k+grade_estimate_9+general_or_nonacademic
gospel,3438,1353,9,0,n,tier3_bnc_coca+bnc_coca_band_4k+grade_estimate_9+general_or_nonacademic
gossip,3439,1231,9,0,v,tier3_bnc_coca+bnc_coca_band_4k+grade_estimate_9+general_or_nonacademic
gravel,3441,1375,9,0,adj,tier3_bnc_coca+bnc_coca_band_4k+grade_estimate_9+general_or_nonacademic
graze,3442,1261,9,0,n,tier3_bnc_coca+bnc_coca_band_4k+grade_estimate_9+general_or_nonacademic
grease,3443,1031,9,0,n,tier3_bnc_coca+bnc_coca_band_4k+grade_estimate_9+general_or_nonacademic
greed,3444,1075,9,0,n,tier3_bnc_coca+bnc_coca_band_4k+grade_estimate_9+general_or_nonacademic
greenhouse,3445,1090,9,0,n,tier3_bnc_coca+bnc_coca_band_4k+grade_estimate_9+general_or_nonacademic
grief,3447,1427,9,0,n,tier3_bnc_coca+bnc_coca_band_4k+grade_estimate_9+general_or_nonacademic
grill,3448,802,9,0,v,tier3_bnc_coca+bnc_coca_band_4k+grade_estimate_9+general_or_nonacademic
grim,3449,1691,9,0,adj,tier3_bnc_coca+bnc_coca_band_4k+grade_estimate_9+general_or_nonacademic
grind,3450,945,9,0,v,tier3_bnc_coca+bnc_coca_band_4k+grade_estimate_9+general_or_nonacademic
guardian,3451,2767,9,0,n,tier3_bnc_coca+bnc_coca_band_4k+grade_estimate_9+general_or_nonacademic
guerilla,3452,1353,9,0,n,tier3_bnc_coca+bnc_coca_band_4k+grade_estimate_9+general_or_nonacademic
gulf,3453,3363,9,0,n,tier3_bnc_coca+bnc_coca_band_4k+grade_estimate_9+general_or_nonacademic
handicap,3457,3172,9,0,n,tier3_bnc_coca+bnc_coca_band_4k+grade_estimate_9+general_or_nonacademic
handsome,3458,1768,9,0,adj,tier3_bnc_coca+bnc_coca_band_4k+grade_estimate_9+general_or_nonacademic
harass,3459,1051,9,0,v,tier3_bnc_coca+bnc_coca_band_4k+grade_estimate_9+general_or_nonacademic
hardware,3460,2121,9,0,n,tier3_bnc_coca+bnc_coca_band_4k+grade_estimate_9+general_or_nonacademic
harmony,3461,1666,9,0,n,tier3_bnc_coca+bnc_coca_band_4k+grade_estimate_9+general_or_nonacademic
haste,3463,2085,9,0,n,tier3_bnc_coca+bnc_coca_band_4k+grade_estimate_9+general_or_nonacademic
hatch,3464,1299,9,0,v,tier3_bnc_coca+bnc_coca_band_4k+grade_estimate_9+general_or_nonacademic
haul,3465,1848,9,0,v,tier3_bnc_coca+bnc_coca_band_4k+grade_estimate_9+general_or_nonacademic
haunt,3466,1430,9,0,v,tier3_bnc_coca+bnc_coca_band_4k+grade_estimate_9+general_or_nonacademic
heir,3467,1601,9,0,n,tier3_bnc_coca+bnc_coca_band_4k+grade_estimate_9+general_or_nonacademic
helicopter,3468,1557,9,0,v,tier3_bnc_coca+bnc_coca_band_4k+grade_estimate_9+general_or_nonacademic
helmet,3469,1001,9,0,v,tier3_bnc_coca+bnc_coca_band_4k+grade_estimate_9+general_or_nonacademic
herb,3470,1541,9,0,n,tier3_bnc_coca+bnc_coca_band_4k+grade_estimate_9+general_or_nonacademic
hollow,3473,1404,9,0,v,tier3_bnc_coca+bnc_coca_band_4k+grade_estimate_9+general_or_nonacademic
homosexual,3474,1902,9,0,adj,tier3_bnc_coca+bnc_coca_band_4k+grade_estimate_9+general_or_nonacademic
hood,3475,1386,9,0,v,tier3_bnc_coca+bnc_coca_band_4k+grade_estimate_9+general_or_nonacademic
horn,3480,1953,9,0,v,tier3_bnc_coca+bnc_coca_band_4k+grade_estimate_9+general_or_nonacademic
hostage,3481,1158,9,0,n,tier3_bnc_coca+bnc_coca_band_4k+grade_estimate_9+general_or_nonacademic
humble,3483,1131,9,0,n,tier3_bnc_coca+bnc_coca_band_4k+grade_estimate_9+general_or_nonacademic
humiliate,3484,1376,9,0,v,tier3_bnc_coca+bnc_coca_band_4k+grade_estimate_9+general_or_nonacademic
hurricane,3485,685,9,0,n,tier3_bnc_coca+bnc_coca_band_4k+grade_estimate_9+general_or_nonacademic
hybrid,3487,1329,9,0,n,tier3_bnc_coca+bnc_coca_band_4k+grade_estimate_9+general_or_nonacademic
ideological,3490,1902,9,0,adj,tier3_bnc_coca+bnc_coca_band_4k+grade_estimate_9+general_or_nonacademic
idle,3491,1198,9,0,n,tier3_bnc_coca+bnc_coca_band_4k+grade_estimate_9+general_or_nonacademic
illuminate,3492,1591,9,0,v,tier3_bnc_coca+bnc_coca_band_4k+grade_estimate_9+general_or_nonacademic
immense,3495,2084,9,0,adj,tier3_bnc_coca+bnc_coca_band_4k+grade_estimate_9+general_or_nonacademic
impair,3496,1435,9,0,v,tier3_bnc_coca+bnc_coca_band_4k+grade_estimate_9+general_or_nonacademic
indifferent,3503,1263,9,0,adj,tier3_bnc_coca+bnc_coca_band_4k+grade_estimate_9+general_or_nonacademic
indulge,3507,1665,9,0,n,tier3_bnc_coca+bnc_coca_band_4k+grade_estimate_9+general_or_nonacademic
infer,3508,1612,9,0,n,tier3_bnc_coca+bnc_coca_band_4k+grade_estimate_9+general_or_nonacademic
inflame,3510,1562,9,0,n,tier3_bnc_coca+bnc_coca_band_4k+grade_estimate_9+general_or_nonacademic
infrastructure,3512,1109,9,1,n,tier3_bnc_coca+bnc_coca_band_4k+grade_estimate_9+academic_exact
inherent,3513,1719,9,0,adj,tier3_bnc_coca+bnc_coca_band_4k+grade_estimate_9+general_or_nonacademic
ink,3515,1044,9,0,v,tier3_bnc_coca+bnc_coca_band_4k+grade_estimate_9+general_or_nonacademic
inn,3516,1879,9,0,n,tier3_bnc_coca+bnc_coca_band_4k+grade_estimate_9+general_or_nonacademic
innovative,3517,1019,9,0,adj,tier3_bnc_coca+bnc_coca_band_4k+grade_estimate_9+general_or_nonacademic
insulate,3519,1230,9,0,v,tier3_bnc_coca+bnc_coca_band_4k+grade_estimate_9+general_or_nonacademic
intact,3521,1224,9,0,n,tier3_bnc_coca+bnc_coca_band_4k+grade_estimate_9+general_or_nonacademic
integrity,3523,1473,9,0,n,tier3_bnc_coca+bnc_coca_band_4k+grade_estimate_9+general_or_nonacademic
intelligent,3524,2033,9,0,adj,tier3_bnc_coca+bnc_coca_band_4k+grade_estimate_9+general_or_nonacademic
interim,3526,1938,9,0,n,tier3_bnc_coca+bnc_coca_band_4k+grade_estimate_9+general_or_nonacademic
intimidate,3528,930,9,0,v,tier3_bnc_coca+bnc_coca_band_4k+grade_estimate_9+general_or_nonacademic
intrigue,3529,1419,9,0,n,tier3_bnc_coca+bnc_coca_band_4k+grade_estimate_9+general_or_nonacademic
invoke,3531,1111,9,0,n,tier3_bnc_coca+bnc_coca_band_4k+grade_estimate_9+general_or_nonacademic
jerk,3535,1300,9,0,v,tier3_bnc_coca+bnc_coca_band_4k+grade_estimate_9+general_or_nonacademic
jewellery,3536,1250,9,0,n,tier3_bnc_coca+bnc_coca_band_4k+grade_estimate_9+general_or_nonacademic
jurisdiction,3539,2287,9,1,n,tier3_bnc_coca+bnc_coca_band_4k+grade_estimate_9+academic_exact
keyboard,3541,1194,9,0,v,tier3_bnc_coca+bnc_coca_band_4k+grade_estimate_9+general_or_nonacademic
kidnap,3542,1186,9,0,v,tier3_bnc_coca+bnc_coca_band_4k+grade_estimate_9+general_or_nonacademic
kin,3544,1415,9,0,n,tier3_bnc_coca+bnc_coca_band_4k+grade_estimate_9+general_or_nonacademic
kit,3545,2396,9,0,n,tier3_bnc_coca+bnc_coca_band_4k+grade_estimate_9+general_or_nonacademic
kneel,3546,1029,9,0,v,tier3_bnc_coca+bnc_coca_band_4k+grade_estimate_9+general_or_nonacademic
lace,3548,1967,9,0,n,tier3_bnc_coca+bnc_coca_band_4k+grade_estimate_9+general_or_nonacademic
ladder,3549,1557,9,0,n,tier3_bnc_coca+bnc_coca_band_4k+grade_estimate_9+general_or_nonacademic
landlord,3550,3525,9,0,n,tier3_bnc_coca+bnc_coca_band_4k+grade_estimate_9+general_or_nonacademic
lap,3551,1626,9,0,n,tier3_bnc_coca+bnc_coca_band_4k+grade_estimate_9+general_or_nonacademic
laser,3552,1367,9,0,n,tier3_bnc_coca+bnc_coca_band_4k+grade_estimate_9+general_or_nonacademic
legacy,3555,1210,9,0,n,tier3_bnc_coca+bnc_coca_band_4k+grade_estimate_9+general_or_nonacademic
legislature,3556,911,9,1,n,tier3_bnc_coca+bnc_coca_band_4k+grade_estimate_9+academic_exact
lens,3559,1215,9,0,v,tier3_bnc_coca+bnc_coca_band_4k+grade_estimate_9+general_or_nonacademic
lesbian,3560,1186,9,0,n,tier3_bnc_coca+bnc_coca_band_4k+grade_estimate_9+general_or_nonacademic
lick,3562,1070,9,0,v,tier3_bnc_coca+bnc_coca_band_4k+grade_estimate_9+general_or_nonacademic
lieutenant,3563,2225,9,0,n,tier3_bnc_coca+bnc_coca_band_4k+grade_estimate_9+general_or_nonacademic
linger,3567,1053,9,0,v,tier3_bnc_coca+bnc_coca_band_4k+grade_estimate_9+general_or_nonacademic
literacy,3569,1828,9,0,n,tier3_bnc_coca+bnc_coca_band_4k+grade_estimate_9+general_or_nonacademic
lively,3570,1589,9,0,adv,tier3_bnc_coca+bnc_coca_band_4k+grade_estimate_9+general_or_nonacademic
longing,3572,1518,9,0,adj,tier3_bnc_coca+bnc_coca_band_4k+grade_estimate_9+general_or_nonacademic
loom,3573,1222,9,0,v,tier3_bnc_coca+bnc_coca_band_4k+grade_estimate_9+general_or_nonacademic
lounge,3575,1809,9,0,n,tier3_bnc_coca+bnc_coca_band_4k+grade_estimate_9+general_or_nonacademic
lyric,3577,1163,9,0,adj,tier3_bnc_coca+bnc_coca_band_4k+grade_estimate_9+general_or_nonacademic
magnificent,3578,2248,9,0,adj,tier3_bnc_coca+bnc_coca_band_4k+grade_estimate_9+general_or_nonacademic
mandate,3581,763,9,0,v,tier3_bnc_coca+bnc_coca_band_4k+grade_estimate_9+general_or_nonacademic
marched,3584,2024,9,0,n,tier3_bnc_coca+bnc_coca_band_4k+grade_estimate_9+general_or_nonacademic
maximise,3587,1425,9,0,v,tier3_bnc_coca+bnc_coca_band_4k+grade_estimate_9+general_or_nonacademic
meantime,3588,1389,9,0,n,tier3_bnc_coca+bnc_coca_band_4k+grade_estimate_9+general_or_nonacademic
medal,3589,1860,9,0,adj,tier3_bnc_coca+bnc_coca_band_4k+grade_estimate_9+general_or_nonacademic
medieval,3591,2727,9,0,adj,tier3_bnc_coca+bnc_coca_band_4k+grade_estimate_9+general_or_nonacademic
metropolitan,3597,1711,9,0,n,tier3_bnc_coca+bnc_coca_band_4k+grade_estimate_9+general_or_nonacademic
mighty,3598,1196,9,0,n,tier3_bnc_coca+bnc_coca_band_4k+grade_estimate_9+general_or_nonacademic
militant,3599,1178,9,0,adj,tier3_bnc_coca+bnc_coca_band_4k+grade_estimate_9+general_or_nonacademic
minimise,3603,1586,9,0,v,tier3_bnc_coca+bnc_coca_band_4k+grade_estimate_9+general_or_nonacademic
miracle,3604,1566,9,0,n,tier3_bnc_coca+bnc_coca_band_4k+grade_estimate_9+general_or_nonacademic
miserable,3605,1443,9,0,adj,tier3_bnc_coca+bnc_coca_band_4k+grade_estimate_9+general_or_nonacademic
mist,3606,1650,9,0,v,tier3_bnc_coca+bnc_coca_band_4k+grade_estimate_9+general_or_nonacademic
mobilise,3607,1004,9,0,v,tier3_bnc_coca+bnc_coca_band_4k+grade_estimate_9+general_or_nonacademic
mock,3608,1769,9,0,v,tier3_bnc_coca+bnc_coca_band_4k+grade_estimate_9+general_or_nonacademic
mould,3615,1550,9,0,n,tier3_bnc_coca+bnc_coca_band_4k+grade_estimate_9+general_or_nonacademic
mourn,3616,940,9,0,v,tier3_bnc_coca+bnc_coca_band_4k+grade_estimate_9+general_or_nonacademic
municipal,3619,1059,9,0,adj,tier3_bnc_coca+bnc_coca_band_4k+grade_estimate_9+general_or_nonacademic
murmur,3620,2513,9,0,v,tier3_bnc_coca+bnc_coca_band_4k+grade_estimate_9+general_or_nonacademic
mushroom,3621,989,9,0,v,tier3_bnc_coca+bnc_coca_band_4k+grade_estimate_9+general_or_nonacademic
mutter,3622,2132,9,0,v,tier3_bnc_coca+bnc_coca_band_4k+grade_estimate_9+general_or_nonacademic
needle,3625,2448,9,0,n,tier3_bnc_coca+bnc_coca_band_4k+grade_estimate_9+general_or_nonacademic
nightmare,3626,1757,9,0,n,tier3_bnc_coca+bnc_coca_band_4k+grade_estimate_9+general_or_nonacademic
nonsense,3629,1755,9,0,n,tier3_bnc_coca+bnc_coca_band_4k+grade_estimate_9+general_or_nonacademic
noon,3630,762,9,0,n,tier3_bnc_coca+bnc_coca_band_4k+grade_estimate_9+general_or_nonacademic
notorious,3632,1366,9,0,adj,tier3_bnc_coca+bnc_coca_band_4k+grade_estimate_9+general_or_nonacademic
nought,3633,575,9,0,n,tier3_bnc_coca+bnc_coca_band_4k+grade_estimate_9+general_or_nonacademic
nursery,3634,2103,9,0,n,tier3_bnc_coca+bnc_coca_band_4k+grade_estimate_9+general_or_nonacademic
nutrition,3635,1066,9,0,n,tier3_bnc_coca+bnc_coca_band_4k+grade_estimate_9+general_or_nonacademic
obey,3636,2308,9,0,v,tier3_bnc_coca+bnc_coca_band_4k+grade_estimate_9+general_or_nonacademic
obsess,3638,1895,9,0,v,tier3_bnc_coca+bnc_coca_band_4k+grade_estimate_9+general_or_nonacademic
obstacle,3639,1375,9,0,n,tier3_bnc_coca+bnc_coca_band_4k+grade_estimate_9+general_or_nonacademic
obstruct,3640,1254,9,0,v,tier3_bnc_coca+bnc_coca_band_4k+grade_estimate_9+general_or_nonacademic
odour,3641,1040,9,0,n,tier3_bnc_coca+bnc_coca_band_4k+grade_estimate_9+general_or_nonacademic
offset,3642,1263,9,0,n,tier3_bnc_coca+bnc_coca_band_4k+grade_estimate_9+general_or_nonacademic
olive,3643,1234,9,0,adj,tier3_bnc_coca+bnc_coca_band_4k+grade_estimate_9+general_or_nonacademic
omit,3644,1662,9,0,n,tier3_bnc_coca+bnc_coca_band_4k+grade_estimate_9+general_or_nonacademic
ongoing,3645,687,9,0,n,tier3_bnc_coca+bnc_coca_band_4k+grade_estimate_9+general_or_nonacademic
oppress,3646,1749,9,0,v,tier3_bnc_coca+bnc_coca_band_4k+grade_estimate_9+general_or_nonacademic
opt,3647,2191,9,0,v,tier3_bnc_coca+bnc_coca_band_4k+grade_estimate_9+general_or_nonacademic
optic,3648,1560,9,0,adj,tier3_bnc_coca+bnc_coca_band_4k+grade_estimate_9+general_or_nonacademic
optimist,3649,1520,9,0,n,tier3_bnc_coca+bnc_coca_band_4k+grade_estimate_9+general_or_nonacademic
originate,3653,1815,9,0,v,tier3_bnc_coca+bnc_coca_band_4k+grade_estimate_9+general_or_nonacademic
orthodox,3654,1424,9,0,n,tier3_bnc_coca+bnc_coca_band_4k+grade_estimate_9+general_or_nonacademic
outfit,3656,1142,9,0,n,tier3_bnc_coca+bnc_coca_band_4k+grade_estimate_9+general_or_nonacademic
outlook,3658,1220,9,0,n,tier3_bnc_coca+bnc_coca_band_4k+grade_estimate_9+general_or_nonacademic
overnight,3661,1924,9,0,n,tier3_bnc_coca+bnc_coca_band_4k+grade_estimate_9+general_or_nonacademic
oversee,3662,834,9,0,v,tier3_bnc_coca+bnc_coca_band_4k+grade_estimate_9+general_or_nonacademic
owl,3663,1687,9,0,n,tier3_bnc_coca+bnc_coca_band_4k+grade_estimate_9+general_or_nonacademic
ozone,3665,1418,9,0,n,tier3_bnc_coca+bnc_coca_band_4k+grade_estimate_9+general_or_nonacademic
packet,3666,1771,9,0,v,tier3_bnc_coca+bnc_coca_band_4k+grade_estimate_9+general_or_nonacademic
parade,3667,1530,9,0,n,tier3_bnc_coca+bnc_coca_band_4k+grade_estimate_9+general_or_nonacademic
pat,3672,2774,9,0,n,tier3_bnc_coca+bnc_coca_band_4k+grade_estimate_9+general_or_nonacademic
patent,3673,1935,9,0,v,tier3_bnc_coca+bnc_coca_band_4k+grade_estimate_9+general_or_nonacademic
patience,3674,1155,9,0,n,tier3_bnc_coca+bnc_coca_band_4k+grade_estimate_9+general_or_nonacademic
patriot,3675,1224,9,0,n,tier3_bnc_coca+bnc_coca_band_4k+grade_estimate_9+general_or_nonacademic
patrol,3676,1554,9,0,n,tier3_bnc_coca+bnc_coca_band_4k+grade_estimate_9+general_or_nonacademic
patron,3677,1840,9,0,n,tier3_bnc_coca+bnc_coca_band_4k+grade_estimate_9+general_or_nonacademic
pearl,3678,1207,9,0,n,tier3_bnc_coca+bnc_coca_band_4k+grade_estimate_9+general_or_nonacademic
peculiar,3679,1909,9,0,adj,tier3_bnc_coca+bnc_coca_band_4k+grade_estimate_9+general_or_nonacademic
peel,3680,1493,9,0,v,tier3_bnc_coca+bnc_coca_band_4k+grade_estimate_9+general_or_nonacademic
peered,3681,1297,9,0,n,tier3_bnc_coca+bnc_coca_band_4k+grade_estimate_9+general_or_nonacademic
penetrate,3683,2069,9,0,v,tier3_bnc_coca+bnc_coca_band_4k+grade_estimate_9+general_or_nonacademic
periphery,3684,1519,9,0,n,tier3_bnc_coca+bnc_coca_band_4k+grade_estimate_9+general_or_nonacademic
petition,3685,2114,9,0,v,tier3_bnc_coca+bnc_coca_band_4k+grade_estimate_9+general_or_nonacademic
pill,3689,1218,9,0,n,tier3_bnc_coca+bnc_coca_band_4k+grade_estimate_9+general_or_nonacademic
pillow,3690,1052,9,0,n,tier3_bnc_coca+bnc_coca_band_4k+grade_estimate_9+general_or_nonacademic
pinch,3691,1124,9,0,v,tier3_bnc_coca+bnc_coca_band_4k+grade_estimate_9+general_or_nonacademic
plague,3693,951,9,0,n,tier3_bnc_coca+bnc_coca_band_4k+grade_estimate_9+general_or_nonacademic
plaintiff,3694,3886,9,0,n,tier3_bnc_coca+bnc_coca_band_4k+grade_estimate_9+general_or_nonacademic
plea,3695,1501,9,0,n,tier3_bnc_coca+bnc_coca_band_4k+grade_estimate_9+general_or_nonacademic
plead,3696,2074,9,0,v,tier3_bnc_coca+bnc_coca_band_4k+grade_estimate_9+general_or_nonacademic
poke,3700,1035,9,0,n,tier3_bnc_coca+bnc_coca_band_4k+grade_estimate_9+general_or_nonacademic
pope,3703,2513,9,0,n,tier3_bnc_coca+bnc_coca_band_4k+grade_estimate_9+general_or_nonacademic
postpone,3707,1494,9,0,n,tier3_bnc_coca+bnc_coca_band_4k+grade_estimate_9+general_or_nonacademic
preach,3708,1848,9,0,v,tier3_bnc_coca+bnc_coca_band_4k+grade_estimate_9+general_or_nonacademic
precious,3709,1766,9,0,adj,tier3_bnc_coca+bnc_coca_band_4k+grade_estimate_9+general_or_nonacademic
predecessor,3711,1590,9,0,n,tier3_bnc_coca+bnc_coca_band_4k+grade_estimate_9+general_or_nonacademic
predominant,3712,1841,9,0,adj,tier3_bnc_coca+bnc_coca_band_4k+grade_estimate_9+general_or_nonacademic
premier,3715,2943,9,0,n,tier3_bnc_coca+bnc_coca_band_4k+grade_estimate_9+general_or_nonacademic
premium,3716,2430,9,0,n,tier3_bnc_coca+bnc_coca_band_4k+grade_estimate_9+general_or_nonacademic
preoccupy,3717,1475,9,0,v,tier3_bnc_coca+bnc_coca_band_4k+grade_estimate_9+general_or_nonacademic
prescribe,3718,1951,9,0,n,tier3_bnc_coca+bnc_coca_band_4k+grade_estimate_9+general_or_nonacademic
prescription,3719,1049,9,0,n,tier3_bnc_coca+bnc_coca_band_4k+grade_estimate_9+general_or_nonacademic
presidency,3720,1211,9,0,n,tier3_bnc_coca+bnc_coca_band_4k+grade_estimate_9+general_or_nonacademic
prestige,3721,1723,9,0,n,tier3_bnc_coca+bnc_coca_band_4k+grade_estimate_9+general_or_nonacademic
prevail,3722,2092,9,0,v,tier3_bnc_coca+bnc_coca_band_4k+grade_estimate_9+general_or_nonacademic
prevalent,3723,1512,9,0,adj,tier3_bnc_coca+bnc_coca_band_4k+grade_estimate_9+general_or_nonacademic
privatise,3726,3159,9,0,v,tier3_bnc_coca+bnc_coca_band_4k+grade_estimate_9+general_or_nonacademic
proclaim,3727,1605,9,0,v,tier3_bnc_coca+bnc_coca_band_4k+grade_estimate_9+general_or_nonacademic
prolong,3728,1578,9,0,v,tier3_bnc_coca+bnc_coca_band_4k+grade_estimate_9+general_or_nonacademic
prop,3729,1440,9,0,n,tier3_bnc_coca+bnc_coca_band_4k+grade_estimate_9+general_or_nonacademic
prostitute,3731,1137,9,0,n,tier3_bnc_coca+bnc_coca_band_4k+grade_estimate_9+general_or_nonacademic
pursuit,3735,1942,9,0,n,tier3_bnc_coca+bnc_coca_band_4k+grade_estimate_9+general_or_nonacademic
quota,3737,1416,9,0,n,tier3_bnc_coca+bnc_coca_band_4k+grade_estimate_9+general_or_nonacademic
ram,3739,1450,9,0,n,tier3_bnc_coca+bnc_coca_band_4k+grade_estimate_9+general_or_nonacademic
ranger,3740,1470,9,0,n,tier3_bnc_coca+bnc_coca_band_4k+grade_estimate_9+general_or_nonacademic
rap,3741,877,9,0,n,tier3_bnc_coca+bnc_coca_band_4k+grade_estimate_9+general_or_nonacademic
rattle,3742,1135,9,0,n,tier3_bnc_coca+bnc_coca_band_4k+grade_estimate_9+general_or_nonacademic
receipt,3744,2099,9,0,v,tier3_bnc_coca+bnc_coca_band_4k+grade_estimate_9+general_or_nonacademic
recipient,3745,1145,9,0,n,tier3_bnc_coca+bnc_coca_band_4k+grade_estimate_9+general_or_nonacademic
reconcile,3746,1774,9,0,n,tier3_bnc_coca+bnc_coca_band_4k+grade_estimate_9+general_or_nonacademic
recur,3748,2031,9,0,n,tier3_bnc_coca+bnc_coca_band_4k+grade_estimate_9+general_or_nonacademic
refine,3750,2080,9,0,n,tier3_bnc_coca+bnc_coca_band_4k+grade_estimate_9+general_or_nonacademic
refresh,3751,1579,9,0,v,tier3_bnc_coca+bnc_coca_band_4k+grade_estimate_9+general_or_nonacademic
regain,3752,1256,9,0,v,tier3_bnc_coca+bnc_coca_band_4k+grade_estimate_9+general_or_nonacademic
regress,3753,1056,9,0,v,tier3_bnc_coca+bnc_coca_band_4k+grade_estimate_9+general_or_nonacademic
rehabilitate,3754,1080,9,0,v,tier3_bnc_coca+bnc_coca_band_4k+grade_estimate_9+general_or_nonacademic
rehearse,3755,1645,9,0,n,tier3_bnc_coca+bnc_coca_band_4k+grade_estimate_9+general_or_nonacademic
reign,3756,2342,9,0,v,tier3_bnc_coca+bnc_coca_band_4k+grade_estimate_9+general_or_nonacademic
relevance,3757,1815,9,0,n,tier3_bnc_coca+bnc_coca_band_4k+grade_estimate_9+general_or_nonacademic
repay,3758,2340,9,0,v,tier3_bnc_coca+bnc_coca_band_4k+grade_estimate_9+general_or_nonacademic
repress,3759,1601,9,0,v,tier3_bnc_coca+bnc_coca_band_4k+grade_estimate_9+general_or_nonacademic
resent,3760,2300,9,0,v,tier3_bnc_coca+bnc_coca_band_4k+grade_estimate_9+general_or_nonacademic
rib,3764,1397,9,0,n,tier3_bnc_coca+bnc_coca_band_4k+grade_estimate_9+general_or_nonacademic
rifle,3766,1146,9,0,n,tier3_bnc_coca+bnc_coca_band_4k+grade_estimate_9+general_or_nonacademic
rigid,3767,1990,9,0,adj,tier3_bnc_coca+bnc_coca_band_4k+grade_estimate_9+general_or_nonacademic
rigour,3768,1347,9,0,n,tier3_bnc_coca+bnc_coca_band_4k+grade_estimate_9+general_or_nonacademic
riot,3769,2515,9,0,v,tier3_bnc_coca+bnc_coca_band_4k+grade_estimate_9+general_or_nonacademic
roast,3770,912,9,0,v,tier3_bnc_coca+bnc_coca_band_4k+grade_estimate_9+general_or_nonacademic
rocked,3772,1179,9,0,n,tier3_bnc_coca+bnc_coca_band_4k+grade_estimate_9+general_or_nonacademic
rocket,3773,1067,9,0,v,tier3_bnc_coca+bnc_coca_band_4k+grade_estimate_9+general_or_nonacademic
rod,3774,1989,9,0,n,tier3_bnc_coca+bnc_coca_band_4k+grade_estimate_9+general_or_nonacademic
romance,3775,1103,9,0,n,tier3_bnc_coca+bnc_coca_band_4k+grade_estimate_9+general_or_nonacademic
roses,3776,1841,9,0,n,tier3_bnc_coca+bnc_coca_band_4k+grade_estimate_9+general_or_nonacademic
rubber,3778,1868,9,0,n,tier3_bnc_coca+bnc_coca_band_4k+grade_estimate_9+general_or_nonacademic
sacred,3781,1293,9,0,adj,tier3_bnc_coca+bnc_coca_band_4k+grade_estimate_9+general_or_nonacademic
salmon,3782,1445,9,0,n,tier3_bnc_coca+bnc_coca_band_4k+grade_estimate_9+general_or_nonacademic
sane,3783,1196,9,0,adj,tier3_bnc_coca+bnc_coca_band_4k+grade_estimate_9+general_or_nonacademic
satisfactory,3784,3482,9,0,n,tier3_bnc_coca+bnc_coca_band_4k+grade_estimate_9+general_or_nonacademic
savage,3785,1779,9,0,adj,tier3_bnc_coca+bnc_coca_band_4k+grade_estimate_9+general_or_nonacademic
scar,3786,1142,9,0,n,tier3_bnc_coca+bnc_coca_band_4k+grade_estimate_9+general_or_nonacademic
scarce,3787,2588,9,0,adj,tier3_bnc_coca+bnc_coca_band_4k+grade_estimate_9+general_or_nonacademic
scent,3789,1661,9,0,v,tier3_bnc_coca+bnc_coca_band_4k+grade_estimate_9+general_or_nonacademic
sceptic,3790,1814,9,0,adj,tier3_bnc_coca+bnc_coca_band_4k+grade_estimate_9+general_or_nonacademic
scout,3792,880,9,0,v,tier3_bnc_coca+bnc_coca_band_4k+grade_estimate_9+general_or_nonacademic
scramble,3793,1289,9,0,n,tier3_bnc_coca+bnc_coca_band_4k+grade_estimate_9+general_or_nonacademic
scrap,3794,1707,9,0,n,tier3_bnc_coca+bnc_coca_band_4k+grade_estimate_9+general_or_nonacademic
scrape,3795,1173,9,0,n,tier3_bnc_coca+bnc_coca_band_4k+grade_estimate_9+general_or_nonacademic
script,3796,1736,9,0,v,tier3_bnc_coca+bnc_coca_band_4k+grade_estimate_9+general_or_nonacademic
scrutiny,3797,1439,9,0,n,tier3_bnc_coca+bnc_coca_band_4k+grade_estimate_9+general_or_nonacademic
secular,3798,1179,9,0,n,tier3_bnc_coca+bnc_coca_band_4k+grade_estimate_9+general_or_nonacademic
seldom,3799,1482,9,0,n,tier3_bnc_coca+bnc_coca_band_4k+grade_estimate_9+general_or_nonacademic
senator,3801,925,9,0,n,tier3_bnc_coca+bnc_coca_band_4k+grade_estimate_9+general_or_nonacademic
sentencing,3803,1854,9,0,n,tier3_bnc_coca+bnc_coca_band_4k+grade_estimate_9+general_or_nonacademic
sentiment,3804,1754,9,0,n,tier3_bnc_coca+bnc_coca_band_4k+grade_estimate_9+general_or_nonacademic
sergeant,3805,3311,9,0,n,tier3_bnc_coca+bnc_coca_band_4k+grade_estimate_9+general_or_nonacademic
shaft,3806,1344,9,0,v,tier3_bnc_coca+bnc_coca_band_4k+grade_estimate_9+general_or_nonacademic
shatter,3808,1501,9,0,v,tier3_bnc_coca+bnc_coca_band_4k+grade_estimate_9+general_or_nonacademic
sheer,3809,2074,9,0,n,tier3_bnc_coca+bnc_coca_band_4k+grade_estimate_9+general_or_nonacademic
sip,3815,1218,9,0,n,tier3_bnc_coca+bnc_coca_band_4k+grade_estimate_9+general_or_nonacademic
skull,3818,1276,9,0,n,tier3_bnc_coca+bnc_coca_band_4k+grade_estimate_9+general_or_nonacademic
slam,3819,1645,9,0,n,tier3_bnc_coca+bnc_coca_band_4k+grade_estimate_9+general_or_nonacademic
slap,3820,1300,9,0,n,tier3_bnc_coca+bnc_coca_band_4k+grade_estimate_9+general_or_nonacademic
sleeve,3821,1788,9,0,n,tier3_bnc_coca+bnc_coca_band_4k+grade_estimate_9+general_or_nonacademic
slim,3822,1806,9,0,adj,tier3_bnc_coca+bnc_coca_band_4k+grade_estimate_9+general_or_nonacademic
slump,3824,1447,9,0,v,tier3_bnc_coca+bnc_coca_band_4k+grade_estimate_9+general_or_nonacademic
snatch,3825,1344,9,0,v,tier3_bnc_coca+bnc_coca_band_4k+grade_estimate_9+general_or_nonacademic
soar,3828,1227,9,0,v,tier3_bnc_coca+bnc_coca_band_4k+grade_estimate_9+general_or_nonacademic
socialist,3830,4179,9,0,n,tier3_bnc_coca+bnc_coca_band_4k+grade_estimate_9+general_or_nonacademic
sociology,3831,3539,9,1,n,tier3_bnc_coca+bnc_coca_band_4k+grade_estimate_9+academic_exact
spark,3836,1620,9,0,v,tier3_bnc_coca+bnc_coca_band_4k+grade_estimate_9+general_or_nonacademic
sparkle,3837,1320,9,0,n,tier3_bnc_coca+bnc_coca_band_4k+grade_estimate_9+general_or_nonacademic
spectacle,3840,1393,9,0,n,tier3_bnc_coca+bnc_coca_band_4k+grade_estimate_9+general_or_nonacademic
spectacular,3841,2171,9,0,adj,tier3_bnc_coca+bnc_coca_band_4k+grade_estimate_9+general_or_nonacademic
spice,3844,1054,9,0,n,tier3_bnc_coca+bnc_coca_band_4k+grade_estimate_9+general_or_nonacademic
spike,3845,1032,9,0,n,tier3_bnc_coca+bnc_coca_band_4k+grade_estimate_9+general_or_nonacademic
spine,3846,2076,9,0,n,tier3_bnc_coca+bnc_coca_band_4k+grade_estimate_9+general_or_nonacademic
spit,3847,1392,9,0,n,tier3_bnc_coca+bnc_coca_band_4k+grade_estimate_9+general_or_nonacademic
splash,3848,1280,9,0,v,tier3_bnc_coca+bnc_coca_band_4k+grade_estimate_9+general_or_nonacademic
spouse,3851,881,9,0,n,tier3_bnc_coca+bnc_coca_band_4k+grade_estimate_9+general_or_nonacademic
spur,3852,1549,9,0,n,tier3_bnc_coca+bnc_coca_band_4k+grade_estimate_9+general_or_nonacademic
squad,3854,2886,9,0,n,tier3_bnc_coca+bnc_coca_band_4k+grade_estimate_9+general_or_nonacademic
stab,3855,1482,9,0,n,tier3_bnc_coca+bnc_coca_band_4k+grade_estimate_9+general_or_nonacademic
stagger,3858,1352,9,0,v,tier3_bnc_coca+bnc_coca_band_4k+grade_estimate_9+general_or_nonacademic
stall,3859,1852,9,0,v,tier3_bnc_coca+bnc_coca_band_4k+grade_estimate_9+general_or_nonacademic
startle,3861,1684,9,0,n,tier3_bnc_coca+bnc_coca_band_4k+grade_estimate_9+general_or_nonacademic
statue,3862,1631,9,0,n,tier3_bnc_coca+bnc_coca_band_4k+grade_estimate_9+general_or_nonacademic
steep,3863,2223,9,0,adj,tier3_bnc_coca+bnc_coca_band_4k+grade_estimate_9+general_or_nonacademic
steer,3864,2110,9,0,v,tier3_bnc_coca+bnc_coca_band_4k+grade_estimate_9+general_or_nonacademic
stitch,3869,2337,9,0,v,tier3_bnc_coca+bnc_coca_band_4k+grade_estimate_9+general_or_nonacademic
strap,3872,1359,9,0,n,tier3_bnc_coca+bnc_coca_band_4k+grade_estimate_9+general_or_nonacademic
streak,3874,949,9,0,v,tier3_bnc_coca+bnc_coca_band_4k+grade_estimate_9+general_or_nonacademic
stride,3875,1812,9,0,n,tier3_bnc_coca+bnc_coca_band_4k+grade_estimate_9+general_or_nonacademic
stroll,3877,1112,9,0,v,tier3_bnc_coca+bnc_coca_band_4k+grade_estimate_9+general_or_nonacademic
stuffed,3878,1300,9,0,n,tier3_bnc_coca+bnc_coca_band_4k+grade_estimate_9+general_or_nonacademic
stumble,3879,1255,9,0,n,tier3_bnc_coca+bnc_coca_band_4k+grade_estimate_9+general_or_nonacademic
subjected,3880,1462,9,0,n,tier3_bnc_coca+bnc_coca_band_4k+grade_estimate_9+general_or_nonacademic
subordinate,3882,1796,9,0,v,tier3_bnc_coca+bnc_coca_band_4k+grade_estimate_9+general_or_nonacademic
subscribe,3883,2501,9,0,n,tier3_bnc_coca+bnc_coca_band_4k+grade_estimate_9+general_or_nonacademic
subsidiary,3884,2495,9,0,n,tier3_bnc_coca+bnc_coca_band_4k+grade_estimate_9+general_or_nonacademic
sued,3885,746,9,0,n,tier3_bnc_coca+bnc_coca_band_4k+grade_estimate_9+general_or_nonacademic
suite,3886,1818,9,0,n,tier3_bnc_coca+bnc_coca_band_4k+grade_estimate_9+general_or_nonacademic
summon,3887,2230,9,0,v,tier3_bnc_coca+bnc_coca_band_4k+grade_estimate_9+general_or_nonacademic
superb,3888,2440,9,0,adj,tier3_bnc_coca+bnc_coca_band_4k+grade_estimate_9+general_or_nonacademic
supper,3889,1496,9,0,n,tier3_bnc_coca+bnc_coca_band_4k+grade_estimate_9+general_or_nonacademic
suppress,3890,2115,9,0,v,tier3_bnc_coca+bnc_coca_band_4k+grade_estimate_9+general_or_nonacademic
surge,3891,1298,9,0,n,tier3_bnc_coca+bnc_coca_band_4k+grade_estimate_9+general_or_nonacademic
surrender,3894,1762,9,0,v,tier3_bnc_coca+bnc_coca_band_4k+grade_estimate_9+general_or_nonacademic
tablespoon,3898,976,9,0,n,tier3_bnc_coca+bnc_coca_band_4k+grade_estimate_9+general_or_nonacademic
tag,3899,1276,9,0,n,tier3_bnc_coca+bnc_coca_band_4k+grade_estimate_9+general_or_nonacademic
tangle,3900,1217,9,0,n,tier3_bnc_coca+bnc_coca_band_4k+grade_estimate_9+general_or_nonacademic
telecom,3901,2456,9,0,n,tier3_bnc_coca+bnc_coca_band_4k+grade_estimate_9+general_or_nonacademic
temple,3903,2730,9,0,n,tier3_bnc_coca+bnc_coca_band_4k+grade_estimate_9+general_or_nonacademic
terminate,3906,1882,9,0,v,tier3_bnc_coca+bnc_coca_band_4k+grade_estimate_9+general_or_nonacademic
terrace,3907,2824,9,0,n,tier3_bnc_coca+bnc_coca_band_4k+grade_estimate_9+general_or_nonacademic
terrify,3908,1769,9,0,v,tier3_bnc_coca+bnc_coca_band_4k+grade_estimate_9+general_or_nonacademic
testament,3909,1316,9,0,n,tier3_bnc_coca+bnc_coca_band_4k+grade_estimate_9+general_or_nonacademic
testimony,3910,776,9,0,n,tier3_bnc_coca+bnc_coca_band_4k+grade_estimate_9+general_or_nonacademic
textile,3911,1308,9,0,n,tier3_bnc_coca+bnc_coca_band_4k+grade_estimate_9+general_or_nonacademic
texture,3912,1472,9,0,n,tier3_bnc_coca+bnc_coca_band_4k+grade_estimate_9+general_or_nonacademic
theft,3913,1989,9,0,n,tier3_bnc_coca+bnc_coca_band_4k+grade_estimate_9+general_or_nonacademic
theology,3914,1146,9,1,n,tier3_bnc_coca+bnc_coca_band_4k+grade_estimate_9+academic_exact
thigh,3916,1510,9,0,n,tier3_bnc_coca+bnc_coca_band_4k+grade_estimate_9+general_or_nonacademic
thou,3917,2269,9,0,n,tier3_bnc_coca+bnc_coca_band_4k+grade_estimate_9+general_or_nonacademic
thrive,3920,1142,9,0,adj,tier3_bnc_coca+bnc_coca_band_4k+grade_estimate_9+general_or_nonacademic
thrust,3921,2448,9,0,v,tier3_bnc_coca+bnc_coca_band_4k+grade_estimate_9+general_or_nonacademic
thunder,3923,1251,9,0,v,tier3_bnc_coca+bnc_coca_band_4k+grade_estimate_9+general_or_nonacademic
tick,3924,1416,9,0,v,tier3_bnc_coca+bnc_coca_band_4k+grade_estimate_9+general_or_nonacademic
tile,3926,2112,9,0,n,tier3_bnc_coca+bnc_coca_band_4k+grade_estimate_9+general_or_nonacademic
tilt,3927,1027,9,0,v,tier3_bnc_coca+bnc_coca_band_4k+grade_estimate_9+general_or_nonacademic
timber,3928,2852,9,0,v,tier3_bnc_coca+bnc_coca_band_4k+grade_estimate_9+general_or_nonacademic
tobacco,3929,1637,9,0,n,tier3_bnc_coca+bnc_coca_band_4k+grade_estimate_9+general_or_nonacademic
tolerate,3930,1293,9,0,v,tier3_bnc_coca+bnc_coca_band_4k+grade_estimate_9+general_or_nonacademic
torture,3931,1547,9,0,n,tier3_bnc_coca+bnc_coca_band_4k+grade_estimate_9+general_or_nonacademic
tragic,3933,1433,9,0,adj,tier3_bnc_coca+bnc_coca_band_4k+grade_estimate_9+general_or_nonacademic
transcript,3935,1525,9,0,n,tier3_bnc_coca+bnc_coca_band_4k+grade_estimate_9+general_or_nonacademic
tremble,3938,1581,9,0,n,tier3_bnc_coca+bnc_coca_band_4k+grade_estimate_9+general_or_nonacademic
tribunal,3940,2129,9,0,adj,tier3_bnc_coca+bnc_coca_band_4k+grade_estimate_9+general_or_nonacademic
tribute,3941,1894,9,0,n,tier3_bnc_coca+bnc_coca_band_4k+grade_estimate_9+general_or_nonacademic
trim,3942,1737,9,0,n,tier3_bnc_coca+bnc_coca_band_4k+grade_estimate_9+general_or_nonacademic
trophy,3943,1609,9,0,n,tier3_bnc_coca+bnc_coca_band_4k+grade_estimate_9+general_or_nonacademic
tropics,3944,2162,9,0,n,tier3_bnc_coca+bnc_coca_band_4k+grade_estimate_9+general_or_nonacademic
trousers,3945,2504,9,0,n,tier3_bnc_coca+bnc_coca_band_4k+grade_estimate_9+general_or_nonacademic
trustee,3946,2210,9,0,n,tier3_bnc_coca+bnc_coca_band_4k+grade_estimate_9+general_or_nonacademic
tuck,3947,1618,9,0,v,tier3_bnc_coca+bnc_coca_band_4k+grade_estimate_9+general_or_nonacademic
tug,3948,1255,9,0,n,tier3_bnc_coca+bnc_coca_band_4k+grade_estimate_9+general_or_nonacademic
tumour,3950,1664,9,0,n,tier3_bnc_coca+bnc_coca_band_4k+grade_estimate_9+general_or_nonacademic
turnover,3951,2923,9,0,n,tier3_bnc_coca+bnc_coca_band_4k+grade_estimate_9+general_or_nonacademic
upgrade,3955,1566,9,0,n,tier3_bnc_coca+bnc_coca_band_4k+grade_estimate_9+general_or_nonacademic
upwards,3956,2521,9,0,adv,tier3_bnc_coca+bnc_coca_band_4k+grade_estimate_9+general_or_nonacademic
utilise,3957,1506,9,0,v,tier3_bnc_coca+bnc_coca_band_4k+grade_estimate_9+general_or_nonacademic
utter,3958,2674,9,0,v,tier3_bnc_coca+bnc_coca_band_4k+grade_estimate_9+general_or_nonacademic
validate,3959,1373,9,0,v,tier3_bnc_coca+bnc_coca_band_4k+grade_estimate_9+general_or_nonacademic
veil,3961,1824,9,0,v,tier3_bnc_coca+bnc_coca_band_4k+grade_estimate_9+general_or_nonacademic
vendor,3963,2442,9,0,n,tier3_bnc_coca+bnc_coca_band_4k+grade_estimate_9+general_or_nonacademic
venue,3964,1700,9,0,n,tier3_bnc_coca+bnc_coca_band_4k+grade_estimate_9+general_or_nonacademic
verify,3967,1176,9,0,v,tier3_bnc_coca+bnc_coca_band_4k+grade_estimate_9+general_or_nonacademic
verse,3968,2131,9,0,n,tier3_bnc_coca+bnc_coca_band_4k+grade_estimate_9+general_or_nonacademic
veterinarian,3970,1737,9,0,n,tier3_bnc_coca+bnc_coca_band_4k+grade_estimate_9+general_or_nonacademic
vibrate,3972,1349,9,0,v,tier3_bnc_coca+bnc_coca_band_4k+grade_estimate_9+general_or_nonacademic
vigorous,3973,2218,9,0,adj,tier3_bnc_coca+bnc_coca_band_4k+grade_estimate_9+general_or_nonacademic
villa,3974,2395,9,0,n,tier3_bnc_coca+bnc_coca_band_4k+grade_estimate_9+general_or_nonacademic
virgin,3975,2191,9,0,n,tier3_bnc_coca+bnc_coca_band_4k+grade_estimate_9+general_or_nonacademic
vivid,3977,1513,9,0,adj,tier3_bnc_coca+bnc_coca_band_4k+grade_estimate_9+general_or_nonacademic
vocation,3979,1468,9,0,n,tier3_bnc_coca+bnc_coca_band_4k+grade_estimate_9+general_or_nonacademic
waist,3982,1551,9,0,v,tier3_bnc_coca+bnc_coca_band_4k+grade_estimate_9+general_or_nonacademic
waiter,3983,1304,9,0,n,tier3_bnc_coca+bnc_coca_band_4k+grade_estimate_9+general_or_nonacademic
wan,3984,212,9,0,adj,tier3_bnc_coca+bnc_coca_band_4k+grade_estimate_9+general_or_nonacademic
ward,3985,4360,9,0,n,tier3_bnc_coca+bnc_coca_band_4k+grade_estimate_9+general_or_nonacademic
warehouse,3986,1479,9,0,n,tier3_bnc_coca+bnc_coca_band_4k+grade_estimate_9+general_or_nonacademic
warrant,3987,2052,9,0,v,tier3_bnc_coca+bnc_coca_band_4k+grade_estimate_9+general_or_nonacademic
warrior,3988,1125,9,0,n,tier3_bnc_coca+bnc_coca_band_4k+grade_estimate_9+general_or_nonacademic
wax,3989,1159,9,0,v,tier3_bnc_coca+bnc_coca_band_4k+grade_estimate_9+general_or_nonacademic
weary,3990,1495,9,0,v,tier3_bnc_coca+bnc_coca_band_4k+grade_estimate_9+general_or_nonacademic
webs,3991,256,9,0,n,tier3_bnc_coca+bnc_coca_band_4k+grade_estimate_9+general_or_nonacademic
weep,3992,1547,9,0,v,tier3_bnc_coca+bnc_coca_band_4k+grade_estimate_9+general_or_nonacademic
wells,3993,1735,9,0,n,tier3_bnc_coca+bnc_coca_band_4k+grade_estimate_9+general_or_nonacademic
whiskey,3995,2007,9,0,n,tier3_bnc_coca+bnc_coca_band_4k+grade_estimate_9+general_or_nonacademic
widow,3996,2594,9,0,v,tier3_bnc_coca+bnc_coca_band_4k+grade_estimate_9+general_or_nonacademic
wit,3997,1829,9,0,n,tier3_bnc_coca+bnc_coca_band_4k+grade_estimate_9+general_or_nonacademic
worship,3998,2364,9,0,v,tier3_bnc_coca+bnc_coca_band_4k+grade_estimate_9+general_or_nonacademic
wreck,3999,1715,9,0,v,tier3_bnc_coca+bnc_coca_band_4k+grade_estimate_9+general_or_nonacademic
abbey,4001,2022,9,0,n,tier3_bnc_coca+bnc_coca_band_5k+grade_estimate_9+general_or_nonacademic
abdomen,4002,835,9,0,v,tier3_bnc_coca+bnc_coca_band_5k+grade_estimate_9+general_or_nonacademic
abolish,4003,1877,9,0,v,tier3_bnc_coca+bnc_coca_band_5k+grade_estimate_9+general_or_nonacademic
accessory,4004,772,9,0,n,tier3_bnc_coca+bnc_coca_band_5k+grade_estimate_9+general_or_nonacademic
adore,4005,847,9,0,n,tier3_bnc_coca+bnc_coca_band_5k+grade_estimate_9+general_or_nonacademic
advocacy,4006,457,9,0,n,tier3_bnc_coca+bnc_coca_band_5k+grade_estimate_9+general_or_nonacademic
aerial,4007,762,9,0,adj,tier3_bnc_coca+bnc_coca_band_5k+grade_estimate_9+general_or_nonacademic
aftermath,4008,690,9,0,n,tier3_bnc_coca+bnc_coca_band_5k+grade_estimate_9+general_or_nonacademic
aggravate,4009,833,9,0,v,tier3_bnc_coca+bnc_coca_band_5k+grade_estimate_9+general_or_nonacademic
agitate,4011,1081,9,0,v,tier3_bnc_coca+bnc_coca_band_5k+grade_estimate_9+general_or_nonacademic
aide,4012,525,9,0,n,tier3_bnc_coca+bnc_coca_band_5k+grade_estimate_9+general_or_nonacademic
ail,4013,611,9,0,v,tier3_bnc_coca+bnc_coca_band_5k+grade_estimate_9+general_or_nonacademic
airways,4014,848,9,0,n,tier3_bnc_coca+bnc_coca_band_5k+grade_estimate_9+general_or_nonacademic
aisle,4015,649,9,0,n,tier3_bnc_coca+bnc_coca_band_5k+grade_estimate_9+general_or_nonacademic
albeit,4016,1381,9,0,conj,tier3_bnc_coca+bnc_coca_band_5k+grade_estimate_9+general_or_nonacademic
allegiance,4018,769,9,0,n,tier3_bnc_coca+bnc_coca_band_5k+grade_estimate_9+general_or_nonacademic
allergy,4019,644,9,0,n,tier3_bnc_coca+bnc_coca_band_5k+grade_estimate_9+general_or_nonacademic
altar,4021,971,9,0,n,tier3_bnc_coca+bnc_coca_band_5k+grade_estimate_9+general_or_nonacademic
ambiguity,4023,1061,9,0,n,tier3_bnc_coca+bnc_coca_band_5k+grade_estimate_9+general_or_nonacademic
ammunition,4024,634,9,0,n,tier3_bnc_coca+bnc_coca_band_5k+grade_estimate_9+general_or_nonacademic
amnesty,4025,1146,9,0,n,tier3_bnc_coca+bnc_coca_band_5k+grade_estimate_9+general_or_nonacademic
ample,4026,1012,9,0,n,tier3_bnc_coca+bnc_coca_band_5k+grade_estimate_9+general_or_nonacademic
amplify,4027,1255,9,0,v,tier3_bnc_coca+bnc_coca_band_5k+grade_estimate_9+general_or_nonacademic
analytic,4029,1168,9,0,adj,tier3_bnc_coca+bnc_coca_band_5k+grade_estimate_9+general_or_nonacademic
anatomy,4030,799,9,1,n,tier3_bnc_coca+bnc_coca_band_5k+grade_estimate_9+academic_exact
anecdote,4031,595,9,0,n,tier3_bnc_coca+bnc_coca_band_5k+grade_estimate_9+general_or_nonacademic
angler,4032,713,9,0,n,tier3_bnc_coca+bnc_coca_band_5k+grade_estimate_9+general_or_nonacademic
anguish,4033,728,9,0,v,tier3_bnc_coca+bnc_coca_band_5k+grade_estimate_9+general_or_nonacademic
anomaly,4034,882,9,0,adv,tier3_bnc_coca+bnc_coca_band_5k+grade_estimate_9+general_or_nonacademic
appal,4038,1737,9,0,adj,tier3_bnc_coca+bnc_coca_band_5k+grade_estimate_9+general_or_nonacademic
apparatus,4039,1169,9,0,n,tier3_bnc_coca+bnc_coca_band_5k+grade_estimate_9+general_or_nonacademic
appetite,4041,1036,9,0,n,tier3_bnc_coca+bnc_coca_band_5k+grade_estimate_9+general_or_nonacademic
applaud,4042,547,9,0,v,tier3_bnc_coca+bnc_coca_band_5k+grade_estimate_9+general_or_nonacademic
appliance,4044,664,9,0,n,tier3_bnc_coca+bnc_coca_band_5k+grade_estimate_9+general_or_nonacademic
apprehend,4045,886,9,0,v,tier3_bnc_coca+bnc_coca_band_5k+grade_estimate_9+general_or_nonacademic
apprentice,4046,1631,9,0,n,tier3_bnc_coca+bnc_coca_band_5k+grade_estimate_9+general_or_nonacademic
appropriated,4047,797,9,0,n,tier3_bnc_coca+bnc_coca_band_5k+grade_estimate_9+general_or_nonacademic
apt,4048,941,9,0,adj,tier3_bnc_coca+bnc_coca_band_5k+grade_estimate_9+general_or_nonacademic
aquarium,4049,921,9,0,n,tier3_bnc_coca+bnc_coca_band_5k+grade_estimate_9+general_or_nonacademic
arbitrate,4051,1253,9,0,v,tier3_bnc_coca+bnc_coca_band_5k+grade_estimate_9+general_or_nonacademic
arc,4052,1219,9,0,v,tier3_bnc_coca+bnc_coca_band_5k+grade_estimate_9+general_or_nonacademic
artery,4054,867,9,0,n,tier3_bnc_coca+bnc_coca_band_5k+grade_estimate_9+general_or_nonacademic
artillery,4055,733,9,0,n,tier3_bnc_coca+bnc_coca_band_5k+grade_estimate_9+general_or_nonacademic
ascend,4056,864,9,0,v,tier3_bnc_coca+bnc_coca_band_5k+grade_estimate_9+general_or_nonacademic
ass,4057,393,9,0,n,tier3_bnc_coca+bnc_coca_band_5k+grade_estimate_9+general_or_nonacademic
assimilate,4058,778,9,0,v,tier3_bnc_coca+bnc_coca_band_5k+grade_estimate_9+general_or_nonacademic
asthma,4059,832,9,0,n,tier3_bnc_coca+bnc_coca_band_5k+grade_estimate_9+general_or_nonacademic
asylum,4060,1076,9,0,n,tier3_bnc_coca+bnc_coca_band_5k+grade_estimate_9+general_or_nonacademic
audible,4061,484,9,0,adj,tier3_bnc_coca+bnc_coca_band_5k+grade_estimate_9+general_or_nonacademic
authoritarian,4062,619,9,0,n,tier3_bnc_coca+bnc_coca_band_5k+grade_estimate_9+general_or_nonacademic
autobiography,4063,709,9,1,n,tier3_bnc_coca+bnc_coca_band_5k+grade_estimate_9+academic_suffix
automate,4064,884,9,0,v,tier3_bnc_coca+bnc_coca_band_5k+grade_estimate_9+general_or_nonacademic
autonomous,4065,1225,9,0,adj,tier3_bnc_coca+bnc_coca_band_5k+grade_estimate_9+general_or_nonacademic
aviation,4066,982,9,0,n,tier3_bnc_coca+bnc_coca_band_5k+grade_estimate_9+general_or_nonacademic
awe,4067,694,9,0,v,tier3_bnc_coca+bnc_coca_band_5k+grade_estimate_9+general_or_nonacademic
bail,4070,1214,9,0,v,tier3_bnc_coca+bnc_coca_band_5k+grade_estimate_9+general_or_nonacademic
bait,4071,899,9,0,v,tier3_bnc_coca+bnc_coca_band_5k+grade_estimate_9+general_or_nonacademic
bald,4073,938,9,0,v,tier3_bnc_coca+bnc_coca_band_5k+grade_estimate_9+general_or_nonacademic
banner,4074,870,9,0,n,tier3_bnc_coca+bnc_coca_band_5k+grade_estimate_9+general_or_nonacademic
baptist,4075,587,9,0,n,tier3_bnc_coca+bnc_coca_band_5k+grade_estimate_9+general_or_nonacademic
baron,4076,1565,9,0,n,tier3_bnc_coca+bnc_coca_band_5k+grade_estimate_9+general_or_nonacademic
basketball,4077,210,9,0,n,tier3_bnc_coca+bnc_coca_band_5k+grade_estimate_9+general_or_nonacademic
battalion,4079,680,9,0,n,tier3_bnc_coca+bnc_coca_band_5k+grade_estimate_9+general_or_nonacademic
beloved,4080,772,9,0,n,tier3_bnc_coca+bnc_coca_band_5k+grade_estimate_9+general_or_nonacademic
beneficiary,4081,946,9,0,n,tier3_bnc_coca+bnc_coca_band_5k+grade_estimate_9+general_or_nonacademic
beta,4082,788,9,0,n,tier3_bnc_coca+bnc_coca_band_5k+grade_estimate_9+general_or_nonacademic
bewilder,4083,1041,9,0,v,tier3_bnc_coca+bnc_coca_band_5k+grade_estimate_9+general_or_nonacademic
bilateral,4084,819,9,0,adj,tier3_bnc_coca+bnc_coca_band_5k+grade_estimate_9+general_or_nonacademic
binoculars,4085,686,9,0,n,tier3_bnc_coca+bnc_coca_band_5k+grade_estimate_9+general_or_nonacademic
bleak,4086,1043,9,0,adj,tier3_bnc_coca+bnc_coca_band_5k+grade_estimate_9+general_or_nonacademic
blockade,4087,485,9,0,n,tier3_bnc_coca+bnc_coca_band_5k+grade_estimate_9+general_or_nonacademic
blossom,4088,743,9,0,v,tier3_bnc_coca+bnc_coca_band_5k+grade_estimate_9+general_or_nonacademic
blouse,4089,585,9,0,n,tier3_bnc_coca+bnc_coca_band_5k+grade_estimate_9+general_or_nonacademic
blunt,4090,1066,9,0,v,tier3_bnc_coca+bnc_coca_band_5k+grade_estimate_9+general_or_nonacademic
blush,4091,890,9,0,v,tier3_bnc_coca+bnc_coca_band_5k+grade_estimate_9+general_or_nonacademic
botany,4092,925,9,0,n,tier3_bnc_coca+bnc_coca_band_5k+grade_estimate_9+general_or_nonacademic
bourgeois,4093,1699,9,0,n,tier3_bnc_coca+bnc_coca_band_5k+grade_estimate_9+general_or_nonacademic
bout,4094,665,9,0,n,tier3_bnc_coca+bnc_coca_band_5k+grade_estimate_9+general_or_nonacademic
bowel,4095,1470,9,0,n,tier3_bnc_coca+bnc_coca_band_5k+grade_estimate_9+general_or_nonacademic
boycott,4096,904,9,0,v,tier3_bnc_coca+bnc_coca_band_5k+grade_estimate_9+general_or_nonacademic
bribe,4099,841,9,0,n,tier3_bnc_coca+bnc_coca_band_5k+grade_estimate_9+general_or_nonacademic
brigade,4100,1266,9,0,n,tier3_bnc_coca+bnc_coca_band_5k+grade_estimate_9+general_or_nonacademic
brisk,4101,973,9,0,adj,tier3_bnc_coca+bnc_coca_band_5k+grade_estimate_9+general_or_nonacademic
brochure,4102,1316,9,0,n,tier3_bnc_coca+bnc_coca_band_5k+grade_estimate_9+general_or_nonacademic
brow,4103,1157,9,0,n,tier3_bnc_coca+bnc_coca_band_5k+grade_estimate_9+general_or_nonacademic
buckle,4104,615,9,0,n,tier3_bnc_coca+bnc_coca_band_5k+grade_estimate_9+general_or_nonacademic
bud,4105,1122,9,0,n,tier3_bnc_coca+bnc_coca_band_5k+grade_estimate_9+general_or_nonacademic
buffer,4106,992,9,0,v,tier3_bnc_coca+bnc_coca_band_5k+grade_estimate_9+general_or_nonacademic
bulge,4107,697,9,0,n,tier3_bnc_coca+bnc_coca_band_5k+grade_estimate_9+general_or_nonacademic
bulletin,4108,992,9,0,n,tier3_bnc_coca+bnc_coca_band_5k+grade_estimate_9+general_or_nonacademic
burgle,4109,1534,9,0,n,tier3_bnc_coca+bnc_coca_band_5k+grade_estimate_9+general_or_nonacademic
bust,4110,912,9,0,n,tier3_bnc_coca+bnc_coca_band_5k+grade_estimate_9+general_or_nonacademic
butcher,4111,1252,9,0,v,tier3_bnc_coca+bnc_coca_band_5k+grade_estimate_9+general_or_nonacademic
butt,4112,738,9,0,v,tier3_bnc_coca+bnc_coca_band_5k+grade_estimate_9+general_or_nonacademic
bypass,4113,967,9,0,v,tier3_bnc_coca+bnc_coca_band_5k+grade_estimate_9+general_or_nonacademic
candy,4115,434,9,0,v,tier3_bnc_coca+bnc_coca_band_5k+grade_estimate_9+general_or_nonacademic
cane,4116,675,9,0,n,tier3_bnc_coca+bnc_coca_band_5k+grade_estimate_9+general_or_nonacademic
captive,4118,912,9,0,adj,tier3_bnc_coca+bnc_coca_band_5k+grade_estimate_9+general_or_nonacademic
carbohydrate,4119,554,9,0,v,tier3_bnc_coca+bnc_coca_band_5k+grade_estimate_9+general_or_nonacademic
cardboard,4120,700,9,0,n,tier3_bnc_coca+bnc_coca_band_5k+grade_estimate_9+general_or_nonacademic
cardinal,4121,924,9,0,adj,tier3_bnc_coca+bnc_coca_band_5k+grade_estimate_9+general_or_nonacademic
cassette,4122,1151,9,0,n,tier3_bnc_coca+bnc_coca_band_5k+grade_estimate_9+general_or_nonacademic
catastrophe,4123,877,9,0,n,tier3_bnc_coca+bnc_coca_band_5k+grade_estimate_9+general_or_nonacademic
causal,4124,1382,9,0,adj,tier3_bnc_coca+bnc_coca_band_5k+grade_estimate_9+general_or_nonacademic
cellular,4126,1137,9,0,n,tier3_bnc_coca+bnc_coca_band_5k+grade_estimate_9+general_or_nonacademic
cement,4127,1027,9,0,v,tier3_bnc_coca+bnc_coca_band_5k+grade_estimate_9+general_or_nonacademic
ceramic,4128,746,9,0,adj,tier3_bnc_coca+bnc_coca_band_5k+grade_estimate_9+general_or_nonacademic
cereal,4129,918,9,0,adj,tier3_bnc_coca+bnc_coca_band_5k+grade_estimate_9+general_or_nonacademic
chalk,4130,1171,9,0,v,tier3_bnc_coca+bnc_coca_band_5k+grade_estimate_9+general_or_nonacademic
chap,4132,2028,9,0,n,tier3_bnc_coca+bnc_coca_band_5k+grade_estimate_9+general_or_nonacademic
charitable,4133,780,9,0,adj,tier3_bnc_coca+bnc_coca_band_5k+grade_estimate_9+general_or_nonacademic
chatter,4134,746,9,0,v,tier3_bnc_coca+bnc_coca_band_5k+grade_estimate_9+general_or_nonacademic
chemist,4135,1229,9,0,n,tier3_bnc_coca+bnc_coca_band_5k+grade_estimate_9+general_or_nonacademic
cherry,4136,1118,9,0,n,tier3_bnc_coca+bnc_coca_band_5k+grade_estimate_9+general_or_nonacademic
chimney,4137,998,9,0,n,tier3_bnc_coca+bnc_coca_band_5k+grade_estimate_9+general_or_nonacademic
chorus,4139,1092,9,0,v,tier3_bnc_coca+bnc_coca_band_5k+grade_estimate_9+general_or_nonacademic
chuck,4140,984,9,0,v,tier3_bnc_coca+bnc_coca_band_5k+grade_estimate_9+general_or_nonacademic
cigar,4142,660,9,0,n,tier3_bnc_coca+bnc_coca_band_5k+grade_estimate_9+general_or_nonacademic
circus,4143,792,9,0,n,tier3_bnc_coca+bnc_coca_band_5k+grade_estimate_9+general_or_nonacademic
clan,4145,585,9,0,n,tier3_bnc_coca+bnc_coca_band_5k+grade_estimate_9+general_or_nonacademic
clap,4146,756,9,0,n,tier3_bnc_coca+bnc_coca_band_5k+grade_estimate_9+general_or_nonacademic
clasp,4147,764,9,0,v,tier3_bnc_coca+bnc_coca_band_5k+grade_estimate_9+general_or_nonacademic
claw,4148,988,9,0,v,tier3_bnc_coca+bnc_coca_band_5k+grade_estimate_9+general_or_nonacademic
cleanse,4149,672,9,0,n,tier3_bnc_coca+bnc_coca_band_5k+grade_estimate_9+general_or_nonacademic
clench,4150,778,9,0,v,tier3_bnc_coca+bnc_coca_band_5k+grade_estimate_9+general_or_nonacademic
clergy,4151,1349,9,0,n,tier3_bnc_coca+bnc_coca_band_5k+grade_estimate_9+general_or_nonacademic
cloak,4152,922,9,0,v,tier3_bnc_coca+bnc_coca_band_5k+grade_estimate_9+general_or_nonacademic
coarse,4154,861,9,0,adj,tier3_bnc_coca+bnc_coca_band_5k+grade_estimate_9+general_or_nonacademic
cocaine,4155,681,9,0,n,tier3_bnc_coca+bnc_coca_band_5k+grade_estimate_9+general_or_nonacademic
cock,4156,1274,9,0,v,tier3_bnc_coca+bnc_coca_band_5k+grade_estimate_9+general_or_nonacademic
cocktail,4157,815,9,0,n,tier3_bnc_coca+bnc_coca_band_5k+grade_estimate_9+general_or_nonacademic
coerce,4159,705,9,0,n,tier3_bnc_coca+bnc_coca_band_5k+grade_estimate_9+general_or_nonacademic
coil,4160,995,9,0,v,tier3_bnc_coca+bnc_coca_band_5k+grade_estimate_9+general_or_nonacademic
coke,4161,655,9,0,n,tier3_bnc_coca+bnc_coca_band_5k+grade_estimate_9+general_or_nonacademic
collision,4162,812,9,0,n,tier3_bnc_coca+bnc_coca_band_5k+grade_estimate_9+general_or_nonacademic
comb,4163,841,9,0,v,tier3_bnc_coca+bnc_coca_band_5k+grade_estimate_9+general_or_nonacademic
commemorate,4164,908,9,0,v,tier3_bnc_coca+bnc_coca_band_5k+grade_estimate_9+general_or_nonacademic
commence,4165,1949,9,0,n,tier3_bnc_coca+bnc_coca_band_5k+grade_estimate_9+general_or_nonacademic
commend,4166,978,9,0,v,tier3_bnc_coca+bnc_coca_band_5k+grade_estimate_9+general_or_nonacademic
commonwealth,4167,1765,9,0,n,tier3_bnc_coca+bnc_coca_band_5k+grade_estimate_9+general_or_nonacademic
communal,4168,768,9,0,adj,tier3_bnc_coca+bnc_coca_band_5k+grade_estimate_9+general_or_nonacademic
communism,4169,991,9,0,n,tier3_bnc_coca+bnc_coca_band_5k+grade_estimate_9+general_or_nonacademic
compartment,4170,898,9,0,n,tier3_bnc_coca+bnc_coca_band_5k+grade_estimate_9+general_or_nonacademic
compliment,4172,1158,9,0,v,tier3_bnc_coca+bnc_coca_band_5k+grade_estimate_9+general_or_nonacademic
compost,4174,658,9,0,v,tier3_bnc_coca+bnc_coca_band_5k+grade_estimate_9+general_or_nonacademic
comrade,4175,808,9,0,adj,tier3_bnc_coca+bnc_coca_band_5k+grade_estimate_9+general_or_nonacademic
conclusive,4176,861,9,0,adj,tier3_bnc_coca+bnc_coca_band_5k+grade_estimate_9+general_or_nonacademic
condense,4177,791,9,0,n,tier3_bnc_coca+bnc_coca_band_5k+grade_estimate_9+general_or_nonacademic
condom,4178,534,9,0,n,tier3_bnc_coca+bnc_coca_band_5k+grade_estimate_9+general_or_nonacademic
confederate,4180,680,9,0,v,tier3_bnc_coca+bnc_coca_band_5k+grade_estimate_9+general_or_nonacademic
confide,4181,719,9,0,n,tier3_bnc_coca+bnc_coca_band_5k+grade_estimate_9+general_or_nonacademic
congest,4182,691,9,0,v,tier3_bnc_coca+bnc_coca_band_5k+grade_estimate_9+general_or_nonacademic
conquer,4183,1054,9,0,v,tier3_bnc_coca+bnc_coca_band_5k+grade_estimate_9+general_or_nonacademic
consecutive,4184,804,9,0,adj,tier3_bnc_coca+bnc_coca_band_5k+grade_estimate_9+general_or_nonacademic
consortium,4185,1043,9,0,n,tier3_bnc_coca+bnc_coca_band_5k+grade_estimate_9+general_or_nonacademic
conspicuous,4186,1105,9,0,adj,tier3_bnc_coca+bnc_coca_band_5k+grade_estimate_9+general_or_nonacademic
convene,4187,903,9,0,n,tier3_bnc_coca+bnc_coca_band_5k+grade_estimate_9+general_or_nonacademic
conversely,4189,812,9,0,adv,tier3_bnc_coca+bnc_coca_band_5k+grade_estimate_9+general_or_nonacademic
coral,4190,1051,9,0,adj,tier3_bnc_coca+bnc_coca_band_5k+grade_estimate_9+general_or_nonacademic
corpse,4191,1116,9,0,n,tier3_bnc_coca+bnc_coca_band_5k+grade_estimate_9+general_or_nonacademic
cosmetic,4192,650,9,0,adj,tier3_bnc_coca+bnc_coca_band_5k+grade_estimate_9+general_or_nonacademic
cosy,4193,833,9,0,n,tier3_bnc_coca+bnc_coca_band_5k+grade_estimate_9+general_or_nonacademic
courtyard,4194,912,9,0,n,tier3_bnc_coca+bnc_coca_band_5k+grade_estimate_9+general_or_nonacademic
covenant,4195,1645,9,0,v,tier3_bnc_coca+bnc_coca_band_5k+grade_estimate_9+general_or_nonacademic
crab,4197,585,9,0,n,tier3_bnc_coca+bnc_coca_band_5k+grade_estimate_9+general_or_nonacademic
cradle,4198,681,9,0,n,tier3_bnc_coca+bnc_coca_band_5k+grade_estimate_9+general_or_nonacademic
cramp,4199,725,9,0,v,tier3_bnc_coca+bnc_coca_band_5k+grade_estimate_9+general_or_nonacademic
crane,4200,970,9,0,n,tier3_bnc_coca+bnc_coca_band_5k+grade_estimate_9+general_or_nonacademic
creek,4201,309,9,0,n,tier3_bnc_coca+bnc_coca_band_5k+grade_estimate_9+general_or_nonacademic
crest,4202,852,9,0,v,tier3_bnc_coca+bnc_coca_band_5k+grade_estimate_9+general_or_nonacademic
cricket,4203,3952,9,0,v,tier3_bnc_coca+bnc_coca_band_5k+grade_estimate_9+general_or_nonacademic
cripple,4204,781,9,0,n,tier3_bnc_coca+bnc_coca_band_5k+grade_estimate_9+general_or_nonacademic
crook,4205,869,9,0,v,tier3_bnc_coca+bnc_coca_band_5k+grade_estimate_9+general_or_nonacademic
crouch,4206,1012,9,0,v,tier3_bnc_coca+bnc_coca_band_5k+grade_estimate_9+general_or_nonacademic
crunch,4207,741,9,0,v,tier3_bnc_coca+bnc_coca_band_5k+grade_estimate_9+general_or_nonacademic
crusade,4208,1014,9,0,n,tier3_bnc_coca+bnc_coca_band_5k+grade_estimate_9+general_or_nonacademic
cub,4209,377,9,0,n,tier3_bnc_coca+bnc_coca_band_5k+grade_estimate_9+general_or_nonacademic
culminate,4211,1137,9,0,v,tier3_bnc_coca+bnc_coca_band_5k+grade_estimate_9+general_or_nonacademic
cupboard,4212,1871,9,0,n,tier3_bnc_coca+bnc_coca_band_5k+grade_estimate_9+general_or_nonacademic
curator,4213,697,9,0,n,tier3_bnc_coca+bnc_coca_band_5k+grade_estimate_9+general_or_nonacademic
cushion,4215,1197,9,0,v,tier3_bnc_coca+bnc_coca_band_5k+grade_estimate_9+general_or_nonacademic
dairy,4217,1080,9,0,v,tier3_bnc_coca+bnc_coca_band_5k+grade_estimate_9+general_or_nonacademic
dale,4218,1132,9,0,n,tier3_bnc_coca+bnc_coca_band_5k+grade_estimate_9+general_or_nonacademic
dangle,4219,555,9,0,n,tier3_bnc_coca+bnc_coca_band_5k+grade_estimate_9+general_or_nonacademic
dart,4220,1096,9,0,v,tier3_bnc_coca+bnc_coca_band_5k+grade_estimate_9+general_or_nonacademic
daunt,4221,863,9,0,v,tier3_bnc_coca+bnc_coca_band_5k+grade_estimate_9+general_or_nonacademic
dazzle,4222,829,9,0,n,tier3_bnc_coca+bnc_coca_band_5k+grade_estimate_9+general_or_nonacademic
deceased,4224,827,9,0,n,tier3_bnc_coca+bnc_coca_band_5k+grade_estimate_9+general_or_nonacademic
decree,4225,1426,9,0,v,tier3_bnc_coca+bnc_coca_band_5k+grade_estimate_9+general_or_nonacademic
deed,4226,1272,9,0,n,tier3_bnc_coca+bnc_coca_band_5k+grade_estimate_9+general_or_nonacademic
default,4227,1285,9,0,v,tier3_bnc_coca+bnc_coca_band_5k+grade_estimate_9+general_or_nonacademic
definitive,4228,666,9,0,adj,tier3_bnc_coca+bnc_coca_band_5k+grade_estimate_9+general_or_nonacademic
demise,4232,848,9,0,v,tier3_bnc_coca+bnc_coca_band_5k+grade_estimate_9+general_or_nonacademic
demon,4233,740,9,0,n,tier3_bnc_coca+bnc_coca_band_5k+grade_estimate_9+general_or_nonacademic
denounce,4234,873,9,0,n,tier3_bnc_coca+bnc_coca_band_5k+grade_estimate_9+general_or_nonacademic
dentist,4235,916,9,0,n,tier3_bnc_coca+bnc_coca_band_5k+grade_estimate_9+general_or_nonacademic
dependency,4236,914,9,0,n,tier3_bnc_coca+bnc_coca_band_5k+grade_estimate_9+general_or_nonacademic
deplete,4237,821,9,0,n,tier3_bnc_coca+bnc_coca_band_5k+grade_estimate_9+general_or_nonacademic
depot,4238,826,9,0,n,tier3_bnc_coca+bnc_coca_band_5k+grade_estimate_9+general_or_nonacademic
descent,4239,1089,9,0,n,tier3_bnc_coca+bnc_coca_band_5k+grade_estimate_9+general_or_nonacademic
dessert,4240,454,9,0,n,tier3_bnc_coca+bnc_coca_band_5k+grade_estimate_9+general_or_nonacademic
detention,4241,897,9,0,n,tier3_bnc_coca+bnc_coca_band_5k+grade_estimate_9+general_or_nonacademic
deviate,4242,1094,9,0,v,tier3_bnc_coca+bnc_coca_band_5k+grade_estimate_9+general_or_nonacademic
dice,4244,771,9,0,n,tier3_bnc_coca+bnc_coca_band_5k+grade_estimate_9+general_or_nonacademic
diesel,4245,1499,9,0,n,tier3_bnc_coca+bnc_coca_band_5k+grade_estimate_9+general_or_nonacademic
diffuse,4247,966,9,0,n,tier3_bnc_coca+bnc_coca_band_5k+grade_estimate_9+general_or_nonacademic
dinosaur,4249,762,9,0,n,tier3_bnc_coca+bnc_coca_band_5k+grade_estimate_9+general_or_nonacademic
diocese,4250,1034,9,0,n,tier3_bnc_coca+bnc_coca_band_5k+grade_estimate_9+general_or_nonacademic
diplomacy,4251,561,9,0,n,tier3_bnc_coca+bnc_coca_band_5k+grade_estimate_9+general_or_nonacademic
disapprove,4252,1153,9,0,n,tier3_bnc_coca+bnc_coca_band_5k+grade_estimate_9+general_or_nonacademic
disarm,4253,849,9,0,v,tier3_bnc_coca+bnc_coca_band_5k+grade_estimate_9+general_or_nonacademic
discern,4254,756,9,0,v,tier3_bnc_coca+bnc_coca_band_5k+grade_estimate_9+general_or_nonacademic
discrepancy,4255,683,9,0,n,tier3_bnc_coca+bnc_coca_band_5k+grade_estimate_9+general_or_nonacademic
disgrace,4256,1016,9,0,n,tier3_bnc_coca+bnc_coca_band_5k+grade_estimate_9+general_or_nonacademic
disintegrate,4257,712,9,0,v,tier3_bnc_coca+bnc_coca_band_5k+grade_estimate_9+general_or_nonacademic
dislike,4258,1765,9,0,n,tier3_bnc_coca+bnc_coca_band_5k+grade_estimate_9+general_or_nonacademic
dismantle,4259,857,9,0,n,tier3_bnc_coca+bnc_coca_band_5k+grade_estimate_9+general_or_nonacademic
dismay,4260,820,9,0,v,tier3_bnc_coca+bnc_coca_band_5k+grade_estimate_9+general_or_nonacademic
dispense,4261,1240,9,0,n,tier3_bnc_coca+bnc_coca_band_5k+grade_estimate_9+general_or_nonacademic
disposition,4262,849,9,0,n,tier3_bnc_coca+bnc_coca_band_5k+grade_estimate_9+general_or_nonacademic
dissatisfy,4263,1038,9,0,v,tier3_bnc_coca+bnc_coca_band_5k+grade_estimate_9+general_or_nonacademic
dissent,4264,1065,9,0,v,tier3_bnc_coca+bnc_coca_band_5k+grade_estimate_9+general_or_nonacademic
diverge,4266,872,9,0,n,tier3_bnc_coca+bnc_coca_band_5k+grade_estimate_9+general_or_nonacademic
diversify,4267,874,9,0,v,tier3_bnc_coca+bnc_coca_band_5k+grade_estimate_9+general_or_nonacademic
diversion,4268,718,9,0,n,tier3_bnc_coca+bnc_coca_band_5k+grade_estimate_9+general_or_nonacademic
divert,4269,1225,9,0,v,tier3_bnc_coca+bnc_coca_band_5k+grade_estimate_9+general_or_nonacademic
dizzy,4270,572,9,0,v,tier3_bnc_coca+bnc_coca_band_5k+grade_estimate_9+general_or_nonacademic
dodge,4271,704,9,0,n,tier3_bnc_coca+bnc_coca_band_5k+grade_estimate_9+general_or_nonacademic
dole,4272,653,9,0,n,tier3_bnc_coca+bnc_coca_band_5k+grade_estimate_9+general_or_nonacademic
doom,4274,1055,9,0,v,tier3_bnc_coca+bnc_coca_band_5k+grade_estimate_9+general_or_nonacademic
drape,4275,1083,9,0,n,tier3_bnc_coca+bnc_coca_band_5k+grade_estimate_9+general_or_nonacademic
drastic,4276,1088,9,0,adj,tier3_bnc_coca+bnc_coca_band_5k+grade_estimate_9+general_or_nonacademic
dread,4277,1101,9,0,v,tier3_bnc_coca+bnc_coca_band_5k+grade_estimate_9+general_or_nonacademic
dreadful,4278,1536,9,0,adj,tier3_bnc_coca+bnc_coca_band_5k+grade_estimate_9+general_or_nonacademic
drunken,4280,818,9,0,adj,tier3_bnc_coca+bnc_coca_band_5k+grade_estimate_9+general_or_nonacademic
dub,4281,703,9,0,n,tier3_bnc_coca+bnc_coca_band_5k+grade_estimate_9+general_or_nonacademic
dubious,4282,780,9,0,adj,tier3_bnc_coca+bnc_coca_band_5k+grade_estimate_9+general_or_nonacademic
dumb,4283,880,9,0,adj,tier3_bnc_coca+bnc_coca_band_5k+grade_estimate_9+general_or_nonacademic
durable,4285,651,9,0,adj,tier3_bnc_coca+bnc_coca_band_5k+grade_estimate_9+general_or_nonacademic
dusk,4286,693,9,0,n,tier3_bnc_coca+bnc_coca_band_5k+grade_estimate_9+general_or_nonacademic
dwarf,4287,1119,9,0,v,tier3_bnc_coca+bnc_coca_band_5k+grade_estimate_9+general_or_nonacademic
dynamics,4289,624,9,0,n,tier3_bnc_coca+bnc_coca_band_5k+grade_estimate_9+general_or_nonacademic
earnest,4290,923,9,0,adj,tier3_bnc_coca+bnc_coca_band_5k+grade_estimate_9+general_or_nonacademic
eccentric,4292,876,9,0,adj,tier3_bnc_coca+bnc_coca_band_5k+grade_estimate_9+general_or_nonacademic
ecstasy,4295,924,9,0,n,tier3_bnc_coca+bnc_coca_band_5k+grade_estimate_9+general_or_nonacademic
efficacy,4296,519,9,0,n,tier3_bnc_coca+bnc_coca_band_5k+grade_estimate_9+general_or_nonacademic
electorate,4298,1128,9,1,v,tier3_bnc_coca+bnc_coca_band_5k+grade_estimate_9+academic_exact
elicit,4300,613,9,0,v,tier3_bnc_coca+bnc_coca_band_5k+grade_estimate_9+general_or_nonacademic
elusive,4301,643,9,0,adj,tier3_bnc_coca+bnc_coca_band_5k+grade_estimate_9+general_or_nonacademic
embark,4302,1389,9,0,v,tier3_bnc_coca+bnc_coca_band_5k+grade_estimate_9+general_or_nonacademic
embroider,4304,780,9,0,v,tier3_bnc_coca+bnc_coca_band_5k+grade_estimate_9+general_or_nonacademic
embryo,4305,949,9,0,n,tier3_bnc_coca+bnc_coca_band_5k+grade_estimate_9+general_or_nonacademic
emigrate,4306,791,9,0,v,tier3_bnc_coca+bnc_coca_band_5k+grade_estimate_9+general_or_nonacademic
empower,4307,800,9,0,v,tier3_bnc_coca+bnc_coca_band_5k+grade_estimate_9+general_or_nonacademic
encompass,4308,911,9,0,v,tier3_bnc_coca+bnc_coca_band_5k+grade_estimate_9+general_or_nonacademic
engrave,4309,722,9,0,n,tier3_bnc_coca+bnc_coca_band_5k+grade_estimate_9+general_or_nonacademic
enlist,4310,533,9,0,v,tier3_bnc_coca+bnc_coca_band_5k+grade_estimate_9+general_or_nonacademic
enquire,4311,4980,9,0,n,tier3_bnc_coca+bnc_coca_band_5k+grade_estimate_9+general_or_nonacademic
ensemble,4312,512,9,0,n,tier3_bnc_coca+bnc_coca_band_5k+grade_estimate_9+general_or_nonacademic
ensue,4313,912,9,0,n,tier3_bnc_coca+bnc_coca_band_5k+grade_estimate_9+general_or_nonacademic
entail,4314,1390,9,0,v,tier3_bnc_coca+bnc_coca_band_5k+grade_estimate_9+general_or_nonacademic
epic,4316,671,9,0,adj,tier3_bnc_coca+bnc_coca_band_5k+grade_estimate_9+general_or_nonacademic
erode,4320,760,9,0,n,tier3_bnc_coca+bnc_coca_band_5k+grade_estimate_9+general_or_nonacademic
escalate,4322,729,9,0,v,tier3_bnc_coca+bnc_coca_band_5k+grade_estimate_9+general_or_nonacademic
eternal,4323,952,9,0,adj,tier3_bnc_coca+bnc_coca_band_5k+grade_estimate_9+general_or_nonacademic
evangelical,4324,565,9,0,adj,tier3_bnc_coca+bnc_coca_band_5k+grade_estimate_9+general_or_nonacademic
evaporate,4325,715,9,0,v,tier3_bnc_coca+bnc_coca_band_5k+grade_estimate_9+general_or_nonacademic
exacerbate,4326,657,9,0,v,tier3_bnc_coca+bnc_coca_band_5k+grade_estimate_9+general_or_nonacademic
expanse,4327,627,9,0,n,tier3_bnc_coca+bnc_coca_band_5k+grade_estimate_9+general_or_nonacademic
expel,4328,864,9,0,n,tier3_bnc_coca+bnc_coca_band_5k+grade_estimate_9+general_or_nonacademic
expire,4329,955,9,0,n,tier3_bnc_coca+bnc_coca_band_5k+grade_estimate_9+general_or_nonacademic
exquisite,4330,677,9,0,adj,tier3_bnc_coca+bnc_coca_band_5k+grade_estimate_9+general_or_nonacademic
exterior,4331,719,9,0,n,tier3_bnc_coca+bnc_coca_band_5k+grade_estimate_9+general_or_nonacademic
fabulous,4333,844,9,0,adj,tier3_bnc_coca+bnc_coca_band_5k+grade_estimate_9+general_or_nonacademic
facial,4334,595,9,0,adj,tier3_bnc_coca+bnc_coca_band_5k+grade_estimate_9+general_or_nonacademic
factual,4335,857,9,0,adj,tier3_bnc_coca+bnc_coca_band_5k+grade_estimate_9+general_or_nonacademic
farewell,4336,789,9,0,n,tier3_bnc_coca+bnc_coca_band_5k+grade_estimate_9+general_or_nonacademic
fasten,4337,969,9,0,v,tier3_bnc_coca+bnc_coca_band_5k+grade_estimate_9+general_or_nonacademic
feasible,4339,1351,9,0,adj,tier3_bnc_coca+bnc_coca_band_5k+grade_estimate_9+general_or_nonacademic
feast,4340,1105,9,0,v,tier3_bnc_coca+bnc_coca_band_5k+grade_estimate_9+general_or_nonacademic
fend,4341,904,9,0,v,tier3_bnc_coca+bnc_coca_band_5k+grade_estimate_9+general_or_nonacademic
festive,4342,641,9,0,adj,tier3_bnc_coca+bnc_coca_band_5k+grade_estimate_9+general_or_nonacademic
fiddle,4343,919,9,0,n,tier3_bnc_coca+bnc_coca_band_5k+grade_estimate_9+general_or_nonacademic
filth,4344,952,9,0,n,tier3_bnc_coca+bnc_coca_band_5k+grade_estimate_9+general_or_nonacademic
flake,4346,679,9,0,n,tier3_bnc_coca+bnc_coca_band_5k+grade_estimate_9+general_or_nonacademic
flare,4347,1181,9,0,n,tier3_bnc_coca+bnc_coca_band_5k+grade_estimate_9+general_or_nonacademic
flats,4348,1876,9,0,n,tier3_bnc_coca+bnc_coca_band_5k+grade_estimate_9+general_or_nonacademic
flatter,4349,1117,9,0,v,tier3_bnc_coca+bnc_coca_band_5k+grade_estimate_9+general_or_nonacademic
flop,4350,1136,9,0,n,tier3_bnc_coca+bnc_coca_band_5k+grade_estimate_9+general_or_nonacademic
fluctuate,4351,1386,9,0,v,tier3_bnc_coca+bnc_coca_band_5k+grade_estimate_9+general_or_nonacademic
foam,4353,923,9,0,v,tier3_bnc_coca+bnc_coca_band_5k+grade_estimate_9+general_or_nonacademic
foil,4354,713,9,0,v,tier3_bnc_coca+bnc_coca_band_5k+grade_estimate_9+general_or_nonacademic
foliage,4355,710,9,0,n,tier3_bnc_coca+bnc_coca_band_5k+grade_estimate_9+general_or_nonacademic
formidable,4356,1097,9,0,adj,tier3_bnc_coca+bnc_coca_band_5k+grade_estimate_9+general_or_nonacademic
forthcoming,4357,1584,9,0,n,tier3_bnc_coca+bnc_coca_band_5k+grade_estimate_9+general_or_nonacademic
fragrant,4359,667,9,0,adj,tier3_bnc_coca+bnc_coca_band_5k+grade_estimate_9+general_or_nonacademic
frantic,4360,945,9,0,adj,tier3_bnc_coca+bnc_coca_band_5k+grade_estimate_9+general_or_nonacademic
fume,4362,888,9,0,n,tier3_bnc_coca+bnc_coca_band_5k+grade_estimate_9+general_or_nonacademic
fury,4364,1094,9,0,n,tier3_bnc_coca+bnc_coca_band_5k+grade_estimate_9+general_or_nonacademic
fuss,4365,1287,9,0,v,tier3_bnc_coca+bnc_coca_band_5k+grade_estimate_9+general_or_nonacademic
garment,4366,1261,9,0,n,tier3_bnc_coca+bnc_coca_band_5k+grade_estimate_9+general_or_nonacademic
gel,4367,924,9,0,n,tier3_bnc_coca+bnc_coca_band_5k+grade_estimate_9+general_or_nonacademic
generals,4368,2671,9,0,n,tier3_bnc_coca+bnc_coca_band_5k+grade_estimate_9+general_or_nonacademic
generator,4369,756,9,0,n,tier3_bnc_coca+bnc_coca_band_5k+grade_estimate_9+general_or_nonacademic
gig,4370,935,9,0,n,tier3_bnc_coca+bnc_coca_band_5k+grade_estimate_9+general_or_nonacademic
glaze,4373,1211,9,0,n,tier3_bnc_coca+bnc_coca_band_5k+grade_estimate_9+general_or_nonacademic
glitter,4374,1169,9,0,v,tier3_bnc_coca+bnc_coca_band_5k+grade_estimate_9+general_or_nonacademic
gown,4377,1246,9,0,v,tier3_bnc_coca+bnc_coca_band_5k+grade_estimate_9+general_or_nonacademic
grape,4380,819,9,0,n,tier3_bnc_coca+bnc_coca_band_5k+grade_estimate_9+general_or_nonacademic
grate,4381,956,9,0,v,tier3_bnc_coca+bnc_coca_band_5k+grade_estimate_9+general_or_nonacademic
gratitude,4382,751,9,0,n,tier3_bnc_coca+bnc_coca_band_5k+grade_estimate_9+general_or_nonacademic
grit,4383,794,9,0,n,tier3_bnc_coca+bnc_coca_band_5k+grade_estimate_9+general_or_nonacademic
groan,4384,1136,9,0,v,tier3_bnc_coca+bnc_coca_band_5k+grade_estimate_9+general_or_nonacademic
groom,4385,985,9,0,v,tier3_bnc_coca+bnc_coca_band_5k+grade_estimate_9+general_or_nonacademic
grove,4386,1018,9,0,n,tier3_bnc_coca+bnc_coca_band_5k+grade_estimate_9+general_or_nonacademic
grunt,4388,756,9,0,v,tier3_bnc_coca+bnc_coca_band_5k+grade_estimate_9+general_or_nonacademic
guild,4389,1037,9,0,n,tier3_bnc_coca+bnc_coca_band_5k+grade_estimate_9+general_or_nonacademic
gum,4390,627,9,0,n,tier3_bnc_coca+bnc_coca_band_5k+grade_estimate_9+general_or_nonacademic
gymnasium,4391,630,9,0,n,tier3_bnc_coca+bnc_coca_band_5k+grade_estimate_9+general_or_nonacademic
hack,4392,888,9,0,v,tier3_bnc_coca+bnc_coca_band_5k+grade_estimate_9+general_or_nonacademic
hail,4393,1010,9,0,v,tier3_bnc_coca+bnc_coca_band_5k+grade_estimate_9+general_or_nonacademic
ham,4394,1580,9,0,n,tier3_bnc_coca+bnc_coca_band_5k+grade_estimate_9+general_or_nonacademic
hamburger,4395,517,9,0,n,tier3_bnc_coca+bnc_coca_band_5k+grade_estimate_9+general_or_nonacademic
handkerchief,4396,877,9,0,n,tier3_bnc_coca+bnc_coca_band_5k+grade_estimate_9+general_or_nonacademic
harness,4397,889,9,0,v,tier3_bnc_coca+bnc_coca_band_5k+grade_estimate_9+general_or_nonacademic
hatred,4398,1058,9,0,n,tier3_bnc_coca+bnc_coca_band_5k+grade_estimate_9+general_or_nonacademic
hay,4400,1254,9,0,n,tier3_bnc_coca+bnc_coca_band_5k+grade_estimate_9+general_or_nonacademic
heave,4401,860,9,0,n,tier3_bnc_coca+bnc_coca_band_5k+grade_estimate_9+general_or_nonacademic
heighten,4402,720,9,0,v,tier3_bnc_coca+bnc_coca_band_5k+grade_estimate_9+general_or_nonacademic
hemisphere,4403,1171,9,0,n,tier3_bnc_coca+bnc_coca_band_5k+grade_estimate_9+general_or_nonacademic
herald,4405,1288,9,0,v,tier3_bnc_coca+bnc_coca_band_5k+grade_estimate_9+general_or_nonacademic
heroin,4406,951,9,0,n,tier3_bnc_coca+bnc_coca_band_5k+grade_estimate_9+general_or_nonacademic
heterosexual,4407,607,9,0,adj,tier3_bnc_coca+bnc_coca_band_5k+grade_estimate_9+general_or_nonacademic
highland,4408,1756,9,0,n,tier3_bnc_coca+bnc_coca_band_5k+grade_estimate_9+general_or_nonacademic
hike,4409,417,9,0,n,tier3_bnc_coca+bnc_coca_band_5k+grade_estimate_9+general_or_nonacademic
hinder,4410,857,9,0,v,tier3_bnc_coca+bnc_coca_band_5k+grade_estimate_9+general_or_nonacademic
hinge,4411,702,9,0,n,tier3_bnc_coca+bnc_coca_band_5k+grade_estimate_9+general_or_nonacademic
hiss,4412,1099,9,0,v,tier3_bnc_coca+bnc_coca_band_5k+grade_estimate_9+general_or_nonacademic
hockey,4413,619,9,0,n,tier3_bnc_coca+bnc_coca_band_5k+grade_estimate_9+general_or_nonacademic
holly,4414,984,9,0,adv,tier3_bnc_coca+bnc_coca_band_5k+grade_estimate_9+general_or_nonacademic
horrified,4415,904,9,0,n,tier3_bnc_coca+bnc_coca_band_5k+grade_estimate_9+general_or_nonacademic
hover,4416,937,9,0,v,tier3_bnc_coca+bnc_coca_band_5k+grade_estimate_9+general_or_nonacademic
howl,4417,824,9,0,v,tier3_bnc_coca+bnc_coca_band_5k+grade_estimate_9+general_or_nonacademic
hum,4418,771,9,0,n,tier3_bnc_coca+bnc_coca_band_5k+grade_estimate_9+general_or_nonacademic
humanitarian,4419,520,9,0,n,tier3_bnc_coca+bnc_coca_band_5k+grade_estimate_9+general_or_nonacademic
hurdle,4420,939,9,0,n,tier3_bnc_coca+bnc_coca_band_5k+grade_estimate_9+general_or_nonacademic
hurl,4421,722,9,0,v,tier3_bnc_coca+bnc_coca_band_5k+grade_estimate_9+general_or_nonacademic
icon,4422,766,9,0,n,tier3_bnc_coca+bnc_coca_band_5k+grade_estimate_9+general_or_nonacademic
ignite,4424,554,9,0,n,tier3_bnc_coca+bnc_coca_band_5k+grade_estimate_9+general_or_nonacademic
ignorance,4425,1124,9,0,n,tier3_bnc_coca+bnc_coca_band_5k+grade_estimate_9+general_or_nonacademic
immerse,4426,601,9,0,n,tier3_bnc_coca+bnc_coca_band_5k+grade_estimate_9+general_or_nonacademic
immigrate,4427,1097,9,0,v,tier3_bnc_coca+bnc_coca_band_5k+grade_estimate_9+general_or_nonacademic
imminent,4428,899,9,0,adj,tier3_bnc_coca+bnc_coca_band_5k+grade_estimate_9+general_or_nonacademic
imperative,4429,801,9,0,adj,tier3_bnc_coca+bnc_coca_band_5k+grade_estimate_9+general_or_nonacademic
implant,4430,510,9,0,v,tier3_bnc_coca+bnc_coca_band_5k+grade_estimate_9+general_or_nonacademic
improvise,4431,708,9,0,v,tier3_bnc_coca+bnc_coca_band_5k+grade_estimate_9+general_or_nonacademic
incidental,4432,1431,9,0,adj,tier3_bnc_coca+bnc_coca_band_5k+grade_estimate_9+general_or_nonacademic
incur,4434,1741,9,0,n,tier3_bnc_coca+bnc_coca_band_5k+grade_estimate_9+general_or_nonacademic
indict,4435,635,9,0,v,tier3_bnc_coca+bnc_coca_band_5k+grade_estimate_9+general_or_nonacademic
inflict,4437,1187,9,0,v,tier3_bnc_coca+bnc_coca_band_5k+grade_estimate_9+general_or_nonacademic
influenza,4438,760,9,0,n,tier3_bnc_coca+bnc_coca_band_5k+grade_estimate_9+general_or_nonacademic
infuse,4439,722,9,0,n,tier3_bnc_coca+bnc_coca_band_5k+grade_estimate_9+general_or_nonacademic
inhale,4440,504,9,0,n,tier3_bnc_coca+bnc_coca_band_5k+grade_estimate_9+general_or_nonacademic
inland,4441,1697,9,0,n,tier3_bnc_coca+bnc_coca_band_5k+grade_estimate_9+general_or_nonacademic
inmate,4442,674,9,0,v,tier3_bnc_coca+bnc_coca_band_5k+grade_estimate_9+general_or_nonacademic
innings,4443,699,9,0,n,tier3_bnc_coca+bnc_coca_band_5k+grade_estimate_9+general_or_nonacademic
innocence,4444,919,9,0,n,tier3_bnc_coca+bnc_coca_band_5k+grade_estimate_9+general_or_nonacademic
intake,4445,1239,9,0,n,tier3_bnc_coca+bnc_coca_band_5k+grade_estimate_9+general_or_nonacademic
intelligible,4446,469,9,0,adj,tier3_bnc_coca+bnc_coca_band_5k+grade_estimate_9+general_or_nonacademic
intercept,4447,744,9,0,v,tier3_bnc_coca+bnc_coca_band_5k+grade_estimate_9+general_or_nonacademic
intercourse,4448,902,9,0,n,tier3_bnc_coca+bnc_coca_band_5k+grade_estimate_9+general_or_nonacademic
interrogate,4450,769,9,0,v,tier3_bnc_coca+bnc_coca_band_5k+grade_estimate_9+general_or_nonacademic
intersect,4451,499,9,0,v,tier3_bnc_coca+bnc_coca_band_5k+grade_estimate_9+general_or_nonacademic
intrinsic,4453,898,9,0,adj,tier3_bnc_coca+bnc_coca_band_5k+grade_estimate_9+general_or_nonacademic
intrude,4454,840,9,0,n,tier3_bnc_coca+bnc_coca_band_5k+grade_estimate_9+general_or_nonacademic
inventory,4455,703,9,0,n,tier3_bnc_coca+bnc_coca_band_5k+grade_estimate_9+general_or_nonacademic
jealous,4457,1045,9,0,adj,tier3_bnc_coca+bnc_coca_band_5k+grade_estimate_9+general_or_nonacademic
jeopardy,4458,789,9,0,n,tier3_bnc_coca+bnc_coca_band_5k+grade_estimate_9+general_or_nonacademic
jockey,4460,1087,9,0,v,tier3_bnc_coca+bnc_coca_band_5k+grade_estimate_9+general_or_nonacademic
jog,4461,855,9,0,n,tier3_bnc_coca+bnc_coca_band_5k+grade_estimate_9+general_or_nonacademic
journalism,4462,594,9,0,n,tier3_bnc_coca+bnc_coca_band_5k+grade_estimate_9+general_or_nonacademic
judiciary,4463,538,9,0,n,tier3_bnc_coca+bnc_coca_band_5k+grade_estimate_9+general_or_nonacademic
junction,4464,2459,9,0,n,tier3_bnc_coca+bnc_coca_band_5k+grade_estimate_9+general_or_nonacademic
junk,4465,652,9,0,n,tier3_bnc_coca+bnc_coca_band_5k+grade_estimate_9+general_or_nonacademic
lad,4468,3459,9,0,n,tier3_bnc_coca+bnc_coca_band_5k+grade_estimate_9+general_or_nonacademic
laden,4469,884,9,0,v,tier3_bnc_coca+bnc_coca_band_5k+grade_estimate_9+general_or_nonacademic
lag,4470,872,9,0,n,tier3_bnc_coca+bnc_coca_band_5k+grade_estimate_9+general_or_nonacademic
lament,4471,611,9,0,v,tier3_bnc_coca+bnc_coca_band_5k+grade_estimate_9+general_or_nonacademic
landmark,4472,694,9,0,n,tier3_bnc_coca+bnc_coca_band_5k+grade_estimate_9+general_or_nonacademic
lapse,4473,802,9,0,n,tier3_bnc_coca+bnc_coca_band_5k+grade_estimate_9+general_or_nonacademic
larva,4474,843,9,0,n,tier3_bnc_coca+bnc_coca_band_5k+grade_estimate_9+general_or_nonacademic
lash,4475,1012,9,0,v,tier3_bnc_coca+bnc_coca_band_5k+grade_estimate_9+general_or_nonacademic
lavish,4477,744,9,0,v,tier3_bnc_coca+bnc_coca_band_5k+grade_estimate_9+general_or_nonacademic
leaflet,4478,2008,9,0,v,tier3_bnc_coca+bnc_coca_band_5k+grade_estimate_9+general_or_nonacademic
leash,4479,583,9,0,v,tier3_bnc_coca+bnc_coca_band_5k+grade_estimate_9+general_or_nonacademic
legion,4480,766,9,0,n,tier3_bnc_coca+bnc_coca_band_5k+grade_estimate_9+general_or_nonacademic
lesion,4481,796,9,0,n,tier3_bnc_coca+bnc_coca_band_5k+grade_estimate_9+general_or_nonacademic
lethal,4482,684,9,0,adj,tier3_bnc_coca+bnc_coca_band_5k+grade_estimate_9+general_or_nonacademic
liaison,4483,1065,9,0,n,tier3_bnc_coca+bnc_coca_band_5k+grade_estimate_9+general_or_nonacademic
limp,4486,880,9,0,v,tier3_bnc_coca+bnc_coca_band_5k+grade_estimate_9+general_or_nonacademic
linen,4487,992,9,0,v,tier3_bnc_coca+bnc_coca_band_5k+grade_estimate_9+general_or_nonacademic
lining,4488,977,9,0,n,tier3_bnc_coca+bnc_coca_band_5k+grade_estimate_9+general_or_nonacademic
liquor,4489,591,9,0,n,tier3_bnc_coca+bnc_coca_band_5k+grade_estimate_9+general_or_nonacademic
litigate,4490,922,9,0,v,tier3_bnc_coca+bnc_coca_band_5k+grade_estimate_9+general_or_nonacademic
litter,4491,1208,9,0,v,tier3_bnc_coca+bnc_coca_band_5k+grade_estimate_9+general_or_nonacademic
logo,4492,675,9,0,n,tier3_bnc_coca+bnc_coca_band_5k+grade_estimate_9+general_or_nonacademic
loot,4493,542,9,0,v,tier3_bnc_coca+bnc_coca_band_5k+grade_estimate_9+general_or_nonacademic
lure,4494,705,9,0,n,tier3_bnc_coca+bnc_coca_band_5k+grade_estimate_9+general_or_nonacademic
lurk,4495,689,9,0,v,tier3_bnc_coca+bnc_coca_band_5k+grade_estimate_9+general_or_nonacademic
lust,4496,644,9,0,n,tier3_bnc_coca+bnc_coca_band_5k+grade_estimate_9+general_or_nonacademic
madam,4497,1788,9,0,n,tier3_bnc_coca+bnc_coca_band_5k+grade_estimate_9+general_or_nonacademic
magistrate,4498,2846,9,0,v,tier3_bnc_coca+bnc_coca_band_5k+grade_estimate_9+general_or_nonacademic
maid,4499,1179,9,0,n,tier3_bnc_coca+bnc_coca_band_5k+grade_estimate_9+general_or_nonacademic
majesty,4500,1085,9,0,n,tier3_bnc_coca+bnc_coca_band_5k+grade_estimate_9+general_or_nonacademic
mandatory,4502,985,9,0,n,tier3_bnc_coca+bnc_coca_band_5k+grade_estimate_9+general_or_nonacademic
mankind,4503,807,9,0,n,tier3_bnc_coca+bnc_coca_band_5k+grade_estimate_9+general_or_nonacademic
manor,4504,2082,9,0,n,tier3_bnc_coca+bnc_coca_band_5k+grade_estimate_9+general_or_nonacademic
mansion,4505,808,9,0,n,tier3_bnc_coca+bnc_coca_band_5k+grade_estimate_9+general_or_nonacademic
marathon,4506,1073,9,0,n,tier3_bnc_coca+bnc_coca_band_5k+grade_estimate_9+general_or_nonacademic
marines,4507,388,9,0,n,tier3_bnc_coca+bnc_coca_band_5k+grade_estimate_9+general_or_nonacademic
marital,4508,868,9,0,adj,tier3_bnc_coca+bnc_coca_band_5k+grade_estimate_9+general_or_nonacademic
marsh,4509,1604,9,0,n,tier3_bnc_coca+bnc_coca_band_5k+grade_estimate_9+general_or_nonacademic
marshal,4510,2648,9,0,adj,tier3_bnc_coca+bnc_coca_band_5k+grade_estimate_9+general_or_nonacademic
martyr,4511,668,9,0,v,tier3_bnc_coca+bnc_coca_band_5k+grade_estimate_9+general_or_nonacademic
masculine,4512,1073,9,0,n,tier3_bnc_coca+bnc_coca_band_5k+grade_estimate_9+general_or_nonacademic
massacre,4513,844,9,0,n,tier3_bnc_coca+bnc_coca_band_5k+grade_estimate_9+general_or_nonacademic
massage,4514,885,9,0,n,tier3_bnc_coca+bnc_coca_band_5k+grade_estimate_9+general_or_nonacademic
mattress,4516,605,9,0,n,tier3_bnc_coca+bnc_coca_band_5k+grade_estimate_9+general_or_nonacademic
meadow,4517,1196,9,0,n,tier3_bnc_coca+bnc_coca_band_5k+grade_estimate_9+general_or_nonacademic
median,4518,954,9,0,n,tier3_bnc_coca+bnc_coca_band_5k+grade_estimate_9+general_or_nonacademic
medication,4519,600,9,0,n,tier3_bnc_coca+bnc_coca_band_5k+grade_estimate_9+general_or_nonacademic
meditate,4520,899,9,0,v,tier3_bnc_coca+bnc_coca_band_5k+grade_estimate_9+general_or_nonacademic
memo,4522,460,9,0,n,tier3_bnc_coca+bnc_coca_band_5k+grade_estimate_9+general_or_nonacademic
memoir,4523,652,9,0,n,tier3_bnc_coca+bnc_coca_band_5k+grade_estimate_9+general_or_nonacademic
memorable,4524,961,9,0,adj,tier3_bnc_coca+bnc_coca_band_5k+grade_estimate_9+general_or_nonacademic
menace,4525,1037,9,0,n,tier3_bnc_coca+bnc_coca_band_5k+grade_estimate_9+general_or_nonacademic
microphone,4527,969,9,0,n,tier3_bnc_coca+bnc_coca_band_5k+grade_estimate_9+general_or_nonacademic
microscope,4528,1181,9,0,n,tier3_bnc_coca+bnc_coca_band_5k+grade_estimate_9+general_or_nonacademic
midst,4529,642,9,0,n,tier3_bnc_coca+bnc_coca_band_5k+grade_estimate_9+general_or_nonacademic
migrant,4530,708,9,0,n,tier3_bnc_coca+bnc_coca_band_5k+grade_estimate_9+general_or_nonacademic
militia,4531,603,9,0,n,tier3_bnc_coca+bnc_coca_band_5k+grade_estimate_9+general_or_nonacademic
millennium,4532,456,9,0,n,tier3_bnc_coca+bnc_coca_band_5k+grade_estimate_9+general_or_nonacademic
millilitre,4533,3032,9,0,n,tier3_bnc_coca+bnc_coca_band_5k+grade_estimate_9+general_or_nonacademic
mimic,4534,641,9,0,adj,tier3_bnc_coca+bnc_coca_band_5k+grade_estimate_9+general_or_nonacademic
mint,4536,821,9,0,n,tier3_bnc_coca+bnc_coca_band_5k+grade_estimate_9+general_or_nonacademic
misery,4537,1289,9,0,n,tier3_bnc_coca+bnc_coca_band_5k+grade_estimate_9+general_or_nonacademic
mistress,4538,1219,9,0,n,tier3_bnc_coca+bnc_coca_band_5k+grade_estimate_9+general_or_nonacademic
mitigate,4539,518,9,0,v,tier3_bnc_coca+bnc_coca_band_5k+grade_estimate_9+general_or_nonacademic
moan,4540,1104,9,0,v,tier3_bnc_coca+bnc_coca_band_5k+grade_estimate_9+general_or_nonacademic
modem,4542,467,9,0,n,tier3_bnc_coca+bnc_coca_band_5k+grade_estimate_9+general_or_nonacademic
moist,4543,712,9,0,adj,tier3_bnc_coca+bnc_coca_band_5k+grade_estimate_9+general_or_nonacademic
monastery,4544,939,9,0,n,tier3_bnc_coca+bnc_coca_band_5k+grade_estimate_9+general_or_nonacademic
monk,4545,1427,9,0,n,tier3_bnc_coca+bnc_coca_band_5k+grade_estimate_9+general_or_nonacademic
moor,4546,2083,9,0,v,tier3_bnc_coca+bnc_coca_band_5k+grade_estimate_9+general_or_nonacademic
morale,4547,1028,9,0,n,tier3_bnc_coca+bnc_coca_band_5k+grade_estimate_9+general_or_nonacademic
mortar,4548,792,9,0,v,tier3_bnc_coca+bnc_coca_band_5k+grade_estimate_9+general_or_nonacademic
mosaic,4549,1411,9,0,adj,tier3_bnc_coca+bnc_coca_band_5k+grade_estimate_9+general_or_nonacademic
mosquito,4550,485,9,0,n,tier3_bnc_coca+bnc_coca_band_5k+grade_estimate_9+general_or_nonacademic
moulding,4552,855,9,0,n,tier3_bnc_coca+bnc_coca_band_5k+grade_estimate_9+general_or_nonacademic
mound,4553,718,9,0,v,tier3_bnc_coca+bnc_coca_band_5k+grade_estimate_9+general_or_nonacademic
moustache,4554,673,9,0,n,tier3_bnc_coca+bnc_coca_band_5k+grade_estimate_9+general_or_nonacademic
mucus,4555,2080,9,0,n,tier3_bnc_coca+bnc_coca_band_5k+grade_estimate_9+general_or_nonacademic
multimedia,4557,931,9,0,n,tier3_bnc_coca+bnc_coca_band_5k+grade_estimate_9+general_or_nonacademic
muse,4559,746,9,0,n,tier3_bnc_coca+bnc_coca_band_5k+grade_estimate_9+general_or_nonacademic
mutate,4560,1122,9,0,v,tier3_bnc_coca+bnc_coca_band_5k+grade_estimate_9+general_or_nonacademic
mystic,4562,1087,9,0,adj,tier3_bnc_coca+bnc_coca_band_5k+grade_estimate_9+general_or_nonacademic
naive,4563,933,9,0,adj,tier3_bnc_coca+bnc_coca_band_5k+grade_estimate_9+general_or_nonacademic
nationality,4564,1003,9,0,n,tier3_bnc_coca+bnc_coca_band_5k+grade_estimate_9+general_or_nonacademic
negligent,4565,1759,9,0,adj,tier3_bnc_coca+bnc_coca_band_5k+grade_estimate_9+general_or_nonacademic
nephew,4566,845,9,0,n,tier3_bnc_coca+bnc_coca_band_5k+grade_estimate_9+general_or_nonacademic
nickname,4568,680,9,0,n,tier3_bnc_coca+bnc_coca_band_5k+grade_estimate_9+general_or_nonacademic
niece,4569,558,9,0,n,tier3_bnc_coca+bnc_coca_band_5k+grade_estimate_9+general_or_nonacademic
nominee,4572,344,9,0,n,tier3_bnc_coca+bnc_coca_band_5k+grade_estimate_9+general_or_nonacademic
notify,4573,982,9,0,v,tier3_bnc_coca+bnc_coca_band_5k+grade_estimate_9+general_or_nonacademic
nude,4576,621,9,0,n,tier3_bnc_coca+bnc_coca_band_5k+grade_estimate_9+general_or_nonacademic
nuisance,4577,1036,9,0,n,tier3_bnc_coca+bnc_coca_band_5k+grade_estimate_9+general_or_nonacademic
numb,4578,595,9,0,v,tier3_bnc_coca+bnc_coca_band_5k+grade_estimate_9+general_or_nonacademic
numeric,4579,1143,9,0,adj,tier3_bnc_coca+bnc_coca_band_5k+grade_estimate_9+general_or_nonacademic
nun,4580,1031,9,0,n,tier3_bnc_coca+bnc_coca_band_5k+grade_estimate_9+general_or_nonacademic
nurture,4581,563,9,0,n,tier3_bnc_coca+bnc_coca_band_5k+grade_estimate_9+general_or_nonacademic
oath,4583,704,9,0,n,tier3_bnc_coca+bnc_coca_band_5k+grade_estimate_9+general_or_nonacademic
obscene,4584,789,9,0,adj,tier3_bnc_coca+bnc_coca_band_5k+grade_estimate_9+general_or_nonacademic
optimism,4588,847,9,0,n,tier3_bnc_coca+bnc_coca_band_5k+grade_estimate_9+general_or_nonacademic
outright,4592,724,9,0,n,tier3_bnc_coca+bnc_coca_band_5k+grade_estimate_9+general_or_nonacademic
outset,4593,986,9,0,n,tier3_bnc_coca+bnc_coca_band_5k+grade_estimate_9+general_or_nonacademic
override,4595,961,9,0,n,tier3_bnc_coca+bnc_coca_band_5k+grade_estimate_9+general_or_nonacademic
overt,4596,829,9,0,adj,tier3_bnc_coca+bnc_coca_band_5k+grade_estimate_9+general_or_nonacademic
overthrow,4597,820,9,0,v,tier3_bnc_coca+bnc_coca_band_5k+grade_estimate_9+general_or_nonacademic
pact,4600,1162,9,0,n,tier3_bnc_coca+bnc_coca_band_5k+grade_estimate_9+general_or_nonacademic
paddle,4601,813,9,0,n,tier3_bnc_coca+bnc_coca_band_5k+grade_estimate_9+general_or_nonacademic
pal,4602,875,9,0,adj,tier3_bnc_coca+bnc_coca_band_5k+grade_estimate_9+general_or_nonacademic
pants,4603,561,9,0,n,tier3_bnc_coca+bnc_coca_band_5k+grade_estimate_9+general_or_nonacademic
papa,4604,492,9,0,n,tier3_bnc_coca+bnc_coca_band_5k+grade_estimate_9+general_or_nonacademic
paradise,4607,1007,9,0,v,tier3_bnc_coca+bnc_coca_band_5k+grade_estimate_9+general_or_nonacademic
paralyse,4608,599,9,0,n,tier3_bnc_coca+bnc_coca_band_5k+grade_estimate_9+general_or_nonacademic
parasite,4609,1010,9,0,n,tier3_bnc_coca+bnc_coca_band_5k+grade_estimate_9+general_or_nonacademic
partisan,4611,687,9,0,n,tier3_bnc_coca+bnc_coca_band_5k+grade_estimate_9+general_or_nonacademic
passport,4612,1060,9,0,n,tier3_bnc_coca+bnc_coca_band_5k+grade_estimate_9+general_or_nonacademic
pasta,4613,587,9,0,n,tier3_bnc_coca+bnc_coca_band_5k+grade_estimate_9+general_or_nonacademic
paste,4614,691,9,0,n,tier3_bnc_coca+bnc_coca_band_5k+grade_estimate_9+general_or_nonacademic
pastoral,4616,788,9,0,adj,tier3_bnc_coca+bnc_coca_band_5k+grade_estimate_9+general_or_nonacademic
pastry,4617,589,9,0,n,tier3_bnc_coca+bnc_coca_band_5k+grade_estimate_9+general_or_nonacademic
pathetic,4619,755,9,0,adj,tier3_bnc_coca+bnc_coca_band_5k+grade_estimate_9+general_or_nonacademic
patriarch,4620,633,9,0,n,tier3_bnc_coca+bnc_coca_band_5k+grade_estimate_9+general_or_nonacademic
pea,4621,844,9,0,n,tier3_bnc_coca+bnc_coca_band_5k+grade_estimate_9+general_or_nonacademic
peach,4622,578,9,0,n,tier3_bnc_coca+bnc_coca_band_5k+grade_estimate_9+general_or_nonacademic
pedal,4623,702,9,0,v,tier3_bnc_coca+bnc_coca_band_5k+grade_estimate_9+general_or_nonacademic
pedestrian,4624,1021,9,0,n,tier3_bnc_coca+bnc_coca_band_5k+grade_estimate_9+general_or_nonacademic
pending,4625,879,9,0,n,tier3_bnc_coca+bnc_coca_band_5k+grade_estimate_9+general_or_nonacademic
peninsula,4626,712,9,0,n,tier3_bnc_coca+bnc_coca_band_5k+grade_estimate_9+general_or_nonacademic
perfume,4628,813,9,0,n,tier3_bnc_coca+bnc_coca_band_5k+grade_estimate_9+general_or_nonacademic
peril,4629,726,9,0,n,tier3_bnc_coca+bnc_coca_band_5k+grade_estimate_9+general_or_nonacademic
persecute,4630,712,9,0,n,tier3_bnc_coca+bnc_coca_band_5k+grade_estimate_9+general_or_nonacademic
persuasion,4631,1275,9,0,n,tier3_bnc_coca+bnc_coca_band_5k+grade_estimate_9+general_or_nonacademic
petty,4635,873,9,0,n,tier3_bnc_coca+bnc_coca_band_5k+grade_estimate_9+general_or_nonacademic
pharmaceutical,4636,714,9,0,adj,tier3_bnc_coca+bnc_coca_band_5k+grade_estimate_9+general_or_nonacademic
physicist,4637,547,9,1,n,tier3_bnc_coca+bnc_coca_band_5k+grade_estimate_9+academic_exact
pickup,4638,605,9,0,n,tier3_bnc_coca+bnc_coca_band_5k+grade_estimate_9+general_or_nonacademic
pier,4640,1128,9,0,n,tier3_bnc_coca+bnc_coca_band_5k+grade_estimate_9+general_or_nonacademic
pierce,4641,930,9,0,n,tier3_bnc_coca+bnc_coca_band_5k+grade_estimate_9+general_or_nonacademic
pigeon,4642,957,9,0,n,tier3_bnc_coca+bnc_coca_band_5k+grade_estimate_9+general_or_nonacademic
pillar,4643,1066,9,0,v,tier3_bnc_coca+bnc_coca_band_5k+grade_estimate_9+general_or_nonacademic
pipeline,4645,707,9,0,n,tier3_bnc_coca+bnc_coca_band_5k+grade_estimate_9+general_or_nonacademic
pirate,4646,690,9,0,v,tier3_bnc_coca+bnc_coca_band_5k+grade_estimate_9+general_or_nonacademic
pistol,4647,939,9,0,n,tier3_bnc_coca+bnc_coca_band_5k+grade_estimate_9+general_or_nonacademic
pivot,4648,575,9,0,v,tier3_bnc_coca+bnc_coca_band_5k+grade_estimate_9+general_or_nonacademic
pizza,4649,621,9,0,n,tier3_bnc_coca+bnc_coca_band_5k+grade_estimate_9+general_or_nonacademic
plasma,4652,989,9,0,n,tier3_bnc_coca+bnc_coca_band_5k+grade_estimate_9+general_or_nonacademic
plaster,4653,1276,9,0,v,tier3_bnc_coca+bnc_coca_band_5k+grade_estimate_9+general_or_nonacademic
plough,4655,1320,9,0,v,tier3_bnc_coca+bnc_coca_band_5k+grade_estimate_9+general_or_nonacademic
pluck,4656,673,9,0,v,tier3_bnc_coca+bnc_coca_band_5k+grade_estimate_9+general_or_nonacademic
plumbing,4657,650,9,0,n,tier3_bnc_coca+bnc_coca_band_5k+grade_estimate_9+general_or_nonacademic
poise,4658,820,9,0,v,tier3_bnc_coca+bnc_coca_band_5k+grade_estimate_9+general_or_nonacademic
ponder,4659,638,9,0,v,tier3_bnc_coca+bnc_coca_band_5k+grade_estimate_9+general_or_nonacademic
pony,4660,1156,9,0,n,tier3_bnc_coca+bnc_coca_band_5k+grade_estimate_9+general_or_nonacademic
pork,4662,614,9,0,n,tier3_bnc_coca+bnc_coca_band_5k+grade_estimate_9+general_or_nonacademic
posture,4663,791,9,0,n,tier3_bnc_coca+bnc_coca_band_5k+grade_estimate_9+general_or_nonacademic
potent,4664,1019,9,0,adj,tier3_bnc_coca+bnc_coca_band_5k+grade_estimate_9+general_or_nonacademic
pounding,4665,706,9,0,n,tier3_bnc_coca+bnc_coca_band_5k+grade_estimate_9+general_or_nonacademic
precaution,4667,1013,9,0,n,tier3_bnc_coca+bnc_coca_band_5k+grade_estimate_9+general_or_nonacademic
premature,4669,1073,9,0,adj,tier3_bnc_coca+bnc_coca_band_5k+grade_estimate_9+general_or_nonacademic
preside,4670,808,9,0,n,tier3_bnc_coca+bnc_coca_band_5k+grade_estimate_9+general_or_nonacademic
probation,4671,826,9,0,n,tier3_bnc_coca+bnc_coca_band_5k+grade_estimate_9+general_or_nonacademic
procession,4672,869,9,0,n,tier3_bnc_coca+bnc_coca_band_5k+grade_estimate_9+general_or_nonacademic
prone,4673,921,9,0,n,tier3_bnc_coca+bnc_coca_band_5k+grade_estimate_9+general_or_nonacademic
propel,4674,776,9,0,n,tier3_bnc_coca+bnc_coca_band_5k+grade_estimate_9+general_or_nonacademic
prophet,4675,677,9,0,n,tier3_bnc_coca+bnc_coca_band_5k+grade_estimate_9+general_or_nonacademic
proprietor,4676,1609,9,0,n,tier3_bnc_coca+bnc_coca_band_5k+grade_estimate_9+general_or_nonacademic
prose,4677,884,9,0,n,tier3_bnc_coca+bnc_coca_band_5k+grade_estimate_9+general_or_nonacademic
prototype,4678,882,9,0,n,tier3_bnc_coca+bnc_coca_band_5k+grade_estimate_9+general_or_nonacademic
proximity,4679,663,9,0,n,tier3_bnc_coca+bnc_coca_band_5k+grade_estimate_9+general_or_nonacademic
prudent,4680,831,9,0,adj,tier3_bnc_coca+bnc_coca_band_5k+grade_estimate_9+general_or_nonacademic
publicize,4681,910,9,0,v,tier3_bnc_coca+bnc_coca_band_5k+grade_estimate_9+general_or_nonacademic
puff,4682,1003,9,0,v,tier3_bnc_coca+bnc_coca_band_5k+grade_estimate_9+general_or_nonacademic
putt,4684,724,9,0,v,tier3_bnc_coca+bnc_coca_band_5k+grade_estimate_9+general_or_nonacademic
pyramid,4685,730,9,0,n,tier3_bnc_coca+bnc_coca_band_5k+grade_estimate_9+general_or_nonacademic
quantify,4687,928,9,0,v,tier3_bnc_coca+bnc_coca_band_5k+grade_estimate_9+general_or_nonacademic
quarrel,4689,1058,9,0,v,tier3_bnc_coca+bnc_coca_band_5k+grade_estimate_9+general_or_nonacademic
quarry,4690,1474,9,0,v,tier3_bnc_coca+bnc_coca_band_5k+grade_estimate_9+general_or_nonacademic
query,4691,1790,9,0,v,tier3_bnc_coca+bnc_coca_band_5k+grade_estimate_9+general_or_nonacademic
quest,4692,925,9,0,v,tier3_bnc_coca+bnc_coca_band_5k+grade_estimate_9+general_or_nonacademic
radioactive,4694,1080,9,0,adj,tier3_bnc_coca+bnc_coca_band_5k+grade_estimate_9+general_or_nonacademic
rag,4695,932,9,0,n,tier3_bnc_coca+bnc_coca_band_5k+grade_estimate_9+general_or_nonacademic
rake,4697,679,9,0,n,tier3_bnc_coca+bnc_coca_band_5k+grade_estimate_9+general_or_nonacademic
ramp,4698,604,9,0,n,tier3_bnc_coca+bnc_coca_band_5k+grade_estimate_9+general_or_nonacademic
ranch,4699,306,9,0,v,tier3_bnc_coca+bnc_coca_band_5k+grade_estimate_9+general_or_nonacademic
ratify,4700,1041,9,0,v,tier3_bnc_coca+bnc_coca_band_5k+grade_estimate_9+general_or_nonacademic
rationale,4702,585,9,0,n,tier3_bnc_coca+bnc_coca_band_5k+grade_estimate_9+general_or_nonacademic
recite,4704,972,9,0,n,tier3_bnc_coca+bnc_coca_band_5k+grade_estimate_9+general_or_nonacademic
reckless,4705,893,9,0,adj,tier3_bnc_coca+bnc_coca_band_5k+grade_estimate_9+general_or_nonacademic
reclaim,4706,756,9,0,v,tier3_bnc_coca+bnc_coca_band_5k+grade_estimate_9+general_or_nonacademic
recollect,4707,818,9,0,v,tier3_bnc_coca+bnc_coca_band_5k+grade_estimate_9+general_or_nonacademic
redundant,4709,2996,9,0,adj,tier3_bnc_coca+bnc_coca_band_5k+grade_estimate_9+general_or_nonacademic
reef,4710,797,9,0,n,tier3_bnc_coca+bnc_coca_band_5k+grade_estimate_9+general_or_nonacademic
reel,4711,784,9,0,v,tier3_bnc_coca+bnc_coca_band_5k+grade_estimate_9+general_or_nonacademic
referee,4712,1687,9,0,v,tier3_bnc_coca+bnc_coca_band_5k+grade_estimate_9+general_or_nonacademic
referendum,4713,1545,9,0,n,tier3_bnc_coca+bnc_coca_band_5k+grade_estimate_9+general_or_nonacademic
regiment,4714,1762,9,0,v,tier3_bnc_coca+bnc_coca_band_5k+grade_estimate_9+general_or_nonacademic
rein,4715,773,9,0,v,tier3_bnc_coca+bnc_coca_band_5k+grade_estimate_9+general_or_nonacademic
relay,4716,748,9,0,v,tier3_bnc_coca+bnc_coca_band_5k+grade_estimate_9+general_or_nonacademic
relentless,4717,631,9,0,adj,tier3_bnc_coca+bnc_coca_band_5k+grade_estimate_9+general_or_nonacademic
relish,4718,763,9,0,v,tier3_bnc_coca+bnc_coca_band_5k+grade_estimate_9+general_or_nonacademic
reluctance,4719,1073,9,0,n,tier3_bnc_coca+bnc_coca_band_5k+grade_estimate_9+general_or_nonacademic
reminisce,4721,1005,9,0,n,tier3_bnc_coca+bnc_coca_band_5k+grade_estimate_9+general_or_nonacademic
renaissance,4722,1170,9,0,n,tier3_bnc_coca+bnc_coca_band_5k+grade_estimate_9+general_or_nonacademic
renovate,4723,615,9,0,v,tier3_bnc_coca+bnc_coca_band_5k+grade_estimate_9+general_or_nonacademic
renown,4724,782,9,0,v,tier3_bnc_coca+bnc_coca_band_5k+grade_estimate_9+general_or_nonacademic
reproductive,4726,710,9,0,adj,tier3_bnc_coca+bnc_coca_band_5k+grade_estimate_9+general_or_nonacademic
requisite,4727,801,9,0,n,tier3_bnc_coca+bnc_coca_band_5k+grade_estimate_9+general_or_nonacademic
resurrect,4729,718,9,0,v,tier3_bnc_coca+bnc_coca_band_5k+grade_estimate_9+general_or_nonacademic
retaliate,4730,605,9,0,v,tier3_bnc_coca+bnc_coca_band_5k+grade_estimate_9+general_or_nonacademic
retention,4731,871,9,0,n,tier3_bnc_coca+bnc_coca_band_5k+grade_estimate_9+general_or_nonacademic
retrospect,4732,1138,9,0,n,tier3_bnc_coca+bnc_coca_band_5k+grade_estimate_9+general_or_nonacademic
reunion,4733,606,9,0,n,tier3_bnc_coca+bnc_coca_band_5k+grade_estimate_9+general_or_nonacademic
revenge,4734,1050,9,0,n,tier3_bnc_coca+bnc_coca_band_5k+grade_estimate_9+general_or_nonacademic
revere,4735,661,9,0,n,tier3_bnc_coca+bnc_coca_band_5k+grade_estimate_9+general_or_nonacademic
revolt,4736,1110,9,0,v,tier3_bnc_coca+bnc_coca_band_5k+grade_estimate_9+general_or_nonacademic
revolve,4737,673,9,0,n,tier3_bnc_coca+bnc_coca_band_5k+grade_estimate_9+general_or_nonacademic
rig,4739,1207,9,0,n,tier3_bnc_coca+bnc_coca_band_5k+grade_estimate_9+general_or_nonacademic
rim,4740,903,9,0,n,tier3_bnc_coca+bnc_coca_band_5k+grade_estimate_9+general_or_nonacademic
rinse,4741,611,9,0,n,tier3_bnc_coca+bnc_coca_band_5k+grade_estimate_9+general_or_nonacademic
ripe,4742,995,9,0,adj,tier3_bnc_coca+bnc_coca_band_5k+grade_estimate_9+general_or_nonacademic
ripple,4743,698,9,0,n,tier3_bnc_coca+bnc_coca_band_5k+grade_estimate_9+general_or_nonacademic
rite,4744,672,9,0,n,tier3_bnc_coca+bnc_coca_band_5k+grade_estimate_9+general_or_nonacademic
roam,4745,566,9,0,v,tier3_bnc_coca+bnc_coca_band_5k+grade_estimate_9+general_or_nonacademic
robe,4746,810,9,0,n,tier3_bnc_coca+bnc_coca_band_5k+grade_estimate_9+general_or_nonacademic
robust,4747,810,9,0,adj,tier3_bnc_coca+bnc_coca_band_5k+grade_estimate_9+general_or_nonacademic
rove,4748,2463,9,0,n,tier3_bnc_coca+bnc_coca_band_5k+grade_estimate_9+general_or_nonacademic
rumble,4749,657,9,0,n,tier3_bnc_coca+bnc_coca_band_5k+grade_estimate_9+general_or_nonacademic
runway,4750,590,9,0,n,tier3_bnc_coca+bnc_coca_band_5k+grade_estimate_9+general_or_nonacademic
rust,4751,1055,9,0,v,tier3_bnc_coca+bnc_coca_band_5k+grade_estimate_9+general_or_nonacademic
ruthless,4752,976,9,0,adj,tier3_bnc_coca+bnc_coca_band_5k+grade_estimate_9+general_or_nonacademic
sacks,4753,422,9,0,n,tier3_bnc_coca+bnc_coca_band_5k+grade_estimate_9+general_or_nonacademic
salon,4755,850,9,0,n,tier3_bnc_coca+bnc_coca_band_5k+grade_estimate_9+general_or_nonacademic
salute,4756,645,9,0,n,tier3_bnc_coca+bnc_coca_band_5k+grade_estimate_9+general_or_nonacademic
salvation,4757,1110,9,0,n,tier3_bnc_coca+bnc_coca_band_5k+grade_estimate_9+general_or_nonacademic
sanctuary,4758,818,9,0,n,tier3_bnc_coca+bnc_coca_band_5k+grade_estimate_9+general_or_nonacademic
saturate,4759,867,9,0,v,tier3_bnc_coca+bnc_coca_band_5k+grade_estimate_9+general_or_nonacademic
scoop,4761,729,9,0,v,tier3_bnc_coca+bnc_coca_band_5k+grade_estimate_9+general_or_nonacademic
scrub,4763,974,9,0,n,tier3_bnc_coca+bnc_coca_band_5k+grade_estimate_9+general_or_nonacademic
seam,4764,908,9,0,v,tier3_bnc_coca+bnc_coca_band_5k+grade_estimate_9+general_or_nonacademic
seasoning,4765,531,9,0,n,tier3_bnc_coca+bnc_coca_band_5k+grade_estimate_9+general_or_nonacademic
seduce,4767,644,9,0,n,tier3_bnc_coca+bnc_coca_band_5k+grade_estimate_9+general_or_nonacademic
segregate,4768,744,9,0,v,tier3_bnc_coca+bnc_coca_band_5k+grade_estimate_9+general_or_nonacademic
sensor,4770,410,9,0,n,tier3_bnc_coca+bnc_coca_band_5k+grade_estimate_9+general_or_nonacademic
serial,4771,1351,9,0,adj,tier3_bnc_coca+bnc_coca_band_5k+grade_estimate_9+general_or_nonacademic
serum,4773,1462,9,0,n,tier3_bnc_coca+bnc_coca_band_5k+grade_estimate_9+general_or_nonacademic
sever,4774,852,9,0,v,tier3_bnc_coca+bnc_coca_band_5k+grade_estimate_9+general_or_nonacademic
sewage,4775,784,9,0,n,tier3_bnc_coca+bnc_coca_band_5k+grade_estimate_9+general_or_nonacademic
shepherd,4777,1520,9,0,v,tier3_bnc_coca+bnc_coca_band_5k+grade_estimate_9+general_or_nonacademic
shorts,4778,823,9,0,n,tier3_bnc_coca+bnc_coca_band_5k+grade_estimate_9+general_or_nonacademic
shred,4779,516,9,0,n,tier3_bnc_coca+bnc_coca_band_5k+grade_estimate_9+general_or_nonacademic
shrimp,4780,407,9,0,n,tier3_bnc_coca+bnc_coca_band_5k+grade_estimate_9+general_or_nonacademic
shrine,4781,1059,9,0,n,tier3_bnc_coca+bnc_coca_band_5k+grade_estimate_9+general_or_nonacademic
shrub,4782,957,9,0,n,tier3_bnc_coca+bnc_coca_band_5k+grade_estimate_9+general_or_nonacademic
shudder,4783,987,9,0,v,tier3_bnc_coca+bnc_coca_band_5k+grade_estimate_9+general_or_nonacademic
shuffle,4784,851,9,0,n,tier3_bnc_coca+bnc_coca_band_5k+grade_estimate_9+general_or_nonacademic
sibling,4786,458,9,0,n,tier3_bnc_coca+bnc_coca_band_5k+grade_estimate_9+general_or_nonacademic
siege,4787,912,9,0,n,tier3_bnc_coca+bnc_coca_band_5k+grade_estimate_9+general_or_nonacademic
signify,4788,1230,9,0,v,tier3_bnc_coca+bnc_coca_band_5k+grade_estimate_9+general_or_nonacademic
silicon,4789,795,9,0,n,tier3_bnc_coca+bnc_coca_band_5k+grade_estimate_9+general_or_nonacademic
simmer,4790,463,9,0,v,tier3_bnc_coca+bnc_coca_band_5k+grade_estimate_9+general_or_nonacademic
simplicity,4791,944,9,0,n,tier3_bnc_coca+bnc_coca_band_5k+grade_estimate_9+general_or_nonacademic
skate,4793,646,9,0,v,tier3_bnc_coca+bnc_coca_band_5k+grade_estimate_9+general_or_nonacademic
skeleton,4794,908,9,0,n,tier3_bnc_coca+bnc_coca_band_5k+grade_estimate_9+general_or_nonacademic
slack,4796,712,9,0,adj,tier3_bnc_coca+bnc_coca_band_5k+grade_estimate_9+general_or_nonacademic
slate,4798,991,9,0,v,tier3_bnc_coca+bnc_coca_band_5k+grade_estimate_9+general_or_nonacademic
slaughter,4799,885,9,0,v,tier3_bnc_coca+bnc_coca_band_5k+grade_estimate_9+general_or_nonacademic
slender,4800,792,9,0,n,tier3_bnc_coca+bnc_coca_band_5k+grade_estimate_9+general_or_nonacademic
slick,4801,569,9,0,v,tier3_bnc_coca+bnc_coca_band_5k+grade_estimate_9+general_or_nonacademic
slogan,4802,808,9,0,n,tier3_bnc_coca+bnc_coca_band_5k+grade_estimate_9+general_or_nonacademic
smack,4803,846,9,0,v,tier3_bnc_coca+bnc_coca_band_5k+grade_estimate_9+general_or_nonacademic
smear,4804,694,9,0,v,tier3_bnc_coca+bnc_coca_band_5k+grade_estimate_9+general_or_nonacademic
smuggle,4805,889,9,0,n,tier3_bnc_coca+bnc_coca_band_5k+grade_estimate_9+general_or_nonacademic
sneak,4807,685,9,0,v,tier3_bnc_coca+bnc_coca_band_5k+grade_estimate_9+general_or_nonacademic
sob,4809,940,9,0,n,tier3_bnc_coca+bnc_coca_band_5k+grade_estimate_9+general_or_nonacademic
sober,4810,926,9,0,v,tier3_bnc_coca+bnc_coca_band_5k+grade_estimate_9+general_or_nonacademic
socialise,4811,784,9,0,v,tier3_bnc_coca+bnc_coca_band_5k+grade_estimate_9+general_or_nonacademic
socialism,4812,1651,9,0,n,tier3_bnc_coca+bnc_coca_band_5k+grade_estimate_9+general_or_nonacademic
socket,4813,988,9,0,n,tier3_bnc_coca+bnc_coca_band_5k+grade_estimate_9+general_or_nonacademic
sofa,4814,1069,9,0,n,tier3_bnc_coca+bnc_coca_band_5k+grade_estimate_9+general_or_nonacademic
solemn,4815,849,9,0,adj,tier3_bnc_coca+bnc_coca_band_5k+grade_estimate_9+general_or_nonacademic
solicitor,4816,5838,9,0,n,tier3_bnc_coca+bnc_coca_band_5k+grade_estimate_9+general_or_nonacademic
solidarity,4817,1143,9,0,n,tier3_bnc_coca+bnc_coca_band_5k+grade_estimate_9+general_or_nonacademic
solitary,4818,833,9,0,n,tier3_bnc_coca+bnc_coca_band_5k+grade_estimate_9+general_or_nonacademic
soothe,4819,857,9,0,n,tier3_bnc_coca+bnc_coca_band_5k+grade_estimate_9+general_or_nonacademic
sorrow,4820,778,9,0,v,tier3_bnc_coca+bnc_coca_band_5k+grade_estimate_9+general_or_nonacademic
sour,4821,976,9,0,v,tier3_bnc_coca+bnc_coca_band_5k+grade_estimate_9+general_or_nonacademic
sow,4822,1074,9,0,v,tier3_bnc_coca+bnc_coca_band_5k+grade_estimate_9+general_or_nonacademic
spa,4823,564,9,0,n,tier3_bnc_coca+bnc_coca_band_5k+grade_estimate_9+general_or_nonacademic
spawn,4824,660,9,0,v,tier3_bnc_coca+bnc_coca_band_5k+grade_estimate_9+general_or_nonacademic
spear,4825,671,9,0,v,tier3_bnc_coca+bnc_coca_band_5k+grade_estimate_9+general_or_nonacademic
spectator,4826,1163,9,0,n,tier3_bnc_coca+bnc_coca_band_5k+grade_estimate_9+general_or_nonacademic
spider,4827,1084,9,0,n,tier3_bnc_coca+bnc_coca_band_5k+grade_estimate_9+general_or_nonacademic
spiral,4828,1058,9,0,adj,tier3_bnc_coca+bnc_coca_band_5k+grade_estimate_9+general_or_nonacademic
spite,4829,3080,9,0,n,tier3_bnc_coca+bnc_coca_band_5k+grade_estimate_9+general_or_nonacademic
splendid,4830,1831,9,0,adj,tier3_bnc_coca+bnc_coca_band_5k+grade_estimate_9+general_or_nonacademic
sprawl,4831,592,9,0,v,tier3_bnc_coca+bnc_coca_band_5k+grade_estimate_9+general_or_nonacademic
sprout,4834,549,9,0,v,tier3_bnc_coca+bnc_coca_band_5k+grade_estimate_9+general_or_nonacademic
squat,4836,1065,9,0,n,tier3_bnc_coca+bnc_coca_band_5k+grade_estimate_9+general_or_nonacademic
stalk,4838,994,9,0,v,tier3_bnc_coca+bnc_coca_band_5k+grade_estimate_9+general_or_nonacademic
stark,4839,1014,9,0,adj,tier3_bnc_coca+bnc_coca_band_5k+grade_estimate_9+general_or_nonacademic
stepmother,4841,654,9,0,n,tier3_bnc_coca+bnc_coca_band_5k+grade_estimate_9+general_or_nonacademic
stereo,4842,626,9,0,n,tier3_bnc_coca+bnc_coca_band_5k+grade_estimate_9+general_or_nonacademic
sterile,4843,871,9,0,n,tier3_bnc_coca+bnc_coca_band_5k+grade_estimate_9+general_or_nonacademic
sterling,4844,1760,9,0,n,tier3_bnc_coca+bnc_coca_band_5k+grade_estimate_9+general_or_nonacademic
steward,4845,1639,9,0,n,tier3_bnc_coca+bnc_coca_band_5k+grade_estimate_9+general_or_nonacademic
sticky,4846,927,9,0,n,tier3_bnc_coca+bnc_coca_band_5k+grade_estimate_9+general_or_nonacademic
stocking,4848,1111,9,0,v,tier3_bnc_coca+bnc_coca_band_5k+grade_estimate_9+general_or_nonacademic
stool,4849,1122,9,0,n,tier3_bnc_coca+bnc_coca_band_5k+grade_estimate_9+general_or_nonacademic
stove,4850,773,9,0,n,tier3_bnc_coca+bnc_coca_band_5k+grade_estimate_9+general_or_nonacademic
stray,4851,905,9,0,v,tier3_bnc_coca+bnc_coca_band_5k+grade_estimate_9+general_or_nonacademic
strive,4852,1040,9,0,adj,tier3_bnc_coca+bnc_coca_band_5k+grade_estimate_9+general_or_nonacademic
stubborn,4853,684,9,0,adj,tier3_bnc_coca+bnc_coca_band_5k+grade_estimate_9+general_or_nonacademic
stud,4854,866,9,0,n,tier3_bnc_coca+bnc_coca_band_5k+grade_estimate_9+general_or_nonacademic
submarine,4856,1273,9,0,n,tier3_bnc_coca+bnc_coca_band_5k+grade_estimate_9+general_or_nonacademic
submission,4857,1553,9,0,n,tier3_bnc_coca+bnc_coca_band_5k+grade_estimate_9+general_or_nonacademic
substantive,4858,969,9,0,adj,tier3_bnc_coca+bnc_coca_band_5k+grade_estimate_9+general_or_nonacademic
sulphur,4859,1014,9,0,n,tier3_bnc_coca+bnc_coca_band_5k+grade_estimate_9+general_or_nonacademic
superficial,4860,1121,9,0,adj,tier3_bnc_coca+bnc_coca_band_5k+grade_estimate_9+general_or_nonacademic
superintendent,4861,1185,9,0,n,tier3_bnc_coca+bnc_coca_band_5k+grade_estimate_9+general_or_nonacademic
surf,4862,793,9,0,v,tier3_bnc_coca+bnc_coca_band_5k+grade_estimate_9+general_or_nonacademic
surveillance,4864,773,9,0,n,tier3_bnc_coca+bnc_coca_band_5k+grade_estimate_9+general_or_nonacademic
swamp,4866,834,9,0,v,tier3_bnc_coca+bnc_coca_band_5k+grade_estimate_9+general_or_nonacademic
sway,4868,1064,9,0,v,tier3_bnc_coca+bnc_coca_band_5k+grade_estimate_9+general_or_nonacademic
swirl,4870,658,9,0,v,tier3_bnc_coca+bnc_coca_band_5k+grade_estimate_9+general_or_nonacademic
symmetry,4871,1580,9,1,n,tier3_bnc_coca+bnc_coca_band_5k+grade_estimate_9+academic_suffix
symphony,4872,1070,9,0,n,tier3_bnc_coca+bnc_coca_band_5k+grade_estimate_9+general_or_nonacademic
tablet,4874,1271,9,0,n,tier3_bnc_coca+bnc_coca_band_5k+grade_estimate_9+general_or_nonacademic
tabloid,4875,637,9,0,n,tier3_bnc_coca+bnc_coca_band_5k+grade_estimate_9+general_or_nonacademic
tack,4876,838,9,0,v,tier3_bnc_coca+bnc_coca_band_5k+grade_estimate_9+general_or_nonacademic
tailor,4877,1339,9,0,v,tier3_bnc_coca+bnc_coca_band_5k+grade_estimate_9+general_or_nonacademic
tan,4879,1141,9,0,n,tier3_bnc_coca+bnc_coca_band_5k+grade_estimate_9+general_or_nonacademic
technician,4882,815,9,0,n,tier3_bnc_coca+bnc_coca_band_5k+grade_estimate_9+general_or_nonacademic
tee,4883,1212,9,0,v,tier3_bnc_coca+bnc_coca_band_5k+grade_estimate_9+general_or_nonacademic
teen,4884,538,9,0,v,tier3_bnc_coca+bnc_coca_band_5k+grade_estimate_9+general_or_nonacademic
telegraph,4885,1251,9,0,v,tier3_bnc_coca+bnc_coca_band_5k+grade_estimate_9+general_or_nonacademic
temper,4886,1369,9,0,n,tier3_bnc_coca+bnc_coca_band_5k+grade_estimate_9+general_or_nonacademic
temperament,4887,798,9,0,n,tier3_bnc_coca+bnc_coca_band_5k+grade_estimate_9+general_or_nonacademic
tenure,4890,728,9,0,n,tier3_bnc_coca+bnc_coca_band_5k+grade_estimate_9+general_or_nonacademic
terrain,4891,628,9,0,n,tier3_bnc_coca+bnc_coca_band_5k+grade_estimate_9+general_or_nonacademic
terrific,4892,673,9,0,adj,tier3_bnc_coca+bnc_coca_band_5k+grade_estimate_9+general_or_nonacademic
testify,4893,550,9,0,v,tier3_bnc_coca+bnc_coca_band_5k+grade_estimate_9+general_or_nonacademic
theological,4894,783,9,0,adj,tier3_bnc_coca+bnc_coca_band_5k+grade_estimate_9+general_or_nonacademic
therapeutic,4895,731,9,0,adj,tier3_bnc_coca+bnc_coca_band_5k+grade_estimate_9+general_or_nonacademic
thereafter,4896,1438,9,0,n,tier3_bnc_coca+bnc_coca_band_5k+grade_estimate_9+general_or_nonacademic
throne,4898,1301,9,0,n,tier3_bnc_coca+bnc_coca_band_5k+grade_estimate_9+general_or_nonacademic
tidy,4900,2077,9,0,v,tier3_bnc_coca+bnc_coca_band_5k+grade_estimate_9+general_or_nonacademic
toddle,4901,646,9,0,n,tier3_bnc_coca+bnc_coca_band_5k+grade_estimate_9+general_or_nonacademic
token,4902,1213,9,0,v,tier3_bnc_coca+bnc_coca_band_5k+grade_estimate_9+general_or_nonacademic
tolerant,4904,941,9,0,adj,tier3_bnc_coca+bnc_coca_band_5k+grade_estimate_9+general_or_nonacademic
toll,4905,1025,9,0,n,tier3_bnc_coca+bnc_coca_band_5k+grade_estimate_9+general_or_nonacademic
tomb,4906,952,9,0,v,tier3_bnc_coca+bnc_coca_band_5k+grade_estimate_9+general_or_nonacademic
torch,4907,1116,9,0,v,tier3_bnc_coca+bnc_coca_band_5k+grade_estimate_9+general_or_nonacademic
torment,4908,745,9,0,v,tier3_bnc_coca+bnc_coca_band_5k+grade_estimate_9+general_or_nonacademic
tow,4909,837,9,0,v,tier3_bnc_coca+bnc_coca_band_5k+grade_estimate_9+general_or_nonacademic
tractor,4911,744,9,0,n,tier3_bnc_coca+bnc_coca_band_5k+grade_estimate_9+general_or_nonacademic
trailer,4912,660,9,0,n,tier3_bnc_coca+bnc_coca_band_5k+grade_estimate_9+general_or_nonacademic
transcend,4914,873,9,0,v,tier3_bnc_coca+bnc_coca_band_5k+grade_estimate_9+general_or_nonacademic
transit,4915,911,9,0,v,tier3_bnc_coca+bnc_coca_band_5k+grade_estimate_9+general_or_nonacademic
transparent,4916,790,9,0,adj,tier3_bnc_coca+bnc_coca_band_5k+grade_estimate_9+general_or_nonacademic
tread,4917,1126,9,0,v,tier3_bnc_coca+bnc_coca_band_5k+grade_estimate_9+general_or_nonacademic
trench,4918,924,9,0,v,tier3_bnc_coca+bnc_coca_band_5k+grade_estimate_9+general_or_nonacademic
trickle,4919,689,9,0,n,tier3_bnc_coca+bnc_coca_band_5k+grade_estimate_9+general_or_nonacademic
trot,4923,869,9,0,n,tier3_bnc_coca+bnc_coca_band_5k+grade_estimate_9+general_or_nonacademic
trout,4924,774,9,0,n,tier3_bnc_coca+bnc_coca_band_5k+grade_estimate_9+general_or_nonacademic
trumpet,4925,695,9,0,v,tier3_bnc_coca+bnc_coca_band_5k+grade_estimate_9+general_or_nonacademic
tub,4926,534,9,0,n,tier3_bnc_coca+bnc_coca_band_5k+grade_estimate_9+general_or_nonacademic
turbulence,4927,955,9,0,n,tier3_bnc_coca+bnc_coca_band_5k+grade_estimate_9+general_or_nonacademic
turf,4928,645,9,0,v,tier3_bnc_coca+bnc_coca_band_5k+grade_estimate_9+general_or_nonacademic
twitch,4930,711,9,0,v,tier3_bnc_coca+bnc_coca_band_5k+grade_estimate_9+general_or_nonacademic
typed,4931,1456,9,0,n,tier3_bnc_coca+bnc_coca_band_5k+grade_estimate_9+general_or_nonacademic
ulcer,4932,2502,9,0,n,tier3_bnc_coca+bnc_coca_band_5k+grade_estimate_9+general_or_nonacademic
unanimous,4934,970,9,0,adj,tier3_bnc_coca+bnc_coca_band_5k+grade_estimate_9+general_or_nonacademic
underestimate,4935,868,9,0,v,tier3_bnc_coca+bnc_coca_band_5k+grade_estimate_9+general_or_nonacademic
uphold,4938,1155,9,0,v,tier3_bnc_coca+bnc_coca_band_5k+grade_estimate_9+general_or_nonacademic
upright,4939,1276,9,0,adj,tier3_bnc_coca+bnc_coca_band_5k+grade_estimate_9+general_or_nonacademic
utterly,4943,1276,9,0,adv,tier3_bnc_coca+bnc_coca_band_5k+grade_estimate_9+general_or_nonacademic
vacant,4944,842,9,0,adj,tier3_bnc_coca+bnc_coca_band_5k+grade_estimate_9+general_or_nonacademic
vaccine,4946,558,9,0,n,tier3_bnc_coca+bnc_coca_band_5k+grade_estimate_9+general_or_nonacademic
vacuum,4947,1053,9,0,v,tier3_bnc_coca+bnc_coca_band_5k+grade_estimate_9+general_or_nonacademic
vase,4949,816,9,0,n,tier3_bnc_coca+bnc_coca_band_5k+grade_estimate_9+general_or_nonacademic
vegetarian,4950,663,9,0,n,tier3_bnc_coca+bnc_coca_band_5k+grade_estimate_9+general_or_nonacademic
velvet,4953,1014,9,0,n,tier3_bnc_coca+bnc_coca_band_5k+grade_estimate_9+general_or_nonacademic
vent,4954,660,9,0,v,tier3_bnc_coca+bnc_coca_band_5k+grade_estimate_9+general_or_nonacademic
ventilate,4955,1031,9,0,v,tier3_bnc_coca+bnc_coca_band_5k+grade_estimate_9+general_or_nonacademic
verge,4957,865,9,0,n,tier3_bnc_coca+bnc_coca_band_5k+grade_estimate_9+general_or_nonacademic
versatile,4958,770,9,0,n,tier3_bnc_coca+bnc_coca_band_5k+grade_estimate_9+general_or_nonacademic
vest,4959,1241,9,0,v,tier3_bnc_coca+bnc_coca_band_5k+grade_estimate_9+general_or_nonacademic
veto,4960,748,9,0,v,tier3_bnc_coca+bnc_coca_band_5k+grade_estimate_9+general_or_nonacademic
vicious,4961,1036,9,0,adj,tier3_bnc_coca+bnc_coca_band_5k+grade_estimate_9+general_or_nonacademic
vigil,4962,672,9,0,n,tier3_bnc_coca+bnc_coca_band_5k+grade_estimate_9+general_or_nonacademic
vine,4963,954,9,0,n,tier3_bnc_coca+bnc_coca_band_5k+grade_estimate_9+general_or_nonacademic
vinegar,4964,439,9,0,n,tier3_bnc_coca+bnc_coca_band_5k+grade_estimate_9+general_or_nonacademic
vintage,4965,769,9,0,n,tier3_bnc_coca+bnc_coca_band_5k+grade_estimate_9+general_or_nonacademic
visa,4967,610,9,0,n,tier3_bnc_coca+bnc_coca_band_5k+grade_estimate_9+general_or_nonacademic
void,4969,1066,9,0,v,tier3_bnc_coca+bnc_coca_band_5k+grade_estimate_9+general_or_nonacademic
volatile,4970,1009,9,0,n,tier3_bnc_coca+bnc_coca_band_5k+grade_estimate_9+general_or_nonacademic
volt,4971,1565,9,0,n,tier3_bnc_coca+bnc_coca_band_5k+grade_estimate_9+general_or_nonacademic
vow,4973,962,9,0,v,tier3_bnc_coca+bnc_coca_band_5k+grade_estimate_9+general_or_nonacademic
wail,4975,639,9,0,v,tier3_bnc_coca+bnc_coca_band_5k+grade_estimate_9+general_or_nonacademic
wallet,4976,670,9,0,n,tier3_bnc_coca+bnc_coca_band_5k+grade_estimate_9+general_or_nonacademic
wardrobe,4977,1080,9,0,n,tier3_bnc_coca+bnc_coca_band_5k+grade_estimate_9+general_or_nonacademic
warfare,4978,771,9,0,n,tier3_bnc_coca+bnc_coca_band_5k+grade_estimate_9+general_or_nonacademic
wary,4979,1260,9,0,n,tier3_bnc_coca+bnc_coca_band_5k+grade_estimate_9+general_or_nonacademic
wee,4981,1585,9,0,n,tier3_bnc_coca+bnc_coca_band_5k+grade_estimate_9+general_or_nonacademic
weld,4982,693,9,0,v,tier3_bnc_coca+bnc_coca_band_5k+grade_estimate_9+general_or_nonacademic
whatsoever,4983,944,9,0,n,tier3_bnc_coca+bnc_coca_band_5k+grade_estimate_9+general_or_nonacademic
whisk,4986,469,9,0,v,tier3_bnc_coca+bnc_coca_band_5k+grade_estimate_9+general_or_nonacademic
wholesale,4987,1011,9,0,n,tier3_bnc_coca+bnc_coca_band_5k+grade_estimate_9+general_or_nonacademic
wilderness,4988,700,9,0,n,tier3_bnc_coca+bnc_coca_band_5k+grade_estimate_9+general_or_nonacademic
winding,4989,1409,9,0,n,tier3_bnc_coca+bnc_coca_band_5k+grade_estimate_9+general_or_nonacademic
wireless,4991,518,9,0,adj,tier3_bnc_coca+bnc_coca_band_5k+grade_estimate_9+general_or_nonacademic
witch,4992,1005,9,0,v,tier3_bnc_coca+bnc_coca_band_5k+grade_estimate_9+general_or_nonacademic
withhold,4993,878,9,0,v,tier3_bnc_coca+bnc_coca_band_5k+grade_estimate_9+general_or_nonacademic
wizard,4994,533,9,0,n,tier3_bnc_coca+bnc_coca_band_5k+grade_estimate_9+general_or_nonacademic
worthwhile,4995,1456,9,0,n,tier3_bnc_coca+bnc_coca_band_5k+grade_estimate_9+general_or_nonacademic
wrestle,4996,756,9,0,n,tier3_bnc_coca+bnc_coca_band_5k+grade_estimate_9+general_or_nonacademic
yacht,4998,1615,9,0,v,tier3_bnc_coca+bnc_coca_band_5k+grade_estimate_9+general_or_nonacademic
zip,4999,869,9,0,n,tier3_bnc_coca+bnc_coca_band_5k+grade_estimate_9+general_or_nonacademic
zoo,5000,886,9,0,n,tier3_bnc_coca+bnc_coca_band_5k+grade_estimate_9+general_or_nonacademic
abduct,5001,503,10,0,v,tier3_bnc_coca+bnc_coca_band_6k+grade_estimate_10+general_or_nonacademic
abide,5002,657,10,0,n,tier3_bnc_coca+bnc_coca_band_6k+grade_estimate_10+general_or_nonacademic
abolition,5003,1400,10,0,n,tier3_bnc_coca+bnc_coca_band_6k+grade_estimate_10+general_or_nonacademic
abound,5004,480,10,0,v,tier3_bnc_coca+bnc_coca_band_6k+grade_estimate_10+general_or_nonacademic
acclaim,5005,644,10,0,v,tier3_bnc_coca+bnc_coca_band_6k+grade_estimate_10+general_or_nonacademic
accredit,5007,552,10,0,v,tier3_bnc_coca+bnc_coca_band_6k+grade_estimate_10+general_or_nonacademic
accrue,5008,798,10,0,n,tier3_bnc_coca+bnc_coca_band_6k+grade_estimate_10+general_or_nonacademic
acquit,5009,580,10,0,n,tier3_bnc_coca+bnc_coca_band_6k+grade_estimate_10+general_or_nonacademic
adequacy,5010,892,10,0,n,tier3_bnc_coca+bnc_coca_band_6k+grade_estimate_10+general_or_nonacademic
adjoin,5012,813,10,0,v,tier3_bnc_coca+bnc_coca_band_6k+grade_estimate_10+general_or_nonacademic
admiral,5013,960,10,0,adj,tier3_bnc_coca+bnc_coca_band_6k+grade_estimate_10+general_or_nonacademic
adorn,5014,558,10,0,v,tier3_bnc_coca+bnc_coca_band_6k+grade_estimate_10+general_or_nonacademic
advent,5015,797,10,0,n,tier3_bnc_coca+bnc_coca_band_6k+grade_estimate_10+general_or_nonacademic
adversary,5016,482,10,0,n,tier3_bnc_coca+bnc_coca_band_6k+grade_estimate_10+general_or_nonacademic
aerobics,5017,566,10,0,n,tier3_bnc_coca+bnc_coca_band_6k+grade_estimate_10+general_or_nonacademic
aerospace,5018,781,10,0,n,tier3_bnc_coca+bnc_coca_band_6k+grade_estimate_10+general_or_nonacademic
affinity,5019,892,10,0,n,tier3_bnc_coca+bnc_coca_band_6k+grade_estimate_10+general_or_nonacademic
afflict,5020,550,10,0,v,tier3_bnc_coca+bnc_coca_band_6k+grade_estimate_10+general_or_nonacademic
affluent,5021,398,10,0,adj,tier3_bnc_coca+bnc_coca_band_6k+grade_estimate_10+general_or_nonacademic
akin,5022,411,10,0,n,tier3_bnc_coca+bnc_coca_band_6k+grade_estimate_10+general_or_nonacademic
alas,5024,627,10,0,int,tier3_bnc_coca+bnc_coca_band_6k+grade_estimate_10+general_or_nonacademic
ale,5025,807,10,0,n,tier3_bnc_coca+bnc_coca_band_6k+grade_estimate_10+general_or_nonacademic
algae,5026,721,10,0,n,tier3_bnc_coca+bnc_coca_band_6k+grade_estimate_10+general_or_nonacademic
alleviate,5027,612,10,0,v,tier3_bnc_coca+bnc_coca_band_6k+grade_estimate_10+general_or_nonacademic
allot,5028,834,10,0,n,tier3_bnc_coca+bnc_coca_band_6k+grade_estimate_10+general_or_nonacademic
almond,5029,600,10,0,n,tier3_bnc_coca+bnc_coca_band_6k+grade_estimate_10+general_or_nonacademic
alphabet,5030,708,10,0,n,tier3_bnc_coca+bnc_coca_band_6k+grade_estimate_10+general_or_nonacademic
alps,5031,979,10,0,n,tier3_bnc_coca+bnc_coca_band_6k+grade_estimate_10+general_or_nonacademic
amber,5032,521,10,0,n,tier3_bnc_coca+bnc_coca_band_6k+grade_estimate_10+general_or_nonacademic
ambivalent,5033,535,10,0,adj,tier3_bnc_coca+bnc_coca_band_6k+grade_estimate_10+general_or_nonacademic
ambush,5034,462,10,0,v,tier3_bnc_coca+bnc_coca_band_6k+grade_estimate_10+general_or_nonacademic
amenity,5035,787,10,0,n,tier3_bnc_coca+bnc_coca_band_6k+grade_estimate_10+general_or_nonacademic
analogous,5036,537,10,0,adj,tier3_bnc_coca+bnc_coca_band_6k+grade_estimate_10+general_or_nonacademic
anarchy,5037,613,10,1,n,tier3_bnc_coca+bnc_coca_band_6k+grade_estimate_10+academic_suffix
annex,5038,732,10,0,v,tier3_bnc_coca+bnc_coca_band_6k+grade_estimate_10+general_or_nonacademic
apartheid,5040,517,10,0,n,tier3_bnc_coca+bnc_coca_band_6k+grade_estimate_10+general_or_nonacademic
ape,5041,555,10,0,n,tier3_bnc_coca+bnc_coca_band_6k+grade_estimate_10+general_or_nonacademic
apostle,5042,565,10,0,n,tier3_bnc_coca+bnc_coca_band_6k+grade_estimate_10+general_or_nonacademic
aquatic,5044,455,10,0,adj,tier3_bnc_coca+bnc_coca_band_6k+grade_estimate_10+general_or_nonacademic
aristocrat,5045,838,10,0,n,tier3_bnc_coca+bnc_coca_band_6k+grade_estimate_10+general_or_nonacademic
armchair,5046,902,10,0,n,tier3_bnc_coca+bnc_coca_band_6k+grade_estimate_10+general_or_nonacademic
aroma,5047,388,10,0,n,tier3_bnc_coca+bnc_coca_band_6k+grade_estimate_10+general_or_nonacademic
arthritis,5048,562,10,0,n,tier3_bnc_coca+bnc_coca_band_6k+grade_estimate_10+general_or_nonacademic
artisan,5049,412,10,0,n,tier3_bnc_coca+bnc_coca_band_6k+grade_estimate_10+general_or_nonacademic
ascent,5050,587,10,0,n,tier3_bnc_coca+bnc_coca_band_6k+grade_estimate_10+general_or_nonacademic
ascertain,5051,981,10,0,v,tier3_bnc_coca+bnc_coca_band_6k+grade_estimate_10+general_or_nonacademic
ascribe,5052,597,10,0,n,tier3_bnc_coca+bnc_coca_band_6k+grade_estimate_10+general_or_nonacademic
ashore,5053,636,10,0,n,tier3_bnc_coca+bnc_coca_band_6k+grade_estimate_10+general_or_nonacademic
assail,5054,502,10,0,v,tier3_bnc_coca+bnc_coca_band_6k+grade_estimate_10+general_or_nonacademic
assorted,5055,531,10,0,n,tier3_bnc_coca+bnc_coca_band_6k+grade_estimate_10+general_or_nonacademic
asymmetry,5056,519,10,1,n,tier3_bnc_coca+bnc_coca_band_6k+grade_estimate_10+academic_suffix
attentive,5057,412,10,0,adj,tier3_bnc_coca+bnc_coca_band_6k+grade_estimate_10+general_or_nonacademic
attic,5058,634,10,0,adj,tier3_bnc_coca+bnc_coca_band_6k+grade_estimate_10+general_or_nonacademic
audition,5059,423,10,0,v,tier3_bnc_coca+bnc_coca_band_6k+grade_estimate_10+general_or_nonacademic
augment,5060,652,10,0,v,tier3_bnc_coca+bnc_coca_band_6k+grade_estimate_10+general_or_nonacademic
aura,5061,407,10,0,n,tier3_bnc_coca+bnc_coca_band_6k+grade_estimate_10+general_or_nonacademic
austere,5062,765,10,0,adj,tier3_bnc_coca+bnc_coca_band_6k+grade_estimate_10+general_or_nonacademic
authoritative,5063,679,10,0,adj,tier3_bnc_coca+bnc_coca_band_6k+grade_estimate_10+general_or_nonacademic
avert,5064,551,10,0,v,tier3_bnc_coca+bnc_coca_band_6k+grade_estimate_10+general_or_nonacademic
awesome,5065,385,10,0,adj,tier3_bnc_coca+bnc_coca_band_6k+grade_estimate_10+general_or_nonacademic
babe,5066,321,10,0,n,tier3_bnc_coca+bnc_coca_band_6k+grade_estimate_10+general_or_nonacademic
bachelor,5067,525,10,0,n,tier3_bnc_coca+bnc_coca_band_6k+grade_estimate_10+general_or_nonacademic
baffle,5068,569,10,0,n,tier3_bnc_coca+bnc_coca_band_6k+grade_estimate_10+general_or_nonacademic
banish,5070,593,10,0,v,tier3_bnc_coca+bnc_coca_band_6k+grade_estimate_10+general_or_nonacademic
barb,5072,517,10,0,v,tier3_bnc_coca+bnc_coca_band_6k+grade_estimate_10+general_or_nonacademic
barbecue,5073,456,10,0,n,tier3_bnc_coca+bnc_coca_band_6k+grade_estimate_10+general_or_nonacademic
barge,5074,554,10,0,n,tier3_bnc_coca+bnc_coca_band_6k+grade_estimate_10+general_or_nonacademic
barracks,5075,628,10,0,n,tier3_bnc_coca+bnc_coca_band_6k+grade_estimate_10+general_or_nonacademic
barren,5076,441,10,0,v,tier3_bnc_coca+bnc_coca_band_6k+grade_estimate_10+general_or_nonacademic
bash,5077,571,10,0,v,tier3_bnc_coca+bnc_coca_band_6k+grade_estimate_10+general_or_nonacademic
beckon,5078,474,10,0,v,tier3_bnc_coca+bnc_coca_band_6k+grade_estimate_10+general_or_nonacademic
beforehand,5080,667,10,0,n,tier3_bnc_coca+bnc_coca_band_6k+grade_estimate_10+general_or_nonacademic
behold,5081,405,10,0,v,tier3_bnc_coca+bnc_coca_band_6k+grade_estimate_10+general_or_nonacademic
bellow,5082,580,10,0,v,tier3_bnc_coca+bnc_coca_band_6k+grade_estimate_10+general_or_nonacademic
benevolent,5083,487,10,0,adj,tier3_bnc_coca+bnc_coca_band_6k+grade_estimate_10+general_or_nonacademic
benign,5084,531,10,0,adj,tier3_bnc_coca+bnc_coca_band_6k+grade_estimate_10+general_or_nonacademic
beware,5086,559,10,0,n,tier3_bnc_coca+bnc_coca_band_6k+grade_estimate_10+general_or_nonacademic
bibliography,5087,831,10,1,n,tier3_bnc_coca+bnc_coca_band_6k+grade_estimate_10+academic_suffix
biopsy,5089,991,10,0,n,tier3_bnc_coca+bnc_coca_band_6k+grade_estimate_10+general_or_nonacademic
bladder,5090,1072,10,0,n,tier3_bnc_coca+bnc_coca_band_6k+grade_estimate_10+general_or_nonacademic
bland,5091,759,10,0,adj,tier3_bnc_coca+bnc_coca_band_6k+grade_estimate_10+general_or_nonacademic
blatant,5092,539,10,0,adj,tier3_bnc_coca+bnc_coca_band_6k+grade_estimate_10+general_or_nonacademic
bleach,5093,654,10,0,v,tier3_bnc_coca+bnc_coca_band_6k+grade_estimate_10+general_or_nonacademic
bliss,5094,605,10,0,n,tier3_bnc_coca+bnc_coca_band_6k+grade_estimate_10+general_or_nonacademic
blister,5095,427,10,0,v,tier3_bnc_coca+bnc_coca_band_6k+grade_estimate_10+general_or_nonacademic
bloc,5096,716,10,0,n,tier3_bnc_coca+bnc_coca_band_6k+grade_estimate_10+general_or_nonacademic
blot,5097,762,10,0,n,tier3_bnc_coca+bnc_coca_band_6k+grade_estimate_10+general_or_nonacademic
blueprint,5098,419,10,0,n,tier3_bnc_coca+bnc_coca_band_6k+grade_estimate_10+general_or_nonacademic
bluff,5099,414,10,0,v,tier3_bnc_coca+bnc_coca_band_6k+grade_estimate_10+general_or_nonacademic
bobbed,5100,430,10,0,n,tier3_bnc_coca+bnc_coca_band_6k+grade_estimate_10+general_or_nonacademic
bog,5101,790,10,0,n,tier3_bnc_coca+bnc_coca_band_6k+grade_estimate_10+general_or_nonacademic
bolster,5102,427,10,0,v,tier3_bnc_coca+bnc_coca_band_6k+grade_estimate_10+general_or_nonacademic
bombard,5103,612,10,0,v,tier3_bnc_coca+bnc_coca_band_6k+grade_estimate_10+general_or_nonacademic
booth,5104,787,10,0,n,tier3_bnc_coca+bnc_coca_band_6k+grade_estimate_10+general_or_nonacademic
borough,5105,2397,10,0,n,tier3_bnc_coca+bnc_coca_band_6k+grade_estimate_10+general_or_nonacademic
boulder,5106,551,10,0,n,tier3_bnc_coca+bnc_coca_band_6k+grade_estimate_10+general_or_nonacademic
braid,5107,325,10,0,v,tier3_bnc_coca+bnc_coca_band_6k+grade_estimate_10+general_or_nonacademic
brandy,5108,888,10,0,n,tier3_bnc_coca+bnc_coca_band_6k+grade_estimate_10+general_or_nonacademic
brassiere,5109,519,10,0,n,tier3_bnc_coca+bnc_coca_band_6k+grade_estimate_10+general_or_nonacademic
breadth,5110,643,10,0,n,tier3_bnc_coca+bnc_coca_band_6k+grade_estimate_10+general_or_nonacademic
briefcase,5111,371,10,0,n,tier3_bnc_coca+bnc_coca_band_6k+grade_estimate_10+general_or_nonacademic
brim,5112,452,10,0,n,tier3_bnc_coca+bnc_coca_band_6k+grade_estimate_10+general_or_nonacademic
brink,5113,454,10,0,n,tier3_bnc_coca+bnc_coca_band_6k+grade_estimate_10+general_or_nonacademic
bristle,5114,457,10,0,n,tier3_bnc_coca+bnc_coca_band_6k+grade_estimate_10+general_or_nonacademic
brood,5115,762,10,0,v,tier3_bnc_coca+bnc_coca_band_6k+grade_estimate_10+general_or_nonacademic
brownie,5116,672,10,0,n,tier3_bnc_coca+bnc_coca_band_6k+grade_estimate_10+general_or_nonacademic
browse,5117,515,10,0,n,tier3_bnc_coca+bnc_coca_band_6k+grade_estimate_10+general_or_nonacademic
buddy,5118,346,10,0,n,tier3_bnc_coca+bnc_coca_band_6k+grade_estimate_10+general_or_nonacademic
buffet,5119,623,10,0,n,tier3_bnc_coca+bnc_coca_band_6k+grade_estimate_10+general_or_nonacademic
bum,5120,588,10,0,n,tier3_bnc_coca+bnc_coca_band_6k+grade_estimate_10+general_or_nonacademic
bungalow,5122,731,10,0,n,tier3_bnc_coca+bnc_coca_band_6k+grade_estimate_10+general_or_nonacademic
bunker,5123,431,10,0,n,tier3_bnc_coca+bnc_coca_band_6k+grade_estimate_10+general_or_nonacademic
bunny,5124,436,10,0,n,tier3_bnc_coca+bnc_coca_band_6k+grade_estimate_10+general_or_nonacademic
buoy,5125,722,10,0,v,tier3_bnc_coca+bnc_coca_band_6k+grade_estimate_10+general_or_nonacademic
burrow,5126,1041,10,0,v,tier3_bnc_coca+bnc_coca_band_6k+grade_estimate_10+general_or_nonacademic
bustle,5127,639,10,0,n,tier3_bnc_coca+bnc_coca_band_6k+grade_estimate_10+general_or_nonacademic
cadet,5129,413,10,0,n,tier3_bnc_coca+bnc_coca_band_6k+grade_estimate_10+general_or_nonacademic
camel,5131,531,10,0,n,tier3_bnc_coca+bnc_coca_band_6k+grade_estimate_10+general_or_nonacademic
canon,5132,1170,10,0,n,tier3_bnc_coca+bnc_coca_band_6k+grade_estimate_10+general_or_nonacademic
canopy,5133,616,10,0,n,tier3_bnc_coca+bnc_coca_band_6k+grade_estimate_10+general_or_nonacademic
capitalise,5134,660,10,0,v,tier3_bnc_coca+bnc_coca_band_6k+grade_estimate_10+general_or_nonacademic
capsule,5135,400,10,0,n,tier3_bnc_coca+bnc_coca_band_6k+grade_estimate_10+general_or_nonacademic
caption,5136,446,10,0,v,tier3_bnc_coca+bnc_coca_band_6k+grade_estimate_10+general_or_nonacademic
caravan,5137,1306,10,0,n,tier3_bnc_coca+bnc_coca_band_6k+grade_estimate_10+general_or_nonacademic
cardiac,5138,437,10,0,n,tier3_bnc_coca+bnc_coca_band_6k+grade_estimate_10+general_or_nonacademic
caress,5139,620,10,0,v,tier3_bnc_coca+bnc_coca_band_6k+grade_estimate_10+general_or_nonacademic
carnival,5140,367,10,0,adj,tier3_bnc_coca+bnc_coca_band_6k+grade_estimate_10+general_or_nonacademic
carol,5141,1258,10,0,n,tier3_bnc_coca+bnc_coca_band_6k+grade_estimate_10+general_or_nonacademic
carpenter,5142,708,10,0,n,tier3_bnc_coca+bnc_coca_band_6k+grade_estimate_10+general_or_nonacademic
cartel,5143,426,10,0,n,tier3_bnc_coca+bnc_coca_band_6k+grade_estimate_10+general_or_nonacademic
cascade,5145,532,10,0,n,tier3_bnc_coca+bnc_coca_band_6k+grade_estimate_10+general_or_nonacademic
casino,5146,289,10,0,n,tier3_bnc_coca+bnc_coca_band_6k+grade_estimate_10+general_or_nonacademic
catalyst,5147,532,10,0,n,tier3_bnc_coca+bnc_coca_band_6k+grade_estimate_10+general_or_nonacademic
cavalry,5148,541,10,0,n,tier3_bnc_coca+bnc_coca_band_6k+grade_estimate_10+general_or_nonacademic
cavern,5149,381,10,0,n,tier3_bnc_coca+bnc_coca_band_6k+grade_estimate_10+general_or_nonacademic
cavity,5150,547,10,0,n,tier3_bnc_coca+bnc_coca_band_6k+grade_estimate_10+general_or_nonacademic
chaired,5151,825,10,0,n,tier3_bnc_coca+bnc_coca_band_6k+grade_estimate_10+general_or_nonacademic
chaotic,5152,485,10,0,adj,tier3_bnc_coca+bnc_coca_band_6k+grade_estimate_10+general_or_nonacademic
chaplain,5153,606,10,0,n,tier3_bnc_coca+bnc_coca_band_6k+grade_estimate_10+general_or_nonacademic
charisma,5155,539,10,0,n,tier3_bnc_coca+bnc_coca_band_6k+grade_estimate_10+general_or_nonacademic
cherish,5156,514,10,0,v,tier3_bnc_coca+bnc_coca_band_6k+grade_estimate_10+general_or_nonacademic
chestnut,5158,605,10,0,n,tier3_bnc_coca+bnc_coca_band_6k+grade_estimate_10+general_or_nonacademic
chilli,5159,284,10,0,n,tier3_bnc_coca+bnc_coca_band_6k+grade_estimate_10+general_or_nonacademic
chimpanzee,5160,553,10,0,n,tier3_bnc_coca+bnc_coca_band_6k+grade_estimate_10+general_or_nonacademic
chore,5161,401,10,0,n,tier3_bnc_coca+bnc_coca_band_6k+grade_estimate_10+general_or_nonacademic
choreograph,5162,579,10,0,v,tier3_bnc_coca+bnc_coca_band_6k+grade_estimate_10+general_or_nonacademic
chronology,5164,742,10,1,n,tier3_bnc_coca+bnc_coca_band_6k+grade_estimate_10+academic_suffix
churn,5165,540,10,0,v,tier3_bnc_coca+bnc_coca_band_6k+grade_estimate_10+general_or_nonacademic
clatter,5166,554,10,0,v,tier3_bnc_coca+bnc_coca_band_6k+grade_estimate_10+general_or_nonacademic
cleave,5167,658,10,0,n,tier3_bnc_coca+bnc_coca_band_6k+grade_estimate_10+general_or_nonacademic
clerical,5168,972,10,0,adj,tier3_bnc_coca+bnc_coca_band_6k+grade_estimate_10+general_or_nonacademic
climax,5169,848,10,0,v,tier3_bnc_coca+bnc_coca_band_6k+grade_estimate_10+general_or_nonacademic
clinch,5170,591,10,0,v,tier3_bnc_coca+bnc_coca_band_6k+grade_estimate_10+general_or_nonacademic
clog,5171,451,10,0,n,tier3_bnc_coca+bnc_coca_band_6k+grade_estimate_10+general_or_nonacademic
closet,5172,282,10,0,v,tier3_bnc_coca+bnc_coca_band_6k+grade_estimate_10+general_or_nonacademic
clove,5173,309,10,0,n,tier3_bnc_coca+bnc_coca_band_6k+grade_estimate_10+general_or_nonacademic
clumsy,5175,659,10,0,n,tier3_bnc_coca+bnc_coca_band_6k+grade_estimate_10+general_or_nonacademic
clutter,5176,430,10,0,v,tier3_bnc_coca+bnc_coca_band_6k+grade_estimate_10+general_or_nonacademic
cobble,5177,676,10,0,n,tier3_bnc_coca+bnc_coca_band_6k+grade_estimate_10+general_or_nonacademic
cockpit,5178,590,10,0,n,tier3_bnc_coca+bnc_coca_band_6k+grade_estimate_10+general_or_nonacademic
cocoa,5179,507,10,0,n,tier3_bnc_coca+bnc_coca_band_6k+grade_estimate_10+general_or_nonacademic
coconut,5180,371,10,0,n,tier3_bnc_coca+bnc_coca_band_6k+grade_estimate_10+general_or_nonacademic
cohort,5181,518,10,0,n,tier3_bnc_coca+bnc_coca_band_6k+grade_estimate_10+general_or_nonacademic
collide,5182,593,10,0,n,tier3_bnc_coca+bnc_coca_band_6k+grade_estimate_10+general_or_nonacademic
columnist,5184,221,10,0,n,tier3_bnc_coca+bnc_coca_band_6k+grade_estimate_10+general_or_nonacademic
commonplace,5186,551,10,0,n,tier3_bnc_coca+bnc_coca_band_6k+grade_estimate_10+general_or_nonacademic
communion,5187,596,10,0,n,tier3_bnc_coca+bnc_coca_band_6k+grade_estimate_10+general_or_nonacademic
complacent,5189,712,10,0,adj,tier3_bnc_coca+bnc_coca_band_6k+grade_estimate_10+general_or_nonacademic
compulsory,5190,1825,10,0,n,tier3_bnc_coca+bnc_coca_band_6k+grade_estimate_10+general_or_nonacademic
concurrent,5191,547,10,0,adj,tier3_bnc_coca+bnc_coca_band_6k+grade_estimate_10+general_or_nonacademic
confiscate,5192,447,10,0,v,tier3_bnc_coca+bnc_coca_band_6k+grade_estimate_10+general_or_nonacademic
conglomerate,5193,612,10,0,v,tier3_bnc_coca+bnc_coca_band_6k+grade_estimate_10+general_or_nonacademic
conjunction,5194,1549,10,1,n,tier3_bnc_coca+bnc_coca_band_6k+grade_estimate_10+academic_exact
conjure,5195,636,10,0,n,tier3_bnc_coca+bnc_coca_band_6k+grade_estimate_10+general_or_nonacademic
conquest,5196,793,10,0,n,tier3_bnc_coca+bnc_coca_band_6k+grade_estimate_10+general_or_nonacademic
conservatism,5197,478,10,0,n,tier3_bnc_coca+bnc_coca_band_6k+grade_estimate_10+general_or_nonacademic
conspire,5198,651,10,0,n,tier3_bnc_coca+bnc_coca_band_6k+grade_estimate_10+general_or_nonacademic
constable,5199,2698,10,0,adj,tier3_bnc_coca+bnc_coca_band_6k+grade_estimate_10+general_or_nonacademic
construe,5200,772,10,0,n,tier3_bnc_coca+bnc_coca_band_6k+grade_estimate_10+general_or_nonacademic
contented,5201,734,10,0,adj,tier3_bnc_coca+bnc_coca_band_6k+grade_estimate_10+general_or_nonacademic
contentious,5202,549,10,0,adj,tier3_bnc_coca+bnc_coca_band_6k+grade_estimate_10+general_or_nonacademic
continuum,5203,431,10,0,n,tier3_bnc_coca+bnc_coca_band_6k+grade_estimate_10+general_or_nonacademic
contraction,5205,808,10,0,n,tier3_bnc_coca+bnc_coca_band_6k+grade_estimate_10+general_or_nonacademic
convoy,5206,781,10,0,n,tier3_bnc_coca+bnc_coca_band_6k+grade_estimate_10+general_or_nonacademic
coroner,5208,900,10,0,n,tier3_bnc_coca+bnc_coca_band_6k+grade_estimate_10+general_or_nonacademic
corporal,5209,724,10,0,adj,tier3_bnc_coca+bnc_coca_band_6k+grade_estimate_10+general_or_nonacademic
corrode,5211,576,10,0,n,tier3_bnc_coca+bnc_coca_band_6k+grade_estimate_10+general_or_nonacademic
cosmic,5212,404,10,0,adj,tier3_bnc_coca+bnc_coca_band_6k+grade_estimate_10+general_or_nonacademic
coupon,5213,812,10,0,n,tier3_bnc_coca+bnc_coca_band_6k+grade_estimate_10+general_or_nonacademic
covert,5214,500,10,0,adj,tier3_bnc_coca+bnc_coca_band_6k+grade_estimate_10+general_or_nonacademic
cracker,5215,364,10,0,n,tier3_bnc_coca+bnc_coca_band_6k+grade_estimate_10+general_or_nonacademic
crackle,5216,448,10,0,n,tier3_bnc_coca+bnc_coca_band_6k+grade_estimate_10+general_or_nonacademic
cram,5217,654,10,0,n,tier3_bnc_coca+bnc_coca_band_6k+grade_estimate_10+general_or_nonacademic
crate,5218,469,10,0,v,tier3_bnc_coca+bnc_coca_band_6k+grade_estimate_10+general_or_nonacademic
crater,5219,518,10,0,v,tier3_bnc_coca+bnc_coca_band_6k+grade_estimate_10+general_or_nonacademic
crave,5220,473,10,0,n,tier3_bnc_coca+bnc_coca_band_6k+grade_estimate_10+general_or_nonacademic
creak,5221,552,10,0,v,tier3_bnc_coca+bnc_coca_band_6k+grade_estimate_10+general_or_nonacademic
crease,5222,487,10,0,n,tier3_bnc_coca+bnc_coca_band_6k+grade_estimate_10+general_or_nonacademic
credentials,5223,378,10,0,n,tier3_bnc_coca+bnc_coca_band_6k+grade_estimate_10+general_or_nonacademic
crow,5224,648,10,0,v,tier3_bnc_coca+bnc_coca_band_6k+grade_estimate_10+general_or_nonacademic
crumb,5225,357,10,0,v,tier3_bnc_coca+bnc_coca_band_6k+grade_estimate_10+general_or_nonacademic
crumple,5226,457,10,0,n,tier3_bnc_coca+bnc_coca_band_6k+grade_estimate_10+general_or_nonacademic
cuff,5227,490,10,0,v,tier3_bnc_coca+bnc_coca_band_6k+grade_estimate_10+general_or_nonacademic
cuisine,5228,501,10,0,n,tier3_bnc_coca+bnc_coca_band_6k+grade_estimate_10+general_or_nonacademic
cumulative,5229,750,10,0,adj,tier3_bnc_coca+bnc_coca_band_6k+grade_estimate_10+general_or_nonacademic
curry,5230,627,10,0,v,tier3_bnc_coca+bnc_coca_band_6k+grade_estimate_10+general_or_nonacademic
curtail,5231,560,10,0,v,tier3_bnc_coca+bnc_coca_band_6k+grade_estimate_10+general_or_nonacademic
cute,5232,320,10,0,adj,tier3_bnc_coca+bnc_coca_band_6k+grade_estimate_10+general_or_nonacademic
deacon,5233,719,10,0,n,tier3_bnc_coca+bnc_coca_band_6k+grade_estimate_10+general_or_nonacademic
dean,5234,2015,10,0,n,tier3_bnc_coca+bnc_coca_band_6k+grade_estimate_10+general_or_nonacademic
decency,5236,494,10,0,n,tier3_bnc_coca+bnc_coca_band_6k+grade_estimate_10+general_or_nonacademic
decentralize,5237,803,10,0,v,tier3_bnc_coca+bnc_coca_band_6k+grade_estimate_10+general_or_nonacademic
deception,5238,786,10,0,n,tier3_bnc_coca+bnc_coca_band_6k+grade_estimate_10+general_or_nonacademic
defected,5239,521,10,0,n,tier3_bnc_coca+bnc_coca_band_6k+grade_estimate_10+general_or_nonacademic
deflect,5240,558,10,0,v,tier3_bnc_coca+bnc_coca_band_6k+grade_estimate_10+general_or_nonacademic
deform,5241,644,10,0,v,tier3_bnc_coca+bnc_coca_band_6k+grade_estimate_10+general_or_nonacademic
degenerate,5242,729,10,0,v,tier3_bnc_coca+bnc_coca_band_6k+grade_estimate_10+general_or_nonacademic
deliberated,5243,565,10,0,n,tier3_bnc_coca+bnc_coca_band_6k+grade_estimate_10+general_or_nonacademic
delinquent,5244,470,10,0,adj,tier3_bnc_coca+bnc_coca_band_6k+grade_estimate_10+general_or_nonacademic
delude,5245,485,10,0,n,tier3_bnc_coca+bnc_coca_band_6k+grade_estimate_10+general_or_nonacademic
dementia,5246,672,10,0,n,tier3_bnc_coca+bnc_coca_band_6k+grade_estimate_10+general_or_nonacademic
demolish,5247,1032,10,0,v,tier3_bnc_coca+bnc_coca_band_6k+grade_estimate_10+general_or_nonacademic
den,5248,534,10,0,v,tier3_bnc_coca+bnc_coca_band_6k+grade_estimate_10+general_or_nonacademic
denomination,5249,641,10,1,n,tier3_bnc_coca+bnc_coca_band_6k+grade_estimate_10+academic_tion
dent,5251,564,10,0,v,tier3_bnc_coca+bnc_coca_band_6k+grade_estimate_10+general_or_nonacademic
deport,5253,578,10,0,v,tier3_bnc_coca+bnc_coca_band_6k+grade_estimate_10+general_or_nonacademic
deposition,5254,576,10,0,n,tier3_bnc_coca+bnc_coca_band_6k+grade_estimate_10+general_or_nonacademic
deregulate,5255,567,10,0,v,tier3_bnc_coca+bnc_coca_band_6k+grade_estimate_10+general_or_nonacademic
deride,5256,533,10,0,n,tier3_bnc_coca+bnc_coca_band_6k+grade_estimate_10+general_or_nonacademic
despise,5257,714,10,0,v,tier3_bnc_coca+bnc_coca_band_6k+grade_estimate_10+general_or_nonacademic
detriment,5258,721,10,0,n,tier3_bnc_coca+bnc_coca_band_6k+grade_estimate_10+general_or_nonacademic
devalue,5259,956,10,0,n,tier3_bnc_coca+bnc_coca_band_6k+grade_estimate_10+general_or_nonacademic
deviant,5260,794,10,0,n,tier3_bnc_coca+bnc_coca_band_6k+grade_estimate_10+general_or_nonacademic
diagonal,5261,658,10,0,adj,tier3_bnc_coca+bnc_coca_band_6k+grade_estimate_10+general_or_nonacademic
diarrhoea,5263,794,10,0,n,tier3_bnc_coca+bnc_coca_band_6k+grade_estimate_10+general_or_nonacademic
digit,5264,577,10,0,n,tier3_bnc_coca+bnc_coca_band_6k+grade_estimate_10+general_or_nonacademic
dignify,5265,546,10,0,v,tier3_bnc_coca+bnc_coca_band_6k+grade_estimate_10+general_or_nonacademic
diligent,5266,560,10,0,adj,tier3_bnc_coca+bnc_coca_band_6k+grade_estimate_10+general_or_nonacademic
diploma,5267,995,10,0,n,tier3_bnc_coca+bnc_coca_band_6k+grade_estimate_10+general_or_nonacademic
dire,5268,508,10,0,adj,tier3_bnc_coca+bnc_coca_band_6k+grade_estimate_10+general_or_nonacademic
disciple,5269,645,10,0,n,tier3_bnc_coca+bnc_coca_band_6k+grade_estimate_10+general_or_nonacademic
disco,5270,1001,10,0,n,tier3_bnc_coca+bnc_coca_band_6k+grade_estimate_10+general_or_nonacademic
disconnect,5271,397,10,0,v,tier3_bnc_coca+bnc_coca_band_6k+grade_estimate_10+general_or_nonacademic
discontent,5272,778,10,0,v,tier3_bnc_coca+bnc_coca_band_6k+grade_estimate_10+general_or_nonacademic
discredit,5273,601,10,0,v,tier3_bnc_coca+bnc_coca_band_6k+grade_estimate_10+general_or_nonacademic
disdain,5275,402,10,0,v,tier3_bnc_coca+bnc_coca_band_6k+grade_estimate_10+general_or_nonacademic
dishonest,5276,713,10,0,adj,tier3_bnc_coca+bnc_coca_band_6k+grade_estimate_10+general_or_nonacademic
disillusion,5277,661,10,0,v,tier3_bnc_coca+bnc_coca_band_6k+grade_estimate_10+general_or_nonacademic
dismal,5278,493,10,0,adj,tier3_bnc_coca+bnc_coca_band_6k+grade_estimate_10+general_or_nonacademic
disparity,5279,397,10,0,n,tier3_bnc_coca+bnc_coca_band_6k+grade_estimate_10+general_or_nonacademic
disproportion,5280,530,10,0,n,tier3_bnc_coca+bnc_coca_band_6k+grade_estimate_10+general_or_nonacademic
disqualify,5281,707,10,0,v,tier3_bnc_coca+bnc_coca_band_6k+grade_estimate_10+general_or_nonacademic
disregard,5282,840,10,0,v,tier3_bnc_coca+bnc_coca_band_6k+grade_estimate_10+general_or_nonacademic
disseminate,5283,706,10,0,v,tier3_bnc_coca+bnc_coca_band_6k+grade_estimate_10+general_or_nonacademic
dissident,5284,700,10,0,n,tier3_bnc_coca+bnc_coca_band_6k+grade_estimate_10+general_or_nonacademic
distaste,5285,618,10,0,n,tier3_bnc_coca+bnc_coca_band_6k+grade_estimate_10+general_or_nonacademic
distil,5286,909,10,0,n,tier3_bnc_coca+bnc_coca_band_6k+grade_estimate_10+general_or_nonacademic
distrust,5287,504,10,0,v,tier3_bnc_coca+bnc_coca_band_6k+grade_estimate_10+general_or_nonacademic
donkey,5288,715,10,0,n,tier3_bnc_coca+bnc_coca_band_6k+grade_estimate_10+general_or_nonacademic
dormitory,5289,275,10,0,n,tier3_bnc_coca+bnc_coca_band_6k+grade_estimate_10+general_or_nonacademic
dove,5291,499,10,0,n,tier3_bnc_coca+bnc_coca_band_6k+grade_estimate_10+general_or_nonacademic
drawback,5292,583,10,0,n,tier3_bnc_coca+bnc_coca_band_6k+grade_estimate_10+general_or_nonacademic
duct,5293,455,10,0,v,tier3_bnc_coca+bnc_coca_band_6k+grade_estimate_10+general_or_nonacademic
dummy,5294,543,10,0,n,tier3_bnc_coca+bnc_coca_band_6k+grade_estimate_10+general_or_nonacademic
dune,5295,575,10,0,n,tier3_bnc_coca+bnc_coca_band_6k+grade_estimate_10+general_or_nonacademic
dwindle,5296,484,10,0,n,tier3_bnc_coca+bnc_coca_band_6k+grade_estimate_10+general_or_nonacademic
dynasty,5297,716,10,0,n,tier3_bnc_coca+bnc_coca_band_6k+grade_estimate_10+general_or_nonacademic
ecosystem,5298,283,10,0,n,tier3_bnc_coca+bnc_coca_band_6k+grade_estimate_10+general_or_nonacademic
eerie,5299,373,10,0,n,tier3_bnc_coca+bnc_coca_band_6k+grade_estimate_10+general_or_nonacademic
eldest,5300,1013,10,0,n,tier3_bnc_coca+bnc_coca_band_6k+grade_estimate_10+general_or_nonacademic
elegance,5301,491,10,0,n,tier3_bnc_coca+bnc_coca_band_6k+grade_estimate_10+general_or_nonacademic
eloquent,5302,531,10,0,adj,tier3_bnc_coca+bnc_coca_band_6k+grade_estimate_10+general_or_nonacademic
emanate,5303,523,10,0,v,tier3_bnc_coca+bnc_coca_band_6k+grade_estimate_10+general_or_nonacademic
embargo,5304,423,10,0,n,tier3_bnc_coca+bnc_coca_band_6k+grade_estimate_10+general_or_nonacademic
eminent,5305,895,10,0,adj,tier3_bnc_coca+bnc_coca_band_6k+grade_estimate_10+general_or_nonacademic
empathy,5306,370,10,0,n,tier3_bnc_coca+bnc_coca_band_6k+grade_estimate_10+general_or_nonacademic
emphatic,5307,572,10,0,adj,tier3_bnc_coca+bnc_coca_band_6k+grade_estimate_10+general_or_nonacademic
emulate,5308,848,10,0,v,tier3_bnc_coca+bnc_coca_band_6k+grade_estimate_10+general_or_nonacademic
enchant,5309,738,10,0,v,tier3_bnc_coca+bnc_coca_band_6k+grade_estimate_10+general_or_nonacademic
entice,5311,437,10,0,n,tier3_bnc_coca+bnc_coca_band_6k+grade_estimate_10+general_or_nonacademic
entrench,5312,440,10,0,v,tier3_bnc_coca+bnc_coca_band_6k+grade_estimate_10+general_or_nonacademic
equate,5314,710,10,0,v,tier3_bnc_coca+bnc_coca_band_6k+grade_estimate_10+general_or_nonacademic
equitable,5315,702,10,0,adj,tier3_bnc_coca+bnc_coca_band_6k+grade_estimate_10+general_or_nonacademic
equivocal,5316,573,10,0,adj,tier3_bnc_coca+bnc_coca_band_6k+grade_estimate_10+general_or_nonacademic
eradicate,5317,717,10,0,v,tier3_bnc_coca+bnc_coca_band_6k+grade_estimate_10+general_or_nonacademic
erotic,5318,544,10,0,adj,tier3_bnc_coca+bnc_coca_band_6k+grade_estimate_10+general_or_nonacademic
err,5319,466,10,0,v,tier3_bnc_coca+bnc_coca_band_6k+grade_estimate_10+general_or_nonacademic
esteem,5320,974,10,0,v,tier3_bnc_coca+bnc_coca_band_6k+grade_estimate_10+general_or_nonacademic
etch,5321,630,10,0,v,tier3_bnc_coca+bnc_coca_band_6k+grade_estimate_10+general_or_nonacademic
eternity,5322,419,10,0,n,tier3_bnc_coca+bnc_coca_band_6k+grade_estimate_10+general_or_nonacademic
ethanol,5323,436,10,0,n,tier3_bnc_coca+bnc_coca_band_6k+grade_estimate_10+general_or_nonacademic
ethnography,5324,394,10,1,n,tier3_bnc_coca+bnc_coca_band_6k+grade_estimate_10+academic_suffix
euro,5325,1214,10,0,n,tier3_bnc_coca+bnc_coca_band_6k+grade_estimate_10+general_or_nonacademic
evade,5326,536,10,0,n,tier3_bnc_coca+bnc_coca_band_6k+grade_estimate_10+general_or_nonacademic
evict,5327,546,10,0,v,tier3_bnc_coca+bnc_coca_band_6k+grade_estimate_10+general_or_nonacademic
exasperate,5328,628,10,0,v,tier3_bnc_coca+bnc_coca_band_6k+grade_estimate_10+general_or_nonacademic
excel,5329,448,10,0,n,tier3_bnc_coca+bnc_coca_band_6k+grade_estimate_10+general_or_nonacademic
excise,5330,887,10,0,v,tier3_bnc_coca+bnc_coca_band_6k+grade_estimate_10+general_or_nonacademic
excursion,5331,829,10,0,n,tier3_bnc_coca+bnc_coca_band_6k+grade_estimate_10+general_or_nonacademic
exemplar,5332,480,10,0,n,tier3_bnc_coca+bnc_coca_band_6k+grade_estimate_10+general_or_nonacademic
exemplify,5333,735,10,0,v,tier3_bnc_coca+bnc_coca_band_6k+grade_estimate_10+general_or_nonacademic
exhilarate,5334,460,10,0,v,tier3_bnc_coca+bnc_coca_band_6k+grade_estimate_10+general_or_nonacademic
explicable,5335,492,10,0,adj,tier3_bnc_coca+bnc_coca_band_6k+grade_estimate_10+general_or_nonacademic
extravagant,5336,517,10,0,adj,tier3_bnc_coca+bnc_coca_band_6k+grade_estimate_10+general_or_nonacademic
fabricate,5337,430,10,0,v,tier3_bnc_coca+bnc_coca_band_6k+grade_estimate_10+general_or_nonacademic
falcon,5339,461,10,0,n,tier3_bnc_coca+bnc_coca_band_6k+grade_estimate_10+general_or_nonacademic
falter,5340,509,10,0,v,tier3_bnc_coca+bnc_coca_band_6k+grade_estimate_10+general_or_nonacademic
famine,5341,715,10,0,n,tier3_bnc_coca+bnc_coca_band_6k+grade_estimate_10+general_or_nonacademic
fanatic,5342,643,10,0,adj,tier3_bnc_coca+bnc_coca_band_6k+grade_estimate_10+general_or_nonacademic
fascist,5343,1130,10,0,n,tier3_bnc_coca+bnc_coca_band_6k+grade_estimate_10+general_or_nonacademic
feat,5344,534,10,0,n,tier3_bnc_coca+bnc_coca_band_6k+grade_estimate_10+general_or_nonacademic
feeble,5345,665,10,0,n,tier3_bnc_coca+bnc_coca_band_6k+grade_estimate_10+general_or_nonacademic
felled,5346,807,10,0,n,tier3_bnc_coca+bnc_coca_band_6k+grade_estimate_10+general_or_nonacademic
feminism,5347,705,10,0,n,tier3_bnc_coca+bnc_coca_band_6k+grade_estimate_10+general_or_nonacademic
fidelity,5349,478,10,0,n,tier3_bnc_coca+bnc_coca_band_6k+grade_estimate_10+general_or_nonacademic
fiery,5350,472,10,0,n,tier3_bnc_coca+bnc_coca_band_6k+grade_estimate_10+general_or_nonacademic
firearm,5353,461,10,0,n,tier3_bnc_coca+bnc_coca_band_6k+grade_estimate_10+general_or_nonacademic
firefight,5354,203,10,0,v,tier3_bnc_coca+bnc_coca_band_6k+grade_estimate_10+general_or_nonacademic
firework,5355,510,10,0,n,tier3_bnc_coca+bnc_coca_band_6k+grade_estimate_10+general_or_nonacademic
fleeting,5356,489,10,0,adj,tier3_bnc_coca+bnc_coca_band_6k+grade_estimate_10+general_or_nonacademic
flex,5357,551,10,0,v,tier3_bnc_coca+bnc_coca_band_6k+grade_estimate_10+general_or_nonacademic
flirt,5358,540,10,0,v,tier3_bnc_coca+bnc_coca_band_6k+grade_estimate_10+general_or_nonacademic
flora,5359,1010,10,0,n,tier3_bnc_coca+bnc_coca_band_6k+grade_estimate_10+general_or_nonacademic
floral,5360,446,10,0,adj,tier3_bnc_coca+bnc_coca_band_6k+grade_estimate_10+general_or_nonacademic
fluent,5361,647,10,0,adj,tier3_bnc_coca+bnc_coca_band_6k+grade_estimate_10+general_or_nonacademic
fluff,5362,421,10,0,v,tier3_bnc_coca+bnc_coca_band_6k+grade_estimate_10+general_or_nonacademic
fluorescent,5363,473,10,0,adj,tier3_bnc_coca+bnc_coca_band_6k+grade_estimate_10+general_or_nonacademic
flute,5364,507,10,0,n,tier3_bnc_coca+bnc_coca_band_6k+grade_estimate_10+general_or_nonacademic
focal,5366,529,10,0,adj,tier3_bnc_coca+bnc_coca_band_6k+grade_estimate_10+general_or_nonacademic
foe,5367,508,10,0,n,tier3_bnc_coca+bnc_coca_band_6k+grade_estimate_10+general_or_nonacademic
folder,5368,455,10,0,n,tier3_bnc_coca+bnc_coca_band_6k+grade_estimate_10+general_or_nonacademic
folly,5369,1099,10,0,adv,tier3_bnc_coca+bnc_coca_band_6k+grade_estimate_10+general_or_nonacademic
footing,5370,460,10,0,n,tier3_bnc_coca+bnc_coca_band_6k+grade_estimate_10+general_or_nonacademic
forensic,5371,510,10,0,adj,tier3_bnc_coca+bnc_coca_band_6k+grade_estimate_10+general_or_nonacademic
forgo,5372,657,10,0,v,tier3_bnc_coca+bnc_coca_band_6k+grade_estimate_10+general_or_nonacademic
fortify,5373,627,10,0,v,tier3_bnc_coca+bnc_coca_band_6k+grade_estimate_10+general_or_nonacademic
fortress,5374,642,10,0,n,tier3_bnc_coca+bnc_coca_band_6k+grade_estimate_10+general_or_nonacademic
frail,5375,768,10,0,adj,tier3_bnc_coca+bnc_coca_band_6k+grade_estimate_10+general_or_nonacademic
fray,5376,420,10,0,v,tier3_bnc_coca+bnc_coca_band_6k+grade_estimate_10+general_or_nonacademic
freak,5377,493,10,0,n,tier3_bnc_coca+bnc_coca_band_6k+grade_estimate_10+general_or_nonacademic
freelance,5378,457,10,0,n,tier3_bnc_coca+bnc_coca_band_6k+grade_estimate_10+general_or_nonacademic
frenzy,5379,505,10,0,n,tier3_bnc_coca+bnc_coca_band_6k+grade_estimate_10+general_or_nonacademic
fret,5380,636,10,0,n,tier3_bnc_coca+bnc_coca_band_6k+grade_estimate_10+general_or_nonacademic
fumble,5382,515,10,0,n,tier3_bnc_coca+bnc_coca_band_6k+grade_estimate_10+general_or_nonacademic
futile,5383,514,10,0,n,tier3_bnc_coca+bnc_coca_band_6k+grade_estimate_10+general_or_nonacademic
gag,5384,405,10,0,n,tier3_bnc_coca+bnc_coca_band_6k+grade_estimate_10+general_or_nonacademic
gala,5385,453,10,0,n,tier3_bnc_coca+bnc_coca_band_6k+grade_estimate_10+general_or_nonacademic
gall,5386,1292,10,0,v,tier3_bnc_coca+bnc_coca_band_6k+grade_estimate_10+general_or_nonacademic
gape,5388,490,10,0,n,tier3_bnc_coca+bnc_coca_band_6k+grade_estimate_10+general_or_nonacademic
garnish,5390,299,10,0,v,tier3_bnc_coca+bnc_coca_band_6k+grade_estimate_10+general_or_nonacademic
garrison,5391,639,10,0,v,tier3_bnc_coca+bnc_coca_band_6k+grade_estimate_10+general_or_nonacademic
gem,5392,582,10,0,n,tier3_bnc_coca+bnc_coca_band_6k+grade_estimate_10+general_or_nonacademic
genesis,5393,591,10,0,n,tier3_bnc_coca+bnc_coca_band_6k+grade_estimate_10+general_or_nonacademic
genome,5394,393,10,0,n,tier3_bnc_coca+bnc_coca_band_6k+grade_estimate_10+general_or_nonacademic
gentry,5395,677,10,0,n,tier3_bnc_coca+bnc_coca_band_6k+grade_estimate_10+general_or_nonacademic
gigantic,5396,403,10,0,adj,tier3_bnc_coca+bnc_coca_band_6k+grade_estimate_10+general_or_nonacademic
gin,5397,619,10,0,n,tier3_bnc_coca+bnc_coca_band_6k+grade_estimate_10+general_or_nonacademic
gland,5399,704,10,0,n,tier3_bnc_coca+bnc_coca_band_6k+grade_estimate_10+general_or_nonacademic
glint,5400,476,10,0,v,tier3_bnc_coca+bnc_coca_band_6k+grade_estimate_10+general_or_nonacademic
glisten,5401,388,10,0,v,tier3_bnc_coca+bnc_coca_band_6k+grade_estimate_10+general_or_nonacademic
gloss,5402,799,10,0,v,tier3_bnc_coca+bnc_coca_band_6k+grade_estimate_10+general_or_nonacademic
glossy,5403,648,10,0,n,tier3_bnc_coca+bnc_coca_band_6k+grade_estimate_10+general_or_nonacademic
godfather,5404,497,10,0,n,tier3_bnc_coca+bnc_coca_band_6k+grade_estimate_10+general_or_nonacademic
gothic,5405,1237,10,0,adj,tier3_bnc_coca+bnc_coca_band_6k+grade_estimate_10+general_or_nonacademic
gracious,5406,637,10,0,adj,tier3_bnc_coca+bnc_coca_band_6k+grade_estimate_10+general_or_nonacademic
graft,5407,524,10,0,v,tier3_bnc_coca+bnc_coca_band_6k+grade_estimate_10+general_or_nonacademic
granite,5408,641,10,0,n,tier3_bnc_coca+bnc_coca_band_6k+grade_estimate_10+general_or_nonacademic
granny,5409,660,10,0,n,tier3_bnc_coca+bnc_coca_band_6k+grade_estimate_10+general_or_nonacademic
gratify,5410,550,10,0,v,tier3_bnc_coca+bnc_coca_band_6k+grade_estimate_10+general_or_nonacademic
grievance,5411,669,10,0,n,tier3_bnc_coca+bnc_coca_band_6k+grade_estimate_10+general_or_nonacademic
grieve,5412,555,10,0,n,tier3_bnc_coca+bnc_coca_band_6k+grade_estimate_10+general_or_nonacademic
grimace,5413,425,10,0,n,tier3_bnc_coca+bnc_coca_band_6k+grade_estimate_10+general_or_nonacademic
groove,5414,792,10,0,n,tier3_bnc_coca+bnc_coca_band_6k+grade_estimate_10+general_or_nonacademic
grudge,5415,590,10,0,n,tier3_bnc_coca+bnc_coca_band_6k+grade_estimate_10+general_or_nonacademic
gulp,5417,540,10,0,v,tier3_bnc_coca+bnc_coca_band_6k+grade_estimate_10+general_or_nonacademic
gutter,5418,693,10,0,v,tier3_bnc_coca+bnc_coca_band_6k+grade_estimate_10+general_or_nonacademic
gypsy,5419,1072,10,0,n,tier3_bnc_coca+bnc_coca_band_6k+grade_estimate_10+general_or_nonacademic
halve,5420,692,10,0,n,tier3_bnc_coca+bnc_coca_band_6k+grade_estimate_10+general_or_nonacademic
hamper,5421,702,10,0,v,tier3_bnc_coca+bnc_coca_band_6k+grade_estimate_10+general_or_nonacademic
handbook,5422,630,10,0,n,tier3_bnc_coca+bnc_coca_band_6k+grade_estimate_10+general_or_nonacademic
hearty,5424,437,10,0,n,tier3_bnc_coca+bnc_coca_band_6k+grade_estimate_10+general_or_nonacademic
heath,5425,1444,10,0,n,tier3_bnc_coca+bnc_coca_band_6k+grade_estimate_10+general_or_nonacademic
hectare,5426,983,10,0,n,tier3_bnc_coca+bnc_coca_band_6k+grade_estimate_10+general_or_nonacademic
heed,5427,511,10,0,v,tier3_bnc_coca+bnc_coca_band_6k+grade_estimate_10+general_or_nonacademic
hegemony,5428,445,10,0,n,tier3_bnc_coca+bnc_coca_band_6k+grade_estimate_10+general_or_nonacademic
hem,5429,498,10,0,n,tier3_bnc_coca+bnc_coca_band_6k+grade_estimate_10+general_or_nonacademic
heroine,5431,471,10,0,n,tier3_bnc_coca+bnc_coca_band_6k+grade_estimate_10+general_or_nonacademic
hesitant,5432,524,10,0,adj,tier3_bnc_coca+bnc_coca_band_6k+grade_estimate_10+general_or_nonacademic
hijack,5433,384,10,0,v,tier3_bnc_coca+bnc_coca_band_6k+grade_estimate_10+general_or_nonacademic
hitch,5434,645,10,0,v,tier3_bnc_coca+bnc_coca_band_6k+grade_estimate_10+general_or_nonacademic
hoist,5435,403,10,0,v,tier3_bnc_coca+bnc_coca_band_6k+grade_estimate_10+general_or_nonacademic
holistic,5436,467,10,0,adj,tier3_bnc_coca+bnc_coca_band_6k+grade_estimate_10+general_or_nonacademic
homicide,5437,226,10,0,n,tier3_bnc_coca+bnc_coca_band_6k+grade_estimate_10+general_or_nonacademic
homogeneous,5438,553,10,0,adj,tier3_bnc_coca+bnc_coca_band_6k+grade_estimate_10+general_or_nonacademic
honeymoon,5439,578,10,0,n,tier3_bnc_coca+bnc_coca_band_6k+grade_estimate_10+general_or_nonacademic
horrific,5440,453,10,0,adj,tier3_bnc_coca+bnc_coca_band_6k+grade_estimate_10+general_or_nonacademic
hose,5441,452,10,0,n,tier3_bnc_coca+bnc_coca_band_6k+grade_estimate_10+general_or_nonacademic
hospitality,5442,893,10,0,n,tier3_bnc_coca+bnc_coca_band_6k+grade_estimate_10+general_or_nonacademic
hound,5443,784,10,0,v,tier3_bnc_coca+bnc_coca_band_6k+grade_estimate_10+general_or_nonacademic
hub,5444,360,10,0,n,tier3_bnc_coca+bnc_coca_band_6k+grade_estimate_10+general_or_nonacademic
huddle,5445,516,10,0,n,tier3_bnc_coca+bnc_coca_band_6k+grade_estimate_10+general_or_nonacademic
hue,5446,409,10,0,n,tier3_bnc_coca+bnc_coca_band_6k+grade_estimate_10+general_or_nonacademic
hull,5447,1505,10,0,n,tier3_bnc_coca+bnc_coca_band_6k+grade_estimate_10+general_or_nonacademic
humane,5448,481,10,0,adj,tier3_bnc_coca+bnc_coca_band_6k+grade_estimate_10+general_or_nonacademic
humanities,5449,479,10,0,n,tier3_bnc_coca+bnc_coca_band_6k+grade_estimate_10+general_or_nonacademic
humid,5450,522,10,0,n,tier3_bnc_coca+bnc_coca_band_6k+grade_estimate_10+general_or_nonacademic
hunch,5451,491,10,0,v,tier3_bnc_coca+bnc_coca_band_6k+grade_estimate_10+general_or_nonacademic
hygiene,5453,825,10,0,n,tier3_bnc_coca+bnc_coca_band_6k+grade_estimate_10+general_or_nonacademic
hymn,5454,729,10,0,n,tier3_bnc_coca+bnc_coca_band_6k+grade_estimate_10+general_or_nonacademic
hype,5455,436,10,0,n,tier3_bnc_coca+bnc_coca_band_6k+grade_estimate_10+general_or_nonacademic
hypothetical,5456,510,10,0,adj,tier3_bnc_coca+bnc_coca_band_6k+grade_estimate_10+general_or_nonacademic
hysterical,5457,587,10,0,adj,tier3_bnc_coca+bnc_coca_band_6k+grade_estimate_10+general_or_nonacademic
ibid,5458,673,10,0,n,tier3_bnc_coca+bnc_coca_band_6k+grade_estimate_10+general_or_nonacademic
idol,5459,482,10,0,n,tier3_bnc_coca+bnc_coca_band_6k+grade_estimate_10+general_or_nonacademic
immoral,5461,474,10,0,adj,tier3_bnc_coca+bnc_coca_band_6k+grade_estimate_10+general_or_nonacademic
impeach,5462,216,10,0,v,tier3_bnc_coca+bnc_coca_band_6k+grade_estimate_10+general_or_nonacademic
impede,5463,421,10,0,n,tier3_bnc_coca+bnc_coca_band_6k+grade_estimate_10+general_or_nonacademic
impending,5464,432,10,0,n,tier3_bnc_coca+bnc_coca_band_6k+grade_estimate_10+general_or_nonacademic
impetus,5465,647,10,0,n,tier3_bnc_coca+bnc_coca_band_6k+grade_estimate_10+general_or_nonacademic
impoverish,5466,443,10,0,v,tier3_bnc_coca+bnc_coca_band_6k+grade_estimate_10+general_or_nonacademic
imprint,5467,447,10,0,v,tier3_bnc_coca+bnc_coca_band_6k+grade_estimate_10+general_or_nonacademic
inadvertent,5468,420,10,0,adj,tier3_bnc_coca+bnc_coca_band_6k+grade_estimate_10+general_or_nonacademic
inaugurate,5469,520,10,0,v,tier3_bnc_coca+bnc_coca_band_6k+grade_estimate_10+general_or_nonacademic
incarnate,5470,406,10,0,v,tier3_bnc_coca+bnc_coca_band_6k+grade_estimate_10+general_or_nonacademic
incinerate,5471,458,10,0,v,tier3_bnc_coca+bnc_coca_band_6k+grade_estimate_10+general_or_nonacademic
incise,5472,554,10,0,v,tier3_bnc_coca+bnc_coca_band_6k+grade_estimate_10+general_or_nonacademic
inclusive,5473,472,10,0,adj,tier3_bnc_coca+bnc_coca_band_6k+grade_estimate_10+general_or_nonacademic
incomprehensible,5474,573,10,0,adj,tier3_bnc_coca+bnc_coca_band_6k+grade_estimate_10+general_or_nonacademic
increment,5475,542,10,0,n,tier3_bnc_coca+bnc_coca_band_6k+grade_estimate_10+general_or_nonacademic
incubate,5476,898,10,0,v,tier3_bnc_coca+bnc_coca_band_6k+grade_estimate_10+general_or_nonacademic
indignant,5477,850,10,0,adj,tier3_bnc_coca+bnc_coca_band_6k+grade_estimate_10+general_or_nonacademic
indispensable,5478,485,10,0,adj,tier3_bnc_coca+bnc_coca_band_6k+grade_estimate_10+general_or_nonacademic
induct,5479,751,10,0,v,tier3_bnc_coca+bnc_coca_band_6k+grade_estimate_10+general_or_nonacademic
infantry,5480,563,10,0,n,tier3_bnc_coca+bnc_coca_band_6k+grade_estimate_10+general_or_nonacademic
infiltrate,5481,529,10,0,v,tier3_bnc_coca+bnc_coca_band_6k+grade_estimate_10+general_or_nonacademic
influx,5482,417,10,0,n,tier3_bnc_coca+bnc_coca_band_6k+grade_estimate_10+general_or_nonacademic
informative,5483,598,10,0,adj,tier3_bnc_coca+bnc_coca_band_6k+grade_estimate_10+general_or_nonacademic
infringe,5484,826,10,0,n,tier3_bnc_coca+bnc_coca_band_6k+grade_estimate_10+general_or_nonacademic
injunction,5485,1036,10,0,n,tier3_bnc_coca+bnc_coca_band_6k+grade_estimate_10+general_or_nonacademic
inscribe,5486,425,10,0,n,tier3_bnc_coca+bnc_coca_band_6k+grade_estimate_10+general_or_nonacademic
inscription,5487,534,10,1,n,tier3_bnc_coca+bnc_coca_band_6k+grade_estimate_10+academic_tion
insulin,5488,803,10,0,n,tier3_bnc_coca+bnc_coca_band_6k+grade_estimate_10+general_or_nonacademic
insurgent,5489,229,10,0,n,tier3_bnc_coca+bnc_coca_band_6k+grade_estimate_10+general_or_nonacademic
intellect,5490,448,10,0,n,tier3_bnc_coca+bnc_coca_band_6k+grade_estimate_10+general_or_nonacademic
interchange,5491,702,10,0,n,tier3_bnc_coca+bnc_coca_band_6k+grade_estimate_10+general_or_nonacademic
intermittent,5492,543,10,0,adj,tier3_bnc_coca+bnc_coca_band_6k+grade_estimate_10+general_or_nonacademic
intern,5493,291,10,0,v,tier3_bnc_coca+bnc_coca_band_6k+grade_estimate_10+general_or_nonacademic
intolerable,5494,778,10,0,adj,tier3_bnc_coca+bnc_coca_band_6k+grade_estimate_10+general_or_nonacademic
intricate,5495,576,10,0,adj,tier3_bnc_coca+bnc_coca_band_6k+grade_estimate_10+general_or_nonacademic
intrusion,5496,548,10,0,n,tier3_bnc_coca+bnc_coca_band_6k+grade_estimate_10+general_or_nonacademic
intuition,5497,547,10,0,n,tier3_bnc_coca+bnc_coca_band_6k+grade_estimate_10+general_or_nonacademic
intuitive,5498,647,10,0,adj,tier3_bnc_coca+bnc_coca_band_6k+grade_estimate_10+general_or_nonacademic
involuntary,5500,585,10,0,n,tier3_bnc_coca+bnc_coca_band_6k+grade_estimate_10+general_or_nonacademic
ironed,5501,809,10,0,n,tier3_bnc_coca+bnc_coca_band_6k+grade_estimate_10+general_or_nonacademic
irresistible,5502,587,10,0,adj,tier3_bnc_coca+bnc_coca_band_6k+grade_estimate_10+general_or_nonacademic
irrigate,5503,375,10,0,v,tier3_bnc_coca+bnc_coca_band_6k+grade_estimate_10+general_or_nonacademic
irritable,5504,684,10,0,adj,tier3_bnc_coca+bnc_coca_band_6k+grade_estimate_10+general_or_nonacademic
isle,5505,2215,10,0,n,tier3_bnc_coca+bnc_coca_band_6k+grade_estimate_10+general_or_nonacademic
itch,5506,441,10,0,v,tier3_bnc_coca+bnc_coca_band_6k+grade_estimate_10+general_or_nonacademic
jaguar,5507,561,10,0,n,tier3_bnc_coca+bnc_coca_band_6k+grade_estimate_10+general_or_nonacademic
jealousy,5508,747,10,0,n,tier3_bnc_coca+bnc_coca_band_6k+grade_estimate_10+general_or_nonacademic
jeep,5509,486,10,0,n,tier3_bnc_coca+bnc_coca_band_6k+grade_estimate_10+general_or_nonacademic
jelly,5510,620,10,0,adv,tier3_bnc_coca+bnc_coca_band_6k+grade_estimate_10+general_or_nonacademic
jersey,5511,1196,10,0,n,tier3_bnc_coca+bnc_coca_band_6k+grade_estimate_10+general_or_nonacademic
jolly,5512,918,10,0,adv,tier3_bnc_coca+bnc_coca_band_6k+grade_estimate_10+general_or_nonacademic
jug,5514,679,10,0,n,tier3_bnc_coca+bnc_coca_band_6k+grade_estimate_10+general_or_nonacademic
juggle,5515,395,10,0,n,tier3_bnc_coca+bnc_coca_band_6k+grade_estimate_10+general_or_nonacademic
juror,5516,199,10,0,n,tier3_bnc_coca+bnc_coca_band_6k+grade_estimate_10+general_or_nonacademic
justly,5517,671,10,0,adv,tier3_bnc_coca+bnc_coca_band_6k+grade_estimate_10+general_or_nonacademic
kettle,5518,928,10,0,n,tier3_bnc_coca+bnc_coca_band_6k+grade_estimate_10+general_or_nonacademic
kidding,5519,299,10,0,n,tier3_bnc_coca+bnc_coca_band_6k+grade_estimate_10+general_or_nonacademic
kite,5520,982,10,0,n,tier3_bnc_coca+bnc_coca_band_6k+grade_estimate_10+general_or_nonacademic
knob,5521,448,10,0,n,tier3_bnc_coca+bnc_coca_band_6k+grade_estimate_10+general_or_nonacademic
lance,5523,508,10,0,n,tier3_bnc_coca+bnc_coca_band_6k+grade_estimate_10+general_or_nonacademic
lantern,5524,376,10,0,n,tier3_bnc_coca+bnc_coca_band_6k+grade_estimate_10+general_or_nonacademic
latch,5525,408,10,0,v,tier3_bnc_coca+bnc_coca_band_6k+grade_estimate_10+general_or_nonacademic
latent,5526,789,10,0,adj,tier3_bnc_coca+bnc_coca_band_6k+grade_estimate_10+general_or_nonacademic
latitude,5527,438,10,0,n,tier3_bnc_coca+bnc_coca_band_6k+grade_estimate_10+general_or_nonacademic
lavender,5529,514,10,0,n,tier3_bnc_coca+bnc_coca_band_6k+grade_estimate_10+general_or_nonacademic
levy,5532,1560,10,0,v,tier3_bnc_coca+bnc_coca_band_6k+grade_estimate_10+general_or_nonacademic
lily,5533,1120,10,0,adv,tier3_bnc_coca+bnc_coca_band_6k+grade_estimate_10+general_or_nonacademic
limousine,5534,287,10,0,n,tier3_bnc_coca+bnc_coca_band_6k+grade_estimate_10+general_or_nonacademic
lineage,5535,453,10,0,n,tier3_bnc_coca+bnc_coca_band_6k+grade_estimate_10+general_or_nonacademic
liner,5536,612,10,0,n,tier3_bnc_coca+bnc_coca_band_6k+grade_estimate_10+general_or_nonacademic
liquidate,5537,914,10,0,v,tier3_bnc_coca+bnc_coca_band_6k+grade_estimate_10+general_or_nonacademic
litre,5538,1422,10,0,n,tier3_bnc_coca+bnc_coca_band_6k+grade_estimate_10+general_or_nonacademic
liturgy,5539,549,10,0,n,tier3_bnc_coca+bnc_coca_band_6k+grade_estimate_10+general_or_nonacademic
loaf,5542,578,10,0,n,tier3_bnc_coca+bnc_coca_band_6k+grade_estimate_10+general_or_nonacademic
loathe,5543,647,10,0,n,tier3_bnc_coca+bnc_coca_band_6k+grade_estimate_10+general_or_nonacademic
lobster,5544,327,10,0,n,tier3_bnc_coca+bnc_coca_band_6k+grade_estimate_10+general_or_nonacademic
locality,5545,1146,10,0,n,tier3_bnc_coca+bnc_coca_band_6k+grade_estimate_10+general_or_nonacademic
locker,5546,349,10,0,n,tier3_bnc_coca+bnc_coca_band_6k+grade_estimate_10+general_or_nonacademic
locomotive,5547,1533,10,0,adj,tier3_bnc_coca+bnc_coca_band_6k+grade_estimate_10+general_or_nonacademic
logistics,5550,454,10,1,n,tier3_bnc_coca+bnc_coca_band_6k+grade_estimate_10+academic_suffix
lottery,5551,394,10,0,n,tier3_bnc_coca+bnc_coca_band_6k+grade_estimate_10+general_or_nonacademic
lotus,5552,886,10,0,n,tier3_bnc_coca+bnc_coca_band_6k+grade_estimate_10+general_or_nonacademic
lucrative,5553,518,10,0,adj,tier3_bnc_coca+bnc_coca_band_6k+grade_estimate_10+general_or_nonacademic
lumber,5555,289,10,0,v,tier3_bnc_coca+bnc_coca_band_6k+grade_estimate_10+general_or_nonacademic
luminous,5556,395,10,0,adj,tier3_bnc_coca+bnc_coca_band_6k+grade_estimate_10+general_or_nonacademic
lurch,5557,580,10,0,v,tier3_bnc_coca+bnc_coca_band_6k+grade_estimate_10+general_or_nonacademic
lush,5558,456,10,0,adj,tier3_bnc_coca+bnc_coca_band_6k+grade_estimate_10+general_or_nonacademic
mahogany,5560,585,10,0,n,tier3_bnc_coca+bnc_coca_band_6k+grade_estimate_10+general_or_nonacademic
maiden,5561,673,10,0,adj,tier3_bnc_coca+bnc_coca_band_6k+grade_estimate_10+general_or_nonacademic
makeup,5562,168,10,0,n,tier3_bnc_coca+bnc_coca_band_6k+grade_estimate_10+general_or_nonacademic
maladjusted,5563,45,10,0,n,tier3_bnc_coca+bnc_coca_band_6k+grade_estimate_10+general_or_nonacademic
malign,5564,693,10,0,v,tier3_bnc_coca+bnc_coca_band_6k+grade_estimate_10+general_or_nonacademic
mantle,5565,606,10,0,n,tier3_bnc_coca+bnc_coca_band_6k+grade_estimate_10+general_or_nonacademic
maple,5566,426,10,0,n,tier3_bnc_coca+bnc_coca_band_6k+grade_estimate_10+general_or_nonacademic
mar,5567,1376,10,0,n,tier3_bnc_coca+bnc_coca_band_6k+grade_estimate_10+general_or_nonacademic
mare,5568,860,10,0,n,tier3_bnc_coca+bnc_coca_band_6k+grade_estimate_10+general_or_nonacademic
maritime,5569,570,10,0,n,tier3_bnc_coca+bnc_coca_band_6k+grade_estimate_10+general_or_nonacademic
martial,5570,533,10,0,adj,tier3_bnc_coca+bnc_coca_band_6k+grade_estimate_10+general_or_nonacademic
mash,5571,437,10,0,v,tier3_bnc_coca+bnc_coca_band_6k+grade_estimate_10+general_or_nonacademic
masterpiece,5572,581,10,0,n,tier3_bnc_coca+bnc_coca_band_6k+grade_estimate_10+general_or_nonacademic
materialize,5573,480,10,0,v,tier3_bnc_coca+bnc_coca_band_6k+grade_estimate_10+general_or_nonacademic
maze,5574,517,10,0,n,tier3_bnc_coca+bnc_coca_band_6k+grade_estimate_10+general_or_nonacademic
mega,5575,337,10,0,n,tier3_bnc_coca+bnc_coca_band_6k+grade_estimate_10+general_or_nonacademic
melancholy,5576,470,10,0,adv,tier3_bnc_coca+bnc_coca_band_6k+grade_estimate_10+general_or_nonacademic
memorandum,5577,1069,10,0,n,tier3_bnc_coca+bnc_coca_band_6k+grade_estimate_10+general_or_nonacademic
mend,5578,728,10,0,v,tier3_bnc_coca+bnc_coca_band_6k+grade_estimate_10+general_or_nonacademic
merchandise,5580,351,10,0,v,tier3_bnc_coca+bnc_coca_band_6k+grade_estimate_10+general_or_nonacademic
mesh,5582,629,10,0,v,tier3_bnc_coca+bnc_coca_band_6k+grade_estimate_10+general_or_nonacademic
metaphysic,5584,547,10,0,adj,tier3_bnc_coca+bnc_coca_band_6k+grade_estimate_10+general_or_nonacademic
meteor,5585,375,10,0,n,tier3_bnc_coca+bnc_coca_band_6k+grade_estimate_10+general_or_nonacademic
meticulous,5586,480,10,0,adj,tier3_bnc_coca+bnc_coca_band_6k+grade_estimate_10+general_or_nonacademic
millionaire,5588,619,10,0,n,tier3_bnc_coca+bnc_coca_band_6k+grade_estimate_10+general_or_nonacademic
mince,5589,429,10,0,n,tier3_bnc_coca+bnc_coca_band_6k+grade_estimate_10+general_or_nonacademic
mingle,5590,641,10,0,n,tier3_bnc_coca+bnc_coca_band_6k+grade_estimate_10+general_or_nonacademic
mini,5591,1841,10,0,n,tier3_bnc_coca+bnc_coca_band_6k+grade_estimate_10+general_or_nonacademic
miraculous,5592,562,10,0,adj,tier3_bnc_coca+bnc_coca_band_6k+grade_estimate_10+general_or_nonacademic
mischief,5593,747,10,0,n,tier3_bnc_coca+bnc_coca_band_6k+grade_estimate_10+general_or_nonacademic
morbid,5596,588,10,0,adj,tier3_bnc_coca+bnc_coca_band_6k+grade_estimate_10+general_or_nonacademic
mosque,5597,412,10,0,n,tier3_bnc_coca+bnc_coca_band_6k+grade_estimate_10+general_or_nonacademic
moss,5598,1088,10,0,n,tier3_bnc_coca+bnc_coca_band_6k+grade_estimate_10+general_or_nonacademic
mow,5600,532,10,0,v,tier3_bnc_coca+bnc_coca_band_6k+grade_estimate_10+general_or_nonacademic
muffle,5601,442,10,0,n,tier3_bnc_coca+bnc_coca_band_6k+grade_estimate_10+general_or_nonacademic
mule,5602,339,10,0,n,tier3_bnc_coca+bnc_coca_band_6k+grade_estimate_10+general_or_nonacademic
multicultural,5603,254,10,0,adj,tier3_bnc_coca+bnc_coca_band_6k+grade_estimate_10+general_or_nonacademic
multitude,5604,548,10,0,n,tier3_bnc_coca+bnc_coca_band_6k+grade_estimate_10+general_or_nonacademic
mumble,5605,633,10,0,n,tier3_bnc_coca+bnc_coca_band_6k+grade_estimate_10+general_or_nonacademic
mundane,5606,435,10,0,adj,tier3_bnc_coca+bnc_coca_band_6k+grade_estimate_10+general_or_nonacademic
muscular,5607,630,10,0,adj,tier3_bnc_coca+bnc_coca_band_6k+grade_estimate_10+general_or_nonacademic
muster,5609,506,10,0,v,tier3_bnc_coca+bnc_coca_band_6k+grade_estimate_10+general_or_nonacademic
myriad,5610,331,10,0,n,tier3_bnc_coca+bnc_coca_band_6k+grade_estimate_10+general_or_nonacademic
mythology,5611,593,10,1,n,tier3_bnc_coca+bnc_coca_band_6k+grade_estimate_10+academic_exact
nag,5612,502,10,0,n,tier3_bnc_coca+bnc_coca_band_6k+grade_estimate_10+general_or_nonacademic
nausea,5614,460,10,0,n,tier3_bnc_coca+bnc_coca_band_6k+grade_estimate_10+general_or_nonacademic
necessitate,5615,715,10,0,v,tier3_bnc_coca+bnc_coca_band_6k+grade_estimate_10+general_or_nonacademic
necklace,5616,383,10,0,n,tier3_bnc_coca+bnc_coca_band_6k+grade_estimate_10+general_or_nonacademic
nightclub,5618,433,10,0,n,tier3_bnc_coca+bnc_coca_band_6k+grade_estimate_10+general_or_nonacademic
nitrate,5619,679,10,0,v,tier3_bnc_coca+bnc_coca_band_6k+grade_estimate_10+general_or_nonacademic
nostalgia,5621,487,10,0,n,tier3_bnc_coca+bnc_coca_band_6k+grade_estimate_10+general_or_nonacademic
nostril,5622,506,10,0,n,tier3_bnc_coca+bnc_coca_band_6k+grade_estimate_10+general_or_nonacademic
notate,5623,595,10,0,v,tier3_bnc_coca+bnc_coca_band_6k+grade_estimate_10+general_or_nonacademic
notch,5624,428,10,0,v,tier3_bnc_coca+bnc_coca_band_6k+grade_estimate_10+general_or_nonacademic
notwithstanding,5625,727,10,0,prep,tier3_bnc_coca+bnc_coca_band_6k+grade_estimate_10+general_or_nonacademic
nourish,5626,571,10,0,v,tier3_bnc_coca+bnc_coca_band_6k+grade_estimate_10+general_or_nonacademic
novelty,5627,574,10,0,n,tier3_bnc_coca+bnc_coca_band_6k+grade_estimate_10+general_or_nonacademic
nudge,5629,485,10,0,n,tier3_bnc_coca+bnc_coca_band_6k+grade_estimate_10+general_or_nonacademic
nylon,5630,764,10,0,n,tier3_bnc_coca+bnc_coca_band_6k+grade_estimate_10+general_or_nonacademic
obese,5631,385,10,0,n,tier3_bnc_coca+bnc_coca_band_6k+grade_estimate_10+general_or_nonacademic
ominous,5632,497,10,0,adj,tier3_bnc_coca+bnc_coca_band_6k+grade_estimate_10+general_or_nonacademic
omission,5633,860,10,0,n,tier3_bnc_coca+bnc_coca_band_6k+grade_estimate_10+general_or_nonacademic
opportune,5635,504,10,0,adj,tier3_bnc_coca+bnc_coca_band_6k+grade_estimate_10+general_or_nonacademic
optimise,5636,466,10,0,v,tier3_bnc_coca+bnc_coca_band_6k+grade_estimate_10+general_or_nonacademic
oracle,5637,744,10,0,n,tier3_bnc_coca+bnc_coca_band_6k+grade_estimate_10+general_or_nonacademic
orchard,5638,673,10,0,n,tier3_bnc_coca+bnc_coca_band_6k+grade_estimate_10+general_or_nonacademic
ordeal,5639,609,10,0,adj,tier3_bnc_coca+bnc_coca_band_6k+grade_estimate_10+general_or_nonacademic
ore,5640,596,10,0,n,tier3_bnc_coca+bnc_coca_band_6k+grade_estimate_10+general_or_nonacademic
oscar,5641,834,10,0,n,tier3_bnc_coca+bnc_coca_band_6k+grade_estimate_10+general_or_nonacademic
oscillate,5642,540,10,0,v,tier3_bnc_coca+bnc_coca_band_6k+grade_estimate_10+general_or_nonacademic
ostensible,5643,497,10,0,adj,tier3_bnc_coca+bnc_coca_band_6k+grade_estimate_10+general_or_nonacademic
oust,5644,463,10,0,v,tier3_bnc_coca+bnc_coca_band_6k+grade_estimate_10+general_or_nonacademic
outing,5645,763,10,0,n,tier3_bnc_coca+bnc_coca_band_6k+grade_estimate_10+general_or_nonacademic
outlaw,5646,523,10,0,v,tier3_bnc_coca+bnc_coca_band_6k+grade_estimate_10+general_or_nonacademic
outskirts,5647,600,10,0,n,tier3_bnc_coca+bnc_coca_band_6k+grade_estimate_10+general_or_nonacademic
outweigh,5648,504,10,0,v,tier3_bnc_coca+bnc_coca_band_6k+grade_estimate_10+general_or_nonacademic
overcrowd,5649,613,10,0,v,tier3_bnc_coca+bnc_coca_band_6k+grade_estimate_10+general_or_nonacademic
overhaul,5650,456,10,0,v,tier3_bnc_coca+bnc_coca_band_6k+grade_estimate_10+general_or_nonacademic
overhear,5651,415,10,0,v,tier3_bnc_coca+bnc_coca_band_6k+grade_estimate_10+general_or_nonacademic
overtake,5652,915,10,0,n,tier3_bnc_coca+bnc_coca_band_6k+grade_estimate_10+general_or_nonacademic
overweight,5653,384,10,0,n,tier3_bnc_coca+bnc_coca_band_6k+grade_estimate_10+general_or_nonacademic
oxide,5654,664,10,0,n,tier3_bnc_coca+bnc_coca_band_6k+grade_estimate_10+general_or_nonacademic
oyster,5655,359,10,0,n,tier3_bnc_coca+bnc_coca_band_6k+grade_estimate_10+general_or_nonacademic
pagan,5656,631,10,0,n,tier3_bnc_coca+bnc_coca_band_6k+grade_estimate_10+general_or_nonacademic
palette,5657,352,10,0,n,tier3_bnc_coca+bnc_coca_band_6k+grade_estimate_10+general_or_nonacademic
pamphlet,5658,767,10,0,n,tier3_bnc_coca+bnc_coca_band_6k+grade_estimate_10+general_or_nonacademic
pant,5659,449,10,0,v,tier3_bnc_coca+bnc_coca_band_6k+grade_estimate_10+general_or_nonacademic
papal,5660,864,10,0,adj,tier3_bnc_coca+bnc_coca_band_6k+grade_estimate_10+general_or_nonacademic
parachute,5661,726,10,0,n,tier3_bnc_coca+bnc_coca_band_6k+grade_estimate_10+general_or_nonacademic
paramount,5662,604,10,0,n,tier3_bnc_coca+bnc_coca_band_6k+grade_estimate_10+general_or_nonacademic
parlour,5663,585,10,0,n,tier3_bnc_coca+bnc_coca_band_6k+grade_estimate_10+general_or_nonacademic
parody,5664,466,10,0,v,tier3_bnc_coca+bnc_coca_band_6k+grade_estimate_10+general_or_nonacademic
parrot,5665,547,10,0,v,tier3_bnc_coca+bnc_coca_band_6k+grade_estimate_10+general_or_nonacademic
partiality,5667,617,10,0,n,tier3_bnc_coca+bnc_coca_band_6k+grade_estimate_10+general_or_nonacademic
pastor,5669,300,10,0,n,tier3_bnc_coca+bnc_coca_band_6k+grade_estimate_10+general_or_nonacademic
pathology,5670,638,10,1,n,tier3_bnc_coca+bnc_coca_band_6k+grade_estimate_10+academic_exact
patio,5671,475,10,0,n,tier3_bnc_coca+bnc_coca_band_6k+grade_estimate_10+general_or_nonacademic
patronage,5672,876,10,0,n,tier3_bnc_coca+bnc_coca_band_6k+grade_estimate_10+general_or_nonacademic
pavilion,5673,603,10,0,n,tier3_bnc_coca+bnc_coca_band_6k+grade_estimate_10+general_or_nonacademic
paw,5674,482,10,0,v,tier3_bnc_coca+bnc_coca_band_6k+grade_estimate_10+general_or_nonacademic
payroll,5675,423,10,0,n,tier3_bnc_coca+bnc_coca_band_6k+grade_estimate_10+general_or_nonacademic
pear,5677,764,10,0,n,tier3_bnc_coca+bnc_coca_band_6k+grade_estimate_10+general_or_nonacademic
pebble,5678,582,10,0,n,tier3_bnc_coca+bnc_coca_band_6k+grade_estimate_10+general_or_nonacademic
pedagogy,5679,435,10,1,n,tier3_bnc_coca+bnc_coca_band_6k+grade_estimate_10+academic_exact
peg,5680,1282,10,0,n,tier3_bnc_coca+bnc_coca_band_6k+grade_estimate_10+general_or_nonacademic
penis,5681,570,10,0,n,tier3_bnc_coca+bnc_coca_band_6k+grade_estimate_10+general_or_nonacademic
perennial,5682,440,10,0,adj,tier3_bnc_coca+bnc_coca_band_6k+grade_estimate_10+general_or_nonacademic
perk,5685,514,10,0,v,tier3_bnc_coca+bnc_coca_band_6k+grade_estimate_10+general_or_nonacademic
perpetrate,5686,401,10,0,v,tier3_bnc_coca+bnc_coca_band_6k+grade_estimate_10+general_or_nonacademic
perpetual,5687,660,10,0,adj,tier3_bnc_coca+bnc_coca_band_6k+grade_estimate_10+general_or_nonacademic
perpetuate,5688,528,10,0,v,tier3_bnc_coca+bnc_coca_band_6k+grade_estimate_10+general_or_nonacademic
pervasive,5689,452,10,0,adj,tier3_bnc_coca+bnc_coca_band_6k+grade_estimate_10+general_or_nonacademic
perverse,5690,592,10,0,adj,tier3_bnc_coca+bnc_coca_band_6k+grade_estimate_10+general_or_nonacademic
petal,5691,534,10,0,adj,tier3_bnc_coca+bnc_coca_band_6k+grade_estimate_10+general_or_nonacademic
picket,5694,682,10,0,v,tier3_bnc_coca+bnc_coca_band_6k+grade_estimate_10+general_or_nonacademic
pickle,5695,414,10,0,n,tier3_bnc_coca+bnc_coca_band_6k+grade_estimate_10+general_or_nonacademic
pigment,5696,494,10,0,v,tier3_bnc_coca+bnc_coca_band_6k+grade_estimate_10+general_or_nonacademic
pike,5697,624,10,0,n,tier3_bnc_coca+bnc_coca_band_6k+grade_estimate_10+general_or_nonacademic
pinpoint,5698,423,10,0,v,tier3_bnc_coca+bnc_coca_band_6k+grade_estimate_10+general_or_nonacademic
planed,5699,119,10,0,n,tier3_bnc_coca+bnc_coca_band_6k+grade_estimate_10+general_or_nonacademic
plank,5700,603,10,0,v,tier3_bnc_coca+bnc_coca_band_6k+grade_estimate_10+general_or_nonacademic
plaque,5701,610,10,0,n,tier3_bnc_coca+bnc_coca_band_6k+grade_estimate_10+general_or_nonacademic
plight,5703,708,10,0,n,tier3_bnc_coca+bnc_coca_band_6k+grade_estimate_10+general_or_nonacademic
plum,5704,472,10,0,n,tier3_bnc_coca+bnc_coca_band_6k+grade_estimate_10+general_or_nonacademic
plume,5705,685,10,0,n,tier3_bnc_coca+bnc_coca_band_6k+grade_estimate_10+general_or_nonacademic
plump,5706,672,10,0,v,tier3_bnc_coca+bnc_coca_band_6k+grade_estimate_10+general_or_nonacademic
pneumonia,5707,444,10,0,n,tier3_bnc_coca+bnc_coca_band_6k+grade_estimate_10+general_or_nonacademic
poach,5708,685,10,0,v,tier3_bnc_coca+bnc_coca_band_6k+grade_estimate_10+general_or_nonacademic
polo,5709,613,10,0,n,tier3_bnc_coca+bnc_coca_band_6k+grade_estimate_10+general_or_nonacademic
polymer,5710,1264,10,0,n,tier3_bnc_coca+bnc_coca_band_6k+grade_estimate_10+general_or_nonacademic
pornography,5711,944,10,1,n,tier3_bnc_coca+bnc_coca_band_6k+grade_estimate_10+academic_suffix
poultry,5714,407,10,0,n,tier3_bnc_coca+bnc_coca_band_6k+grade_estimate_10+general_or_nonacademic
precarious,5715,501,10,0,adj,tier3_bnc_coca+bnc_coca_band_6k+grade_estimate_10+general_or_nonacademic
preclude,5716,659,10,0,n,tier3_bnc_coca+bnc_coca_band_6k+grade_estimate_10+general_or_nonacademic
premiere,5717,311,10,0,n,tier3_bnc_coca+bnc_coca_band_6k+grade_estimate_10+general_or_nonacademic
presuppose,5718,742,10,0,n,tier3_bnc_coca+bnc_coca_band_6k+grade_estimate_10+general_or_nonacademic
preview,5719,514,10,0,v,tier3_bnc_coca+bnc_coca_band_6k+grade_estimate_10+general_or_nonacademic
procure,5720,752,10,0,n,tier3_bnc_coca+bnc_coca_band_6k+grade_estimate_10+general_or_nonacademic
prod,5721,385,10,0,n,tier3_bnc_coca+bnc_coca_band_6k+grade_estimate_10+general_or_nonacademic
proliferate,5722,1268,10,0,v,tier3_bnc_coca+bnc_coca_band_6k+grade_estimate_10+general_or_nonacademic
prominence,5723,609,10,0,n,tier3_bnc_coca+bnc_coca_band_6k+grade_estimate_10+general_or_nonacademic
propaganda,5724,1258,10,0,n,tier3_bnc_coca+bnc_coca_band_6k+grade_estimate_10+general_or_nonacademic
propagate,5725,714,10,0,v,tier3_bnc_coca+bnc_coca_band_6k+grade_estimate_10+general_or_nonacademic
proponent,5726,307,10,0,n,tier3_bnc_coca+bnc_coca_band_6k+grade_estimate_10+general_or_nonacademic
protagonist,5727,341,10,0,n,tier3_bnc_coca+bnc_coca_band_6k+grade_estimate_10+general_or_nonacademic
provisional,5728,1198,10,0,adj,tier3_bnc_coca+bnc_coca_band_6k+grade_estimate_10+general_or_nonacademic
prune,5729,657,10,0,n,tier3_bnc_coca+bnc_coca_band_6k+grade_estimate_10+general_or_nonacademic
psychic,5730,557,10,0,adj,tier3_bnc_coca+bnc_coca_band_6k+grade_estimate_10+general_or_nonacademic
punctuate,5731,600,10,0,v,tier3_bnc_coca+bnc_coca_band_6k+grade_estimate_10+general_or_nonacademic
punk,5732,648,10,0,n,tier3_bnc_coca+bnc_coca_band_6k+grade_estimate_10+general_or_nonacademic
purge,5734,652,10,0,n,tier3_bnc_coca+bnc_coca_band_6k+grade_estimate_10+general_or_nonacademic
purify,5735,757,10,0,v,tier3_bnc_coca+bnc_coca_band_6k+grade_estimate_10+general_or_nonacademic
purport,5736,679,10,0,v,tier3_bnc_coca+bnc_coca_band_6k+grade_estimate_10+general_or_nonacademic
pyjamas,5737,454,10,0,n,tier3_bnc_coca+bnc_coca_band_6k+grade_estimate_10+general_or_nonacademic
queue,5739,1766,10,0,v,tier3_bnc_coca+bnc_coca_band_6k+grade_estimate_10+general_or_nonacademic
quilt,5740,389,10,0,v,tier3_bnc_coca+bnc_coca_band_6k+grade_estimate_10+general_or_nonacademic
quiver,5741,586,10,0,v,tier3_bnc_coca+bnc_coca_band_6k+grade_estimate_10+general_or_nonacademic
racket,5743,566,10,0,n,tier3_bnc_coca+bnc_coca_band_6k+grade_estimate_10+general_or_nonacademic
radiance,5744,383,10,0,n,tier3_bnc_coca+bnc_coca_band_6k+grade_estimate_10+general_or_nonacademic
ragged,5747,632,10,0,adj,tier3_bnc_coca+bnc_coca_band_6k+grade_estimate_10+general_or_nonacademic
ramble,5748,783,10,0,n,tier3_bnc_coca+bnc_coca_band_6k+grade_estimate_10+general_or_nonacademic
rash,5749,585,10,0,adj,tier3_bnc_coca+bnc_coca_band_6k+grade_estimate_10+general_or_nonacademic
rave,5750,738,10,0,n,tier3_bnc_coca+bnc_coca_band_6k+grade_estimate_10+general_or_nonacademic
razor,5751,554,10,0,n,tier3_bnc_coca+bnc_coca_band_6k+grade_estimate_10+general_or_nonacademic
reap,5752,567,10,0,v,tier3_bnc_coca+bnc_coca_band_6k+grade_estimate_10+general_or_nonacademic
rebound,5753,254,10,0,v,tier3_bnc_coca+bnc_coca_band_6k+grade_estimate_10+general_or_nonacademic
recede,5754,512,10,0,n,tier3_bnc_coca+bnc_coca_band_6k+grade_estimate_10+general_or_nonacademic
receptive,5755,425,10,0,adj,tier3_bnc_coca+bnc_coca_band_6k+grade_estimate_10+general_or_nonacademic
recess,5757,480,10,0,v,tier3_bnc_coca+bnc_coca_band_6k+grade_estimate_10+general_or_nonacademic
reciprocal,5758,566,10,0,adj,tier3_bnc_coca+bnc_coca_band_6k+grade_estimate_10+general_or_nonacademic
redeem,5759,681,10,0,v,tier3_bnc_coca+bnc_coca_band_6k+grade_estimate_10+general_or_nonacademic
redemption,5760,620,10,0,n,tier3_bnc_coca+bnc_coca_band_6k+grade_estimate_10+general_or_nonacademic
reed,5761,1243,10,0,n,tier3_bnc_coca+bnc_coca_band_6k+grade_estimate_10+general_or_nonacademic
reflex,5762,680,10,0,n,tier3_bnc_coca+bnc_coca_band_6k+grade_estimate_10+general_or_nonacademic
refrain,5763,585,10,0,v,tier3_bnc_coca+bnc_coca_band_6k+grade_estimate_10+general_or_nonacademic
refund,5764,570,10,0,v,tier3_bnc_coca+bnc_coca_band_6k+grade_estimate_10+general_or_nonacademic
refurbish,5765,905,10,0,v,tier3_bnc_coca+bnc_coca_band_6k+grade_estimate_10+general_or_nonacademic
regenerate,5766,943,10,0,v,tier3_bnc_coca+bnc_coca_band_6k+grade_estimate_10+general_or_nonacademic
registry,5767,563,10,0,n,tier3_bnc_coca+bnc_coca_band_6k+grade_estimate_10+general_or_nonacademic
reimburse,5768,364,10,0,n,tier3_bnc_coca+bnc_coca_band_6k+grade_estimate_10+general_or_nonacademic
reinstate,5769,628,10,0,v,tier3_bnc_coca+bnc_coca_band_6k+grade_estimate_10+general_or_nonacademic
reiterate,5770,708,10,0,v,tier3_bnc_coca+bnc_coca_band_6k+grade_estimate_10+general_or_nonacademic
relegate,5771,922,10,0,v,tier3_bnc_coca+bnc_coca_band_6k+grade_estimate_10+general_or_nonacademic
relic,5772,596,10,0,adj,tier3_bnc_coca+bnc_coca_band_6k+grade_estimate_10+general_or_nonacademic
relinquish,5773,512,10,0,v,tier3_bnc_coca+bnc_coca_band_6k+grade_estimate_10+general_or_nonacademic
remnant,5774,542,10,0,n,tier3_bnc_coca+bnc_coca_band_6k+grade_estimate_10+general_or_nonacademic
renounce,5775,548,10,0,n,tier3_bnc_coca+bnc_coca_band_6k+grade_estimate_10+general_or_nonacademic
repeal,5776,548,10,0,v,tier3_bnc_coca+bnc_coca_band_6k+grade_estimate_10+general_or_nonacademic
repel,5777,459,10,0,n,tier3_bnc_coca+bnc_coca_band_6k+grade_estimate_10+general_or_nonacademic
resilience,5779,448,10,0,n,tier3_bnc_coca+bnc_coca_band_6k+grade_estimate_10+general_or_nonacademic
resonance,5780,435,10,0,n,tier3_bnc_coca+bnc_coca_band_6k+grade_estimate_10+general_or_nonacademic
respirator,5781,570,10,0,n,tier3_bnc_coca+bnc_coca_band_6k+grade_estimate_10+general_or_nonacademic
retard,5782,490,10,0,v,tier3_bnc_coca+bnc_coca_band_6k+grade_estimate_10+general_or_nonacademic
retort,5783,788,10,0,v,tier3_bnc_coca+bnc_coca_band_6k+grade_estimate_10+general_or_nonacademic
revel,5784,479,10,0,v,tier3_bnc_coca+bnc_coca_band_6k+grade_estimate_10+general_or_nonacademic
reverend,5785,1861,10,0,n,tier3_bnc_coca+bnc_coca_band_6k+grade_estimate_10+general_or_nonacademic
revert,5786,841,10,0,v,tier3_bnc_coca+bnc_coca_band_6k+grade_estimate_10+general_or_nonacademic
rhyme,5787,729,10,0,n,tier3_bnc_coca+bnc_coca_band_6k+grade_estimate_10+general_or_nonacademic
riddle,5788,590,10,0,n,tier3_bnc_coca+bnc_coca_band_6k+grade_estimate_10+general_or_nonacademic
rogue,5790,426,10,0,n,tier3_bnc_coca+bnc_coca_band_6k+grade_estimate_10+general_or_nonacademic
rouge,5791,579,10,0,n,tier3_bnc_coca+bnc_coca_band_6k+grade_estimate_10+general_or_nonacademic
rouse,5792,603,10,0,n,tier3_bnc_coca+bnc_coca_band_6k+grade_estimate_10+general_or_nonacademic
rubble,5793,383,10,0,n,tier3_bnc_coca+bnc_coca_band_6k+grade_estimate_10+general_or_nonacademic
rugby,5794,3476,10,0,n,tier3_bnc_coca+bnc_coca_band_6k+grade_estimate_10+general_or_nonacademic
rugged,5795,380,10,0,adj,tier3_bnc_coca+bnc_coca_band_6k+grade_estimate_10+general_or_nonacademic
rustle,5796,463,10,0,n,tier3_bnc_coca+bnc_coca_band_6k+grade_estimate_10+general_or_nonacademic
sacrament,5797,392,10,0,n,tier3_bnc_coca+bnc_coca_band_6k+grade_estimate_10+general_or_nonacademic
sag,5798,481,10,0,n,tier3_bnc_coca+bnc_coca_band_6k+grade_estimate_10+general_or_nonacademic
saga,5799,472,10,0,n,tier3_bnc_coca+bnc_coca_band_6k+grade_estimate_10+general_or_nonacademic
sage,5800,429,10,0,adj,tier3_bnc_coca+bnc_coca_band_6k+grade_estimate_10+general_or_nonacademic
salient,5801,392,10,0,adj,tier3_bnc_coca+bnc_coca_band_6k+grade_estimate_10+general_or_nonacademic
saloon,5802,677,10,0,n,tier3_bnc_coca+bnc_coca_band_6k+grade_estimate_10+general_or_nonacademic
salvage,5803,523,10,0,n,tier3_bnc_coca+bnc_coca_band_6k+grade_estimate_10+general_or_nonacademic
satire,5805,499,10,0,n,tier3_bnc_coca+bnc_coca_band_6k+grade_estimate_10+general_or_nonacademic
savour,5806,442,10,0,v,tier3_bnc_coca+bnc_coca_band_6k+grade_estimate_10+general_or_nonacademic
scalp,5807,410,10,0,v,tier3_bnc_coca+bnc_coca_band_6k+grade_estimate_10+general_or_nonacademic
scant,5808,427,10,0,adj,tier3_bnc_coca+bnc_coca_band_6k+grade_estimate_10+general_or_nonacademic
schizophrenic,5810,591,10,0,adj,tier3_bnc_coca+bnc_coca_band_6k+grade_estimate_10+general_or_nonacademic
scorn,5812,815,10,0,v,tier3_bnc_coca+bnc_coca_band_6k+grade_estimate_10+general_or_nonacademic
screech,5814,401,10,0,v,tier3_bnc_coca+bnc_coca_band_6k+grade_estimate_10+general_or_nonacademic
scribble,5815,474,10,0,n,tier3_bnc_coca+bnc_coca_band_6k+grade_estimate_10+general_or_nonacademic
secrecy,5817,665,10,0,n,tier3_bnc_coca+bnc_coca_band_6k+grade_estimate_10+general_or_nonacademic
seep,5819,487,10,0,v,tier3_bnc_coca+bnc_coca_band_6k+grade_estimate_10+general_or_nonacademic
sensual,5822,507,10,0,adj,tier3_bnc_coca+bnc_coca_band_6k+grade_estimate_10+general_or_nonacademic
serene,5823,459,10,0,adj,tier3_bnc_coca+bnc_coca_band_6k+grade_estimate_10+general_or_nonacademic
sewer,5824,593,10,0,n,tier3_bnc_coca+bnc_coca_band_6k+grade_estimate_10+general_or_nonacademic
shear,5825,1031,10,0,v,tier3_bnc_coca+bnc_coca_band_6k+grade_estimate_10+general_or_nonacademic
sherry,5826,587,10,0,n,tier3_bnc_coca+bnc_coca_band_6k+grade_estimate_10+general_or_nonacademic
shimmer,5827,410,10,0,v,tier3_bnc_coca+bnc_coca_band_6k+grade_estimate_10+general_or_nonacademic
shortcoming,5828,484,10,0,n,tier3_bnc_coca+bnc_coca_band_6k+grade_estimate_10+general_or_nonacademic
shovel,5829,388,10,0,n,tier3_bnc_coca+bnc_coca_band_6k+grade_estimate_10+general_or_nonacademic
shrewd,5830,634,10,0,adj,tier3_bnc_coca+bnc_coca_band_6k+grade_estimate_10+general_or_nonacademic
shriek,5831,573,10,0,v,tier3_bnc_coca+bnc_coca_band_6k+grade_estimate_10+general_or_nonacademic
shroud,5832,514,10,0,v,tier3_bnc_coca+bnc_coca_band_6k+grade_estimate_10+general_or_nonacademic
shutter,5833,670,10,0,v,tier3_bnc_coca+bnc_coca_band_6k+grade_estimate_10+general_or_nonacademic
sic,5834,406,10,0,adj,tier3_bnc_coca+bnc_coca_band_6k+grade_estimate_10+general_or_nonacademic
sideline,5835,360,10,0,n,tier3_bnc_coca+bnc_coca_band_6k+grade_estimate_10+general_or_nonacademic
silhouette,5837,473,10,0,n,tier3_bnc_coca+bnc_coca_band_6k+grade_estimate_10+general_or_nonacademic
sinister,5838,685,10,0,adj,tier3_bnc_coca+bnc_coca_band_6k+grade_estimate_10+general_or_nonacademic
siren,5839,431,10,0,v,tier3_bnc_coca+bnc_coca_band_6k+grade_estimate_10+general_or_nonacademic
skim,5840,653,10,0,n,tier3_bnc_coca+bnc_coca_band_6k+grade_estimate_10+general_or_nonacademic
skinny,5841,331,10,0,n,tier3_bnc_coca+bnc_coca_band_6k+grade_estimate_10+general_or_nonacademic
slay,5842,418,10,0,v,tier3_bnc_coca+bnc_coca_band_6k+grade_estimate_10+general_or_nonacademic
sleek,5843,362,10,0,adj,tier3_bnc_coca+bnc_coca_band_6k+grade_estimate_10+general_or_nonacademic
slipper,5845,486,10,0,n,tier3_bnc_coca+bnc_coca_band_6k+grade_estimate_10+general_or_nonacademic
slippery,5846,461,10,0,n,tier3_bnc_coca+bnc_coca_band_6k+grade_estimate_10+general_or_nonacademic
slit,5847,652,10,0,n,tier3_bnc_coca+bnc_coca_band_6k+grade_estimate_10+general_or_nonacademic
slop,5848,434,10,0,n,tier3_bnc_coca+bnc_coca_band_6k+grade_estimate_10+general_or_nonacademic
slug,5849,426,10,0,n,tier3_bnc_coca+bnc_coca_band_6k+grade_estimate_10+general_or_nonacademic
slum,5850,589,10,0,n,tier3_bnc_coca+bnc_coca_band_6k+grade_estimate_10+general_or_nonacademic
sly,5851,412,10,0,adv,tier3_bnc_coca+bnc_coca_band_6k+grade_estimate_10+general_or_nonacademic
snag,5852,374,10,0,n,tier3_bnc_coca+bnc_coca_band_6k+grade_estimate_10+general_or_nonacademic
snarl,5853,564,10,0,v,tier3_bnc_coca+bnc_coca_band_6k+grade_estimate_10+general_or_nonacademic
snipe,5854,376,10,0,n,tier3_bnc_coca+bnc_coca_band_6k+grade_estimate_10+general_or_nonacademic
snort,5855,584,10,0,v,tier3_bnc_coca+bnc_coca_band_6k+grade_estimate_10+general_or_nonacademic
soda,5856,407,10,0,n,tier3_bnc_coca+bnc_coca_band_6k+grade_estimate_10+general_or_nonacademic
solicit,5857,434,10,0,v,tier3_bnc_coca+bnc_coca_band_6k+grade_estimate_10+general_or_nonacademic
sophistication,5859,524,10,1,n,tier3_bnc_coca+bnc_coca_band_6k+grade_estimate_10+academic_tion
souvenir,5860,478,10,0,n,tier3_bnc_coca+bnc_coca_band_6k+grade_estimate_10+general_or_nonacademic
sparse,5861,504,10,0,adj,tier3_bnc_coca+bnc_coca_band_6k+grade_estimate_10+general_or_nonacademic
spectre,5862,481,10,0,n,tier3_bnc_coca+bnc_coca_band_6k+grade_estimate_10+general_or_nonacademic
splinter,5864,437,10,0,v,tier3_bnc_coca+bnc_coca_band_6k+grade_estimate_10+general_or_nonacademic
sponge,5865,765,10,0,n,tier3_bnc_coca+bnc_coca_band_6k+grade_estimate_10+general_or_nonacademic
spreadsheet,5866,843,10,0,n,tier3_bnc_coca+bnc_coca_band_6k+grade_estimate_10+general_or_nonacademic
squadron,5867,1429,10,0,n,tier3_bnc_coca+bnc_coca_band_6k+grade_estimate_10+general_or_nonacademic
squeak,5868,532,10,0,v,tier3_bnc_coca+bnc_coca_band_6k+grade_estimate_10+general_or_nonacademic
squint,5869,350,10,0,v,tier3_bnc_coca+bnc_coca_band_6k+grade_estimate_10+general_or_nonacademic
squirrel,5870,395,10,0,v,tier3_bnc_coca+bnc_coca_band_6k+grade_estimate_10+general_or_nonacademic
staple,5871,620,10,0,n,tier3_bnc_coca+bnc_coca_band_6k+grade_estimate_10+general_or_nonacademic
stature,5872,400,10,0,n,tier3_bnc_coca+bnc_coca_band_6k+grade_estimate_10+general_or_nonacademic
steroid,5873,426,10,0,n,tier3_bnc_coca+bnc_coca_band_6k+grade_estimate_10+general_or_nonacademic
stifle,5875,685,10,0,n,tier3_bnc_coca+bnc_coca_band_6k+grade_estimate_10+general_or_nonacademic
stipulate,5876,751,10,0,v,tier3_bnc_coca+bnc_coca_band_6k+grade_estimate_10+general_or_nonacademic
stoop,5877,522,10,0,v,tier3_bnc_coca+bnc_coca_band_6k+grade_estimate_10+general_or_nonacademic
stout,5878,702,10,0,adj,tier3_bnc_coca+bnc_coca_band_6k+grade_estimate_10+general_or_nonacademic
strait,5879,542,10,0,n,tier3_bnc_coca+bnc_coca_band_6k+grade_estimate_10+general_or_nonacademic
stranded,5880,634,10,0,n,tier3_bnc_coca+bnc_coca_band_6k+grade_estimate_10+general_or_nonacademic
strangle,5881,627,10,0,n,tier3_bnc_coca+bnc_coca_band_6k+grade_estimate_10+general_or_nonacademic
streamline,5882,463,10,0,n,tier3_bnc_coca+bnc_coca_band_6k+grade_estimate_10+general_or_nonacademic
sturdy,5884,523,10,0,n,tier3_bnc_coca+bnc_coca_band_6k+grade_estimate_10+general_or_nonacademic
subdivide,5885,502,10,0,n,tier3_bnc_coca+bnc_coca_band_6k+grade_estimate_10+general_or_nonacademic
subdue,5886,638,10,0,n,tier3_bnc_coca+bnc_coca_band_6k+grade_estimate_10+general_or_nonacademic
submerge,5887,499,10,0,n,tier3_bnc_coca+bnc_coca_band_6k+grade_estimate_10+general_or_nonacademic
subside,5888,805,10,0,n,tier3_bnc_coca+bnc_coca_band_6k+grade_estimate_10+general_or_nonacademic
subsist,5889,613,10,0,v,tier3_bnc_coca+bnc_coca_band_6k+grade_estimate_10+general_or_nonacademic
subvert,5890,497,10,0,v,tier3_bnc_coca+bnc_coca_band_6k+grade_estimate_10+general_or_nonacademic
succumb,5891,528,10,0,v,tier3_bnc_coca+bnc_coca_band_6k+grade_estimate_10+general_or_nonacademic
suffice,5892,640,10,0,n,tier3_bnc_coca+bnc_coca_band_6k+grade_estimate_10+general_or_nonacademic
surpass,5893,396,10,0,v,tier3_bnc_coca+bnc_coca_band_6k+grade_estimate_10+general_or_nonacademic
surreal,5894,470,10,0,adj,tier3_bnc_coca+bnc_coca_band_6k+grade_estimate_10+general_or_nonacademic
swarm,5895,396,10,0,v,tier3_bnc_coca+bnc_coca_band_6k+grade_estimate_10+general_or_nonacademic
swoop,5896,541,10,0,v,tier3_bnc_coca+bnc_coca_band_6k+grade_estimate_10+general_or_nonacademic
syndicate,5898,500,10,0,v,tier3_bnc_coca+bnc_coca_band_6k+grade_estimate_10+general_or_nonacademic
syrup,5900,287,10,0,n,tier3_bnc_coca+bnc_coca_band_6k+grade_estimate_10+general_or_nonacademic
tab,5901,534,10,0,n,tier3_bnc_coca+bnc_coca_band_6k+grade_estimate_10+general_or_nonacademic
taboo,5902,481,10,0,v,tier3_bnc_coca+bnc_coca_band_6k+grade_estimate_10+general_or_nonacademic
tally,5903,411,10,0,adv,tier3_bnc_coca+bnc_coca_band_6k+grade_estimate_10+general_or_nonacademic
tanker,5904,599,10,0,n,tier3_bnc_coca+bnc_coca_band_6k+grade_estimate_10+general_or_nonacademic
tart,5905,574,10,0,adj,tier3_bnc_coca+bnc_coca_band_6k+grade_estimate_10+general_or_nonacademic
tattoo,5906,409,10,0,v,tier3_bnc_coca+bnc_coca_band_6k+grade_estimate_10+general_or_nonacademic
taunt,5907,482,10,0,v,tier3_bnc_coca+bnc_coca_band_6k+grade_estimate_10+general_or_nonacademic
tavern,5908,459,10,0,n,tier3_bnc_coca+bnc_coca_band_6k+grade_estimate_10+general_or_nonacademic
theologian,5910,378,10,0,n,tier3_bnc_coca+bnc_coca_band_6k+grade_estimate_10+general_or_nonacademic
thrash,5912,643,10,0,v,tier3_bnc_coca+bnc_coca_band_6k+grade_estimate_10+general_or_nonacademic
throb,5913,594,10,0,n,tier3_bnc_coca+bnc_coca_band_6k+grade_estimate_10+general_or_nonacademic
thwart,5914,459,10,0,v,tier3_bnc_coca+bnc_coca_band_6k+grade_estimate_10+general_or_nonacademic
tickle,5915,402,10,0,n,tier3_bnc_coca+bnc_coca_band_6k+grade_estimate_10+general_or_nonacademic
tier,5916,1026,10,0,v,tier3_bnc_coca+bnc_coca_band_6k+grade_estimate_10+general_or_nonacademic
topple,5917,436,10,0,n,tier3_bnc_coca+bnc_coca_band_6k+grade_estimate_10+general_or_nonacademic
torque,5918,714,10,0,n,tier3_bnc_coca+bnc_coca_band_6k+grade_estimate_10+general_or_nonacademic
tout,5919,336,10,0,v,tier3_bnc_coca+bnc_coca_band_6k+grade_estimate_10+general_or_nonacademic
toxin,5920,465,10,0,n,tier3_bnc_coca+bnc_coca_band_6k+grade_estimate_10+general_or_nonacademic
trafficked,5921,523,10,0,n,tier3_bnc_coca+bnc_coca_band_6k+grade_estimate_10+general_or_nonacademic
transient,5923,508,10,0,adj,tier3_bnc_coca+bnc_coca_band_6k+grade_estimate_10+general_or_nonacademic
trash,5924,282,10,0,v,tier3_bnc_coca+bnc_coca_band_6k+grade_estimate_10+general_or_nonacademic
traverse,5925,517,10,0,n,tier3_bnc_coca+bnc_coca_band_6k+grade_estimate_10+general_or_nonacademic
treachery,5926,602,10,0,n,tier3_bnc_coca+bnc_coca_band_6k+grade_estimate_10+general_or_nonacademic
trek,5927,613,10,0,n,tier3_bnc_coca+bnc_coca_band_6k+grade_estimate_10+general_or_nonacademic
tribune,5928,352,10,0,n,tier3_bnc_coca+bnc_coca_band_6k+grade_estimate_10+general_or_nonacademic
trolley,5930,878,10,0,n,tier3_bnc_coca+bnc_coca_band_6k+grade_estimate_10+general_or_nonacademic
trump,5931,328,10,0,v,tier3_bnc_coca+bnc_coca_band_6k+grade_estimate_10+general_or_nonacademic
tsar,5932,834,10,0,n,tier3_bnc_coca+bnc_coca_band_6k+grade_estimate_10+general_or_nonacademic
tuberculosis,5933,549,10,1,n,tier3_bnc_coca+bnc_coca_band_6k+grade_estimate_10+academic_suffix
tuition,5934,460,10,0,n,tier3_bnc_coca+bnc_coca_band_6k+grade_estimate_10+general_or_nonacademic
tuna,5935,368,10,0,n,tier3_bnc_coca+bnc_coca_band_6k+grade_estimate_10+general_or_nonacademic
turbine,5936,400,10,0,n,tier3_bnc_coca+bnc_coca_band_6k+grade_estimate_10+general_or_nonacademic
turmoil,5937,532,10,0,n,tier3_bnc_coca+bnc_coca_band_6k+grade_estimate_10+general_or_nonacademic
twilight,5938,373,10,0,n,tier3_bnc_coca+bnc_coca_band_6k+grade_estimate_10+general_or_nonacademic
twine,5939,343,10,0,n,tier3_bnc_coca+bnc_coca_band_6k+grade_estimate_10+general_or_nonacademic
twofold,5940,657,10,0,n,tier3_bnc_coca+bnc_coca_band_6k+grade_estimate_10+general_or_nonacademic
typewrite,5941,654,10,0,n,tier3_bnc_coca+bnc_coca_band_6k+grade_estimate_10+general_or_nonacademic
ultraviolet,5942,517,10,0,n,tier3_bnc_coca+bnc_coca_band_6k+grade_estimate_10+general_or_nonacademic
umpire,5943,537,10,0,n,tier3_bnc_coca+bnc_coca_band_6k+grade_estimate_10+general_or_nonacademic
underpin,5944,685,10,0,n,tier3_bnc_coca+bnc_coca_band_6k+grade_estimate_10+general_or_nonacademic
understate,5945,387,10,0,v,tier3_bnc_coca+bnc_coca_band_6k+grade_estimate_10+general_or_nonacademic
underway,5946,584,10,0,adv,tier3_bnc_coca+bnc_coca_band_6k+grade_estimate_10+general_or_nonacademic
underwrite,5947,874,10,0,n,tier3_bnc_coca+bnc_coca_band_6k+grade_estimate_10+general_or_nonacademic
unilateral,5948,583,10,0,adj,tier3_bnc_coca+bnc_coca_band_6k+grade_estimate_10+general_or_nonacademic
unison,5949,302,10,0,n,tier3_bnc_coca+bnc_coca_band_6k+grade_estimate_10+general_or_nonacademic
unravel,5950,405,10,0,v,tier3_bnc_coca+bnc_coca_band_6k+grade_estimate_10+general_or_nonacademic
unrest,5951,912,10,0,n,tier3_bnc_coca+bnc_coca_band_6k+grade_estimate_10+general_or_nonacademic
unsettle,5952,496,10,0,n,tier3_bnc_coca+bnc_coca_band_6k+grade_estimate_10+general_or_nonacademic
upheaval,5953,467,10,0,adj,tier3_bnc_coca+bnc_coca_band_6k+grade_estimate_10+general_or_nonacademic
uprising,5954,427,10,0,n,tier3_bnc_coca+bnc_coca_band_6k+grade_estimate_10+general_or_nonacademic
uranium,5955,552,10,0,n,tier3_bnc_coca+bnc_coca_band_6k+grade_estimate_10+general_or_nonacademic
vacancy,5956,809,10,0,n,tier3_bnc_coca+bnc_coca_band_6k+grade_estimate_10+general_or_nonacademic
vaccinate,5957,378,10,0,v,tier3_bnc_coca+bnc_coca_band_6k+grade_estimate_10+general_or_nonacademic
vagina,5958,554,10,0,n,tier3_bnc_coca+bnc_coca_band_6k+grade_estimate_10+general_or_nonacademic
vain,5959,917,10,0,adj,tier3_bnc_coca+bnc_coca_band_6k+grade_estimate_10+general_or_nonacademic
vandal,5960,818,10,0,adj,tier3_bnc_coca+bnc_coca_band_6k+grade_estimate_10+general_or_nonacademic
vanity,5961,395,10,0,n,tier3_bnc_coca+bnc_coca_band_6k+grade_estimate_10+general_or_nonacademic
vapour,5962,587,10,0,n,tier3_bnc_coca+bnc_coca_band_6k+grade_estimate_10+general_or_nonacademic
vault,5963,639,10,0,n,tier3_bnc_coca+bnc_coca_band_6k+grade_estimate_10+general_or_nonacademic
vibrant,5965,418,10,0,adj,tier3_bnc_coca+bnc_coca_band_6k+grade_estimate_10+general_or_nonacademic
vicinity,5966,578,10,0,n,tier3_bnc_coca+bnc_coca_band_6k+grade_estimate_10+general_or_nonacademic
vitality,5968,443,10,0,n,tier3_bnc_coca+bnc_coca_band_6k+grade_estimate_10+general_or_nonacademic
vomit,5969,634,10,0,v,tier3_bnc_coca+bnc_coca_band_6k+grade_estimate_10+general_or_nonacademic
wade,5970,850,10,0,n,tier3_bnc_coca+bnc_coca_band_6k+grade_estimate_10+general_or_nonacademic
waive,5971,544,10,0,adj,tier3_bnc_coca+bnc_coca_band_6k+grade_estimate_10+general_or_nonacademic
walnut,5972,460,10,0,n,tier3_bnc_coca+bnc_coca_band_6k+grade_estimate_10+general_or_nonacademic
wane,5973,392,10,0,n,tier3_bnc_coca+bnc_coca_band_6k+grade_estimate_10+general_or_nonacademic
warden,5974,994,10,0,v,tier3_bnc_coca+bnc_coca_band_6k+grade_estimate_10+general_or_nonacademic
warp,5975,489,10,0,v,tier3_bnc_coca+bnc_coca_band_6k+grade_estimate_10+general_or_nonacademic
warranty,5976,895,10,0,n,tier3_bnc_coca+bnc_coca_band_6k+grade_estimate_10+general_or_nonacademic
wasp,5977,681,10,0,n,tier3_bnc_coca+bnc_coca_band_6k+grade_estimate_10+general_or_nonacademic
waver,5978,461,10,0,v,tier3_bnc_coca+bnc_coca_band_6k+grade_estimate_10+general_or_nonacademic
whore,5981,414,10,0,n,tier3_bnc_coca+bnc_coca_band_6k+grade_estimate_10+general_or_nonacademic
wield,5982,558,10,0,v,tier3_bnc_coca+bnc_coca_band_6k+grade_estimate_10+general_or_nonacademic
wince,5985,436,10,0,n,tier3_bnc_coca+bnc_coca_band_6k+grade_estimate_10+general_or_nonacademic
wither,5986,494,10,0,v,tier3_bnc_coca+bnc_coca_band_6k+grade_estimate_10+general_or_nonacademic
withstand,5987,583,10,0,v,tier3_bnc_coca+bnc_coca_band_6k+grade_estimate_10+general_or_nonacademic
wobble,5988,492,10,0,n,tier3_bnc_coca+bnc_coca_band_6k+grade_estimate_10+general_or_nonacademic
woe,5989,409,10,0,n,tier3_bnc_coca+bnc_coca_band_6k+grade_estimate_10+general_or_nonacademic
woo,5990,501,10,0,v,tier3_bnc_coca+bnc_coca_band_6k+grade_estimate_10+general_or_nonacademic
wretch,5992,763,10,0,v,tier3_bnc_coca+bnc_coca_band_6k+grade_estimate_10+general_or_nonacademic
wry,5993,752,10,0,adj,tier3_bnc_coca+bnc_coca_band_6k+grade_estimate_10+general_or_nonacademic
yank,5994,273,10,0,v,tier3_bnc_coca+bnc_coca_band_6k+grade_estimate_10+general_or_nonacademic
yarn,5995,1169,10,0,n,tier3_bnc_coca+bnc_coca_band_6k+grade_estimate_10+general_or_nonacademic
yawn,5996,648,10,0,v,tier3_bnc_coca+bnc_coca_band_6k+grade_estimate_10+general_or_nonacademic
yearn,5997,516,10,0,v,tier3_bnc_coca+bnc_coca_band_6k+grade_estimate_10+general_or_nonacademic
yen,5999,534,10,0,v,tier3_bnc_coca+bnc_coca_band_6k+grade_estimate_10+general_or_nonacademic
zeal,6000,540,10,0,adj,tier3_bnc_coca+bnc_coca_band_6k+grade_estimate_10+general_or_nonacademic
zoom,6001,433,10,0,v,tier3_bnc_coca+bnc_coca_band_6k+grade_estimate_10+general_or_nonacademic
abate,6002,359,10,0,v,tier3_bnc_coca+bnc_coca_band_7k+grade_estimate_10+general_or_nonacademic
abbreviate,6003,434,10,0,v,tier3_bnc_coca+bnc_coca_band_7k+grade_estimate_10+general_or_nonacademic
aborigine,6004,405,10,0,n,tier3_bnc_coca+bnc_coca_band_7k+grade_estimate_10+general_or_nonacademic
accentuate,6005,412,10,0,v,tier3_bnc_coca+bnc_coca_band_7k+grade_estimate_10+general_or_nonacademic
acorn,6006,303,10,0,n,tier3_bnc_coca+bnc_coca_band_7k+grade_estimate_10+general_or_nonacademic
acquiesce,6007,368,10,0,n,tier3_bnc_coca+bnc_coca_band_7k+grade_estimate_10+general_or_nonacademic
adamant,6009,439,10,0,adj,tier3_bnc_coca+bnc_coca_band_7k+grade_estimate_10+general_or_nonacademic
adept,6010,279,10,0,adj,tier3_bnc_coca+bnc_coca_band_7k+grade_estimate_10+general_or_nonacademic
adjourn,6011,997,10,0,v,tier3_bnc_coca+bnc_coca_band_7k+grade_estimate_10+general_or_nonacademic
adjudicate,6012,584,10,0,v,tier3_bnc_coca+bnc_coca_band_7k+grade_estimate_10+general_or_nonacademic
admonish,6013,214,10,0,v,tier3_bnc_coca+bnc_coca_band_7k+grade_estimate_10+general_or_nonacademic
adultery,6014,371,10,0,n,tier3_bnc_coca+bnc_coca_band_7k+grade_estimate_10+general_or_nonacademic
affidavit,6015,342,10,0,n,tier3_bnc_coca+bnc_coca_band_7k+grade_estimate_10+general_or_nonacademic
agile,6016,320,10,0,n,tier3_bnc_coca+bnc_coca_band_7k+grade_estimate_10+general_or_nonacademic
allegory,6017,312,10,0,n,tier3_bnc_coca+bnc_coca_band_7k+grade_estimate_10+general_or_nonacademic
alloy,6018,438,10,0,n,tier3_bnc_coca+bnc_coca_band_7k+grade_estimate_10+general_or_nonacademic
allude,6019,270,10,0,n,tier3_bnc_coca+bnc_coca_band_7k+grade_estimate_10+general_or_nonacademic
almighty,6020,384,10,0,n,tier3_bnc_coca+bnc_coca_band_7k+grade_estimate_10+general_or_nonacademic
amass,6022,262,10,0,v,tier3_bnc_coca+bnc_coca_band_7k+grade_estimate_10+general_or_nonacademic
ambience,6023,381,10,0,n,tier3_bnc_coca+bnc_coca_band_7k+grade_estimate_10+general_or_nonacademic
amen,6024,320,10,0,v,tier3_bnc_coca+bnc_coca_band_7k+grade_estimate_10+general_or_nonacademic
amidst,6025,484,10,0,prep,tier3_bnc_coca+bnc_coca_band_7k+grade_estimate_10+general_or_nonacademic
ammonia,6027,493,10,0,n,tier3_bnc_coca+bnc_coca_band_7k+grade_estimate_10+general_or_nonacademic
amphibian,6028,296,10,0,n,tier3_bnc_coca+bnc_coca_band_7k+grade_estimate_10+general_or_nonacademic
anaemia,6029,449,10,0,n,tier3_bnc_coca+bnc_coca_band_7k+grade_estimate_10+general_or_nonacademic
anal,6030,556,10,0,adj,tier3_bnc_coca+bnc_coca_band_7k+grade_estimate_10+general_or_nonacademic
angular,6031,462,10,0,n,tier3_bnc_coca+bnc_coca_band_7k+grade_estimate_10+general_or_nonacademic
anonymity,6032,268,10,0,n,tier3_bnc_coca+bnc_coca_band_7k+grade_estimate_10+general_or_nonacademic
anorexia,6033,559,10,0,n,tier3_bnc_coca+bnc_coca_band_7k+grade_estimate_10+general_or_nonacademic
antagonist,6034,410,10,0,n,tier3_bnc_coca+bnc_coca_band_7k+grade_estimate_10+general_or_nonacademic
antenna,6035,252,10,0,n,tier3_bnc_coca+bnc_coca_band_7k+grade_estimate_10+general_or_nonacademic
anthem,6036,404,10,0,n,tier3_bnc_coca+bnc_coca_band_7k+grade_estimate_10+general_or_nonacademic
apathy,6037,380,10,0,n,tier3_bnc_coca+bnc_coca_band_7k+grade_estimate_10+general_or_nonacademic
apocalypse,6038,275,10,0,n,tier3_bnc_coca+bnc_coca_band_7k+grade_estimate_10+general_or_nonacademic
apologetic,6039,412,10,0,adj,tier3_bnc_coca+bnc_coca_band_7k+grade_estimate_10+general_or_nonacademic
appease,6040,306,10,0,n,tier3_bnc_coca+bnc_coca_band_7k+grade_estimate_10+general_or_nonacademic
arcade,6042,544,10,0,n,tier3_bnc_coca+bnc_coca_band_7k+grade_estimate_10+general_or_nonacademic
archetype,6044,278,10,0,n,tier3_bnc_coca+bnc_coca_band_7k+grade_estimate_10+general_or_nonacademic
ardent,6045,282,10,0,adj,tier3_bnc_coca+bnc_coca_band_7k+grade_estimate_10+general_or_nonacademic
arid,6046,419,10,0,n,tier3_bnc_coca+bnc_coca_band_7k+grade_estimate_10+general_or_nonacademic
aristocracy,6047,526,10,1,n,tier3_bnc_coca+bnc_coca_band_7k+grade_estimate_10+academic_suffix
ark,6049,336,10,0,n,tier3_bnc_coca+bnc_coca_band_7k+grade_estimate_10+general_or_nonacademic
arson,6050,410,10,0,n,tier3_bnc_coca+bnc_coca_band_7k+grade_estimate_10+general_or_nonacademic
asbestos,6052,328,10,0,n,tier3_bnc_coca+bnc_coca_band_7k+grade_estimate_10+general_or_nonacademic
aspirin,6053,356,10,0,n,tier3_bnc_coca+bnc_coca_band_7k+grade_estimate_10+general_or_nonacademic
assay,6054,878,10,0,v,tier3_bnc_coca+bnc_coca_band_7k+grade_estimate_10+general_or_nonacademic
astound,6055,334,10,0,v,tier3_bnc_coca+bnc_coca_band_7k+grade_estimate_10+general_or_nonacademic
astronaut,6056,193,10,0,n,tier3_bnc_coca+bnc_coca_band_7k+grade_estimate_10+general_or_nonacademic
astronomical,6057,271,10,0,adj,tier3_bnc_coca+bnc_coca_band_7k+grade_estimate_10+general_or_nonacademic
atheist,6058,329,10,0,n,tier3_bnc_coca+bnc_coca_band_7k+grade_estimate_10+general_or_nonacademic
atlas,6059,307,10,0,n,tier3_bnc_coca+bnc_coca_band_7k+grade_estimate_10+general_or_nonacademic
atop,6060,136,10,0,prep,tier3_bnc_coca+bnc_coca_band_7k+grade_estimate_10+general_or_nonacademic
atrocity,6061,343,10,0,n,tier3_bnc_coca+bnc_coca_band_7k+grade_estimate_10+general_or_nonacademic
attest,6062,338,10,0,v,tier3_bnc_coca+bnc_coca_band_7k+grade_estimate_10+general_or_nonacademic
auditorium,6063,199,10,0,n,tier3_bnc_coca+bnc_coca_band_7k+grade_estimate_10+general_or_nonacademic
autograph,6064,284,10,0,v,tier3_bnc_coca+bnc_coca_band_7k+grade_estimate_10+general_or_nonacademic
auxiliary,6065,455,10,0,n,tier3_bnc_coca+bnc_coca_band_7k+grade_estimate_10+general_or_nonacademic
avail,6066,420,10,0,v,tier3_bnc_coca+bnc_coca_band_7k+grade_estimate_10+general_or_nonacademic
avalanche,6067,215,10,0,n,tier3_bnc_coca+bnc_coca_band_7k+grade_estimate_10+general_or_nonacademic
averse,6068,454,10,0,adj,tier3_bnc_coca+bnc_coca_band_7k+grade_estimate_10+general_or_nonacademic
avid,6069,290,10,0,adj,tier3_bnc_coca+bnc_coca_band_7k+grade_estimate_10+general_or_nonacademic
badger,6070,715,10,0,v,tier3_bnc_coca+bnc_coca_band_7k+grade_estimate_10+general_or_nonacademic
bale,6071,384,10,0,n,tier3_bnc_coca+bnc_coca_band_7k+grade_estimate_10+general_or_nonacademic
ballad,6072,411,10,0,n,tier3_bnc_coca+bnc_coca_band_7k+grade_estimate_10+general_or_nonacademic
bamboo,6073,317,10,0,n,tier3_bnc_coca+bnc_coca_band_7k+grade_estimate_10+general_or_nonacademic
baptise,6074,468,10,0,v,tier3_bnc_coca+bnc_coca_band_7k+grade_estimate_10+general_or_nonacademic
baptism,6075,533,10,0,n,tier3_bnc_coca+bnc_coca_band_7k+grade_estimate_10+general_or_nonacademic
barbarian,6076,391,10,0,n,tier3_bnc_coca+bnc_coca_band_7k+grade_estimate_10+general_or_nonacademic
barley,6077,600,10,0,n,tier3_bnc_coca+bnc_coca_band_7k+grade_estimate_10+general_or_nonacademic
baroque,6078,566,10,0,n,tier3_bnc_coca+bnc_coca_band_7k+grade_estimate_10+general_or_nonacademic
barrage,6079,463,10,0,n,tier3_bnc_coca+bnc_coca_band_7k+grade_estimate_10+general_or_nonacademic
barricade,6080,303,10,0,n,tier3_bnc_coca+bnc_coca_band_7k+grade_estimate_10+general_or_nonacademic
basque,6081,493,10,0,n,tier3_bnc_coca+bnc_coca_band_7k+grade_estimate_10+general_or_nonacademic
beacon,6082,440,10,0,n,tier3_bnc_coca+bnc_coca_band_7k+grade_estimate_10+general_or_nonacademic
beak,6083,458,10,0,v,tier3_bnc_coca+bnc_coca_band_7k+grade_estimate_10+general_or_nonacademic
benchmark,6084,274,10,0,n,tier3_bnc_coca+bnc_coca_band_7k+grade_estimate_10+general_or_nonacademic
bereave,6085,659,10,0,n,tier3_bnc_coca+bnc_coca_band_7k+grade_estimate_10+general_or_nonacademic
berth,6086,380,10,0,v,tier3_bnc_coca+bnc_coca_band_7k+grade_estimate_10+general_or_nonacademic
bestow,6087,440,10,0,v,tier3_bnc_coca+bnc_coca_band_7k+grade_estimate_10+general_or_nonacademic
beverage,6088,229,10,0,n,tier3_bnc_coca+bnc_coca_band_7k+grade_estimate_10+general_or_nonacademic
bile,6089,1224,10,0,n,tier3_bnc_coca+bnc_coca_band_7k+grade_estimate_10+general_or_nonacademic
bingo,6091,347,10,0,n,tier3_bnc_coca+bnc_coca_band_7k+grade_estimate_10+general_or_nonacademic
biotechnology,6092,353,10,1,n,tier3_bnc_coca+bnc_coca_band_7k+grade_estimate_10+academic_suffix
blackmail,6093,529,10,0,v,tier3_bnc_coca+bnc_coca_band_7k+grade_estimate_10+general_or_nonacademic
blah,6094,442,10,0,n,tier3_bnc_coca+bnc_coca_band_7k+grade_estimate_10+general_or_nonacademic
blazer,6095,216,10,0,n,tier3_bnc_coca+bnc_coca_band_7k+grade_estimate_10+general_or_nonacademic
blight,6096,322,10,0,v,tier3_bnc_coca+bnc_coca_band_7k+grade_estimate_10+general_or_nonacademic
blitz,6097,343,10,0,v,tier3_bnc_coca+bnc_coca_band_7k+grade_estimate_10+general_or_nonacademic
bloke,6098,1511,10,0,n,tier3_bnc_coca+bnc_coca_band_7k+grade_estimate_10+general_or_nonacademic
blunder,6099,452,10,0,v,tier3_bnc_coca+bnc_coca_band_7k+grade_estimate_10+general_or_nonacademic
bonfire,6100,399,10,0,n,tier3_bnc_coca+bnc_coca_band_7k+grade_estimate_10+general_or_nonacademic
booze,6101,447,10,0,n,tier3_bnc_coca+bnc_coca_band_7k+grade_estimate_10+general_or_nonacademic
bounty,6102,257,10,0,n,tier3_bnc_coca+bnc_coca_band_7k+grade_estimate_10+general_or_nonacademic
bouquet,6103,360,10,0,n,tier3_bnc_coca+bnc_coca_band_7k+grade_estimate_10+general_or_nonacademic
boutique,6104,219,10,0,n,tier3_bnc_coca+bnc_coca_band_7k+grade_estimate_10+general_or_nonacademic
bracelet,6105,295,10,0,n,tier3_bnc_coca+bnc_coca_band_7k+grade_estimate_10+general_or_nonacademic
bridle,6106,428,10,0,n,tier3_bnc_coca+bnc_coca_band_7k+grade_estimate_10+general_or_nonacademic
brilliance,6107,365,10,0,n,tier3_bnc_coca+bnc_coca_band_7k+grade_estimate_10+general_or_nonacademic
brittle,6108,477,10,0,n,tier3_bnc_coca+bnc_coca_band_7k+grade_estimate_10+general_or_nonacademic
brook,6109,1095,10,0,n,tier3_bnc_coca+bnc_coca_band_7k+grade_estimate_10+general_or_nonacademic
broth,6111,158,10,0,n,tier3_bnc_coca+bnc_coca_band_7k+grade_estimate_10+general_or_nonacademic
buff,6112,435,10,0,v,tier3_bnc_coca+bnc_coca_band_7k+grade_estimate_10+general_or_nonacademic
bulldoze,6114,244,10,0,n,tier3_bnc_coca+bnc_coca_band_7k+grade_estimate_10+general_or_nonacademic
bunk,6115,381,10,0,v,tier3_bnc_coca+bnc_coca_band_7k+grade_estimate_10+general_or_nonacademic
burgeon,6116,273,10,0,v,tier3_bnc_coca+bnc_coca_band_7k+grade_estimate_10+general_or_nonacademic
busted,6117,375,10,0,n,tier3_bnc_coca+bnc_coca_band_7k+grade_estimate_10+general_or_nonacademic
cad,6118,346,10,0,n,tier3_bnc_coca+bnc_coca_band_7k+grade_estimate_10+general_or_nonacademic
caddie,6119,469,10,0,n,tier3_bnc_coca+bnc_coca_band_7k+grade_estimate_10+general_or_nonacademic
calibrate,6120,329,10,0,v,tier3_bnc_coca+bnc_coca_band_7k+grade_estimate_10+general_or_nonacademic
cam,6121,543,10,0,n,tier3_bnc_coca+bnc_coca_band_7k+grade_estimate_10+general_or_nonacademic
candid,6123,221,10,0,adj,tier3_bnc_coca+bnc_coca_band_7k+grade_estimate_10+general_or_nonacademic
canteen,6124,711,10,0,v,tier3_bnc_coca+bnc_coca_band_7k+grade_estimate_10+general_or_nonacademic
canvass,6125,502,10,0,v,tier3_bnc_coca+bnc_coca_band_7k+grade_estimate_10+general_or_nonacademic
carcass,6127,252,10,0,n,tier3_bnc_coca+bnc_coca_band_7k+grade_estimate_10+general_or_nonacademic
carcinoma,6128,509,10,0,n,tier3_bnc_coca+bnc_coca_band_7k+grade_estimate_10+general_or_nonacademic
cardiovascular,6129,239,10,0,n,tier3_bnc_coca+bnc_coca_band_7k+grade_estimate_10+general_or_nonacademic
caricature,6130,311,10,0,n,tier3_bnc_coca+bnc_coca_band_7k+grade_estimate_10+general_or_nonacademic
carp,6131,475,10,0,v,tier3_bnc_coca+bnc_coca_band_7k+grade_estimate_10+general_or_nonacademic
casserole,6133,289,10,0,n,tier3_bnc_coca+bnc_coca_band_7k+grade_estimate_10+general_or_nonacademic
caste,6134,387,10,0,n,tier3_bnc_coca+bnc_coca_band_7k+grade_estimate_10+general_or_nonacademic
categorical,6135,310,10,0,adj,tier3_bnc_coca+bnc_coca_band_7k+grade_estimate_10+general_or_nonacademic
caterpillar,6136,375,10,0,n,tier3_bnc_coca+bnc_coca_band_7k+grade_estimate_10+general_or_nonacademic
catfish,6137,233,10,0,adj,tier3_bnc_coca+bnc_coca_band_7k+grade_estimate_10+general_or_nonacademic
cavalier,6138,359,10,0,adj,tier3_bnc_coca+bnc_coca_band_7k+grade_estimate_10+general_or_nonacademic
cedar,6139,244,10,0,n,tier3_bnc_coca+bnc_coca_band_7k+grade_estimate_10+general_or_nonacademic
celery,6140,200,10,0,n,tier3_bnc_coca+bnc_coca_band_7k+grade_estimate_10+general_or_nonacademic
cerebral,6141,482,10,0,adj,tier3_bnc_coca+bnc_coca_band_7k+grade_estimate_10+general_or_nonacademic
cervix,6142,413,10,0,n,tier3_bnc_coca+bnc_coca_band_7k+grade_estimate_10+general_or_nonacademic
char,6143,343,10,0,n,tier3_bnc_coca+bnc_coca_band_7k+grade_estimate_10+general_or_nonacademic
chic,6145,324,10,0,adj,tier3_bnc_coca+bnc_coca_band_7k+grade_estimate_10+general_or_nonacademic
chime,6146,292,10,0,n,tier3_bnc_coca+bnc_coca_band_7k+grade_estimate_10+general_or_nonacademic
chisel,6147,329,10,0,v,tier3_bnc_coca+bnc_coca_band_7k+grade_estimate_10+general_or_nonacademic
chlorine,6148,431,10,0,n,tier3_bnc_coca+bnc_coca_band_7k+grade_estimate_10+general_or_nonacademic
choral,6149,309,10,0,adj,tier3_bnc_coca+bnc_coca_band_7k+grade_estimate_10+general_or_nonacademic
cider,6150,488,10,0,n,tier3_bnc_coca+bnc_coca_band_7k+grade_estimate_10+general_or_nonacademic
cinnamon,6151,211,10,0,n,tier3_bnc_coca+bnc_coca_band_7k+grade_estimate_10+general_or_nonacademic
clad,6152,759,10,0,n,tier3_bnc_coca+bnc_coca_band_7k+grade_estimate_10+general_or_nonacademic
clamber,6153,404,10,0,v,tier3_bnc_coca+bnc_coca_band_7k+grade_estimate_10+general_or_nonacademic
clamour,6154,337,10,0,v,tier3_bnc_coca+bnc_coca_band_7k+grade_estimate_10+general_or_nonacademic
cleric,6155,261,10,0,adj,tier3_bnc_coca+bnc_coca_band_7k+grade_estimate_10+general_or_nonacademic
clockwise,6156,378,10,0,v,tier3_bnc_coca+bnc_coca_band_7k+grade_estimate_10+general_or_nonacademic
clot,6157,263,10,0,n,tier3_bnc_coca+bnc_coca_band_7k+grade_estimate_10+general_or_nonacademic
clout,6158,247,10,0,v,tier3_bnc_coca+bnc_coca_band_7k+grade_estimate_10+general_or_nonacademic
coax,6159,342,10,0,v,tier3_bnc_coca+bnc_coca_band_7k+grade_estimate_10+general_or_nonacademic
cod,6160,399,10,0,n,tier3_bnc_coca+bnc_coca_band_7k+grade_estimate_10+general_or_nonacademic
coexist,6161,312,10,0,v,tier3_bnc_coca+bnc_coca_band_7k+grade_estimate_10+general_or_nonacademic
coherence,6162,477,10,0,n,tier3_bnc_coca+bnc_coca_band_7k+grade_estimate_10+general_or_nonacademic
cohesion,6163,471,10,0,n,tier3_bnc_coca+bnc_coca_band_7k+grade_estimate_10+general_or_nonacademic
cohesive,6164,328,10,0,adj,tier3_bnc_coca+bnc_coca_band_7k+grade_estimate_10+general_or_nonacademic
coma,6166,270,10,0,n,tier3_bnc_coca+bnc_coca_band_7k+grade_estimate_10+general_or_nonacademic
combustion,6167,332,10,0,n,tier3_bnc_coca+bnc_coca_band_7k+grade_estimate_10+general_or_nonacademic
commando,6168,665,10,0,n,tier3_bnc_coca+bnc_coca_band_7k+grade_estimate_10+general_or_nonacademic
compassionate,6169,261,10,0,adj,tier3_bnc_coca+bnc_coca_band_7k+grade_estimate_10+general_or_nonacademic
complexion,6170,377,10,0,n,tier3_bnc_coca+bnc_coca_band_7k+grade_estimate_10+general_or_nonacademic
compulsion,6171,420,10,0,n,tier3_bnc_coca+bnc_coca_band_7k+grade_estimate_10+general_or_nonacademic
concerto,6172,579,10,0,n,tier3_bnc_coca+bnc_coca_band_7k+grade_estimate_10+general_or_nonacademic
conciliate,6173,499,10,0,v,tier3_bnc_coca+bnc_coca_band_7k+grade_estimate_10+general_or_nonacademic
concoct,6174,232,10,0,v,tier3_bnc_coca+bnc_coca_band_7k+grade_estimate_10+general_or_nonacademic
concur,6175,317,10,0,n,tier3_bnc_coca+bnc_coca_band_7k+grade_estimate_10+general_or_nonacademic
conscientious,6177,444,10,0,adj,tier3_bnc_coca+bnc_coca_band_7k+grade_estimate_10+general_or_nonacademic
conscript,6178,408,10,0,v,tier3_bnc_coca+bnc_coca_band_7k+grade_estimate_10+general_or_nonacademic
conservatory,6179,449,10,0,n,tier3_bnc_coca+bnc_coca_band_7k+grade_estimate_10+general_or_nonacademic
consign,6180,778,10,0,v,tier3_bnc_coca+bnc_coca_band_7k+grade_estimate_10+general_or_nonacademic
constellation,6181,267,10,0,n,tier3_bnc_coca+bnc_coca_band_7k+grade_estimate_10+general_or_nonacademic
consul,6182,587,10,0,n,tier3_bnc_coca+bnc_coca_band_7k+grade_estimate_10+general_or_nonacademic
contraception,6183,391,10,0,n,tier3_bnc_coca+bnc_coca_band_7k+grade_estimate_10+general_or_nonacademic
contraceptive,6184,409,10,0,adj,tier3_bnc_coca+bnc_coca_band_7k+grade_estimate_10+general_or_nonacademic
contractual,6185,968,10,0,adj,tier3_bnc_coca+bnc_coca_band_7k+grade_estimate_10+general_or_nonacademic
contrive,6186,590,10,0,adj,tier3_bnc_coca+bnc_coca_band_7k+grade_estimate_10+general_or_nonacademic
convent,6187,567,10,0,n,tier3_bnc_coca+bnc_coca_band_7k+grade_estimate_10+general_or_nonacademic
convulse,6188,343,10,0,n,tier3_bnc_coca+bnc_coca_band_7k+grade_estimate_10+general_or_nonacademic
cookie,6189,146,10,0,n,tier3_bnc_coca+bnc_coca_band_7k+grade_estimate_10+general_or_nonacademic
cork,6190,1051,10,0,v,tier3_bnc_coca+bnc_coca_band_7k+grade_estimate_10+general_or_nonacademic
cosmology,6191,258,10,1,n,tier3_bnc_coca+bnc_coca_band_7k+grade_estimate_10+academic_exact
cosmopolitan,6192,319,10,0,n,tier3_bnc_coca+bnc_coca_band_7k+grade_estimate_10+general_or_nonacademic
cosmos,6193,240,10,0,n,tier3_bnc_coca+bnc_coca_band_7k+grade_estimate_10+general_or_nonacademic
cot,6194,577,10,0,n,tier3_bnc_coca+bnc_coca_band_7k+grade_estimate_10+general_or_nonacademic
cove,6195,328,10,0,n,tier3_bnc_coca+bnc_coca_band_7k+grade_estimate_10+general_or_nonacademic
covet,6196,326,10,0,v,tier3_bnc_coca+bnc_coca_band_7k+grade_estimate_10+general_or_nonacademic
crag,6198,745,10,0,n,tier3_bnc_coca+bnc_coca_band_7k+grade_estimate_10+general_or_nonacademic
crank,6199,234,10,0,v,tier3_bnc_coca+bnc_coca_band_7k+grade_estimate_10+general_or_nonacademic
craze,6200,354,10,0,n,tier3_bnc_coca+bnc_coca_band_7k+grade_estimate_10+general_or_nonacademic
creed,6201,545,10,0,n,tier3_bnc_coca+bnc_coca_band_7k+grade_estimate_10+general_or_nonacademic
creole,6202,660,10,0,n,tier3_bnc_coca+bnc_coca_band_7k+grade_estimate_10+general_or_nonacademic
crescent,6203,589,10,0,n,tier3_bnc_coca+bnc_coca_band_7k+grade_estimate_10+general_or_nonacademic
crimson,6204,403,10,0,n,tier3_bnc_coca+bnc_coca_band_7k+grade_estimate_10+general_or_nonacademic
crucifix,6206,374,10,0,n,tier3_bnc_coca+bnc_coca_band_7k+grade_estimate_10+general_or_nonacademic
cucumber,6207,252,10,0,n,tier3_bnc_coca+bnc_coca_band_7k+grade_estimate_10+general_or_nonacademic
cuddle,6208,599,10,0,n,tier3_bnc_coca+bnc_coca_band_7k+grade_estimate_10+general_or_nonacademic
culinary,6209,246,10,0,n,tier3_bnc_coca+bnc_coca_band_7k+grade_estimate_10+general_or_nonacademic
culprit,6210,340,10,0,n,tier3_bnc_coca+bnc_coca_band_7k+grade_estimate_10+general_or_nonacademic
cunning,6211,545,10,0,adj,tier3_bnc_coca+bnc_coca_band_7k+grade_estimate_10+general_or_nonacademic
curt,6212,359,10,0,adj,tier3_bnc_coca+bnc_coca_band_7k+grade_estimate_10+general_or_nonacademic
customise,6213,222,10,0,v,tier3_bnc_coca+bnc_coca_band_7k+grade_estimate_10+general_or_nonacademic
dab,6214,403,10,0,n,tier3_bnc_coca+bnc_coca_band_7k+grade_estimate_10+general_or_nonacademic
dagger,6215,400,10,0,n,tier3_bnc_coca+bnc_coca_band_7k+grade_estimate_10+general_or_nonacademic
dame,6216,911,10,0,n,tier3_bnc_coca+bnc_coca_band_7k+grade_estimate_10+general_or_nonacademic
daze,6217,381,10,0,n,tier3_bnc_coca+bnc_coca_band_7k+grade_estimate_10+general_or_nonacademic
deceptive,6218,369,10,0,adj,tier3_bnc_coca+bnc_coca_band_7k+grade_estimate_10+general_or_nonacademic
decipher,6219,228,10,0,v,tier3_bnc_coca+bnc_coca_band_7k+grade_estimate_10+general_or_nonacademic
decompose,6221,382,10,0,n,tier3_bnc_coca+bnc_coca_band_7k+grade_estimate_10+general_or_nonacademic
deconstruct,6222,249,10,0,v,tier3_bnc_coca+bnc_coca_band_7k+grade_estimate_10+general_or_nonacademic
decor,6223,350,10,0,n,tier3_bnc_coca+bnc_coca_band_7k+grade_estimate_10+general_or_nonacademic
deduce,6224,589,10,0,n,tier3_bnc_coca+bnc_coca_band_7k+grade_estimate_10+general_or_nonacademic
defiance,6225,516,10,0,n,tier3_bnc_coca+bnc_coca_band_7k+grade_estimate_10+general_or_nonacademic
deflate,6226,407,10,0,v,tier3_bnc_coca+bnc_coca_band_7k+grade_estimate_10+general_or_nonacademic
deft,6227,299,10,0,adj,tier3_bnc_coca+bnc_coca_band_7k+grade_estimate_10+general_or_nonacademic
delicacy,6228,378,10,0,n,tier3_bnc_coca+bnc_coca_band_7k+grade_estimate_10+general_or_nonacademic
delineate,6229,261,10,0,v,tier3_bnc_coca+bnc_coca_band_7k+grade_estimate_10+general_or_nonacademic
demolition,6230,602,10,0,n,tier3_bnc_coca+bnc_coca_band_7k+grade_estimate_10+general_or_nonacademic
denim,6231,297,10,0,n,tier3_bnc_coca+bnc_coca_band_7k+grade_estimate_10+general_or_nonacademic
deodorize,6232,2,10,0,v,tier3_bnc_coca+bnc_coca_band_7k+grade_estimate_10+general_or_nonacademic
deplore,6233,532,10,0,n,tier3_bnc_coca+bnc_coca_band_7k+grade_estimate_10+general_or_nonacademic
depreciate,6234,654,10,0,v,tier3_bnc_coca+bnc_coca_band_7k+grade_estimate_10+general_or_nonacademic
desolate,6235,463,10,0,adj,tier3_bnc_coca+bnc_coca_band_7k+grade_estimate_10+general_or_nonacademic
destabilize,6236,313,10,0,v,tier3_bnc_coca+bnc_coca_band_7k+grade_estimate_10+general_or_nonacademic
detergent,6237,409,10,0,n,tier3_bnc_coca+bnc_coca_band_7k+grade_estimate_10+general_or_nonacademic
detonate,6238,289,10,0,v,tier3_bnc_coca+bnc_coca_band_7k+grade_estimate_10+general_or_nonacademic
detract,6239,411,10,0,v,tier3_bnc_coca+bnc_coca_band_7k+grade_estimate_10+general_or_nonacademic
devoid,6240,395,10,0,n,tier3_bnc_coca+bnc_coca_band_7k+grade_estimate_10+general_or_nonacademic
devolve,6241,813,10,0,n,tier3_bnc_coca+bnc_coca_band_7k+grade_estimate_10+general_or_nonacademic
devour,6242,385,10,0,v,tier3_bnc_coca+bnc_coca_band_7k+grade_estimate_10+general_or_nonacademic
dialectic,6243,418,10,0,adj,tier3_bnc_coca+bnc_coca_band_7k+grade_estimate_10+general_or_nonacademic
discomfort,6244,734,10,0,v,tier3_bnc_coca+bnc_coca_band_7k+grade_estimate_10+general_or_nonacademic
disconcert,6245,462,10,0,v,tier3_bnc_coca+bnc_coca_band_7k+grade_estimate_10+general_or_nonacademic
discontinue,6246,505,10,0,n,tier3_bnc_coca+bnc_coca_band_7k+grade_estimate_10+general_or_nonacademic
disinfect,6247,373,10,0,v,tier3_bnc_coca+bnc_coca_band_7k+grade_estimate_10+general_or_nonacademic
dislocate,6248,383,10,0,v,tier3_bnc_coca+bnc_coca_band_7k+grade_estimate_10+general_or_nonacademic
disorientate,6249,287,10,0,v,tier3_bnc_coca+bnc_coca_band_7k+grade_estimate_10+general_or_nonacademic
disparate,6250,296,10,0,adj,tier3_bnc_coca+bnc_coca_band_7k+grade_estimate_10+general_or_nonacademic
dispel,6251,446,10,0,n,tier3_bnc_coca+bnc_coca_band_7k+grade_estimate_10+general_or_nonacademic
dissect,6252,379,10,0,v,tier3_bnc_coca+bnc_coca_band_7k+grade_estimate_10+general_or_nonacademic
dissipate,6254,386,10,0,v,tier3_bnc_coca+bnc_coca_band_7k+grade_estimate_10+general_or_nonacademic
dissolution,6255,782,10,0,n,tier3_bnc_coca+bnc_coca_band_7k+grade_estimate_10+general_or_nonacademic
distal,6256,689,10,0,adj,tier3_bnc_coca+bnc_coca_band_7k+grade_estimate_10+general_or_nonacademic
divinity,6257,255,10,0,n,tier3_bnc_coca+bnc_coca_band_7k+grade_estimate_10+general_or_nonacademic
dogged,6258,410,10,0,adj,tier3_bnc_coca+bnc_coca_band_7k+grade_estimate_10+general_or_nonacademic
dominion,6259,412,10,0,n,tier3_bnc_coca+bnc_coca_band_7k+grade_estimate_10+general_or_nonacademic
donned,6260,370,10,0,n,tier3_bnc_coca+bnc_coca_band_7k+grade_estimate_10+general_or_nonacademic
dope,6261,333,10,0,n,tier3_bnc_coca+bnc_coca_band_7k+grade_estimate_10+general_or_nonacademic
downright,6262,270,10,0,n,tier3_bnc_coca+bnc_coca_band_7k+grade_estimate_10+general_or_nonacademic
doze,6263,314,10,0,n,tier3_bnc_coca+bnc_coca_band_7k+grade_estimate_10+general_or_nonacademic
drake,6264,357,10,0,n,tier3_bnc_coca+bnc_coca_band_7k+grade_estimate_10+general_or_nonacademic
drawl,6265,448,10,0,v,tier3_bnc_coca+bnc_coca_band_7k+grade_estimate_10+general_or_nonacademic
dredge,6266,435,10,0,n,tier3_bnc_coca+bnc_coca_band_7k+grade_estimate_10+general_or_nonacademic
dresser,6267,346,10,0,n,tier3_bnc_coca+bnc_coca_band_7k+grade_estimate_10+general_or_nonacademic
dribble,6268,264,10,0,n,tier3_bnc_coca+bnc_coca_band_7k+grade_estimate_10+general_or_nonacademic
drizzle,6269,284,10,0,n,tier3_bnc_coca+bnc_coca_band_7k+grade_estimate_10+general_or_nonacademic
drone,6270,311,10,0,n,tier3_bnc_coca+bnc_coca_band_7k+grade_estimate_10+general_or_nonacademic
droop,6271,365,10,0,v,tier3_bnc_coca+bnc_coca_band_7k+grade_estimate_10+general_or_nonacademic
duchess,6272,850,10,0,n,tier3_bnc_coca+bnc_coca_band_7k+grade_estimate_10+general_or_nonacademic
duo,6273,390,10,0,n,tier3_bnc_coca+bnc_coca_band_7k+grade_estimate_10+general_or_nonacademic
dysfunction,6274,213,10,0,n,tier3_bnc_coca+bnc_coca_band_7k+grade_estimate_10+general_or_nonacademic
ebb,6275,424,10,0,v,tier3_bnc_coca+bnc_coca_band_7k+grade_estimate_10+general_or_nonacademic
ecclesiastic,6276,836,10,0,adj,tier3_bnc_coca+bnc_coca_band_7k+grade_estimate_10+general_or_nonacademic
ecumenical,6277,352,10,0,adj,tier3_bnc_coca+bnc_coca_band_7k+grade_estimate_10+general_or_nonacademic
egalitarian,6278,423,10,0,n,tier3_bnc_coca+bnc_coca_band_7k+grade_estimate_10+general_or_nonacademic
eject,6279,426,10,0,v,tier3_bnc_coca+bnc_coca_band_7k+grade_estimate_10+general_or_nonacademic
electrode,6280,321,10,0,n,tier3_bnc_coca+bnc_coca_band_7k+grade_estimate_10+general_or_nonacademic
electromagnetic,6281,337,10,0,adj,tier3_bnc_coca+bnc_coca_band_7k+grade_estimate_10+general_or_nonacademic
elm,6282,345,10,0,n,tier3_bnc_coca+bnc_coca_band_7k+grade_estimate_10+general_or_nonacademic
elongate,6283,395,10,0,v,tier3_bnc_coca+bnc_coca_band_7k+grade_estimate_10+general_or_nonacademic
elude,6284,307,10,0,n,tier3_bnc_coca+bnc_coca_band_7k+grade_estimate_10+general_or_nonacademic
emancipate,6285,597,10,0,v,tier3_bnc_coca+bnc_coca_band_7k+grade_estimate_10+general_or_nonacademic
embellish,6286,272,10,0,v,tier3_bnc_coca+bnc_coca_band_7k+grade_estimate_10+general_or_nonacademic
emblem,6287,333,10,0,n,tier3_bnc_coca+bnc_coca_band_7k+grade_estimate_10+general_or_nonacademic
enamel,6289,476,10,0,n,tier3_bnc_coca+bnc_coca_band_7k+grade_estimate_10+general_or_nonacademic
enclave,6290,337,10,0,n,tier3_bnc_coca+bnc_coca_band_7k+grade_estimate_10+general_or_nonacademic
encroach,6291,425,10,0,v,tier3_bnc_coca+bnc_coca_band_7k+grade_estimate_10+general_or_nonacademic
encyclopedia,6292,457,10,0,n,tier3_bnc_coca+bnc_coca_band_7k+grade_estimate_10+general_or_nonacademic
endear,6293,360,10,0,v,tier3_bnc_coca+bnc_coca_band_7k+grade_estimate_10+general_or_nonacademic
endoscope,6294,1003,10,0,n,tier3_bnc_coca+bnc_coca_band_7k+grade_estimate_10+general_or_nonacademic
engender,6295,377,10,0,v,tier3_bnc_coca+bnc_coca_band_7k+grade_estimate_10+general_or_nonacademic
engulf,6296,377,10,0,v,tier3_bnc_coca+bnc_coca_band_7k+grade_estimate_10+general_or_nonacademic
envoy,6298,445,10,0,n,tier3_bnc_coca+bnc_coca_band_7k+grade_estimate_10+general_or_nonacademic
episcopal,6299,254,10,0,adj,tier3_bnc_coca+bnc_coca_band_7k+grade_estimate_10+general_or_nonacademic
errand,6301,268,10,0,n,tier3_bnc_coca+bnc_coca_band_7k+grade_estimate_10+general_or_nonacademic
erroneous,6303,321,10,0,adj,tier3_bnc_coca+bnc_coca_band_7k+grade_estimate_10+general_or_nonacademic
espouse,6304,330,10,0,n,tier3_bnc_coca+bnc_coca_band_7k+grade_estimate_10+general_or_nonacademic
estrange,6305,324,10,0,n,tier3_bnc_coca+bnc_coca_band_7k+grade_estimate_10+general_or_nonacademic
estuary,6306,727,10,0,n,tier3_bnc_coca+bnc_coca_band_7k+grade_estimate_10+general_or_nonacademic
ethic,6307,264,10,0,adj,tier3_bnc_coca+bnc_coca_band_7k+grade_estimate_10+general_or_nonacademic
ethos,6308,434,10,0,n,tier3_bnc_coca+bnc_coca_band_7k+grade_estimate_10+general_or_nonacademic
exacted,6309,360,10,0,n,tier3_bnc_coca+bnc_coca_band_7k+grade_estimate_10+general_or_nonacademic
excerpt,6310,153,10,0,n,tier3_bnc_coca+bnc_coca_band_7k+grade_estimate_10+general_or_nonacademic
exhort,6311,385,10,0,v,tier3_bnc_coca+bnc_coca_band_7k+grade_estimate_10+general_or_nonacademic
existential,6312,308,10,0,adj,tier3_bnc_coca+bnc_coca_band_7k+grade_estimate_10+general_or_nonacademic
expedient,6314,450,10,0,adj,tier3_bnc_coca+bnc_coca_band_7k+grade_estimate_10+general_or_nonacademic
expend,6315,410,10,0,v,tier3_bnc_coca+bnc_coca_band_7k+grade_estimate_10+general_or_nonacademic
exposition,6316,354,10,0,n,tier3_bnc_coca+bnc_coca_band_7k+grade_estimate_10+general_or_nonacademic
expulsion,6317,428,10,0,n,tier3_bnc_coca+bnc_coca_band_7k+grade_estimate_10+general_or_nonacademic
extinguish,6318,464,10,0,v,tier3_bnc_coca+bnc_coca_band_7k+grade_estimate_10+general_or_nonacademic
extradite,6319,450,10,0,n,tier3_bnc_coca+bnc_coca_band_7k+grade_estimate_10+general_or_nonacademic
extravagance,6320,202,10,0,n,tier3_bnc_coca+bnc_coca_band_7k+grade_estimate_10+general_or_nonacademic
exuberant,6321,355,10,0,adj,tier3_bnc_coca+bnc_coca_band_7k+grade_estimate_10+general_or_nonacademic
fable,6322,255,10,0,adj,tier3_bnc_coca+bnc_coca_band_7k+grade_estimate_10+general_or_nonacademic
facade,6323,320,10,0,n,tier3_bnc_coca+bnc_coca_band_7k+grade_estimate_10+general_or_nonacademic
fairway,6324,271,10,0,n,tier3_bnc_coca+bnc_coca_band_7k+grade_estimate_10+general_or_nonacademic
farce,6325,439,10,0,n,tier3_bnc_coca+bnc_coca_band_7k+grade_estimate_10+general_or_nonacademic
fascism,6326,674,10,0,n,tier3_bnc_coca+bnc_coca_band_7k+grade_estimate_10+general_or_nonacademic
fathom,6327,318,10,0,v,tier3_bnc_coca+bnc_coca_band_7k+grade_estimate_10+general_or_nonacademic
fauna,6328,485,10,0,n,tier3_bnc_coca+bnc_coca_band_7k+grade_estimate_10+general_or_nonacademic
ferment,6329,439,10,0,v,tier3_bnc_coca+bnc_coca_band_7k+grade_estimate_10+general_or_nonacademic
ferocious,6330,400,10,0,adj,tier3_bnc_coca+bnc_coca_band_7k+grade_estimate_10+general_or_nonacademic
ferret,6331,631,10,0,v,tier3_bnc_coca+bnc_coca_band_7k+grade_estimate_10+general_or_nonacademic
fervent,6332,355,10,0,adj,tier3_bnc_coca+bnc_coca_band_7k+grade_estimate_10+general_or_nonacademic
feud,6334,342,10,0,v,tier3_bnc_coca+bnc_coca_band_7k+grade_estimate_10+general_or_nonacademic
feudal,6335,793,10,0,adj,tier3_bnc_coca+bnc_coca_band_7k+grade_estimate_10+general_or_nonacademic
finale,6336,359,10,0,n,tier3_bnc_coca+bnc_coca_band_7k+grade_estimate_10+general_or_nonacademic
fixate,6337,335,10,0,v,tier3_bnc_coca+bnc_coca_band_7k+grade_estimate_10+general_or_nonacademic
flair,6338,362,10,0,n,tier3_bnc_coca+bnc_coca_band_7k+grade_estimate_10+general_or_nonacademic
flea,6339,359,10,0,n,tier3_bnc_coca+bnc_coca_band_7k+grade_estimate_10+general_or_nonacademic
fledge,6340,433,10,0,n,tier3_bnc_coca+bnc_coca_band_7k+grade_estimate_10+general_or_nonacademic
flinch,6341,391,10,0,v,tier3_bnc_coca+bnc_coca_band_7k+grade_estimate_10+general_or_nonacademic
flurry,6342,322,10,0,n,tier3_bnc_coca+bnc_coca_band_7k+grade_estimate_10+general_or_nonacademic
font,6343,713,10,0,n,tier3_bnc_coca+bnc_coca_band_7k+grade_estimate_10+general_or_nonacademic
footage,6344,231,10,0,n,tier3_bnc_coca+bnc_coca_band_7k+grade_estimate_10+general_or_nonacademic
forage,6345,324,10,0,n,tier3_bnc_coca+bnc_coca_band_7k+grade_estimate_10+general_or_nonacademic
foreman,6346,567,10,0,n,tier3_bnc_coca+bnc_coca_band_7k+grade_estimate_10+general_or_nonacademic
forfeit,6347,506,10,0,v,tier3_bnc_coca+bnc_coca_band_7k+grade_estimate_10+general_or_nonacademic
formative,6348,374,10,0,adj,tier3_bnc_coca+bnc_coca_band_7k+grade_estimate_10+general_or_nonacademic
foyer,6349,376,10,0,n,tier3_bnc_coca+bnc_coca_band_7k+grade_estimate_10+general_or_nonacademic
franc,6350,744,10,0,n,tier3_bnc_coca+bnc_coca_band_7k+grade_estimate_10+general_or_nonacademic
fraternity,6351,250,10,0,n,tier3_bnc_coca+bnc_coca_band_7k+grade_estimate_10+general_or_nonacademic
fraudulent,6352,316,10,0,adj,tier3_bnc_coca+bnc_coca_band_7k+grade_estimate_10+general_or_nonacademic
fresco,6353,416,10,0,n,tier3_bnc_coca+bnc_coca_band_7k+grade_estimate_10+general_or_nonacademic
fruitful,6354,523,10,0,adj,tier3_bnc_coca+bnc_coca_band_7k+grade_estimate_10+general_or_nonacademic
fugitive,6355,224,10,0,adj,tier3_bnc_coca+bnc_coca_band_7k+grade_estimate_10+general_or_nonacademic
funk,6356,333,10,0,n,tier3_bnc_coca+bnc_coca_band_7k+grade_estimate_10+general_or_nonacademic
furnace,6358,474,10,0,n,tier3_bnc_coca+bnc_coca_band_7k+grade_estimate_10+general_or_nonacademic
furrow,6359,342,10,0,v,tier3_bnc_coca+bnc_coca_band_7k+grade_estimate_10+general_or_nonacademic
fuzz,6360,287,10,0,n,tier3_bnc_coca+bnc_coca_band_7k+grade_estimate_10+general_or_nonacademic
gable,6361,467,10,0,adj,tier3_bnc_coca+bnc_coca_band_7k+grade_estimate_10+general_or_nonacademic
galley,6363,322,10,0,n,tier3_bnc_coca+bnc_coca_band_7k+grade_estimate_10+general_or_nonacademic
galvanize,6364,287,10,0,v,tier3_bnc_coca+bnc_coca_band_7k+grade_estimate_10+general_or_nonacademic
gamma,6365,470,10,0,n,tier3_bnc_coca+bnc_coca_band_7k+grade_estimate_10+general_or_nonacademic
gangster,6366,246,10,0,n,tier3_bnc_coca+bnc_coca_band_7k+grade_estimate_10+general_or_nonacademic
gastric,6367,2085,10,0,adj,tier3_bnc_coca+bnc_coca_band_7k+grade_estimate_10+general_or_nonacademic
gastrointestinal,6368,525,10,0,adj,tier3_bnc_coca+bnc_coca_band_7k+grade_estimate_10+general_or_nonacademic
genital,6369,429,10,0,adj,tier3_bnc_coca+bnc_coca_band_7k+grade_estimate_10+general_or_nonacademic
genocide,6370,156,10,0,n,tier3_bnc_coca+bnc_coca_band_7k+grade_estimate_10+general_or_nonacademic
ghetto,6372,348,10,0,n,tier3_bnc_coca+bnc_coca_band_7k+grade_estimate_10+general_or_nonacademic
gild,6373,373,10,0,v,tier3_bnc_coca+bnc_coca_band_7k+grade_estimate_10+general_or_nonacademic
glean,6374,319,10,0,v,tier3_bnc_coca+bnc_coca_band_7k+grade_estimate_10+general_or_nonacademic
glee,6375,332,10,0,n,tier3_bnc_coca+bnc_coca_band_7k+grade_estimate_10+general_or_nonacademic
glimmer,6376,318,10,0,v,tier3_bnc_coca+bnc_coca_band_7k+grade_estimate_10+general_or_nonacademic
glucose,6377,630,10,0,n,tier3_bnc_coca+bnc_coca_band_7k+grade_estimate_10+general_or_nonacademic
gorge,6378,434,10,0,n,tier3_bnc_coca+bnc_coca_band_7k+grade_estimate_10+general_or_nonacademic
governance,6379,183,10,0,n,tier3_bnc_coca+bnc_coca_band_7k+grade_estimate_10+general_or_nonacademic
graffiti,6381,240,10,0,n,tier3_bnc_coca+bnc_coca_band_7k+grade_estimate_10+general_or_nonacademic
grapple,6383,315,10,0,n,tier3_bnc_coca+bnc_coca_band_7k+grade_estimate_10+general_or_nonacademic
gravely,6384,390,10,0,adv,tier3_bnc_coca+bnc_coca_band_7k+grade_estimate_10+general_or_nonacademic
gravy,6385,275,10,0,n,tier3_bnc_coca+bnc_coca_band_7k+grade_estimate_10+general_or_nonacademic
grenade,6386,362,10,0,n,tier3_bnc_coca+bnc_coca_band_7k+grade_estimate_10+general_or_nonacademic
groin,6387,360,10,0,n,tier3_bnc_coca+bnc_coca_band_7k+grade_estimate_10+general_or_nonacademic
grope,6388,339,10,0,n,tier3_bnc_coca+bnc_coca_band_7k+grade_estimate_10+general_or_nonacademic
grotesque,6389,376,10,0,adj,tier3_bnc_coca+bnc_coca_band_7k+grade_estimate_10+general_or_nonacademic
guinea,6390,1189,10,0,n,tier3_bnc_coca+bnc_coca_band_7k+grade_estimate_10+general_or_nonacademic
guise,6391,495,10,0,v,tier3_bnc_coca+bnc_coca_band_7k+grade_estimate_10+general_or_nonacademic
gull,6392,559,10,0,n,tier3_bnc_coca+bnc_coca_band_7k+grade_estimate_10+general_or_nonacademic
gully,6393,431,10,0,adv,tier3_bnc_coca+bnc_coca_band_7k+grade_estimate_10+general_or_nonacademic
guru,6394,282,10,0,n,tier3_bnc_coca+bnc_coca_band_7k+grade_estimate_10+general_or_nonacademic
gush,6395,265,10,0,v,tier3_bnc_coca+bnc_coca_band_7k+grade_estimate_10+general_or_nonacademic
gust,6396,362,10,0,v,tier3_bnc_coca+bnc_coca_band_7k+grade_estimate_10+general_or_nonacademic
habitual,6397,505,10,0,adj,tier3_bnc_coca+bnc_coca_band_7k+grade_estimate_10+general_or_nonacademic
haemorrhage,6398,436,10,0,n,tier3_bnc_coca+bnc_coca_band_7k+grade_estimate_10+general_or_nonacademic
hallmark,6399,344,10,0,n,tier3_bnc_coca+bnc_coca_band_7k+grade_estimate_10+general_or_nonacademic
hamlet,6400,1018,10,0,n,tier3_bnc_coca+bnc_coca_band_7k+grade_estimate_10+general_or_nonacademic
handcuff,6401,266,10,0,v,tier3_bnc_coca+bnc_coca_band_7k+grade_estimate_10+general_or_nonacademic
hardy,6402,1162,10,0,n,tier3_bnc_coca+bnc_coca_band_7k+grade_estimate_10+general_or_nonacademic
harmonic,6403,419,10,0,adj,tier3_bnc_coca+bnc_coca_band_7k+grade_estimate_10+general_or_nonacademic
harmonise,6404,586,10,0,v,tier3_bnc_coca+bnc_coca_band_7k+grade_estimate_10+general_or_nonacademic
harp,6405,336,10,0,n,tier3_bnc_coca+bnc_coca_band_7k+grade_estimate_10+general_or_nonacademic
hassle,6406,431,10,0,n,tier3_bnc_coca+bnc_coca_band_7k+grade_estimate_10+general_or_nonacademic
havoc,6407,336,10,0,n,tier3_bnc_coca+bnc_coca_band_7k+grade_estimate_10+general_or_nonacademic
haze,6408,364,10,0,n,tier3_bnc_coca+bnc_coca_band_7k+grade_estimate_10+general_or_nonacademic
headlight,6409,327,10,0,n,tier3_bnc_coca+bnc_coca_band_7k+grade_estimate_10+general_or_nonacademic
heady,6410,350,10,0,n,tier3_bnc_coca+bnc_coca_band_7k+grade_estimate_10+general_or_nonacademic
hearth,6411,450,10,0,n,tier3_bnc_coca+bnc_coca_band_7k+grade_estimate_10+general_or_nonacademic
hectic,6412,446,10,0,adj,tier3_bnc_coca+bnc_coca_band_7k+grade_estimate_10+general_or_nonacademic
hefty,6413,345,10,0,n,tier3_bnc_coca+bnc_coca_band_7k+grade_estimate_10+general_or_nonacademic
helm,6414,322,10,0,n,tier3_bnc_coca+bnc_coca_band_7k+grade_estimate_10+general_or_nonacademic
heron,6415,381,10,0,n,tier3_bnc_coca+bnc_coca_band_7k+grade_estimate_10+general_or_nonacademic
herring,6416,456,10,0,n,tier3_bnc_coca+bnc_coca_band_7k+grade_estimate_10+general_or_nonacademic
hideous,6417,509,10,0,adj,tier3_bnc_coca+bnc_coca_band_7k+grade_estimate_10+general_or_nonacademic
hilarious,6418,282,10,0,adj,tier3_bnc_coca+bnc_coca_band_7k+grade_estimate_10+general_or_nonacademic
hind,6419,454,10,0,n,tier3_bnc_coca+bnc_coca_band_7k+grade_estimate_10+general_or_nonacademic
hippy,6420,434,10,0,n,tier3_bnc_coca+bnc_coca_band_7k+grade_estimate_10+general_or_nonacademic
hispanic,6421,121,10,0,adj,tier3_bnc_coca+bnc_coca_band_7k+grade_estimate_10+general_or_nonacademic
hitherto,6422,1553,10,0,n,tier3_bnc_coca+bnc_coca_band_7k+grade_estimate_10+general_or_nonacademic
hive,6423,402,10,0,adj,tier3_bnc_coca+bnc_coca_band_7k+grade_estimate_10+general_or_nonacademic
hoard,6424,480,10,0,v,tier3_bnc_coca+bnc_coca_band_7k+grade_estimate_10+general_or_nonacademic
hoarse,6425,418,10,0,adj,tier3_bnc_coca+bnc_coca_band_7k+grade_estimate_10+general_or_nonacademic
hog,6426,225,10,0,n,tier3_bnc_coca+bnc_coca_band_7k+grade_estimate_10+general_or_nonacademic
homage,6427,449,10,0,n,tier3_bnc_coca+bnc_coca_band_7k+grade_estimate_10+general_or_nonacademic
hoof,6428,419,10,0,v,tier3_bnc_coca+bnc_coca_band_7k+grade_estimate_10+general_or_nonacademic
hooker,6429,426,10,0,n,tier3_bnc_coca+bnc_coca_band_7k+grade_estimate_10+general_or_nonacademic
hoop,6430,342,10,0,v,tier3_bnc_coca+bnc_coca_band_7k+grade_estimate_10+general_or_nonacademic
hoot,6431,317,10,0,v,tier3_bnc_coca+bnc_coca_band_7k+grade_estimate_10+general_or_nonacademic
hoover,6432,385,10,0,v,tier3_bnc_coca+bnc_coca_band_7k+grade_estimate_10+general_or_nonacademic
horde,6433,380,10,0,n,tier3_bnc_coca+bnc_coca_band_7k+grade_estimate_10+general_or_nonacademic
hospice,6434,401,10,0,n,tier3_bnc_coca+bnc_coca_band_7k+grade_estimate_10+general_or_nonacademic
hostel,6435,876,10,0,n,tier3_bnc_coca+bnc_coca_band_7k+grade_estimate_10+general_or_nonacademic
humility,6436,287,10,0,n,tier3_bnc_coca+bnc_coca_band_7k+grade_estimate_10+general_or_nonacademic
hump,6437,422,10,0,v,tier3_bnc_coca+bnc_coca_band_7k+grade_estimate_10+general_or_nonacademic
hustle,6438,290,10,0,n,tier3_bnc_coca+bnc_coca_band_7k+grade_estimate_10+general_or_nonacademic
hydraulic,6439,362,10,0,adj,tier3_bnc_coca+bnc_coca_band_7k+grade_estimate_10+general_or_nonacademic
hypertension,6440,369,10,0,n,tier3_bnc_coca+bnc_coca_band_7k+grade_estimate_10+general_or_nonacademic
hypocrisy,6441,356,10,0,n,tier3_bnc_coca+bnc_coca_band_7k+grade_estimate_10+general_or_nonacademic
hypocrite,6442,328,10,0,n,tier3_bnc_coca+bnc_coca_band_7k+grade_estimate_10+general_or_nonacademic
idiom,6445,488,10,0,n,tier3_bnc_coca+bnc_coca_band_7k+grade_estimate_10+general_or_nonacademic
illicit,6446,283,10,0,adj,tier3_bnc_coca+bnc_coca_band_7k+grade_estimate_10+general_or_nonacademic
immaculate,6447,589,10,0,adj,tier3_bnc_coca+bnc_coca_band_7k+grade_estimate_10+general_or_nonacademic
impart,6448,381,10,0,v,tier3_bnc_coca+bnc_coca_band_7k+grade_estimate_10+general_or_nonacademic
impeccable,6449,362,10,0,adj,tier3_bnc_coca+bnc_coca_band_7k+grade_estimate_10+general_or_nonacademic
impersonal,6450,533,10,0,adj,tier3_bnc_coca+bnc_coca_band_7k+grade_estimate_10+general_or_nonacademic
inaugural,6451,348,10,0,adj,tier3_bnc_coca+bnc_coca_band_7k+grade_estimate_10+general_or_nonacademic
incense,6452,380,10,0,n,tier3_bnc_coca+bnc_coca_band_7k+grade_estimate_10+general_or_nonacademic
inception,6453,290,10,0,n,tier3_bnc_coca+bnc_coca_band_7k+grade_estimate_10+general_or_nonacademic
incest,6454,371,10,0,n,tier3_bnc_coca+bnc_coca_band_7k+grade_estimate_10+general_or_nonacademic
incite,6455,315,10,0,n,tier3_bnc_coca+bnc_coca_band_7k+grade_estimate_10+general_or_nonacademic
incongruous,6456,359,10,0,adj,tier3_bnc_coca+bnc_coca_band_7k+grade_estimate_10+general_or_nonacademic
inconsistency,6457,455,10,0,n,tier3_bnc_coca+bnc_coca_band_7k+grade_estimate_10+general_or_nonacademic
indebted,6458,377,10,0,n,tier3_bnc_coca+bnc_coca_band_7k+grade_estimate_10+general_or_nonacademic
inexorable,6459,380,10,0,adj,tier3_bnc_coca+bnc_coca_band_7k+grade_estimate_10+general_or_nonacademic
infamous,6460,331,10,0,adj,tier3_bnc_coca+bnc_coca_band_7k+grade_estimate_10+general_or_nonacademic
infrared,6462,247,10,0,n,tier3_bnc_coca+bnc_coca_band_7k+grade_estimate_10+general_or_nonacademic
infuriate,6463,503,10,0,v,tier3_bnc_coca+bnc_coca_band_7k+grade_estimate_10+general_or_nonacademic
ingenious,6464,499,10,0,adj,tier3_bnc_coca+bnc_coca_band_7k+grade_estimate_10+general_or_nonacademic
ingest,6465,367,10,0,v,tier3_bnc_coca+bnc_coca_band_7k+grade_estimate_10+general_or_nonacademic
inlet,6466,269,10,0,n,tier3_bnc_coca+bnc_coca_band_7k+grade_estimate_10+general_or_nonacademic
inseparable,6468,403,10,0,adj,tier3_bnc_coca+bnc_coca_band_7k+grade_estimate_10+general_or_nonacademic
inset,6469,572,10,0,n,tier3_bnc_coca+bnc_coca_band_7k+grade_estimate_10+general_or_nonacademic
insolvent,6470,854,10,0,n,tier3_bnc_coca+bnc_coca_band_7k+grade_estimate_10+general_or_nonacademic
instigate,6471,471,10,0,v,tier3_bnc_coca+bnc_coca_band_7k+grade_estimate_10+general_or_nonacademic
instil,6472,317,10,0,n,tier3_bnc_coca+bnc_coca_band_7k+grade_estimate_10+general_or_nonacademic
intermediary,6473,594,10,0,n,tier3_bnc_coca+bnc_coca_band_7k+grade_estimate_10+general_or_nonacademic
intone,6474,577,10,0,n,tier3_bnc_coca+bnc_coca_band_7k+grade_estimate_10+general_or_nonacademic
intoxicate,6475,293,10,0,v,tier3_bnc_coca+bnc_coca_band_7k+grade_estimate_10+general_or_nonacademic
intravenous,6476,446,10,0,adj,tier3_bnc_coca+bnc_coca_band_7k+grade_estimate_10+general_or_nonacademic
invalid,6477,871,10,0,v,tier3_bnc_coca+bnc_coca_band_7k+grade_estimate_10+general_or_nonacademic
inventive,6478,318,10,0,adj,tier3_bnc_coca+bnc_coca_band_7k+grade_estimate_10+general_or_nonacademic
inverse,6479,440,10,0,adj,tier3_bnc_coca+bnc_coca_band_7k+grade_estimate_10+general_or_nonacademic
invoice,6480,845,10,0,n,tier3_bnc_coca+bnc_coca_band_7k+grade_estimate_10+general_or_nonacademic
jab,6481,361,10,0,n,tier3_bnc_coca+bnc_coca_band_7k+grade_estimate_10+general_or_nonacademic
jade,6482,442,10,0,n,tier3_bnc_coca+bnc_coca_band_7k+grade_estimate_10+general_or_nonacademic
jagged,6483,294,10,0,adj,tier3_bnc_coca+bnc_coca_band_7k+grade_estimate_10+general_or_nonacademic
jargon,6484,541,10,0,n,tier3_bnc_coca+bnc_coca_band_7k+grade_estimate_10+general_or_nonacademic
jumble,6485,538,10,0,n,tier3_bnc_coca+bnc_coca_band_7k+grade_estimate_10+general_or_nonacademic
jut,6486,282,10,0,n,tier3_bnc_coca+bnc_coca_band_7k+grade_estimate_10+general_or_nonacademic
juxtapose,6487,362,10,0,n,tier3_bnc_coca+bnc_coca_band_7k+grade_estimate_10+general_or_nonacademic
kindle,6488,323,10,0,n,tier3_bnc_coca+bnc_coca_band_7k+grade_estimate_10+general_or_nonacademic
kitten,6489,430,10,0,v,tier3_bnc_coca+bnc_coca_band_7k+grade_estimate_10+general_or_nonacademic
lagoon,6490,285,10,0,n,tier3_bnc_coca+bnc_coca_band_7k+grade_estimate_10+general_or_nonacademic
lame,6491,405,10,0,adj,tier3_bnc_coca+bnc_coca_band_7k+grade_estimate_10+general_or_nonacademic
ledger,6492,394,10,0,n,tier3_bnc_coca+bnc_coca_band_7k+grade_estimate_10+general_or_nonacademic
lest,6493,411,10,0,conj,tier3_bnc_coca+bnc_coca_band_7k+grade_estimate_10+general_or_nonacademic
leukaemia,6494,528,10,0,n,tier3_bnc_coca+bnc_coca_band_7k+grade_estimate_10+general_or_nonacademic
libel,6495,897,10,0,n,tier3_bnc_coca+bnc_coca_band_7k+grade_estimate_10+general_or_nonacademic
liken,6496,311,10,0,v,tier3_bnc_coca+bnc_coca_band_7k+grade_estimate_10+general_or_nonacademic
livelihood,6497,364,10,0,n,tier3_bnc_coca+bnc_coca_band_7k+grade_estimate_10+general_or_nonacademic
lofty,6498,374,10,0,n,tier3_bnc_coca+bnc_coca_band_7k+grade_estimate_10+general_or_nonacademic
lousy,6500,230,10,0,n,tier3_bnc_coca+bnc_coca_band_7k+grade_estimate_10+general_or_nonacademic
ludicrous,6501,520,10,0,adj,tier3_bnc_coca+bnc_coca_band_7k+grade_estimate_10+general_or_nonacademic
lull,6502,367,10,0,v,tier3_bnc_coca+bnc_coca_band_7k+grade_estimate_10+general_or_nonacademic
luncheon,6504,375,10,0,n,tier3_bnc_coca+bnc_coca_band_7k+grade_estimate_10+general_or_nonacademic
lunge,6505,294,10,0,n,tier3_bnc_coca+bnc_coca_band_7k+grade_estimate_10+general_or_nonacademic
mafia,6506,423,10,0,n,tier3_bnc_coca+bnc_coca_band_7k+grade_estimate_10+general_or_nonacademic
maggot,6507,382,10,0,n,tier3_bnc_coca+bnc_coca_band_7k+grade_estimate_10+general_or_nonacademic
mainframe,6508,1148,10,0,n,tier3_bnc_coca+bnc_coca_band_7k+grade_estimate_10+general_or_nonacademic
majestic,6509,338,10,0,adj,tier3_bnc_coca+bnc_coca_band_7k+grade_estimate_10+general_or_nonacademic
majors,6510,594,10,0,n,tier3_bnc_coca+bnc_coca_band_7k+grade_estimate_10+general_or_nonacademic
makeshift,6511,252,10,0,n,tier3_bnc_coca+bnc_coca_band_7k+grade_estimate_10+general_or_nonacademic
malaria,6512,344,10,0,n,tier3_bnc_coca+bnc_coca_band_7k+grade_estimate_10+general_or_nonacademic
malicious,6513,442,10,0,adj,tier3_bnc_coca+bnc_coca_band_7k+grade_estimate_10+general_or_nonacademic
mammoth,6514,228,10,0,n,tier3_bnc_coca+bnc_coca_band_7k+grade_estimate_10+general_or_nonacademic
manifesto,6515,837,10,0,n,tier3_bnc_coca+bnc_coca_band_7k+grade_estimate_10+general_or_nonacademic
manslaughter,6516,506,10,0,n,tier3_bnc_coca+bnc_coca_band_7k+grade_estimate_10+general_or_nonacademic
manure,6517,356,10,0,n,tier3_bnc_coca+bnc_coca_band_7k+grade_estimate_10+general_or_nonacademic
margarine,6518,323,10,0,n,tier3_bnc_coca+bnc_coca_band_7k+grade_estimate_10+general_or_nonacademic
marijuana,6519,138,10,0,n,tier3_bnc_coca+bnc_coca_band_7k+grade_estimate_10+general_or_nonacademic
mariner,6520,268,10,0,n,tier3_bnc_coca+bnc_coca_band_7k+grade_estimate_10+general_or_nonacademic
mast,6522,664,10,0,v,tier3_bnc_coca+bnc_coca_band_7k+grade_estimate_10+general_or_nonacademic
maternity,6523,712,10,0,n,tier3_bnc_coca+bnc_coca_band_7k+grade_estimate_10+general_or_nonacademic
maxim,6524,902,10,0,n,tier3_bnc_coca+bnc_coca_band_7k+grade_estimate_10+general_or_nonacademic
meagre,6525,425,10,0,n,tier3_bnc_coca+bnc_coca_band_7k+grade_estimate_10+general_or_nonacademic
meander,6526,336,10,0,v,tier3_bnc_coca+bnc_coca_band_7k+grade_estimate_10+general_or_nonacademic
mechanise,6527,437,10,0,v,tier3_bnc_coca+bnc_coca_band_7k+grade_estimate_10+general_or_nonacademic
mediocre,6528,274,10,0,n,tier3_bnc_coca+bnc_coca_band_7k+grade_estimate_10+general_or_nonacademic
mellow,6529,327,10,0,v,tier3_bnc_coca+bnc_coca_band_7k+grade_estimate_10+general_or_nonacademic
melon,6530,301,10,0,n,tier3_bnc_coca+bnc_coca_band_7k+grade_estimate_10+general_or_nonacademic
menopause,6531,267,10,0,n,tier3_bnc_coca+bnc_coca_band_7k+grade_estimate_10+general_or_nonacademic
menstruate,6532,378,10,0,v,tier3_bnc_coca+bnc_coca_band_7k+grade_estimate_10+general_or_nonacademic
messiah,6533,521,10,0,n,tier3_bnc_coca+bnc_coca_band_7k+grade_estimate_10+general_or_nonacademic
metabolic,6534,364,10,0,adj,tier3_bnc_coca+bnc_coca_band_7k+grade_estimate_10+general_or_nonacademic
methane,6535,344,10,0,n,tier3_bnc_coca+bnc_coca_band_7k+grade_estimate_10+general_or_nonacademic
microbe,6536,231,10,0,n,tier3_bnc_coca+bnc_coca_band_7k+grade_estimate_10+general_or_nonacademic
microprocessor,6537,485,10,0,n,tier3_bnc_coca+bnc_coca_band_7k+grade_estimate_10+general_or_nonacademic
midwife,6538,621,10,0,n,tier3_bnc_coca+bnc_coca_band_7k+grade_estimate_10+general_or_nonacademic
millimetre,6539,382,10,0,n,tier3_bnc_coca+bnc_coca_band_7k+grade_estimate_10+general_or_nonacademic
misconception,6540,242,10,0,n,tier3_bnc_coca+bnc_coca_band_7k+grade_estimate_10+general_or_nonacademic
misconduct,6541,322,10,0,n,tier3_bnc_coca+bnc_coca_band_7k+grade_estimate_10+general_or_nonacademic
misfortune,6542,462,10,0,n,tier3_bnc_coca+bnc_coca_band_7k+grade_estimate_10+general_or_nonacademic
misguided,6543,338,10,0,adj,tier3_bnc_coca+bnc_coca_band_7k+grade_estimate_10+general_or_nonacademic
misplace,6544,298,10,0,n,tier3_bnc_coca+bnc_coca_band_7k+grade_estimate_10+general_or_nonacademic
misrepresent,6545,462,10,0,v,tier3_bnc_coca+bnc_coca_band_7k+grade_estimate_10+general_or_nonacademic
modulate,6546,416,10,0,v,tier3_bnc_coca+bnc_coca_band_7k+grade_estimate_10+general_or_nonacademic
mogul,6547,212,10,0,n,tier3_bnc_coca+bnc_coca_band_7k+grade_estimate_10+general_or_nonacademic
molest,6548,195,10,0,v,tier3_bnc_coca+bnc_coca_band_7k+grade_estimate_10+general_or_nonacademic
motto,6551,350,10,0,n,tier3_bnc_coca+bnc_coca_band_7k+grade_estimate_10+general_or_nonacademic
muck,6552,635,10,0,v,tier3_bnc_coca+bnc_coca_band_7k+grade_estimate_10+general_or_nonacademic
muddle,6553,580,10,0,n,tier3_bnc_coca+bnc_coca_band_7k+grade_estimate_10+general_or_nonacademic
mugged,6554,376,10,0,n,tier3_bnc_coca+bnc_coca_band_7k+grade_estimate_10+general_or_nonacademic
multilateral,6556,307,10,0,adj,tier3_bnc_coca+bnc_coca_band_7k+grade_estimate_10+general_or_nonacademic
mural,6557,391,10,0,adj,tier3_bnc_coca+bnc_coca_band_7k+grade_estimate_10+general_or_nonacademic
murky,6558,288,10,0,n,tier3_bnc_coca+bnc_coca_band_7k+grade_estimate_10+general_or_nonacademic
mutant,6559,687,10,0,n,tier3_bnc_coca+bnc_coca_band_7k+grade_estimate_10+general_or_nonacademic
mutilate,6560,348,10,0,v,tier3_bnc_coca+bnc_coca_band_7k+grade_estimate_10+general_or_nonacademic
muzzle,6561,312,10,0,n,tier3_bnc_coca+bnc_coca_band_7k+grade_estimate_10+general_or_nonacademic
narcotic,6562,222,10,0,adj,tier3_bnc_coca+bnc_coca_band_7k+grade_estimate_10+general_or_nonacademic
needy,6564,257,10,0,n,tier3_bnc_coca+bnc_coca_band_7k+grade_estimate_10+general_or_nonacademic
negate,6565,407,10,0,v,tier3_bnc_coca+bnc_coca_band_7k+grade_estimate_10+general_or_nonacademic
negligible,6566,493,10,0,adj,tier3_bnc_coca+bnc_coca_band_7k+grade_estimate_10+general_or_nonacademic
negro,6567,242,10,0,n,tier3_bnc_coca+bnc_coca_band_7k+grade_estimate_10+general_or_nonacademic
neon,6568,289,10,0,n,tier3_bnc_coca+bnc_coca_band_7k+grade_estimate_10+general_or_nonacademic
nestle,6569,430,10,0,n,tier3_bnc_coca+bnc_coca_band_7k+grade_estimate_10+general_or_nonacademic
neurology,6571,299,10,1,n,tier3_bnc_coca+bnc_coca_band_7k+grade_estimate_10+academic_exact
nibble,6572,331,10,0,n,tier3_bnc_coca+bnc_coca_band_7k+grade_estimate_10+general_or_nonacademic
nip,6573,582,10,0,n,tier3_bnc_coca+bnc_coca_band_7k+grade_estimate_10+general_or_nonacademic
nipple,6574,373,10,0,n,tier3_bnc_coca+bnc_coca_band_7k+grade_estimate_10+general_or_nonacademic
nomad,6575,465,10,0,n,tier3_bnc_coca+bnc_coca_band_7k+grade_estimate_10+general_or_nonacademic
normative,6576,328,10,0,adj,tier3_bnc_coca+bnc_coca_band_7k+grade_estimate_10+general_or_nonacademic
nostalgic,6577,304,10,0,adj,tier3_bnc_coca+bnc_coca_band_7k+grade_estimate_10+general_or_nonacademic
notification,6578,409,10,1,n,tier3_bnc_coca+bnc_coca_band_7k+grade_estimate_10+academic_tion
nuance,6580,234,10,0,n,tier3_bnc_coca+bnc_coca_band_7k+grade_estimate_10+general_or_nonacademic
null,6581,486,10,0,n,tier3_bnc_coca+bnc_coca_band_7k+grade_estimate_10+general_or_nonacademic
oasis,6582,314,10,0,n,tier3_bnc_coca+bnc_coca_band_7k+grade_estimate_10+general_or_nonacademic
oats,6583,337,10,0,n,tier3_bnc_coca+bnc_coca_band_7k+grade_estimate_10+general_or_nonacademic
obituary,6584,439,10,0,n,tier3_bnc_coca+bnc_coca_band_7k+grade_estimate_10+general_or_nonacademic
obliterate,6585,337,10,0,v,tier3_bnc_coca+bnc_coca_band_7k+grade_estimate_10+general_or_nonacademic
oblivious,6586,332,10,0,adj,tier3_bnc_coca+bnc_coca_band_7k+grade_estimate_10+general_or_nonacademic
obsolete,6587,343,10,0,n,tier3_bnc_coca+bnc_coca_band_7k+grade_estimate_10+general_or_nonacademic
ooze,6588,357,10,0,n,tier3_bnc_coca+bnc_coca_band_7k+grade_estimate_10+general_or_nonacademic
opaque,6589,333,10,0,adj,tier3_bnc_coca+bnc_coca_band_7k+grade_estimate_10+general_or_nonacademic
orchestrate,6591,327,10,0,v,tier3_bnc_coca+bnc_coca_band_7k+grade_estimate_10+general_or_nonacademic
orchid,6592,404,10,0,n,tier3_bnc_coca+bnc_coca_band_7k+grade_estimate_10+general_or_nonacademic
ordain,6593,488,10,0,v,tier3_bnc_coca+bnc_coca_band_7k+grade_estimate_10+general_or_nonacademic
orgasm,6594,243,10,0,n,tier3_bnc_coca+bnc_coca_band_7k+grade_estimate_10+general_or_nonacademic
ornate,6595,368,10,0,adj,tier3_bnc_coca+bnc_coca_band_7k+grade_estimate_10+general_or_nonacademic
orthodoxy,6596,416,10,0,n,tier3_bnc_coca+bnc_coca_band_7k+grade_estimate_10+general_or_nonacademic
outburst,6597,481,10,0,n,tier3_bnc_coca+bnc_coca_band_7k+grade_estimate_10+general_or_nonacademic
outnumber,6598,377,10,0,v,tier3_bnc_coca+bnc_coca_band_7k+grade_estimate_10+general_or_nonacademic
outpatient,6599,368,10,0,n,tier3_bnc_coca+bnc_coca_band_7k+grade_estimate_10+general_or_nonacademic
outspoken,6600,326,10,0,adj,tier3_bnc_coca+bnc_coca_band_7k+grade_estimate_10+general_or_nonacademic
outstretched,6601,352,10,0,n,tier3_bnc_coca+bnc_coca_band_7k+grade_estimate_10+general_or_nonacademic
overdose,6602,361,10,0,n,tier3_bnc_coca+bnc_coca_band_7k+grade_estimate_10+general_or_nonacademic
overdue,6603,357,10,0,n,tier3_bnc_coca+bnc_coca_band_7k+grade_estimate_10+general_or_nonacademic
overhang,6604,364,10,0,v,tier3_bnc_coca+bnc_coca_band_7k+grade_estimate_10+general_or_nonacademic
overlay,6605,347,10,0,v,tier3_bnc_coca+bnc_coca_band_7k+grade_estimate_10+general_or_nonacademic
overload,6606,424,10,0,v,tier3_bnc_coca+bnc_coca_band_7k+grade_estimate_10+general_or_nonacademic
overpower,6607,329,10,0,v,tier3_bnc_coca+bnc_coca_band_7k+grade_estimate_10+general_or_nonacademic
overrun,6608,294,10,0,n,tier3_bnc_coca+bnc_coca_band_7k+grade_estimate_10+general_or_nonacademic
overshadow,6609,387,10,0,v,tier3_bnc_coca+bnc_coca_band_7k+grade_estimate_10+general_or_nonacademic
oversight,6610,181,10,0,n,tier3_bnc_coca+bnc_coca_band_7k+grade_estimate_10+general_or_nonacademic
pageant,6611,255,10,0,n,tier3_bnc_coca+bnc_coca_band_7k+grade_estimate_10+general_or_nonacademic
painstaking,6612,375,10,0,adj,tier3_bnc_coca+bnc_coca_band_7k+grade_estimate_10+general_or_nonacademic
pane,6613,327,10,0,n,tier3_bnc_coca+bnc_coca_band_7k+grade_estimate_10+general_or_nonacademic
panorama,6614,434,10,0,n,tier3_bnc_coca+bnc_coca_band_7k+grade_estimate_10+general_or_nonacademic
panther,6615,181,10,0,n,tier3_bnc_coca+bnc_coca_band_7k+grade_estimate_10+general_or_nonacademic
paramilitary,6616,392,10,0,n,tier3_bnc_coca+bnc_coca_band_7k+grade_estimate_10+general_or_nonacademic
paranoid,6617,293,10,0,n,tier3_bnc_coca+bnc_coca_band_7k+grade_estimate_10+general_or_nonacademic
parishioner,6618,270,10,0,n,tier3_bnc_coca+bnc_coca_band_7k+grade_estimate_10+general_or_nonacademic
parity,6619,427,10,0,n,tier3_bnc_coca+bnc_coca_band_7k+grade_estimate_10+general_or_nonacademic
parole,6620,244,10,0,n,tier3_bnc_coca+bnc_coca_band_7k+grade_estimate_10+general_or_nonacademic
password,6621,443,10,0,n,tier3_bnc_coca+bnc_coca_band_7k+grade_estimate_10+general_or_nonacademic
paternal,6622,340,10,0,adj,tier3_bnc_coca+bnc_coca_band_7k+grade_estimate_10+general_or_nonacademic
peat,6623,1120,10,0,n,tier3_bnc_coca+bnc_coca_band_7k+grade_estimate_10+general_or_nonacademic
peck,6624,731,10,0,v,tier3_bnc_coca+bnc_coca_band_7k+grade_estimate_10+general_or_nonacademic
pee,6625,267,10,0,v,tier3_bnc_coca+bnc_coca_band_7k+grade_estimate_10+general_or_nonacademic
peek,6626,178,10,0,v,tier3_bnc_coca+bnc_coca_band_7k+grade_estimate_10+general_or_nonacademic
peep,6627,440,10,0,v,tier3_bnc_coca+bnc_coca_band_7k+grade_estimate_10+general_or_nonacademic
pellet,6628,580,10,0,n,tier3_bnc_coca+bnc_coca_band_7k+grade_estimate_10+general_or_nonacademic
pelvis,6629,390,10,0,n,tier3_bnc_coca+bnc_coca_band_7k+grade_estimate_10+general_or_nonacademic
penal,6630,695,10,0,adj,tier3_bnc_coca+bnc_coca_band_7k+grade_estimate_10+general_or_nonacademic
penalise,6631,415,10,0,v,tier3_bnc_coca+bnc_coca_band_7k+grade_estimate_10+general_or_nonacademic
perceptible,6632,424,10,0,adj,tier3_bnc_coca+bnc_coca_band_7k+grade_estimate_10+general_or_nonacademic
perceptual,6633,371,10,0,adj,tier3_bnc_coca+bnc_coca_band_7k+grade_estimate_10+general_or_nonacademic
permeate,6634,342,10,0,v,tier3_bnc_coca+bnc_coca_band_7k+grade_estimate_10+general_or_nonacademic
perplex,6635,354,10,0,v,tier3_bnc_coca+bnc_coca_band_7k+grade_estimate_10+general_or_nonacademic
persevere,6636,351,10,0,n,tier3_bnc_coca+bnc_coca_band_7k+grade_estimate_10+general_or_nonacademic
persona,6637,296,10,0,n,tier3_bnc_coca+bnc_coca_band_7k+grade_estimate_10+general_or_nonacademic
personalise,6638,324,10,0,v,tier3_bnc_coca+bnc_coca_band_7k+grade_estimate_10+general_or_nonacademic
pertinent,6639,438,10,0,adj,tier3_bnc_coca+bnc_coca_band_7k+grade_estimate_10+general_or_nonacademic
pervert,6640,419,10,0,v,tier3_bnc_coca+bnc_coca_band_7k+grade_estimate_10+general_or_nonacademic
pessimistic,6641,395,10,0,adj,tier3_bnc_coca+bnc_coca_band_7k+grade_estimate_10+general_or_nonacademic
pew,6642,261,10,0,n,tier3_bnc_coca+bnc_coca_band_7k+grade_estimate_10+general_or_nonacademic
phantom,6643,319,10,0,n,tier3_bnc_coca+bnc_coca_band_7k+grade_estimate_10+general_or_nonacademic
phony,6645,202,10,0,n,tier3_bnc_coca+bnc_coca_band_7k+grade_estimate_10+general_or_nonacademic
photocopy,6647,690,10,0,v,tier3_bnc_coca+bnc_coca_band_7k+grade_estimate_10+general_or_nonacademic
photon,6648,261,10,0,n,tier3_bnc_coca+bnc_coca_band_7k+grade_estimate_10+general_or_nonacademic
physiology,6649,420,10,1,n,tier3_bnc_coca+bnc_coca_band_7k+grade_estimate_10+academic_exact
pictorial,6650,381,10,0,adj,tier3_bnc_coca+bnc_coca_band_7k+grade_estimate_10+general_or_nonacademic
picturesque,6651,635,10,0,adj,tier3_bnc_coca+bnc_coca_band_7k+grade_estimate_10+general_or_nonacademic
pious,6653,415,10,0,adj,tier3_bnc_coca+bnc_coca_band_7k+grade_estimate_10+general_or_nonacademic
piston,6654,268,10,0,n,tier3_bnc_coca+bnc_coca_band_7k+grade_estimate_10+general_or_nonacademic
pitfall,6655,347,10,0,n,tier3_bnc_coca+bnc_coca_band_7k+grade_estimate_10+general_or_nonacademic
pixel,6656,370,10,0,n,tier3_bnc_coca+bnc_coca_band_7k+grade_estimate_10+general_or_nonacademic
placebo,6657,407,10,0,n,tier3_bnc_coca+bnc_coca_band_7k+grade_estimate_10+general_or_nonacademic
platelet,6658,991,10,0,n,tier3_bnc_coca+bnc_coca_band_7k+grade_estimate_10+general_or_nonacademic
platinum,6659,340,10,0,n,tier3_bnc_coca+bnc_coca_band_7k+grade_estimate_10+general_or_nonacademic
platoon,6660,250,10,0,n,tier3_bnc_coca+bnc_coca_band_7k+grade_estimate_10+general_or_nonacademic
playwright,6661,293,10,0,n,tier3_bnc_coca+bnc_coca_band_7k+grade_estimate_10+general_or_nonacademic
plaza,6662,189,10,0,n,tier3_bnc_coca+bnc_coca_band_7k+grade_estimate_10+general_or_nonacademic
ploy,6663,347,10,0,n,tier3_bnc_coca+bnc_coca_band_7k+grade_estimate_10+general_or_nonacademic
plummet,6664,300,10,0,v,tier3_bnc_coca+bnc_coca_band_7k+grade_estimate_10+general_or_nonacademic
plutonium,6665,464,10,0,n,tier3_bnc_coca+bnc_coca_band_7k+grade_estimate_10+general_or_nonacademic
pod,6666,353,10,0,n,tier3_bnc_coca+bnc_coca_band_7k+grade_estimate_10+general_or_nonacademic
pollen,6667,359,10,0,v,tier3_bnc_coca+bnc_coca_band_7k+grade_estimate_10+general_or_nonacademic
polytechnic,6668,1884,10,0,adj,tier3_bnc_coca+bnc_coca_band_7k+grade_estimate_10+general_or_nonacademic
pomp,6669,478,10,0,n,tier3_bnc_coca+bnc_coca_band_7k+grade_estimate_10+general_or_nonacademic
populist,6670,318,10,0,n,tier3_bnc_coca+bnc_coca_band_7k+grade_estimate_10+general_or_nonacademic
pore,6671,612,10,0,n,tier3_bnc_coca+bnc_coca_band_7k+grade_estimate_10+general_or_nonacademic
porter,6672,1395,10,0,n,tier3_bnc_coca+bnc_coca_band_7k+grade_estimate_10+general_or_nonacademic
postulate,6673,492,10,0,v,tier3_bnc_coca+bnc_coca_band_7k+grade_estimate_10+general_or_nonacademic
potency,6675,525,10,0,n,tier3_bnc_coca+bnc_coca_band_7k+grade_estimate_10+general_or_nonacademic
pouch,6676,452,10,0,n,tier3_bnc_coca+bnc_coca_band_7k+grade_estimate_10+general_or_nonacademic
precinct,6678,256,10,0,n,tier3_bnc_coca+bnc_coca_band_7k+grade_estimate_10+general_or_nonacademic
precursor,6679,408,10,0,n,tier3_bnc_coca+bnc_coca_band_7k+grade_estimate_10+general_or_nonacademic
predicament,6680,388,10,0,n,tier3_bnc_coca+bnc_coca_band_7k+grade_estimate_10+general_or_nonacademic
predicate,6681,525,10,0,v,tier3_bnc_coca+bnc_coca_band_7k+grade_estimate_10+general_or_nonacademic
predispose,6682,347,10,0,n,tier3_bnc_coca+bnc_coca_band_7k+grade_estimate_10+general_or_nonacademic
predominate,6683,414,10,0,adj,tier3_bnc_coca+bnc_coca_band_7k+grade_estimate_10+general_or_nonacademic
preface,6684,580,10,0,n,tier3_bnc_coca+bnc_coca_band_7k+grade_estimate_10+general_or_nonacademic
prehistoric,6685,374,10,0,adj,tier3_bnc_coca+bnc_coca_band_7k+grade_estimate_10+general_or_nonacademic
prelude,6686,437,10,0,n,tier3_bnc_coca+bnc_coca_band_7k+grade_estimate_10+general_or_nonacademic
prerogative,6687,450,10,0,adj,tier3_bnc_coca+bnc_coca_band_7k+grade_estimate_10+general_or_nonacademic
prick,6688,522,10,0,v,tier3_bnc_coca+bnc_coca_band_7k+grade_estimate_10+general_or_nonacademic
prickle,6689,338,10,0,n,tier3_bnc_coca+bnc_coca_band_7k+grade_estimate_10+general_or_nonacademic
primacy,6690,384,10,0,n,tier3_bnc_coca+bnc_coca_band_7k+grade_estimate_10+general_or_nonacademic
primate,6691,388,10,0,v,tier3_bnc_coca+bnc_coca_band_7k+grade_estimate_10+general_or_nonacademic
pristine,6693,203,10,0,n,tier3_bnc_coca+bnc_coca_band_7k+grade_estimate_10+general_or_nonacademic
profess,6694,384,10,0,v,tier3_bnc_coca+bnc_coca_band_7k+grade_estimate_10+general_or_nonacademic
proficient,6695,303,10,0,adj,tier3_bnc_coca+bnc_coca_band_7k+grade_estimate_10+general_or_nonacademic
profuse,6696,319,10,0,adj,tier3_bnc_coca+bnc_coca_band_7k+grade_estimate_10+general_or_nonacademic
prolific,6697,407,10,0,adj,tier3_bnc_coca+bnc_coca_band_7k+grade_estimate_10+general_or_nonacademic
pronouncement,6698,317,10,0,n,tier3_bnc_coca+bnc_coca_band_7k+grade_estimate_10+general_or_nonacademic
propensity,6699,338,10,0,n,tier3_bnc_coca+bnc_coca_band_7k+grade_estimate_10+general_or_nonacademic
prophecy,6700,401,10,0,n,tier3_bnc_coca+bnc_coca_band_7k+grade_estimate_10+general_or_nonacademic
propriety,6701,314,10,0,n,tier3_bnc_coca+bnc_coca_band_7k+grade_estimate_10+general_or_nonacademic
prostate,6702,162,10,0,v,tier3_bnc_coca+bnc_coca_band_7k+grade_estimate_10+general_or_nonacademic
protracted,6704,355,10,0,n,tier3_bnc_coca+bnc_coca_band_7k+grade_estimate_10+general_or_nonacademic
protrude,6705,311,10,0,n,tier3_bnc_coca+bnc_coca_band_7k+grade_estimate_10+general_or_nonacademic
proxy,6707,402,10,0,n,tier3_bnc_coca+bnc_coca_band_7k+grade_estimate_10+general_or_nonacademic
pry,6708,241,10,0,v,tier3_bnc_coca+bnc_coca_band_7k+grade_estimate_10+general_or_nonacademic
psalm,6709,464,10,0,n,tier3_bnc_coca+bnc_coca_band_7k+grade_estimate_10+general_or_nonacademic
psyche,6710,261,10,0,n,tier3_bnc_coca+bnc_coca_band_7k+grade_estimate_10+general_or_nonacademic
psychoanalyse,6711,494,10,0,n,tier3_bnc_coca+bnc_coca_band_7k+grade_estimate_10+general_or_nonacademic
psychotic,6712,486,10,0,adj,tier3_bnc_coca+bnc_coca_band_7k+grade_estimate_10+general_or_nonacademic
puddle,6713,335,10,0,n,tier3_bnc_coca+bnc_coca_band_7k+grade_estimate_10+general_or_nonacademic
pulp,6714,338,10,0,v,tier3_bnc_coca+bnc_coca_band_7k+grade_estimate_10+general_or_nonacademic
pulpit,6715,296,10,0,n,tier3_bnc_coca+bnc_coca_band_7k+grade_estimate_10+general_or_nonacademic
punitive,6717,310,10,0,adj,tier3_bnc_coca+bnc_coca_band_7k+grade_estimate_10+general_or_nonacademic
puritan,6718,555,10,0,n,tier3_bnc_coca+bnc_coca_band_7k+grade_estimate_10+general_or_nonacademic
quaint,6719,295,10,0,adj,tier3_bnc_coca+bnc_coca_band_7k+grade_estimate_10+general_or_nonacademic
quake,6720,175,10,0,n,tier3_bnc_coca+bnc_coca_band_7k+grade_estimate_10+general_or_nonacademic
que,6721,121,10,0,n,tier3_bnc_coca+bnc_coca_band_7k+grade_estimate_10+general_or_nonacademic
queer,6722,370,10,0,adj,tier3_bnc_coca+bnc_coca_band_7k+grade_estimate_10+general_or_nonacademic
quirk,6723,330,10,0,n,tier3_bnc_coca+bnc_coca_band_7k+grade_estimate_10+general_or_nonacademic
rabbi,6724,285,10,0,n,tier3_bnc_coca+bnc_coca_band_7k+grade_estimate_10+general_or_nonacademic
radiator,6725,649,10,0,n,tier3_bnc_coca+bnc_coca_band_7k+grade_estimate_10+general_or_nonacademic
rampant,6726,262,10,0,adj,tier3_bnc_coca+bnc_coca_band_7k+grade_estimate_10+general_or_nonacademic
ransom,6727,373,10,0,n,tier3_bnc_coca+bnc_coca_band_7k+grade_estimate_10+general_or_nonacademic
rasp,6728,383,10,0,v,tier3_bnc_coca+bnc_coca_band_7k+grade_estimate_10+general_or_nonacademic
raspberry,6729,278,10,0,n,tier3_bnc_coca+bnc_coca_band_7k+grade_estimate_10+general_or_nonacademic
ravage,6730,450,10,0,n,tier3_bnc_coca+bnc_coca_band_7k+grade_estimate_10+general_or_nonacademic
raven,6731,300,10,0,v,tier3_bnc_coca+bnc_coca_band_7k+grade_estimate_10+general_or_nonacademic
rebate,6732,411,10,0,v,tier3_bnc_coca+bnc_coca_band_7k+grade_estimate_10+general_or_nonacademic
recapture,6733,382,10,0,n,tier3_bnc_coca+bnc_coca_band_7k+grade_estimate_10+general_or_nonacademic
recoil,6734,278,10,0,v,tier3_bnc_coca+bnc_coca_band_7k+grade_estimate_10+general_or_nonacademic
recourse,6735,500,10,0,n,tier3_bnc_coca+bnc_coca_band_7k+grade_estimate_10+general_or_nonacademic
rectify,6736,660,10,0,v,tier3_bnc_coca+bnc_coca_band_7k+grade_estimate_10+general_or_nonacademic
redesign,6737,308,10,0,v,tier3_bnc_coca+bnc_coca_band_7k+grade_estimate_10+general_or_nonacademic
redress,6738,532,10,0,v,tier3_bnc_coca+bnc_coca_band_7k+grade_estimate_10+general_or_nonacademic
refute,6739,424,10,0,n,tier3_bnc_coca+bnc_coca_band_7k+grade_estimate_10+general_or_nonacademic
regal,6740,350,10,0,adj,tier3_bnc_coca+bnc_coca_band_7k+grade_estimate_10+general_or_nonacademic
regimen,6741,181,10,0,v,tier3_bnc_coca+bnc_coca_band_7k+grade_estimate_10+general_or_nonacademic
rejoice,6742,483,10,0,n,tier3_bnc_coca+bnc_coca_band_7k+grade_estimate_10+general_or_nonacademic
relapse,6743,414,10,0,n,tier3_bnc_coca+bnc_coca_band_7k+grade_estimate_10+general_or_nonacademic
relent,6744,300,10,0,v,tier3_bnc_coca+bnc_coca_band_7k+grade_estimate_10+general_or_nonacademic
remit,6745,737,10,0,n,tier3_bnc_coca+bnc_coca_band_7k+grade_estimate_10+general_or_nonacademic
remorse,6746,410,10,0,n,tier3_bnc_coca+bnc_coca_band_7k+grade_estimate_10+general_or_nonacademic
renal,6747,485,10,0,adj,tier3_bnc_coca+bnc_coca_band_7k+grade_estimate_10+general_or_nonacademic
repatriate,6748,497,10,0,v,tier3_bnc_coca+bnc_coca_band_7k+grade_estimate_10+general_or_nonacademic
repent,6749,410,10,0,v,tier3_bnc_coca+bnc_coca_band_7k+grade_estimate_10+general_or_nonacademic
repercussion,6750,316,10,0,n,tier3_bnc_coca+bnc_coca_band_7k+grade_estimate_10+general_or_nonacademic
repetitive,6751,477,10,0,adj,tier3_bnc_coca+bnc_coca_band_7k+grade_estimate_10+general_or_nonacademic
replica,6752,445,10,0,n,tier3_bnc_coca+bnc_coca_band_7k+grade_estimate_10+general_or_nonacademic
repository,6753,349,10,0,n,tier3_bnc_coca+bnc_coca_band_7k+grade_estimate_10+general_or_nonacademic
reproach,6754,445,10,0,v,tier3_bnc_coca+bnc_coca_band_7k+grade_estimate_10+general_or_nonacademic
repudiate,6756,429,10,0,v,tier3_bnc_coca+bnc_coca_band_7k+grade_estimate_10+general_or_nonacademic
repute,6757,570,10,0,n,tier3_bnc_coca+bnc_coca_band_7k+grade_estimate_10+general_or_nonacademic
reshape,6758,261,10,0,n,tier3_bnc_coca+bnc_coca_band_7k+grade_estimate_10+general_or_nonacademic
resin,6759,446,10,0,n,tier3_bnc_coca+bnc_coca_band_7k+grade_estimate_10+general_or_nonacademic
resolute,6760,443,10,0,adj,tier3_bnc_coca+bnc_coca_band_7k+grade_estimate_10+general_or_nonacademic
respite,6761,383,10,0,n,tier3_bnc_coca+bnc_coca_band_7k+grade_estimate_10+general_or_nonacademic
resurgence,6762,304,10,0,n,tier3_bnc_coca+bnc_coca_band_7k+grade_estimate_10+general_or_nonacademic
retina,6763,435,10,0,n,tier3_bnc_coca+bnc_coca_band_7k+grade_estimate_10+general_or_nonacademic
retract,6764,305,10,0,v,tier3_bnc_coca+bnc_coca_band_7k+grade_estimate_10+general_or_nonacademic
reverberate,6765,387,10,0,v,tier3_bnc_coca+bnc_coca_band_7k+grade_estimate_10+general_or_nonacademic
revoke,6766,428,10,0,n,tier3_bnc_coca+bnc_coca_band_7k+grade_estimate_10+general_or_nonacademic
rift,6767,532,10,0,n,tier3_bnc_coca+bnc_coca_band_7k+grade_estimate_10+general_or_nonacademic
righteous,6768,534,10,0,adj,tier3_bnc_coca+bnc_coca_band_7k+grade_estimate_10+general_or_nonacademic
rivet,6769,434,10,0,v,tier3_bnc_coca+bnc_coca_band_7k+grade_estimate_10+general_or_nonacademic
rodent,6770,278,10,0,n,tier3_bnc_coca+bnc_coca_band_7k+grade_estimate_10+general_or_nonacademic
roe,6771,326,10,0,n,tier3_bnc_coca+bnc_coca_band_7k+grade_estimate_10+general_or_nonacademic
roost,6772,262,10,0,v,tier3_bnc_coca+bnc_coca_band_7k+grade_estimate_10+general_or_nonacademic
rotor,6773,576,10,0,n,tier3_bnc_coca+bnc_coca_band_7k+grade_estimate_10+general_or_nonacademic
rouble,6774,577,10,0,n,tier3_bnc_coca+bnc_coca_band_7k+grade_estimate_10+general_or_nonacademic
rout,6775,322,10,0,n,tier3_bnc_coca+bnc_coca_band_7k+grade_estimate_10+general_or_nonacademic
rudiment,6776,332,10,0,n,tier3_bnc_coca+bnc_coca_band_7k+grade_estimate_10+general_or_nonacademic
rueful,6777,459,10,0,adj,tier3_bnc_coca+bnc_coca_band_7k+grade_estimate_10+general_or_nonacademic
ruffle,6778,435,10,0,n,tier3_bnc_coca+bnc_coca_band_7k+grade_estimate_10+general_or_nonacademic
rum,6779,451,10,0,n,tier3_bnc_coca+bnc_coca_band_7k+grade_estimate_10+general_or_nonacademic
rustic,6781,251,10,0,adj,tier3_bnc_coca+bnc_coca_band_7k+grade_estimate_10+general_or_nonacademic
sabotage,6782,377,10,0,n,tier3_bnc_coca+bnc_coca_band_7k+grade_estimate_10+general_or_nonacademic
sagebrush,6783,1,10,0,n,tier3_bnc_coca+bnc_coca_band_7k+grade_estimate_10+general_or_nonacademic
saline,6784,499,10,0,n,tier3_bnc_coca+bnc_coca_band_7k+grade_estimate_10+general_or_nonacademic
saliva,6785,318,10,0,n,tier3_bnc_coca+bnc_coca_band_7k+grade_estimate_10+general_or_nonacademic
sandal,6786,312,10,0,adj,tier3_bnc_coca+bnc_coca_band_7k+grade_estimate_10+general_or_nonacademic
sap,6787,333,10,0,n,tier3_bnc_coca+bnc_coca_band_7k+grade_estimate_10+general_or_nonacademic
sarcastic,6788,371,10,0,adj,tier3_bnc_coca+bnc_coca_band_7k+grade_estimate_10+general_or_nonacademic
saviour,6790,407,10,0,n,tier3_bnc_coca+bnc_coca_band_7k+grade_estimate_10+general_or_nonacademic
savoury,6791,364,10,0,n,tier3_bnc_coca+bnc_coca_band_7k+grade_estimate_10+general_or_nonacademic
sawn,6792,419,10,0,n,tier3_bnc_coca+bnc_coca_band_7k+grade_estimate_10+general_or_nonacademic
saxophone,6793,252,10,0,n,tier3_bnc_coca+bnc_coca_band_7k+grade_estimate_10+general_or_nonacademic
scaffold,6794,337,10,0,v,tier3_bnc_coca+bnc_coca_band_7k+grade_estimate_10+general_or_nonacademic
scandinavia,6795,861,10,0,n,tier3_bnc_coca+bnc_coca_band_7k+grade_estimate_10+general_or_nonacademic
schema,6796,484,10,0,n,tier3_bnc_coca+bnc_coca_band_7k+grade_estimate_10+general_or_nonacademic
scold,6797,274,10,0,v,tier3_bnc_coca+bnc_coca_band_7k+grade_estimate_10+general_or_nonacademic
scorch,6798,390,10,0,v,tier3_bnc_coca+bnc_coca_band_7k+grade_estimate_10+general_or_nonacademic
scour,6799,376,10,0,v,tier3_bnc_coca+bnc_coca_band_7k+grade_estimate_10+general_or_nonacademic
scrupulous,6800,504,10,0,adj,tier3_bnc_coca+bnc_coca_band_7k+grade_estimate_10+general_or_nonacademic
scum,6801,617,10,0,n,tier3_bnc_coca+bnc_coca_band_7k+grade_estimate_10+general_or_nonacademic
scurry,6802,328,10,0,v,tier3_bnc_coca+bnc_coca_band_7k+grade_estimate_10+general_or_nonacademic
sear,6803,393,10,0,v,tier3_bnc_coca+bnc_coca_band_7k+grade_estimate_10+general_or_nonacademic
seclude,6804,416,10,0,n,tier3_bnc_coca+bnc_coca_band_7k+grade_estimate_10+general_or_nonacademic
sect,6805,385,10,0,n,tier3_bnc_coca+bnc_coca_band_7k+grade_estimate_10+general_or_nonacademic
sectarian,6806,401,10,0,n,tier3_bnc_coca+bnc_coca_band_7k+grade_estimate_10+general_or_nonacademic
sedate,6807,402,10,0,adj,tier3_bnc_coca+bnc_coca_band_7k+grade_estimate_10+general_or_nonacademic
seductive,6808,282,10,0,adj,tier3_bnc_coca+bnc_coca_band_7k+grade_estimate_10+general_or_nonacademic
seismic,6809,326,10,0,adj,tier3_bnc_coca+bnc_coca_band_7k+grade_estimate_10+general_or_nonacademic
sequel,6810,301,10,0,n,tier3_bnc_coca+bnc_coca_band_7k+grade_estimate_10+general_or_nonacademic
shabby,6811,471,10,0,n,tier3_bnc_coca+bnc_coca_band_7k+grade_estimate_10+general_or_nonacademic
shack,6812,168,10,0,n,tier3_bnc_coca+bnc_coca_band_7k+grade_estimate_10+general_or_nonacademic
shampoo,6813,423,10,0,v,tier3_bnc_coca+bnc_coca_band_7k+grade_estimate_10+general_or_nonacademic
shingle,6814,326,10,0,n,tier3_bnc_coca+bnc_coca_band_7k+grade_estimate_10+general_or_nonacademic
shortfall,6815,506,10,0,n,tier3_bnc_coca+bnc_coca_band_7k+grade_estimate_10+general_or_nonacademic
shrill,6816,367,10,0,v,tier3_bnc_coca+bnc_coca_band_7k+grade_estimate_10+general_or_nonacademic
shun,6817,252,10,0,n,tier3_bnc_coca+bnc_coca_band_7k+grade_estimate_10+general_or_nonacademic
simplistic,6818,393,10,0,adj,tier3_bnc_coca+bnc_coca_band_7k+grade_estimate_10+general_or_nonacademic
skid,6819,364,10,0,n,tier3_bnc_coca+bnc_coca_band_7k+grade_estimate_10+general_or_nonacademic
skipper,6820,1157,10,0,v,tier3_bnc_coca+bnc_coca_band_7k+grade_estimate_10+general_or_nonacademic
slant,6821,394,10,0,v,tier3_bnc_coca+bnc_coca_band_7k+grade_estimate_10+general_or_nonacademic
slime,6822,321,10,0,n,tier3_bnc_coca+bnc_coca_band_7k+grade_estimate_10+general_or_nonacademic
sluggish,6823,309,10,0,adj,tier3_bnc_coca+bnc_coca_band_7k+grade_estimate_10+general_or_nonacademic
smother,6824,359,10,0,v,tier3_bnc_coca+bnc_coca_band_7k+grade_estimate_10+general_or_nonacademic
smug,6825,415,10,0,adj,tier3_bnc_coca+bnc_coca_band_7k+grade_estimate_10+general_or_nonacademic
snail,6826,562,10,0,n,tier3_bnc_coca+bnc_coca_band_7k+grade_estimate_10+general_or_nonacademic
snapshot,6827,264,10,0,n,tier3_bnc_coca+bnc_coca_band_7k+grade_estimate_10+general_or_nonacademic
sneer,6828,488,10,0,v,tier3_bnc_coca+bnc_coca_band_7k+grade_estimate_10+general_or_nonacademic
snob,6829,382,10,0,n,tier3_bnc_coca+bnc_coca_band_7k+grade_estimate_10+general_or_nonacademic
snore,6830,379,10,0,n,tier3_bnc_coca+bnc_coca_band_7k+grade_estimate_10+general_or_nonacademic
snug,6831,268,10,0,adj,tier3_bnc_coca+bnc_coca_band_7k+grade_estimate_10+general_or_nonacademic
socioeconomic,6832,164,10,0,adj,tier3_bnc_coca+bnc_coca_band_7k+grade_estimate_10+general_or_nonacademic
solitude,6833,365,10,0,n,tier3_bnc_coca+bnc_coca_band_7k+grade_estimate_10+general_or_nonacademic
soundly,6835,465,10,0,adv,tier3_bnc_coca+bnc_coca_band_7k+grade_estimate_10+general_or_nonacademic
spade,6836,499,10,0,n,tier3_bnc_coca+bnc_coca_band_7k+grade_estimate_10+general_or_nonacademic
splendour,6839,407,10,0,v,tier3_bnc_coca+bnc_coca_band_7k+grade_estimate_10+general_or_nonacademic
spook,6840,223,10,0,v,tier3_bnc_coca+bnc_coca_band_7k+grade_estimate_10+general_or_nonacademic
sporadic,6841,410,10,0,adj,tier3_bnc_coca+bnc_coca_band_7k+grade_estimate_10+general_or_nonacademic
squeal,6842,404,10,0,v,tier3_bnc_coca+bnc_coca_band_7k+grade_estimate_10+general_or_nonacademic
squirm,6843,238,10,0,v,tier3_bnc_coca+bnc_coca_band_7k+grade_estimate_10+general_or_nonacademic
stables,6844,722,10,0,n,tier3_bnc_coca+bnc_coca_band_7k+grade_estimate_10+general_or_nonacademic
stale,6845,406,10,0,n,tier3_bnc_coca+bnc_coca_band_7k+grade_estimate_10+general_or_nonacademic
stately,6847,377,10,0,adv,tier3_bnc_coca+bnc_coca_band_7k+grade_estimate_10+general_or_nonacademic
stationary,6848,406,10,0,n,tier3_bnc_coca+bnc_coca_band_7k+grade_estimate_10+general_or_nonacademic
staunch,6849,320,10,0,adj,tier3_bnc_coca+bnc_coca_band_7k+grade_estimate_10+general_or_nonacademic
stealth,6850,283,10,0,n,tier3_bnc_coca+bnc_coca_band_7k+grade_estimate_10+general_or_nonacademic
stigma,6851,278,10,0,n,tier3_bnc_coca+bnc_coca_band_7k+grade_estimate_10+general_or_nonacademic
stint,6852,312,10,0,v,tier3_bnc_coca+bnc_coca_band_7k+grade_estimate_10+general_or_nonacademic
stratify,6853,522,10,0,v,tier3_bnc_coca+bnc_coca_band_7k+grade_estimate_10+general_or_nonacademic
strenuous,6854,437,10,0,adj,tier3_bnc_coca+bnc_coca_band_7k+grade_estimate_10+general_or_nonacademic
strew,6855,411,10,0,v,tier3_bnc_coca+bnc_coca_band_7k+grade_estimate_10+general_or_nonacademic
stronghold,6856,335,10,0,n,tier3_bnc_coca+bnc_coca_band_7k+grade_estimate_10+general_or_nonacademic
strut,6857,297,10,0,n,tier3_bnc_coca+bnc_coca_band_7k+grade_estimate_10+general_or_nonacademic
stub,6858,267,10,0,n,tier3_bnc_coca+bnc_coca_band_7k+grade_estimate_10+general_or_nonacademic
stunt,6859,341,10,0,n,tier3_bnc_coca+bnc_coca_band_7k+grade_estimate_10+general_or_nonacademic
subconscious,6860,428,10,0,adj,tier3_bnc_coca+bnc_coca_band_7k+grade_estimate_10+general_or_nonacademic
sublime,6861,296,10,0,adj,tier3_bnc_coca+bnc_coca_band_7k+grade_estimate_10+general_or_nonacademic
substantiate,6862,410,10,0,v,tier3_bnc_coca+bnc_coca_band_7k+grade_estimate_10+general_or_nonacademic
subtlety,6864,366,10,0,n,tier3_bnc_coca+bnc_coca_band_7k+grade_estimate_10+general_or_nonacademic
subversive,6866,370,10,0,adj,tier3_bnc_coca+bnc_coca_band_7k+grade_estimate_10+general_or_nonacademic
subway,6867,162,10,0,n,tier3_bnc_coca+bnc_coca_band_7k+grade_estimate_10+general_or_nonacademic
suffocate,6868,384,10,0,v,tier3_bnc_coca+bnc_coca_band_7k+grade_estimate_10+general_or_nonacademic
supernatural,6869,350,10,0,adj,tier3_bnc_coca+bnc_coca_band_7k+grade_estimate_10+general_or_nonacademic
supersede,6870,491,10,0,n,tier3_bnc_coca+bnc_coca_band_7k+grade_estimate_10+general_or_nonacademic
supremacy,6871,446,10,0,n,tier3_bnc_coca+bnc_coca_band_7k+grade_estimate_10+general_or_nonacademic
surmount,6872,373,10,0,v,tier3_bnc_coca+bnc_coca_band_7k+grade_estimate_10+general_or_nonacademic
surrogate,6873,241,10,0,v,tier3_bnc_coca+bnc_coca_band_7k+grade_estimate_10+general_or_nonacademic
swan,6874,1361,10,0,n,tier3_bnc_coca+bnc_coca_band_7k+grade_estimate_10+general_or_nonacademic
swathe,6875,319,10,0,n,tier3_bnc_coca+bnc_coca_band_7k+grade_estimate_10+general_or_nonacademic
swerve,6876,305,10,0,n,tier3_bnc_coca+bnc_coca_band_7k+grade_estimate_10+general_or_nonacademic
swivel,6877,419,10,0,v,tier3_bnc_coca+bnc_coca_band_7k+grade_estimate_10+general_or_nonacademic
symposium,6879,298,10,0,n,tier3_bnc_coca+bnc_coca_band_7k+grade_estimate_10+general_or_nonacademic
syringe,6880,296,10,0,n,tier3_bnc_coca+bnc_coca_band_7k+grade_estimate_10+general_or_nonacademic
systemic,6881,324,10,0,adj,tier3_bnc_coca+bnc_coca_band_7k+grade_estimate_10+general_or_nonacademic
tacit,6882,416,10,0,adj,tier3_bnc_coca+bnc_coca_band_7k+grade_estimate_10+general_or_nonacademic
tact,6883,665,10,0,n,tier3_bnc_coca+bnc_coca_band_7k+grade_estimate_10+general_or_nonacademic
taint,6884,343,10,0,v,tier3_bnc_coca+bnc_coca_band_7k+grade_estimate_10+general_or_nonacademic
tantalise,6885,328,10,0,v,tier3_bnc_coca+bnc_coca_band_7k+grade_estimate_10+general_or_nonacademic
taper,6886,392,10,0,v,tier3_bnc_coca+bnc_coca_band_7k+grade_estimate_10+general_or_nonacademic
tapestry,6887,404,10,0,n,tier3_bnc_coca+bnc_coca_band_7k+grade_estimate_10+general_or_nonacademic
tar,6888,386,10,0,n,tier3_bnc_coca+bnc_coca_band_7k+grade_estimate_10+general_or_nonacademic
tatter,6889,279,10,0,v,tier3_bnc_coca+bnc_coca_band_7k+grade_estimate_10+general_or_nonacademic
taut,6890,451,10,0,adj,tier3_bnc_coca+bnc_coca_band_7k+grade_estimate_10+general_or_nonacademic
taxonomy,6891,366,10,1,n,tier3_bnc_coca+bnc_coca_band_7k+grade_estimate_10+academic_exact
teddy,6892,816,10,0,n,tier3_bnc_coca+bnc_coca_band_7k+grade_estimate_10+general_or_nonacademic
tedious,6893,530,10,0,adj,tier3_bnc_coca+bnc_coca_band_7k+grade_estimate_10+general_or_nonacademic
teller,6894,323,10,0,n,tier3_bnc_coca+bnc_coca_band_7k+grade_estimate_10+general_or_nonacademic
temperate,6895,449,10,0,adj,tier3_bnc_coca+bnc_coca_band_7k+grade_estimate_10+general_or_nonacademic
tempered,6896,611,10,0,n,tier3_bnc_coca+bnc_coca_band_7k+grade_estimate_10+general_or_nonacademic
template,6897,462,10,0,v,tier3_bnc_coca+bnc_coca_band_7k+grade_estimate_10+general_or_nonacademic
tempo,6898,464,10,0,n,tier3_bnc_coca+bnc_coca_band_7k+grade_estimate_10+general_or_nonacademic
tendon,6899,280,10,0,n,tier3_bnc_coca+bnc_coca_band_7k+grade_estimate_10+general_or_nonacademic
tenet,6900,235,10,0,n,tier3_bnc_coca+bnc_coca_band_7k+grade_estimate_10+general_or_nonacademic
tenor,6901,453,10,0,n,tier3_bnc_coca+bnc_coca_band_7k+grade_estimate_10+general_or_nonacademic
tentacle,6902,657,10,0,n,tier3_bnc_coca+bnc_coca_band_7k+grade_estimate_10+general_or_nonacademic
terrestrial,6903,333,10,0,adj,tier3_bnc_coca+bnc_coca_band_7k+grade_estimate_10+general_or_nonacademic
thaw,6904,402,10,0,v,tier3_bnc_coca+bnc_coca_band_7k+grade_estimate_10+general_or_nonacademic
theorise,6905,270,10,0,v,tier3_bnc_coca+bnc_coca_band_7k+grade_estimate_10+general_or_nonacademic
thereof,6906,466,10,0,n,tier3_bnc_coca+bnc_coca_band_7k+grade_estimate_10+general_or_nonacademic
thrift,6907,318,10,0,n,tier3_bnc_coca+bnc_coca_band_7k+grade_estimate_10+general_or_nonacademic
throng,6908,369,10,0,v,tier3_bnc_coca+bnc_coca_band_7k+grade_estimate_10+general_or_nonacademic
throttle,6909,386,10,0,n,tier3_bnc_coca+bnc_coca_band_7k+grade_estimate_10+general_or_nonacademic
thud,6910,409,10,0,n,tier3_bnc_coca+bnc_coca_band_7k+grade_estimate_10+general_or_nonacademic
thug,6911,341,10,0,n,tier3_bnc_coca+bnc_coca_band_7k+grade_estimate_10+general_or_nonacademic
timid,6912,387,10,0,adj,tier3_bnc_coca+bnc_coca_band_7k+grade_estimate_10+general_or_nonacademic
tinge,6913,412,10,0,n,tier3_bnc_coca+bnc_coca_band_7k+grade_estimate_10+general_or_nonacademic
tingle,6914,412,10,0,n,tier3_bnc_coca+bnc_coca_band_7k+grade_estimate_10+general_or_nonacademic
tinker,6915,392,10,0,v,tier3_bnc_coca+bnc_coca_band_7k+grade_estimate_10+general_or_nonacademic
tint,6916,446,10,0,v,tier3_bnc_coca+bnc_coca_band_7k+grade_estimate_10+general_or_nonacademic
tit,6917,535,10,0,n,tier3_bnc_coca+bnc_coca_band_7k+grade_estimate_10+general_or_nonacademic
titan,6918,339,10,0,n,tier3_bnc_coca+bnc_coca_band_7k+grade_estimate_10+general_or_nonacademic
toad,6919,476,10,0,n,tier3_bnc_coca+bnc_coca_band_7k+grade_estimate_10+general_or_nonacademic
toil,6920,347,10,0,v,tier3_bnc_coca+bnc_coca_band_7k+grade_estimate_10+general_or_nonacademic
tonic,6921,612,10,0,adj,tier3_bnc_coca+bnc_coca_band_7k+grade_estimate_10+general_or_nonacademic
torrent,6923,484,10,0,n,tier3_bnc_coca+bnc_coca_band_7k+grade_estimate_10+general_or_nonacademic
torso,6924,254,10,0,n,tier3_bnc_coca+bnc_coca_band_7k+grade_estimate_10+general_or_nonacademic
tort,6925,503,10,0,n,tier3_bnc_coca+bnc_coca_band_7k+grade_estimate_10+general_or_nonacademic
traitor,6926,413,10,0,n,tier3_bnc_coca+bnc_coca_band_7k+grade_estimate_10+general_or_nonacademic
tram,6928,790,10,0,n,tier3_bnc_coca+bnc_coca_band_7k+grade_estimate_10+general_or_nonacademic
tramp,6929,662,10,0,v,tier3_bnc_coca+bnc_coca_band_7k+grade_estimate_10+general_or_nonacademic
trample,6930,355,10,0,n,tier3_bnc_coca+bnc_coca_band_7k+grade_estimate_10+general_or_nonacademic
transfuse,6931,403,10,0,n,tier3_bnc_coca+bnc_coca_band_7k+grade_estimate_10+general_or_nonacademic
transgress,6932,357,10,0,v,tier3_bnc_coca+bnc_coca_band_7k+grade_estimate_10+general_or_nonacademic
transnational,6933,391,10,0,adj,tier3_bnc_coca+bnc_coca_band_7k+grade_estimate_10+general_or_nonacademic
trawl,6935,269,10,0,v,tier3_bnc_coca+bnc_coca_band_7k+grade_estimate_10+general_or_nonacademic
treason,6936,384,10,0,n,tier3_bnc_coca+bnc_coca_band_7k+grade_estimate_10+general_or_nonacademic
trendy,6937,279,10,0,n,tier3_bnc_coca+bnc_coca_band_7k+grade_estimate_10+general_or_nonacademic
trespass,6938,643,10,0,v,tier3_bnc_coca+bnc_coca_band_7k+grade_estimate_10+general_or_nonacademic
trillion,6939,147,10,0,n,tier3_bnc_coca+bnc_coca_band_7k+grade_estimate_10+general_or_nonacademic
trooper,6940,298,10,0,n,tier3_bnc_coca+bnc_coca_band_7k+grade_estimate_10+general_or_nonacademic
trough,6941,497,10,0,n,tier3_bnc_coca+bnc_coca_band_7k+grade_estimate_10+general_or_nonacademic
truce,6942,448,10,0,n,tier3_bnc_coca+bnc_coca_band_7k+grade_estimate_10+general_or_nonacademic
trudge,6943,274,10,0,n,tier3_bnc_coca+bnc_coca_band_7k+grade_estimate_10+general_or_nonacademic
tuft,6944,329,10,0,v,tier3_bnc_coca+bnc_coca_band_7k+grade_estimate_10+general_or_nonacademic
tweed,6945,856,10,0,n,tier3_bnc_coca+bnc_coca_band_7k+grade_estimate_10+general_or_nonacademic
twinkle,6946,413,10,0,n,tier3_bnc_coca+bnc_coca_band_7k+grade_estimate_10+general_or_nonacademic
tyranny,6947,314,10,0,n,tier3_bnc_coca+bnc_coca_band_7k+grade_estimate_10+general_or_nonacademic
uncanny,6948,280,10,0,n,tier3_bnc_coca+bnc_coca_band_7k+grade_estimate_10+general_or_nonacademic
undercover,6949,241,10,0,n,tier3_bnc_coca+bnc_coca_band_7k+grade_estimate_10+general_or_nonacademic
undercut,6950,231,10,0,n,tier3_bnc_coca+bnc_coca_band_7k+grade_estimate_10+general_or_nonacademic
unix,6951,4595,10,0,n,tier3_bnc_coca+bnc_coca_band_7k+grade_estimate_10+general_or_nonacademic
unnerve,6952,322,10,0,n,tier3_bnc_coca+bnc_coca_band_7k+grade_estimate_10+general_or_nonacademic
unto,6953,381,10,0,prep,tier3_bnc_coca+bnc_coca_band_7k+grade_estimate_10+general_or_nonacademic
unwitting,6954,406,10,0,adj,tier3_bnc_coca+bnc_coca_band_7k+grade_estimate_10+general_or_nonacademic
upbringing,6955,455,10,0,n,tier3_bnc_coca+bnc_coca_band_7k+grade_estimate_10+general_or_nonacademic
upholster,6956,393,10,0,v,tier3_bnc_coca+bnc_coca_band_7k+grade_estimate_10+general_or_nonacademic
upland,6957,705,10,0,n,tier3_bnc_coca+bnc_coca_band_7k+grade_estimate_10+general_or_nonacademic
upstream,6958,417,10,0,n,tier3_bnc_coca+bnc_coca_band_7k+grade_estimate_10+general_or_nonacademic
utilitarian,6959,437,10,0,n,tier3_bnc_coca+bnc_coca_band_7k+grade_estimate_10+general_or_nonacademic
utmost,6960,504,10,0,n,tier3_bnc_coca+bnc_coca_band_7k+grade_estimate_10+general_or_nonacademic
utopia,6961,490,10,0,n,tier3_bnc_coca+bnc_coca_band_7k+grade_estimate_10+general_or_nonacademic
vampire,6962,202,10,0,n,tier3_bnc_coca+bnc_coca_band_7k+grade_estimate_10+general_or_nonacademic
vanguard,6963,309,10,0,n,tier3_bnc_coca+bnc_coca_band_7k+grade_estimate_10+general_or_nonacademic
vanilla,6964,191,10,0,n,tier3_bnc_coca+bnc_coca_band_7k+grade_estimate_10+general_or_nonacademic
vantage,6965,258,10,0,n,tier3_bnc_coca+bnc_coca_band_7k+grade_estimate_10+general_or_nonacademic
varnish,6966,540,10,0,v,tier3_bnc_coca+bnc_coca_band_7k+grade_estimate_10+general_or_nonacademic
veer,6967,282,10,0,v,tier3_bnc_coca+bnc_coca_band_7k+grade_estimate_10+general_or_nonacademic
vehement,6968,416,10,0,adj,tier3_bnc_coca+bnc_coca_band_7k+grade_estimate_10+general_or_nonacademic
venetian,6969,439,10,0,n,tier3_bnc_coca+bnc_coca_band_7k+grade_estimate_10+general_or_nonacademic
vengeance,6970,388,10,0,n,tier3_bnc_coca+bnc_coca_band_7k+grade_estimate_10+general_or_nonacademic
venom,6971,436,10,0,v,tier3_bnc_coca+bnc_coca_band_7k+grade_estimate_10+general_or_nonacademic
vie,6972,287,10,0,n,tier3_bnc_coca+bnc_coca_band_7k+grade_estimate_10+general_or_nonacademic
vindicate,6973,412,10,0,v,tier3_bnc_coca+bnc_coca_band_7k+grade_estimate_10+general_or_nonacademic
vinyl,6974,348,10,0,n,tier3_bnc_coca+bnc_coca_band_7k+grade_estimate_10+general_or_nonacademic
viral,6976,434,10,0,adj,tier3_bnc_coca+bnc_coca_band_7k+grade_estimate_10+general_or_nonacademic
vodka,6977,327,10,0,n,tier3_bnc_coca+bnc_coca_band_7k+grade_estimate_10+general_or_nonacademic
vogue,6978,396,10,0,n,tier3_bnc_coca+bnc_coca_band_7k+grade_estimate_10+general_or_nonacademic
vulgar,6980,476,10,0,adj,tier3_bnc_coca+bnc_coca_band_7k+grade_estimate_10+general_or_nonacademic
wag,6981,333,10,0,n,tier3_bnc_coca+bnc_coca_band_7k+grade_estimate_10+general_or_nonacademic
ware,6982,541,10,0,n,tier3_bnc_coca+bnc_coca_band_7k+grade_estimate_10+general_or_nonacademic
warhead,6983,264,10,0,n,tier3_bnc_coca+bnc_coca_band_7k+grade_estimate_10+general_or_nonacademic
watt,6985,1295,10,0,n,tier3_bnc_coca+bnc_coca_band_7k+grade_estimate_10+general_or_nonacademic
whack,6986,252,10,0,v,tier3_bnc_coca+bnc_coca_band_7k+grade_estimate_10+general_or_nonacademic
whereabouts,6987,541,10,0,n,tier3_bnc_coca+bnc_coca_band_7k+grade_estimate_10+general_or_nonacademic
whim,6988,343,10,0,n,tier3_bnc_coca+bnc_coca_band_7k+grade_estimate_10+general_or_nonacademic
whoop,6989,476,10,0,v,tier3_bnc_coca+bnc_coca_band_7k+grade_estimate_10+general_or_nonacademic
wistful,6990,355,10,0,adj,tier3_bnc_coca+bnc_coca_band_7k+grade_estimate_10+general_or_nonacademic
womb,6991,411,10,0,n,tier3_bnc_coca+bnc_coca_band_7k+grade_estimate_10+general_or_nonacademic
wooded,6992,367,10,0,n,tier3_bnc_coca+bnc_coca_band_7k+grade_estimate_10+general_or_nonacademic
workout,6993,135,10,0,n,tier3_bnc_coca+bnc_coca_band_7k+grade_estimate_10+general_or_nonacademic
wrath,6994,374,10,0,n,tier3_bnc_coca+bnc_coca_band_7k+grade_estimate_10+general_or_nonacademic
wreath,6995,348,10,0,v,tier3_bnc_coca+bnc_coca_band_7k+grade_estimate_10+general_or_nonacademic
wriggle,6996,515,10,0,n,tier3_bnc_coca+bnc_coca_band_7k+grade_estimate_10+general_or_nonacademic
wring,6997,279,10,0,v,tier3_bnc_coca+bnc_coca_band_7k+grade_estimate_10+general_or_nonacademic
writ,6998,725,10,0,n,tier3_bnc_coca+bnc_coca_band_7k+grade_estimate_10+general_or_nonacademic
wrought,6999,495,10,0,n,tier3_bnc_coca+bnc_coca_band_7k+grade_estimate_10+general_or_nonacademic
yogurt,7000,270,10,0,n,tier3_bnc_coca+bnc_coca_band_7k+grade_estimate_10+general_or_nonacademic
zinc,7001,478,10,0,n,tier3_bnc_coca+bnc_coca_band_7k+grade_estimate_10+general_or_nonacademic
aback,7002,304,11,0,n,tier3_bnc_coca+bnc_coca_band_8k+grade_estimate_11+general_or_nonacademic
abhor,7004,229,11,0,n,tier3_bnc_coca+bnc_coca_band_8k+grade_estimate_11+general_or_nonacademic
abstain,7005,312,11,0,v,tier3_bnc_coca+bnc_coca_band_8k+grade_estimate_11+general_or_nonacademic
abstinence,7006,153,11,0,n,tier3_bnc_coca+bnc_coca_band_8k+grade_estimate_11+general_or_nonacademic
accession,7007,574,11,0,n,tier3_bnc_coca+bnc_coca_band_8k+grade_estimate_11+general_or_nonacademic
accomplice,7008,264,11,0,n,tier3_bnc_coca+bnc_coca_band_8k+grade_estimate_11+general_or_nonacademic
acoustic,7009,952,11,0,adj,tier3_bnc_coca+bnc_coca_band_8k+grade_estimate_11+general_or_nonacademic
adhesive,7010,423,11,0,adj,tier3_bnc_coca+bnc_coca_band_8k+grade_estimate_11+general_or_nonacademic
adjunct,7011,199,11,0,n,tier3_bnc_coca+bnc_coca_band_8k+grade_estimate_11+general_or_nonacademic
admissible,7012,442,11,0,adj,tier3_bnc_coca+bnc_coca_band_8k+grade_estimate_11+general_or_nonacademic
adobe,7013,253,11,0,n,tier3_bnc_coca+bnc_coca_band_8k+grade_estimate_11+general_or_nonacademic
afloat,7014,241,11,0,n,tier3_bnc_coca+bnc_coca_band_8k+grade_estimate_11+general_or_nonacademic
afore,7015,229,11,0,n,tier3_bnc_coca+bnc_coca_band_8k+grade_estimate_11+general_or_nonacademic
aft,7016,180,11,0,n,tier3_bnc_coca+bnc_coca_band_8k+grade_estimate_11+general_or_nonacademic
agrarian,7017,354,11,0,n,tier3_bnc_coca+bnc_coca_band_8k+grade_estimate_11+general_or_nonacademic
alight,7019,507,11,0,v,tier3_bnc_coca+bnc_coca_band_8k+grade_estimate_11+general_or_nonacademic
allure,7020,173,11,0,n,tier3_bnc_coca+bnc_coca_band_8k+grade_estimate_11+general_or_nonacademic
allusion,7021,254,11,0,n,tier3_bnc_coca+bnc_coca_band_8k+grade_estimate_11+general_or_nonacademic
aloft,7022,202,11,0,n,tier3_bnc_coca+bnc_coca_band_8k+grade_estimate_11+general_or_nonacademic
amalgamate,7024,701,11,0,v,tier3_bnc_coca+bnc_coca_band_8k+grade_estimate_11+general_or_nonacademic
amiable,7025,406,11,0,adj,tier3_bnc_coca+bnc_coca_band_8k+grade_estimate_11+general_or_nonacademic
amiss,7026,476,11,0,n,tier3_bnc_coca+bnc_coca_band_8k+grade_estimate_11+general_or_nonacademic
amp,7027,961,11,0,n,tier3_bnc_coca+bnc_coca_band_8k+grade_estimate_11+general_or_nonacademic
amputate,7029,204,11,0,v,tier3_bnc_coca+bnc_coca_band_8k+grade_estimate_11+general_or_nonacademic
analogue,7030,589,11,0,n,tier3_bnc_coca+bnc_coca_band_8k+grade_estimate_11+general_or_nonacademic
ancestry,7031,227,11,0,n,tier3_bnc_coca+bnc_coca_band_8k+grade_estimate_11+general_or_nonacademic
anew,7032,178,11,0,n,tier3_bnc_coca+bnc_coca_band_8k+grade_estimate_11+general_or_nonacademic
animosity,7033,239,11,0,n,tier3_bnc_coca+bnc_coca_band_8k+grade_estimate_11+general_or_nonacademic
annihilate,7034,268,11,0,v,tier3_bnc_coca+bnc_coca_band_8k+grade_estimate_11+general_or_nonacademic
annuity,7035,241,11,0,n,tier3_bnc_coca+bnc_coca_band_8k+grade_estimate_11+general_or_nonacademic
antagonism,7036,318,11,0,n,tier3_bnc_coca+bnc_coca_band_8k+grade_estimate_11+general_or_nonacademic
antecedent,7037,299,11,0,n,tier3_bnc_coca+bnc_coca_band_8k+grade_estimate_11+general_or_nonacademic
anterior,7038,204,11,0,n,tier3_bnc_coca+bnc_coca_band_8k+grade_estimate_11+general_or_nonacademic
anthology,7039,240,11,1,n,tier3_bnc_coca+bnc_coca_band_8k+grade_estimate_11+academic_suffix
antic,7040,251,11,0,adj,tier3_bnc_coca+bnc_coca_band_8k+grade_estimate_11+general_or_nonacademic
antidote,7041,205,11,0,n,tier3_bnc_coca+bnc_coca_band_8k+grade_estimate_11+general_or_nonacademic
antigen,7042,734,11,0,v,tier3_bnc_coca+bnc_coca_band_8k+grade_estimate_11+general_or_nonacademic
aperture,7043,213,11,0,n,tier3_bnc_coca+bnc_coca_band_8k+grade_estimate_11+general_or_nonacademic
apex,7044,323,11,0,n,tier3_bnc_coca+bnc_coca_band_8k+grade_estimate_11+general_or_nonacademic
apiece,7045,215,11,0,n,tier3_bnc_coca+bnc_coca_band_8k+grade_estimate_11+general_or_nonacademic
append,7046,318,11,0,v,tier3_bnc_coca+bnc_coca_band_8k+grade_estimate_11+general_or_nonacademic
appreciable,7047,372,11,0,adj,tier3_bnc_coca+bnc_coca_band_8k+grade_estimate_11+general_or_nonacademic
apprehensive,7048,376,11,0,adj,tier3_bnc_coca+bnc_coca_band_8k+grade_estimate_11+general_or_nonacademic
appropriable,7049,11,11,0,adj,tier3_bnc_coca+bnc_coca_band_8k+grade_estimate_11+general_or_nonacademic
aptitude,7050,254,11,0,n,tier3_bnc_coca+bnc_coca_band_8k+grade_estimate_11+general_or_nonacademic
archaic,7051,373,11,0,adj,tier3_bnc_coca+bnc_coca_band_8k+grade_estimate_11+general_or_nonacademic
arduous,7052,247,11,0,adj,tier3_bnc_coca+bnc_coca_band_8k+grade_estimate_11+general_or_nonacademic
aromatic,7053,306,11,0,adj,tier3_bnc_coca+bnc_coca_band_8k+grade_estimate_11+general_or_nonacademic
arsenal,7054,1441,11,0,adj,tier3_bnc_coca+bnc_coca_band_8k+grade_estimate_11+general_or_nonacademic
assent,7055,478,11,0,v,tier3_bnc_coca+bnc_coca_band_8k+grade_estimate_11+general_or_nonacademic
asteroid,7056,99,11,0,n,tier3_bnc_coca+bnc_coca_band_8k+grade_estimate_11+general_or_nonacademic
astrology,7057,347,11,1,n,tier3_bnc_coca+bnc_coca_band_8k+grade_estimate_11+academic_suffix
astute,7058,292,11,0,adj,tier3_bnc_coca+bnc_coca_band_8k+grade_estimate_11+general_or_nonacademic
attenuate,7059,328,11,0,v,tier3_bnc_coca+bnc_coca_band_8k+grade_estimate_11+general_or_nonacademic
attire,7060,195,11,0,n,tier3_bnc_coca+bnc_coca_band_8k+grade_estimate_11+general_or_nonacademic
auburn,7061,111,11,0,n,tier3_bnc_coca+bnc_coca_band_8k+grade_estimate_11+general_or_nonacademic
auspices,7062,364,11,0,n,tier3_bnc_coca+bnc_coca_band_8k+grade_estimate_11+general_or_nonacademic
autistic,7063,102,11,0,adj,tier3_bnc_coca+bnc_coca_band_8k+grade_estimate_11+general_or_nonacademic
autocrat,7064,269,11,0,n,tier3_bnc_coca+bnc_coca_band_8k+grade_estimate_11+general_or_nonacademic
automotive,7065,145,11,0,adj,tier3_bnc_coca+bnc_coca_band_8k+grade_estimate_11+general_or_nonacademic
autopsy,7066,116,11,0,n,tier3_bnc_coca+bnc_coca_band_8k+grade_estimate_11+general_or_nonacademic
avenge,7067,274,11,0,n,tier3_bnc_coca+bnc_coca_band_8k+grade_estimate_11+general_or_nonacademic
babble,7069,204,11,0,n,tier3_bnc_coca+bnc_coca_band_8k+grade_estimate_11+general_or_nonacademic
backfire,7070,158,11,0,n,tier3_bnc_coca+bnc_coca_band_8k+grade_estimate_11+general_or_nonacademic
baggy,7071,245,11,0,n,tier3_bnc_coca+bnc_coca_band_8k+grade_estimate_11+general_or_nonacademic
ballistic,7072,167,11,0,adj,tier3_bnc_coca+bnc_coca_band_8k+grade_estimate_11+general_or_nonacademic
banal,7073,260,11,0,adj,tier3_bnc_coca+bnc_coca_band_8k+grade_estimate_11+general_or_nonacademic
basal,7077,566,11,0,adj,tier3_bnc_coca+bnc_coca_band_8k+grade_estimate_11+general_or_nonacademic
basil,7078,802,11,0,n,tier3_bnc_coca+bnc_coca_band_8k+grade_estimate_11+general_or_nonacademic
bask,7079,255,11,0,v,tier3_bnc_coca+bnc_coca_band_8k+grade_estimate_11+general_or_nonacademic
baton,7080,282,11,0,n,tier3_bnc_coca+bnc_coca_band_8k+grade_estimate_11+general_or_nonacademic
bazaar,7081,269,11,0,n,tier3_bnc_coca+bnc_coca_band_8k+grade_estimate_11+general_or_nonacademic
beau,7082,245,11,0,n,tier3_bnc_coca+bnc_coca_band_8k+grade_estimate_11+general_or_nonacademic
beaver,7083,275,11,0,v,tier3_bnc_coca+bnc_coca_band_8k+grade_estimate_11+general_or_nonacademic
beech,7084,519,11,0,n,tier3_bnc_coca+bnc_coca_band_8k+grade_estimate_11+general_or_nonacademic
beep,7085,182,11,0,v,tier3_bnc_coca+bnc_coca_band_8k+grade_estimate_11+general_or_nonacademic
beet,7086,143,11,0,n,tier3_bnc_coca+bnc_coca_band_8k+grade_estimate_11+general_or_nonacademic
belated,7088,380,11,0,adj,tier3_bnc_coca+bnc_coca_band_8k+grade_estimate_11+general_or_nonacademic
beleaguer,7089,254,11,0,v,tier3_bnc_coca+bnc_coca_band_8k+grade_estimate_11+general_or_nonacademic
belie,7090,239,11,0,n,tier3_bnc_coca+bnc_coca_band_8k+grade_estimate_11+general_or_nonacademic
belligerent,7091,242,11,0,adj,tier3_bnc_coca+bnc_coca_band_8k+grade_estimate_11+general_or_nonacademic
bemuse,7092,333,11,0,n,tier3_bnc_coca+bnc_coca_band_8k+grade_estimate_11+general_or_nonacademic
benefactor,7093,261,11,0,n,tier3_bnc_coca+bnc_coca_band_8k+grade_estimate_11+general_or_nonacademic
beset,7094,303,11,0,n,tier3_bnc_coca+bnc_coca_band_8k+grade_estimate_11+general_or_nonacademic
besiege,7095,356,11,0,n,tier3_bnc_coca+bnc_coca_band_8k+grade_estimate_11+general_or_nonacademic
bicker,7096,303,11,0,v,tier3_bnc_coca+bnc_coca_band_8k+grade_estimate_11+general_or_nonacademic
bigot,7097,190,11,0,v,tier3_bnc_coca+bnc_coca_band_8k+grade_estimate_11+general_or_nonacademic
bikini,7098,163,11,0,n,tier3_bnc_coca+bnc_coca_band_8k+grade_estimate_11+general_or_nonacademic
billow,7099,235,11,0,v,tier3_bnc_coca+bnc_coca_band_8k+grade_estimate_11+general_or_nonacademic
binge,7100,240,11,0,v,tier3_bnc_coca+bnc_coca_band_8k+grade_estimate_11+general_or_nonacademic
biochemical,7101,443,11,0,adj,tier3_bnc_coca+bnc_coca_band_8k+grade_estimate_11+general_or_nonacademic
biographer,7103,285,11,0,n,tier3_bnc_coca+bnc_coca_band_8k+grade_estimate_11+general_or_nonacademic
biomass,7104,186,11,0,n,tier3_bnc_coca+bnc_coca_band_8k+grade_estimate_11+general_or_nonacademic
birch,7105,485,11,0,v,tier3_bnc_coca+bnc_coca_band_8k+grade_estimate_11+general_or_nonacademic
blacksmith,7106,364,11,0,n,tier3_bnc_coca+bnc_coca_band_8k+grade_estimate_11+general_or_nonacademic
blaspheme,7107,260,11,0,n,tier3_bnc_coca+bnc_coca_band_8k+grade_estimate_11+general_or_nonacademic
blindfold,7108,205,11,0,v,tier3_bnc_coca+bnc_coca_band_8k+grade_estimate_11+general_or_nonacademic
blizzard,7109,161,11,0,n,tier3_bnc_coca+bnc_coca_band_8k+grade_estimate_11+general_or_nonacademic
bloat,7110,207,11,0,v,tier3_bnc_coca+bnc_coca_band_8k+grade_estimate_11+general_or_nonacademic
blockbuster,7111,165,11,0,n,tier3_bnc_coca+bnc_coca_band_8k+grade_estimate_11+general_or_nonacademic
blurt,7112,219,11,0,v,tier3_bnc_coca+bnc_coca_band_8k+grade_estimate_11+general_or_nonacademic
boar,7113,465,11,0,n,tier3_bnc_coca+bnc_coca_band_8k+grade_estimate_11+general_or_nonacademic
bogey,7114,455,11,0,n,tier3_bnc_coca+bnc_coca_band_8k+grade_estimate_11+general_or_nonacademic
bogus,7115,330,11,0,n,tier3_bnc_coca+bnc_coca_band_8k+grade_estimate_11+general_or_nonacademic
bolshevik,7116,467,11,0,n,tier3_bnc_coca+bnc_coca_band_8k+grade_estimate_11+general_or_nonacademic
bon,7117,257,11,0,n,tier3_bnc_coca+bnc_coca_band_8k+grade_estimate_11+general_or_nonacademic
bonanza,7118,302,11,0,n,tier3_bnc_coca+bnc_coca_band_8k+grade_estimate_11+general_or_nonacademic
bonnet,7119,464,11,0,n,tier3_bnc_coca+bnc_coca_band_8k+grade_estimate_11+general_or_nonacademic
boon,7120,304,11,0,n,tier3_bnc_coca+bnc_coca_band_8k+grade_estimate_11+general_or_nonacademic
bosom,7121,288,11,0,n,tier3_bnc_coca+bnc_coca_band_8k+grade_estimate_11+general_or_nonacademic
brash,7122,217,11,0,adj,tier3_bnc_coca+bnc_coca_band_8k+grade_estimate_11+general_or_nonacademic
brawl,7123,241,11,0,v,tier3_bnc_coca+bnc_coca_band_8k+grade_estimate_11+general_or_nonacademic
brigadier,7124,674,11,0,n,tier3_bnc_coca+bnc_coca_band_8k+grade_estimate_11+general_or_nonacademic
broccoli,7125,134,11,0,n,tier3_bnc_coca+bnc_coca_band_8k+grade_estimate_11+general_or_nonacademic
brothel,7126,262,11,0,n,tier3_bnc_coca+bnc_coca_band_8k+grade_estimate_11+general_or_nonacademic
budge,7127,171,11,0,n,tier3_bnc_coca+bnc_coca_band_8k+grade_estimate_11+general_or_nonacademic
buggy,7128,238,11,0,n,tier3_bnc_coca+bnc_coca_band_8k+grade_estimate_11+general_or_nonacademic
bullshit,7129,153,11,0,n,tier3_bnc_coca+bnc_coca_band_8k+grade_estimate_11+general_or_nonacademic
butler,7130,1421,11,0,n,tier3_bnc_coca+bnc_coca_band_8k+grade_estimate_11+general_or_nonacademic
buttock,7131,280,11,0,n,tier3_bnc_coca+bnc_coca_band_8k+grade_estimate_11+general_or_nonacademic
buttress,7132,382,11,0,v,tier3_bnc_coca+bnc_coca_band_8k+grade_estimate_11+general_or_nonacademic
byte,7133,433,11,0,n,tier3_bnc_coca+bnc_coca_band_8k+grade_estimate_11+general_or_nonacademic
cabaret,7134,327,11,0,n,tier3_bnc_coca+bnc_coca_band_8k+grade_estimate_11+general_or_nonacademic
cache,7135,519,11,0,n,tier3_bnc_coca+bnc_coca_band_8k+grade_estimate_11+general_or_nonacademic
cafeteria,7137,148,11,0,n,tier3_bnc_coca+bnc_coca_band_8k+grade_estimate_11+general_or_nonacademic
caffeine,7138,149,11,0,n,tier3_bnc_coca+bnc_coca_band_8k+grade_estimate_11+general_or_nonacademic
camcorder,7139,317,11,0,n,tier3_bnc_coca+bnc_coca_band_8k+grade_estimate_11+general_or_nonacademic
canine,7140,228,11,0,n,tier3_bnc_coca+bnc_coca_band_8k+grade_estimate_11+general_or_nonacademic
cannibal,7141,229,11,0,adj,tier3_bnc_coca+bnc_coca_band_8k+grade_estimate_11+general_or_nonacademic
cant,7142,136,11,0,n,tier3_bnc_coca+bnc_coca_band_8k+grade_estimate_11+general_or_nonacademic
captivate,7143,182,11,0,v,tier3_bnc_coca+bnc_coca_band_8k+grade_estimate_11+general_or_nonacademic
carbonate,7144,647,11,0,v,tier3_bnc_coca+bnc_coca_band_8k+grade_estimate_11+general_or_nonacademic
carcinogen,7145,206,11,0,v,tier3_bnc_coca+bnc_coca_band_8k+grade_estimate_11+general_or_nonacademic
cashier,7147,189,11,0,n,tier3_bnc_coca+bnc_coca_band_8k+grade_estimate_11+general_or_nonacademic
casing,7148,209,11,0,n,tier3_bnc_coca+bnc_coca_band_8k+grade_estimate_11+general_or_nonacademic
casket,7149,151,11,0,n,tier3_bnc_coca+bnc_coca_band_8k+grade_estimate_11+general_or_nonacademic
catalyse,7150,419,11,0,n,tier3_bnc_coca+bnc_coca_band_8k+grade_estimate_11+general_or_nonacademic
catapult,7151,271,11,0,v,tier3_bnc_coca+bnc_coca_band_8k+grade_estimate_11+general_or_nonacademic
caucus,7152,116,11,0,n,tier3_bnc_coca+bnc_coca_band_8k+grade_estimate_11+general_or_nonacademic
celestial,7153,160,11,0,adj,tier3_bnc_coca+bnc_coca_band_8k+grade_estimate_11+general_or_nonacademic
celibacy,7154,273,11,0,n,tier3_bnc_coca+bnc_coca_band_8k+grade_estimate_11+general_or_nonacademic
censure,7156,258,11,0,n,tier3_bnc_coca+bnc_coca_band_8k+grade_estimate_11+general_or_nonacademic
centrifuge,7157,309,11,0,n,tier3_bnc_coca+bnc_coca_band_8k+grade_estimate_11+general_or_nonacademic
chandelier,7158,201,11,0,n,tier3_bnc_coca+bnc_coca_band_8k+grade_estimate_11+general_or_nonacademic
chariot,7159,376,11,0,v,tier3_bnc_coca+bnc_coca_band_8k+grade_estimate_11+general_or_nonacademic
chassis,7160,326,11,0,n,tier3_bnc_coca+bnc_coca_band_8k+grade_estimate_11+general_or_nonacademic
chaste,7161,255,11,0,adj,tier3_bnc_coca+bnc_coca_band_8k+grade_estimate_11+general_or_nonacademic
chateau,7162,280,11,0,n,tier3_bnc_coca+bnc_coca_band_8k+grade_estimate_11+general_or_nonacademic
chauffeur,7163,388,11,0,v,tier3_bnc_coca+bnc_coca_band_8k+grade_estimate_11+general_or_nonacademic
cholera,7165,376,11,0,n,tier3_bnc_coca+bnc_coca_band_8k+grade_estimate_11+general_or_nonacademic
christen,7166,361,11,0,v,tier3_bnc_coca+bnc_coca_band_8k+grade_estimate_11+general_or_nonacademic
chrome,7167,210,11,0,n,tier3_bnc_coca+bnc_coca_band_8k+grade_estimate_11+general_or_nonacademic
chute,7168,194,11,0,n,tier3_bnc_coca+bnc_coca_band_8k+grade_estimate_11+general_or_nonacademic
circumvent,7170,225,11,0,v,tier3_bnc_coca+bnc_coca_band_8k+grade_estimate_11+general_or_nonacademic
citadel,7171,225,11,0,n,tier3_bnc_coca+bnc_coca_band_8k+grade_estimate_11+general_or_nonacademic
clam,7173,161,11,0,n,tier3_bnc_coca+bnc_coca_band_8k+grade_estimate_11+general_or_nonacademic
clandestine,7174,208,11,0,adj,tier3_bnc_coca+bnc_coca_band_8k+grade_estimate_11+general_or_nonacademic
clarinet,7175,300,11,0,n,tier3_bnc_coca+bnc_coca_band_8k+grade_estimate_11+general_or_nonacademic
cliche,7176,183,11,0,n,tier3_bnc_coca+bnc_coca_band_8k+grade_estimate_11+general_or_nonacademic
clientele,7177,220,11,0,n,tier3_bnc_coca+bnc_coca_band_8k+grade_estimate_11+general_or_nonacademic
clover,7178,258,11,0,n,tier3_bnc_coca+bnc_coca_band_8k+grade_estimate_11+general_or_nonacademic
cobalt,7179,317,11,0,n,tier3_bnc_coca+bnc_coca_band_8k+grade_estimate_11+general_or_nonacademic
cobra,7180,258,11,0,n,tier3_bnc_coca+bnc_coca_band_8k+grade_estimate_11+general_or_nonacademic
codify,7181,219,11,0,v,tier3_bnc_coca+bnc_coca_band_8k+grade_estimate_11+general_or_nonacademic
cognition,7182,150,11,0,n,tier3_bnc_coca+bnc_coca_band_8k+grade_estimate_11+general_or_nonacademic
cola,7183,519,11,0,n,tier3_bnc_coca+bnc_coca_band_8k+grade_estimate_11+general_or_nonacademic
coli,7184,336,11,0,n,tier3_bnc_coca+bnc_coca_band_8k+grade_estimate_11+general_or_nonacademic
collage,7185,213,11,0,n,tier3_bnc_coca+bnc_coca_band_8k+grade_estimate_11+general_or_nonacademic
collateral,7186,222,11,0,adj,tier3_bnc_coca+bnc_coca_band_8k+grade_estimate_11+general_or_nonacademic
collude,7187,377,11,0,n,tier3_bnc_coca+bnc_coca_band_8k+grade_estimate_11+general_or_nonacademic
colossal,7188,241,11,0,adj,tier3_bnc_coca+bnc_coca_band_8k+grade_estimate_11+general_or_nonacademic
com,7189,264,11,0,n,tier3_bnc_coca+bnc_coca_band_8k+grade_estimate_11+general_or_nonacademic
combo,7190,287,11,0,n,tier3_bnc_coca+bnc_coca_band_8k+grade_estimate_11+general_or_nonacademic
commons,7191,3666,11,0,n,tier3_bnc_coca+bnc_coca_band_8k+grade_estimate_11+general_or_nonacademic
commotion,7192,200,11,0,n,tier3_bnc_coca+bnc_coca_band_8k+grade_estimate_11+general_or_nonacademic
commune,7193,403,11,0,n,tier3_bnc_coca+bnc_coca_band_8k+grade_estimate_11+general_or_nonacademic
composure,7194,274,11,0,n,tier3_bnc_coca+bnc_coca_band_8k+grade_estimate_11+general_or_nonacademic
compulsive,7195,277,11,0,adj,tier3_bnc_coca+bnc_coca_band_8k+grade_estimate_11+general_or_nonacademic
concerted,7196,313,11,0,adj,tier3_bnc_coca+bnc_coca_band_8k+grade_estimate_11+general_or_nonacademic
concise,7197,359,11,0,adj,tier3_bnc_coca+bnc_coca_band_8k+grade_estimate_11+general_or_nonacademic
concomitant,7198,243,11,0,adj,tier3_bnc_coca+bnc_coca_band_8k+grade_estimate_11+general_or_nonacademic
condescend,7199,213,11,0,v,tier3_bnc_coca+bnc_coca_band_8k+grade_estimate_11+general_or_nonacademic
condone,7200,277,11,0,n,tier3_bnc_coca+bnc_coca_band_8k+grade_estimate_11+general_or_nonacademic
conducive,7201,291,11,0,adj,tier3_bnc_coca+bnc_coca_band_8k+grade_estimate_11+general_or_nonacademic
confection,7202,242,11,1,n,tier3_bnc_coca+bnc_coca_band_8k+grade_estimate_11+academic_tion
congenital,7203,273,11,0,adj,tier3_bnc_coca+bnc_coca_band_8k+grade_estimate_11+general_or_nonacademic
conifer,7204,368,11,0,n,tier3_bnc_coca+bnc_coca_band_8k+grade_estimate_11+general_or_nonacademic
conjecture,7205,356,11,0,n,tier3_bnc_coca+bnc_coca_band_8k+grade_estimate_11+general_or_nonacademic
consecrate,7206,338,11,0,v,tier3_bnc_coca+bnc_coca_band_8k+grade_estimate_11+general_or_nonacademic
consequential,7207,329,11,0,adj,tier3_bnc_coca+bnc_coca_band_8k+grade_estimate_11+general_or_nonacademic
constrict,7209,279,11,0,v,tier3_bnc_coca+bnc_coca_band_8k+grade_estimate_11+general_or_nonacademic
consummate,7210,255,11,0,adj,tier3_bnc_coca+bnc_coca_band_8k+grade_estimate_11+general_or_nonacademic
corollary,7211,296,11,0,n,tier3_bnc_coca+bnc_coca_band_8k+grade_estimate_11+general_or_nonacademic
coronation,7212,861,11,1,n,tier3_bnc_coca+bnc_coca_band_8k+grade_estimate_11+academic_tion
corroborate,7213,188,11,0,v,tier3_bnc_coca+bnc_coca_band_8k+grade_estimate_11+general_or_nonacademic
countenance,7215,358,11,0,n,tier3_bnc_coca+bnc_coca_band_8k+grade_estimate_11+general_or_nonacademic
counteract,7216,358,11,0,v,tier3_bnc_coca+bnc_coca_band_8k+grade_estimate_11+general_or_nonacademic
counterfeit,7217,194,11,0,v,tier3_bnc_coca+bnc_coca_band_8k+grade_estimate_11+general_or_nonacademic
countess,7218,503,11,0,n,tier3_bnc_coca+bnc_coca_band_8k+grade_estimate_11+general_or_nonacademic
courier,7219,405,11,0,n,tier3_bnc_coca+bnc_coca_band_8k+grade_estimate_11+general_or_nonacademic
courteous,7220,405,11,0,adj,tier3_bnc_coca+bnc_coca_band_8k+grade_estimate_11+general_or_nonacademic
courtship,7221,275,11,0,n,tier3_bnc_coca+bnc_coca_band_8k+grade_estimate_11+general_or_nonacademic
coworker,7222,32,11,0,n,tier3_bnc_coca+bnc_coca_band_8k+grade_estimate_11+general_or_nonacademic
cremate,7223,398,11,0,v,tier3_bnc_coca+bnc_coca_band_8k+grade_estimate_11+general_or_nonacademic
criminology,7224,353,11,1,n,tier3_bnc_coca+bnc_coca_band_8k+grade_estimate_11+academic_suffix
cringe,7225,201,11,0,n,tier3_bnc_coca+bnc_coca_band_8k+grade_estimate_11+general_or_nonacademic
croak,7226,299,11,0,v,tier3_bnc_coca+bnc_coca_band_8k+grade_estimate_11+general_or_nonacademic
crutch,7227,232,11,0,n,tier3_bnc_coca+bnc_coca_band_8k+grade_estimate_11+general_or_nonacademic
cubicle,7228,239,11,0,n,tier3_bnc_coca+bnc_coca_band_8k+grade_estimate_11+general_or_nonacademic
cubism,7229,406,11,0,n,tier3_bnc_coca+bnc_coca_band_8k+grade_estimate_11+general_or_nonacademic
cuckoo,7230,521,11,0,n,tier3_bnc_coca+bnc_coca_band_8k+grade_estimate_11+general_or_nonacademic
cull,7231,294,11,0,v,tier3_bnc_coca+bnc_coca_band_8k+grade_estimate_11+general_or_nonacademic
cumbersome,7232,295,11,0,n,tier3_bnc_coca+bnc_coca_band_8k+grade_estimate_11+general_or_nonacademic
curfew,7233,286,11,0,n,tier3_bnc_coca+bnc_coca_band_8k+grade_estimate_11+general_or_nonacademic
custard,7234,286,11,0,n,tier3_bnc_coca+bnc_coca_band_8k+grade_estimate_11+general_or_nonacademic
daisy,7235,807,11,0,n,tier3_bnc_coca+bnc_coca_band_8k+grade_estimate_11+general_or_nonacademic
darn,7236,172,11,0,v,tier3_bnc_coca+bnc_coca_band_8k+grade_estimate_11+general_or_nonacademic
deadlock,7237,354,11,0,v,tier3_bnc_coca+bnc_coca_band_8k+grade_estimate_11+general_or_nonacademic
debilitate,7238,206,11,0,v,tier3_bnc_coca+bnc_coca_band_8k+grade_estimate_11+general_or_nonacademic
debit,7239,407,11,0,v,tier3_bnc_coca+bnc_coca_band_8k+grade_estimate_11+general_or_nonacademic
decadence,7240,199,11,0,n,tier3_bnc_coca+bnc_coca_band_8k+grade_estimate_11+general_or_nonacademic
deceit,7241,318,11,0,n,tier3_bnc_coca+bnc_coca_band_8k+grade_estimate_11+general_or_nonacademic
defame,7242,298,11,0,n,tier3_bnc_coca+bnc_coca_band_8k+grade_estimate_11+general_or_nonacademic
deforest,7243,207,11,0,v,tier3_bnc_coca+bnc_coca_band_8k+grade_estimate_11+general_or_nonacademic
defuse,7244,273,11,0,n,tier3_bnc_coca+bnc_coca_band_8k+grade_estimate_11+general_or_nonacademic
dehydrate,7245,229,11,0,v,tier3_bnc_coca+bnc_coca_band_8k+grade_estimate_11+general_or_nonacademic
delve,7246,239,11,0,n,tier3_bnc_coca+bnc_coca_band_8k+grade_estimate_11+general_or_nonacademic
demoralise,7247,337,11,0,v,tier3_bnc_coca+bnc_coca_band_8k+grade_estimate_11+general_or_nonacademic
depose,7248,280,11,0,n,tier3_bnc_coca+bnc_coca_band_8k+grade_estimate_11+general_or_nonacademic
derby,7249,1612,11,0,n,tier3_bnc_coca+bnc_coca_band_8k+grade_estimate_11+general_or_nonacademic
derelict,7250,574,11,0,n,tier3_bnc_coca+bnc_coca_band_8k+grade_estimate_11+general_or_nonacademic
determinate,7251,322,11,0,v,tier3_bnc_coca+bnc_coca_band_8k+grade_estimate_11+general_or_nonacademic
detest,7252,315,11,0,v,tier3_bnc_coca+bnc_coca_band_8k+grade_estimate_11+general_or_nonacademic
detour,7253,249,11,0,v,tier3_bnc_coca+bnc_coca_band_8k+grade_estimate_11+general_or_nonacademic
devout,7254,240,11,0,adj,tier3_bnc_coca+bnc_coca_band_8k+grade_estimate_11+general_or_nonacademic
dew,7255,354,11,0,n,tier3_bnc_coca+bnc_coca_band_8k+grade_estimate_11+general_or_nonacademic
dichotomy,7256,273,11,0,n,tier3_bnc_coca+bnc_coca_band_8k+grade_estimate_11+general_or_nonacademic
din,7257,348,11,0,n,tier3_bnc_coca+bnc_coca_band_8k+grade_estimate_11+general_or_nonacademic
disaffect,7258,272,11,0,v,tier3_bnc_coca+bnc_coca_band_8k+grade_estimate_11+general_or_nonacademic
disarray,7259,227,11,0,n,tier3_bnc_coca+bnc_coca_band_8k+grade_estimate_11+general_or_nonacademic
disband,7260,421,11,0,v,tier3_bnc_coca+bnc_coca_band_8k+grade_estimate_11+general_or_nonacademic
discernible,7261,297,11,0,adj,tier3_bnc_coca+bnc_coca_band_8k+grade_estimate_11+general_or_nonacademic
discord,7262,273,11,0,n,tier3_bnc_coca+bnc_coca_band_8k+grade_estimate_11+general_or_nonacademic
discursive,7263,303,11,0,adj,tier3_bnc_coca+bnc_coca_band_8k+grade_estimate_11+general_or_nonacademic
disengage,7264,180,11,0,n,tier3_bnc_coca+bnc_coca_band_8k+grade_estimate_11+general_or_nonacademic
disgruntled,7265,217,11,0,n,tier3_bnc_coca+bnc_coca_band_8k+grade_estimate_11+general_or_nonacademic
disinterested,7266,241,11,0,adj,tier3_bnc_coca+bnc_coca_band_8k+grade_estimate_11+general_or_nonacademic
dislodge,7267,273,11,0,n,tier3_bnc_coca+bnc_coca_band_8k+grade_estimate_11+general_or_nonacademic
disobedient,7268,293,11,0,adj,tier3_bnc_coca+bnc_coca_band_8k+grade_estimate_11+general_or_nonacademic
disrespect,7269,175,11,0,v,tier3_bnc_coca+bnc_coca_band_8k+grade_estimate_11+general_or_nonacademic
dissociate,7270,434,11,0,v,tier3_bnc_coca+bnc_coca_band_8k+grade_estimate_11+general_or_nonacademic
distraught,7271,252,11,0,adj,tier3_bnc_coca+bnc_coca_band_8k+grade_estimate_11+general_or_nonacademic
divisive,7272,211,11,0,adj,tier3_bnc_coca+bnc_coca_band_8k+grade_estimate_11+general_or_nonacademic
doctorate,7273,162,11,0,v,tier3_bnc_coca+bnc_coca_band_8k+grade_estimate_11+general_or_nonacademic
dogma,7274,320,11,0,n,tier3_bnc_coca+bnc_coca_band_8k+grade_estimate_11+general_or_nonacademic
dogmatic,7275,307,11,0,adj,tier3_bnc_coca+bnc_coca_band_8k+grade_estimate_11+general_or_nonacademic
domesticate,7276,234,11,0,v,tier3_bnc_coca+bnc_coca_band_8k+grade_estimate_11+general_or_nonacademic
domino,7277,241,11,0,n,tier3_bnc_coca+bnc_coca_band_8k+grade_estimate_11+general_or_nonacademic
dormant,7278,303,11,0,adj,tier3_bnc_coca+bnc_coca_band_8k+grade_estimate_11+general_or_nonacademic
doughnut,7279,142,11,0,n,tier3_bnc_coca+bnc_coca_band_8k+grade_estimate_11+general_or_nonacademic
drab,7280,343,11,0,adj,tier3_bnc_coca+bnc_coca_band_8k+grade_estimate_11+general_or_nonacademic
dreary,7281,321,11,0,n,tier3_bnc_coca+bnc_coca_band_8k+grade_estimate_11+general_or_nonacademic
drench,7282,303,11,0,v,tier3_bnc_coca+bnc_coca_band_8k+grade_estimate_11+general_or_nonacademic
dude,7283,99,11,0,n,tier3_bnc_coca+bnc_coca_band_8k+grade_estimate_11+general_or_nonacademic
duel,7284,290,11,0,n,tier3_bnc_coca+bnc_coca_band_8k+grade_estimate_11+general_or_nonacademic
easel,7286,226,11,0,n,tier3_bnc_coca+bnc_coca_band_8k+grade_estimate_11+general_or_nonacademic
eclectic,7287,218,11,0,adj,tier3_bnc_coca+bnc_coca_band_8k+grade_estimate_11+general_or_nonacademic
edgy,7288,166,11,0,n,tier3_bnc_coca+bnc_coca_band_8k+grade_estimate_11+general_or_nonacademic
edible,7289,255,11,0,adj,tier3_bnc_coca+bnc_coca_band_8k+grade_estimate_11+general_or_nonacademic
eel,7290,394,11,0,n,tier3_bnc_coca+bnc_coca_band_8k+grade_estimate_11+general_or_nonacademic
effluent,7291,373,11,0,n,tier3_bnc_coca+bnc_coca_band_8k+grade_estimate_11+general_or_nonacademic
elate,7293,305,11,0,v,tier3_bnc_coca+bnc_coca_band_8k+grade_estimate_11+general_or_nonacademic
elective,7294,288,11,0,adj,tier3_bnc_coca+bnc_coca_band_8k+grade_estimate_11+general_or_nonacademic
electrify,7295,354,11,0,v,tier3_bnc_coca+bnc_coca_band_8k+grade_estimate_11+general_or_nonacademic
elucidate,7297,309,11,0,v,tier3_bnc_coca+bnc_coca_band_8k+grade_estimate_11+general_or_nonacademic
embankment,7298,430,11,0,n,tier3_bnc_coca+bnc_coca_band_8k+grade_estimate_11+general_or_nonacademic
embryonic,7299,265,11,0,adj,tier3_bnc_coca+bnc_coca_band_8k+grade_estimate_11+general_or_nonacademic
empress,7300,388,11,0,n,tier3_bnc_coca+bnc_coca_band_8k+grade_estimate_11+general_or_nonacademic
encapsulate,7301,369,11,0,v,tier3_bnc_coca+bnc_coca_band_8k+grade_estimate_11+general_or_nonacademic
encase,7302,211,11,0,n,tier3_bnc_coca+bnc_coca_band_8k+grade_estimate_11+general_or_nonacademic
endemic,7303,306,11,0,adj,tier3_bnc_coca+bnc_coca_band_8k+grade_estimate_11+general_or_nonacademic
enigmatic,7304,311,11,0,adj,tier3_bnc_coca+bnc_coca_band_8k+grade_estimate_11+general_or_nonacademic
entirety,7305,233,11,0,n,tier3_bnc_coca+bnc_coca_band_8k+grade_estimate_11+general_or_nonacademic
entourage,7306,214,11,0,n,tier3_bnc_coca+bnc_coca_band_8k+grade_estimate_11+general_or_nonacademic
enumerate,7307,266,11,0,v,tier3_bnc_coca+bnc_coca_band_8k+grade_estimate_11+general_or_nonacademic
envisage,7308,1844,11,0,n,tier3_bnc_coca+bnc_coca_band_8k+grade_estimate_11+general_or_nonacademic
epithelial,7309,783,11,0,adj,tier3_bnc_coca+bnc_coca_band_8k+grade_estimate_11+general_or_nonacademic
epitomise,7310,269,11,0,v,tier3_bnc_coca+bnc_coca_band_8k+grade_estimate_11+general_or_nonacademic
epoch,7311,261,11,0,n,tier3_bnc_coca+bnc_coca_band_8k+grade_estimate_11+general_or_nonacademic
eschew,7312,235,11,0,v,tier3_bnc_coca+bnc_coca_band_8k+grade_estimate_11+general_or_nonacademic
espionage,7313,252,11,0,n,tier3_bnc_coca+bnc_coca_band_8k+grade_estimate_11+general_or_nonacademic
esquire,7314,335,11,0,n,tier3_bnc_coca+bnc_coca_band_8k+grade_estimate_11+general_or_nonacademic
etiquette,7315,197,11,0,n,tier3_bnc_coca+bnc_coca_band_8k+grade_estimate_11+general_or_nonacademic
eucharist,7316,237,11,0,n,tier3_bnc_coca+bnc_coca_band_8k+grade_estimate_11+general_or_nonacademic
euphoria,7317,244,11,0,n,tier3_bnc_coca+bnc_coca_band_8k+grade_estimate_11+general_or_nonacademic
evangelist,7318,280,11,0,n,tier3_bnc_coca+bnc_coca_band_8k+grade_estimate_11+general_or_nonacademic
evasion,7319,299,11,0,n,tier3_bnc_coca+bnc_coca_band_8k+grade_estimate_11+general_or_nonacademic
exalt,7320,306,11,0,v,tier3_bnc_coca+bnc_coca_band_8k+grade_estimate_11+general_or_nonacademic
excrete,7321,441,11,0,n,tier3_bnc_coca+bnc_coca_band_8k+grade_estimate_11+general_or_nonacademic
exhale,7322,167,11,0,n,tier3_bnc_coca+bnc_coca_band_8k+grade_estimate_11+general_or_nonacademic
expatriate,7323,378,11,0,v,tier3_bnc_coca+bnc_coca_band_8k+grade_estimate_11+general_or_nonacademic
extort,7324,255,11,0,v,tier3_bnc_coca+bnc_coca_band_8k+grade_estimate_11+general_or_nonacademic
extrapolate,7325,326,11,0,v,tier3_bnc_coca+bnc_coca_band_8k+grade_estimate_11+general_or_nonacademic
exude,7326,204,11,0,n,tier3_bnc_coca+bnc_coca_band_8k+grade_estimate_11+general_or_nonacademic
fad,7327,225,11,0,n,tier3_bnc_coca+bnc_coca_band_8k+grade_estimate_11+general_or_nonacademic
fairs,7328,301,11,0,n,tier3_bnc_coca+bnc_coca_band_8k+grade_estimate_11+general_or_nonacademic
fallacy,7329,292,11,0,n,tier3_bnc_coca+bnc_coca_band_8k+grade_estimate_11+general_or_nonacademic
fallible,7330,352,11,0,adj,tier3_bnc_coca+bnc_coca_band_8k+grade_estimate_11+general_or_nonacademic
fang,7331,202,11,0,n,tier3_bnc_coca+bnc_coca_band_8k+grade_estimate_11+general_or_nonacademic
fasts,7332,398,11,0,n,tier3_bnc_coca+bnc_coca_band_8k+grade_estimate_11+general_or_nonacademic
feign,7333,205,11,0,v,tier3_bnc_coca+bnc_coca_band_8k+grade_estimate_11+general_or_nonacademic
felon,7334,130,11,0,n,tier3_bnc_coca+bnc_coca_band_8k+grade_estimate_11+general_or_nonacademic
fervour,7335,280,11,0,n,tier3_bnc_coca+bnc_coca_band_8k+grade_estimate_11+general_or_nonacademic
fetter,7336,279,11,0,v,tier3_bnc_coca+bnc_coca_band_8k+grade_estimate_11+general_or_nonacademic
fetus,7337,176,11,0,n,tier3_bnc_coca+bnc_coca_band_8k+grade_estimate_11+general_or_nonacademic
fiancee,7338,155,11,0,n,tier3_bnc_coca+bnc_coca_band_8k+grade_estimate_11+general_or_nonacademic
fiasco,7339,245,11,0,n,tier3_bnc_coca+bnc_coca_band_8k+grade_estimate_11+general_or_nonacademic
fidget,7340,219,11,0,v,tier3_bnc_coca+bnc_coca_band_8k+grade_estimate_11+general_or_nonacademic
figurative,7341,181,11,0,adj,tier3_bnc_coca+bnc_coca_band_8k+grade_estimate_11+general_or_nonacademic
fillet,7342,223,11,0,n,tier3_bnc_coca+bnc_coca_band_8k+grade_estimate_11+general_or_nonacademic
fir,7343,246,11,0,n,tier3_bnc_coca+bnc_coca_band_8k+grade_estimate_11+general_or_nonacademic
fiver,7344,548,11,0,n,tier3_bnc_coca+bnc_coca_band_8k+grade_estimate_11+general_or_nonacademic
flagging,7345,342,11,0,adj,tier3_bnc_coca+bnc_coca_band_8k+grade_estimate_11+general_or_nonacademic
flail,7346,238,11,0,v,tier3_bnc_coca+bnc_coca_band_8k+grade_estimate_11+general_or_nonacademic
flamboyant,7347,323,11,0,adj,tier3_bnc_coca+bnc_coca_band_8k+grade_estimate_11+general_or_nonacademic
flannel,7348,263,11,0,n,tier3_bnc_coca+bnc_coca_band_8k+grade_estimate_11+general_or_nonacademic
flask,7349,361,11,0,n,tier3_bnc_coca+bnc_coca_band_8k+grade_estimate_11+general_or_nonacademic
fleck,7350,244,11,0,v,tier3_bnc_coca+bnc_coca_band_8k+grade_estimate_11+general_or_nonacademic
fleece,7351,304,11,0,n,tier3_bnc_coca+bnc_coca_band_8k+grade_estimate_11+general_or_nonacademic
flimsy,7352,297,11,0,n,tier3_bnc_coca+bnc_coca_band_8k+grade_estimate_11+general_or_nonacademic
flounder,7353,283,11,0,v,tier3_bnc_coca+bnc_coca_band_8k+grade_estimate_11+general_or_nonacademic
foray,7355,256,11,0,n,tier3_bnc_coca+bnc_coca_band_8k+grade_estimate_11+general_or_nonacademic
forlorn,7356,241,11,0,adj,tier3_bnc_coca+bnc_coca_band_8k+grade_estimate_11+general_or_nonacademic
forte,7357,347,11,0,n,tier3_bnc_coca+bnc_coca_band_8k+grade_estimate_11+general_or_nonacademic
fraught,7358,330,11,0,n,tier3_bnc_coca+bnc_coca_band_8k+grade_estimate_11+general_or_nonacademic
freshman,7360,83,11,0,n,tier3_bnc_coca+bnc_coca_band_8k+grade_estimate_11+general_or_nonacademic
friar,7361,584,11,0,n,tier3_bnc_coca+bnc_coca_band_8k+grade_estimate_11+general_or_nonacademic
frill,7362,390,11,0,v,tier3_bnc_coca+bnc_coca_band_8k+grade_estimate_11+general_or_nonacademic
frivolous,7363,241,11,0,adj,tier3_bnc_coca+bnc_coca_band_8k+grade_estimate_11+general_or_nonacademic
froth,7364,306,11,0,v,tier3_bnc_coca+bnc_coca_band_8k+grade_estimate_11+general_or_nonacademic
gait,7365,159,11,0,n,tier3_bnc_coca+bnc_coca_band_8k+grade_estimate_11+general_or_nonacademic
gale,7366,679,11,0,n,tier3_bnc_coca+bnc_coca_band_8k+grade_estimate_11+general_or_nonacademic
gallant,7367,389,11,0,adj,tier3_bnc_coca+bnc_coca_band_8k+grade_estimate_11+general_or_nonacademic
gasoline,7368,68,11,0,n,tier3_bnc_coca+bnc_coca_band_8k+grade_estimate_11+general_or_nonacademic
gazette,7369,350,11,0,n,tier3_bnc_coca+bnc_coca_band_8k+grade_estimate_11+general_or_nonacademic
genealogy,7370,221,11,0,n,tier3_bnc_coca+bnc_coca_band_8k+grade_estimate_11+general_or_nonacademic
genus,7371,375,11,0,n,tier3_bnc_coca+bnc_coca_band_8k+grade_estimate_11+general_or_nonacademic
ghastly,7372,402,11,0,adv,tier3_bnc_coca+bnc_coca_band_8k+grade_estimate_11+general_or_nonacademic
gilt,7373,794,11,0,n,tier3_bnc_coca+bnc_coca_band_8k+grade_estimate_11+general_or_nonacademic
gimmick,7374,205,11,0,n,tier3_bnc_coca+bnc_coca_band_8k+grade_estimate_11+general_or_nonacademic
gingerly,7375,209,11,0,adv,tier3_bnc_coca+bnc_coca_band_8k+grade_estimate_11+general_or_nonacademic
glacial,7376,355,11,0,adj,tier3_bnc_coca+bnc_coca_band_8k+grade_estimate_11+general_or_nonacademic
glut,7377,260,11,0,n,tier3_bnc_coca+bnc_coca_band_8k+grade_estimate_11+general_or_nonacademic
gnaw,7378,230,11,0,v,tier3_bnc_coca+bnc_coca_band_8k+grade_estimate_11+general_or_nonacademic
gobble,7379,180,11,0,n,tier3_bnc_coca+bnc_coca_band_8k+grade_estimate_11+general_or_nonacademic
goblin,7380,803,11,0,n,tier3_bnc_coca+bnc_coca_band_8k+grade_estimate_11+general_or_nonacademic
goddam,7381,113,11,0,n,tier3_bnc_coca+bnc_coca_band_8k+grade_estimate_11+general_or_nonacademic
goggle,7382,209,11,0,n,tier3_bnc_coca+bnc_coca_band_8k+grade_estimate_11+general_or_nonacademic
gouge,7384,226,11,0,n,tier3_bnc_coca+bnc_coca_band_8k+grade_estimate_11+general_or_nonacademic
gourmet,7385,152,11,0,n,tier3_bnc_coca+bnc_coca_band_8k+grade_estimate_11+general_or_nonacademic
grandeur,7386,344,11,0,n,tier3_bnc_coca+bnc_coca_band_8k+grade_estimate_11+general_or_nonacademic
grandiose,7387,261,11,0,adj,tier3_bnc_coca+bnc_coca_band_8k+grade_estimate_11+general_or_nonacademic
granule,7388,436,11,0,n,tier3_bnc_coca+bnc_coca_band_8k+grade_estimate_11+general_or_nonacademic
graphite,7389,224,11,0,n,tier3_bnc_coca+bnc_coca_band_8k+grade_estimate_11+general_or_nonacademic
grime,7390,286,11,0,n,tier3_bnc_coca+bnc_coca_band_8k+grade_estimate_11+general_or_nonacademic
gruelling,7391,209,11,0,adj,tier3_bnc_coca+bnc_coca_band_8k+grade_estimate_11+general_or_nonacademic
gruesome,7392,186,11,0,adj,tier3_bnc_coca+bnc_coca_band_8k+grade_estimate_11+general_or_nonacademic
gymnastics,7393,155,11,1,n,tier3_bnc_coca+bnc_coca_band_8k+grade_estimate_11+academic_suffix
halloween,7394,93,11,0,v,tier3_bnc_coca+bnc_coca_band_8k+grade_estimate_11+general_or_nonacademic
hallucinate,7395,240,11,0,v,tier3_bnc_coca+bnc_coca_band_8k+grade_estimate_11+general_or_nonacademic
halo,7396,190,11,0,n,tier3_bnc_coca+bnc_coca_band_8k+grade_estimate_11+general_or_nonacademic
hamstring,7397,235,11,0,n,tier3_bnc_coca+bnc_coca_band_8k+grade_estimate_11+general_or_nonacademic
hangar,7398,293,11,0,n,tier3_bnc_coca+bnc_coca_band_8k+grade_estimate_11+general_or_nonacademic
hangover,7399,323,11,0,n,tier3_bnc_coca+bnc_coca_band_8k+grade_estimate_11+general_or_nonacademic
haphazard,7400,350,11,0,adj,tier3_bnc_coca+bnc_coca_band_8k+grade_estimate_11+general_or_nonacademic
hazel,7401,963,11,0,n,tier3_bnc_coca+bnc_coca_band_8k+grade_estimate_11+general_or_nonacademic
hazy,7402,272,11,0,n,tier3_bnc_coca+bnc_coca_band_8k+grade_estimate_11+general_or_nonacademic
header,7403,844,11,0,n,tier3_bnc_coca+bnc_coca_band_8k+grade_estimate_11+general_or_nonacademic
heather,7404,1079,11,0,n,tier3_bnc_coca+bnc_coca_band_8k+grade_estimate_11+general_or_nonacademic
helium,7405,279,11,0,n,tier3_bnc_coca+bnc_coca_band_8k+grade_estimate_11+general_or_nonacademic
hereditary,7406,468,11,0,n,tier3_bnc_coca+bnc_coca_band_8k+grade_estimate_11+general_or_nonacademic
heretic,7407,239,11,0,adj,tier3_bnc_coca+bnc_coca_band_8k+grade_estimate_11+general_or_nonacademic
hertz,7409,340,11,0,n,tier3_bnc_coca+bnc_coca_band_8k+grade_estimate_11+general_or_nonacademic
heyday,7410,245,11,0,n,tier3_bnc_coca+bnc_coca_band_8k+grade_estimate_11+general_or_nonacademic
histology,7411,615,11,1,n,tier3_bnc_coca+bnc_coca_band_8k+grade_estimate_11+academic_exact
hoax,7412,198,11,0,v,tier3_bnc_coca+bnc_coca_band_8k+grade_estimate_11+general_or_nonacademic
hobble,7413,198,11,0,n,tier3_bnc_coca+bnc_coca_band_8k+grade_estimate_11+general_or_nonacademic
homoeopathy,7414,473,11,0,n,tier3_bnc_coca+bnc_coca_band_8k+grade_estimate_11+general_or_nonacademic
hone,7415,201,11,0,n,tier3_bnc_coca+bnc_coca_band_8k+grade_estimate_11+general_or_nonacademic
horrendous,7416,337,11,0,adj,tier3_bnc_coca+bnc_coca_band_8k+grade_estimate_11+general_or_nonacademic
horticulture,7417,476,11,0,n,tier3_bnc_coca+bnc_coca_band_8k+grade_estimate_11+general_or_nonacademic
hospitable,7418,242,11,0,adj,tier3_bnc_coca+bnc_coca_band_8k+grade_estimate_11+general_or_nonacademic
hotline,7419,214,11,0,n,tier3_bnc_coca+bnc_coca_band_8k+grade_estimate_11+general_or_nonacademic
huff,7420,182,11,0,v,tier3_bnc_coca+bnc_coca_band_8k+grade_estimate_11+general_or_nonacademic
hurtle,7421,273,11,0,n,tier3_bnc_coca+bnc_coca_band_8k+grade_estimate_11+general_or_nonacademic
husky,7422,444,11,0,n,tier3_bnc_coca+bnc_coca_band_8k+grade_estimate_11+general_or_nonacademic
hydrate,7423,205,11,0,v,tier3_bnc_coca+bnc_coca_band_8k+grade_estimate_11+general_or_nonacademic
hydrocarbon,7424,329,11,0,n,tier3_bnc_coca+bnc_coca_band_8k+grade_estimate_11+general_or_nonacademic
hysteria,7425,272,11,0,n,tier3_bnc_coca+bnc_coca_band_8k+grade_estimate_11+general_or_nonacademic
idiosyncratic,7426,277,11,0,adj,tier3_bnc_coca+bnc_coca_band_8k+grade_estimate_11+general_or_nonacademic
idyllic,7427,349,11,0,adj,tier3_bnc_coca+bnc_coca_band_8k+grade_estimate_11+general_or_nonacademic
impediment,7428,195,11,0,n,tier3_bnc_coca+bnc_coca_band_8k+grade_estimate_11+general_or_nonacademic
impressionist,7429,334,11,0,n,tier3_bnc_coca+bnc_coca_band_8k+grade_estimate_11+general_or_nonacademic
incarcerate,7430,159,11,0,v,tier3_bnc_coca+bnc_coca_band_8k+grade_estimate_11+general_or_nonacademic
incessant,7431,233,11,0,adj,tier3_bnc_coca+bnc_coca_band_8k+grade_estimate_11+general_or_nonacademic
incontinent,7432,459,11,0,adj,tier3_bnc_coca+bnc_coca_band_8k+grade_estimate_11+general_or_nonacademic
incredulous,7433,320,11,0,adj,tier3_bnc_coca+bnc_coca_band_8k+grade_estimate_11+general_or_nonacademic
indent,7434,312,11,0,v,tier3_bnc_coca+bnc_coca_band_8k+grade_estimate_11+general_or_nonacademic
inert,7435,306,11,0,adj,tier3_bnc_coca+bnc_coca_band_8k+grade_estimate_11+general_or_nonacademic
inertia,7436,346,11,0,n,tier3_bnc_coca+bnc_coca_band_8k+grade_estimate_11+general_or_nonacademic
inescapable,7437,294,11,0,adj,tier3_bnc_coca+bnc_coca_band_8k+grade_estimate_11+general_or_nonacademic
inextricable,7438,239,11,0,adj,tier3_bnc_coca+bnc_coca_band_8k+grade_estimate_11+general_or_nonacademic
infest,7439,383,11,0,v,tier3_bnc_coca+bnc_coca_band_8k+grade_estimate_11+general_or_nonacademic
inflect,7440,266,11,0,v,tier3_bnc_coca+bnc_coca_band_8k+grade_estimate_11+general_or_nonacademic
ingenuity,7441,345,11,0,n,tier3_bnc_coca+bnc_coca_band_8k+grade_estimate_11+general_or_nonacademic
innumerable,7442,311,11,0,adj,tier3_bnc_coca+bnc_coca_band_8k+grade_estimate_11+general_or_nonacademic
insidious,7443,218,11,0,adj,tier3_bnc_coca+bnc_coca_band_8k+grade_estimate_11+general_or_nonacademic
interdependent,7444,213,11,0,adj,tier3_bnc_coca+bnc_coca_band_8k+grade_estimate_11+general_or_nonacademic
interlock,7445,305,11,0,v,tier3_bnc_coca+bnc_coca_band_8k+grade_estimate_11+general_or_nonacademic
interplay,7446,229,11,0,n,tier3_bnc_coca+bnc_coca_band_8k+grade_estimate_11+general_or_nonacademic
intractable,7447,241,11,0,adj,tier3_bnc_coca+bnc_coca_band_8k+grade_estimate_11+general_or_nonacademic
introspect,7448,229,11,0,v,tier3_bnc_coca+bnc_coca_band_8k+grade_estimate_11+general_or_nonacademic
intrusive,7449,268,11,0,adj,tier3_bnc_coca+bnc_coca_band_8k+grade_estimate_11+general_or_nonacademic
inundate,7450,194,11,0,v,tier3_bnc_coca+bnc_coca_band_8k+grade_estimate_11+general_or_nonacademic
invasive,7451,215,11,0,adj,tier3_bnc_coca+bnc_coca_band_8k+grade_estimate_11+general_or_nonacademic
invertebrate,7453,348,11,0,v,tier3_bnc_coca+bnc_coca_band_8k+grade_estimate_11+general_or_nonacademic
invigorate,7454,180,11,0,v,tier3_bnc_coca+bnc_coca_band_8k+grade_estimate_11+general_or_nonacademic
iris,7455,963,11,0,n,tier3_bnc_coca+bnc_coca_band_8k+grade_estimate_11+general_or_nonacademic
irrevocable,7456,266,11,0,adj,tier3_bnc_coca+bnc_coca_band_8k+grade_estimate_11+general_or_nonacademic
isotope,7457,460,11,0,n,tier3_bnc_coca+bnc_coca_band_8k+grade_estimate_11+general_or_nonacademic
italic,7458,332,11,0,adj,tier3_bnc_coca+bnc_coca_band_8k+grade_estimate_11+general_or_nonacademic
iterate,7459,333,11,0,v,tier3_bnc_coca+bnc_coca_band_8k+grade_estimate_11+general_or_nonacademic
itinerary,7460,270,11,0,n,tier3_bnc_coca+bnc_coca_band_8k+grade_estimate_11+general_or_nonacademic
ivy,7461,642,11,0,n,tier3_bnc_coca+bnc_coca_band_8k+grade_estimate_11+general_or_nonacademic
jacked,7462,244,11,0,n,tier3_bnc_coca+bnc_coca_band_8k+grade_estimate_11+general_or_nonacademic
jaunt,7463,242,11,0,n,tier3_bnc_coca+bnc_coca_band_8k+grade_estimate_11+general_or_nonacademic
jay,7464,992,11,0,n,tier3_bnc_coca+bnc_coca_band_8k+grade_estimate_11+general_or_nonacademic
jig,7465,224,11,0,n,tier3_bnc_coca+bnc_coca_band_8k+grade_estimate_11+general_or_nonacademic
jostle,7466,280,11,0,n,tier3_bnc_coca+bnc_coca_band_8k+grade_estimate_11+general_or_nonacademic
jot,7467,310,11,0,n,tier3_bnc_coca+bnc_coca_band_8k+grade_estimate_11+general_or_nonacademic
jubilee,7468,497,11,0,n,tier3_bnc_coca+bnc_coca_band_8k+grade_estimate_11+general_or_nonacademic
judicious,7469,280,11,0,adj,tier3_bnc_coca+bnc_coca_band_8k+grade_estimate_11+general_or_nonacademic
juniper,7470,264,11,0,n,tier3_bnc_coca+bnc_coca_band_8k+grade_estimate_11+general_or_nonacademic
kaiser,7471,165,11,0,n,tier3_bnc_coca+bnc_coca_band_8k+grade_estimate_11+general_or_nonacademic
karate,7472,317,11,0,v,tier3_bnc_coca+bnc_coca_band_8k+grade_estimate_11+general_or_nonacademic
kayak,7473,135,11,0,v,tier3_bnc_coca+bnc_coca_band_8k+grade_estimate_11+general_or_nonacademic
kennel,7474,367,11,0,n,tier3_bnc_coca+bnc_coca_band_8k+grade_estimate_11+general_or_nonacademic
kernel,7475,301,11,0,n,tier3_bnc_coca+bnc_coca_band_8k+grade_estimate_11+general_or_nonacademic
khaki,7476,185,11,0,n,tier3_bnc_coca+bnc_coca_band_8k+grade_estimate_11+general_or_nonacademic
kindergarten,7477,102,11,0,v,tier3_bnc_coca+bnc_coca_band_8k+grade_estimate_11+general_or_nonacademic
kinetic,7478,300,11,0,adj,tier3_bnc_coca+bnc_coca_band_8k+grade_estimate_11+general_or_nonacademic
kiosk,7479,240,11,0,n,tier3_bnc_coca+bnc_coca_band_8k+grade_estimate_11+general_or_nonacademic
knack,7480,257,11,0,n,tier3_bnc_coca+bnc_coca_band_8k+grade_estimate_11+general_or_nonacademic
laborious,7481,317,11,0,adj,tier3_bnc_coca+bnc_coca_band_8k+grade_estimate_11+general_or_nonacademic
labyrinth,7482,298,11,0,n,tier3_bnc_coca+bnc_coca_band_8k+grade_estimate_11+general_or_nonacademic
lacquer,7483,243,11,0,v,tier3_bnc_coca+bnc_coca_band_8k+grade_estimate_11+general_or_nonacademic
laminate,7484,267,11,0,v,tier3_bnc_coca+bnc_coca_band_8k+grade_estimate_11+general_or_nonacademic
lark,7485,361,11,0,v,tier3_bnc_coca+bnc_coca_band_8k+grade_estimate_11+general_or_nonacademic
lass,7486,593,11,0,n,tier3_bnc_coca+bnc_coca_band_8k+grade_estimate_11+general_or_nonacademic
lattice,7487,417,11,0,n,tier3_bnc_coca+bnc_coca_band_8k+grade_estimate_11+general_or_nonacademic
laud,7488,270,11,0,v,tier3_bnc_coca+bnc_coca_band_8k+grade_estimate_11+general_or_nonacademic
lavatory,7489,752,11,0,n,tier3_bnc_coca+bnc_coca_band_8k+grade_estimate_11+general_or_nonacademic
lax,7490,223,11,0,adj,tier3_bnc_coca+bnc_coca_band_8k+grade_estimate_11+general_or_nonacademic
leaded,7491,481,11,0,n,tier3_bnc_coca+bnc_coca_band_8k+grade_estimate_11+general_or_nonacademic
legitimise,7492,242,11,0,v,tier3_bnc_coca+bnc_coca_band_8k+grade_estimate_11+general_or_nonacademic
lemonade,7493,217,11,0,n,tier3_bnc_coca+bnc_coca_band_8k+grade_estimate_11+general_or_nonacademic
lenient,7494,310,11,0,adj,tier3_bnc_coca+bnc_coca_band_8k+grade_estimate_11+general_or_nonacademic
lexicon,7497,615,11,0,n,tier3_bnc_coca+bnc_coca_band_8k+grade_estimate_11+general_or_nonacademic
libertarian,7498,193,11,0,n,tier3_bnc_coca+bnc_coca_band_8k+grade_estimate_11+general_or_nonacademic
ligament,7499,245,11,0,n,tier3_bnc_coca+bnc_coca_band_8k+grade_estimate_11+general_or_nonacademic
linguist,7500,472,11,0,n,tier3_bnc_coca+bnc_coca_band_8k+grade_estimate_11+general_or_nonacademic
linoleum,7501,229,11,0,n,tier3_bnc_coca+bnc_coca_band_8k+grade_estimate_11+general_or_nonacademic
lobe,7502,303,11,0,n,tier3_bnc_coca+bnc_coca_band_8k+grade_estimate_11+general_or_nonacademic
loch,7503,1502,11,0,n,tier3_bnc_coca+bnc_coca_band_8k+grade_estimate_11+general_or_nonacademic
longevity,7504,184,11,0,n,tier3_bnc_coca+bnc_coca_band_8k+grade_estimate_11+general_or_nonacademic
loophole,7505,218,11,0,n,tier3_bnc_coca+bnc_coca_band_8k+grade_estimate_11+general_or_nonacademic
lorry,7506,2063,11,0,n,tier3_bnc_coca+bnc_coca_band_8k+grade_estimate_11+general_or_nonacademic
lotion,7507,245,11,0,n,tier3_bnc_coca+bnc_coca_band_8k+grade_estimate_11+general_or_nonacademic
lucid,7508,303,11,0,adj,tier3_bnc_coca+bnc_coca_band_8k+grade_estimate_11+general_or_nonacademic
lug,7509,146,11,0,n,tier3_bnc_coca+bnc_coca_band_8k+grade_estimate_11+general_or_nonacademic
lunatic,7510,343,11,0,adj,tier3_bnc_coca+bnc_coca_band_8k+grade_estimate_11+general_or_nonacademic
lustre,7511,238,11,0,n,tier3_bnc_coca+bnc_coca_band_8k+grade_estimate_11+general_or_nonacademic
macho,7512,289,11,0,n,tier3_bnc_coca+bnc_coca_band_8k+grade_estimate_11+general_or_nonacademic
macro,7513,404,11,0,n,tier3_bnc_coca+bnc_coca_band_8k+grade_estimate_11+general_or_nonacademic
macroeconomic,7514,375,11,0,adj,tier3_bnc_coca+bnc_coca_band_8k+grade_estimate_11+general_or_nonacademic
magnesium,7515,254,11,0,n,tier3_bnc_coca+bnc_coca_band_8k+grade_estimate_11+general_or_nonacademic
maize,7516,329,11,0,v,tier3_bnc_coca+bnc_coca_band_8k+grade_estimate_11+general_or_nonacademic
malice,7517,320,11,0,n,tier3_bnc_coca+bnc_coca_band_8k+grade_estimate_11+general_or_nonacademic
malpractice,7518,167,11,0,n,tier3_bnc_coca+bnc_coca_band_8k+grade_estimate_11+general_or_nonacademic
malt,7519,496,11,0,v,tier3_bnc_coca+bnc_coca_band_8k+grade_estimate_11+general_or_nonacademic
mandarin,7520,329,11,0,n,tier3_bnc_coca+bnc_coca_band_8k+grade_estimate_11+general_or_nonacademic
mango,7521,150,11,0,n,tier3_bnc_coca+bnc_coca_band_8k+grade_estimate_11+general_or_nonacademic
maniac,7522,239,11,0,n,tier3_bnc_coca+bnc_coca_band_8k+grade_estimate_11+general_or_nonacademic
manic,7523,280,11,0,adj,tier3_bnc_coca+bnc_coca_band_8k+grade_estimate_11+general_or_nonacademic
manicure,7524,152,11,0,n,tier3_bnc_coca+bnc_coca_band_8k+grade_estimate_11+general_or_nonacademic
mantelpiece,7525,349,11,0,n,tier3_bnc_coca+bnc_coca_band_8k+grade_estimate_11+general_or_nonacademic
maroon,7526,236,11,0,v,tier3_bnc_coca+bnc_coca_band_8k+grade_estimate_11+general_or_nonacademic
marquee,7527,263,11,0,n,tier3_bnc_coca+bnc_coca_band_8k+grade_estimate_11+general_or_nonacademic
marquis,7528,304,11,0,n,tier3_bnc_coca+bnc_coca_band_8k+grade_estimate_11+general_or_nonacademic
masonry,7529,344,11,0,n,tier3_bnc_coca+bnc_coca_band_8k+grade_estimate_11+general_or_nonacademic
masquerade,7530,216,11,0,n,tier3_bnc_coca+bnc_coca_band_8k+grade_estimate_11+general_or_nonacademic
masturbate,7531,271,11,0,v,tier3_bnc_coca+bnc_coca_band_8k+grade_estimate_11+general_or_nonacademic
matron,7532,432,11,0,adj,tier3_bnc_coca+bnc_coca_band_8k+grade_estimate_11+general_or_nonacademic
maverick,7533,162,11,0,n,tier3_bnc_coca+bnc_coca_band_8k+grade_estimate_11+general_or_nonacademic
mayonnaise,7534,203,11,0,v,tier3_bnc_coca+bnc_coca_band_8k+grade_estimate_11+general_or_nonacademic
mead,7535,310,11,0,n,tier3_bnc_coca+bnc_coca_band_8k+grade_estimate_11+general_or_nonacademic
medic,7536,190,11,0,adj,tier3_bnc_coca+bnc_coca_band_8k+grade_estimate_11+general_or_nonacademic
meek,7537,347,11,0,adj,tier3_bnc_coca+bnc_coca_band_8k+grade_estimate_11+general_or_nonacademic
megabyte,7538,1524,11,0,n,tier3_bnc_coca+bnc_coca_band_8k+grade_estimate_11+general_or_nonacademic
megawatt,7539,376,11,0,n,tier3_bnc_coca+bnc_coca_band_8k+grade_estimate_11+general_or_nonacademic
memorabilia,7540,159,11,0,n,tier3_bnc_coca+bnc_coca_band_8k+grade_estimate_11+general_or_nonacademic
mercenary,7541,309,11,0,n,tier3_bnc_coca+bnc_coca_band_8k+grade_estimate_11+general_or_nonacademic
mesmerise,7542,212,11,0,v,tier3_bnc_coca+bnc_coca_band_8k+grade_estimate_11+general_or_nonacademic
metamorphose,7543,240,11,0,n,tier3_bnc_coca+bnc_coca_band_8k+grade_estimate_11+general_or_nonacademic
metro,7544,450,11,0,n,tier3_bnc_coca+bnc_coca_band_8k+grade_estimate_11+general_or_nonacademic
metropolis,7545,231,11,0,n,tier3_bnc_coca+bnc_coca_band_8k+grade_estimate_11+general_or_nonacademic
migraine,7546,218,11,0,n,tier3_bnc_coca+bnc_coca_band_8k+grade_estimate_11+general_or_nonacademic
milieu,7547,183,11,0,n,tier3_bnc_coca+bnc_coca_band_8k+grade_estimate_11+general_or_nonacademic
mime,7548,332,11,0,n,tier3_bnc_coca+bnc_coca_band_8k+grade_estimate_11+general_or_nonacademic
mink,7549,282,11,0,n,tier3_bnc_coca+bnc_coca_band_8k+grade_estimate_11+general_or_nonacademic
miscarry,7550,334,11,0,v,tier3_bnc_coca+bnc_coca_band_8k+grade_estimate_11+general_or_nonacademic
misgiving,7551,321,11,0,n,tier3_bnc_coca+bnc_coca_band_8k+grade_estimate_11+general_or_nonacademic
mistrust,7552,289,11,0,v,tier3_bnc_coca+bnc_coca_band_8k+grade_estimate_11+general_or_nonacademic
mite,7553,323,11,0,n,tier3_bnc_coca+bnc_coca_band_8k+grade_estimate_11+general_or_nonacademic
mockery,7554,357,11,0,n,tier3_bnc_coca+bnc_coca_band_8k+grade_estimate_11+general_or_nonacademic
mod,7555,496,11,0,n,tier3_bnc_coca+bnc_coca_band_8k+grade_estimate_11+general_or_nonacademic
moderation,7556,293,11,0,n,tier3_bnc_coca+bnc_coca_band_8k+grade_estimate_11+general_or_nonacademic
molten,7557,257,11,0,v,tier3_bnc_coca+bnc_coca_band_8k+grade_estimate_11+general_or_nonacademic
momentous,7558,282,11,0,adj,tier3_bnc_coca+bnc_coca_band_8k+grade_estimate_11+general_or_nonacademic
monastic,7559,490,11,0,adj,tier3_bnc_coca+bnc_coca_band_8k+grade_estimate_11+general_or_nonacademic
mongol,7560,271,11,0,n,tier3_bnc_coca+bnc_coca_band_8k+grade_estimate_11+general_or_nonacademic
monograph,7561,306,11,0,n,tier3_bnc_coca+bnc_coca_band_8k+grade_estimate_11+general_or_nonacademic
monolith,7562,244,11,0,n,tier3_bnc_coca+bnc_coca_band_8k+grade_estimate_11+general_or_nonacademic
monologue,7563,203,11,0,n,tier3_bnc_coca+bnc_coca_band_8k+grade_estimate_11+general_or_nonacademic
monotony,7564,406,11,0,n,tier3_bnc_coca+bnc_coca_band_8k+grade_estimate_11+general_or_nonacademic
monoxide,7565,290,11,0,n,tier3_bnc_coca+bnc_coca_band_8k+grade_estimate_11+general_or_nonacademic
moot,7566,294,11,0,v,tier3_bnc_coca+bnc_coca_band_8k+grade_estimate_11+general_or_nonacademic
moratorium,7567,216,11,0,n,tier3_bnc_coca+bnc_coca_band_8k+grade_estimate_11+general_or_nonacademic
multiparty,7568,489,11,0,n,tier3_bnc_coca+bnc_coca_band_8k+grade_estimate_11+general_or_nonacademic
multiplicity,7569,276,11,0,n,tier3_bnc_coca+bnc_coca_band_8k+grade_estimate_11+general_or_nonacademic
munch,7570,267,11,0,v,tier3_bnc_coca+bnc_coca_band_8k+grade_estimate_11+general_or_nonacademic
mussel,7571,286,11,0,n,tier3_bnc_coca+bnc_coca_band_8k+grade_estimate_11+general_or_nonacademic
mutiny,7572,377,11,0,v,tier3_bnc_coca+bnc_coca_band_8k+grade_estimate_11+general_or_nonacademic
mystify,7573,275,11,0,v,tier3_bnc_coca+bnc_coca_band_8k+grade_estimate_11+general_or_nonacademic
nah,7574,220,11,0,n,tier3_bnc_coca+bnc_coca_band_8k+grade_estimate_11+general_or_nonacademic
naturalise,7575,181,11,0,v,tier3_bnc_coca+bnc_coca_band_8k+grade_estimate_11+general_or_nonacademic
nave,7576,457,11,0,n,tier3_bnc_coca+bnc_coca_band_8k+grade_estimate_11+general_or_nonacademic
nay,7577,291,11,0,n,tier3_bnc_coca+bnc_coca_band_8k+grade_estimate_11+general_or_nonacademic
neurotic,7578,304,11,0,adj,tier3_bnc_coca+bnc_coca_band_8k+grade_estimate_11+general_or_nonacademic
neutrino,7579,185,11,0,n,tier3_bnc_coca+bnc_coca_band_8k+grade_estimate_11+general_or_nonacademic
newt,7580,143,11,0,n,tier3_bnc_coca+bnc_coca_band_8k+grade_estimate_11+general_or_nonacademic
nick,7581,3568,11,0,v,tier3_bnc_coca+bnc_coca_band_8k+grade_estimate_11+general_or_nonacademic
nickel,7582,216,11,0,n,tier3_bnc_coca+bnc_coca_band_8k+grade_estimate_11+general_or_nonacademic
nicotine,7583,214,11,0,n,tier3_bnc_coca+bnc_coca_band_8k+grade_estimate_11+general_or_nonacademic
nigger,7584,235,11,0,n,tier3_bnc_coca+bnc_coca_band_8k+grade_estimate_11+general_or_nonacademic
nil,7585,915,11,0,n,tier3_bnc_coca+bnc_coca_band_8k+grade_estimate_11+general_or_nonacademic
nope,7587,139,11,0,n,tier3_bnc_coca+bnc_coca_band_8k+grade_estimate_11+general_or_nonacademic
nozzle,7588,245,11,0,n,tier3_bnc_coca+bnc_coca_band_8k+grade_estimate_11+general_or_nonacademic
oblique,7589,369,11,0,adj,tier3_bnc_coca+bnc_coca_band_8k+grade_estimate_11+general_or_nonacademic
oblivion,7590,244,11,0,n,tier3_bnc_coca+bnc_coca_band_8k+grade_estimate_11+general_or_nonacademic
observance,7591,274,11,0,n,tier3_bnc_coca+bnc_coca_band_8k+grade_estimate_11+general_or_nonacademic
obstetrics,7592,243,11,0,n,tier3_bnc_coca+bnc_coca_band_8k+grade_estimate_11+general_or_nonacademic
ole,7593,189,11,0,n,tier3_bnc_coca+bnc_coca_band_8k+grade_estimate_11+general_or_nonacademic
onslaught,7594,325,11,0,n,tier3_bnc_coca+bnc_coca_band_8k+grade_estimate_11+general_or_nonacademic
ontological,7595,300,11,0,adj,tier3_bnc_coca+bnc_coca_band_8k+grade_estimate_11+general_or_nonacademic
opium,7596,232,11,0,n,tier3_bnc_coca+bnc_coca_band_8k+grade_estimate_11+general_or_nonacademic
orator,7597,255,11,0,n,tier3_bnc_coca+bnc_coca_band_8k+grade_estimate_11+general_or_nonacademic
ordinance,7598,204,11,0,n,tier3_bnc_coca+bnc_coca_band_8k+grade_estimate_11+general_or_nonacademic
ordination,7599,1059,11,0,n,tier3_bnc_coca+bnc_coca_band_8k+grade_estimate_11+general_or_nonacademic
otter,7600,349,11,0,n,tier3_bnc_coca+bnc_coca_band_8k+grade_estimate_11+general_or_nonacademic
outcry,7601,292,11,0,n,tier3_bnc_coca+bnc_coca_band_8k+grade_estimate_11+general_or_nonacademic
outdated,7602,248,11,0,n,tier3_bnc_coca+bnc_coca_band_8k+grade_estimate_11+general_or_nonacademic
outlay,7603,301,11,0,n,tier3_bnc_coca+bnc_coca_band_8k+grade_estimate_11+general_or_nonacademic
outpost,7604,167,11,0,n,tier3_bnc_coca+bnc_coca_band_8k+grade_estimate_11+general_or_nonacademic
outreach,7605,126,11,0,n,tier3_bnc_coca+bnc_coca_band_8k+grade_estimate_11+general_or_nonacademic
ovary,7606,191,11,0,n,tier3_bnc_coca+bnc_coca_band_8k+grade_estimate_11+general_or_nonacademic
overboard,7607,206,11,0,n,tier3_bnc_coca+bnc_coca_band_8k+grade_estimate_11+general_or_nonacademic
overcoat,7608,331,11,0,n,tier3_bnc_coca+bnc_coca_band_8k+grade_estimate_11+general_or_nonacademic
overdo,7609,269,11,0,v,tier3_bnc_coca+bnc_coca_band_8k+grade_estimate_11+general_or_nonacademic
overestimate,7610,213,11,0,v,tier3_bnc_coca+bnc_coca_band_8k+grade_estimate_11+general_or_nonacademic
overgrow,7611,289,11,0,v,tier3_bnc_coca+bnc_coca_band_8k+grade_estimate_11+general_or_nonacademic
overheat,7612,246,11,0,v,tier3_bnc_coca+bnc_coca_band_8k+grade_estimate_11+general_or_nonacademic
overrule,7613,265,11,0,n,tier3_bnc_coca+bnc_coca_band_8k+grade_estimate_11+general_or_nonacademic
overstate,7614,229,11,0,v,tier3_bnc_coca+bnc_coca_band_8k+grade_estimate_11+general_or_nonacademic
overtone,7615,255,11,0,n,tier3_bnc_coca+bnc_coca_band_8k+grade_estimate_11+general_or_nonacademic
overture,7616,298,11,0,n,tier3_bnc_coca+bnc_coca_band_8k+grade_estimate_11+general_or_nonacademic
overwork,7617,219,11,0,v,tier3_bnc_coca+bnc_coca_band_8k+grade_estimate_11+general_or_nonacademic
pacifist,7619,376,11,0,n,tier3_bnc_coca+bnc_coca_band_8k+grade_estimate_11+general_or_nonacademic
padre,7620,127,11,0,n,tier3_bnc_coca+bnc_coca_band_8k+grade_estimate_11+general_or_nonacademic
paged,7621,175,11,0,n,tier3_bnc_coca+bnc_coca_band_8k+grade_estimate_11+general_or_nonacademic
palaeontology,7622,215,11,1,n,tier3_bnc_coca+bnc_coca_band_8k+grade_estimate_11+academic_suffix
palatable,7623,260,11,0,adj,tier3_bnc_coca+bnc_coca_band_8k+grade_estimate_11+general_or_nonacademic
palate,7624,193,11,0,v,tier3_bnc_coca+bnc_coca_band_8k+grade_estimate_11+general_or_nonacademic
palpable,7625,188,11,0,adj,tier3_bnc_coca+bnc_coca_band_8k+grade_estimate_11+general_or_nonacademic
pamper,7626,223,11,0,v,tier3_bnc_coca+bnc_coca_band_8k+grade_estimate_11+general_or_nonacademic
pancreatic,7627,501,11,0,adj,tier3_bnc_coca+bnc_coca_band_8k+grade_estimate_11+general_or_nonacademic
pang,7628,246,11,0,n,tier3_bnc_coca+bnc_coca_band_8k+grade_estimate_11+general_or_nonacademic
parable,7630,378,11,0,adj,tier3_bnc_coca+bnc_coca_band_8k+grade_estimate_11+general_or_nonacademic
paralysis,7631,206,11,1,n,tier3_bnc_coca+bnc_coca_band_8k+grade_estimate_11+academic_suffix
paranoia,7632,211,11,0,n,tier3_bnc_coca+bnc_coca_band_8k+grade_estimate_11+general_or_nonacademic
paraphrase,7633,309,11,0,n,tier3_bnc_coca+bnc_coca_band_8k+grade_estimate_11+general_or_nonacademic
parchment,7634,289,11,0,n,tier3_bnc_coca+bnc_coca_band_8k+grade_estimate_11+general_or_nonacademic
parochial,7635,289,11,0,adj,tier3_bnc_coca+bnc_coca_band_8k+grade_estimate_11+general_or_nonacademic
pastime,7636,309,11,0,n,tier3_bnc_coca+bnc_coca_band_8k+grade_estimate_11+general_or_nonacademic
pathogen,7637,157,11,0,v,tier3_bnc_coca+bnc_coca_band_8k+grade_estimate_11+general_or_nonacademic
pathological,7638,332,11,0,adj,tier3_bnc_coca+bnc_coca_band_8k+grade_estimate_11+general_or_nonacademic
pawn,7639,239,11,0,v,tier3_bnc_coca+bnc_coca_band_8k+grade_estimate_11+general_or_nonacademic
peddle,7640,199,11,0,n,tier3_bnc_coca+bnc_coca_band_8k+grade_estimate_11+general_or_nonacademic
pedestal,7641,217,11,0,adj,tier3_bnc_coca+bnc_coca_band_8k+grade_estimate_11+general_or_nonacademic
pedigree,7642,366,11,0,n,tier3_bnc_coca+bnc_coca_band_8k+grade_estimate_11+general_or_nonacademic
pendant,7644,246,11,0,n,tier3_bnc_coca+bnc_coca_band_8k+grade_estimate_11+general_or_nonacademic
pendulum,7645,237,11,0,n,tier3_bnc_coca+bnc_coca_band_8k+grade_estimate_11+general_or_nonacademic
pep,7648,322,11,0,n,tier3_bnc_coca+bnc_coca_band_8k+grade_estimate_11+general_or_nonacademic
peptide,7649,641,11,0,n,tier3_bnc_coca+bnc_coca_band_8k+grade_estimate_11+general_or_nonacademic
perceptive,7650,324,11,0,adj,tier3_bnc_coca+bnc_coca_band_8k+grade_estimate_11+general_or_nonacademic
percussion,7651,214,11,0,n,tier3_bnc_coca+bnc_coca_band_8k+grade_estimate_11+general_or_nonacademic
perforate,7652,231,11,0,v,tier3_bnc_coca+bnc_coca_band_8k+grade_estimate_11+general_or_nonacademic
permanence,7653,241,11,0,n,tier3_bnc_coca+bnc_coca_band_8k+grade_estimate_11+general_or_nonacademic
permeable,7654,369,11,0,adj,tier3_bnc_coca+bnc_coca_band_8k+grade_estimate_11+general_or_nonacademic
permissible,7655,346,11,0,adj,tier3_bnc_coca+bnc_coca_band_8k+grade_estimate_11+general_or_nonacademic
personify,7656,238,11,0,v,tier3_bnc_coca+bnc_coca_band_8k+grade_estimate_11+general_or_nonacademic
perspire,7657,244,11,0,n,tier3_bnc_coca+bnc_coca_band_8k+grade_estimate_11+general_or_nonacademic
pertain,7658,247,11,0,v,tier3_bnc_coca+bnc_coca_band_8k+grade_estimate_11+general_or_nonacademic
perturb,7659,398,11,0,v,tier3_bnc_coca+bnc_coca_band_8k+grade_estimate_11+general_or_nonacademic
pervade,7660,324,11,0,n,tier3_bnc_coca+bnc_coca_band_8k+grade_estimate_11+general_or_nonacademic
pheasant,7661,328,11,0,n,tier3_bnc_coca+bnc_coca_band_8k+grade_estimate_11+general_or_nonacademic
phoenix,7662,580,11,0,n,tier3_bnc_coca+bnc_coca_band_8k+grade_estimate_11+general_or_nonacademic
phoneme,7663,562,11,0,n,tier3_bnc_coca+bnc_coca_band_8k+grade_estimate_11+general_or_nonacademic
phonology,7664,609,11,1,n,tier3_bnc_coca+bnc_coca_band_8k+grade_estimate_11+academic_exact
piety,7665,247,11,0,n,tier3_bnc_coca+bnc_coca_band_8k+grade_estimate_11+general_or_nonacademic
ping,7666,218,11,0,v,tier3_bnc_coca+bnc_coca_band_8k+grade_estimate_11+general_or_nonacademic
pinnacle,7667,308,11,0,n,tier3_bnc_coca+bnc_coca_band_8k+grade_estimate_11+general_or_nonacademic
placid,7668,263,11,0,adj,tier3_bnc_coca+bnc_coca_band_8k+grade_estimate_11+general_or_nonacademic
platter,7669,160,11,0,n,tier3_bnc_coca+bnc_coca_band_8k+grade_estimate_11+general_or_nonacademic
pleat,7670,408,11,0,v,tier3_bnc_coca+bnc_coca_band_8k+grade_estimate_11+general_or_nonacademic
plunder,7671,353,11,0,v,tier3_bnc_coca+bnc_coca_band_8k+grade_estimate_11+general_or_nonacademic
plush,7672,185,11,0,adj,tier3_bnc_coca+bnc_coca_band_8k+grade_estimate_11+general_or_nonacademic
ply,7673,368,11,0,adv,tier3_bnc_coca+bnc_coca_band_8k+grade_estimate_11+general_or_nonacademic
plywood,7674,172,11,0,n,tier3_bnc_coca+bnc_coca_band_8k+grade_estimate_11+general_or_nonacademic
podium,7675,117,11,0,n,tier3_bnc_coca+bnc_coca_band_8k+grade_estimate_11+general_or_nonacademic
poignant,7676,393,11,0,adj,tier3_bnc_coca+bnc_coca_band_8k+grade_estimate_11+general_or_nonacademic
polemic,7677,267,11,0,adj,tier3_bnc_coca+bnc_coca_band_8k+grade_estimate_11+general_or_nonacademic
pollinate,7678,281,11,0,v,tier3_bnc_coca+bnc_coca_band_8k+grade_estimate_11+general_or_nonacademic
polyester,7679,310,11,0,n,tier3_bnc_coca+bnc_coca_band_8k+grade_estimate_11+general_or_nonacademic
poppy,7680,439,11,0,n,tier3_bnc_coca+bnc_coca_band_8k+grade_estimate_11+general_or_nonacademic
porous,7681,361,11,0,adj,tier3_bnc_coca+bnc_coca_band_8k+grade_estimate_11+general_or_nonacademic
posh,7682,427,11,0,n,tier3_bnc_coca+bnc_coca_band_8k+grade_estimate_11+general_or_nonacademic
posit,7683,208,11,0,v,tier3_bnc_coca+bnc_coca_band_8k+grade_estimate_11+general_or_nonacademic
posterior,7684,204,11,0,n,tier3_bnc_coca+bnc_coca_band_8k+grade_estimate_11+general_or_nonacademic
pounce,7686,335,11,0,n,tier3_bnc_coca+bnc_coca_band_8k+grade_estimate_11+general_or_nonacademic
pout,7687,246,11,0,v,tier3_bnc_coca+bnc_coca_band_8k+grade_estimate_11+general_or_nonacademic
practicable,7688,787,11,0,adj,tier3_bnc_coca+bnc_coca_band_8k+grade_estimate_11+general_or_nonacademic
precondition,7689,307,11,0,v,tier3_bnc_coca+bnc_coca_band_8k+grade_estimate_11+general_or_nonacademic
predetermine,7690,252,11,0,n,tier3_bnc_coca+bnc_coca_band_8k+grade_estimate_11+general_or_nonacademic
pretension,7691,293,11,0,n,tier3_bnc_coca+bnc_coca_band_8k+grade_estimate_11+general_or_nonacademic
pretentious,7692,286,11,0,adj,tier3_bnc_coca+bnc_coca_band_8k+grade_estimate_11+general_or_nonacademic
primal,7693,271,11,0,adj,tier3_bnc_coca+bnc_coca_band_8k+grade_estimate_11+general_or_nonacademic
privy,7694,536,11,0,n,tier3_bnc_coca+bnc_coca_band_8k+grade_estimate_11+general_or_nonacademic
proactive,7695,191,11,0,adj,tier3_bnc_coca+bnc_coca_band_8k+grade_estimate_11+general_or_nonacademic
prognosis,7696,262,11,1,n,tier3_bnc_coca+bnc_coca_band_8k+grade_estimate_11+academic_suffix
projector,7697,245,11,0,n,tier3_bnc_coca+bnc_coca_band_8k+grade_estimate_11+general_or_nonacademic
promenade,7698,463,11,0,n,tier3_bnc_coca+bnc_coca_band_8k+grade_estimate_11+general_or_nonacademic
promulgate,7699,261,11,0,v,tier3_bnc_coca+bnc_coca_band_8k+grade_estimate_11+general_or_nonacademic
pronoun,7700,480,11,1,n,tier3_bnc_coca+bnc_coca_band_8k+grade_estimate_11+academic_exact
prophetic,7701,189,11,0,adj,tier3_bnc_coca+bnc_coca_band_8k+grade_estimate_11+general_or_nonacademic
prowess,7702,280,11,0,n,tier3_bnc_coca+bnc_coca_band_8k+grade_estimate_11+general_or_nonacademic
prowl,7703,273,11,0,v,tier3_bnc_coca+bnc_coca_band_8k+grade_estimate_11+general_or_nonacademic
proximal,7704,568,11,0,adj,tier3_bnc_coca+bnc_coca_band_8k+grade_estimate_11+general_or_nonacademic
psychoanalytic,7705,290,11,0,adj,tier3_bnc_coca+bnc_coca_band_8k+grade_estimate_11+general_or_nonacademic
psychotherapy,7706,201,11,0,n,tier3_bnc_coca+bnc_coca_band_8k+grade_estimate_11+general_or_nonacademic
pulmonary,7707,237,11,0,n,tier3_bnc_coca+bnc_coca_band_8k+grade_estimate_11+general_or_nonacademic
pun,7709,222,11,0,n,tier3_bnc_coca+bnc_coca_band_8k+grade_estimate_11+general_or_nonacademic
pundit,7710,202,11,0,n,tier3_bnc_coca+bnc_coca_band_8k+grade_estimate_11+general_or_nonacademic
pungent,7711,211,11,0,adj,tier3_bnc_coca+bnc_coca_band_8k+grade_estimate_11+general_or_nonacademic
punt,7712,220,11,0,v,tier3_bnc_coca+bnc_coca_band_8k+grade_estimate_11+general_or_nonacademic
purr,7713,290,11,0,v,tier3_bnc_coca+bnc_coca_band_8k+grade_estimate_11+general_or_nonacademic
puss,7714,247,11,0,n,tier3_bnc_coca+bnc_coca_band_8k+grade_estimate_11+general_or_nonacademic
pylori,7715,1204,11,0,n,tier3_bnc_coca+bnc_coca_band_8k+grade_estimate_11+general_or_nonacademic
quail,7717,203,11,0,v,tier3_bnc_coca+bnc_coca_band_8k+grade_estimate_11+general_or_nonacademic
quarterback,7718,64,11,0,n,tier3_bnc_coca+bnc_coca_band_8k+grade_estimate_11+general_or_nonacademic
quell,7719,233,11,0,v,tier3_bnc_coca+bnc_coca_band_8k+grade_estimate_11+general_or_nonacademic
quid,7720,1508,11,0,n,tier3_bnc_coca+bnc_coca_band_8k+grade_estimate_11+general_or_nonacademic
quip,7721,191,11,0,n,tier3_bnc_coca+bnc_coca_band_8k+grade_estimate_11+general_or_nonacademic
radial,7722,457,11,0,adj,tier3_bnc_coca+bnc_coca_band_8k+grade_estimate_11+general_or_nonacademic
radiology,7723,263,11,1,n,tier3_bnc_coca+bnc_coca_band_8k+grade_estimate_11+academic_suffix
rafter,7724,191,11,0,n,tier3_bnc_coca+bnc_coca_band_8k+grade_estimate_11+general_or_nonacademic
raisin,7725,177,11,0,n,tier3_bnc_coca+bnc_coca_band_8k+grade_estimate_11+general_or_nonacademic
ramification,7726,152,11,1,n,tier3_bnc_coca+bnc_coca_band_8k+grade_estimate_11+academic_tion
rant,7727,266,11,0,v,tier3_bnc_coca+bnc_coca_band_8k+grade_estimate_11+general_or_nonacademic
rapport,7728,297,11,0,n,tier3_bnc_coca+bnc_coca_band_8k+grade_estimate_11+general_or_nonacademic
readership,7729,365,11,0,n,tier3_bnc_coca+bnc_coca_band_8k+grade_estimate_11+general_or_nonacademic
realign,7730,273,11,0,v,tier3_bnc_coca+bnc_coca_band_8k+grade_estimate_11+general_or_nonacademic
reassert,7731,324,11,0,v,tier3_bnc_coca+bnc_coca_band_8k+grade_estimate_11+general_or_nonacademic
rebuke,7732,351,11,0,n,tier3_bnc_coca+bnc_coca_band_8k+grade_estimate_11+general_or_nonacademic
recharge,7733,254,11,0,n,tier3_bnc_coca+bnc_coca_band_8k+grade_estimate_11+general_or_nonacademic
recline,7734,176,11,0,n,tier3_bnc_coca+bnc_coca_band_8k+grade_estimate_11+general_or_nonacademic
reconnaissance,7735,308,11,0,n,tier3_bnc_coca+bnc_coca_band_8k+grade_estimate_11+general_or_nonacademic
reconstitute,7736,332,11,0,n,tier3_bnc_coca+bnc_coca_band_8k+grade_estimate_11+general_or_nonacademic
rector,7737,517,11,0,n,tier3_bnc_coca+bnc_coca_band_8k+grade_estimate_11+general_or_nonacademic
refract,7738,206,11,0,v,tier3_bnc_coca+bnc_coca_band_8k+grade_estimate_11+general_or_nonacademic
registrar,7739,774,11,0,n,tier3_bnc_coca+bnc_coca_band_8k+grade_estimate_11+general_or_nonacademic
relativity,7740,305,11,0,n,tier3_bnc_coca+bnc_coca_band_8k+grade_estimate_11+general_or_nonacademic
relive,7741,224,11,0,adj,tier3_bnc_coca+bnc_coca_band_8k+grade_estimate_11+general_or_nonacademic
remission,7742,375,11,0,n,tier3_bnc_coca+bnc_coca_band_8k+grade_estimate_11+general_or_nonacademic
remodel,7743,177,11,0,v,tier3_bnc_coca+bnc_coca_band_8k+grade_estimate_11+general_or_nonacademic
rendezvous,7744,263,11,0,adj,tier3_bnc_coca+bnc_coca_band_8k+grade_estimate_11+general_or_nonacademic
replenish,7745,235,11,0,v,tier3_bnc_coca+bnc_coca_band_8k+grade_estimate_11+general_or_nonacademic
reprimand,7746,272,11,0,v,tier3_bnc_coca+bnc_coca_band_8k+grade_estimate_11+general_or_nonacademic
reputable,7747,269,11,0,adj,tier3_bnc_coca+bnc_coca_band_8k+grade_estimate_11+general_or_nonacademic
reset,7748,262,11,0,n,tier3_bnc_coca+bnc_coca_band_8k+grade_estimate_11+general_or_nonacademic
resonate,7749,145,11,0,v,tier3_bnc_coca+bnc_coca_band_8k+grade_estimate_11+general_or_nonacademic
resound,7750,292,11,0,v,tier3_bnc_coca+bnc_coca_band_8k+grade_estimate_11+general_or_nonacademic
respectability,7751,325,11,0,n,tier3_bnc_coca+bnc_coca_band_8k+grade_estimate_11+general_or_nonacademic
restate,7752,378,11,0,v,tier3_bnc_coca+bnc_coca_band_8k+grade_estimate_11+general_or_nonacademic
reticence,7753,246,11,0,n,tier3_bnc_coca+bnc_coca_band_8k+grade_estimate_11+general_or_nonacademic
retribution,7754,299,11,0,n,tier3_bnc_coca+bnc_coca_band_8k+grade_estimate_11+general_or_nonacademic
revamp,7755,256,11,0,v,tier3_bnc_coca+bnc_coca_band_8k+grade_estimate_11+general_or_nonacademic
revolver,7756,243,11,0,n,tier3_bnc_coca+bnc_coca_band_8k+grade_estimate_11+general_or_nonacademic
rhino,7757,331,11,0,n,tier3_bnc_coca+bnc_coca_band_8k+grade_estimate_11+general_or_nonacademic
rind,7758,238,11,0,n,tier3_bnc_coca+bnc_coca_band_8k+grade_estimate_11+general_or_nonacademic
rink,7759,179,11,0,n,tier3_bnc_coca+bnc_coca_band_8k+grade_estimate_11+general_or_nonacademic
romp,7760,257,11,0,v,tier3_bnc_coca+bnc_coca_band_8k+grade_estimate_11+general_or_nonacademic
rookie,7761,76,11,0,n,tier3_bnc_coca+bnc_coca_band_8k+grade_estimate_11+general_or_nonacademic
roster,7762,116,11,0,n,tier3_bnc_coca+bnc_coca_band_8k+grade_estimate_11+general_or_nonacademic
rotary,7763,317,11,0,n,tier3_bnc_coca+bnc_coca_band_8k+grade_estimate_11+general_or_nonacademic
roundabout,7764,688,11,0,n,tier3_bnc_coca+bnc_coca_band_8k+grade_estimate_11+general_or_nonacademic
rudder,7765,348,11,0,n,tier3_bnc_coca+bnc_coca_band_8k+grade_estimate_11+general_or_nonacademic
rummage,7766,258,11,0,n,tier3_bnc_coca+bnc_coca_band_8k+grade_estimate_11+general_or_nonacademic
rut,7767,169,11,0,n,tier3_bnc_coca+bnc_coca_band_8k+grade_estimate_11+general_or_nonacademic
sabbath,7768,301,11,0,n,tier3_bnc_coca+bnc_coca_band_8k+grade_estimate_11+general_or_nonacademic
sabine,7769,504,11,0,n,tier3_bnc_coca+bnc_coca_band_8k+grade_estimate_11+general_or_nonacademic
sadist,7770,282,11,0,n,tier3_bnc_coca+bnc_coca_band_8k+grade_estimate_11+general_or_nonacademic
safari,7771,254,11,0,n,tier3_bnc_coca+bnc_coca_band_8k+grade_estimate_11+general_or_nonacademic
sanitary,7772,343,11,0,n,tier3_bnc_coca+bnc_coca_band_8k+grade_estimate_11+general_or_nonacademic
sanitation,7773,160,11,1,n,tier3_bnc_coca+bnc_coca_band_8k+grade_estimate_11+academic_tion
sarcasm,7774,275,11,0,n,tier3_bnc_coca+bnc_coca_band_8k+grade_estimate_11+general_or_nonacademic
satan,7775,637,11,0,n,tier3_bnc_coca+bnc_coca_band_8k+grade_estimate_11+general_or_nonacademic
savannah,7776,140,11,0,n,tier3_bnc_coca+bnc_coca_band_8k+grade_estimate_11+general_or_nonacademic
scallop,7777,184,11,0,v,tier3_bnc_coca+bnc_coca_band_8k+grade_estimate_11+general_or_nonacademic
scapegoat,7778,228,11,0,n,tier3_bnc_coca+bnc_coca_band_8k+grade_estimate_11+general_or_nonacademic
scavenge,7779,275,11,0,n,tier3_bnc_coca+bnc_coca_band_8k+grade_estimate_11+general_or_nonacademic
scoff,7780,201,11,0,v,tier3_bnc_coca+bnc_coca_band_8k+grade_estimate_11+general_or_nonacademic
scoot,7781,158,11,0,v,tier3_bnc_coca+bnc_coca_band_8k+grade_estimate_11+general_or_nonacademic
screenplay,7782,158,11,0,n,tier3_bnc_coca+bnc_coca_band_8k+grade_estimate_11+general_or_nonacademic
scribe,7783,300,11,0,n,tier3_bnc_coca+bnc_coca_band_8k+grade_estimate_11+general_or_nonacademic
scruff,7784,337,11,0,n,tier3_bnc_coca+bnc_coca_band_8k+grade_estimate_11+general_or_nonacademic
scuttle,7785,313,11,0,n,tier3_bnc_coca+bnc_coca_band_8k+grade_estimate_11+general_or_nonacademic
secession,7786,305,11,0,n,tier3_bnc_coca+bnc_coca_band_8k+grade_estimate_11+general_or_nonacademic
secretariat,7787,444,11,0,n,tier3_bnc_coca+bnc_coca_band_8k+grade_estimate_11+general_or_nonacademic
seethe,7788,261,11,0,n,tier3_bnc_coca+bnc_coca_band_8k+grade_estimate_11+general_or_nonacademic
seminal,7789,207,11,0,adj,tier3_bnc_coca+bnc_coca_band_8k+grade_estimate_11+general_or_nonacademic
serpent,7790,330,11,0,n,tier3_bnc_coca+bnc_coca_band_8k+grade_estimate_11+general_or_nonacademic
shale,7791,307,11,0,n,tier3_bnc_coca+bnc_coca_band_8k+grade_estimate_11+general_or_nonacademic
shallot,7792,214,11,0,n,tier3_bnc_coca+bnc_coca_band_8k+grade_estimate_11+general_or_nonacademic
sham,7793,266,11,0,n,tier3_bnc_coca+bnc_coca_band_8k+grade_estimate_11+general_or_nonacademic
shaman,7794,245,11,0,n,tier3_bnc_coca+bnc_coca_band_8k+grade_estimate_11+general_or_nonacademic
shamble,7795,308,11,0,n,tier3_bnc_coca+bnc_coca_band_8k+grade_estimate_11+general_or_nonacademic
shawl,7796,303,11,0,n,tier3_bnc_coca+bnc_coca_band_8k+grade_estimate_11+general_or_nonacademic
sheikh,7797,356,11,0,n,tier3_bnc_coca+bnc_coca_band_8k+grade_estimate_11+general_or_nonacademic
shilling,7798,1161,11,0,v,tier3_bnc_coca+bnc_coca_band_8k+grade_estimate_11+general_or_nonacademic
shin,7799,296,11,0,n,tier3_bnc_coca+bnc_coca_band_8k+grade_estimate_11+general_or_nonacademic
shoal,7800,393,11,0,v,tier3_bnc_coca+bnc_coca_band_8k+grade_estimate_11+general_or_nonacademic
shorthand,7801,317,11,0,n,tier3_bnc_coca+bnc_coca_band_8k+grade_estimate_11+general_or_nonacademic
showbiz,7802,172,11,0,n,tier3_bnc_coca+bnc_coca_band_8k+grade_estimate_11+general_or_nonacademic
showdown,7803,231,11,0,n,tier3_bnc_coca+bnc_coca_band_8k+grade_estimate_11+general_or_nonacademic
shunt,7804,378,11,0,v,tier3_bnc_coca+bnc_coca_band_8k+grade_estimate_11+general_or_nonacademic
sigma,7805,257,11,0,n,tier3_bnc_coca+bnc_coca_band_8k+grade_estimate_11+general_or_nonacademic
sill,7806,375,11,0,n,tier3_bnc_coca+bnc_coca_band_8k+grade_estimate_11+general_or_nonacademic
silt,7807,336,11,0,v,tier3_bnc_coca+bnc_coca_band_8k+grade_estimate_11+general_or_nonacademic
sinus,7808,125,11,0,n,tier3_bnc_coca+bnc_coca_band_8k+grade_estimate_11+general_or_nonacademic
sizzle,7809,209,11,0,n,tier3_bnc_coca+bnc_coca_band_8k+grade_estimate_11+general_or_nonacademic
skeletal,7810,295,11,0,adj,tier3_bnc_coca+bnc_coca_band_8k+grade_estimate_11+general_or_nonacademic
skew,7811,195,11,0,v,tier3_bnc_coca+bnc_coca_band_8k+grade_estimate_11+general_or_nonacademic
skirmish,7812,280,11,0,v,tier3_bnc_coca+bnc_coca_band_8k+grade_estimate_11+general_or_nonacademic
skirted,7813,346,11,0,n,tier3_bnc_coca+bnc_coca_band_8k+grade_estimate_11+general_or_nonacademic
slang,7814,262,11,0,v,tier3_bnc_coca+bnc_coca_band_8k+grade_estimate_11+general_or_nonacademic
slither,7815,306,11,0,v,tier3_bnc_coca+bnc_coca_band_8k+grade_estimate_11+general_or_nonacademic
sliver,7816,203,11,0,n,tier3_bnc_coca+bnc_coca_band_8k+grade_estimate_11+general_or_nonacademic
sludge,7817,227,11,0,n,tier3_bnc_coca+bnc_coca_band_8k+grade_estimate_11+general_or_nonacademic
slur,7818,275,11,0,n,tier3_bnc_coca+bnc_coca_band_8k+grade_estimate_11+general_or_nonacademic
smirk,7819,218,11,0,v,tier3_bnc_coca+bnc_coca_band_8k+grade_estimate_11+general_or_nonacademic
smoulder,7820,288,11,0,v,tier3_bnc_coca+bnc_coca_band_8k+grade_estimate_11+general_or_nonacademic
smudge,7821,229,11,0,n,tier3_bnc_coca+bnc_coca_band_8k+grade_estimate_11+general_or_nonacademic
snare,7822,255,11,0,n,tier3_bnc_coca+bnc_coca_band_8k+grade_estimate_11+general_or_nonacademic
snip,7824,261,11,0,n,tier3_bnc_coca+bnc_coca_band_8k+grade_estimate_11+general_or_nonacademic
snuff,7825,268,11,0,v,tier3_bnc_coca+bnc_coca_band_8k+grade_estimate_11+general_or_nonacademic
soiled,7826,289,11,0,n,tier3_bnc_coca+bnc_coca_band_8k+grade_estimate_11+general_or_nonacademic
soles,7827,287,11,0,n,tier3_bnc_coca+bnc_coca_band_8k+grade_estimate_11+general_or_nonacademic
sonnet,7828,387,11,0,n,tier3_bnc_coca+bnc_coca_band_8k+grade_estimate_11+general_or_nonacademic
soot,7829,386,11,0,n,tier3_bnc_coca+bnc_coca_band_8k+grade_estimate_11+general_or_nonacademic
soprano,7830,245,11,0,n,tier3_bnc_coca+bnc_coca_band_8k+grade_estimate_11+general_or_nonacademic
sorcerer,7831,242,11,0,n,tier3_bnc_coca+bnc_coca_band_8k+grade_estimate_11+general_or_nonacademic
soy,7832,110,11,0,n,tier3_bnc_coca+bnc_coca_band_8k+grade_estimate_11+general_or_nonacademic
spar,7833,478,11,0,n,tier3_bnc_coca+bnc_coca_band_8k+grade_estimate_11+general_or_nonacademic
spasm,7834,289,11,0,n,tier3_bnc_coca+bnc_coca_band_8k+grade_estimate_11+general_or_nonacademic
spate,7835,330,11,0,v,tier3_bnc_coca+bnc_coca_band_8k+grade_estimate_11+general_or_nonacademic
speck,7836,179,11,0,n,tier3_bnc_coca+bnc_coca_band_8k+grade_estimate_11+general_or_nonacademic
spectra,7837,359,11,0,n,tier3_bnc_coca+bnc_coca_band_8k+grade_estimate_11+general_or_nonacademic
spire,7838,435,11,0,n,tier3_bnc_coca+bnc_coca_band_8k+grade_estimate_11+general_or_nonacademic
spore,7839,201,11,0,n,tier3_bnc_coca+bnc_coca_band_8k+grade_estimate_11+general_or_nonacademic
spout,7840,237,11,0,v,tier3_bnc_coca+bnc_coca_band_8k+grade_estimate_11+general_or_nonacademic
spree,7841,200,11,0,n,tier3_bnc_coca+bnc_coca_band_8k+grade_estimate_11+general_or_nonacademic
sprig,7842,167,11,0,n,tier3_bnc_coca+bnc_coca_band_8k+grade_estimate_11+general_or_nonacademic
spruce,7843,326,11,0,adj,tier3_bnc_coca+bnc_coca_band_8k+grade_estimate_11+general_or_nonacademic
spurt,7844,246,11,0,v,tier3_bnc_coca+bnc_coca_band_8k+grade_estimate_11+general_or_nonacademic
squabble,7845,286,11,0,n,tier3_bnc_coca+bnc_coca_band_8k+grade_estimate_11+general_or_nonacademic
squander,7846,220,11,0,v,tier3_bnc_coca+bnc_coca_band_8k+grade_estimate_11+general_or_nonacademic
squid,7847,178,11,0,n,tier3_bnc_coca+bnc_coca_band_8k+grade_estimate_11+general_or_nonacademic
squire,7848,482,11,0,n,tier3_bnc_coca+bnc_coca_band_8k+grade_estimate_11+general_or_nonacademic
stagnant,7850,225,11,0,adj,tier3_bnc_coca+bnc_coca_band_8k+grade_estimate_11+general_or_nonacademic
stagnate,7851,267,11,0,v,tier3_bnc_coca+bnc_coca_band_8k+grade_estimate_11+general_or_nonacademic
stallion,7852,310,11,0,n,tier3_bnc_coca+bnc_coca_band_8k+grade_estimate_11+general_or_nonacademic
stamina,7853,372,11,0,n,tier3_bnc_coca+bnc_coca_band_8k+grade_estimate_11+general_or_nonacademic
stammer,7854,253,11,0,v,tier3_bnc_coca+bnc_coca_band_8k+grade_estimate_11+general_or_nonacademic
starling,7855,187,11,0,n,tier3_bnc_coca+bnc_coca_band_8k+grade_estimate_11+general_or_nonacademic
stationer,7856,451,11,0,n,tier3_bnc_coca+bnc_coca_band_8k+grade_estimate_11+general_or_nonacademic
stave,7857,269,11,0,n,tier3_bnc_coca+bnc_coca_band_8k+grade_estimate_11+general_or_nonacademic
steamer,7858,320,11,0,n,tier3_bnc_coca+bnc_coca_band_8k+grade_estimate_11+general_or_nonacademic
stench,7859,263,11,0,n,tier3_bnc_coca+bnc_coca_band_8k+grade_estimate_11+general_or_nonacademic
stockbroker,7860,473,11,0,n,tier3_bnc_coca+bnc_coca_band_8k+grade_estimate_11+general_or_nonacademic
stockpile,7861,218,11,0,n,tier3_bnc_coca+bnc_coca_band_8k+grade_estimate_11+general_or_nonacademic
stocky,7862,408,11,0,n,tier3_bnc_coca+bnc_coca_band_8k+grade_estimate_11+general_or_nonacademic
stoic,7863,166,11,0,adj,tier3_bnc_coca+bnc_coca_band_8k+grade_estimate_11+general_or_nonacademic
stomp,7864,136,11,0,v,tier3_bnc_coca+bnc_coca_band_8k+grade_estimate_11+general_or_nonacademic
storey,7865,1266,11,0,v,tier3_bnc_coca+bnc_coca_band_8k+grade_estimate_11+general_or_nonacademic
stow,7866,322,11,0,v,tier3_bnc_coca+bnc_coca_band_8k+grade_estimate_11+general_or_nonacademic
straddle,7867,242,11,0,n,tier3_bnc_coca+bnc_coca_band_8k+grade_estimate_11+general_or_nonacademic
straggle,7868,286,11,0,n,tier3_bnc_coca+bnc_coca_band_8k+grade_estimate_11+general_or_nonacademic
strata,7869,405,11,0,n,tier3_bnc_coca+bnc_coca_band_8k+grade_estimate_11+general_or_nonacademic
stricken,7871,542,11,0,v,tier3_bnc_coca+bnc_coca_band_8k+grade_estimate_11+general_or_nonacademic
strife,7872,306,11,0,n,tier3_bnc_coca+bnc_coca_band_8k+grade_estimate_11+general_or_nonacademic
stutter,7873,165,11,0,v,tier3_bnc_coca+bnc_coca_band_8k+grade_estimate_11+general_or_nonacademic
subcontract,7874,367,11,0,v,tier3_bnc_coca+bnc_coca_band_8k+grade_estimate_11+general_or_nonacademic
subtitle,7875,189,11,0,n,tier3_bnc_coca+bnc_coca_band_8k+grade_estimate_11+general_or_nonacademic
succinct,7876,300,11,0,adj,tier3_bnc_coca+bnc_coca_band_8k+grade_estimate_11+general_or_nonacademic
sucker,7877,213,11,0,n,tier3_bnc_coca+bnc_coca_band_8k+grade_estimate_11+general_or_nonacademic
sulk,7879,375,11,0,v,tier3_bnc_coca+bnc_coca_band_8k+grade_estimate_11+general_or_nonacademic
sullen,7880,293,11,0,adj,tier3_bnc_coca+bnc_coca_band_8k+grade_estimate_11+general_or_nonacademic
sumptuous,7881,263,11,0,adj,tier3_bnc_coca+bnc_coca_band_8k+grade_estimate_11+general_or_nonacademic
superimpose,7882,367,11,0,n,tier3_bnc_coca+bnc_coca_band_8k+grade_estimate_11+general_or_nonacademic
superstition,7883,298,11,0,n,tier3_bnc_coca+bnc_coca_band_8k+grade_estimate_11+general_or_nonacademic
supplant,7884,204,11,0,v,tier3_bnc_coca+bnc_coca_band_8k+grade_estimate_11+general_or_nonacademic
supple,7885,266,11,0,n,tier3_bnc_coca+bnc_coca_band_8k+grade_estimate_11+general_or_nonacademic
surname,7886,431,11,0,n,tier3_bnc_coca+bnc_coca_band_8k+grade_estimate_11+general_or_nonacademic
suspense,7887,212,11,0,n,tier3_bnc_coca+bnc_coca_band_8k+grade_estimate_11+general_or_nonacademic
sweatshirt,7888,165,11,0,n,tier3_bnc_coca+bnc_coca_band_8k+grade_estimate_11+general_or_nonacademic
swine,7889,260,11,0,n,tier3_bnc_coca+bnc_coca_band_8k+grade_estimate_11+general_or_nonacademic
swish,7890,223,11,0,v,tier3_bnc_coca+bnc_coca_band_8k+grade_estimate_11+general_or_nonacademic
synagogue,7891,178,11,0,n,tier3_bnc_coca+bnc_coca_band_8k+grade_estimate_11+general_or_nonacademic
tableau,7894,275,11,0,n,tier3_bnc_coca+bnc_coca_band_8k+grade_estimate_11+general_or_nonacademic
tamper,7895,288,11,0,v,tier3_bnc_coca+bnc_coca_band_8k+grade_estimate_11+general_or_nonacademic
tandem,7896,302,11,0,n,tier3_bnc_coca+bnc_coca_band_8k+grade_estimate_11+general_or_nonacademic
tang,7897,224,11,0,n,tier3_bnc_coca+bnc_coca_band_8k+grade_estimate_11+general_or_nonacademic
tantrum,7898,343,11,0,n,tier3_bnc_coca+bnc_coca_band_8k+grade_estimate_11+general_or_nonacademic
tarmac,7899,397,11,0,n,tier3_bnc_coca+bnc_coca_band_8k+grade_estimate_11+general_or_nonacademic
tarnish,7900,199,11,0,v,tier3_bnc_coca+bnc_coca_band_8k+grade_estimate_11+general_or_nonacademic
telegram,7901,372,11,0,n,tier3_bnc_coca+bnc_coca_band_8k+grade_estimate_11+general_or_nonacademic
tenuous,7902,263,11,0,adj,tier3_bnc_coca+bnc_coca_band_8k+grade_estimate_11+general_or_nonacademic
termite,7903,174,11,0,n,tier3_bnc_coca+bnc_coca_band_8k+grade_estimate_11+general_or_nonacademic
tether,7904,262,11,0,v,tier3_bnc_coca+bnc_coca_band_8k+grade_estimate_11+general_or_nonacademic
thatch,7905,452,11,0,v,tier3_bnc_coca+bnc_coca_band_8k+grade_estimate_11+general_or_nonacademic
therein,7907,350,11,0,n,tier3_bnc_coca+bnc_coca_band_8k+grade_estimate_11+general_or_nonacademic
thicket,7909,204,11,0,n,tier3_bnc_coca+bnc_coca_band_8k+grade_estimate_11+general_or_nonacademic
thrall,7910,273,11,0,v,tier3_bnc_coca+bnc_coca_band_8k+grade_estimate_11+general_or_nonacademic
threesome,7911,232,11,0,n,tier3_bnc_coca+bnc_coca_band_8k+grade_estimate_11+general_or_nonacademic
thyme,7912,171,11,0,n,tier3_bnc_coca+bnc_coca_band_8k+grade_estimate_11+general_or_nonacademic
thyroid,7913,153,11,0,n,tier3_bnc_coca+bnc_coca_band_8k+grade_estimate_11+general_or_nonacademic
topography,7914,280,11,1,n,tier3_bnc_coca+bnc_coca_band_8k+grade_estimate_11+academic_suffix
torpedo,7915,256,11,0,v,tier3_bnc_coca+bnc_coca_band_8k+grade_estimate_11+general_or_nonacademic
totalitarian,7917,225,11,0,n,tier3_bnc_coca+bnc_coca_band_8k+grade_estimate_11+general_or_nonacademic
traction,7918,247,11,0,n,tier3_bnc_coca+bnc_coca_band_8k+grade_estimate_11+general_or_nonacademic
trance,7919,236,11,0,n,tier3_bnc_coca+bnc_coca_band_8k+grade_estimate_11+general_or_nonacademic
transistor,7921,377,11,0,n,tier3_bnc_coca+bnc_coca_band_8k+grade_estimate_11+general_or_nonacademic
translucent,7922,229,11,0,adj,tier3_bnc_coca+bnc_coca_band_8k+grade_estimate_11+general_or_nonacademic
transpire,7923,291,11,0,n,tier3_bnc_coca+bnc_coca_band_8k+grade_estimate_11+general_or_nonacademic
treatise,7924,283,11,0,v,tier3_bnc_coca+bnc_coca_band_8k+grade_estimate_11+general_or_nonacademic
treble,7925,597,11,0,n,tier3_bnc_coca+bnc_coca_band_8k+grade_estimate_11+general_or_nonacademic
trifle,7927,425,11,0,n,tier3_bnc_coca+bnc_coca_band_8k+grade_estimate_11+general_or_nonacademic
troll,7928,207,11,0,n,tier3_bnc_coca+bnc_coca_band_8k+grade_estimate_11+general_or_nonacademic
troupe,7929,236,11,0,n,tier3_bnc_coca+bnc_coca_band_8k+grade_estimate_11+general_or_nonacademic
trustworthy,7930,229,11,0,n,tier3_bnc_coca+bnc_coca_band_8k+grade_estimate_11+general_or_nonacademic
tummy,7931,426,11,0,n,tier3_bnc_coca+bnc_coca_band_8k+grade_estimate_11+general_or_nonacademic
tumult,7932,184,11,0,n,tier3_bnc_coca+bnc_coca_band_8k+grade_estimate_11+general_or_nonacademic
tunic,7934,324,11,0,adj,tier3_bnc_coca+bnc_coca_band_8k+grade_estimate_11+general_or_nonacademic
turquoise,7935,220,11,0,v,tier3_bnc_coca+bnc_coca_band_8k+grade_estimate_11+general_or_nonacademic
turret,7936,256,11,0,v,tier3_bnc_coca+bnc_coca_band_8k+grade_estimate_11+general_or_nonacademic
tweak,7937,152,11,0,v,tier3_bnc_coca+bnc_coca_band_8k+grade_estimate_11+general_or_nonacademic
twirl,7938,177,11,0,v,tier3_bnc_coca+bnc_coca_band_8k+grade_estimate_11+general_or_nonacademic
typify,7939,291,11,0,v,tier3_bnc_coca+bnc_coca_band_8k+grade_estimate_11+general_or_nonacademic
tyrant,7940,271,11,0,n,tier3_bnc_coca+bnc_coca_band_8k+grade_estimate_11+general_or_nonacademic
tyre,7941,1402,11,0,n,tier3_bnc_coca+bnc_coca_band_8k+grade_estimate_11+general_or_nonacademic
ultra,7942,951,11,0,n,tier3_bnc_coca+bnc_coca_band_8k+grade_estimate_11+general_or_nonacademic
underscore,7944,91,11,0,n,tier3_bnc_coca+bnc_coca_band_8k+grade_estimate_11+general_or_nonacademic
undulate,7945,266,11,0,v,tier3_bnc_coca+bnc_coca_band_8k+grade_estimate_11+general_or_nonacademic
unearth,7946,273,11,0,v,tier3_bnc_coca+bnc_coca_band_8k+grade_estimate_11+general_or_nonacademic
unitary,7947,424,11,0,n,tier3_bnc_coca+bnc_coca_band_8k+grade_estimate_11+general_or_nonacademic
unruly,7948,192,11,0,adv,tier3_bnc_coca+bnc_coca_band_8k+grade_estimate_11+general_or_nonacademic
upcoming,7949,81,11,0,n,tier3_bnc_coca+bnc_coca_band_8k+grade_estimate_11+general_or_nonacademic
uproar,7950,276,11,0,n,tier3_bnc_coca+bnc_coca_band_8k+grade_estimate_11+general_or_nonacademic
uproot,7951,208,11,0,v,tier3_bnc_coca+bnc_coca_band_8k+grade_estimate_11+general_or_nonacademic
upturn,7952,434,11,0,v,tier3_bnc_coca+bnc_coca_band_8k+grade_estimate_11+general_or_nonacademic
urn,7953,237,11,0,n,tier3_bnc_coca+bnc_coca_band_8k+grade_estimate_11+general_or_nonacademic
usurp,7954,341,11,0,v,tier3_bnc_coca+bnc_coca_band_8k+grade_estimate_11+general_or_nonacademic
vacate,7955,255,11,0,v,tier3_bnc_coca+bnc_coca_band_8k+grade_estimate_11+general_or_nonacademic
vale,7956,716,11,0,n,tier3_bnc_coca+bnc_coca_band_8k+grade_estimate_11+general_or_nonacademic
vascular,7957,299,11,0,n,tier3_bnc_coca+bnc_coca_band_8k+grade_estimate_11+general_or_nonacademic
vaulting,7958,340,11,0,n,tier3_bnc_coca+bnc_coca_band_8k+grade_estimate_11+general_or_nonacademic
veneer,7959,273,11,0,v,tier3_bnc_coca+bnc_coca_band_8k+grade_estimate_11+general_or_nonacademic
venerable,7960,186,11,0,adj,tier3_bnc_coca+bnc_coca_band_8k+grade_estimate_11+general_or_nonacademic
veranda,7961,328,11,0,n,tier3_bnc_coca+bnc_coca_band_8k+grade_estimate_11+general_or_nonacademic
vernacular,7962,326,11,0,n,tier3_bnc_coca+bnc_coca_band_8k+grade_estimate_11+general_or_nonacademic
vertebrate,7963,299,11,0,v,tier3_bnc_coca+bnc_coca_band_8k+grade_estimate_11+general_or_nonacademic
vex,7964,314,11,0,v,tier3_bnc_coca+bnc_coca_band_8k+grade_estimate_11+general_or_nonacademic
vial,7965,189,11,0,adj,tier3_bnc_coca+bnc_coca_band_8k+grade_estimate_11+general_or_nonacademic
vibe,7966,217,11,0,n,tier3_bnc_coca+bnc_coca_band_8k+grade_estimate_11+general_or_nonacademic
vicar,7967,990,11,0,n,tier3_bnc_coca+bnc_coca_band_8k+grade_estimate_11+general_or_nonacademic
victor,7968,1213,11,0,n,tier3_bnc_coca+bnc_coca_band_8k+grade_estimate_11+general_or_nonacademic
vile,7969,279,11,0,n,tier3_bnc_coca+bnc_coca_band_8k+grade_estimate_11+general_or_nonacademic
viscous,7970,439,11,0,adj,tier3_bnc_coca+bnc_coca_band_8k+grade_estimate_11+general_or_nonacademic
vista,7971,260,11,0,n,tier3_bnc_coca+bnc_coca_band_8k+grade_estimate_11+general_or_nonacademic
volley,7972,378,11,0,v,tier3_bnc_coca+bnc_coca_band_8k+grade_estimate_11+general_or_nonacademic
wad,7974,203,11,0,n,tier3_bnc_coca+bnc_coca_band_8k+grade_estimate_11+general_or_nonacademic
waft,7975,236,11,0,v,tier3_bnc_coca+bnc_coca_band_8k+grade_estimate_11+general_or_nonacademic
waltz,7976,286,11,0,v,tier3_bnc_coca+bnc_coca_band_8k+grade_estimate_11+general_or_nonacademic
wean,7977,287,11,0,v,tier3_bnc_coca+bnc_coca_band_8k+grade_estimate_11+general_or_nonacademic
wharf,7978,397,11,0,n,tier3_bnc_coca+bnc_coca_band_8k+grade_estimate_11+general_or_nonacademic
wheeze,7979,265,11,0,n,tier3_bnc_coca+bnc_coca_band_8k+grade_estimate_11+general_or_nonacademic
whiff,7980,221,11,0,v,tier3_bnc_coca+bnc_coca_band_8k+grade_estimate_11+general_or_nonacademic
whimper,7981,279,11,0,v,tier3_bnc_coca+bnc_coca_band_8k+grade_estimate_11+general_or_nonacademic
whisker,7982,302,11,0,v,tier3_bnc_coca+bnc_coca_band_8k+grade_estimate_11+general_or_nonacademic
whitewash,7983,266,11,0,v,tier3_bnc_coca+bnc_coca_band_8k+grade_estimate_11+general_or_nonacademic
whiz,7984,279,11,0,n,tier3_bnc_coca+bnc_coca_band_8k+grade_estimate_11+general_or_nonacademic
wholesome,7985,243,11,0,adj,tier3_bnc_coca+bnc_coca_band_8k+grade_estimate_11+general_or_nonacademic
wicker,7986,216,11,0,n,tier3_bnc_coca+bnc_coca_band_8k+grade_estimate_11+general_or_nonacademic
wiggle,7987,169,11,0,n,tier3_bnc_coca+bnc_coca_band_8k+grade_estimate_11+general_or_nonacademic
winger,7989,727,11,0,n,tier3_bnc_coca+bnc_coca_band_8k+grade_estimate_11+general_or_nonacademic
wisp,7990,249,11,0,n,tier3_bnc_coca+bnc_coca_band_8k+grade_estimate_11+general_or_nonacademic
wont,7991,193,11,0,v,tier3_bnc_coca+bnc_coca_band_8k+grade_estimate_11+general_or_nonacademic
wrangle,7992,273,11,0,n,tier3_bnc_coca+bnc_coca_band_8k+grade_estimate_11+general_or_nonacademic
wreak,7993,177,11,0,v,tier3_bnc_coca+bnc_coca_band_8k+grade_estimate_11+general_or_nonacademic
writhe,7994,286,11,0,n,tier3_bnc_coca+bnc_coca_band_8k+grade_estimate_11+general_or_nonacademic
yankee,7995,145,11,0,n,tier3_bnc_coca+bnc_coca_band_8k+grade_estimate_11+general_or_nonacademic
yoga,7996,221,11,0,n,tier3_bnc_coca+bnc_coca_band_8k+grade_estimate_11+general_or_nonacademic
yolk,7997,219,11,0,n,tier3_bnc_coca+bnc_coca_band_8k+grade_estimate_11+general_or_nonacademic
yuan,7998,581,11,0,n,tier3_bnc_coca+bnc_coca_band_8k+grade_estimate_11+general_or_nonacademic
zest,7999,192,11,0,n,tier3_bnc_coca+bnc_coca_band_8k+grade_estimate_11+general_or_nonacademic
zion,8000,290,11,0,n,tier3_bnc_coca+bnc_coca_band_8k+grade_estimate_11+general_or_nonacademic
zoology,8001,364,11,1,n,tier3_bnc_coca+bnc_coca_band_8k+grade_estimate_11+academic_exact
abbot,8002,718,11,0,n,tier3_bnc_coca+bnc_coca_band_9k+grade_estimate_11+general_or_nonacademic
abdicate,8003,265,11,0,v,tier3_bnc_coca+bnc_coca_band_9k+grade_estimate_11+general_or_nonacademic
aberration,8004,187,11,0,n,tier3_bnc_coca+bnc_coca_band_9k+grade_estimate_11+general_or_nonacademic
abrasive,8005,259,11,0,adj,tier3_bnc_coca+bnc_coca_band_9k+grade_estimate_11+general_or_nonacademic
abyss,8006,175,11,0,n,tier3_bnc_coca+bnc_coca_band_9k+grade_estimate_11+general_or_nonacademic
academia,8007,103,11,0,n,tier3_bnc_coca+bnc_coca_band_9k+grade_estimate_11+general_or_nonacademic
accede,8008,237,11,0,n,tier3_bnc_coca+bnc_coca_band_9k+grade_estimate_11+general_or_nonacademic
accolade,8009,197,11,0,n,tier3_bnc_coca+bnc_coca_band_9k+grade_estimate_11+general_or_nonacademic
accretion,8010,204,11,0,n,tier3_bnc_coca+bnc_coca_band_9k+grade_estimate_11+general_or_nonacademic
acne,8011,137,11,0,n,tier3_bnc_coca+bnc_coca_band_9k+grade_estimate_11+general_or_nonacademic
acrimony,8012,220,11,0,n,tier3_bnc_coca+bnc_coca_band_9k+grade_estimate_11+general_or_nonacademic
acrobat,8013,168,11,0,n,tier3_bnc_coca+bnc_coca_band_9k+grade_estimate_11+general_or_nonacademic
acronym,8014,132,11,0,n,tier3_bnc_coca+bnc_coca_band_9k+grade_estimate_11+general_or_nonacademic
acupuncture,8015,219,11,0,n,tier3_bnc_coca+bnc_coca_band_9k+grade_estimate_11+general_or_nonacademic
adrenaline,8016,121,11,0,n,tier3_bnc_coca+bnc_coca_band_9k+grade_estimate_11+general_or_nonacademic
adrift,8017,218,11,0,n,tier3_bnc_coca+bnc_coca_band_9k+grade_estimate_11+general_or_nonacademic
aerodynamic,8018,169,11,0,adj,tier3_bnc_coca+bnc_coca_band_9k+grade_estimate_11+general_or_nonacademic
afar,8020,153,11,0,n,tier3_bnc_coca+bnc_coca_band_9k+grade_estimate_11+general_or_nonacademic
affable,8021,176,11,0,adj,tier3_bnc_coca+bnc_coca_band_9k+grade_estimate_11+general_or_nonacademic
affix,8022,179,11,0,v,tier3_bnc_coca+bnc_coca_band_9k+grade_estimate_11+general_or_nonacademic
affluence,8023,207,11,0,n,tier3_bnc_coca+bnc_coca_band_9k+grade_estimate_11+general_or_nonacademic
affront,8024,253,11,0,v,tier3_bnc_coca+bnc_coca_band_9k+grade_estimate_11+general_or_nonacademic
afield,8025,350,11,0,n,tier3_bnc_coca+bnc_coca_band_9k+grade_estimate_11+general_or_nonacademic
aggressor,8026,160,11,0,n,tier3_bnc_coca+bnc_coca_band_9k+grade_estimate_11+general_or_nonacademic
aggrieved,8027,260,11,0,adj,tier3_bnc_coca+bnc_coca_band_9k+grade_estimate_11+general_or_nonacademic
alchemy,8028,177,11,0,n,tier3_bnc_coca+bnc_coca_band_9k+grade_estimate_11+general_or_nonacademic
alcove,8029,179,11,0,n,tier3_bnc_coca+bnc_coca_band_9k+grade_estimate_11+general_or_nonacademic
alibi,8030,186,11,0,n,tier3_bnc_coca+bnc_coca_band_9k+grade_estimate_11+general_or_nonacademic
alkaline,8031,431,11,0,n,tier3_bnc_coca+bnc_coca_band_9k+grade_estimate_11+general_or_nonacademic
allay,8032,219,11,0,v,tier3_bnc_coca+bnc_coca_band_9k+grade_estimate_11+general_or_nonacademic
altruism,8034,195,11,0,n,tier3_bnc_coca+bnc_coca_band_9k+grade_estimate_11+general_or_nonacademic
amble,8035,208,11,0,n,tier3_bnc_coca+bnc_coca_band_9k+grade_estimate_11+general_or_nonacademic
ameliorate,8036,208,11,0,v,tier3_bnc_coca+bnc_coca_band_9k+grade_estimate_11+general_or_nonacademic
amenable,8037,326,11,0,adj,tier3_bnc_coca+bnc_coca_band_9k+grade_estimate_11+general_or_nonacademic
amicable,8038,293,11,0,adj,tier3_bnc_coca+bnc_coca_band_9k+grade_estimate_11+general_or_nonacademic
amorphous,8039,211,11,0,adj,tier3_bnc_coca+bnc_coca_band_9k+grade_estimate_11+general_or_nonacademic
amphitheatre,8040,142,11,0,n,tier3_bnc_coca+bnc_coca_band_9k+grade_estimate_11+general_or_nonacademic
ancillary,8041,379,11,0,n,tier3_bnc_coca+bnc_coca_band_9k+grade_estimate_11+general_or_nonacademic
annals,8042,186,11,0,n,tier3_bnc_coca+bnc_coca_band_9k+grade_estimate_11+general_or_nonacademic
annotate,8043,235,11,0,v,tier3_bnc_coca+bnc_coca_band_9k+grade_estimate_11+general_or_nonacademic
annul,8044,205,11,0,n,tier3_bnc_coca+bnc_coca_band_9k+grade_estimate_11+general_or_nonacademic
anoint,8045,201,11,0,v,tier3_bnc_coca+bnc_coca_band_9k+grade_estimate_11+general_or_nonacademic
antelope,8046,154,11,0,n,tier3_bnc_coca+bnc_coca_band_9k+grade_estimate_11+general_or_nonacademic
antifreeze,8047,11,11,0,n,tier3_bnc_coca+bnc_coca_band_9k+grade_estimate_11+general_or_nonacademic
antler,8048,126,11,0,n,tier3_bnc_coca+bnc_coca_band_9k+grade_estimate_11+general_or_nonacademic
apparel,8049,72,11,0,n,tier3_bnc_coca+bnc_coca_band_9k+grade_estimate_11+general_or_nonacademic
apparition,8050,140,11,0,n,tier3_bnc_coca+bnc_coca_band_9k+grade_estimate_11+general_or_nonacademic
appellate,8051,152,11,0,v,tier3_bnc_coca+bnc_coca_band_9k+grade_estimate_11+general_or_nonacademic
aquifer,8052,173,11,0,n,tier3_bnc_coca+bnc_coca_band_9k+grade_estimate_11+general_or_nonacademic
arable,8053,435,11,0,adj,tier3_bnc_coca+bnc_coca_band_9k+grade_estimate_11+general_or_nonacademic
arbiter,8054,201,11,0,n,tier3_bnc_coca+bnc_coca_band_9k+grade_estimate_11+general_or_nonacademic
aria,8055,335,11,0,n,tier3_bnc_coca+bnc_coca_band_9k+grade_estimate_11+general_or_nonacademic
armament,8056,283,11,0,n,tier3_bnc_coca+bnc_coca_band_9k+grade_estimate_11+general_or_nonacademic
armpit,8057,192,11,0,n,tier3_bnc_coca+bnc_coca_band_9k+grade_estimate_11+general_or_nonacademic
arrears,8058,664,11,0,n,tier3_bnc_coca+bnc_coca_band_9k+grade_estimate_11+general_or_nonacademic
arsenic,8059,153,11,0,adj,tier3_bnc_coca+bnc_coca_band_9k+grade_estimate_11+general_or_nonacademic
artful,8060,122,11,0,adj,tier3_bnc_coca+bnc_coca_band_9k+grade_estimate_11+general_or_nonacademic
artichoke,8061,98,11,0,n,tier3_bnc_coca+bnc_coca_band_9k+grade_estimate_11+general_or_nonacademic
asparagus,8062,114,11,0,n,tier3_bnc_coca+bnc_coca_band_9k+grade_estimate_11+general_or_nonacademic
asphalt,8063,98,11,0,n,tier3_bnc_coca+bnc_coca_band_9k+grade_estimate_11+general_or_nonacademic
atone,8064,190,11,0,n,tier3_bnc_coca+bnc_coca_band_9k+grade_estimate_11+general_or_nonacademic
atrium,8065,146,11,0,n,tier3_bnc_coca+bnc_coca_band_9k+grade_estimate_11+general_or_nonacademic
attrition,8066,99,11,0,n,tier3_bnc_coca+bnc_coca_band_9k+grade_estimate_11+general_or_nonacademic
attune,8067,126,11,0,n,tier3_bnc_coca+bnc_coca_band_9k+grade_estimate_11+general_or_nonacademic
atypical,8068,154,11,0,adj,tier3_bnc_coca+bnc_coca_band_9k+grade_estimate_11+general_or_nonacademic
avocado,8069,131,11,0,n,tier3_bnc_coca+bnc_coca_band_9k+grade_estimate_11+general_or_nonacademic
awash,8070,167,11,0,n,tier3_bnc_coca+bnc_coca_band_9k+grade_estimate_11+general_or_nonacademic
awhile,8071,86,11,0,n,tier3_bnc_coca+bnc_coca_band_9k+grade_estimate_11+general_or_nonacademic
backlog,8073,216,11,0,n,tier3_bnc_coca+bnc_coca_band_9k+grade_estimate_11+general_or_nonacademic
bailiff,8074,348,11,0,n,tier3_bnc_coca+bnc_coca_band_9k+grade_estimate_11+general_or_nonacademic
bandwagon,8075,182,11,0,n,tier3_bnc_coca+bnc_coca_band_9k+grade_estimate_11+general_or_nonacademic
banister,8076,273,11,0,n,tier3_bnc_coca+bnc_coca_band_9k+grade_estimate_11+general_or_nonacademic
banter,8077,224,11,0,v,tier3_bnc_coca+bnc_coca_band_9k+grade_estimate_11+general_or_nonacademic
barbaric,8078,169,11,0,adj,tier3_bnc_coca+bnc_coca_band_9k+grade_estimate_11+general_or_nonacademic
bard,8079,176,11,0,n,tier3_bnc_coca+bnc_coca_band_9k+grade_estimate_11+general_or_nonacademic
barometer,8080,184,11,0,n,tier3_bnc_coca+bnc_coca_band_9k+grade_estimate_11+general_or_nonacademic
barrister,8081,810,11,0,n,tier3_bnc_coca+bnc_coca_band_9k+grade_estimate_11+general_or_nonacademic
basilica,8082,226,11,0,n,tier3_bnc_coca+bnc_coca_band_9k+grade_estimate_11+general_or_nonacademic
bastion,8083,191,11,0,n,tier3_bnc_coca+bnc_coca_band_9k+grade_estimate_11+general_or_nonacademic
bedrock,8084,162,11,0,n,tier3_bnc_coca+bnc_coca_band_9k+grade_estimate_11+general_or_nonacademic
befall,8085,194,11,0,v,tier3_bnc_coca+bnc_coca_band_9k+grade_estimate_11+general_or_nonacademic
befriend,8086,185,11,0,v,tier3_bnc_coca+bnc_coca_band_9k+grade_estimate_11+general_or_nonacademic
belch,8087,248,11,0,v,tier3_bnc_coca+bnc_coca_band_9k+grade_estimate_11+general_or_nonacademic
bequeath,8088,237,11,0,v,tier3_bnc_coca+bnc_coca_band_9k+grade_estimate_11+general_or_nonacademic
bequest,8089,284,11,0,v,tier3_bnc_coca+bnc_coca_band_9k+grade_estimate_11+general_or_nonacademic
beret,8090,204,11,0,n,tier3_bnc_coca+bnc_coca_band_9k+grade_estimate_11+general_or_nonacademic
bisexual,8091,112,11,0,adj,tier3_bnc_coca+bnc_coca_band_9k+grade_estimate_11+general_or_nonacademic
blare,8092,131,11,0,n,tier3_bnc_coca+bnc_coca_band_9k+grade_estimate_11+general_or_nonacademic
blemish,8093,217,11,0,v,tier3_bnc_coca+bnc_coca_band_9k+grade_estimate_11+general_or_nonacademic
blob,8094,251,11,0,n,tier3_bnc_coca+bnc_coca_band_9k+grade_estimate_11+general_or_nonacademic
bluster,8095,203,11,0,v,tier3_bnc_coca+bnc_coca_band_9k+grade_estimate_11+general_or_nonacademic
boo,8096,473,11,0,v,tier3_bnc_coca+bnc_coca_band_9k+grade_estimate_11+general_or_nonacademic
booty,8097,147,11,0,n,tier3_bnc_coca+bnc_coca_band_9k+grade_estimate_11+general_or_nonacademic
borderline,8098,188,11,0,n,tier3_bnc_coca+bnc_coca_band_9k+grade_estimate_11+general_or_nonacademic
bough,8099,192,11,0,n,tier3_bnc_coca+bnc_coca_band_9k+grade_estimate_11+general_or_nonacademic
boulevard,8100,280,11,0,n,tier3_bnc_coca+bnc_coca_band_9k+grade_estimate_11+general_or_nonacademic
bourbon,8101,163,11,0,n,tier3_bnc_coca+bnc_coca_band_9k+grade_estimate_11+general_or_nonacademic
brag,8102,89,11,0,n,tier3_bnc_coca+bnc_coca_band_9k+grade_estimate_11+general_or_nonacademic
braille,8103,131,11,0,n,tier3_bnc_coca+bnc_coca_band_9k+grade_estimate_11+general_or_nonacademic
bran,8104,187,11,0,n,tier3_bnc_coca+bnc_coca_band_9k+grade_estimate_11+general_or_nonacademic
brandish,8105,208,11,0,v,tier3_bnc_coca+bnc_coca_band_9k+grade_estimate_11+general_or_nonacademic
brat,8106,170,11,0,n,tier3_bnc_coca+bnc_coca_band_9k+grade_estimate_11+general_or_nonacademic
bravo,8107,147,11,0,n,tier3_bnc_coca+bnc_coca_band_9k+grade_estimate_11+general_or_nonacademic
brazen,8108,147,11,0,adj,tier3_bnc_coca+bnc_coca_band_9k+grade_estimate_11+general_or_nonacademic
breech,8109,251,11,0,n,tier3_bnc_coca+bnc_coca_band_9k+grade_estimate_11+general_or_nonacademic
brethren,8110,157,11,0,v,tier3_bnc_coca+bnc_coca_band_9k+grade_estimate_11+general_or_nonacademic
brine,8111,187,11,0,n,tier3_bnc_coca+bnc_coca_band_9k+grade_estimate_11+general_or_nonacademic
broach,8112,162,11,0,v,tier3_bnc_coca+bnc_coca_band_9k+grade_estimate_11+general_or_nonacademic
brooch,8113,304,11,0,n,tier3_bnc_coca+bnc_coca_band_9k+grade_estimate_11+general_or_nonacademic
brunt,8114,223,11,0,n,tier3_bnc_coca+bnc_coca_band_9k+grade_estimate_11+general_or_nonacademic
bulldog,8115,119,11,0,n,tier3_bnc_coca+bnc_coca_band_9k+grade_estimate_11+general_or_nonacademic
burly,8116,201,11,0,adv,tier3_bnc_coca+bnc_coca_band_9k+grade_estimate_11+general_or_nonacademic
burr,8117,162,11,0,n,tier3_bnc_coca+bnc_coca_band_9k+grade_estimate_11+general_or_nonacademic
cackle,8118,165,11,0,n,tier3_bnc_coca+bnc_coca_band_9k+grade_estimate_11+general_or_nonacademic
cadmium,8119,137,11,0,n,tier3_bnc_coca+bnc_coca_band_9k+grade_estimate_11+general_or_nonacademic
calamity,8120,177,11,0,n,tier3_bnc_coca+bnc_coca_band_9k+grade_estimate_11+general_or_nonacademic
callous,8122,249,11,0,adj,tier3_bnc_coca+bnc_coca_band_9k+grade_estimate_11+general_or_nonacademic
canister,8123,146,11,0,n,tier3_bnc_coca+bnc_coca_band_9k+grade_estimate_11+general_or_nonacademic
cannabis,8124,417,11,0,n,tier3_bnc_coca+bnc_coca_band_9k+grade_estimate_11+general_or_nonacademic
canonical,8125,194,11,0,adj,tier3_bnc_coca+bnc_coca_band_9k+grade_estimate_11+general_or_nonacademic
caper,8126,143,11,0,v,tier3_bnc_coca+bnc_coca_band_9k+grade_estimate_11+general_or_nonacademic
capitulate,8128,218,11,0,v,tier3_bnc_coca+bnc_coca_band_9k+grade_estimate_11+general_or_nonacademic
captor,8129,128,11,0,n,tier3_bnc_coca+bnc_coca_band_9k+grade_estimate_11+general_or_nonacademic
caramel,8130,119,11,0,n,tier3_bnc_coca+bnc_coca_band_9k+grade_estimate_11+general_or_nonacademic
cardigan,8131,390,11,0,n,tier3_bnc_coca+bnc_coca_band_9k+grade_estimate_11+general_or_nonacademic
carnage,8132,174,11,0,n,tier3_bnc_coca+bnc_coca_band_9k+grade_estimate_11+general_or_nonacademic
carport,8133,21,11,0,n,tier3_bnc_coca+bnc_coca_band_9k+grade_estimate_11+general_or_nonacademic
cartilage,8134,123,11,0,n,tier3_bnc_coca+bnc_coca_band_9k+grade_estimate_11+general_or_nonacademic
casa,8135,170,11,0,n,tier3_bnc_coca+bnc_coca_band_9k+grade_estimate_11+general_or_nonacademic
castrate,8136,205,11,0,v,tier3_bnc_coca+bnc_coca_band_9k+grade_estimate_11+general_or_nonacademic
catechism,8137,167,11,0,n,tier3_bnc_coca+bnc_coca_band_9k+grade_estimate_11+general_or_nonacademic
catheter,8138,174,11,0,n,tier3_bnc_coca+bnc_coca_band_9k+grade_estimate_11+general_or_nonacademic
catwalk,8139,191,11,0,n,tier3_bnc_coca+bnc_coca_band_9k+grade_estimate_11+general_or_nonacademic
caustic,8140,243,11,0,adj,tier3_bnc_coca+bnc_coca_band_9k+grade_estimate_11+general_or_nonacademic
caveat,8141,193,11,0,n,tier3_bnc_coca+bnc_coca_band_9k+grade_estimate_11+general_or_nonacademic
cede,8142,165,11,0,n,tier3_bnc_coca+bnc_coca_band_9k+grade_estimate_11+general_or_nonacademic
centenary,8143,604,11,0,n,tier3_bnc_coca+bnc_coca_band_9k+grade_estimate_11+general_or_nonacademic
cessation,8144,245,11,0,n,tier3_bnc_coca+bnc_coca_band_9k+grade_estimate_11+general_or_nonacademic
chasm,8145,166,11,0,n,tier3_bnc_coca+bnc_coca_band_9k+grade_estimate_11+general_or_nonacademic
cheeky,8146,480,11,0,n,tier3_bnc_coca+bnc_coca_band_9k+grade_estimate_11+general_or_nonacademic
chide,8147,147,11,0,n,tier3_bnc_coca+bnc_coca_band_9k+grade_estimate_11+general_or_nonacademic
chirp,8148,153,11,0,v,tier3_bnc_coca+bnc_coca_band_9k+grade_estimate_11+general_or_nonacademic
chivalry,8149,249,11,0,n,tier3_bnc_coca+bnc_coca_band_9k+grade_estimate_11+general_or_nonacademic
chum,8150,259,11,0,n,tier3_bnc_coca+bnc_coca_band_9k+grade_estimate_11+general_or_nonacademic
circumcize,8151,205,11,0,v,tier3_bnc_coca+bnc_coca_band_9k+grade_estimate_11+general_or_nonacademic
circumference,8152,222,11,0,n,tier3_bnc_coca+bnc_coca_band_9k+grade_estimate_11+general_or_nonacademic
circumscribe,8153,176,11,0,n,tier3_bnc_coca+bnc_coca_band_9k+grade_estimate_11+general_or_nonacademic
clang,8154,189,11,0,v,tier3_bnc_coca+bnc_coca_band_9k+grade_estimate_11+general_or_nonacademic
claustrophobia,8155,195,11,1,n,tier3_bnc_coca+bnc_coca_band_9k+grade_estimate_11+academic_suffix
cleft,8156,198,11,0,n,tier3_bnc_coca+bnc_coca_band_9k+grade_estimate_11+general_or_nonacademic
clink,8157,178,11,0,v,tier3_bnc_coca+bnc_coca_band_9k+grade_estimate_11+general_or_nonacademic
cloister,8158,225,11,0,v,tier3_bnc_coca+bnc_coca_band_9k+grade_estimate_11+general_or_nonacademic
coalesce,8159,190,11,0,n,tier3_bnc_coca+bnc_coca_band_9k+grade_estimate_11+general_or_nonacademic
cockroach,8160,147,11,0,n,tier3_bnc_coca+bnc_coca_band_9k+grade_estimate_11+general_or_nonacademic
cocoon,8161,166,11,0,v,tier3_bnc_coca+bnc_coca_band_9k+grade_estimate_11+general_or_nonacademic
coffer,8162,187,11,0,n,tier3_bnc_coca+bnc_coca_band_9k+grade_estimate_11+general_or_nonacademic
cohabit,8163,253,11,0,v,tier3_bnc_coca+bnc_coca_band_9k+grade_estimate_11+general_or_nonacademic
colitis,8164,1009,11,0,n,tier3_bnc_coca+bnc_coca_band_9k+grade_estimate_11+general_or_nonacademic
collagen,8165,182,11,0,v,tier3_bnc_coca+bnc_coca_band_9k+grade_estimate_11+general_or_nonacademic
collegiate,8166,116,11,0,v,tier3_bnc_coca+bnc_coca_band_9k+grade_estimate_11+general_or_nonacademic
commodore,8168,236,11,0,n,tier3_bnc_coca+bnc_coca_band_9k+grade_estimate_11+general_or_nonacademic
complicity,8169,203,11,0,n,tier3_bnc_coca+bnc_coca_band_9k+grade_estimate_11+general_or_nonacademic
concuss,8170,134,11,0,v,tier3_bnc_coca+bnc_coca_band_9k+grade_estimate_11+general_or_nonacademic
condole,8171,127,11,0,n,tier3_bnc_coca+bnc_coca_band_9k+grade_estimate_11+general_or_nonacademic
conduit,8172,217,11,0,n,tier3_bnc_coca+bnc_coca_band_9k+grade_estimate_11+general_or_nonacademic
congenial,8173,226,11,0,adj,tier3_bnc_coca+bnc_coca_band_9k+grade_estimate_11+general_or_nonacademic
connoisseur,8175,188,11,0,n,tier3_bnc_coca+bnc_coca_band_9k+grade_estimate_11+general_or_nonacademic
consensual,8176,207,11,0,adj,tier3_bnc_coca+bnc_coca_band_9k+grade_estimate_11+general_or_nonacademic
conservancy,8177,158,11,0,n,tier3_bnc_coca+bnc_coca_band_9k+grade_estimate_11+general_or_nonacademic
considerate,8178,257,11,0,adj,tier3_bnc_coca+bnc_coca_band_9k+grade_estimate_11+general_or_nonacademic
consternation,8179,194,11,0,n,tier3_bnc_coca+bnc_coca_band_9k+grade_estimate_11+general_or_nonacademic
constipate,8180,402,11,0,v,tier3_bnc_coca+bnc_coca_band_9k+grade_estimate_11+general_or_nonacademic
contagious,8181,166,11,0,adj,tier3_bnc_coca+bnc_coca_band_9k+grade_estimate_11+general_or_nonacademic
contaminant,8182,103,11,0,n,tier3_bnc_coca+bnc_coca_band_9k+grade_estimate_11+general_or_nonacademic
contiguous,8183,267,11,0,adj,tier3_bnc_coca+bnc_coca_band_9k+grade_estimate_11+general_or_nonacademic
contort,8184,224,11,0,v,tier3_bnc_coca+bnc_coca_band_9k+grade_estimate_11+general_or_nonacademic
contravene,8185,545,11,0,n,tier3_bnc_coca+bnc_coca_band_9k+grade_estimate_11+general_or_nonacademic
convection,8186,260,11,0,n,tier3_bnc_coca+bnc_coca_band_9k+grade_estimate_11+general_or_nonacademic
convoluted,8187,157,11,0,n,tier3_bnc_coca+bnc_coca_band_9k+grade_estimate_11+general_or_nonacademic
coo,8188,189,11,0,v,tier3_bnc_coca+bnc_coca_band_9k+grade_estimate_11+general_or_nonacademic
coop,8189,132,11,0,v,tier3_bnc_coca+bnc_coca_band_9k+grade_estimate_11+general_or_nonacademic
copious,8190,238,11,0,adj,tier3_bnc_coca+bnc_coca_band_9k+grade_estimate_11+general_or_nonacademic
cordial,8191,188,11,0,adj,tier3_bnc_coca+bnc_coca_band_9k+grade_estimate_11+general_or_nonacademic
cordon,8192,310,11,0,v,tier3_bnc_coca+bnc_coca_band_9k+grade_estimate_11+general_or_nonacademic
corrugate,8193,230,11,0,v,tier3_bnc_coca+bnc_coca_band_9k+grade_estimate_11+general_or_nonacademic
cossack,8194,260,11,0,n,tier3_bnc_coca+bnc_coca_band_9k+grade_estimate_11+general_or_nonacademic
counterbalance,8195,169,11,0,n,tier3_bnc_coca+bnc_coca_band_9k+grade_estimate_11+general_or_nonacademic
coupe,8196,146,11,0,n,tier3_bnc_coca+bnc_coca_band_9k+grade_estimate_11+general_or_nonacademic
cower,8197,165,11,0,v,tier3_bnc_coca+bnc_coca_band_9k+grade_estimate_11+general_or_nonacademic
coy,8198,281,11,0,adj,tier3_bnc_coca+bnc_coca_band_9k+grade_estimate_11+general_or_nonacademic
coyote,8199,52,11,0,n,tier3_bnc_coca+bnc_coca_band_9k+grade_estimate_11+general_or_nonacademic
cranberry,8200,120,11,0,n,tier3_bnc_coca+bnc_coca_band_9k+grade_estimate_11+general_or_nonacademic
crayon,8201,159,11,0,n,tier3_bnc_coca+bnc_coca_band_9k+grade_estimate_11+general_or_nonacademic
credence,8202,177,11,0,n,tier3_bnc_coca+bnc_coca_band_9k+grade_estimate_11+general_or_nonacademic
crevice,8203,165,11,0,n,tier3_bnc_coca+bnc_coca_band_9k+grade_estimate_11+general_or_nonacademic
crib,8204,92,11,0,n,tier3_bnc_coca+bnc_coca_band_9k+grade_estimate_11+general_or_nonacademic
crinkle,8205,186,11,0,n,tier3_bnc_coca+bnc_coca_band_9k+grade_estimate_11+general_or_nonacademic
crony,8206,129,11,0,n,tier3_bnc_coca+bnc_coca_band_9k+grade_estimate_11+general_or_nonacademic
croon,8207,137,11,0,v,tier3_bnc_coca+bnc_coca_band_9k+grade_estimate_11+general_or_nonacademic
crossword,8208,249,11,0,n,tier3_bnc_coca+bnc_coca_band_9k+grade_estimate_11+general_or_nonacademic
crucify,8209,186,11,0,v,tier3_bnc_coca+bnc_coca_band_9k+grade_estimate_11+general_or_nonacademic
crux,8210,222,11,0,n,tier3_bnc_coca+bnc_coca_band_9k+grade_estimate_11+general_or_nonacademic
crypt,8211,485,11,0,n,tier3_bnc_coca+bnc_coca_band_9k+grade_estimate_11+general_or_nonacademic
cryptic,8212,224,11,0,adj,tier3_bnc_coca+bnc_coca_band_9k+grade_estimate_11+general_or_nonacademic
crystalline,8213,277,11,0,n,tier3_bnc_coca+bnc_coca_band_9k+grade_estimate_11+general_or_nonacademic
culpable,8214,148,11,0,adj,tier3_bnc_coca+bnc_coca_band_9k+grade_estimate_11+general_or_nonacademic
cursor,8215,361,11,0,n,tier3_bnc_coca+bnc_coca_band_9k+grade_estimate_11+general_or_nonacademic
cursory,8216,176,11,0,n,tier3_bnc_coca+bnc_coca_band_9k+grade_estimate_11+general_or_nonacademic
custodian,8217,263,11,0,n,tier3_bnc_coca+bnc_coca_band_9k+grade_estimate_11+general_or_nonacademic
cylindrical,8218,184,11,0,adj,tier3_bnc_coca+bnc_coca_band_9k+grade_estimate_11+general_or_nonacademic
cystic,8219,245,11,0,adj,tier3_bnc_coca+bnc_coca_band_9k+grade_estimate_11+general_or_nonacademic
dabble,8220,219,11,0,n,tier3_bnc_coca+bnc_coca_band_9k+grade_estimate_11+general_or_nonacademic
daffodil,8221,328,11,0,n,tier3_bnc_coca+bnc_coca_band_9k+grade_estimate_11+general_or_nonacademic
daft,8222,665,11,0,adj,tier3_bnc_coca+bnc_coca_band_9k+grade_estimate_11+general_or_nonacademic
dainty,8223,202,11,0,n,tier3_bnc_coca+bnc_coca_band_9k+grade_estimate_11+general_or_nonacademic
dal,8224,233,11,0,adj,tier3_bnc_coca+bnc_coca_band_9k+grade_estimate_11+general_or_nonacademic
dashboard,8225,165,11,0,n,tier3_bnc_coca+bnc_coca_band_9k+grade_estimate_11+general_or_nonacademic
debacle,8226,137,11,0,n,tier3_bnc_coca+bnc_coca_band_9k+grade_estimate_11+general_or_nonacademic
decimate,8228,159,11,0,v,tier3_bnc_coca+bnc_coca_band_9k+grade_estimate_11+general_or_nonacademic
decoy,8229,104,11,0,v,tier3_bnc_coca+bnc_coca_band_9k+grade_estimate_11+general_or_nonacademic
deluge,8230,162,11,0,n,tier3_bnc_coca+bnc_coca_band_9k+grade_estimate_11+general_or_nonacademic
demarcate,8231,278,11,0,v,tier3_bnc_coca+bnc_coca_band_9k+grade_estimate_11+general_or_nonacademic
demean,8232,153,11,0,v,tier3_bnc_coca+bnc_coca_band_9k+grade_estimate_11+general_or_nonacademic
demote,8233,172,11,0,n,tier3_bnc_coca+bnc_coca_band_9k+grade_estimate_11+general_or_nonacademic
denigrate,8234,198,11,0,v,tier3_bnc_coca+bnc_coca_band_9k+grade_estimate_11+general_or_nonacademic
derail,8236,100,11,0,v,tier3_bnc_coca+bnc_coca_band_9k+grade_estimate_11+general_or_nonacademic
dermatology,8237,90,11,1,n,tier3_bnc_coca+bnc_coca_band_9k+grade_estimate_11+academic_suffix
despondent,8238,224,11,0,adj,tier3_bnc_coca+bnc_coca_band_9k+grade_estimate_11+general_or_nonacademic
despot,8239,207,11,0,n,tier3_bnc_coca+bnc_coca_band_9k+grade_estimate_11+general_or_nonacademic
destitute,8240,196,11,0,n,tier3_bnc_coca+bnc_coca_band_9k+grade_estimate_11+general_or_nonacademic
deutschmark,8241,511,11,0,n,tier3_bnc_coca+bnc_coca_band_9k+grade_estimate_11+general_or_nonacademic
devious,8242,338,11,0,adj,tier3_bnc_coca+bnc_coca_band_9k+grade_estimate_11+general_or_nonacademic
diaphragm,8243,163,11,0,n,tier3_bnc_coca+bnc_coca_band_9k+grade_estimate_11+general_or_nonacademic
digitise,8244,207,11,0,v,tier3_bnc_coca+bnc_coca_band_9k+grade_estimate_11+general_or_nonacademic
dignitary,8245,147,11,0,n,tier3_bnc_coca+bnc_coca_band_9k+grade_estimate_11+general_or_nonacademic
dilapidated,8246,182,11,0,n,tier3_bnc_coca+bnc_coca_band_9k+grade_estimate_11+general_or_nonacademic
dilate,8247,201,11,0,v,tier3_bnc_coca+bnc_coca_band_9k+grade_estimate_11+general_or_nonacademic
diminutive,8248,178,11,0,adj,tier3_bnc_coca+bnc_coca_band_9k+grade_estimate_11+general_or_nonacademic
dinghy,8250,452,11,0,n,tier3_bnc_coca+bnc_coca_band_9k+grade_estimate_11+general_or_nonacademic
directorate,8251,339,11,0,v,tier3_bnc_coca+bnc_coca_band_9k+grade_estimate_11+general_or_nonacademic
dis,8252,212,11,0,n,tier3_bnc_coca+bnc_coca_band_9k+grade_estimate_11+general_or_nonacademic
disbelieve,8253,233,11,0,n,tier3_bnc_coca+bnc_coca_band_9k+grade_estimate_11+general_or_nonacademic
disclaim,8254,285,11,0,v,tier3_bnc_coca+bnc_coca_band_9k+grade_estimate_11+general_or_nonacademic
discolour,8255,201,11,0,v,tier3_bnc_coca+bnc_coca_band_9k+grade_estimate_11+general_or_nonacademic
discontinuity,8256,242,11,0,n,tier3_bnc_coca+bnc_coca_band_9k+grade_estimate_11+general_or_nonacademic
disenchant,8257,235,11,0,v,tier3_bnc_coca+bnc_coca_band_9k+grade_estimate_11+general_or_nonacademic
disfigure,8258,196,11,0,n,tier3_bnc_coca+bnc_coca_band_9k+grade_estimate_11+general_or_nonacademic
dismember,8259,175,11,0,v,tier3_bnc_coca+bnc_coca_band_9k+grade_estimate_11+general_or_nonacademic
dismount,8260,226,11,0,v,tier3_bnc_coca+bnc_coca_band_9k+grade_estimate_11+general_or_nonacademic
disorganized,8261,213,11,0,n,tier3_bnc_coca+bnc_coca_band_9k+grade_estimate_11+general_or_nonacademic
disparage,8262,220,11,0,n,tier3_bnc_coca+bnc_coca_band_9k+grade_estimate_11+general_or_nonacademic
dispossess,8263,178,11,0,v,tier3_bnc_coca+bnc_coca_band_9k+grade_estimate_11+general_or_nonacademic
disprove,8264,189,11,0,n,tier3_bnc_coca+bnc_coca_band_9k+grade_estimate_11+general_or_nonacademic
disquiet,8265,273,11,0,v,tier3_bnc_coca+bnc_coca_band_9k+grade_estimate_11+general_or_nonacademic
dissonance,8266,173,11,0,n,tier3_bnc_coca+bnc_coca_band_9k+grade_estimate_11+general_or_nonacademic
dissuade,8267,212,11,0,n,tier3_bnc_coca+bnc_coca_band_9k+grade_estimate_11+general_or_nonacademic
disuse,8268,457,11,0,n,tier3_bnc_coca+bnc_coca_band_9k+grade_estimate_11+general_or_nonacademic
divest,8269,216,11,0,v,tier3_bnc_coca+bnc_coca_band_9k+grade_estimate_11+general_or_nonacademic
divulge,8270,153,11,0,n,tier3_bnc_coca+bnc_coca_band_9k+grade_estimate_11+general_or_nonacademic
doctoral,8271,104,11,0,adj,tier3_bnc_coca+bnc_coca_band_9k+grade_estimate_11+general_or_nonacademic
doo,8272,484,11,0,n,tier3_bnc_coca+bnc_coca_band_9k+grade_estimate_11+general_or_nonacademic
dorsal,8273,425,11,0,adj,tier3_bnc_coca+bnc_coca_band_9k+grade_estimate_11+general_or_nonacademic
douse,8274,140,11,0,n,tier3_bnc_coca+bnc_coca_band_9k+grade_estimate_11+general_or_nonacademic
draught,8275,765,11,0,n,tier3_bnc_coca+bnc_coca_band_9k+grade_estimate_11+general_or_nonacademic
drowsy,8276,257,11,0,n,tier3_bnc_coca+bnc_coca_band_9k+grade_estimate_11+general_or_nonacademic
dun,8277,349,11,0,n,tier3_bnc_coca+bnc_coca_band_9k+grade_estimate_11+general_or_nonacademic
dung,8278,276,11,0,n,tier3_bnc_coca+bnc_coca_band_9k+grade_estimate_11+general_or_nonacademic
dupe,8279,198,11,0,n,tier3_bnc_coca+bnc_coca_band_9k+grade_estimate_11+general_or_nonacademic
dynamite,8280,132,11,0,n,tier3_bnc_coca+bnc_coca_band_9k+grade_estimate_11+general_or_nonacademic
dyslexia,8281,237,11,0,n,tier3_bnc_coca+bnc_coca_band_9k+grade_estimate_11+general_or_nonacademic
eave,8282,191,11,0,n,tier3_bnc_coca+bnc_coca_band_9k+grade_estimate_11+general_or_nonacademic
eavesdrop,8283,158,11,0,n,tier3_bnc_coca+bnc_coca_band_9k+grade_estimate_11+general_or_nonacademic
ebony,8284,156,11,0,n,tier3_bnc_coca+bnc_coca_band_9k+grade_estimate_11+general_or_nonacademic
eddy,8285,416,11,0,v,tier3_bnc_coca+bnc_coca_band_9k+grade_estimate_11+general_or_nonacademic
edifice,8286,200,11,0,n,tier3_bnc_coca+bnc_coca_band_9k+grade_estimate_11+general_or_nonacademic
elemental,8287,251,11,0,adj,tier3_bnc_coca+bnc_coca_band_9k+grade_estimate_11+general_or_nonacademic
embalm,8288,427,11,0,v,tier3_bnc_coca+bnc_coca_band_9k+grade_estimate_11+general_or_nonacademic
ember,8289,258,11,0,n,tier3_bnc_coca+bnc_coca_band_9k+grade_estimate_11+general_or_nonacademic
embroil,8290,173,11,0,v,tier3_bnc_coca+bnc_coca_band_9k+grade_estimate_11+general_or_nonacademic
emigrant,8291,209,11,0,n,tier3_bnc_coca+bnc_coca_band_9k+grade_estimate_11+general_or_nonacademic
emir,8292,257,11,0,n,tier3_bnc_coca+bnc_coca_band_9k+grade_estimate_11+general_or_nonacademic
encamp,8293,185,11,0,v,tier3_bnc_coca+bnc_coca_band_9k+grade_estimate_11+general_or_nonacademic
encore,8294,229,11,0,n,tier3_bnc_coca+bnc_coca_band_9k+grade_estimate_11+general_or_nonacademic
engross,8295,220,11,0,v,tier3_bnc_coca+bnc_coca_band_9k+grade_estimate_11+general_or_nonacademic
enigma,8296,250,11,0,n,tier3_bnc_coca+bnc_coca_band_9k+grade_estimate_11+general_or_nonacademic
enliven,8297,190,11,0,v,tier3_bnc_coca+bnc_coca_band_9k+grade_estimate_11+general_or_nonacademic
enslave,8298,160,11,0,n,tier3_bnc_coca+bnc_coca_band_9k+grade_estimate_11+general_or_nonacademic
enterprising,8299,278,11,0,adj,tier3_bnc_coca+bnc_coca_band_9k+grade_estimate_11+general_or_nonacademic
enthuse,8300,249,11,0,n,tier3_bnc_coca+bnc_coca_band_9k+grade_estimate_11+general_or_nonacademic
entropy,8301,302,11,0,n,tier3_bnc_coca+bnc_coca_band_9k+grade_estimate_11+general_or_nonacademic
enunciate,8302,188,11,0,v,tier3_bnc_coca+bnc_coca_band_9k+grade_estimate_11+general_or_nonacademic
envious,8303,223,11,0,adj,tier3_bnc_coca+bnc_coca_band_9k+grade_estimate_11+general_or_nonacademic
envision,8304,44,11,0,v,tier3_bnc_coca+bnc_coca_band_9k+grade_estimate_11+general_or_nonacademic
ephemeral,8305,148,11,0,adj,tier3_bnc_coca+bnc_coca_band_9k+grade_estimate_11+general_or_nonacademic
esoteric,8307,219,11,0,adj,tier3_bnc_coca+bnc_coca_band_9k+grade_estimate_11+general_or_nonacademic
euphemism,8308,204,11,0,n,tier3_bnc_coca+bnc_coca_band_9k+grade_estimate_11+general_or_nonacademic
euthanasia,8309,146,11,0,n,tier3_bnc_coca+bnc_coca_band_9k+grade_estimate_11+general_or_nonacademic
evasive,8310,211,11,0,adj,tier3_bnc_coca+bnc_coca_band_9k+grade_estimate_11+general_or_nonacademic
evocative,8311,211,11,0,adj,tier3_bnc_coca+bnc_coca_band_9k+grade_estimate_11+general_or_nonacademic
ewe,8312,354,11,0,n,tier3_bnc_coca+bnc_coca_band_9k+grade_estimate_11+general_or_nonacademic
excruciating,8313,135,11,0,adj,tier3_bnc_coca+bnc_coca_band_9k+grade_estimate_11+general_or_nonacademic
exorcise,8314,218,11,0,v,tier3_bnc_coca+bnc_coca_band_9k+grade_estimate_11+general_or_nonacademic
exponent,8315,394,11,0,n,tier3_bnc_coca+bnc_coca_band_9k+grade_estimate_11+general_or_nonacademic
expound,8317,229,11,0,v,tier3_bnc_coca+bnc_coca_band_9k+grade_estimate_11+general_or_nonacademic
expressionist,8318,187,11,0,n,tier3_bnc_coca+bnc_coca_band_9k+grade_estimate_11+general_or_nonacademic
extant,8319,232,11,0,adj,tier3_bnc_coca+bnc_coca_band_9k+grade_estimate_11+general_or_nonacademic
exterminate,8320,173,11,0,v,tier3_bnc_coca+bnc_coca_band_9k+grade_estimate_11+general_or_nonacademic
extol,8321,151,11,0,n,tier3_bnc_coca+bnc_coca_band_9k+grade_estimate_11+general_or_nonacademic
extrovert,8322,221,11,0,v,tier3_bnc_coca+bnc_coca_band_9k+grade_estimate_11+general_or_nonacademic
exult,8323,203,11,0,v,tier3_bnc_coca+bnc_coca_band_9k+grade_estimate_11+general_or_nonacademic
eyelash,8324,192,11,0,n,tier3_bnc_coca+bnc_coca_band_9k+grade_estimate_11+general_or_nonacademic
facsimile,8325,279,11,0,n,tier3_bnc_coca+bnc_coca_band_9k+grade_estimate_11+general_or_nonacademic
fag,8326,357,11,0,n,tier3_bnc_coca+bnc_coca_band_9k+grade_estimate_11+general_or_nonacademic
fart,8327,243,11,0,v,tier3_bnc_coca+bnc_coca_band_9k+grade_estimate_11+general_or_nonacademic
fateful,8328,191,11,0,adj,tier3_bnc_coca+bnc_coca_band_9k+grade_estimate_11+general_or_nonacademic
fawn,8329,201,11,0,v,tier3_bnc_coca+bnc_coca_band_9k+grade_estimate_11+general_or_nonacademic
fearsome,8330,260,11,0,adj,tier3_bnc_coca+bnc_coca_band_9k+grade_estimate_11+general_or_nonacademic
ferocity,8331,211,11,0,n,tier3_bnc_coca+bnc_coca_band_9k+grade_estimate_11+general_or_nonacademic
fester,8332,115,11,0,v,tier3_bnc_coca+bnc_coca_band_9k+grade_estimate_11+general_or_nonacademic
fetish,8333,178,11,0,adj,tier3_bnc_coca+bnc_coca_band_9k+grade_estimate_11+general_or_nonacademic
fibrosis,8334,291,11,1,n,tier3_bnc_coca+bnc_coca_band_9k+grade_estimate_11+academic_suffix
fictitious,8335,170,11,0,adj,tier3_bnc_coca+bnc_coca_band_9k+grade_estimate_11+general_or_nonacademic
fiduciary,8336,289,11,0,n,tier3_bnc_coca+bnc_coca_band_9k+grade_estimate_11+general_or_nonacademic
fiend,8337,214,11,0,n,tier3_bnc_coca+bnc_coca_band_9k+grade_estimate_11+general_or_nonacademic
filament,8338,212,11,0,n,tier3_bnc_coca+bnc_coca_band_9k+grade_estimate_11+general_or_nonacademic
finesse,8339,156,11,0,n,tier3_bnc_coca+bnc_coca_band_9k+grade_estimate_11+general_or_nonacademic
fissure,8340,214,11,0,n,tier3_bnc_coca+bnc_coca_band_9k+grade_estimate_11+general_or_nonacademic
fizz,8341,315,11,0,v,tier3_bnc_coca+bnc_coca_band_9k+grade_estimate_11+general_or_nonacademic
flak,8342,223,11,0,n,tier3_bnc_coca+bnc_coca_band_9k+grade_estimate_11+general_or_nonacademic
flashlight,8343,78,11,0,n,tier3_bnc_coca+bnc_coca_band_9k+grade_estimate_11+general_or_nonacademic
flashy,8344,138,11,0,n,tier3_bnc_coca+bnc_coca_band_9k+grade_estimate_11+general_or_nonacademic
flaunt,8345,187,11,0,v,tier3_bnc_coca+bnc_coca_band_9k+grade_estimate_11+general_or_nonacademic
flint,8346,623,11,0,n,tier3_bnc_coca+bnc_coca_band_9k+grade_estimate_11+general_or_nonacademic
flit,8347,241,11,0,n,tier3_bnc_coca+bnc_coca_band_9k+grade_estimate_11+general_or_nonacademic
flog,8348,281,11,0,n,tier3_bnc_coca+bnc_coca_band_9k+grade_estimate_11+general_or_nonacademic
florist,8349,152,11,0,n,tier3_bnc_coca+bnc_coca_band_9k+grade_estimate_11+general_or_nonacademic
fluke,8350,160,11,0,n,tier3_bnc_coca+bnc_coca_band_9k+grade_estimate_11+general_or_nonacademic
foal,8351,399,11,0,v,tier3_bnc_coca+bnc_coca_band_9k+grade_estimate_11+general_or_nonacademic
fodder,8352,223,11,0,n,tier3_bnc_coca+bnc_coca_band_9k+grade_estimate_11+general_or_nonacademic
foreclose,8353,84,11,0,n,tier3_bnc_coca+bnc_coca_band_9k+grade_estimate_11+general_or_nonacademic
forefinger,8354,198,11,0,n,tier3_bnc_coca+bnc_coca_band_9k+grade_estimate_11+general_or_nonacademic
foresight,8355,202,11,0,n,tier3_bnc_coca+bnc_coca_band_9k+grade_estimate_11+general_or_nonacademic
forestall,8356,211,11,0,v,tier3_bnc_coca+bnc_coca_band_9k+grade_estimate_11+general_or_nonacademic
forsake,8357,172,11,0,n,tier3_bnc_coca+bnc_coca_band_9k+grade_estimate_11+general_or_nonacademic
forthright,8358,199,11,0,adj,tier3_bnc_coca+bnc_coca_band_9k+grade_estimate_11+general_or_nonacademic
freeway,8359,53,11,0,n,tier3_bnc_coca+bnc_coca_band_9k+grade_estimate_11+general_or_nonacademic
frigid,8360,117,11,0,adj,tier3_bnc_coca+bnc_coca_band_9k+grade_estimate_11+general_or_nonacademic
frock,8361,297,11,0,n,tier3_bnc_coca+bnc_coca_band_9k+grade_estimate_11+general_or_nonacademic
fudge,8362,152,11,0,n,tier3_bnc_coca+bnc_coca_band_9k+grade_estimate_11+general_or_nonacademic
furtive,8363,231,11,0,adj,tier3_bnc_coca+bnc_coca_band_9k+grade_estimate_11+general_or_nonacademic
fuselage,8364,275,11,0,n,tier3_bnc_coca+bnc_coca_band_9k+grade_estimate_11+general_or_nonacademic
galactic,8365,130,11,0,adj,tier3_bnc_coca+bnc_coca_band_9k+grade_estimate_11+general_or_nonacademic
garland,8366,450,11,0,v,tier3_bnc_coca+bnc_coca_band_9k+grade_estimate_11+general_or_nonacademic
garner,8367,230,11,0,v,tier3_bnc_coca+bnc_coca_band_9k+grade_estimate_11+general_or_nonacademic
gash,8368,201,11,0,v,tier3_bnc_coca+bnc_coca_band_9k+grade_estimate_11+general_or_nonacademic
gaudy,8369,187,11,0,n,tier3_bnc_coca+bnc_coca_band_9k+grade_estimate_11+general_or_nonacademic
gaunt,8370,355,11,0,n,tier3_bnc_coca+bnc_coca_band_9k+grade_estimate_11+general_or_nonacademic
genial,8371,198,11,0,adj,tier3_bnc_coca+bnc_coca_band_9k+grade_estimate_11+general_or_nonacademic
gentile,8372,203,11,0,n,tier3_bnc_coca+bnc_coca_band_9k+grade_estimate_11+general_or_nonacademic
geophysics,8373,321,11,0,n,tier3_bnc_coca+bnc_coca_band_9k+grade_estimate_11+general_or_nonacademic
geranium,8374,229,11,0,n,tier3_bnc_coca+bnc_coca_band_9k+grade_estimate_11+general_or_nonacademic
geriatric,8375,240,11,0,adj,tier3_bnc_coca+bnc_coca_band_9k+grade_estimate_11+general_or_nonacademic
germinate,8376,206,11,0,v,tier3_bnc_coca+bnc_coca_band_9k+grade_estimate_11+general_or_nonacademic
gestate,8377,305,11,0,v,tier3_bnc_coca+bnc_coca_band_9k+grade_estimate_11+general_or_nonacademic
giddy,8378,141,11,0,n,tier3_bnc_coca+bnc_coca_band_9k+grade_estimate_11+general_or_nonacademic
git,8379,239,11,0,n,tier3_bnc_coca+bnc_coca_band_9k+grade_estimate_11+general_or_nonacademic
globule,8380,179,11,0,n,tier3_bnc_coca+bnc_coca_band_9k+grade_estimate_11+general_or_nonacademic
glower,8381,203,11,0,v,tier3_bnc_coca+bnc_coca_band_9k+grade_estimate_11+general_or_nonacademic
glum,8382,207,11,0,adj,tier3_bnc_coca+bnc_coca_band_9k+grade_estimate_11+general_or_nonacademic
goblet,8383,184,11,0,n,tier3_bnc_coca+bnc_coca_band_9k+grade_estimate_11+general_or_nonacademic
grail,8384,116,11,0,n,tier3_bnc_coca+bnc_coca_band_9k+grade_estimate_11+general_or_nonacademic
granulate,8385,99,11,0,v,tier3_bnc_coca+bnc_coca_band_9k+grade_estimate_11+general_or_nonacademic
gratuitous,8387,185,11,0,adj,tier3_bnc_coca+bnc_coca_band_9k+grade_estimate_11+general_or_nonacademic
greenery,8388,168,11,0,n,tier3_bnc_coca+bnc_coca_band_9k+grade_estimate_11+general_or_nonacademic
grievous,8389,339,11,0,adj,tier3_bnc_coca+bnc_coca_band_9k+grade_estimate_11+general_or_nonacademic
grille,8390,208,11,0,n,tier3_bnc_coca+bnc_coca_band_9k+grade_estimate_11+general_or_nonacademic
gripe,8391,91,11,0,n,tier3_bnc_coca+bnc_coca_band_9k+grade_estimate_11+general_or_nonacademic
grouse,8392,218,11,0,n,tier3_bnc_coca+bnc_coca_band_9k+grade_estimate_11+general_or_nonacademic
grub,8393,229,11,0,n,tier3_bnc_coca+bnc_coca_band_9k+grade_estimate_11+general_or_nonacademic
gruff,8394,220,11,0,adj,tier3_bnc_coca+bnc_coca_band_9k+grade_estimate_11+general_or_nonacademic
gurgle,8395,194,11,0,n,tier3_bnc_coca+bnc_coca_band_9k+grade_estimate_11+general_or_nonacademic
haggle,8396,166,11,0,n,tier3_bnc_coca+bnc_coca_band_9k+grade_estimate_11+general_or_nonacademic
hapless,8397,194,11,0,adj,tier3_bnc_coca+bnc_coca_band_9k+grade_estimate_11+general_or_nonacademic
hardline,8398,315,11,0,n,tier3_bnc_coca+bnc_coca_band_9k+grade_estimate_11+general_or_nonacademic
harem,8399,292,11,0,n,tier3_bnc_coca+bnc_coca_band_9k+grade_estimate_11+general_or_nonacademic
hark,8400,181,11,0,v,tier3_bnc_coca+bnc_coca_band_9k+grade_estimate_11+general_or_nonacademic
harrow,8401,466,11,0,v,tier3_bnc_coca+bnc_coca_band_9k+grade_estimate_11+general_or_nonacademic
hash,8402,161,11,0,v,tier3_bnc_coca+bnc_coca_band_9k+grade_estimate_11+general_or_nonacademic
hawking,8403,269,11,0,n,tier3_bnc_coca+bnc_coca_band_9k+grade_estimate_11+general_or_nonacademic
headhunt,8404,439,11,0,v,tier3_bnc_coca+bnc_coca_band_9k+grade_estimate_11+general_or_nonacademic
headlong,8405,211,11,0,n,tier3_bnc_coca+bnc_coca_band_9k+grade_estimate_11+general_or_nonacademic
headway,8406,250,11,0,n,tier3_bnc_coca+bnc_coca_band_9k+grade_estimate_11+general_or_nonacademic
henceforth,8408,333,11,0,n,tier3_bnc_coca+bnc_coca_band_9k+grade_estimate_11+general_or_nonacademic
herein,8410,100,11,0,n,tier3_bnc_coca+bnc_coca_band_9k+grade_estimate_11+general_or_nonacademic
heresy,8411,254,11,0,n,tier3_bnc_coca+bnc_coca_band_9k+grade_estimate_11+general_or_nonacademic
hiccup,8412,215,11,0,n,tier3_bnc_coca+bnc_coca_band_9k+grade_estimate_11+general_or_nonacademic
highness,8413,270,11,0,n,tier3_bnc_coca+bnc_coca_band_9k+grade_estimate_11+general_or_nonacademic
histamine,8414,315,11,0,n,tier3_bnc_coca+bnc_coca_band_9k+grade_estimate_11+general_or_nonacademic
holler,8416,78,11,0,v,tier3_bnc_coca+bnc_coca_band_9k+grade_estimate_11+general_or_nonacademic
holster,8417,164,11,0,v,tier3_bnc_coca+bnc_coca_band_9k+grade_estimate_11+general_or_nonacademic
homely,8418,260,11,0,adv,tier3_bnc_coca+bnc_coca_band_9k+grade_estimate_11+general_or_nonacademic
homestead,8419,75,11,0,n,tier3_bnc_coca+bnc_coca_band_9k+grade_estimate_11+general_or_nonacademic
homology,8420,390,11,1,n,tier3_bnc_coca+bnc_coca_band_9k+grade_estimate_11+academic_suffix
homophobia,8421,145,11,1,n,tier3_bnc_coca+bnc_coca_band_9k+grade_estimate_11+academic_suffix
hooligan,8422,663,11,0,n,tier3_bnc_coca+bnc_coca_band_9k+grade_estimate_11+general_or_nonacademic
hooray,8423,215,11,0,n,tier3_bnc_coca+bnc_coca_band_9k+grade_estimate_11+general_or_nonacademic
hopper,8424,427,11,0,n,tier3_bnc_coca+bnc_coca_band_9k+grade_estimate_11+general_or_nonacademic
horrid,8425,224,11,0,adj,tier3_bnc_coca+bnc_coca_band_9k+grade_estimate_11+general_or_nonacademic
hulk,8426,192,11,0,v,tier3_bnc_coca+bnc_coca_band_9k+grade_estimate_11+general_or_nonacademic
hunk,8427,181,11,0,n,tier3_bnc_coca+bnc_coca_band_9k+grade_estimate_11+general_or_nonacademic
hyperactive,8428,137,11,0,adj,tier3_bnc_coca+bnc_coca_band_9k+grade_estimate_11+general_or_nonacademic
hypnosis,8429,257,11,1,n,tier3_bnc_coca+bnc_coca_band_9k+grade_estimate_11+academic_suffix
hypnotic,8430,187,11,0,adj,tier3_bnc_coca+bnc_coca_band_9k+grade_estimate_11+general_or_nonacademic
hypnotise,8431,277,11,0,v,tier3_bnc_coca+bnc_coca_band_9k+grade_estimate_11+general_or_nonacademic
iconography,8432,109,11,1,n,tier3_bnc_coca+bnc_coca_band_9k+grade_estimate_11+academic_suffix
idealistic,8433,181,11,0,adj,tier3_bnc_coca+bnc_coca_band_9k+grade_estimate_11+general_or_nonacademic
illusory,8434,208,11,0,n,tier3_bnc_coca+bnc_coca_band_9k+grade_estimate_11+general_or_nonacademic
illustrious,8435,217,11,0,adj,tier3_bnc_coca+bnc_coca_band_9k+grade_estimate_11+general_or_nonacademic
imam,8436,108,11,0,n,tier3_bnc_coca+bnc_coca_band_9k+grade_estimate_11+general_or_nonacademic
imbue,8437,180,11,0,n,tier3_bnc_coca+bnc_coca_band_9k+grade_estimate_11+general_or_nonacademic
immobilize,8438,204,11,0,v,tier3_bnc_coca+bnc_coca_band_9k+grade_estimate_11+general_or_nonacademic
impasse,8439,176,11,0,n,tier3_bnc_coca+bnc_coca_band_9k+grade_estimate_11+general_or_nonacademic
impassive,8440,230,11,0,adj,tier3_bnc_coca+bnc_coca_band_9k+grade_estimate_11+general_or_nonacademic
impel,8441,192,11,0,n,tier3_bnc_coca+bnc_coca_band_9k+grade_estimate_11+general_or_nonacademic
impenetrable,8442,202,11,0,adj,tier3_bnc_coca+bnc_coca_band_9k+grade_estimate_11+general_or_nonacademic
impersonate,8443,162,11,0,v,tier3_bnc_coca+bnc_coca_band_9k+grade_estimate_11+general_or_nonacademic
impinge,8444,361,11,0,n,tier3_bnc_coca+bnc_coca_band_9k+grade_estimate_11+general_or_nonacademic
implore,8445,144,11,0,n,tier3_bnc_coca+bnc_coca_band_9k+grade_estimate_11+general_or_nonacademic
impotence,8446,174,11,0,n,tier3_bnc_coca+bnc_coca_band_9k+grade_estimate_11+general_or_nonacademic
impromptu,8447,164,11,0,n,tier3_bnc_coca+bnc_coca_band_9k+grade_estimate_11+general_or_nonacademic
incapacitate,8448,175,11,0,v,tier3_bnc_coca+bnc_coca_band_9k+grade_estimate_11+general_or_nonacademic
incriminate,8449,244,11,0,v,tier3_bnc_coca+bnc_coca_band_9k+grade_estimate_11+general_or_nonacademic
incursion,8450,169,11,0,n,tier3_bnc_coca+bnc_coca_band_9k+grade_estimate_11+general_or_nonacademic
indemnity,8451,771,11,0,n,tier3_bnc_coca+bnc_coca_band_9k+grade_estimate_11+general_or_nonacademic
indie,8452,288,11,0,n,tier3_bnc_coca+bnc_coca_band_9k+grade_estimate_11+general_or_nonacademic
indoctrinate,8453,139,11,0,v,tier3_bnc_coca+bnc_coca_band_9k+grade_estimate_11+general_or_nonacademic
ineffectual,8454,208,11,0,adj,tier3_bnc_coca+bnc_coca_band_9k+grade_estimate_11+general_or_nonacademic
inept,8455,195,11,0,adj,tier3_bnc_coca+bnc_coca_band_9k+grade_estimate_11+general_or_nonacademic
infarct,8456,379,11,0,n,tier3_bnc_coca+bnc_coca_band_9k+grade_estimate_11+general_or_nonacademic
infatuate,8457,172,11,0,v,tier3_bnc_coca+bnc_coca_band_9k+grade_estimate_11+general_or_nonacademic
infirm,8458,232,11,0,n,tier3_bnc_coca+bnc_coca_band_9k+grade_estimate_11+general_or_nonacademic
infirmary,8459,524,11,0,n,tier3_bnc_coca+bnc_coca_band_9k+grade_estimate_11+general_or_nonacademic
ingrain,8460,134,11,0,v,tier3_bnc_coca+bnc_coca_band_9k+grade_estimate_11+general_or_nonacademic
inlay,8461,295,11,0,v,tier3_bnc_coca+bnc_coca_band_9k+grade_estimate_11+general_or_nonacademic
innocuous,8462,199,11,0,adj,tier3_bnc_coca+bnc_coca_band_9k+grade_estimate_11+general_or_nonacademic
innuendo,8463,118,11,0,n,tier3_bnc_coca+bnc_coca_band_9k+grade_estimate_11+general_or_nonacademic
inoculate,8464,150,11,0,v,tier3_bnc_coca+bnc_coca_band_9k+grade_estimate_11+general_or_nonacademic
inordinate,8465,883,11,0,adj,tier3_bnc_coca+bnc_coca_band_9k+grade_estimate_11+general_or_nonacademic
inquest,8466,928,11,0,n,tier3_bnc_coca+bnc_coca_band_9k+grade_estimate_11+general_or_nonacademic
inquisitive,8467,195,11,0,adj,tier3_bnc_coca+bnc_coca_band_9k+grade_estimate_11+general_or_nonacademic
insecticide,8468,192,11,0,n,tier3_bnc_coca+bnc_coca_band_9k+grade_estimate_11+general_or_nonacademic
insignia,8469,283,11,0,n,tier3_bnc_coca+bnc_coca_band_9k+grade_estimate_11+general_or_nonacademic
insinuate,8470,146,11,0,v,tier3_bnc_coca+bnc_coca_band_9k+grade_estimate_11+general_or_nonacademic
insomnia,8471,138,11,0,n,tier3_bnc_coca+bnc_coca_band_9k+grade_estimate_11+general_or_nonacademic
insurrection,8472,179,11,0,n,tier3_bnc_coca+bnc_coca_band_9k+grade_estimate_11+general_or_nonacademic
intelligentsia,8473,259,11,0,n,tier3_bnc_coca+bnc_coca_band_9k+grade_estimate_11+general_or_nonacademic
interject,8474,169,11,0,v,tier3_bnc_coca+bnc_coca_band_9k+grade_estimate_11+general_or_nonacademic
interlude,8475,232,11,0,n,tier3_bnc_coca+bnc_coca_band_9k+grade_estimate_11+general_or_nonacademic
interminable,8476,197,11,0,adj,tier3_bnc_coca+bnc_coca_band_9k+grade_estimate_11+general_or_nonacademic
intersperse,8477,249,11,0,n,tier3_bnc_coca+bnc_coca_band_9k+grade_estimate_11+general_or_nonacademic
interweave,8478,167,11,0,n,tier3_bnc_coca+bnc_coca_band_9k+grade_estimate_11+general_or_nonacademic
intifada,8479,174,11,0,n,tier3_bnc_coca+bnc_coca_band_9k+grade_estimate_11+general_or_nonacademic
intricacy,8480,175,11,0,n,tier3_bnc_coca+bnc_coca_band_9k+grade_estimate_11+general_or_nonacademic
irradiate,8481,305,11,0,v,tier3_bnc_coca+bnc_coca_band_9k+grade_estimate_11+general_or_nonacademic
jarring,8482,138,11,0,adj,tier3_bnc_coca+bnc_coca_band_9k+grade_estimate_11+general_or_nonacademic
jasmine,8483,155,11,0,n,tier3_bnc_coca+bnc_coca_band_9k+grade_estimate_11+general_or_nonacademic
jeer,8484,284,11,0,v,tier3_bnc_coca+bnc_coca_band_9k+grade_estimate_11+general_or_nonacademic
jest,8485,211,11,0,v,tier3_bnc_coca+bnc_coca_band_9k+grade_estimate_11+general_or_nonacademic
jigsaw,8486,321,11,0,n,tier3_bnc_coca+bnc_coca_band_9k+grade_estimate_11+general_or_nonacademic
jihad,8487,116,11,0,n,tier3_bnc_coca+bnc_coca_band_9k+grade_estimate_11+general_or_nonacademic
jingle,8488,173,11,0,n,tier3_bnc_coca+bnc_coca_band_9k+grade_estimate_11+general_or_nonacademic
jitter,8489,139,11,0,n,tier3_bnc_coca+bnc_coca_band_9k+grade_estimate_11+general_or_nonacademic
jumbo,8490,236,11,0,n,tier3_bnc_coca+bnc_coca_band_9k+grade_estimate_11+general_or_nonacademic
juncture,8491,169,11,0,n,tier3_bnc_coca+bnc_coca_band_9k+grade_estimate_11+general_or_nonacademic
junkie,8492,152,11,0,n,tier3_bnc_coca+bnc_coca_band_9k+grade_estimate_11+general_or_nonacademic
junta,8493,216,11,0,n,tier3_bnc_coca+bnc_coca_band_9k+grade_estimate_11+general_or_nonacademic
keel,8495,248,11,0,v,tier3_bnc_coca+bnc_coca_band_9k+grade_estimate_11+general_or_nonacademic
kiln,8496,317,11,0,n,tier3_bnc_coca+bnc_coca_band_9k+grade_estimate_11+general_or_nonacademic
kilo,8497,354,11,0,n,tier3_bnc_coca+bnc_coca_band_9k+grade_estimate_11+general_or_nonacademic
kilowatt,8498,255,11,0,n,tier3_bnc_coca+bnc_coca_band_9k+grade_estimate_11+general_or_nonacademic
kink,8499,211,11,0,n,tier3_bnc_coca+bnc_coca_band_9k+grade_estimate_11+general_or_nonacademic
kiwi,8500,272,11,0,n,tier3_bnc_coca+bnc_coca_band_9k+grade_estimate_11+general_or_nonacademic
knead,8501,172,11,0,v,tier3_bnc_coca+bnc_coca_band_9k+grade_estimate_11+general_or_nonacademic
lager,8502,572,11,0,n,tier3_bnc_coca+bnc_coca_band_9k+grade_estimate_11+general_or_nonacademic
laity,8503,268,11,0,n,tier3_bnc_coca+bnc_coca_band_9k+grade_estimate_11+general_or_nonacademic
landlady,8504,347,11,0,n,tier3_bnc_coca+bnc_coca_band_9k+grade_estimate_11+general_or_nonacademic
languid,8505,216,11,0,adj,tier3_bnc_coca+bnc_coca_band_9k+grade_estimate_11+general_or_nonacademic
languish,8506,161,11,0,v,tier3_bnc_coca+bnc_coca_band_9k+grade_estimate_11+general_or_nonacademic
lapel,8507,185,11,0,n,tier3_bnc_coca+bnc_coca_band_9k+grade_estimate_11+general_or_nonacademic
lapped,8508,258,11,0,n,tier3_bnc_coca+bnc_coca_band_9k+grade_estimate_11+general_or_nonacademic
laurel,8509,323,11,0,n,tier3_bnc_coca+bnc_coca_band_9k+grade_estimate_11+general_or_nonacademic
leach,8510,377,11,0,v,tier3_bnc_coca+bnc_coca_band_9k+grade_estimate_11+general_or_nonacademic
leek,8511,258,11,0,n,tier3_bnc_coca+bnc_coca_band_9k+grade_estimate_11+general_or_nonacademic
leer,8512,211,11,0,v,tier3_bnc_coca+bnc_coca_band_9k+grade_estimate_11+general_or_nonacademic
legible,8513,227,11,0,adj,tier3_bnc_coca+bnc_coca_band_9k+grade_estimate_11+general_or_nonacademic
lethargy,8514,235,11,0,n,tier3_bnc_coca+bnc_coca_band_9k+grade_estimate_11+general_or_nonacademic
lichen,8515,240,11,0,v,tier3_bnc_coca+bnc_coca_band_9k+grade_estimate_11+general_or_nonacademic
lifeline,8516,226,11,0,n,tier3_bnc_coca+bnc_coca_band_9k+grade_estimate_11+general_or_nonacademic
lilac,8517,211,11,0,n,tier3_bnc_coca+bnc_coca_band_9k+grade_estimate_11+general_or_nonacademic
limbo,8518,181,11,0,n,tier3_bnc_coca+bnc_coca_band_9k+grade_estimate_11+general_or_nonacademic
limelight,8519,213,11,0,n,tier3_bnc_coca+bnc_coca_band_9k+grade_estimate_11+general_or_nonacademic
ling,8520,248,11,0,n,tier3_bnc_coca+bnc_coca_band_9k+grade_estimate_11+general_or_nonacademic
lipid,8521,365,11,0,n,tier3_bnc_coca+bnc_coca_band_9k+grade_estimate_11+general_or_nonacademic
litany,8522,147,11,0,n,tier3_bnc_coca+bnc_coca_band_9k+grade_estimate_11+general_or_nonacademic
lithograph,8523,155,11,0,v,tier3_bnc_coca+bnc_coca_band_9k+grade_estimate_11+general_or_nonacademic
livery,8524,356,11,0,n,tier3_bnc_coca+bnc_coca_band_9k+grade_estimate_11+general_or_nonacademic
lob,8525,296,11,0,n,tier3_bnc_coca+bnc_coca_band_9k+grade_estimate_11+general_or_nonacademic
locale,8526,100,11,0,n,tier3_bnc_coca+bnc_coca_band_9k+grade_estimate_11+general_or_nonacademic
loo,8527,486,11,0,n,tier3_bnc_coca+bnc_coca_band_9k+grade_estimate_11+general_or_nonacademic
lore,8528,176,11,0,n,tier3_bnc_coca+bnc_coca_band_9k+grade_estimate_11+general_or_nonacademic
louse,8529,243,11,0,n,tier3_bnc_coca+bnc_coca_band_9k+grade_estimate_11+general_or_nonacademic
lubricate,8530,162,11,0,v,tier3_bnc_coca+bnc_coca_band_9k+grade_estimate_11+general_or_nonacademic
lukewarm,8531,173,11,0,adj,tier3_bnc_coca+bnc_coca_band_9k+grade_estimate_11+general_or_nonacademic
lurid,8532,185,11,0,adj,tier3_bnc_coca+bnc_coca_band_9k+grade_estimate_11+general_or_nonacademic
lymph,8533,189,11,0,n,tier3_bnc_coca+bnc_coca_band_9k+grade_estimate_11+general_or_nonacademic
lymphocyte,8534,413,11,0,n,tier3_bnc_coca+bnc_coca_band_9k+grade_estimate_11+general_or_nonacademic
lymphoma,8535,313,11,0,n,tier3_bnc_coca+bnc_coca_band_9k+grade_estimate_11+general_or_nonacademic
magnate,8536,369,11,0,v,tier3_bnc_coca+bnc_coca_band_9k+grade_estimate_11+general_or_nonacademic
magnolia,8537,112,11,0,n,tier3_bnc_coca+bnc_coca_band_9k+grade_estimate_11+general_or_nonacademic
maim,8538,146,11,0,v,tier3_bnc_coca+bnc_coca_band_9k+grade_estimate_11+general_or_nonacademic
mainstay,8539,150,11,0,n,tier3_bnc_coca+bnc_coca_band_9k+grade_estimate_11+general_or_nonacademic
malevolent,8540,212,11,0,adj,tier3_bnc_coca+bnc_coca_band_9k+grade_estimate_11+general_or_nonacademic
malfunction,8541,149,11,0,v,tier3_bnc_coca+bnc_coca_band_9k+grade_estimate_11+general_or_nonacademic
malnutrition,8542,191,11,0,n,tier3_bnc_coca+bnc_coca_band_9k+grade_estimate_11+general_or_nonacademic
mane,8543,203,11,0,n,tier3_bnc_coca+bnc_coca_band_9k+grade_estimate_11+general_or_nonacademic
mangle,8544,190,11,0,n,tier3_bnc_coca+bnc_coca_band_9k+grade_estimate_11+general_or_nonacademic
mania,8545,198,11,0,n,tier3_bnc_coca+bnc_coca_band_9k+grade_estimate_11+general_or_nonacademic
marina,8546,487,11,0,n,tier3_bnc_coca+bnc_coca_band_9k+grade_estimate_11+general_or_nonacademic
martini,8547,140,11,0,n,tier3_bnc_coca+bnc_coca_band_9k+grade_estimate_11+general_or_nonacademic
mascara,8548,162,11,0,n,tier3_bnc_coca+bnc_coca_band_9k+grade_estimate_11+general_or_nonacademic
masons,8549,247,11,0,n,tier3_bnc_coca+bnc_coca_band_9k+grade_estimate_11+general_or_nonacademic
matrimony,8550,377,11,0,n,tier3_bnc_coca+bnc_coca_band_9k+grade_estimate_11+general_or_nonacademic
maximal,8551,204,11,0,adj,tier3_bnc_coca+bnc_coca_band_9k+grade_estimate_11+general_or_nonacademic
mayhem,8552,165,11,0,n,tier3_bnc_coca+bnc_coca_band_9k+grade_estimate_11+general_or_nonacademic
meaner,8553,165,11,0,n,tier3_bnc_coca+bnc_coca_band_9k+grade_estimate_11+general_or_nonacademic
medallion,8554,172,11,0,n,tier3_bnc_coca+bnc_coca_band_9k+grade_estimate_11+general_or_nonacademic
meddle,8555,207,11,0,n,tier3_bnc_coca+bnc_coca_band_9k+grade_estimate_11+general_or_nonacademic
medley,8556,148,11,0,n,tier3_bnc_coca+bnc_coca_band_9k+grade_estimate_11+general_or_nonacademic
melodrama,8557,175,11,0,n,tier3_bnc_coca+bnc_coca_band_9k+grade_estimate_11+general_or_nonacademic
memento,8558,185,11,0,n,tier3_bnc_coca+bnc_coca_band_9k+grade_estimate_11+general_or_nonacademic
meningitis,8559,234,11,0,n,tier3_bnc_coca+bnc_coca_band_9k+grade_estimate_11+general_or_nonacademic
mermaid,8560,139,11,0,n,tier3_bnc_coca+bnc_coca_band_9k+grade_estimate_11+general_or_nonacademic
meteorological,8561,225,11,0,adj,tier3_bnc_coca+bnc_coca_band_9k+grade_estimate_11+general_or_nonacademic
microbiology,8562,173,11,1,n,tier3_bnc_coca+bnc_coca_band_9k+grade_estimate_11+academic_exact
microcomputer,8563,741,11,0,n,tier3_bnc_coca+bnc_coca_band_9k+grade_estimate_11+general_or_nonacademic
microorganism,8564,155,11,0,n,tier3_bnc_coca+bnc_coca_band_9k+grade_estimate_11+general_or_nonacademic
millet,8565,197,11,0,n,tier3_bnc_coca+bnc_coca_band_9k+grade_estimate_11+general_or_nonacademic
mire,8566,157,11,0,n,tier3_bnc_coca+bnc_coca_band_9k+grade_estimate_11+general_or_nonacademic
miscellaneous,8567,248,11,0,adj,tier3_bnc_coca+bnc_coca_band_9k+grade_estimate_11+general_or_nonacademic
mishap,8568,163,11,0,n,tier3_bnc_coca+bnc_coca_band_9k+grade_estimate_11+general_or_nonacademic
mitochondria,8569,203,11,0,n,tier3_bnc_coca+bnc_coca_band_9k+grade_estimate_11+general_or_nonacademic
moat,8570,343,11,0,v,tier3_bnc_coca+bnc_coca_band_9k+grade_estimate_11+general_or_nonacademic
moderated,8571,384,11,0,n,tier3_bnc_coca+bnc_coca_band_9k+grade_estimate_11+general_or_nonacademic
moi,8572,240,11,0,n,tier3_bnc_coca+bnc_coca_band_9k+grade_estimate_11+general_or_nonacademic
molar,8573,489,11,0,n,tier3_bnc_coca+bnc_coca_band_9k+grade_estimate_11+general_or_nonacademic
monde,8574,318,11,0,n,tier3_bnc_coca+bnc_coca_band_9k+grade_estimate_11+general_or_nonacademic
monochrome,8575,174,11,0,n,tier3_bnc_coca+bnc_coca_band_9k+grade_estimate_11+general_or_nonacademic
monogamy,8576,172,11,0,n,tier3_bnc_coca+bnc_coca_band_9k+grade_estimate_11+general_or_nonacademic
monsieur,8577,559,11,0,n,tier3_bnc_coca+bnc_coca_band_9k+grade_estimate_11+general_or_nonacademic
mormon,8579,58,11,0,n,tier3_bnc_coca+bnc_coca_band_9k+grade_estimate_11+general_or_nonacademic
morphine,8580,169,11,0,n,tier3_bnc_coca+bnc_coca_band_9k+grade_estimate_11+general_or_nonacademic
mottle,8581,159,11,0,n,tier3_bnc_coca+bnc_coca_band_9k+grade_estimate_11+general_or_nonacademic
mournful,8582,184,11,0,adj,tier3_bnc_coca+bnc_coca_band_9k+grade_estimate_11+general_or_nonacademic
mousse,8583,241,11,0,n,tier3_bnc_coca+bnc_coca_band_9k+grade_estimate_11+general_or_nonacademic
mulch,8585,119,11,0,v,tier3_bnc_coca+bnc_coca_band_9k+grade_estimate_11+general_or_nonacademic
mull,8586,277,11,0,v,tier3_bnc_coca+bnc_coca_band_9k+grade_estimate_11+general_or_nonacademic
multidisciplinary,8587,192,11,0,n,tier3_bnc_coca+bnc_coca_band_9k+grade_estimate_11+general_or_nonacademic
multivariate,8588,90,11,0,v,tier3_bnc_coca+bnc_coca_band_9k+grade_estimate_11+general_or_nonacademic
munition,8589,170,11,0,n,tier3_bnc_coca+bnc_coca_band_9k+grade_estimate_11+general_or_nonacademic
mush,8590,136,11,0,n,tier3_bnc_coca+bnc_coca_band_9k+grade_estimate_11+general_or_nonacademic
mystique,8592,166,11,0,n,tier3_bnc_coca+bnc_coca_band_9k+grade_estimate_11+general_or_nonacademic
nape,8593,221,11,0,n,tier3_bnc_coca+bnc_coca_band_9k+grade_estimate_11+general_or_nonacademic
napkin,8594,303,11,0,n,tier3_bnc_coca+bnc_coca_band_9k+grade_estimate_11+general_or_nonacademic
nebula,8595,92,11,0,n,tier3_bnc_coca+bnc_coca_band_9k+grade_estimate_11+general_or_nonacademic
nettle,8597,301,11,0,n,tier3_bnc_coca+bnc_coca_band_9k+grade_estimate_11+general_or_nonacademic
nimble,8598,189,11,0,n,tier3_bnc_coca+bnc_coca_band_9k+grade_estimate_11+general_or_nonacademic
nocturnal,8599,229,11,0,adj,tier3_bnc_coca+bnc_coca_band_9k+grade_estimate_11+general_or_nonacademic
nonchalant,8600,195,11,0,adj,tier3_bnc_coca+bnc_coca_band_9k+grade_estimate_11+general_or_nonacademic
nook,8601,130,11,0,n,tier3_bnc_coca+bnc_coca_band_9k+grade_estimate_11+general_or_nonacademic
nordic,8602,203,11,0,adj,tier3_bnc_coca+bnc_coca_band_9k+grade_estimate_11+general_or_nonacademic
notoriety,8603,143,11,0,n,tier3_bnc_coca+bnc_coca_band_9k+grade_estimate_11+general_or_nonacademic
noxious,8604,176,11,0,adj,tier3_bnc_coca+bnc_coca_band_9k+grade_estimate_11+general_or_nonacademic
nutmeg,8606,143,11,0,n,tier3_bnc_coca+bnc_coca_band_9k+grade_estimate_11+general_or_nonacademic
nutritious,8607,157,11,0,adj,tier3_bnc_coca+bnc_coca_band_9k+grade_estimate_11+general_or_nonacademic
nutty,8608,535,11,0,n,tier3_bnc_coca+bnc_coca_band_9k+grade_estimate_11+general_or_nonacademic
oar,8609,205,11,0,n,tier3_bnc_coca+bnc_coca_band_9k+grade_estimate_11+general_or_nonacademic
obnoxious,8610,152,11,0,adj,tier3_bnc_coca+bnc_coca_band_9k+grade_estimate_11+general_or_nonacademic
obstinate,8611,294,11,0,adj,tier3_bnc_coca+bnc_coca_band_9k+grade_estimate_11+general_or_nonacademic
obtrusive,8612,324,11,0,adj,tier3_bnc_coca+bnc_coca_band_9k+grade_estimate_11+general_or_nonacademic
occult,8613,267,11,0,n,tier3_bnc_coca+bnc_coca_band_9k+grade_estimate_11+general_or_nonacademic
odyssey,8616,127,11,0,n,tier3_bnc_coca+bnc_coca_band_9k+grade_estimate_11+general_or_nonacademic
ombudsman,8617,334,11,0,n,tier3_bnc_coca+bnc_coca_band_9k+grade_estimate_11+general_or_nonacademic
omelette,8618,160,11,0,n,tier3_bnc_coca+bnc_coca_band_9k+grade_estimate_11+general_or_nonacademic
omen,8619,252,11,0,v,tier3_bnc_coca+bnc_coca_band_9k+grade_estimate_11+general_or_nonacademic
onerous,8620,242,11,0,adj,tier3_bnc_coca+bnc_coca_band_9k+grade_estimate_11+general_or_nonacademic
opulent,8621,196,11,0,adj,tier3_bnc_coca+bnc_coca_band_9k+grade_estimate_11+general_or_nonacademic
ordnance,8622,395,11,0,n,tier3_bnc_coca+bnc_coca_band_9k+grade_estimate_11+general_or_nonacademic
orgy,8623,226,11,0,n,tier3_bnc_coca+bnc_coca_band_9k+grade_estimate_11+general_or_nonacademic
orthopaedic,8624,210,11,0,adj,tier3_bnc_coca+bnc_coca_band_9k+grade_estimate_11+general_or_nonacademic
ostentatious,8625,193,11,0,adj,tier3_bnc_coca+bnc_coca_band_9k+grade_estimate_11+general_or_nonacademic
osteoporosis,8626,106,11,1,n,tier3_bnc_coca+bnc_coca_band_9k+grade_estimate_11+academic_suffix
outcast,8627,175,11,0,n,tier3_bnc_coca+bnc_coca_band_9k+grade_estimate_11+general_or_nonacademic
outgrow,8628,156,11,0,v,tier3_bnc_coca+bnc_coca_band_9k+grade_estimate_11+general_or_nonacademic
outlying,8629,203,11,0,n,tier3_bnc_coca+bnc_coca_band_9k+grade_estimate_11+general_or_nonacademic
outstrip,8630,233,11,0,n,tier3_bnc_coca+bnc_coca_band_9k+grade_estimate_11+general_or_nonacademic
ovation,8631,217,11,0,n,tier3_bnc_coca+bnc_coca_band_9k+grade_estimate_11+general_or_nonacademic
overalls,8632,220,11,0,n,tier3_bnc_coca+bnc_coca_band_9k+grade_estimate_11+general_or_nonacademic
overdraft,8633,407,11,0,n,tier3_bnc_coca+bnc_coca_band_9k+grade_estimate_11+general_or_nonacademic
oxidant,8634,87,11,0,n,tier3_bnc_coca+bnc_coca_band_9k+grade_estimate_11+general_or_nonacademic
pallet,8635,157,11,0,n,tier3_bnc_coca+bnc_coca_band_9k+grade_estimate_11+general_or_nonacademic
panda,8636,236,11,0,n,tier3_bnc_coca+bnc_coca_band_9k+grade_estimate_11+general_or_nonacademic
paramedic,8637,135,11,0,adj,tier3_bnc_coca+bnc_coca_band_9k+grade_estimate_11+general_or_nonacademic
parch,8638,134,11,0,v,tier3_bnc_coca+bnc_coca_band_9k+grade_estimate_11+general_or_nonacademic
pare,8639,176,11,0,n,tier3_bnc_coca+bnc_coca_band_9k+grade_estimate_11+general_or_nonacademic
parse,8640,364,11,0,n,tier3_bnc_coca+bnc_coca_band_9k+grade_estimate_11+general_or_nonacademic
partake,8641,137,11,0,n,tier3_bnc_coca+bnc_coca_band_9k+grade_estimate_11+general_or_nonacademic
patchy,8642,338,11,0,n,tier3_bnc_coca+bnc_coca_band_9k+grade_estimate_11+general_or_nonacademic
peacock,8643,570,11,0,n,tier3_bnc_coca+bnc_coca_band_9k+grade_estimate_11+general_or_nonacademic
penchant,8644,162,11,0,n,tier3_bnc_coca+bnc_coca_band_9k+grade_estimate_11+general_or_nonacademic
penicillin,8645,262,11,0,n,tier3_bnc_coca+bnc_coca_band_9k+grade_estimate_11+general_or_nonacademic
peregrine,8646,233,11,0,n,tier3_bnc_coca+bnc_coca_band_9k+grade_estimate_11+general_or_nonacademic
perestroika,8647,200,11,0,n,tier3_bnc_coca+bnc_coca_band_9k+grade_estimate_11+general_or_nonacademic
perjury,8648,94,11,0,n,tier3_bnc_coca+bnc_coca_band_9k+grade_estimate_11+general_or_nonacademic
perm,8649,512,11,0,v,tier3_bnc_coca+bnc_coca_band_9k+grade_estimate_11+general_or_nonacademic
permissive,8650,334,11,0,adj,tier3_bnc_coca+bnc_coca_band_9k+grade_estimate_11+general_or_nonacademic
pernicious,8651,184,11,0,adj,tier3_bnc_coca+bnc_coca_band_9k+grade_estimate_11+general_or_nonacademic
peruse,8653,172,11,0,n,tier3_bnc_coca+bnc_coca_band_9k+grade_estimate_11+general_or_nonacademic
peso,8654,118,11,0,n,tier3_bnc_coca+bnc_coca_band_9k+grade_estimate_11+general_or_nonacademic
pessimism,8655,190,11,0,n,tier3_bnc_coca+bnc_coca_band_9k+grade_estimate_11+general_or_nonacademic
petite,8656,160,11,0,n,tier3_bnc_coca+bnc_coca_band_9k+grade_estimate_11+general_or_nonacademic
petrify,8657,193,11,0,v,tier3_bnc_coca+bnc_coca_band_9k+grade_estimate_11+general_or_nonacademic
pharaoh,8658,194,11,0,n,tier3_bnc_coca+bnc_coca_band_9k+grade_estimate_11+general_or_nonacademic
phenomenology,8659,175,11,1,n,tier3_bnc_coca+bnc_coca_band_9k+grade_estimate_11+academic_suffix
philharmonic,8660,240,11,0,adj,tier3_bnc_coca+bnc_coca_band_9k+grade_estimate_11+general_or_nonacademic
phobia,8661,175,11,1,n,tier3_bnc_coca+bnc_coca_band_9k+grade_estimate_11+academic_suffix
phonetic,8662,432,11,0,adj,tier3_bnc_coca+bnc_coca_band_9k+grade_estimate_11+general_or_nonacademic
phosphorus,8663,208,11,0,n,tier3_bnc_coca+bnc_coca_band_9k+grade_estimate_11+general_or_nonacademic
photosynthesis,8664,217,11,0,v,tier3_bnc_coca+bnc_coca_band_9k+grade_estimate_11+general_or_nonacademic
physique,8665,166,11,0,n,tier3_bnc_coca+bnc_coca_band_9k+grade_estimate_11+general_or_nonacademic
piecemeal,8666,265,11,0,adj,tier3_bnc_coca+bnc_coca_band_9k+grade_estimate_11+general_or_nonacademic
pimp,8667,125,11,0,v,tier3_bnc_coca+bnc_coca_band_9k+grade_estimate_11+general_or_nonacademic
piper,8668,898,11,0,n,tier3_bnc_coca+bnc_coca_band_9k+grade_estimate_11+general_or_nonacademic
piracy,8669,141,11,0,n,tier3_bnc_coca+bnc_coca_band_9k+grade_estimate_11+general_or_nonacademic
placate,8670,201,11,0,v,tier3_bnc_coca+bnc_coca_band_9k+grade_estimate_11+general_or_nonacademic
plaid,8671,121,11,0,n,tier3_bnc_coca+bnc_coca_band_9k+grade_estimate_11+general_or_nonacademic
playoff,8672,36,11,0,n,tier3_bnc_coca+bnc_coca_band_9k+grade_estimate_11+general_or_nonacademic
plethora,8673,202,11,0,n,tier3_bnc_coca+bnc_coca_band_9k+grade_estimate_11+general_or_nonacademic
plod,8674,264,11,0,n,tier3_bnc_coca+bnc_coca_band_9k+grade_estimate_11+general_or_nonacademic
polio,8675,185,11,0,n,tier3_bnc_coca+bnc_coca_band_9k+grade_estimate_11+general_or_nonacademic
polity,8676,120,11,0,n,tier3_bnc_coca+bnc_coca_band_9k+grade_estimate_11+general_or_nonacademic
pollster,8677,123,11,0,n,tier3_bnc_coca+bnc_coca_band_9k+grade_estimate_11+general_or_nonacademic
poly,8678,399,11,0,adv,tier3_bnc_coca+bnc_coca_band_9k+grade_estimate_11+general_or_nonacademic
polyp,8679,348,11,0,n,tier3_bnc_coca+bnc_coca_band_9k+grade_estimate_11+general_or_nonacademic
poplar,8680,173,11,0,n,tier3_bnc_coca+bnc_coca_band_9k+grade_estimate_11+general_or_nonacademic
populace,8681,177,11,0,n,tier3_bnc_coca+bnc_coca_band_9k+grade_estimate_11+general_or_nonacademic
por,8682,75,11,0,n,tier3_bnc_coca+bnc_coca_band_9k+grade_estimate_11+general_or_nonacademic
posse,8684,120,11,0,n,tier3_bnc_coca+bnc_coca_band_9k+grade_estimate_11+general_or_nonacademic
posthumous,8685,217,11,0,adj,tier3_bnc_coca+bnc_coca_band_9k+grade_estimate_11+general_or_nonacademic
postoperative,8686,101,11,0,adj,tier3_bnc_coca+bnc_coca_band_9k+grade_estimate_11+general_or_nonacademic
pragmatism,8687,224,11,0,n,tier3_bnc_coca+bnc_coca_band_9k+grade_estimate_11+general_or_nonacademic
prawn,8688,431,11,0,n,tier3_bnc_coca+bnc_coca_band_9k+grade_estimate_11+general_or_nonacademic
precept,8689,207,11,0,n,tier3_bnc_coca+bnc_coca_band_9k+grade_estimate_11+general_or_nonacademic
preponderance,8690,176,11,0,n,tier3_bnc_coca+bnc_coca_band_9k+grade_estimate_11+general_or_nonacademic
preposterous,8691,143,11,0,adj,tier3_bnc_coca+bnc_coca_band_9k+grade_estimate_11+general_or_nonacademic
pretext,8692,221,11,0,n,tier3_bnc_coca+bnc_coca_band_9k+grade_estimate_11+general_or_nonacademic
prim,8693,196,11,0,adj,tier3_bnc_coca+bnc_coca_band_9k+grade_estimate_11+general_or_nonacademic
primordial,8694,135,11,0,adj,tier3_bnc_coca+bnc_coca_band_9k+grade_estimate_11+general_or_nonacademic
prism,8695,125,11,0,n,tier3_bnc_coca+bnc_coca_band_9k+grade_estimate_11+general_or_nonacademic
prodigious,8696,186,11,0,adj,tier3_bnc_coca+bnc_coca_band_9k+grade_estimate_11+general_or_nonacademic
prodigy,8697,138,11,0,n,tier3_bnc_coca+bnc_coca_band_9k+grade_estimate_11+general_or_nonacademic
profane,8698,119,11,0,adj,tier3_bnc_coca+bnc_coca_band_9k+grade_estimate_11+general_or_nonacademic
proffer,8699,240,11,0,v,tier3_bnc_coca+bnc_coca_band_9k+grade_estimate_11+general_or_nonacademic
proletariat,8700,427,11,0,n,tier3_bnc_coca+bnc_coca_band_9k+grade_estimate_11+general_or_nonacademic
prologue,8701,234,11,0,n,tier3_bnc_coca+bnc_coca_band_9k+grade_estimate_11+general_or_nonacademic
prom,8702,113,11,0,n,tier3_bnc_coca+bnc_coca_band_9k+grade_estimate_11+general_or_nonacademic
propulsion,8703,133,11,0,n,tier3_bnc_coca+bnc_coca_band_9k+grade_estimate_11+general_or_nonacademic
prospecting,8704,252,11,0,n,tier3_bnc_coca+bnc_coca_band_9k+grade_estimate_11+general_or_nonacademic
prospectus,8705,348,11,0,n,tier3_bnc_coca+bnc_coca_band_9k+grade_estimate_11+general_or_nonacademic
provenance,8706,224,11,0,n,tier3_bnc_coca+bnc_coca_band_9k+grade_estimate_11+general_or_nonacademic
proviso,8707,343,11,0,n,tier3_bnc_coca+bnc_coca_band_9k+grade_estimate_11+general_or_nonacademic
psychosis,8708,211,11,1,n,tier3_bnc_coca+bnc_coca_band_9k+grade_estimate_11+academic_suffix
psychosocial,8709,78,11,0,adj,tier3_bnc_coca+bnc_coca_band_9k+grade_estimate_11+general_or_nonacademic
puberty,8710,174,11,0,n,tier3_bnc_coca+bnc_coca_band_9k+grade_estimate_11+general_or_nonacademic
pulsar,8711,262,11,0,n,tier3_bnc_coca+bnc_coca_band_9k+grade_estimate_11+general_or_nonacademic
pulsate,8712,162,11,0,v,tier3_bnc_coca+bnc_coca_band_9k+grade_estimate_11+general_or_nonacademic
punter,8713,474,11,0,n,tier3_bnc_coca+bnc_coca_band_9k+grade_estimate_11+general_or_nonacademic
pursed,8714,221,11,0,n,tier3_bnc_coca+bnc_coca_band_9k+grade_estimate_11+general_or_nonacademic
pursuant,8715,586,11,0,adj,tier3_bnc_coca+bnc_coca_band_9k+grade_estimate_11+general_or_nonacademic
purvey,8716,165,11,0,v,tier3_bnc_coca+bnc_coca_band_9k+grade_estimate_11+general_or_nonacademic
putative,8717,243,11,0,adj,tier3_bnc_coca+bnc_coca_band_9k+grade_estimate_11+general_or_nonacademic
quad,8719,148,11,0,n,tier3_bnc_coca+bnc_coca_band_9k+grade_estimate_11+general_or_nonacademic
qualm,8720,173,11,0,n,tier3_bnc_coca+bnc_coca_band_9k+grade_estimate_11+general_or_nonacademic
quarantine,8721,176,11,0,n,tier3_bnc_coca+bnc_coca_band_9k+grade_estimate_11+general_or_nonacademic
quartz,8722,276,11,0,n,tier3_bnc_coca+bnc_coca_band_9k+grade_estimate_11+general_or_nonacademic
quash,8723,339,11,0,v,tier3_bnc_coca+bnc_coca_band_9k+grade_estimate_11+general_or_nonacademic
quay,8724,537,11,0,n,tier3_bnc_coca+bnc_coca_band_9k+grade_estimate_11+general_or_nonacademic
qui,8725,109,11,0,n,tier3_bnc_coca+bnc_coca_band_9k+grade_estimate_11+general_or_nonacademic
quintessential,8726,115,11,0,adj,tier3_bnc_coca+bnc_coca_band_9k+grade_estimate_11+general_or_nonacademic
raffle,8727,485,11,0,n,tier3_bnc_coca+bnc_coca_band_9k+grade_estimate_11+general_or_nonacademic
rampage,8728,194,11,0,n,tier3_bnc_coca+bnc_coca_band_9k+grade_estimate_11+general_or_nonacademic
rapture,8729,160,11,0,n,tier3_bnc_coca+bnc_coca_band_9k+grade_estimate_11+general_or_nonacademic
raucous,8730,160,11,0,adj,tier3_bnc_coca+bnc_coca_band_9k+grade_estimate_11+general_or_nonacademic
ravine,8731,158,11,0,n,tier3_bnc_coca+bnc_coca_band_9k+grade_estimate_11+general_or_nonacademic
rebuff,8732,186,11,0,v,tier3_bnc_coca+bnc_coca_band_9k+grade_estimate_11+general_or_nonacademic
rebut,8733,171,11,0,n,tier3_bnc_coca+bnc_coca_band_9k+grade_estimate_11+general_or_nonacademic
reciprocate,8734,217,11,0,v,tier3_bnc_coca+bnc_coca_band_9k+grade_estimate_11+general_or_nonacademic
reciprocity,8735,158,11,0,n,tier3_bnc_coca+bnc_coca_band_9k+grade_estimate_11+general_or_nonacademic
recluse,8736,147,11,0,n,tier3_bnc_coca+bnc_coca_band_9k+grade_estimate_11+general_or_nonacademic
recoup,8737,242,11,0,v,tier3_bnc_coca+bnc_coca_band_9k+grade_estimate_11+general_or_nonacademic
rectal,8738,439,11,0,adj,tier3_bnc_coca+bnc_coca_band_9k+grade_estimate_11+general_or_nonacademic
recuperate,8739,133,11,0,v,tier3_bnc_coca+bnc_coca_band_9k+grade_estimate_11+general_or_nonacademic
reek,8740,184,11,0,v,tier3_bnc_coca+bnc_coca_band_9k+grade_estimate_11+general_or_nonacademic
reflector,8741,158,11,0,n,tier3_bnc_coca+bnc_coca_band_9k+grade_estimate_11+general_or_nonacademic
reflux,8742,478,11,0,n,tier3_bnc_coca+bnc_coca_band_9k+grade_estimate_11+general_or_nonacademic
refuel,8743,222,11,0,v,tier3_bnc_coca+bnc_coca_band_9k+grade_estimate_11+general_or_nonacademic
reggae,8744,207,11,0,n,tier3_bnc_coca+bnc_coca_band_9k+grade_estimate_11+general_or_nonacademic
reissue,8746,238,11,0,n,tier3_bnc_coca+bnc_coca_band_9k+grade_estimate_11+general_or_nonacademic
rejuvenate,8747,169,11,0,v,tier3_bnc_coca+bnc_coca_band_9k+grade_estimate_11+general_or_nonacademic
remand,8748,718,11,0,v,tier3_bnc_coca+bnc_coca_band_9k+grade_estimate_11+general_or_nonacademic
remunerate,8749,588,11,0,v,tier3_bnc_coca+bnc_coca_band_9k+grade_estimate_11+general_or_nonacademic
rendition,8750,111,11,0,n,tier3_bnc_coca+bnc_coca_band_9k+grade_estimate_11+general_or_nonacademic
renegade,8751,127,11,0,n,tier3_bnc_coca+bnc_coca_band_9k+grade_estimate_11+general_or_nonacademic
reparation,8752,178,11,0,n,tier3_bnc_coca+bnc_coca_band_9k+grade_estimate_11+general_or_nonacademic
repertory,8753,212,11,0,n,tier3_bnc_coca+bnc_coca_band_9k+grade_estimate_11+general_or_nonacademic
repose,8754,193,11,0,n,tier3_bnc_coca+bnc_coca_band_9k+grade_estimate_11+general_or_nonacademic
reprieve,8755,317,11,0,n,tier3_bnc_coca+bnc_coca_band_9k+grade_estimate_11+general_or_nonacademic
reprisal,8756,194,11,0,adj,tier3_bnc_coca+bnc_coca_band_9k+grade_estimate_11+general_or_nonacademic
repulse,8757,179,11,0,n,tier3_bnc_coca+bnc_coca_band_9k+grade_estimate_11+general_or_nonacademic
rescind,8758,199,11,0,v,tier3_bnc_coca+bnc_coca_band_9k+grade_estimate_11+general_or_nonacademic
resection,8759,246,11,0,v,tier3_bnc_coca+bnc_coca_band_9k+grade_estimate_11+general_or_nonacademic
reshuffle,8760,665,11,0,n,tier3_bnc_coca+bnc_coca_band_9k+grade_estimate_11+general_or_nonacademic
resonant,8761,196,11,0,adj,tier3_bnc_coca+bnc_coca_band_9k+grade_estimate_11+general_or_nonacademic
restitution,8762,190,11,0,n,tier3_bnc_coca+bnc_coca_band_9k+grade_estimate_11+general_or_nonacademic
resuscitate,8763,229,11,0,v,tier3_bnc_coca+bnc_coca_band_9k+grade_estimate_11+general_or_nonacademic
retrace,8764,232,11,0,n,tier3_bnc_coca+bnc_coca_band_9k+grade_estimate_11+general_or_nonacademic
reverie,8765,144,11,0,n,tier3_bnc_coca+bnc_coca_band_9k+grade_estimate_11+general_or_nonacademic
revs,8766,214,11,0,n,tier3_bnc_coca+bnc_coca_band_9k+grade_estimate_11+general_or_nonacademic
revulsion,8767,214,11,0,n,tier3_bnc_coca+bnc_coca_band_9k+grade_estimate_11+general_or_nonacademic
rife,8768,228,11,0,n,tier3_bnc_coca+bnc_coca_band_9k+grade_estimate_11+general_or_nonacademic
riff,8769,178,11,0,n,tier3_bnc_coca+bnc_coca_band_9k+grade_estimate_11+general_or_nonacademic
roach,8770,383,11,0,n,tier3_bnc_coca+bnc_coca_band_9k+grade_estimate_11+general_or_nonacademic
romanticism,8771,196,11,0,n,tier3_bnc_coca+bnc_coca_band_9k+grade_estimate_11+general_or_nonacademic
rowdy,8772,226,11,0,n,tier3_bnc_coca+bnc_coca_band_9k+grade_estimate_11+general_or_nonacademic
ruby,8773,493,11,0,n,tier3_bnc_coca+bnc_coca_band_9k+grade_estimate_11+general_or_nonacademic
ruddy,8774,207,11,0,n,tier3_bnc_coca+bnc_coca_band_9k+grade_estimate_11+general_or_nonacademic
rue,8775,453,11,0,n,tier3_bnc_coca+bnc_coca_band_9k+grade_estimate_11+general_or_nonacademic
rump,8776,319,11,0,n,tier3_bnc_coca+bnc_coca_band_9k+grade_estimate_11+general_or_nonacademic
rye,8777,494,11,0,n,tier3_bnc_coca+bnc_coca_band_9k+grade_estimate_11+general_or_nonacademic
sac,8778,368,11,0,n,tier3_bnc_coca+bnc_coca_band_9k+grade_estimate_11+general_or_nonacademic
samaritan,8779,221,11,0,n,tier3_bnc_coca+bnc_coca_band_9k+grade_estimate_11+general_or_nonacademic
sanctity,8780,160,11,0,n,tier3_bnc_coca+bnc_coca_band_9k+grade_estimate_11+general_or_nonacademic
sapphire,8781,208,11,0,n,tier3_bnc_coca+bnc_coca_band_9k+grade_estimate_11+general_or_nonacademic
sardine,8782,181,11,0,n,tier3_bnc_coca+bnc_coca_band_9k+grade_estimate_11+general_or_nonacademic
sardonic,8783,348,11,0,adj,tier3_bnc_coca+bnc_coca_band_9k+grade_estimate_11+general_or_nonacademic
sash,8784,215,11,0,n,tier3_bnc_coca+bnc_coca_band_9k+grade_estimate_11+general_or_nonacademic
sauna,8785,336,11,0,n,tier3_bnc_coca+bnc_coca_band_9k+grade_estimate_11+general_or_nonacademic
saunter,8786,197,11,0,v,tier3_bnc_coca+bnc_coca_band_9k+grade_estimate_11+general_or_nonacademic
scald,8787,198,11,0,v,tier3_bnc_coca+bnc_coca_band_9k+grade_estimate_11+general_or_nonacademic
scam,8788,104,11,0,n,tier3_bnc_coca+bnc_coca_band_9k+grade_estimate_11+general_or_nonacademic
scamper,8789,181,11,0,v,tier3_bnc_coca+bnc_coca_band_9k+grade_estimate_11+general_or_nonacademic
scathing,8790,291,11,0,adj,tier3_bnc_coca+bnc_coca_band_9k+grade_estimate_11+general_or_nonacademic
scholastic,8791,117,11,0,adj,tier3_bnc_coca+bnc_coca_band_9k+grade_estimate_11+general_or_nonacademic
sciencefiction,8792,160,11,0,n,tier3_bnc_coca+bnc_coca_band_9k+grade_estimate_11+general_or_nonacademic
sclerosis,8793,173,11,1,n,tier3_bnc_coca+bnc_coca_band_9k+grade_estimate_11+academic_suffix
scourge,8795,185,11,0,n,tier3_bnc_coca+bnc_coca_band_9k+grade_estimate_11+general_or_nonacademic
scrabble,8796,286,11,0,n,tier3_bnc_coca+bnc_coca_band_9k+grade_estimate_11+general_or_nonacademic
scrawl,8797,183,11,0,v,tier3_bnc_coca+bnc_coca_band_9k+grade_estimate_11+general_or_nonacademic
scuffle,8798,203,11,0,n,tier3_bnc_coca+bnc_coca_band_9k+grade_estimate_11+general_or_nonacademic
seconded,8799,839,11,0,n,tier3_bnc_coca+bnc_coca_band_9k+grade_estimate_11+general_or_nonacademic
secondhand,8800,179,11,0,n,tier3_bnc_coca+bnc_coca_band_9k+grade_estimate_11+general_or_nonacademic
sedentary,8801,142,11,0,n,tier3_bnc_coca+bnc_coca_band_9k+grade_estimate_11+general_or_nonacademic
semblance,8802,205,11,0,n,tier3_bnc_coca+bnc_coca_band_9k+grade_estimate_11+general_or_nonacademic
sensuous,8803,240,11,0,adj,tier3_bnc_coca+bnc_coca_band_9k+grade_estimate_11+general_or_nonacademic
sentry,8804,258,11,0,n,tier3_bnc_coca+bnc_coca_band_9k+grade_estimate_11+general_or_nonacademic
sequester,8805,145,11,0,v,tier3_bnc_coca+bnc_coca_band_9k+grade_estimate_11+general_or_nonacademic
serf,8806,379,11,0,n,tier3_bnc_coca+bnc_coca_band_9k+grade_estimate_11+general_or_nonacademic
sesame,8807,128,11,0,n,tier3_bnc_coca+bnc_coca_band_9k+grade_estimate_11+general_or_nonacademic
settee,8808,345,11,0,n,tier3_bnc_coca+bnc_coca_band_9k+grade_estimate_11+general_or_nonacademic
shackle,8809,180,11,0,n,tier3_bnc_coca+bnc_coca_band_9k+grade_estimate_11+general_or_nonacademic
shaggy,8810,172,11,0,n,tier3_bnc_coca+bnc_coca_band_9k+grade_estimate_11+general_or_nonacademic
shank,8811,158,11,0,n,tier3_bnc_coca+bnc_coca_band_9k+grade_estimate_11+general_or_nonacademic
shard,8812,124,11,0,n,tier3_bnc_coca+bnc_coca_band_9k+grade_estimate_11+general_or_nonacademic
sheath,8813,190,11,0,n,tier3_bnc_coca+bnc_coca_band_9k+grade_estimate_11+general_or_nonacademic
sheen,8814,215,11,0,v,tier3_bnc_coca+bnc_coca_band_9k+grade_estimate_11+general_or_nonacademic
sheepish,8815,181,11,0,adj,tier3_bnc_coca+bnc_coca_band_9k+grade_estimate_11+general_or_nonacademic
shiite,8816,67,11,0,n,tier3_bnc_coca+bnc_coca_band_9k+grade_estimate_11+general_or_nonacademic
shoplift,8817,201,11,0,v,tier3_bnc_coca+bnc_coca_band_9k+grade_estimate_11+general_or_nonacademic
shrapnel,8818,146,11,0,n,tier3_bnc_coca+bnc_coca_band_9k+grade_estimate_11+general_or_nonacademic
sickle,8819,189,11,0,n,tier3_bnc_coca+bnc_coca_band_9k+grade_estimate_11+general_or_nonacademic
sieve,8820,315,11,0,n,tier3_bnc_coca+bnc_coca_band_9k+grade_estimate_11+general_or_nonacademic
signatory,8821,380,11,0,n,tier3_bnc_coca+bnc_coca_band_9k+grade_estimate_11+general_or_nonacademic
sire,8822,216,11,0,n,tier3_bnc_coca+bnc_coca_band_9k+grade_estimate_11+general_or_nonacademic
sitcom,8823,101,11,0,n,tier3_bnc_coca+bnc_coca_band_9k+grade_estimate_11+general_or_nonacademic
sizeable,8824,464,11,0,adj,tier3_bnc_coca+bnc_coca_band_9k+grade_estimate_11+general_or_nonacademic
skewer,8825,127,11,0,v,tier3_bnc_coca+bnc_coca_band_9k+grade_estimate_11+general_or_nonacademic
skimp,8826,148,11,0,v,tier3_bnc_coca+bnc_coca_band_9k+grade_estimate_11+general_or_nonacademic
skinhead,8827,303,11,0,n,tier3_bnc_coca+bnc_coca_band_9k+grade_estimate_11+general_or_nonacademic
slacks,8828,110,11,0,n,tier3_bnc_coca+bnc_coca_band_9k+grade_estimate_11+general_or_nonacademic
slalom,8829,205,11,0,n,tier3_bnc_coca+bnc_coca_band_9k+grade_estimate_11+general_or_nonacademic
slander,8830,183,11,0,v,tier3_bnc_coca+bnc_coca_band_9k+grade_estimate_11+general_or_nonacademic
slat,8831,151,11,0,n,tier3_bnc_coca+bnc_coca_band_9k+grade_estimate_11+general_or_nonacademic
slew,8832,126,11,0,v,tier3_bnc_coca+bnc_coca_band_9k+grade_estimate_11+general_or_nonacademic
slink,8833,151,11,0,v,tier3_bnc_coca+bnc_coca_band_9k+grade_estimate_11+general_or_nonacademic
slog,8834,156,11,0,n,tier3_bnc_coca+bnc_coca_band_9k+grade_estimate_11+general_or_nonacademic
slouch,8835,147,11,0,v,tier3_bnc_coca+bnc_coca_band_9k+grade_estimate_11+general_or_nonacademic
slumber,8836,190,11,0,v,tier3_bnc_coca+bnc_coca_band_9k+grade_estimate_11+general_or_nonacademic
smallpox,8837,160,11,0,n,tier3_bnc_coca+bnc_coca_band_9k+grade_estimate_11+general_or_nonacademic
smelted,8838,210,11,0,n,tier3_bnc_coca+bnc_coca_band_9k+grade_estimate_11+general_or_nonacademic
smog,8839,196,11,0,n,tier3_bnc_coca+bnc_coca_band_9k+grade_estimate_11+general_or_nonacademic
snub,8840,313,11,0,n,tier3_bnc_coca+bnc_coca_band_9k+grade_estimate_11+general_or_nonacademic
sociable,8842,303,11,0,adj,tier3_bnc_coca+bnc_coca_band_9k+grade_estimate_11+general_or_nonacademic
soggy,8843,173,11,0,n,tier3_bnc_coca+bnc_coca_band_9k+grade_estimate_11+general_or_nonacademic
solace,8844,154,11,0,n,tier3_bnc_coca+bnc_coca_band_9k+grade_estimate_11+general_or_nonacademic
solder,8845,263,11,0,v,tier3_bnc_coca+bnc_coca_band_9k+grade_estimate_11+general_or_nonacademic
sonar,8846,171,11,0,n,tier3_bnc_coca+bnc_coca_band_9k+grade_estimate_11+general_or_nonacademic
sonic,8847,231,11,0,adj,tier3_bnc_coca+bnc_coca_band_9k+grade_estimate_11+general_or_nonacademic
sordid,8848,196,11,0,adj,tier3_bnc_coca+bnc_coca_band_9k+grade_estimate_11+general_or_nonacademic
sortie,8849,238,11,0,n,tier3_bnc_coca+bnc_coca_band_9k+grade_estimate_11+general_or_nonacademic
spank,8850,118,11,0,v,tier3_bnc_coca+bnc_coca_band_9k+grade_estimate_11+general_or_nonacademic
sparrow,8851,307,11,0,n,tier3_bnc_coca+bnc_coca_band_9k+grade_estimate_11+general_or_nonacademic
spatter,8852,184,11,0,v,tier3_bnc_coca+bnc_coca_band_9k+grade_estimate_11+general_or_nonacademic
speckle,8853,171,11,0,n,tier3_bnc_coca+bnc_coca_band_9k+grade_estimate_11+general_or_nonacademic
speedway,8854,136,11,0,n,tier3_bnc_coca+bnc_coca_band_9k+grade_estimate_11+general_or_nonacademic
spew,8855,141,11,0,v,tier3_bnc_coca+bnc_coca_band_9k+grade_estimate_11+general_or_nonacademic
splatter,8856,144,11,0,v,tier3_bnc_coca+bnc_coca_band_9k+grade_estimate_11+general_or_nonacademic
spontaneity,8858,176,11,0,n,tier3_bnc_coca+bnc_coca_band_9k+grade_estimate_11+general_or_nonacademic
sprain,8859,120,11,0,v,tier3_bnc_coca+bnc_coca_band_9k+grade_estimate_11+general_or_nonacademic
spurious,8860,278,11,0,adj,tier3_bnc_coca+bnc_coca_band_9k+grade_estimate_11+general_or_nonacademic
spurn,8861,181,11,0,v,tier3_bnc_coca+bnc_coca_band_9k+grade_estimate_11+general_or_nonacademic
squawk,8862,158,11,0,v,tier3_bnc_coca+bnc_coca_band_9k+grade_estimate_11+general_or_nonacademic
stag,8863,348,11,0,n,tier3_bnc_coca+bnc_coca_band_9k+grade_estimate_11+general_or_nonacademic
stairwell,8864,120,11,0,n,tier3_bnc_coca+bnc_coca_band_9k+grade_estimate_11+general_or_nonacademic
stalemate,8865,194,11,0,v,tier3_bnc_coca+bnc_coca_band_9k+grade_estimate_11+general_or_nonacademic
stalwart,8866,241,11,0,adj,tier3_bnc_coca+bnc_coca_band_9k+grade_estimate_11+general_or_nonacademic
stanza,8867,195,11,0,n,tier3_bnc_coca+bnc_coca_band_9k+grade_estimate_11+general_or_nonacademic
starboard,8868,180,11,0,n,tier3_bnc_coca+bnc_coca_band_9k+grade_estimate_11+general_or_nonacademic
stash,8869,96,11,0,v,tier3_bnc_coca+bnc_coca_band_9k+grade_estimate_11+general_or_nonacademic
steadfast,8870,164,11,0,adj,tier3_bnc_coca+bnc_coca_band_9k+grade_estimate_11+general_or_nonacademic
steeped,8871,163,11,0,n,tier3_bnc_coca+bnc_coca_band_9k+grade_estimate_11+general_or_nonacademic
stellar,8872,106,11,0,n,tier3_bnc_coca+bnc_coca_band_9k+grade_estimate_11+general_or_nonacademic
stimulant,8873,153,11,0,n,tier3_bnc_coca+bnc_coca_band_9k+grade_estimate_11+general_or_nonacademic
stoke,8874,1169,11,0,n,tier3_bnc_coca+bnc_coca_band_9k+grade_estimate_11+general_or_nonacademic
stricture,8875,439,11,0,n,tier3_bnc_coca+bnc_coca_band_9k+grade_estimate_11+general_or_nonacademic
strident,8876,244,11,0,adj,tier3_bnc_coca+bnc_coca_band_9k+grade_estimate_11+general_or_nonacademic
stubble,8877,255,11,0,n,tier3_bnc_coca+bnc_coca_band_9k+grade_estimate_11+general_or_nonacademic
stucco,8878,124,11,0,v,tier3_bnc_coca+bnc_coca_band_9k+grade_estimate_11+general_or_nonacademic
stuffy,8879,206,11,0,n,tier3_bnc_coca+bnc_coca_band_9k+grade_estimate_11+general_or_nonacademic
stunted,8880,162,11,0,n,tier3_bnc_coca+bnc_coca_band_9k+grade_estimate_11+general_or_nonacademic
subjugate,8881,154,11,0,v,tier3_bnc_coca+bnc_coca_band_9k+grade_estimate_11+general_or_nonacademic
subpoena,8882,77,11,0,v,tier3_bnc_coca+bnc_coca_band_9k+grade_estimate_11+general_or_nonacademic
subservient,8883,208,11,0,adj,tier3_bnc_coca+bnc_coca_band_9k+grade_estimate_11+general_or_nonacademic
subsume,8884,214,11,0,n,tier3_bnc_coca+bnc_coca_band_9k+grade_estimate_11+general_or_nonacademic
subterranean,8885,160,11,0,n,tier3_bnc_coca+bnc_coca_band_9k+grade_estimate_11+general_or_nonacademic
suede,8886,295,11,0,n,tier3_bnc_coca+bnc_coca_band_9k+grade_estimate_11+general_or_nonacademic
suitor,8887,165,11,0,n,tier3_bnc_coca+bnc_coca_band_9k+grade_estimate_11+general_or_nonacademic
sultan,8888,498,11,0,n,tier3_bnc_coca+bnc_coca_band_9k+grade_estimate_11+general_or_nonacademic
sunflower,8889,170,11,0,n,tier3_bnc_coca+bnc_coca_band_9k+grade_estimate_11+general_or_nonacademic
superconducting,8890,162,11,0,n,tier3_bnc_coca+bnc_coca_band_9k+grade_estimate_11+general_or_nonacademic
superfluous,8891,243,11,0,adj,tier3_bnc_coca+bnc_coca_band_9k+grade_estimate_11+general_or_nonacademic
supernova,8892,109,11,0,n,tier3_bnc_coca+bnc_coca_band_9k+grade_estimate_11+general_or_nonacademic
superstitious,8893,179,11,0,adj,tier3_bnc_coca+bnc_coca_band_9k+grade_estimate_11+general_or_nonacademic
sur,8894,266,11,0,n,tier3_bnc_coca+bnc_coca_band_9k+grade_estimate_11+general_or_nonacademic
surcharge,8895,157,11,0,n,tier3_bnc_coca+bnc_coca_band_9k+grade_estimate_11+general_or_nonacademic
surmise,8896,167,11,0,v,tier3_bnc_coca+bnc_coca_band_9k+grade_estimate_11+general_or_nonacademic
surreptitious,8897,203,11,0,adj,tier3_bnc_coca+bnc_coca_band_9k+grade_estimate_11+general_or_nonacademic
swagger,8898,158,11,0,v,tier3_bnc_coca+bnc_coca_band_9k+grade_estimate_11+general_or_nonacademic
swat,8899,78,11,0,n,tier3_bnc_coca+bnc_coca_band_9k+grade_estimate_11+general_or_nonacademic
swipe,8900,147,11,0,n,tier3_bnc_coca+bnc_coca_band_9k+grade_estimate_11+general_or_nonacademic
synchronize,8901,112,11,0,v,tier3_bnc_coca+bnc_coca_band_9k+grade_estimate_11+general_or_nonacademic
synod,8902,348,11,0,n,tier3_bnc_coca+bnc_coca_band_9k+grade_estimate_11+general_or_nonacademic
syphilis,8903,286,11,0,n,tier3_bnc_coca+bnc_coca_band_9k+grade_estimate_11+general_or_nonacademic
tactile,8904,149,11,0,n,tier3_bnc_coca+bnc_coca_band_9k+grade_estimate_11+general_or_nonacademic
tangent,8905,206,11,0,n,tier3_bnc_coca+bnc_coca_band_9k+grade_estimate_11+general_or_nonacademic
tearful,8906,237,11,0,adj,tier3_bnc_coca+bnc_coca_band_9k+grade_estimate_11+general_or_nonacademic
tectonic,8907,303,11,0,adj,tier3_bnc_coca+bnc_coca_band_9k+grade_estimate_11+general_or_nonacademic
teem,8908,165,11,0,v,tier3_bnc_coca+bnc_coca_band_9k+grade_estimate_11+general_or_nonacademic
teeter,8909,133,11,0,v,tier3_bnc_coca+bnc_coca_band_9k+grade_estimate_11+general_or_nonacademic
tenable,8910,249,11,0,adj,tier3_bnc_coca+bnc_coca_band_9k+grade_estimate_11+general_or_nonacademic
tenacious,8911,163,11,0,adj,tier3_bnc_coca+bnc_coca_band_9k+grade_estimate_11+general_or_nonacademic
tendered,8912,692,11,0,n,tier3_bnc_coca+bnc_coca_band_9k+grade_estimate_11+general_or_nonacademic
tenement,8913,271,11,0,n,tier3_bnc_coca+bnc_coca_band_9k+grade_estimate_11+general_or_nonacademic
tern,8914,244,11,0,n,tier3_bnc_coca+bnc_coca_band_9k+grade_estimate_11+general_or_nonacademic
terrier,8915,305,11,0,n,tier3_bnc_coca+bnc_coca_band_9k+grade_estimate_11+general_or_nonacademic
terse,8916,236,11,0,adj,tier3_bnc_coca+bnc_coca_band_9k+grade_estimate_11+general_or_nonacademic
tertiary,8917,403,11,0,n,tier3_bnc_coca+bnc_coca_band_9k+grade_estimate_11+general_or_nonacademic
testicle,8918,169,11,0,n,tier3_bnc_coca+bnc_coca_band_9k+grade_estimate_11+general_or_nonacademic
testimonial,8919,177,11,0,adj,tier3_bnc_coca+bnc_coca_band_9k+grade_estimate_11+general_or_nonacademic
thermostat,8920,213,11,0,n,tier3_bnc_coca+bnc_coca_band_9k+grade_estimate_11+general_or_nonacademic
thistle,8921,320,11,0,n,tier3_bnc_coca+bnc_coca_band_9k+grade_estimate_11+general_or_nonacademic
tiller,8922,339,11,0,n,tier3_bnc_coca+bnc_coca_band_9k+grade_estimate_11+general_or_nonacademic
tiresome,8923,243,11,0,adj,tier3_bnc_coca+bnc_coca_band_9k+grade_estimate_11+general_or_nonacademic
titanium,8924,101,11,0,n,tier3_bnc_coca+bnc_coca_band_9k+grade_estimate_11+general_or_nonacademic
tortilla,8925,56,11,0,n,tier3_bnc_coca+bnc_coca_band_9k+grade_estimate_11+general_or_nonacademic
tot,8926,245,11,0,n,tier3_bnc_coca+bnc_coca_band_9k+grade_estimate_11+general_or_nonacademic
tote,8927,152,11,0,n,tier3_bnc_coca+bnc_coca_band_9k+grade_estimate_11+general_or_nonacademic
totem,8928,201,11,0,n,tier3_bnc_coca+bnc_coca_band_9k+grade_estimate_11+general_or_nonacademic
transatlantic,8929,236,11,0,adj,tier3_bnc_coca+bnc_coca_band_9k+grade_estimate_11+general_or_nonacademic
transfix,8930,135,11,0,v,tier3_bnc_coca+bnc_coca_band_9k+grade_estimate_11+general_or_nonacademic
transpose,8931,260,11,0,n,tier3_bnc_coca+bnc_coca_band_9k+grade_estimate_11+general_or_nonacademic
trappings,8932,188,11,0,n,tier3_bnc_coca+bnc_coca_band_9k+grade_estimate_11+general_or_nonacademic
triad,8933,142,11,0,n,tier3_bnc_coca+bnc_coca_band_9k+grade_estimate_11+general_or_nonacademic
tripod,8935,179,11,0,n,tier3_bnc_coca+bnc_coca_band_9k+grade_estimate_11+general_or_nonacademic
truant,8936,285,11,0,n,tier3_bnc_coca+bnc_coca_band_9k+grade_estimate_11+general_or_nonacademic
truss,8937,244,11,0,v,tier3_bnc_coca+bnc_coca_band_9k+grade_estimate_11+general_or_nonacademic
tsunami,8938,118,11,0,n,tier3_bnc_coca+bnc_coca_band_9k+grade_estimate_11+general_or_nonacademic
tubular,8939,258,11,0,n,tier3_bnc_coca+bnc_coca_band_9k+grade_estimate_11+general_or_nonacademic
tulip,8940,204,11,0,n,tier3_bnc_coca+bnc_coca_band_9k+grade_estimate_11+general_or_nonacademic
turbo,8941,432,11,0,n,tier3_bnc_coca+bnc_coca_band_9k+grade_estimate_11+general_or_nonacademic
turnip,8942,180,11,0,n,tier3_bnc_coca+bnc_coca_band_9k+grade_estimate_11+general_or_nonacademic
twain,8943,78,11,0,n,tier3_bnc_coca+bnc_coca_band_9k+grade_estimate_11+general_or_nonacademic
twitter,8944,94,11,0,v,tier3_bnc_coca+bnc_coca_band_9k+grade_estimate_11+general_or_nonacademic
tycoon,8945,242,11,0,n,tier3_bnc_coca+bnc_coca_band_9k+grade_estimate_11+general_or_nonacademic
ultimatum,8946,201,11,0,n,tier3_bnc_coca+bnc_coca_band_9k+grade_estimate_11+general_or_nonacademic
underclass,8947,254,11,0,n,tier3_bnc_coca+bnc_coca_band_9k+grade_estimate_11+general_or_nonacademic
undergrowth,8948,359,11,0,n,tier3_bnc_coca+bnc_coca_band_9k+grade_estimate_11+general_or_nonacademic
undertaker,8949,393,11,0,n,tier3_bnc_coca+bnc_coca_band_9k+grade_estimate_11+general_or_nonacademic
undervalue,8950,213,11,0,n,tier3_bnc_coca+bnc_coca_band_9k+grade_estimate_11+general_or_nonacademic
underworld,8951,218,11,0,n,tier3_bnc_coca+bnc_coca_band_9k+grade_estimate_11+general_or_nonacademic
une,8952,125,11,0,n,tier3_bnc_coca+bnc_coca_band_9k+grade_estimate_11+general_or_nonacademic
unscathed,8953,180,11,0,n,tier3_bnc_coca+bnc_coca_band_9k+grade_estimate_11+general_or_nonacademic
unwind,8954,227,11,0,v,tier3_bnc_coca+bnc_coca_band_9k+grade_estimate_11+general_or_nonacademic
upbeat,8955,98,11,0,n,tier3_bnc_coca+bnc_coca_band_9k+grade_estimate_11+general_or_nonacademic
uptake,8956,370,11,0,n,tier3_bnc_coca+bnc_coca_band_9k+grade_estimate_11+general_or_nonacademic
urchin,8957,224,11,0,n,tier3_bnc_coca+bnc_coca_band_9k+grade_estimate_11+general_or_nonacademic
uterus,8959,152,11,0,n,tier3_bnc_coca+bnc_coca_band_9k+grade_estimate_11+general_or_nonacademic
valentine,8960,345,11,0,n,tier3_bnc_coca+bnc_coca_band_9k+grade_estimate_11+general_or_nonacademic
valiant,8961,220,11,0,adj,tier3_bnc_coca+bnc_coca_band_9k+grade_estimate_11+general_or_nonacademic
veal,8962,144,11,0,adj,tier3_bnc_coca+bnc_coca_band_9k+grade_estimate_11+general_or_nonacademic
veritable,8963,190,11,0,adj,tier3_bnc_coca+bnc_coca_band_9k+grade_estimate_11+general_or_nonacademic
vertebra,8964,178,11,0,n,tier3_bnc_coca+bnc_coca_band_9k+grade_estimate_11+general_or_nonacademic
vestige,8965,211,11,0,n,tier3_bnc_coca+bnc_coca_band_9k+grade_estimate_11+general_or_nonacademic
vetting,8966,196,11,0,n,tier3_bnc_coca+bnc_coca_band_9k+grade_estimate_11+general_or_nonacademic
virtuoso,8967,224,11,0,n,tier3_bnc_coca+bnc_coca_band_9k+grade_estimate_11+general_or_nonacademic
virulent,8968,188,11,0,adj,tier3_bnc_coca+bnc_coca_band_9k+grade_estimate_11+general_or_nonacademic
visceral,8969,170,11,0,adj,tier3_bnc_coca+bnc_coca_band_9k+grade_estimate_11+general_or_nonacademic
volleyball,8970,87,11,0,n,tier3_bnc_coca+bnc_coca_band_9k+grade_estimate_11+general_or_nonacademic
waffle,8971,148,11,0,n,tier3_bnc_coca+bnc_coca_band_9k+grade_estimate_11+general_or_nonacademic
wager,8972,169,11,0,v,tier3_bnc_coca+bnc_coca_band_9k+grade_estimate_11+general_or_nonacademic
wallow,8973,170,11,0,v,tier3_bnc_coca+bnc_coca_band_9k+grade_estimate_11+general_or_nonacademic
wand,8974,196,11,0,n,tier3_bnc_coca+bnc_coca_band_9k+grade_estimate_11+general_or_nonacademic
warren,8975,913,11,0,v,tier3_bnc_coca+bnc_coca_band_9k+grade_estimate_11+general_or_nonacademic
wart,8976,225,11,0,n,tier3_bnc_coca+bnc_coca_band_9k+grade_estimate_11+general_or_nonacademic
wavy,8977,148,11,0,n,tier3_bnc_coca+bnc_coca_band_9k+grade_estimate_11+general_or_nonacademic
wayward,8978,251,11,0,adj,tier3_bnc_coca+bnc_coca_band_9k+grade_estimate_11+general_or_nonacademic
weaponry,8979,187,11,0,n,tier3_bnc_coca+bnc_coca_band_9k+grade_estimate_11+general_or_nonacademic
weighty,8980,226,11,0,n,tier3_bnc_coca+bnc_coca_band_9k+grade_estimate_11+general_or_nonacademic
whence,8981,239,11,0,n,tier3_bnc_coca+bnc_coca_band_9k+grade_estimate_11+general_or_nonacademic
wherein,8982,159,11,0,n,tier3_bnc_coca+bnc_coca_band_9k+grade_estimate_11+general_or_nonacademic
whereupon,8983,276,11,0,n,tier3_bnc_coca+bnc_coca_band_9k+grade_estimate_11+general_or_nonacademic
whimsy,8984,150,11,0,n,tier3_bnc_coca+bnc_coca_band_9k+grade_estimate_11+general_or_nonacademic
whir,8985,175,11,0,n,tier3_bnc_coca+bnc_coca_band_9k+grade_estimate_11+general_or_nonacademic
whirlwind,8986,159,11,0,n,tier3_bnc_coca+bnc_coca_band_9k+grade_estimate_11+general_or_nonacademic
whittle,8987,181,11,0,n,tier3_bnc_coca+bnc_coca_band_9k+grade_estimate_11+general_or_nonacademic
whoa,8988,83,11,0,n,tier3_bnc_coca+bnc_coca_band_9k+grade_estimate_11+general_or_nonacademic
wholehearted,8989,262,11,0,adj,tier3_bnc_coca+bnc_coca_band_9k+grade_estimate_11+general_or_nonacademic
wicket,8990,1539,11,0,n,tier3_bnc_coca+bnc_coca_band_9k+grade_estimate_11+general_or_nonacademic
wile,8991,186,11,0,n,tier3_bnc_coca+bnc_coca_band_9k+grade_estimate_11+general_or_nonacademic
wimp,8992,170,11,0,n,tier3_bnc_coca+bnc_coca_band_9k+grade_estimate_11+general_or_nonacademic
winch,8993,298,11,0,v,tier3_bnc_coca+bnc_coca_band_9k+grade_estimate_11+general_or_nonacademic
wishful,8994,175,11,0,adj,tier3_bnc_coca+bnc_coca_band_9k+grade_estimate_11+general_or_nonacademic
yelp,8995,165,11,0,v,tier3_bnc_coca+bnc_coca_band_9k+grade_estimate_11+general_or_nonacademic
yoke,8996,204,11,0,n,tier3_bnc_coca+bnc_coca_band_9k+grade_estimate_11+general_or_nonacademic
yon,8997,176,11,0,n,tier3_bnc_coca+bnc_coca_band_9k+grade_estimate_11+general_or_nonacademic
yum,8998,174,11,0,n,tier3_bnc_coca+bnc_coca_band_9k+grade_estimate_11+general_or_nonacademic
yuppy,8999,197,11,0,n,tier3_bnc_coca+bnc_coca_band_9k+grade_estimate_11+general_or_nonacademic
zebra,9000,281,11,0,n,tier3_bnc_coca+bnc_coca_band_9k+grade_estimate_11+general_or_nonacademic
zombie,9001,134,11,0,n,tier3_bnc_coca+bnc_coca_band_9k+grade_estimate_11+general_or_nonacademic
abject,9002,139,12,0,adj,tier3_bnc_coca+bnc_coca_band_10k+grade_estimate_12+general_or_nonacademic
ablaze,9003,162,12,0,n,tier3_bnc_coca+bnc_coca_band_10k+grade_estimate_12+general_or_nonacademic
abode,9004,177,12,0,n,tier3_bnc_coca+bnc_coca_band_10k+grade_estimate_12+general_or_nonacademic
abreast,9005,191,12,0,n,tier3_bnc_coca+bnc_coca_band_10k+grade_estimate_12+general_or_nonacademic
absolve,9006,151,12,0,n,tier3_bnc_coca+bnc_coca_band_10k+grade_estimate_12+general_or_nonacademic
abstention,9007,324,12,0,n,tier3_bnc_coca+bnc_coca_band_10k+grade_estimate_12+general_or_nonacademic
accordion,9008,110,12,0,n,tier3_bnc_coca+bnc_coca_band_10k+grade_estimate_12+general_or_nonacademic
actuary,9009,516,12,0,n,tier3_bnc_coca+bnc_coca_band_10k+grade_estimate_12+general_or_nonacademic
admiralty,9011,296,12,0,n,tier3_bnc_coca+bnc_coca_band_10k+grade_estimate_12+general_or_nonacademic
adverb,9012,250,12,1,n,tier3_bnc_coca+bnc_coca_band_10k+grade_estimate_12+academic_exact
aegis,9013,142,12,0,n,tier3_bnc_coca+bnc_coca_band_10k+grade_estimate_12+general_or_nonacademic
aerate,9014,143,12,0,v,tier3_bnc_coca+bnc_coca_band_10k+grade_estimate_12+general_or_nonacademic
aeronautics,9015,157,12,1,n,tier3_bnc_coca+bnc_coca_band_10k+grade_estimate_12+academic_suffix
afoot,9016,166,12,0,n,tier3_bnc_coca+bnc_coca_band_10k+grade_estimate_12+general_or_nonacademic
aghast,9017,152,12,0,n,tier3_bnc_coca+bnc_coca_band_10k+grade_estimate_12+general_or_nonacademic
agnostic,9018,135,12,0,adj,tier3_bnc_coca+bnc_coca_band_10k+grade_estimate_12+general_or_nonacademic
airlock,9019,84,12,0,n,tier3_bnc_coca+bnc_coca_band_10k+grade_estimate_12+general_or_nonacademic
airwave,9020,82,12,0,n,tier3_bnc_coca+bnc_coca_band_10k+grade_estimate_12+general_or_nonacademic
ajar,9021,125,12,0,n,tier3_bnc_coca+bnc_coca_band_10k+grade_estimate_12+general_or_nonacademic
alder,9022,187,12,0,n,tier3_bnc_coca+bnc_coca_band_10k+grade_estimate_12+general_or_nonacademic
alderman,9023,241,12,0,n,tier3_bnc_coca+bnc_coca_band_10k+grade_estimate_12+general_or_nonacademic
alias,9024,155,12,0,n,tier3_bnc_coca+bnc_coca_band_10k+grade_estimate_12+general_or_nonacademic
altruistic,9025,149,12,0,adj,tier3_bnc_coca+bnc_coca_band_10k+grade_estimate_12+general_or_nonacademic
amalgam,9026,142,12,0,n,tier3_bnc_coca+bnc_coca_band_10k+grade_estimate_12+general_or_nonacademic
ambulate,9027,115,12,0,v,tier3_bnc_coca+bnc_coca_band_10k+grade_estimate_12+general_or_nonacademic
amnesia,9028,123,12,0,n,tier3_bnc_coca+bnc_coca_band_10k+grade_estimate_12+general_or_nonacademic
amphetamine,9029,129,12,0,n,tier3_bnc_coca+bnc_coca_band_10k+grade_estimate_12+general_or_nonacademic
anaerobic,9030,158,12,0,adj,tier3_bnc_coca+bnc_coca_band_10k+grade_estimate_12+general_or_nonacademic
anathema,9031,156,12,0,n,tier3_bnc_coca+bnc_coca_band_10k+grade_estimate_12+general_or_nonacademic
android,9032,176,12,0,n,tier3_bnc_coca+bnc_coca_band_10k+grade_estimate_12+general_or_nonacademic
anemone,9033,247,12,0,n,tier3_bnc_coca+bnc_coca_band_10k+grade_estimate_12+general_or_nonacademic
angst,9034,131,12,0,n,tier3_bnc_coca+bnc_coca_band_10k+grade_estimate_12+general_or_nonacademic
antagonise,9035,170,12,0,v,tier3_bnc_coca+bnc_coca_band_10k+grade_estimate_12+general_or_nonacademic
antipathy,9036,181,12,0,n,tier3_bnc_coca+bnc_coca_band_10k+grade_estimate_12+general_or_nonacademic
antiquarian,9037,235,12,0,n,tier3_bnc_coca+bnc_coca_band_10k+grade_estimate_12+general_or_nonacademic
antiquated,9038,130,12,0,n,tier3_bnc_coca+bnc_coca_band_10k+grade_estimate_12+general_or_nonacademic
antiseptic,9039,161,12,0,adj,tier3_bnc_coca+bnc_coca_band_10k+grade_estimate_12+general_or_nonacademic
aphid,9040,161,12,0,n,tier3_bnc_coca+bnc_coca_band_10k+grade_estimate_12+general_or_nonacademic
apportion,9041,253,12,0,v,tier3_bnc_coca+bnc_coca_band_10k+grade_estimate_12+general_or_nonacademic
arbitrage,9042,465,12,0,n,tier3_bnc_coca+bnc_coca_band_10k+grade_estimate_12+general_or_nonacademic
arcane,9043,114,12,0,n,tier3_bnc_coca+bnc_coca_band_10k+grade_estimate_12+general_or_nonacademic
archipelago,9044,148,12,0,n,tier3_bnc_coca+bnc_coca_band_10k+grade_estimate_12+general_or_nonacademic
armoury,9045,251,12,0,n,tier3_bnc_coca+bnc_coca_band_10k+grade_estimate_12+general_or_nonacademic
aromatherapy,9046,230,12,0,n,tier3_bnc_coca+bnc_coca_band_10k+grade_estimate_12+general_or_nonacademic
artifice,9047,136,12,0,n,tier3_bnc_coca+bnc_coca_band_10k+grade_estimate_12+general_or_nonacademic
ascetic,9048,143,12,0,adj,tier3_bnc_coca+bnc_coca_band_10k+grade_estimate_12+general_or_nonacademic
assiduous,9049,200,12,0,adj,tier3_bnc_coca+bnc_coca_band_10k+grade_estimate_12+general_or_nonacademic
assuage,9050,124,12,0,n,tier3_bnc_coca+bnc_coca_band_10k+grade_estimate_12+general_or_nonacademic
astray,9051,167,12,0,n,tier3_bnc_coca+bnc_coca_band_10k+grade_estimate_12+general_or_nonacademic
astride,9052,139,12,0,prep,tier3_bnc_coca+bnc_coca_band_10k+grade_estimate_12+general_or_nonacademic
astrophysics,9053,79,12,1,n,tier3_bnc_coca+bnc_coca_band_10k+grade_estimate_12+academic_exact
atrophy,9054,171,12,0,v,tier3_bnc_coca+bnc_coca_band_10k+grade_estimate_12+general_or_nonacademic
audacious,9055,112,12,0,adj,tier3_bnc_coca+bnc_coca_band_10k+grade_estimate_12+general_or_nonacademic
audacity,9056,112,12,0,n,tier3_bnc_coca+bnc_coca_band_10k+grade_estimate_12+general_or_nonacademic
audiovisual,9057,360,12,0,adj,tier3_bnc_coca+bnc_coca_band_10k+grade_estimate_12+general_or_nonacademic
aural,9058,128,12,0,adj,tier3_bnc_coca+bnc_coca_band_10k+grade_estimate_12+general_or_nonacademic
auspicious,9059,142,12,0,adj,tier3_bnc_coca+bnc_coca_band_10k+grade_estimate_12+general_or_nonacademic
autoimmune,9060,110,12,0,n,tier3_bnc_coca+bnc_coca_band_10k+grade_estimate_12+general_or_nonacademic
avow,9061,179,12,0,v,tier3_bnc_coca+bnc_coca_band_10k+grade_estimate_12+general_or_nonacademic
awning,9062,120,12,0,n,tier3_bnc_coca+bnc_coca_band_10k+grade_estimate_12+general_or_nonacademic
awry,9063,95,12,0,n,tier3_bnc_coca+bnc_coca_band_10k+grade_estimate_12+general_or_nonacademic
axial,9064,154,12,0,adj,tier3_bnc_coca+bnc_coca_band_10k+grade_estimate_12+general_or_nonacademic
ayatollah,9065,199,12,0,n,tier3_bnc_coca+bnc_coca_band_10k+grade_estimate_12+general_or_nonacademic
baboon,9066,147,12,0,n,tier3_bnc_coca+bnc_coca_band_10k+grade_estimate_12+general_or_nonacademic
backwater,9067,123,12,0,n,tier3_bnc_coca+bnc_coca_band_10k+grade_estimate_12+general_or_nonacademic
badminton,9068,221,12,0,n,tier3_bnc_coca+bnc_coca_band_10k+grade_estimate_12+general_or_nonacademic
balk,9069,60,12,0,v,tier3_bnc_coca+bnc_coca_band_10k+grade_estimate_12+general_or_nonacademic
ballast,9070,131,12,0,n,tier3_bnc_coca+bnc_coca_band_10k+grade_estimate_12+general_or_nonacademic
ballerina,9071,134,12,0,n,tier3_bnc_coca+bnc_coca_band_10k+grade_estimate_12+general_or_nonacademic
balm,9072,101,12,0,n,tier3_bnc_coca+bnc_coca_band_10k+grade_estimate_12+general_or_nonacademic
barbarism,9073,132,12,0,n,tier3_bnc_coca+bnc_coca_band_10k+grade_estimate_12+general_or_nonacademic
baritone,9074,92,12,0,n,tier3_bnc_coca+bnc_coca_band_10k+grade_estimate_12+general_or_nonacademic
barrio,9075,70,12,0,n,tier3_bnc_coca+bnc_coca_band_10k+grade_estimate_12+general_or_nonacademic
barrow,9076,604,12,0,n,tier3_bnc_coca+bnc_coca_band_10k+grade_estimate_12+general_or_nonacademic
basalt,9077,309,12,0,n,tier3_bnc_coca+bnc_coca_band_10k+grade_estimate_12+general_or_nonacademic
batten,9078,306,12,0,v,tier3_bnc_coca+bnc_coca_band_10k+grade_estimate_12+general_or_nonacademic
bawl,9079,177,12,0,v,tier3_bnc_coca+bnc_coca_band_10k+grade_estimate_12+general_or_nonacademic
bayonet,9080,157,12,0,n,tier3_bnc_coca+bnc_coca_band_10k+grade_estimate_12+general_or_nonacademic
befit,9081,159,12,0,n,tier3_bnc_coca+bnc_coca_band_10k+grade_estimate_12+general_or_nonacademic
beget,9082,114,12,0,n,tier3_bnc_coca+bnc_coca_band_10k+grade_estimate_12+general_or_nonacademic
beguile,9083,143,12,0,n,tier3_bnc_coca+bnc_coca_band_10k+grade_estimate_12+general_or_nonacademic
behead,9084,114,12,0,v,tier3_bnc_coca+bnc_coca_band_10k+grade_estimate_12+general_or_nonacademic
belittle,9085,112,12,0,n,tier3_bnc_coca+bnc_coca_band_10k+grade_estimate_12+general_or_nonacademic
bemoan,9086,120,12,0,v,tier3_bnc_coca+bnc_coca_band_10k+grade_estimate_12+general_or_nonacademic
bereft,9087,182,12,0,n,tier3_bnc_coca+bnc_coca_band_10k+grade_estimate_12+general_or_nonacademic
bewitch,9088,155,12,0,v,tier3_bnc_coca+bnc_coca_band_10k+grade_estimate_12+general_or_nonacademic
bicep,9089,82,12,0,n,tier3_bnc_coca+bnc_coca_band_10k+grade_estimate_12+general_or_nonacademic
biennial,9090,140,12,0,adj,tier3_bnc_coca+bnc_coca_band_10k+grade_estimate_12+general_or_nonacademic
billionaire,9091,68,12,0,n,tier3_bnc_coca+bnc_coca_band_10k+grade_estimate_12+general_or_nonacademic
biochemistry,9092,242,12,0,n,tier3_bnc_coca+bnc_coca_band_10k+grade_estimate_12+general_or_nonacademic
biomedical,9093,84,12,0,adj,tier3_bnc_coca+bnc_coca_band_10k+grade_estimate_12+general_or_nonacademic
bison,9094,52,12,0,n,tier3_bnc_coca+bnc_coca_band_10k+grade_estimate_12+general_or_nonacademic
bistro,9095,112,12,0,n,tier3_bnc_coca+bnc_coca_band_10k+grade_estimate_12+general_or_nonacademic
blanch,9096,134,12,0,v,tier3_bnc_coca+bnc_coca_band_10k+grade_estimate_12+general_or_nonacademic
bleep,9097,148,12,0,n,tier3_bnc_coca+bnc_coca_band_10k+grade_estimate_12+general_or_nonacademic
blip,9098,108,12,0,n,tier3_bnc_coca+bnc_coca_band_10k+grade_estimate_12+general_or_nonacademic
blithe,9099,154,12,0,adj,tier3_bnc_coca+bnc_coca_band_10k+grade_estimate_12+general_or_nonacademic
blotch,9100,182,12,0,v,tier3_bnc_coca+bnc_coca_band_10k+grade_estimate_12+general_or_nonacademic
blowtorch,9101,19,12,0,v,tier3_bnc_coca+bnc_coca_band_10k+grade_estimate_12+general_or_nonacademic
bode,9102,121,12,0,n,tier3_bnc_coca+bnc_coca_band_10k+grade_estimate_12+general_or_nonacademic
bodice,9103,175,12,0,n,tier3_bnc_coca+bnc_coca_band_10k+grade_estimate_12+general_or_nonacademic
boisterous,9104,152,12,0,adj,tier3_bnc_coca+bnc_coca_band_10k+grade_estimate_12+general_or_nonacademic
bombshell,9105,109,12,0,n,tier3_bnc_coca+bnc_coca_band_10k+grade_estimate_12+general_or_nonacademic
bondage,9106,151,12,0,n,tier3_bnc_coca+bnc_coca_band_10k+grade_estimate_12+general_or_nonacademic
boogie,9107,177,12,0,n,tier3_bnc_coca+bnc_coca_band_10k+grade_estimate_12+general_or_nonacademic
botch,9108,95,12,0,v,tier3_bnc_coca+bnc_coca_band_10k+grade_estimate_12+general_or_nonacademic
bovine,9109,221,12,0,n,tier3_bnc_coca+bnc_coca_band_10k+grade_estimate_12+general_or_nonacademic
brainstorm,9110,97,12,0,v,tier3_bnc_coca+bnc_coca_band_10k+grade_estimate_12+general_or_nonacademic
bramble,9111,264,12,0,n,tier3_bnc_coca+bnc_coca_band_10k+grade_estimate_12+general_or_nonacademic
bravado,9112,118,12,0,n,tier3_bnc_coca+bnc_coca_band_10k+grade_estimate_12+general_or_nonacademic
broadside,9113,110,12,0,n,tier3_bnc_coca+bnc_coca_band_10k+grade_estimate_12+general_or_nonacademic
bronco,9114,43,12,0,n,tier3_bnc_coca+bnc_coca_band_10k+grade_estimate_12+general_or_nonacademic
brusque,9115,217,12,0,adj,tier3_bnc_coca+bnc_coca_band_10k+grade_estimate_12+general_or_nonacademic
buffeted,9116,128,12,0,n,tier3_bnc_coca+bnc_coca_band_10k+grade_estimate_12+general_or_nonacademic
bulimia,9117,146,12,0,n,tier3_bnc_coca+bnc_coca_band_10k+grade_estimate_12+general_or_nonacademic
bulkhead,9118,117,12,0,n,tier3_bnc_coca+bnc_coca_band_10k+grade_estimate_12+general_or_nonacademic
bungle,9119,172,12,0,n,tier3_bnc_coca+bnc_coca_band_10k+grade_estimate_12+general_or_nonacademic
burnish,9120,135,12,0,v,tier3_bnc_coca+bnc_coca_band_10k+grade_estimate_12+general_or_nonacademic
buzzard,9121,250,12,0,n,tier3_bnc_coca+bnc_coca_band_10k+grade_estimate_12+general_or_nonacademic
bygone,9122,148,12,0,n,tier3_bnc_coca+bnc_coca_band_10k+grade_estimate_12+general_or_nonacademic
cacophony,9123,95,12,0,n,tier3_bnc_coca+bnc_coca_band_10k+grade_estimate_12+general_or_nonacademic
cajole,9125,155,12,0,n,tier3_bnc_coca+bnc_coca_band_10k+grade_estimate_12+general_or_nonacademic
camaraderie,9126,101,12,0,n,tier3_bnc_coca+bnc_coca_band_10k+grade_estimate_12+general_or_nonacademic
cameo,9127,143,12,0,n,tier3_bnc_coca+bnc_coca_band_10k+grade_estimate_12+general_or_nonacademic
canary,9128,377,12,0,n,tier3_bnc_coca+bnc_coca_band_10k+grade_estimate_12+general_or_nonacademic
canny,9129,167,12,0,n,tier3_bnc_coca+bnc_coca_band_10k+grade_estimate_12+general_or_nonacademic
capacitor,9130,298,12,0,n,tier3_bnc_coca+bnc_coca_band_10k+grade_estimate_12+general_or_nonacademic
capricious,9131,139,12,0,adj,tier3_bnc_coca+bnc_coca_band_10k+grade_estimate_12+general_or_nonacademic
carnation,9132,174,12,0,n,tier3_bnc_coca+bnc_coca_band_10k+grade_estimate_12+general_or_nonacademic
cartography,9133,169,12,1,n,tier3_bnc_coca+bnc_coca_band_10k+grade_estimate_12+academic_exact
cashmere,9134,121,12,0,n,tier3_bnc_coca+bnc_coca_band_10k+grade_estimate_12+general_or_nonacademic
cask,9135,193,12,0,n,tier3_bnc_coca+bnc_coca_band_10k+grade_estimate_12+general_or_nonacademic
caster,9136,235,12,0,n,tier3_bnc_coca+bnc_coca_band_10k+grade_estimate_12+general_or_nonacademic
cataclysm,9137,89,12,0,n,tier3_bnc_coca+bnc_coca_band_10k+grade_estimate_12+general_or_nonacademic
cataract,9138,142,12,0,n,tier3_bnc_coca+bnc_coca_band_10k+grade_estimate_12+general_or_nonacademic
catchment,9139,316,12,0,n,tier3_bnc_coca+bnc_coca_band_10k+grade_estimate_12+general_or_nonacademic
cauldron,9140,186,12,0,n,tier3_bnc_coca+bnc_coca_band_10k+grade_estimate_12+general_or_nonacademic
cauliflower,9141,126,12,0,n,tier3_bnc_coca+bnc_coca_band_10k+grade_estimate_12+general_or_nonacademic
caviar,9142,99,12,0,n,tier3_bnc_coca+bnc_coca_band_10k+grade_estimate_12+general_or_nonacademic
cellulose,9143,184,12,0,n,tier3_bnc_coca+bnc_coca_band_10k+grade_estimate_12+general_or_nonacademic
chafe,9144,132,12,0,n,tier3_bnc_coca+bnc_coca_band_10k+grade_estimate_12+general_or_nonacademic
chagrin,9145,124,12,0,n,tier3_bnc_coca+bnc_coca_band_10k+grade_estimate_12+general_or_nonacademic
chalet,9146,244,12,0,n,tier3_bnc_coca+bnc_coca_band_10k+grade_estimate_12+general_or_nonacademic
chameleon,9147,147,12,0,n,tier3_bnc_coca+bnc_coca_band_10k+grade_estimate_12+general_or_nonacademic
charade,9148,177,12,0,n,tier3_bnc_coca+bnc_coca_band_10k+grade_estimate_12+general_or_nonacademic
chardonnay,9149,166,12,0,n,tier3_bnc_coca+bnc_coca_band_10k+grade_estimate_12+general_or_nonacademic
chastise,9150,102,12,0,v,tier3_bnc_coca+bnc_coca_band_10k+grade_estimate_12+general_or_nonacademic
cheetah,9151,152,12,0,n,tier3_bnc_coca+bnc_coca_band_10k+grade_estimate_12+general_or_nonacademic
chieftain,9152,173,12,0,n,tier3_bnc_coca+bnc_coca_band_10k+grade_estimate_12+general_or_nonacademic
chives,9153,98,12,0,n,tier3_bnc_coca+bnc_coca_band_10k+grade_estimate_12+general_or_nonacademic
chromium,9154,136,12,0,n,tier3_bnc_coca+bnc_coca_band_10k+grade_estimate_12+general_or_nonacademic
chubby,9155,131,12,0,n,tier3_bnc_coca+bnc_coca_band_10k+grade_estimate_12+general_or_nonacademic
chug,9156,118,12,0,n,tier3_bnc_coca+bnc_coca_band_10k+grade_estimate_12+general_or_nonacademic
cinder,9157,101,12,0,n,tier3_bnc_coca+bnc_coca_band_10k+grade_estimate_12+general_or_nonacademic
circumspect,9158,138,12,0,adj,tier3_bnc_coca+bnc_coca_band_10k+grade_estimate_12+general_or_nonacademic
cistern,9159,361,12,0,n,tier3_bnc_coca+bnc_coca_band_10k+grade_estimate_12+general_or_nonacademic
clank,9160,128,12,0,v,tier3_bnc_coca+bnc_coca_band_10k+grade_estimate_12+general_or_nonacademic
cliffhanger,9161,20,12,0,n,tier3_bnc_coca+bnc_coca_band_10k+grade_estimate_12+general_or_nonacademic
clique,9162,117,12,0,n,tier3_bnc_coca+bnc_coca_band_10k+grade_estimate_12+general_or_nonacademic
coaster,9163,118,12,0,n,tier3_bnc_coca+bnc_coca_band_10k+grade_estimate_12+general_or_nonacademic
cobweb,9164,179,12,0,n,tier3_bnc_coca+bnc_coca_band_10k+grade_estimate_12+general_or_nonacademic
cog,9165,128,12,0,n,tier3_bnc_coca+bnc_coca_band_10k+grade_estimate_12+general_or_nonacademic
cogent,9166,167,12,0,adj,tier3_bnc_coca+bnc_coca_band_10k+grade_estimate_12+general_or_nonacademic
cognac,9167,140,12,0,n,tier3_bnc_coca+bnc_coca_band_10k+grade_estimate_12+general_or_nonacademic
colorectal,9168,328,12,0,adj,tier3_bnc_coca+bnc_coca_band_10k+grade_estimate_12+general_or_nonacademic
colosseum,9169,105,12,0,n,tier3_bnc_coca+bnc_coca_band_10k+grade_estimate_12+general_or_nonacademic
comfy,9170,111,12,0,n,tier3_bnc_coca+bnc_coca_band_10k+grade_estimate_12+general_or_nonacademic
commensurate,9171,164,12,0,adj,tier3_bnc_coca+bnc_coca_band_10k+grade_estimate_12+general_or_nonacademic
commonality,9172,98,12,0,n,tier3_bnc_coca+bnc_coca_band_10k+grade_estimate_12+general_or_nonacademic
communique,9173,57,12,0,n,tier3_bnc_coca+bnc_coca_band_10k+grade_estimate_12+general_or_nonacademic
compatriot,9174,139,12,0,n,tier3_bnc_coca+bnc_coca_band_10k+grade_estimate_12+general_or_nonacademic
comptroller,9175,105,12,0,n,tier3_bnc_coca+bnc_coca_band_10k+grade_estimate_12+general_or_nonacademic
conceit,9176,172,12,0,v,tier3_bnc_coca+bnc_coca_band_10k+grade_estimate_12+general_or_nonacademic
concentric,9177,172,12,0,adj,tier3_bnc_coca+bnc_coca_band_10k+grade_estimate_12+general_or_nonacademic
concord,9178,224,12,0,n,tier3_bnc_coca+bnc_coca_band_10k+grade_estimate_12+general_or_nonacademic
concourse,9179,145,12,0,n,tier3_bnc_coca+bnc_coca_band_10k+grade_estimate_12+general_or_nonacademic
condominium,9180,27,12,0,n,tier3_bnc_coca+bnc_coca_band_10k+grade_estimate_12+general_or_nonacademic
conflate,9181,101,12,0,v,tier3_bnc_coca+bnc_coca_band_10k+grade_estimate_12+general_or_nonacademic
confluence,9182,114,12,0,n,tier3_bnc_coca+bnc_coca_band_10k+grade_estimate_12+general_or_nonacademic
conical,9183,190,12,0,adj,tier3_bnc_coca+bnc_coca_band_10k+grade_estimate_12+general_or_nonacademic
consort,9185,234,12,0,n,tier3_bnc_coca+bnc_coca_band_10k+grade_estimate_12+general_or_nonacademic
contra,9186,616,12,0,n,tier3_bnc_coca+bnc_coca_band_10k+grade_estimate_12+general_or_nonacademic
contraption,9187,114,12,0,n,tier3_bnc_coca+bnc_coca_band_10k+grade_estimate_12+general_or_nonacademic
contrite,9188,115,12,0,adj,tier3_bnc_coca+bnc_coca_band_10k+grade_estimate_12+general_or_nonacademic
conundrum,9189,96,12,0,n,tier3_bnc_coca+bnc_coca_band_10k+grade_estimate_12+general_or_nonacademic
convalesce,9190,237,12,0,n,tier3_bnc_coca+bnc_coca_band_10k+grade_estimate_12+general_or_nonacademic
convex,9191,271,12,0,adj,tier3_bnc_coca+bnc_coca_band_10k+grade_estimate_12+general_or_nonacademic
copulate,9192,144,12,0,v,tier3_bnc_coca+bnc_coca_band_10k+grade_estimate_12+general_or_nonacademic
corduroy,9193,158,12,0,n,tier3_bnc_coca+bnc_coca_band_10k+grade_estimate_12+general_or_nonacademic
coriander,9194,121,12,0,n,tier3_bnc_coca+bnc_coca_band_10k+grade_estimate_12+general_or_nonacademic
corset,9195,125,12,0,n,tier3_bnc_coca+bnc_coca_band_10k+grade_estimate_12+general_or_nonacademic
counterpoint,9196,127,12,0,n,tier3_bnc_coca+bnc_coca_band_10k+grade_estimate_12+general_or_nonacademic
coursed,9197,110,12,0,n,tier3_bnc_coca+bnc_coca_band_10k+grade_estimate_12+general_or_nonacademic
courtier,9198,258,12,0,n,tier3_bnc_coca+bnc_coca_band_10k+grade_estimate_12+general_or_nonacademic
cowardice,9199,141,12,0,n,tier3_bnc_coca+bnc_coca_band_10k+grade_estimate_12+general_or_nonacademic
crafty,9200,192,12,0,n,tier3_bnc_coca+bnc_coca_band_10k+grade_estimate_12+general_or_nonacademic
crass,9201,130,12,0,adj,tier3_bnc_coca+bnc_coca_band_10k+grade_estimate_12+general_or_nonacademic
crescendo,9202,139,12,0,n,tier3_bnc_coca+bnc_coca_band_10k+grade_estimate_12+general_or_nonacademic
crickets,9203,74,12,0,n,tier3_bnc_coca+bnc_coca_band_10k+grade_estimate_12+general_or_nonacademic
crotch,9204,84,12,0,n,tier3_bnc_coca+bnc_coca_band_10k+grade_estimate_12+general_or_nonacademic
crucible,9205,107,12,0,adj,tier3_bnc_coca+bnc_coca_band_10k+grade_estimate_12+general_or_nonacademic
cum,9206,306,12,0,n,tier3_bnc_coca+bnc_coca_band_10k+grade_estimate_12+general_or_nonacademic
curd,9207,165,12,0,n,tier3_bnc_coca+bnc_coca_band_10k+grade_estimate_12+general_or_nonacademic
currant,9208,155,12,0,n,tier3_bnc_coca+bnc_coca_band_10k+grade_estimate_12+general_or_nonacademic
cutlery,9209,309,12,0,n,tier3_bnc_coca+bnc_coca_band_10k+grade_estimate_12+general_or_nonacademic
cyclone,9210,119,12,0,n,tier3_bnc_coca+bnc_coca_band_10k+grade_estimate_12+general_or_nonacademic
cypress,9211,238,12,0,n,tier3_bnc_coca+bnc_coca_band_10k+grade_estimate_12+general_or_nonacademic
cyst,9212,101,12,0,v,tier3_bnc_coca+bnc_coca_band_10k+grade_estimate_12+general_or_nonacademic
dandelion,9213,182,12,0,n,tier3_bnc_coca+bnc_coca_band_10k+grade_estimate_12+general_or_nonacademic
dank,9214,142,12,0,adj,tier3_bnc_coca+bnc_coca_band_10k+grade_estimate_12+general_or_nonacademic
dans,9215,58,12,0,n,tier3_bnc_coca+bnc_coca_band_10k+grade_estimate_12+general_or_nonacademic
dapple,9216,157,12,0,n,tier3_bnc_coca+bnc_coca_band_10k+grade_estimate_12+general_or_nonacademic
dearth,9217,119,12,0,n,tier3_bnc_coca+bnc_coca_band_10k+grade_estimate_12+general_or_nonacademic
debase,9218,140,12,0,n,tier3_bnc_coca+bnc_coca_band_10k+grade_estimate_12+general_or_nonacademic
decapitate,9219,96,12,0,v,tier3_bnc_coca+bnc_coca_band_10k+grade_estimate_12+general_or_nonacademic
decelerate,9220,187,12,0,v,tier3_bnc_coca+bnc_coca_band_10k+grade_estimate_12+general_or_nonacademic
decibel,9221,109,12,0,n,tier3_bnc_coca+bnc_coca_band_10k+grade_estimate_12+general_or_nonacademic
decked,9222,118,12,0,n,tier3_bnc_coca+bnc_coca_band_10k+grade_estimate_12+general_or_nonacademic
decry,9223,84,12,0,v,tier3_bnc_coca+bnc_coca_band_10k+grade_estimate_12+general_or_nonacademic
defraud,9224,173,12,0,v,tier3_bnc_coca+bnc_coca_band_10k+grade_estimate_12+general_or_nonacademic
defunct,9225,179,12,0,n,tier3_bnc_coca+bnc_coca_band_10k+grade_estimate_12+general_or_nonacademic
deity,9226,447,12,0,n,tier3_bnc_coca+bnc_coca_band_10k+grade_estimate_12+general_or_nonacademic
dejected,9227,160,12,0,adj,tier3_bnc_coca+bnc_coca_band_10k+grade_estimate_12+general_or_nonacademic
deleterious,9228,119,12,0,adj,tier3_bnc_coca+bnc_coca_band_10k+grade_estimate_12+general_or_nonacademic
delicatessen,9229,193,12,0,v,tier3_bnc_coca+bnc_coca_band_10k+grade_estimate_12+general_or_nonacademic
delirious,9230,128,12,0,adj,tier3_bnc_coca+bnc_coca_band_10k+grade_estimate_12+general_or_nonacademic
deliverance,9231,179,12,0,n,tier3_bnc_coca+bnc_coca_band_10k+grade_estimate_12+general_or_nonacademic
deluxe,9232,99,12,0,n,tier3_bnc_coca+bnc_coca_band_10k+grade_estimate_12+general_or_nonacademic
demented,9233,183,12,0,adj,tier3_bnc_coca+bnc_coca_band_10k+grade_estimate_12+general_or_nonacademic
demob,9234,240,12,0,n,tier3_bnc_coca+bnc_coca_band_10k+grade_estimate_12+general_or_nonacademic
demonstrable,9235,197,12,0,adj,tier3_bnc_coca+bnc_coca_band_10k+grade_estimate_12+general_or_nonacademic
demure,9236,128,12,0,adj,tier3_bnc_coca+bnc_coca_band_10k+grade_estimate_12+general_or_nonacademic
denunciation,9237,174,12,0,n,tier3_bnc_coca+bnc_coca_band_10k+grade_estimate_12+general_or_nonacademic
deprave,9238,194,12,0,n,tier3_bnc_coca+bnc_coca_band_10k+grade_estimate_12+general_or_nonacademic
derange,9239,133,12,0,n,tier3_bnc_coca+bnc_coca_band_10k+grade_estimate_12+general_or_nonacademic
desecrate,9241,116,12,0,v,tier3_bnc_coca+bnc_coca_band_10k+grade_estimate_12+general_or_nonacademic
despicable,9242,122,12,0,adj,tier3_bnc_coca+bnc_coca_band_10k+grade_estimate_12+general_or_nonacademic
detritus,9243,164,12,0,n,tier3_bnc_coca+bnc_coca_band_10k+grade_estimate_12+general_or_nonacademic
dialysis,9244,119,12,1,n,tier3_bnc_coca+bnc_coca_band_10k+grade_estimate_12+academic_suffix
diaper,9245,44,12,0,n,tier3_bnc_coca+bnc_coca_band_10k+grade_estimate_12+general_or_nonacademic
diaspora,9246,59,12,0,n,tier3_bnc_coca+bnc_coca_band_10k+grade_estimate_12+general_or_nonacademic
dictum,9247,175,12,0,n,tier3_bnc_coca+bnc_coca_band_10k+grade_estimate_12+general_or_nonacademic
didactic,9248,114,12,0,adj,tier3_bnc_coca+bnc_coca_band_10k+grade_estimate_12+general_or_nonacademic
digress,9249,157,12,0,v,tier3_bnc_coca+bnc_coca_band_10k+grade_estimate_12+general_or_nonacademic
dill,9250,101,12,0,n,tier3_bnc_coca+bnc_coca_band_10k+grade_estimate_12+general_or_nonacademic
ding,9252,175,12,0,v,tier3_bnc_coca+bnc_coca_band_10k+grade_estimate_12+general_or_nonacademic
dingy,9253,148,12,0,n,tier3_bnc_coca+bnc_coca_band_10k+grade_estimate_12+general_or_nonacademic
dioxin,9254,188,12,0,n,tier3_bnc_coca+bnc_coca_band_10k+grade_estimate_12+general_or_nonacademic
disallow,9255,196,12,0,v,tier3_bnc_coca+bnc_coca_band_10k+grade_estimate_12+general_or_nonacademic
disavow,9256,106,12,0,v,tier3_bnc_coca+bnc_coca_band_10k+grade_estimate_12+general_or_nonacademic
disburse,9257,204,12,0,n,tier3_bnc_coca+bnc_coca_band_10k+grade_estimate_12+general_or_nonacademic
disembark,9258,147,12,0,v,tier3_bnc_coca+bnc_coca_band_10k+grade_estimate_12+general_or_nonacademic
disembodied,9259,109,12,0,n,tier3_bnc_coca+bnc_coca_band_10k+grade_estimate_12+general_or_nonacademic
disenfranchise,9260,94,12,0,v,tier3_bnc_coca+bnc_coca_band_10k+grade_estimate_12+general_or_nonacademic
dishearten,9261,85,12,0,v,tier3_bnc_coca+bnc_coca_band_10k+grade_estimate_12+general_or_nonacademic
dishevelled,9262,153,12,0,n,tier3_bnc_coca+bnc_coca_band_10k+grade_estimate_12+general_or_nonacademic
dishonour,9263,157,12,0,v,tier3_bnc_coca+bnc_coca_band_10k+grade_estimate_12+general_or_nonacademic
disincentive,9264,189,12,0,adj,tier3_bnc_coca+bnc_coca_band_10k+grade_estimate_12+general_or_nonacademic
disloyal,9265,168,12,0,adj,tier3_bnc_coca+bnc_coca_band_10k+grade_estimate_12+general_or_nonacademic
disobey,9266,155,12,0,v,tier3_bnc_coca+bnc_coca_band_10k+grade_estimate_12+general_or_nonacademic
dispassionate,9267,157,12,0,adj,tier3_bnc_coca+bnc_coca_band_10k+grade_estimate_12+general_or_nonacademic
dispiriting,9268,157,12,0,n,tier3_bnc_coca+bnc_coca_band_10k+grade_estimate_12+general_or_nonacademic
displease,9269,177,12,0,n,tier3_bnc_coca+bnc_coca_band_10k+grade_estimate_12+general_or_nonacademic
docile,9270,196,12,0,n,tier3_bnc_coca+bnc_coca_band_10k+grade_estimate_12+general_or_nonacademic
doe,9271,619,12,0,n,tier3_bnc_coca+bnc_coca_band_10k+grade_estimate_12+general_or_nonacademic
dote,9272,141,12,0,n,tier3_bnc_coca+bnc_coca_band_10k+grade_estimate_12+general_or_nonacademic
doth,9273,157,12,0,n,tier3_bnc_coca+bnc_coca_band_10k+grade_estimate_12+general_or_nonacademic
dour,9274,180,12,0,adj,tier3_bnc_coca+bnc_coca_band_10k+grade_estimate_12+general_or_nonacademic
dowry,9275,165,12,0,n,tier3_bnc_coca+bnc_coca_band_10k+grade_estimate_12+general_or_nonacademic
draconian,9276,130,12,0,n,tier3_bnc_coca+bnc_coca_band_10k+grade_estimate_12+general_or_nonacademic
dragonfly,9277,135,12,0,adv,tier3_bnc_coca+bnc_coca_band_10k+grade_estimate_12+general_or_nonacademic
drool,9278,98,12,0,v,tier3_bnc_coca+bnc_coca_band_10k+grade_estimate_12+general_or_nonacademic
drudge,9279,112,12,0,n,tier3_bnc_coca+bnc_coca_band_10k+grade_estimate_12+general_or_nonacademic
druid,9280,156,12,0,n,tier3_bnc_coca+bnc_coca_band_10k+grade_estimate_12+general_or_nonacademic
dumpling,9281,127,12,0,n,tier3_bnc_coca+bnc_coca_band_10k+grade_estimate_12+general_or_nonacademic
dungeon,9282,198,12,0,n,tier3_bnc_coca+bnc_coca_band_10k+grade_estimate_12+general_or_nonacademic
duodenum,9283,779,12,0,n,tier3_bnc_coca+bnc_coca_band_10k+grade_estimate_12+general_or_nonacademic
duress,9285,187,12,0,n,tier3_bnc_coca+bnc_coca_band_10k+grade_estimate_12+general_or_nonacademic
dyke,9286,483,12,0,n,tier3_bnc_coca+bnc_coca_band_10k+grade_estimate_12+general_or_nonacademic
dynamism,9287,145,12,0,n,tier3_bnc_coca+bnc_coca_band_10k+grade_estimate_12+general_or_nonacademic
dynamo,9288,112,12,0,n,tier3_bnc_coca+bnc_coca_band_10k+grade_estimate_12+general_or_nonacademic
earshot,9289,135,12,0,n,tier3_bnc_coca+bnc_coca_band_10k+grade_estimate_12+general_or_nonacademic
echelon,9290,150,12,0,n,tier3_bnc_coca+bnc_coca_band_10k+grade_estimate_12+general_or_nonacademic
edict,9291,134,12,0,n,tier3_bnc_coca+bnc_coca_band_10k+grade_estimate_12+general_or_nonacademic
effigy,9292,140,12,0,n,tier3_bnc_coca+bnc_coca_band_10k+grade_estimate_12+general_or_nonacademic
ejaculate,9293,158,12,0,v,tier3_bnc_coca+bnc_coca_band_10k+grade_estimate_12+general_or_nonacademic
electrolyte,9294,185,12,1,n,tier3_bnc_coca+bnc_coca_band_10k+grade_estimate_12+academic_exact
elk,9295,38,12,0,n,tier3_bnc_coca+bnc_coca_band_10k+grade_estimate_12+general_or_nonacademic
embattled,9296,115,12,0,n,tier3_bnc_coca+bnc_coca_band_10k+grade_estimate_12+general_or_nonacademic
embezzle,9297,148,12,0,n,tier3_bnc_coca+bnc_coca_band_10k+grade_estimate_12+general_or_nonacademic
emblazon,9298,113,12,0,v,tier3_bnc_coca+bnc_coca_band_10k+grade_estimate_12+general_or_nonacademic
emboss,9299,133,12,0,v,tier3_bnc_coca+bnc_coca_band_10k+grade_estimate_12+general_or_nonacademic
emeritus,9300,53,12,0,n,tier3_bnc_coca+bnc_coca_band_10k+grade_estimate_12+general_or_nonacademic
eminence,9301,269,12,0,n,tier3_bnc_coca+bnc_coca_band_10k+grade_estimate_12+general_or_nonacademic
emissary,9302,162,12,0,n,tier3_bnc_coca+bnc_coca_band_10k+grade_estimate_12+general_or_nonacademic
emotive,9303,318,12,0,adj,tier3_bnc_coca+bnc_coca_band_10k+grade_estimate_12+general_or_nonacademic
emu,9304,294,12,0,n,tier3_bnc_coca+bnc_coca_band_10k+grade_estimate_12+general_or_nonacademic
encrypt,9305,61,12,0,v,tier3_bnc_coca+bnc_coca_band_10k+grade_estimate_12+general_or_nonacademic
encumber,9306,120,12,0,v,tier3_bnc_coca+bnc_coca_band_10k+grade_estimate_12+general_or_nonacademic
enmity,9307,125,12,0,n,tier3_bnc_coca+bnc_coca_band_10k+grade_estimate_12+general_or_nonacademic
enormity,9308,128,12,0,n,tier3_bnc_coca+bnc_coca_band_10k+grade_estimate_12+general_or_nonacademic
entomology,9309,68,12,1,n,tier3_bnc_coca+bnc_coca_band_10k+grade_estimate_12+academic_suffix
entranced,9310,157,12,0,n,tier3_bnc_coca+bnc_coca_band_10k+grade_estimate_12+general_or_nonacademic
entwine,9311,149,12,0,n,tier3_bnc_coca+bnc_coca_band_10k+grade_estimate_12+general_or_nonacademic
epilepsy,9312,210,12,0,n,tier3_bnc_coca+bnc_coca_band_10k+grade_estimate_12+general_or_nonacademic
epithet,9313,119,12,0,n,tier3_bnc_coca+bnc_coca_band_10k+grade_estimate_12+general_or_nonacademic
epitome,9314,182,12,0,n,tier3_bnc_coca+bnc_coca_band_10k+grade_estimate_12+general_or_nonacademic
epsilon,9315,108,12,0,n,tier3_bnc_coca+bnc_coca_band_10k+grade_estimate_12+general_or_nonacademic
equestrian,9316,148,12,0,n,tier3_bnc_coca+bnc_coca_band_10k+grade_estimate_12+general_or_nonacademic
ergonomics,9317,114,12,0,n,tier3_bnc_coca+bnc_coca_band_10k+grade_estimate_12+general_or_nonacademic
escalator,9318,143,12,0,n,tier3_bnc_coca+bnc_coca_band_10k+grade_estimate_12+general_or_nonacademic
ether,9319,166,12,0,n,tier3_bnc_coca+bnc_coca_band_10k+grade_estimate_12+general_or_nonacademic
ethereal,9320,108,12,0,adj,tier3_bnc_coca+bnc_coca_band_10k+grade_estimate_12+general_or_nonacademic
evacuee,9321,150,12,0,n,tier3_bnc_coca+bnc_coca_band_10k+grade_estimate_12+general_or_nonacademic
exchequer,9322,850,12,0,n,tier3_bnc_coca+bnc_coca_band_10k+grade_estimate_12+general_or_nonacademic
excommunicate,9323,180,12,0,v,tier3_bnc_coca+bnc_coca_band_10k+grade_estimate_12+general_or_nonacademic
executor,9324,308,12,0,n,tier3_bnc_coca+bnc_coca_band_10k+grade_estimate_12+general_or_nonacademic
exonerate,9325,113,12,0,v,tier3_bnc_coca+bnc_coca_band_10k+grade_estimate_12+general_or_nonacademic
exorbitant,9326,107,12,0,adj,tier3_bnc_coca+bnc_coca_band_10k+grade_estimate_12+general_or_nonacademic
expedite,9327,92,12,0,n,tier3_bnc_coca+bnc_coca_band_10k+grade_estimate_12+general_or_nonacademic
explicate,9328,98,12,0,v,tier3_bnc_coca+bnc_coca_band_10k+grade_estimate_12+general_or_nonacademic
expo,9329,259,12,0,n,tier3_bnc_coca+bnc_coca_band_10k+grade_estimate_12+general_or_nonacademic
expropriate,9330,163,12,0,v,tier3_bnc_coca+bnc_coca_band_10k+grade_estimate_12+general_or_nonacademic
extravaganza,9331,148,12,0,n,tier3_bnc_coca+bnc_coca_band_10k+grade_estimate_12+general_or_nonacademic
extricate,9332,146,12,0,v,tier3_bnc_coca+bnc_coca_band_10k+grade_estimate_12+general_or_nonacademic
extrinsic,9333,97,12,0,adj,tier3_bnc_coca+bnc_coca_band_10k+grade_estimate_12+general_or_nonacademic
fahrenheit,9334,135,12,0,n,tier3_bnc_coca+bnc_coca_band_10k+grade_estimate_12+general_or_nonacademic
fanfare,9335,112,12,0,n,tier3_bnc_coca+bnc_coca_band_10k+grade_estimate_12+general_or_nonacademic
fastidious,9336,174,12,0,adj,tier3_bnc_coca+bnc_coca_band_10k+grade_estimate_12+general_or_nonacademic
feline,9337,171,12,0,n,tier3_bnc_coca+bnc_coca_band_10k+grade_estimate_12+general_or_nonacademic
fen,9338,749,12,0,v,tier3_bnc_coca+bnc_coca_band_10k+grade_estimate_12+general_or_nonacademic
fennel,9339,85,12,0,n,tier3_bnc_coca+bnc_coca_band_10k+grade_estimate_12+general_or_nonacademic
feral,9340,120,12,0,adj,tier3_bnc_coca+bnc_coca_band_10k+grade_estimate_12+general_or_nonacademic
festoon,9341,139,12,0,v,tier3_bnc_coca+bnc_coca_band_10k+grade_estimate_12+general_or_nonacademic
fete,9342,178,12,0,n,tier3_bnc_coca+bnc_coca_band_10k+grade_estimate_12+general_or_nonacademic
fiat,9343,361,12,0,n,tier3_bnc_coca+bnc_coca_band_10k+grade_estimate_12+general_or_nonacademic
fickle,9344,138,12,0,n,tier3_bnc_coca+bnc_coca_band_10k+grade_estimate_12+general_or_nonacademic
figurine,9345,116,12,0,n,tier3_bnc_coca+bnc_coca_band_10k+grade_estimate_12+general_or_nonacademic
filly,9346,208,12,0,adv,tier3_bnc_coca+bnc_coca_band_10k+grade_estimate_12+general_or_nonacademic
firth,9347,362,12,0,n,tier3_bnc_coca+bnc_coca_band_10k+grade_estimate_12+general_or_nonacademic
fitful,9348,120,12,0,adj,tier3_bnc_coca+bnc_coca_band_10k+grade_estimate_12+general_or_nonacademic
flagrant,9349,131,12,0,adj,tier3_bnc_coca+bnc_coca_band_10k+grade_estimate_12+general_or_nonacademic
flammable,9350,144,12,0,adj,tier3_bnc_coca+bnc_coca_band_10k+grade_estimate_12+general_or_nonacademic
flotation,9351,289,12,1,n,tier3_bnc_coca+bnc_coca_band_10k+grade_estimate_12+academic_tion
flout,9352,229,12,0,v,tier3_bnc_coca+bnc_coca_band_10k+grade_estimate_12+general_or_nonacademic
flue,9353,239,12,0,n,tier3_bnc_coca+bnc_coca_band_10k+grade_estimate_12+general_or_nonacademic
fluoride,9354,186,12,0,n,tier3_bnc_coca+bnc_coca_band_10k+grade_estimate_12+general_or_nonacademic
fluster,9355,189,12,0,v,tier3_bnc_coca+bnc_coca_band_10k+grade_estimate_12+general_or_nonacademic
fondle,9356,136,12,0,n,tier3_bnc_coca+bnc_coca_band_10k+grade_estimate_12+general_or_nonacademic
forebear,9357,171,12,0,n,tier3_bnc_coca+bnc_coca_band_10k+grade_estimate_12+general_or_nonacademic
foreboding,9358,153,12,0,n,tier3_bnc_coca+bnc_coca_band_10k+grade_estimate_12+general_or_nonacademic
foreshadow,9359,144,12,0,v,tier3_bnc_coca+bnc_coca_band_10k+grade_estimate_12+general_or_nonacademic
fortuitous,9360,160,12,0,adj,tier3_bnc_coca+bnc_coca_band_10k+grade_estimate_12+general_or_nonacademic
foundered,9361,161,12,0,n,tier3_bnc_coca+bnc_coca_band_10k+grade_estimate_12+general_or_nonacademic
foundry,9362,237,12,0,n,tier3_bnc_coca+bnc_coca_band_10k+grade_estimate_12+general_or_nonacademic
fowl,9363,190,12,0,n,tier3_bnc_coca+bnc_coca_band_10k+grade_estimate_12+general_or_nonacademic
fraternal,9364,132,12,0,adj,tier3_bnc_coca+bnc_coca_band_10k+grade_estimate_12+general_or_nonacademic
frenetic,9365,125,12,0,adj,tier3_bnc_coca+bnc_coca_band_10k+grade_estimate_12+general_or_nonacademic
frieze,9366,173,12,0,n,tier3_bnc_coca+bnc_coca_band_10k+grade_estimate_12+general_or_nonacademic
frigate,9367,220,12,0,v,tier3_bnc_coca+bnc_coca_band_10k+grade_estimate_12+general_or_nonacademic
frolic,9368,117,12,0,adj,tier3_bnc_coca+bnc_coca_band_10k+grade_estimate_12+general_or_nonacademic
frond,9369,135,12,0,n,tier3_bnc_coca+bnc_coca_band_10k+grade_estimate_12+general_or_nonacademic
frugal,9370,113,12,0,adj,tier3_bnc_coca+bnc_coca_band_10k+grade_estimate_12+general_or_nonacademic
fruition,9371,181,12,0,n,tier3_bnc_coca+bnc_coca_band_10k+grade_estimate_12+general_or_nonacademic
gamut,9373,97,12,0,n,tier3_bnc_coca+bnc_coca_band_10k+grade_estimate_12+general_or_nonacademic
gaol,9374,398,12,0,v,tier3_bnc_coca+bnc_coca_band_10k+grade_estimate_12+general_or_nonacademic
garb,9375,115,12,0,v,tier3_bnc_coca+bnc_coca_band_10k+grade_estimate_12+general_or_nonacademic
garish,9376,145,12,0,adj,tier3_bnc_coca+bnc_coca_band_10k+grade_estimate_12+general_or_nonacademic
gauntlet,9377,168,12,0,n,tier3_bnc_coca+bnc_coca_band_10k+grade_estimate_12+general_or_nonacademic
gauze,9378,115,12,0,n,tier3_bnc_coca+bnc_coca_band_10k+grade_estimate_12+general_or_nonacademic
genera,9379,190,12,0,n,tier3_bnc_coca+bnc_coca_band_10k+grade_estimate_12+general_or_nonacademic
genteel,9380,178,12,0,adj,tier3_bnc_coca+bnc_coca_band_10k+grade_estimate_12+general_or_nonacademic
geothermal,9381,138,12,0,adj,tier3_bnc_coca+bnc_coca_band_10k+grade_estimate_12+general_or_nonacademic
gills,9382,145,12,0,n,tier3_bnc_coca+bnc_coca_band_10k+grade_estimate_12+general_or_nonacademic
gist,9384,163,12,0,n,tier3_bnc_coca+bnc_coca_band_10k+grade_estimate_12+general_or_nonacademic
glen,9385,1067,12,0,v,tier3_bnc_coca+bnc_coca_band_10k+grade_estimate_12+general_or_nonacademic
glitz,9386,120,12,0,n,tier3_bnc_coca+bnc_coca_band_10k+grade_estimate_12+general_or_nonacademic
gloat,9387,127,12,0,v,tier3_bnc_coca+bnc_coca_band_10k+grade_estimate_12+general_or_nonacademic
gnarled,9388,112,12,0,n,tier3_bnc_coca+bnc_coca_band_10k+grade_estimate_12+general_or_nonacademic
goad,9389,175,12,0,v,tier3_bnc_coca+bnc_coca_band_10k+grade_estimate_12+general_or_nonacademic
goo,9390,126,12,0,n,tier3_bnc_coca+bnc_coca_band_10k+grade_estimate_12+general_or_nonacademic
goof,9391,55,12,0,v,tier3_bnc_coca+bnc_coca_band_10k+grade_estimate_12+general_or_nonacademic
grandstand,9392,159,12,0,n,tier3_bnc_coca+bnc_coca_band_10k+grade_estimate_12+general_or_nonacademic
gregarious,9393,137,12,0,adj,tier3_bnc_coca+bnc_coca_band_10k+grade_estimate_12+general_or_nonacademic
grisly,9394,113,12,0,adv,tier3_bnc_coca+bnc_coca_band_10k+grade_estimate_12+general_or_nonacademic
grizzly,9395,59,12,0,adv,tier3_bnc_coca+bnc_coca_band_10k+grade_estimate_12+general_or_nonacademic
grotto,9396,158,12,0,n,tier3_bnc_coca+bnc_coca_band_10k+grade_estimate_12+general_or_nonacademic
grubby,9397,295,12,0,n,tier3_bnc_coca+bnc_coca_band_10k+grade_estimate_12+general_or_nonacademic
grumpy,9398,175,12,0,n,tier3_bnc_coca+bnc_coca_band_10k+grade_estimate_12+general_or_nonacademic
guarantor,9399,226,12,0,n,tier3_bnc_coca+bnc_coca_band_10k+grade_estimate_12+general_or_nonacademic
gubernatorial,9400,73,12,0,adj,tier3_bnc_coca+bnc_coca_band_10k+grade_estimate_12+general_or_nonacademic
guillotine,9401,205,12,0,n,tier3_bnc_coca+bnc_coca_band_10k+grade_estimate_12+general_or_nonacademic
habitation,9403,181,12,1,n,tier3_bnc_coca+bnc_coca_band_10k+grade_estimate_12+academic_tion
habituate,9404,195,12,0,v,tier3_bnc_coca+bnc_coca_band_10k+grade_estimate_12+general_or_nonacademic
haemoglobin,9405,330,12,0,n,tier3_bnc_coca+bnc_coca_band_10k+grade_estimate_12+general_or_nonacademic
hallow,9406,189,12,0,v,tier3_bnc_coca+bnc_coca_band_10k+grade_estimate_12+general_or_nonacademic
hammock,9407,81,12,0,n,tier3_bnc_coca+bnc_coca_band_10k+grade_estimate_12+general_or_nonacademic
hamster,9408,164,12,0,n,tier3_bnc_coca+bnc_coca_band_10k+grade_estimate_12+general_or_nonacademic
handset,9409,147,12,0,n,tier3_bnc_coca+bnc_coca_band_10k+grade_estimate_12+general_or_nonacademic
hardcore,9410,201,12,0,n,tier3_bnc_coca+bnc_coca_band_10k+grade_estimate_12+general_or_nonacademic
haughty,9411,173,12,0,n,tier3_bnc_coca+bnc_coca_band_10k+grade_estimate_12+general_or_nonacademic
havens,9412,130,12,0,n,tier3_bnc_coca+bnc_coca_band_10k+grade_estimate_12+general_or_nonacademic
headland,9413,320,12,0,n,tier3_bnc_coca+bnc_coca_band_10k+grade_estimate_12+general_or_nonacademic
hearsay,9414,211,12,0,n,tier3_bnc_coca+bnc_coca_band_10k+grade_estimate_12+general_or_nonacademic
heathen,9415,148,12,0,v,tier3_bnc_coca+bnc_coca_band_10k+grade_estimate_12+general_or_nonacademic
heckle,9416,116,12,0,n,tier3_bnc_coca+bnc_coca_band_10k+grade_estimate_12+general_or_nonacademic
hedgehog,9417,411,12,0,n,tier3_bnc_coca+bnc_coca_band_10k+grade_estimate_12+general_or_nonacademic
hedonist,9418,159,12,0,n,tier3_bnc_coca+bnc_coca_band_10k+grade_estimate_12+general_or_nonacademic
heirloom,9419,76,12,0,n,tier3_bnc_coca+bnc_coca_band_10k+grade_estimate_12+general_or_nonacademic
hemp,9420,121,12,0,n,tier3_bnc_coca+bnc_coca_band_10k+grade_estimate_12+general_or_nonacademic
hepatic,9421,313,12,0,adj,tier3_bnc_coca+bnc_coca_band_10k+grade_estimate_12+general_or_nonacademic
hereafter,9422,131,12,0,n,tier3_bnc_coca+bnc_coca_band_10k+grade_estimate_12+general_or_nonacademic
hereby,9423,258,12,0,n,tier3_bnc_coca+bnc_coca_band_10k+grade_estimate_12+general_or_nonacademic
hermeneutic,9424,79,12,0,adj,tier3_bnc_coca+bnc_coca_band_10k+grade_estimate_12+general_or_nonacademic
hernia,9425,228,12,0,n,tier3_bnc_coca+bnc_coca_band_10k+grade_estimate_12+general_or_nonacademic
herpes,9426,119,12,0,n,tier3_bnc_coca+bnc_coca_band_10k+grade_estimate_12+general_or_nonacademic
heterogeneous,9427,435,12,0,adj,tier3_bnc_coca+bnc_coca_band_10k+grade_estimate_12+general_or_nonacademic
hiatus,9429,113,12,0,n,tier3_bnc_coca+bnc_coca_band_10k+grade_estimate_12+general_or_nonacademic
hibernate,9430,125,12,0,v,tier3_bnc_coca+bnc_coca_band_10k+grade_estimate_12+general_or_nonacademic
hilt,9431,161,12,0,n,tier3_bnc_coca+bnc_coca_band_10k+grade_estimate_12+general_or_nonacademic
hinterland,9432,199,12,0,n,tier3_bnc_coca+bnc_coca_band_10k+grade_estimate_12+general_or_nonacademic
homogeneity,9433,151,12,0,n,tier3_bnc_coca+bnc_coca_band_10k+grade_estimate_12+general_or_nonacademic
hornet,9435,95,12,0,n,tier3_bnc_coca+bnc_coca_band_10k+grade_estimate_12+general_or_nonacademic
husk,9436,130,12,0,v,tier3_bnc_coca+bnc_coca_band_10k+grade_estimate_12+general_or_nonacademic
hydroelectric,9437,109,12,0,adj,tier3_bnc_coca+bnc_coca_band_10k+grade_estimate_12+general_or_nonacademic
hyperbole,9438,133,12,0,n,tier3_bnc_coca+bnc_coca_band_10k+grade_estimate_12+general_or_nonacademic
immaterial,9439,199,12,0,adj,tier3_bnc_coca+bnc_coca_band_10k+grade_estimate_12+general_or_nonacademic
immunology,9440,181,12,1,n,tier3_bnc_coca+bnc_coca_band_10k+grade_estimate_12+academic_suffix
imp,9441,199,12,0,n,tier3_bnc_coca+bnc_coca_band_10k+grade_estimate_12+general_or_nonacademic
impassioned,9442,133,12,0,n,tier3_bnc_coca+bnc_coca_band_10k+grade_estimate_12+general_or_nonacademic
impedance,9443,308,12,0,n,tier3_bnc_coca+bnc_coca_band_10k+grade_estimate_12+general_or_nonacademic
imperious,9444,162,12,0,adj,tier3_bnc_coca+bnc_coca_band_10k+grade_estimate_12+general_or_nonacademic
impervious,9445,156,12,0,adj,tier3_bnc_coca+bnc_coca_band_10k+grade_estimate_12+general_or_nonacademic
implacable,9446,188,12,0,adj,tier3_bnc_coca+bnc_coca_band_10k+grade_estimate_12+general_or_nonacademic
impregnate,9447,172,12,0,v,tier3_bnc_coca+bnc_coca_band_10k+grade_estimate_12+general_or_nonacademic
impunity,9448,99,12,0,n,tier3_bnc_coca+bnc_coca_band_10k+grade_estimate_12+general_or_nonacademic
impute,9449,195,12,0,n,tier3_bnc_coca+bnc_coca_band_10k+grade_estimate_12+general_or_nonacademic
incandescent,9450,100,12,0,adj,tier3_bnc_coca+bnc_coca_band_10k+grade_estimate_12+general_or_nonacademic
incipient,9451,161,12,0,adj,tier3_bnc_coca+bnc_coca_band_10k+grade_estimate_12+general_or_nonacademic
inculcate,9452,137,12,0,v,tier3_bnc_coca+bnc_coca_band_10k+grade_estimate_12+general_or_nonacademic
indecision,9453,143,12,0,n,tier3_bnc_coca+bnc_coca_band_10k+grade_estimate_12+general_or_nonacademic
indelible,9454,125,12,0,adj,tier3_bnc_coca+bnc_coca_band_10k+grade_estimate_12+general_or_nonacademic
indignity,9455,147,12,0,n,tier3_bnc_coca+bnc_coca_band_10k+grade_estimate_12+general_or_nonacademic
indigo,9456,149,12,0,n,tier3_bnc_coca+bnc_coca_band_10k+grade_estimate_12+general_or_nonacademic
indisputable,9457,146,12,0,adj,tier3_bnc_coca+bnc_coca_band_10k+grade_estimate_12+general_or_nonacademic
industrious,9458,167,12,0,adj,tier3_bnc_coca+bnc_coca_band_10k+grade_estimate_12+general_or_nonacademic
inferno,9459,132,12,0,n,tier3_bnc_coca+bnc_coca_band_10k+grade_estimate_12+general_or_nonacademic
infinitive,9460,752,12,0,adj,tier3_bnc_coca+bnc_coca_band_10k+grade_estimate_12+general_or_nonacademic
inkling,9461,150,12,0,n,tier3_bnc_coca+bnc_coca_band_10k+grade_estimate_12+general_or_nonacademic
inquisition,9462,153,12,0,n,tier3_bnc_coca+bnc_coca_band_10k+grade_estimate_12+general_or_nonacademic
insatiable,9463,161,12,0,adj,tier3_bnc_coca+bnc_coca_band_10k+grade_estimate_12+general_or_nonacademic
inscrutable,9464,133,12,0,adj,tier3_bnc_coca+bnc_coca_band_10k+grade_estimate_12+general_or_nonacademic
inshore,9465,129,12,0,n,tier3_bnc_coca+bnc_coca_band_10k+grade_estimate_12+general_or_nonacademic
insolent,9466,178,12,0,adj,tier3_bnc_coca+bnc_coca_band_10k+grade_estimate_12+general_or_nonacademic
insular,9467,151,12,0,n,tier3_bnc_coca+bnc_coca_band_10k+grade_estimate_12+general_or_nonacademic
integer,9468,400,12,0,n,tier3_bnc_coca+bnc_coca_band_10k+grade_estimate_12+general_or_nonacademic
intercede,9469,115,12,0,n,tier3_bnc_coca+bnc_coca_band_10k+grade_estimate_12+general_or_nonacademic
intercom,9470,104,12,0,n,tier3_bnc_coca+bnc_coca_band_10k+grade_estimate_12+general_or_nonacademic
interlocutor,9471,240,12,0,n,tier3_bnc_coca+bnc_coca_band_10k+grade_estimate_12+general_or_nonacademic
interstellar,9472,74,12,0,n,tier3_bnc_coca+bnc_coca_band_10k+grade_estimate_12+general_or_nonacademic
intransigent,9473,191,12,0,adj,tier3_bnc_coca+bnc_coca_band_10k+grade_estimate_12+general_or_nonacademic
intrepid,9474,141,12,0,adj,tier3_bnc_coca+bnc_coca_band_10k+grade_estimate_12+general_or_nonacademic
introvert,9475,156,12,0,v,tier3_bnc_coca+bnc_coca_band_10k+grade_estimate_12+general_or_nonacademic
invincible,9476,139,12,0,adj,tier3_bnc_coca+bnc_coca_band_10k+grade_estimate_12+general_or_nonacademic
iodine,9477,132,12,0,n,tier3_bnc_coca+bnc_coca_band_10k+grade_estimate_12+general_or_nonacademic
irate,9478,119,12,0,adj,tier3_bnc_coca+bnc_coca_band_10k+grade_estimate_12+general_or_nonacademic
irreverent,9479,133,12,0,adj,tier3_bnc_coca+bnc_coca_band_10k+grade_estimate_12+general_or_nonacademic
itinerant,9480,148,12,0,adj,tier3_bnc_coca+bnc_coca_band_10k+grade_estimate_12+general_or_nonacademic
jackpot,9481,134,12,0,n,tier3_bnc_coca+bnc_coca_band_10k+grade_estimate_12+general_or_nonacademic
jaded,9482,123,12,0,adj,tier3_bnc_coca+bnc_coca_band_10k+grade_estimate_12+general_or_nonacademic
jangle,9483,181,12,0,n,tier3_bnc_coca+bnc_coca_band_10k+grade_estimate_12+general_or_nonacademic
jaundice,9484,181,12,0,n,tier3_bnc_coca+bnc_coca_band_10k+grade_estimate_12+general_or_nonacademic
jettison,9485,129,12,0,v,tier3_bnc_coca+bnc_coca_band_10k+grade_estimate_12+general_or_nonacademic
jetty,9486,243,12,0,n,tier3_bnc_coca+bnc_coca_band_10k+grade_estimate_12+general_or_nonacademic
joiner,9487,247,12,0,n,tier3_bnc_coca+bnc_coca_band_10k+grade_estimate_12+general_or_nonacademic
joist,9488,169,12,0,n,tier3_bnc_coca+bnc_coca_band_10k+grade_estimate_12+general_or_nonacademic
jovial,9489,149,12,0,adj,tier3_bnc_coca+bnc_coca_band_10k+grade_estimate_12+general_or_nonacademic
jubilant,9490,125,12,0,adj,tier3_bnc_coca+bnc_coca_band_10k+grade_estimate_12+general_or_nonacademic
jurist,9491,122,12,0,n,tier3_bnc_coca+bnc_coca_band_10k+grade_estimate_12+general_or_nonacademic
jus,9492,131,12,0,n,tier3_bnc_coca+bnc_coca_band_10k+grade_estimate_12+general_or_nonacademic
kaleidoscope,9493,151,12,0,n,tier3_bnc_coca+bnc_coca_band_10k+grade_estimate_12+general_or_nonacademic
keg,9494,150,12,0,n,tier3_bnc_coca+bnc_coca_band_10k+grade_estimate_12+general_or_nonacademic
ketchup,9495,90,12,0,n,tier3_bnc_coca+bnc_coca_band_10k+grade_estimate_12+general_or_nonacademic
kinsman,9496,249,12,0,n,tier3_bnc_coca+bnc_coca_band_10k+grade_estimate_12+general_or_nonacademic
kinswoman,9497,27,12,0,n,tier3_bnc_coca+bnc_coca_band_10k+grade_estimate_12+general_or_nonacademic
kip,9498,92,12,0,n,tier3_bnc_coca+bnc_coca_band_10k+grade_estimate_12+general_or_nonacademic
knickers,9499,380,12,0,n,tier3_bnc_coca+bnc_coca_band_10k+grade_estimate_12+general_or_nonacademic
koran,9500,98,12,0,n,tier3_bnc_coca+bnc_coca_band_10k+grade_estimate_12+general_or_nonacademic
kosher,9501,68,12,0,n,tier3_bnc_coca+bnc_coca_band_10k+grade_estimate_12+general_or_nonacademic
ladle,9502,119,12,0,n,tier3_bnc_coca+bnc_coca_band_10k+grade_estimate_12+general_or_nonacademic
lair,9503,132,12,0,n,tier3_bnc_coca+bnc_coca_band_10k+grade_estimate_12+general_or_nonacademic
lanky,9504,78,12,0,n,tier3_bnc_coca+bnc_coca_band_10k+grade_estimate_12+general_or_nonacademic
latex,9505,109,12,0,n,tier3_bnc_coca+bnc_coca_band_10k+grade_estimate_12+general_or_nonacademic
laureate,9506,86,12,0,v,tier3_bnc_coca+bnc_coca_band_10k+grade_estimate_12+general_or_nonacademic
leaner,9507,97,12,0,n,tier3_bnc_coca+bnc_coca_band_10k+grade_estimate_12+general_or_nonacademic
lentil,9508,129,12,0,n,tier3_bnc_coca+bnc_coca_band_10k+grade_estimate_12+general_or_nonacademic
leper,9509,130,12,0,n,tier3_bnc_coca+bnc_coca_band_10k+grade_estimate_12+general_or_nonacademic
libido,9510,141,12,0,n,tier3_bnc_coca+bnc_coca_band_10k+grade_estimate_12+general_or_nonacademic
lien,9511,149,12,0,v,tier3_bnc_coca+bnc_coca_band_10k+grade_estimate_12+general_or_nonacademic
lilt,9512,108,12,0,v,tier3_bnc_coca+bnc_coca_band_10k+grade_estimate_12+general_or_nonacademic
liqueur,9513,146,12,0,n,tier3_bnc_coca+bnc_coca_band_10k+grade_estimate_12+general_or_nonacademic
listless,9514,131,12,0,adj,tier3_bnc_coca+bnc_coca_band_10k+grade_estimate_12+general_or_nonacademic
lite,9515,141,12,0,n,tier3_bnc_coca+bnc_coca_band_10k+grade_estimate_12+general_or_nonacademic
lithe,9516,125,12,0,adj,tier3_bnc_coca+bnc_coca_band_10k+grade_estimate_12+general_or_nonacademic
litigant,9517,186,12,0,n,tier3_bnc_coca+bnc_coca_band_10k+grade_estimate_12+general_or_nonacademic
loafed,9518,83,12,0,n,tier3_bnc_coca+bnc_coca_band_10k+grade_estimate_12+general_or_nonacademic
locust,9519,101,12,0,n,tier3_bnc_coca+bnc_coca_band_10k+grade_estimate_12+general_or_nonacademic
loin,9520,146,12,0,n,tier3_bnc_coca+bnc_coca_band_10k+grade_estimate_12+general_or_nonacademic
loiter,9521,123,12,0,v,tier3_bnc_coca+bnc_coca_band_10k+grade_estimate_12+general_or_nonacademic
loll,9522,150,12,0,v,tier3_bnc_coca+bnc_coca_band_10k+grade_estimate_12+general_or_nonacademic
longitude,9523,116,12,0,n,tier3_bnc_coca+bnc_coca_band_10k+grade_estimate_12+general_or_nonacademic
loony,9524,198,12,0,n,tier3_bnc_coca+bnc_coca_band_10k+grade_estimate_12+general_or_nonacademic
lope,9525,115,12,0,n,tier3_bnc_coca+bnc_coca_band_10k+grade_estimate_12+general_or_nonacademic
lubricant,9526,139,12,0,n,tier3_bnc_coca+bnc_coca_band_10k+grade_estimate_12+general_or_nonacademic
luscious,9527,112,12,0,adj,tier3_bnc_coca+bnc_coca_band_10k+grade_estimate_12+general_or_nonacademic
lynch,9528,433,12,0,v,tier3_bnc_coca+bnc_coca_band_10k+grade_estimate_12+general_or_nonacademic
macabre,9529,152,12,0,n,tier3_bnc_coca+bnc_coca_band_10k+grade_estimate_12+general_or_nonacademic
mach,9530,203,12,0,n,tier3_bnc_coca+bnc_coca_band_10k+grade_estimate_12+general_or_nonacademic
mackerel,9531,152,12,0,n,tier3_bnc_coca+bnc_coca_band_10k+grade_estimate_12+general_or_nonacademic
maestro,9532,157,12,0,n,tier3_bnc_coca+bnc_coca_band_10k+grade_estimate_12+general_or_nonacademic
magma,9533,247,12,0,n,tier3_bnc_coca+bnc_coca_band_10k+grade_estimate_12+general_or_nonacademic
magnum,9534,133,12,0,n,tier3_bnc_coca+bnc_coca_band_10k+grade_estimate_12+general_or_nonacademic
malaise,9535,153,12,0,v,tier3_bnc_coca+bnc_coca_band_10k+grade_estimate_12+general_or_nonacademic
malleable,9536,115,12,0,adj,tier3_bnc_coca+bnc_coca_band_10k+grade_estimate_12+general_or_nonacademic
mandible,9537,195,12,0,adj,tier3_bnc_coca+bnc_coca_band_10k+grade_estimate_12+general_or_nonacademic
manifold,9538,169,12,0,n,tier3_bnc_coca+bnc_coca_band_10k+grade_estimate_12+general_or_nonacademic
mannerism,9539,154,12,0,n,tier3_bnc_coca+bnc_coca_band_10k+grade_estimate_12+general_or_nonacademic
manoeuvre,9540,1388,12,0,n,tier3_bnc_coca+bnc_coca_band_10k+grade_estimate_12+general_or_nonacademic
mantra,9541,78,12,0,n,tier3_bnc_coca+bnc_coca_band_10k+grade_estimate_12+general_or_nonacademic
maraud,9542,153,12,0,v,tier3_bnc_coca+bnc_coca_band_10k+grade_estimate_12+general_or_nonacademic
marinade,9543,81,12,0,n,tier3_bnc_coca+bnc_coca_band_10k+grade_estimate_12+general_or_nonacademic
marinate,9544,83,12,0,v,tier3_bnc_coca+bnc_coca_band_10k+grade_estimate_12+general_or_nonacademic
marksman,9545,159,12,0,n,tier3_bnc_coca+bnc_coca_band_10k+grade_estimate_12+general_or_nonacademic
marmalade,9546,239,12,0,n,tier3_bnc_coca+bnc_coca_band_10k+grade_estimate_12+general_or_nonacademic
mart,9547,133,12,0,n,tier3_bnc_coca+bnc_coca_band_10k+grade_estimate_12+general_or_nonacademic
marten,9548,163,12,0,v,tier3_bnc_coca+bnc_coca_band_10k+grade_estimate_12+general_or_nonacademic
mascot,9549,115,12,0,n,tier3_bnc_coca+bnc_coca_band_10k+grade_estimate_12+general_or_nonacademic
maul,9550,233,12,0,v,tier3_bnc_coca+bnc_coca_band_10k+grade_estimate_12+general_or_nonacademic
mausoleum,9551,139,12,0,n,tier3_bnc_coca+bnc_coca_band_10k+grade_estimate_12+general_or_nonacademic
mauve,9552,239,12,0,n,tier3_bnc_coca+bnc_coca_band_10k+grade_estimate_12+general_or_nonacademic
measles,9553,240,12,0,n,tier3_bnc_coca+bnc_coca_band_10k+grade_estimate_12+general_or_nonacademic
melanoma,9554,135,12,0,n,tier3_bnc_coca+bnc_coca_band_10k+grade_estimate_12+general_or_nonacademic
melodramatic,9555,124,12,0,adj,tier3_bnc_coca+bnc_coca_band_10k+grade_estimate_12+general_or_nonacademic
mercantile,9556,238,12,0,n,tier3_bnc_coca+bnc_coca_band_10k+grade_estimate_12+general_or_nonacademic
meridian,9557,130,12,0,n,tier3_bnc_coca+bnc_coca_band_10k+grade_estimate_12+general_or_nonacademic
metastasis,9558,98,12,0,n,tier3_bnc_coca+bnc_coca_band_10k+grade_estimate_12+general_or_nonacademic
meteorology,9559,98,12,1,n,tier3_bnc_coca+bnc_coca_band_10k+grade_estimate_12+academic_exact
methyl,9560,224,12,0,n,tier3_bnc_coca+bnc_coca_band_10k+grade_estimate_12+general_or_nonacademic
microcosm,9561,117,12,0,n,tier3_bnc_coca+bnc_coca_band_10k+grade_estimate_12+general_or_nonacademic
microfilm,9562,186,12,0,v,tier3_bnc_coca+bnc_coca_band_10k+grade_estimate_12+general_or_nonacademic
micron,9563,154,12,0,n,tier3_bnc_coca+bnc_coca_band_10k+grade_estimate_12+general_or_nonacademic
millisecond,9564,126,12,0,n,tier3_bnc_coca+bnc_coca_band_10k+grade_estimate_12+general_or_nonacademic
minnow,9565,110,12,0,n,tier3_bnc_coca+bnc_coca_band_10k+grade_estimate_12+general_or_nonacademic
minuscule,9566,107,12,0,n,tier3_bnc_coca+bnc_coca_band_10k+grade_estimate_12+general_or_nonacademic
mirage,9567,166,12,0,n,tier3_bnc_coca+bnc_coca_band_10k+grade_estimate_12+general_or_nonacademic
mirth,9568,228,12,0,n,tier3_bnc_coca+bnc_coca_band_10k+grade_estimate_12+general_or_nonacademic
mitt,9569,69,12,0,n,tier3_bnc_coca+bnc_coca_band_10k+grade_estimate_12+general_or_nonacademic
modal,9570,277,12,0,adj,tier3_bnc_coca+bnc_coca_band_10k+grade_estimate_12+general_or_nonacademic
modality,9571,97,12,0,n,tier3_bnc_coca+bnc_coca_band_10k+grade_estimate_12+general_or_nonacademic
mollusc,9572,260,12,0,n,tier3_bnc_coca+bnc_coca_band_10k+grade_estimate_12+general_or_nonacademic
monsoon,9573,177,12,0,n,tier3_bnc_coca+bnc_coca_band_10k+grade_estimate_12+general_or_nonacademic
montage,9574,78,12,0,n,tier3_bnc_coca+bnc_coca_band_10k+grade_estimate_12+general_or_nonacademic
mores,9575,124,12,0,n,tier3_bnc_coca+bnc_coca_band_10k+grade_estimate_12+general_or_nonacademic
morgue,9576,68,12,0,n,tier3_bnc_coca+bnc_coca_band_10k+grade_estimate_12+general_or_nonacademic
moron,9577,109,12,0,n,tier3_bnc_coca+bnc_coca_band_10k+grade_estimate_12+general_or_nonacademic
morose,9578,186,12,0,adj,tier3_bnc_coca+bnc_coca_band_10k+grade_estimate_12+general_or_nonacademic
morsel,9579,143,12,0,n,tier3_bnc_coca+bnc_coca_band_10k+grade_estimate_12+general_or_nonacademic
mortify,9580,134,12,0,v,tier3_bnc_coca+bnc_coca_band_10k+grade_estimate_12+general_or_nonacademic
mortuary,9581,235,12,0,n,tier3_bnc_coca+bnc_coca_band_10k+grade_estimate_12+general_or_nonacademic
motley,9582,137,12,0,n,tier3_bnc_coca+bnc_coca_band_10k+grade_estimate_12+general_or_nonacademic
mummies,9583,113,12,0,n,tier3_bnc_coca+bnc_coca_band_10k+grade_estimate_12+general_or_nonacademic
musk,9584,126,12,0,n,tier3_bnc_coca+bnc_coca_band_10k+grade_estimate_12+general_or_nonacademic
musty,9585,138,12,0,n,tier3_bnc_coca+bnc_coca_band_10k+grade_estimate_12+general_or_nonacademic
myocardial,9586,242,12,0,adj,tier3_bnc_coca+bnc_coca_band_10k+grade_estimate_12+general_or_nonacademic
myopia,9587,122,12,0,n,tier3_bnc_coca+bnc_coca_band_10k+grade_estimate_12+general_or_nonacademic
nacional,9588,114,12,0,adj,tier3_bnc_coca+bnc_coca_band_10k+grade_estimate_12+general_or_nonacademic
namesake,9589,129,12,0,n,tier3_bnc_coca+bnc_coca_band_10k+grade_estimate_12+general_or_nonacademic
nappy,9590,399,12,0,n,tier3_bnc_coca+bnc_coca_band_10k+grade_estimate_12+general_or_nonacademic
nascent,9591,96,12,0,adj,tier3_bnc_coca+bnc_coca_band_10k+grade_estimate_12+general_or_nonacademic
nativity,9592,116,12,0,n,tier3_bnc_coca+bnc_coca_band_10k+grade_estimate_12+general_or_nonacademic
nautical,9593,139,12,0,adj,tier3_bnc_coca+bnc_coca_band_10k+grade_estimate_12+general_or_nonacademic
navel,9594,133,12,0,n,tier3_bnc_coca+bnc_coca_band_10k+grade_estimate_12+general_or_nonacademic
necrosis,9595,146,12,1,n,tier3_bnc_coca+bnc_coca_band_10k+grade_estimate_12+academic_suffix
negotiable,9596,184,12,0,adj,tier3_bnc_coca+bnc_coca_band_10k+grade_estimate_12+general_or_nonacademic
neurosis,9597,183,12,1,n,tier3_bnc_coca+bnc_coca_band_10k+grade_estimate_12+academic_suffix
neurotransmitter,9598,148,12,0,n,tier3_bnc_coca+bnc_coca_band_10k+grade_estimate_12+general_or_nonacademic
nexus,9599,121,12,0,n,tier3_bnc_coca+bnc_coca_band_10k+grade_estimate_12+general_or_nonacademic
nodule,9600,186,12,0,n,tier3_bnc_coca+bnc_coca_band_10k+grade_estimate_12+general_or_nonacademic
noose,9601,91,12,0,n,tier3_bnc_coca+bnc_coca_band_10k+grade_estimate_12+general_or_nonacademic
nosy,9602,160,12,0,v,tier3_bnc_coca+bnc_coca_band_10k+grade_estimate_12+general_or_nonacademic
nucleotide,9603,347,12,0,n,tier3_bnc_coca+bnc_coca_band_10k+grade_estimate_12+general_or_nonacademic
nymph,9604,172,12,0,n,tier3_bnc_coca+bnc_coca_band_10k+grade_estimate_12+general_or_nonacademic
objectify,9605,144,12,0,v,tier3_bnc_coca+bnc_coca_band_10k+grade_estimate_12+general_or_nonacademic
ochre,9606,139,12,0,n,tier3_bnc_coca+bnc_coca_band_10k+grade_estimate_12+general_or_nonacademic
octagon,9607,232,12,0,n,tier3_bnc_coca+bnc_coca_band_10k+grade_estimate_12+general_or_nonacademic
ode,9608,154,12,0,n,tier3_bnc_coca+bnc_coca_band_10k+grade_estimate_12+general_or_nonacademic
oedema,9609,150,12,0,n,tier3_bnc_coca+bnc_coca_band_10k+grade_estimate_12+general_or_nonacademic
oesophagus,9610,1730,12,0,n,tier3_bnc_coca+bnc_coca_band_10k+grade_estimate_12+general_or_nonacademic
officiate,9611,93,12,0,v,tier3_bnc_coca+bnc_coca_band_10k+grade_estimate_12+general_or_nonacademic
ointment,9612,124,12,0,n,tier3_bnc_coca+bnc_coca_band_10k+grade_estimate_12+general_or_nonacademic
omega,9613,134,12,0,n,tier3_bnc_coca+bnc_coca_band_10k+grade_estimate_12+general_or_nonacademic
onus,9614,239,12,0,n,tier3_bnc_coca+bnc_coca_band_10k+grade_estimate_12+general_or_nonacademic
opioid,9615,208,12,0,n,tier3_bnc_coca+bnc_coca_band_10k+grade_estimate_12+general_or_nonacademic
orb,9616,146,12,0,n,tier3_bnc_coca+bnc_coca_band_10k+grade_estimate_12+general_or_nonacademic
ornithology,9617,247,12,1,n,tier3_bnc_coca+bnc_coca_band_10k+grade_estimate_12+academic_suffix
ostracise,9618,98,12,0,v,tier3_bnc_coca+bnc_coca_band_10k+grade_estimate_12+general_or_nonacademic
outcrop,9620,245,12,0,n,tier3_bnc_coca+bnc_coca_band_10k+grade_estimate_12+general_or_nonacademic
outdo,9621,128,12,0,v,tier3_bnc_coca+bnc_coca_band_10k+grade_estimate_12+general_or_nonacademic
outlandish,9622,101,12,0,adj,tier3_bnc_coca+bnc_coca_band_10k+grade_estimate_12+general_or_nonacademic
outlive,9623,134,12,0,adj,tier3_bnc_coca+bnc_coca_band_10k+grade_estimate_12+general_or_nonacademic
outmoded,9624,132,12,0,n,tier3_bnc_coca+bnc_coca_band_10k+grade_estimate_12+general_or_nonacademic
outperform,9625,108,12,0,v,tier3_bnc_coca+bnc_coca_band_10k+grade_estimate_12+general_or_nonacademic
outpouring,9626,95,12,0,n,tier3_bnc_coca+bnc_coca_band_10k+grade_estimate_12+general_or_nonacademic
overburden,9627,131,12,0,v,tier3_bnc_coca+bnc_coca_band_10k+grade_estimate_12+general_or_nonacademic
overcast,9628,103,12,0,n,tier3_bnc_coca+bnc_coca_band_10k+grade_estimate_12+general_or_nonacademic
overdrive,9629,241,12,0,adj,tier3_bnc_coca+bnc_coca_band_10k+grade_estimate_12+general_or_nonacademic
oversimplify,9630,145,12,0,v,tier3_bnc_coca+bnc_coca_band_10k+grade_estimate_12+general_or_nonacademic
oversized,9631,63,12,0,n,tier3_bnc_coca+bnc_coca_band_10k+grade_estimate_12+general_or_nonacademic
oxidation,9632,189,12,0,n,tier3_bnc_coca+bnc_coca_band_10k+grade_estimate_12+general_or_nonacademic
oxidise,9633,160,12,0,v,tier3_bnc_coca+bnc_coca_band_10k+grade_estimate_12+general_or_nonacademic
pacify,9634,130,12,0,v,tier3_bnc_coca+bnc_coca_band_10k+grade_estimate_12+general_or_nonacademic
paddock,9635,302,12,0,n,tier3_bnc_coca+bnc_coca_band_10k+grade_estimate_12+general_or_nonacademic
paddy,9636,927,12,0,n,tier3_bnc_coca+bnc_coca_band_10k+grade_estimate_12+general_or_nonacademic
padlock,9637,200,12,0,v,tier3_bnc_coca+bnc_coca_band_10k+grade_estimate_12+general_or_nonacademic
paediatric,9638,272,12,0,adj,tier3_bnc_coca+bnc_coca_band_10k+grade_estimate_12+general_or_nonacademic
pail,9639,127,12,0,n,tier3_bnc_coca+bnc_coca_band_10k+grade_estimate_12+general_or_nonacademic
palazzo,9640,357,12,0,n,tier3_bnc_coca+bnc_coca_band_10k+grade_estimate_12+general_or_nonacademic
palsy,9641,117,12,0,n,tier3_bnc_coca+bnc_coca_band_10k+grade_estimate_12+general_or_nonacademic
paltry,9642,116,12,0,n,tier3_bnc_coca+bnc_coca_band_10k+grade_estimate_12+general_or_nonacademic
panacea,9643,114,12,0,n,tier3_bnc_coca+bnc_coca_band_10k+grade_estimate_12+general_or_nonacademic
pancreas,9644,191,12,0,n,tier3_bnc_coca+bnc_coca_band_10k+grade_estimate_12+general_or_nonacademic
pander,9645,114,12,0,v,tier3_bnc_coca+bnc_coca_band_10k+grade_estimate_12+general_or_nonacademic
panned,9646,102,12,0,n,tier3_bnc_coca+bnc_coca_band_10k+grade_estimate_12+general_or_nonacademic
pantomime,9647,517,12,0,n,tier3_bnc_coca+bnc_coca_band_10k+grade_estimate_12+general_or_nonacademic
panty,9648,79,12,0,n,tier3_bnc_coca+bnc_coca_band_10k+grade_estimate_12+general_or_nonacademic
pap,9649,101,12,0,n,tier3_bnc_coca+bnc_coca_band_10k+grade_estimate_12+general_or_nonacademic
papacy,9650,273,12,0,n,tier3_bnc_coca+bnc_coca_band_10k+grade_estimate_12+general_or_nonacademic
parapet,9651,263,12,0,n,tier3_bnc_coca+bnc_coca_band_10k+grade_estimate_12+general_or_nonacademic
paraphernalia,9652,133,12,0,n,tier3_bnc_coca+bnc_coca_band_10k+grade_estimate_12+general_or_nonacademic
paratrooper,9653,144,12,0,n,tier3_bnc_coca+bnc_coca_band_10k+grade_estimate_12+general_or_nonacademic
parmesan,9655,85,12,0,n,tier3_bnc_coca+bnc_coca_band_10k+grade_estimate_12+general_or_nonacademic
parson,9656,813,12,0,n,tier3_bnc_coca+bnc_coca_band_10k+grade_estimate_12+general_or_nonacademic
particulate,9657,88,12,0,v,tier3_bnc_coca+bnc_coca_band_10k+grade_estimate_12+general_or_nonacademic
passover,9659,113,12,0,n,tier3_bnc_coca+bnc_coca_band_10k+grade_estimate_12+general_or_nonacademic
pate,9660,113,12,0,v,tier3_bnc_coca+bnc_coca_band_10k+grade_estimate_12+general_or_nonacademic
patrician,9661,154,12,0,n,tier3_bnc_coca+bnc_coca_band_10k+grade_estimate_12+general_or_nonacademic
patter,9662,183,12,0,v,tier3_bnc_coca+bnc_coca_band_10k+grade_estimate_12+general_or_nonacademic
paucity,9663,122,12,0,n,tier3_bnc_coca+bnc_coca_band_10k+grade_estimate_12+general_or_nonacademic
pauper,9664,242,12,0,n,tier3_bnc_coca+bnc_coca_band_10k+grade_estimate_12+general_or_nonacademic
peeve,9665,121,12,0,n,tier3_bnc_coca+bnc_coca_band_10k+grade_estimate_12+general_or_nonacademic
pelican,9666,144,12,0,n,tier3_bnc_coca+bnc_coca_band_10k+grade_estimate_12+general_or_nonacademic
penance,9667,157,12,0,n,tier3_bnc_coca+bnc_coca_band_10k+grade_estimate_12+general_or_nonacademic
penitence,9668,152,12,0,n,tier3_bnc_coca+bnc_coca_band_10k+grade_estimate_12+general_or_nonacademic
pennant,9669,119,12,0,n,tier3_bnc_coca+bnc_coca_band_10k+grade_estimate_12+general_or_nonacademic
penthouse,9670,127,12,0,n,tier3_bnc_coca+bnc_coca_band_10k+grade_estimate_12+general_or_nonacademic
percolate,9671,112,12,0,v,tier3_bnc_coca+bnc_coca_band_10k+grade_estimate_12+general_or_nonacademic
perfusion,9672,244,12,0,n,tier3_bnc_coca+bnc_coca_band_10k+grade_estimate_12+general_or_nonacademic
peroxide,9673,177,12,0,n,tier3_bnc_coca+bnc_coca_band_10k+grade_estimate_12+general_or_nonacademic
pester,9674,166,12,0,v,tier3_bnc_coca+bnc_coca_band_10k+grade_estimate_12+general_or_nonacademic
petrochemical,9675,197,12,0,adj,tier3_bnc_coca+bnc_coca_band_10k+grade_estimate_12+general_or_nonacademic
petulant,9676,155,12,0,adj,tier3_bnc_coca+bnc_coca_band_10k+grade_estimate_12+general_or_nonacademic
phallus,9677,167,12,0,n,tier3_bnc_coca+bnc_coca_band_10k+grade_estimate_12+general_or_nonacademic
pharmacology,9678,173,12,1,n,tier3_bnc_coca+bnc_coca_band_10k+grade_estimate_12+academic_suffix
philanthropy,9679,364,12,0,n,tier3_bnc_coca+bnc_coca_band_10k+grade_estimate_12+general_or_nonacademic
physiotherapist,9680,658,12,0,n,tier3_bnc_coca+bnc_coca_band_10k+grade_estimate_12+general_or_nonacademic
pillage,9681,144,12,0,n,tier3_bnc_coca+bnc_coca_band_10k+grade_estimate_12+general_or_nonacademic
pique,9682,91,12,0,n,tier3_bnc_coca+bnc_coca_band_10k+grade_estimate_12+general_or_nonacademic
pith,9683,144,12,0,n,tier3_bnc_coca+bnc_coca_band_10k+grade_estimate_12+general_or_nonacademic
placard,9684,169,12,0,n,tier3_bnc_coca+bnc_coca_band_10k+grade_estimate_12+general_or_nonacademic
placenta,9685,160,12,0,n,tier3_bnc_coca+bnc_coca_band_10k+grade_estimate_12+general_or_nonacademic
plagiarise,9686,95,12,0,v,tier3_bnc_coca+bnc_coca_band_10k+grade_estimate_12+general_or_nonacademic
plaintive,9687,152,12,0,adj,tier3_bnc_coca+bnc_coca_band_10k+grade_estimate_12+general_or_nonacademic
plait,9688,261,12,0,v,tier3_bnc_coca+bnc_coca_band_10k+grade_estimate_12+general_or_nonacademic
plankton,9689,148,12,0,n,tier3_bnc_coca+bnc_coca_band_10k+grade_estimate_12+general_or_nonacademic
plop,9690,89,12,0,n,tier3_bnc_coca+bnc_coca_band_10k+grade_estimate_12+general_or_nonacademic
plumb,9691,198,12,0,v,tier3_bnc_coca+bnc_coca_band_10k+grade_estimate_12+general_or_nonacademic
polaroid,9692,91,12,0,n,tier3_bnc_coca+bnc_coca_band_10k+grade_estimate_12+general_or_nonacademic
polymerase,9693,477,12,0,n,tier3_bnc_coca+bnc_coca_band_10k+grade_estimate_12+general_or_nonacademic
ponderous,9694,148,12,0,adj,tier3_bnc_coca+bnc_coca_band_10k+grade_estimate_12+general_or_nonacademic
poodle,9695,128,12,0,n,tier3_bnc_coca+bnc_coca_band_10k+grade_estimate_12+general_or_nonacademic
populous,9696,115,12,0,adj,tier3_bnc_coca+bnc_coca_band_10k+grade_estimate_12+general_or_nonacademic
porcelain,9697,364,12,0,n,tier3_bnc_coca+bnc_coca_band_10k+grade_estimate_12+general_or_nonacademic
poring,9698,91,12,0,n,tier3_bnc_coca+bnc_coca_band_10k+grade_estimate_12+general_or_nonacademic
portent,9699,143,12,0,n,tier3_bnc_coca+bnc_coca_band_10k+grade_estimate_12+general_or_nonacademic
posterity,9700,181,12,0,n,tier3_bnc_coca+bnc_coca_band_10k+grade_estimate_12+general_or_nonacademic
pothole,9701,114,12,0,n,tier3_bnc_coca+bnc_coca_band_10k+grade_estimate_12+general_or_nonacademic
potion,9702,152,12,0,n,tier3_bnc_coca+bnc_coca_band_10k+grade_estimate_12+general_or_nonacademic
potty,9703,208,12,0,n,tier3_bnc_coca+bnc_coca_band_10k+grade_estimate_12+general_or_nonacademic
pragmatist,9704,149,12,0,n,tier3_bnc_coca+bnc_coca_band_10k+grade_estimate_12+general_or_nonacademic
prance,9705,131,12,0,n,tier3_bnc_coca+bnc_coca_band_10k+grade_estimate_12+general_or_nonacademic
prank,9706,105,12,0,n,tier3_bnc_coca+bnc_coca_band_10k+grade_estimate_12+general_or_nonacademic
preamble,9707,200,12,0,n,tier3_bnc_coca+bnc_coca_band_10k+grade_estimate_12+general_or_nonacademic
precipitous,9708,105,12,0,adj,tier3_bnc_coca+bnc_coca_band_10k+grade_estimate_12+general_or_nonacademic
precocious,9709,124,12,0,adj,tier3_bnc_coca+bnc_coca_band_10k+grade_estimate_12+general_or_nonacademic
preconception,9710,152,12,0,n,tier3_bnc_coca+bnc_coca_band_10k+grade_estimate_12+general_or_nonacademic
predate,9711,123,12,0,v,tier3_bnc_coca+bnc_coca_band_10k+grade_estimate_12+general_or_nonacademic
prenatal,9712,89,12,0,adj,tier3_bnc_coca+bnc_coca_band_10k+grade_estimate_12+general_or_nonacademic
prescriptive,9713,175,12,0,adj,tier3_bnc_coca+bnc_coca_band_10k+grade_estimate_12+general_or_nonacademic
primeval,9714,153,12,0,adj,tier3_bnc_coca+bnc_coca_band_10k+grade_estimate_12+general_or_nonacademic
priory,9715,445,12,0,n,tier3_bnc_coca+bnc_coca_band_10k+grade_estimate_12+general_or_nonacademic
prix,9716,949,12,0,n,tier3_bnc_coca+bnc_coca_band_10k+grade_estimate_12+general_or_nonacademic
probate,9717,174,12,0,v,tier3_bnc_coca+bnc_coca_band_10k+grade_estimate_12+general_or_nonacademic
procrastinate,9718,96,12,0,v,tier3_bnc_coca+bnc_coca_band_10k+grade_estimate_12+general_or_nonacademic
procreate,9719,92,12,0,v,tier3_bnc_coca+bnc_coca_band_10k+grade_estimate_12+general_or_nonacademic
progeny,9720,124,12,0,n,tier3_bnc_coca+bnc_coca_band_10k+grade_estimate_12+general_or_nonacademic
proletarian,9721,219,12,0,n,tier3_bnc_coca+bnc_coca_band_10k+grade_estimate_12+general_or_nonacademic
promiscuous,9722,128,12,0,adj,tier3_bnc_coca+bnc_coca_band_10k+grade_estimate_12+general_or_nonacademic
prophesy,9723,164,12,0,v,tier3_bnc_coca+bnc_coca_band_10k+grade_estimate_12+general_or_nonacademic
prosaic,9724,166,12,0,adj,tier3_bnc_coca+bnc_coca_band_10k+grade_estimate_12+general_or_nonacademic
proscribe,9725,138,12,0,n,tier3_bnc_coca+bnc_coca_band_10k+grade_estimate_12+general_or_nonacademic
prosthesis,9726,47,12,0,n,tier3_bnc_coca+bnc_coca_band_10k+grade_estimate_12+general_or_nonacademic
prostrate,9727,155,12,0,v,tier3_bnc_coca+bnc_coca_band_10k+grade_estimate_12+general_or_nonacademic
providence,9728,258,12,0,n,tier3_bnc_coca+bnc_coca_band_10k+grade_estimate_12+general_or_nonacademic
provost,9729,198,12,0,n,tier3_bnc_coca+bnc_coca_band_10k+grade_estimate_12+general_or_nonacademic
prudential,9730,246,12,0,adj,tier3_bnc_coca+bnc_coca_band_10k+grade_estimate_12+general_or_nonacademic
pseudonym,9731,120,12,0,n,tier3_bnc_coca+bnc_coca_band_10k+grade_estimate_12+general_or_nonacademic
psychedelic,9732,151,12,0,adj,tier3_bnc_coca+bnc_coca_band_10k+grade_estimate_12+general_or_nonacademic
psychopath,9733,152,12,0,n,tier3_bnc_coca+bnc_coca_band_10k+grade_estimate_12+general_or_nonacademic
pubic,9734,144,12,0,adj,tier3_bnc_coca+bnc_coca_band_10k+grade_estimate_12+general_or_nonacademic
publicist,9735,80,12,0,n,tier3_bnc_coca+bnc_coca_band_10k+grade_estimate_12+general_or_nonacademic
pucker,9736,132,12,0,v,tier3_bnc_coca+bnc_coca_band_10k+grade_estimate_12+general_or_nonacademic
pulley,9738,151,12,0,n,tier3_bnc_coca+bnc_coca_band_10k+grade_estimate_12+general_or_nonacademic
pummel,9739,83,12,0,v,tier3_bnc_coca+bnc_coca_band_10k+grade_estimate_12+general_or_nonacademic
punctual,9740,179,12,0,adj,tier3_bnc_coca+bnc_coca_band_10k+grade_estimate_12+general_or_nonacademic
puny,9741,102,12,0,n,tier3_bnc_coca+bnc_coca_band_10k+grade_estimate_12+general_or_nonacademic
puree,9742,42,12,0,n,tier3_bnc_coca+bnc_coca_band_10k+grade_estimate_12+general_or_nonacademic
quadrant,9743,168,12,1,n,tier3_bnc_coca+bnc_coca_band_10k+grade_estimate_12+academic_exact
quark,9744,167,12,0,n,tier3_bnc_coca+bnc_coca_band_10k+grade_estimate_12+general_or_nonacademic
quart,9745,72,12,0,n,tier3_bnc_coca+bnc_coca_band_10k+grade_estimate_12+general_or_nonacademic
quasar,9746,130,12,0,n,tier3_bnc_coca+bnc_coca_band_10k+grade_estimate_12+general_or_nonacademic
queasy,9747,92,12,0,n,tier3_bnc_coca+bnc_coca_band_10k+grade_estimate_12+general_or_nonacademic
quench,9748,172,12,0,v,tier3_bnc_coca+bnc_coca_band_10k+grade_estimate_12+general_or_nonacademic
quibble,9749,125,12,0,n,tier3_bnc_coca+bnc_coca_band_10k+grade_estimate_12+general_or_nonacademic
quizzical,9750,186,12,0,adj,tier3_bnc_coca+bnc_coca_band_10k+grade_estimate_12+general_or_nonacademic
radiotherapy,9751,218,12,0,n,tier3_bnc_coca+bnc_coca_band_10k+grade_estimate_12+general_or_nonacademic
radon,9752,172,12,0,n,tier3_bnc_coca+bnc_coca_band_10k+grade_estimate_12+general_or_nonacademic
rampart,9753,260,12,0,n,tier3_bnc_coca+bnc_coca_band_10k+grade_estimate_12+general_or_nonacademic
ramshackle,9754,134,12,0,n,tier3_bnc_coca+bnc_coca_band_10k+grade_estimate_12+general_or_nonacademic
ransack,9755,142,12,0,v,tier3_bnc_coca+bnc_coca_band_10k+grade_estimate_12+general_or_nonacademic
rapt,9756,113,12,0,adj,tier3_bnc_coca+bnc_coca_band_10k+grade_estimate_12+general_or_nonacademic
reassemble,9757,148,12,0,n,tier3_bnc_coca+bnc_coca_band_10k+grade_estimate_12+general_or_nonacademic
recalcitrant,9758,193,12,0,n,tier3_bnc_coca+bnc_coca_band_10k+grade_estimate_12+general_or_nonacademic
recap,9759,76,12,0,n,tier3_bnc_coca+bnc_coca_band_10k+grade_estimate_12+general_or_nonacademic
recast,9760,121,12,0,v,tier3_bnc_coca+bnc_coca_band_10k+grade_estimate_12+general_or_nonacademic
recrimination,9761,162,12,0,n,tier3_bnc_coca+bnc_coca_band_10k+grade_estimate_12+general_or_nonacademic
rectory,9762,387,12,0,n,tier3_bnc_coca+bnc_coca_band_10k+grade_estimate_12+general_or_nonacademic
refinance,9763,89,12,0,n,tier3_bnc_coca+bnc_coca_band_10k+grade_estimate_12+general_or_nonacademic
regent,9764,633,12,0,n,tier3_bnc_coca+bnc_coca_band_10k+grade_estimate_12+general_or_nonacademic
reincarnating,9765,153,12,0,n,tier3_bnc_coca+bnc_coca_band_10k+grade_estimate_12+general_or_nonacademic
renege,9766,164,12,0,n,tier3_bnc_coca+bnc_coca_band_10k+grade_estimate_12+general_or_nonacademic
replete,9767,83,12,0,n,tier3_bnc_coca+bnc_coca_band_10k+grade_estimate_12+general_or_nonacademic
repugnant,9768,133,12,0,adj,tier3_bnc_coca+bnc_coca_band_10k+grade_estimate_12+general_or_nonacademic
repulsive,9769,135,12,0,adj,tier3_bnc_coca+bnc_coca_band_10k+grade_estimate_12+general_or_nonacademic
requiem,9770,168,12,0,n,tier3_bnc_coca+bnc_coca_band_10k+grade_estimate_12+general_or_nonacademic
res,9771,170,12,0,n,tier3_bnc_coca+bnc_coca_band_10k+grade_estimate_12+general_or_nonacademic
respiration,9772,136,12,0,n,tier3_bnc_coca+bnc_coca_band_10k+grade_estimate_12+general_or_nonacademic
rheumatoid,9774,135,12,0,n,tier3_bnc_coca+bnc_coca_band_10k+grade_estimate_12+general_or_nonacademic
rhododendron,9775,157,12,0,n,tier3_bnc_coca+bnc_coca_band_10k+grade_estimate_12+general_or_nonacademic
rhubarb,9776,122,12,0,n,tier3_bnc_coca+bnc_coca_band_10k+grade_estimate_12+general_or_nonacademic
rickety,9777,131,12,0,n,tier3_bnc_coca+bnc_coca_band_10k+grade_estimate_12+general_or_nonacademic
romanesque,9778,413,12,0,n,tier3_bnc_coca+bnc_coca_band_10k+grade_estimate_12+general_or_nonacademic
rosary,9779,105,12,0,n,tier3_bnc_coca+bnc_coca_band_10k+grade_estimate_12+general_or_nonacademic
rosette,9780,235,12,0,n,tier3_bnc_coca+bnc_coca_band_10k+grade_estimate_12+general_or_nonacademic
rottweiler,9781,375,12,0,n,tier3_bnc_coca+bnc_coca_band_10k+grade_estimate_12+general_or_nonacademic
rubric,9782,67,12,0,adj,tier3_bnc_coca+bnc_coca_band_10k+grade_estimate_12+general_or_nonacademic
rucksack,9783,315,12,0,n,tier3_bnc_coca+bnc_coca_band_10k+grade_estimate_12+general_or_nonacademic
ruff,9784,138,12,0,n,tier3_bnc_coca+bnc_coca_band_10k+grade_estimate_12+general_or_nonacademic
rumple,9785,87,12,0,n,tier3_bnc_coca+bnc_coca_band_10k+grade_estimate_12+general_or_nonacademic
rupee,9786,145,12,0,n,tier3_bnc_coca+bnc_coca_band_10k+grade_estimate_12+general_or_nonacademic
saffron,9787,198,12,0,n,tier3_bnc_coca+bnc_coca_band_10k+grade_estimate_12+general_or_nonacademic
salami,9788,163,12,0,n,tier3_bnc_coca+bnc_coca_band_10k+grade_estimate_12+general_or_nonacademic
salmonella,9789,200,12,0,n,tier3_bnc_coca+bnc_coca_band_10k+grade_estimate_12+general_or_nonacademic
sampler,9790,102,12,0,n,tier3_bnc_coca+bnc_coca_band_10k+grade_estimate_12+general_or_nonacademic
sanctify,9791,118,12,0,v,tier3_bnc_coca+bnc_coca_band_10k+grade_estimate_12+general_or_nonacademic
sanguine,9792,137,12,0,n,tier3_bnc_coca+bnc_coca_band_10k+grade_estimate_12+general_or_nonacademic
sans,9793,134,12,0,n,tier3_bnc_coca+bnc_coca_band_10k+grade_estimate_12+general_or_nonacademic
sapling,9794,104,12,0,n,tier3_bnc_coca+bnc_coca_band_10k+grade_estimate_12+general_or_nonacademic
savvy,9795,35,12,0,n,tier3_bnc_coca+bnc_coca_band_10k+grade_estimate_12+general_or_nonacademic
scab,9796,142,12,0,n,tier3_bnc_coca+bnc_coca_band_10k+grade_estimate_12+general_or_nonacademic
scalpel,9797,112,12,0,n,tier3_bnc_coca+bnc_coca_band_10k+grade_estimate_12+general_or_nonacademic
schism,9798,136,12,0,n,tier3_bnc_coca+bnc_coca_band_10k+grade_estimate_12+general_or_nonacademic
scone,9799,281,12,0,n,tier3_bnc_coca+bnc_coca_band_10k+grade_estimate_12+general_or_nonacademic
scuba,9800,117,12,0,n,tier3_bnc_coca+bnc_coca_band_10k+grade_estimate_12+general_or_nonacademic
scud,9801,168,12,0,n,tier3_bnc_coca+bnc_coca_band_10k+grade_estimate_12+general_or_nonacademic
scuff,9802,118,12,0,v,tier3_bnc_coca+bnc_coca_band_10k+grade_estimate_12+general_or_nonacademic
sedan,9803,52,12,0,n,tier3_bnc_coca+bnc_coca_band_10k+grade_estimate_12+general_or_nonacademic
seedy,9804,143,12,0,n,tier3_bnc_coca+bnc_coca_band_10k+grade_estimate_12+general_or_nonacademic
semen,9805,151,12,0,v,tier3_bnc_coca+bnc_coca_band_10k+grade_estimate_12+general_or_nonacademic
semiotic,9807,123,12,0,adj,tier3_bnc_coca+bnc_coca_band_10k+grade_estimate_12+general_or_nonacademic
senile,9808,229,12,0,n,tier3_bnc_coca+bnc_coca_band_10k+grade_estimate_12+general_or_nonacademic
sensitize,9809,165,12,0,v,tier3_bnc_coca+bnc_coca_band_10k+grade_estimate_12+general_or_nonacademic
sentinel,9810,81,12,0,n,tier3_bnc_coca+bnc_coca_band_10k+grade_estimate_12+general_or_nonacademic
septic,9811,88,12,0,adj,tier3_bnc_coca+bnc_coca_band_10k+grade_estimate_12+general_or_nonacademic
sera,9812,160,12,0,n,tier3_bnc_coca+bnc_coca_band_10k+grade_estimate_12+general_or_nonacademic
serotonin,9813,99,12,0,n,tier3_bnc_coca+bnc_coca_band_10k+grade_estimate_12+general_or_nonacademic
shag,9814,198,12,0,n,tier3_bnc_coca+bnc_coca_band_10k+grade_estimate_12+general_or_nonacademic
shah,9815,1148,12,0,n,tier3_bnc_coca+bnc_coca_band_10k+grade_estimate_12+general_or_nonacademic
shanty,9816,143,12,0,n,tier3_bnc_coca+bnc_coca_band_10k+grade_estimate_12+general_or_nonacademic
sheaf,9817,192,12,0,n,tier3_bnc_coca+bnc_coca_band_10k+grade_estimate_12+general_or_nonacademic
sheathe,9818,132,12,0,n,tier3_bnc_coca+bnc_coca_band_10k+grade_estimate_12+general_or_nonacademic
shied,9819,131,12,0,n,tier3_bnc_coca+bnc_coca_band_10k+grade_estimate_12+general_or_nonacademic
shoddy,9820,154,12,0,n,tier3_bnc_coca+bnc_coca_band_10k+grade_estimate_12+general_or_nonacademic
shortcut,9821,61,12,0,n,tier3_bnc_coca+bnc_coca_band_10k+grade_estimate_12+general_or_nonacademic
sideboard,9822,215,12,0,n,tier3_bnc_coca+bnc_coca_band_10k+grade_estimate_12+general_or_nonacademic
sidle,9823,119,12,0,n,tier3_bnc_coca+bnc_coca_band_10k+grade_estimate_12+general_or_nonacademic
silica,9824,181,12,0,n,tier3_bnc_coca+bnc_coca_band_10k+grade_estimate_12+general_or_nonacademic
sine,9825,250,12,0,n,tier3_bnc_coca+bnc_coca_band_10k+grade_estimate_12+general_or_nonacademic
sinew,9826,164,12,0,n,tier3_bnc_coca+bnc_coca_band_10k+grade_estimate_12+general_or_nonacademic
siphon,9827,142,12,0,v,tier3_bnc_coca+bnc_coca_band_10k+grade_estimate_12+general_or_nonacademic
sketchy,9828,138,12,0,n,tier3_bnc_coca+bnc_coca_band_10k+grade_estimate_12+general_or_nonacademic
slag,9829,240,12,0,n,tier3_bnc_coca+bnc_coca_band_10k+grade_estimate_12+general_or_nonacademic
sleaze,9830,121,12,0,n,tier3_bnc_coca+bnc_coca_band_10k+grade_estimate_12+general_or_nonacademic
sledge,9831,264,12,0,n,tier3_bnc_coca+bnc_coca_band_10k+grade_estimate_12+general_or_nonacademic
sleet,9832,138,12,0,n,tier3_bnc_coca+bnc_coca_band_10k+grade_estimate_12+general_or_nonacademic
slurry,9833,182,12,0,n,tier3_bnc_coca+bnc_coca_band_10k+grade_estimate_12+general_or_nonacademic
slut,9834,107,12,0,n,tier3_bnc_coca+bnc_coca_band_10k+grade_estimate_12+general_or_nonacademic
smarted,9835,107,12,0,n,tier3_bnc_coca+bnc_coca_band_10k+grade_estimate_12+general_or_nonacademic
smite,9836,140,12,0,n,tier3_bnc_coca+bnc_coca_band_10k+grade_estimate_12+general_or_nonacademic
snippet,9837,123,12,0,n,tier3_bnc_coca+bnc_coca_band_10k+grade_estimate_12+general_or_nonacademic
snoop,9838,102,12,0,v,tier3_bnc_coca+bnc_coca_band_10k+grade_estimate_12+general_or_nonacademic
snout,9839,139,12,0,n,tier3_bnc_coca+bnc_coca_band_10k+grade_estimate_12+general_or_nonacademic
sodden,9840,219,12,0,adj,tier3_bnc_coca+bnc_coca_band_10k+grade_estimate_12+general_or_nonacademic
sojourn,9841,111,12,0,n,tier3_bnc_coca+bnc_coca_band_10k+grade_estimate_12+general_or_nonacademic
somersault,9842,158,12,0,v,tier3_bnc_coca+bnc_coca_band_10k+grade_estimate_12+general_or_nonacademic
sonata,9843,370,12,0,n,tier3_bnc_coca+bnc_coca_band_10k+grade_estimate_12+general_or_nonacademic
spam,9844,63,12,0,n,tier3_bnc_coca+bnc_coca_band_10k+grade_estimate_12+general_or_nonacademic
spectroscopy,9845,176,12,0,n,tier3_bnc_coca+bnc_coca_band_10k+grade_estimate_12+general_or_nonacademic
spindle,9846,174,12,0,n,tier3_bnc_coca+bnc_coca_band_10k+grade_estimate_12+general_or_nonacademic
spinster,9847,201,12,0,n,tier3_bnc_coca+bnc_coca_band_10k+grade_estimate_12+general_or_nonacademic
splay,9848,158,12,0,v,tier3_bnc_coca+bnc_coca_band_10k+grade_estimate_12+general_or_nonacademic
spleen,9849,156,12,0,v,tier3_bnc_coca+bnc_coca_band_10k+grade_estimate_12+general_or_nonacademic
spokes,9850,156,12,0,n,tier3_bnc_coca+bnc_coca_band_10k+grade_estimate_12+general_or_nonacademic
spool,9851,124,12,0,v,tier3_bnc_coca+bnc_coca_band_10k+grade_estimate_12+general_or_nonacademic
sported,9852,147,12,0,n,tier3_bnc_coca+bnc_coca_band_10k+grade_estimate_12+general_or_nonacademic
springer,9853,70,12,0,n,tier3_bnc_coca+bnc_coca_band_10k+grade_estimate_12+general_or_nonacademic
squalor,9854,190,12,0,n,tier3_bnc_coca+bnc_coca_band_10k+grade_estimate_12+general_or_nonacademic
stead,9855,297,12,0,n,tier3_bnc_coca+bnc_coca_band_10k+grade_estimate_12+general_or_nonacademic
stent,9857,163,12,0,n,tier3_bnc_coca+bnc_coca_band_10k+grade_estimate_12+general_or_nonacademic
stigmatise,9858,105,12,0,v,tier3_bnc_coca+bnc_coca_band_10k+grade_estimate_12+general_or_nonacademic
stipend,9859,90,12,0,n,tier3_bnc_coca+bnc_coca_band_10k+grade_estimate_12+general_or_nonacademic
stratosphere,9860,274,12,0,n,tier3_bnc_coca+bnc_coca_band_10k+grade_estimate_12+general_or_nonacademic
streamer,9861,126,12,0,n,tier3_bnc_coca+bnc_coca_band_10k+grade_estimate_12+general_or_nonacademic
submissive,9862,171,12,0,adj,tier3_bnc_coca+bnc_coca_band_10k+grade_estimate_12+general_or_nonacademic
succulent,9863,133,12,0,adj,tier3_bnc_coca+bnc_coca_band_10k+grade_estimate_12+general_or_nonacademic
suckle,9864,219,12,0,n,tier3_bnc_coca+bnc_coca_band_10k+grade_estimate_12+general_or_nonacademic
suction,9865,129,12,0,n,tier3_bnc_coca+bnc_coca_band_10k+grade_estimate_12+general_or_nonacademic
sufficiency,9866,403,12,0,n,tier3_bnc_coca+bnc_coca_band_10k+grade_estimate_12+general_or_nonacademic
suffuse,9867,128,12,0,n,tier3_bnc_coca+bnc_coca_band_10k+grade_estimate_12+general_or_nonacademic
sultry,9868,125,12,0,n,tier3_bnc_coca+bnc_coca_band_10k+grade_estimate_12+general_or_nonacademic
sundry,9869,201,12,0,n,tier3_bnc_coca+bnc_coca_band_10k+grade_estimate_12+general_or_nonacademic
supercomputer,9870,180,12,0,n,tier3_bnc_coca+bnc_coca_band_10k+grade_estimate_12+general_or_nonacademic
supposition,9871,174,12,0,n,tier3_bnc_coca+bnc_coca_band_10k+grade_estimate_12+general_or_nonacademic
supra,9872,106,12,0,n,tier3_bnc_coca+bnc_coca_band_10k+grade_estimate_12+general_or_nonacademic
sustenance,9873,123,12,0,n,tier3_bnc_coca+bnc_coca_band_10k+grade_estimate_12+general_or_nonacademic
swab,9874,111,12,0,n,tier3_bnc_coca+bnc_coca_band_10k+grade_estimate_12+general_or_nonacademic
swastika,9875,191,12,0,n,tier3_bnc_coca+bnc_coca_band_10k+grade_estimate_12+general_or_nonacademic
swig,9876,137,12,0,n,tier3_bnc_coca+bnc_coca_band_10k+grade_estimate_12+general_or_nonacademic
swindle,9877,147,12,0,n,tier3_bnc_coca+bnc_coca_band_10k+grade_estimate_12+general_or_nonacademic
swoon,9878,96,12,0,v,tier3_bnc_coca+bnc_coca_band_10k+grade_estimate_12+general_or_nonacademic
sycamore,9879,144,12,0,n,tier3_bnc_coca+bnc_coca_band_10k+grade_estimate_12+general_or_nonacademic
synapse,9880,219,12,0,n,tier3_bnc_coca+bnc_coca_band_10k+grade_estimate_12+general_or_nonacademic
synergy,9881,113,12,0,n,tier3_bnc_coca+bnc_coca_band_10k+grade_estimate_12+general_or_nonacademic
tabulate,9882,162,12,0,v,tier3_bnc_coca+bnc_coca_band_10k+grade_estimate_12+general_or_nonacademic
tacky,9883,125,12,0,n,tier3_bnc_coca+bnc_coca_band_10k+grade_estimate_12+general_or_nonacademic
tad,9884,55,12,0,n,tier3_bnc_coca+bnc_coca_band_10k+grade_estimate_12+general_or_nonacademic
tadpole,9885,240,12,0,n,tier3_bnc_coca+bnc_coca_band_10k+grade_estimate_12+general_or_nonacademic
talon,9886,159,12,0,n,tier3_bnc_coca+bnc_coca_band_10k+grade_estimate_12+general_or_nonacademic
tango,9887,82,12,0,n,tier3_bnc_coca+bnc_coca_band_10k+grade_estimate_12+general_or_nonacademic
tantamount,9888,147,12,0,n,tier3_bnc_coca+bnc_coca_band_10k+grade_estimate_12+general_or_nonacademic
tartan,9889,302,12,0,n,tier3_bnc_coca+bnc_coca_band_10k+grade_estimate_12+general_or_nonacademic
tawny,9890,221,12,0,n,tier3_bnc_coca+bnc_coca_band_10k+grade_estimate_12+general_or_nonacademic
teak,9891,116,12,0,n,tier3_bnc_coca+bnc_coca_band_10k+grade_estimate_12+general_or_nonacademic
technicality,9892,194,12,0,n,tier3_bnc_coca+bnc_coca_band_10k+grade_estimate_12+general_or_nonacademic
technocrat,9893,146,12,0,n,tier3_bnc_coca+bnc_coca_band_10k+grade_estimate_12+general_or_nonacademic
temperance,9894,185,12,0,n,tier3_bnc_coca+bnc_coca_band_10k+grade_estimate_12+general_or_nonacademic
tempest,9895,157,12,0,n,tier3_bnc_coca+bnc_coca_band_10k+grade_estimate_12+general_or_nonacademic
tenacity,9896,141,12,0,n,tier3_bnc_coca+bnc_coca_band_10k+grade_estimate_12+general_or_nonacademic
tendril,9897,140,12,0,n,tier3_bnc_coca+bnc_coca_band_10k+grade_estimate_12+general_or_nonacademic
terminus,9898,367,12,0,n,tier3_bnc_coca+bnc_coca_band_10k+grade_estimate_12+general_or_nonacademic
terracotta,9899,225,12,0,n,tier3_bnc_coca+bnc_coca_band_10k+grade_estimate_12+general_or_nonacademic
testosterone,9900,59,12,0,n,tier3_bnc_coca+bnc_coca_band_10k+grade_estimate_12+general_or_nonacademic
thermodynamic,9901,197,12,0,adj,tier3_bnc_coca+bnc_coca_band_10k+grade_estimate_12+general_or_nonacademic
thoroughbred,9902,118,12,0,n,tier3_bnc_coca+bnc_coca_band_10k+grade_estimate_12+general_or_nonacademic
thoroughfare,9903,140,12,0,n,tier3_bnc_coca+bnc_coca_band_10k+grade_estimate_12+general_or_nonacademic
throes,9904,126,12,0,n,tier3_bnc_coca+bnc_coca_band_10k+grade_estimate_12+general_or_nonacademic
thrush,9905,356,12,0,n,tier3_bnc_coca+bnc_coca_band_10k+grade_estimate_12+general_or_nonacademic
tilled,9906,207,12,0,n,tier3_bnc_coca+bnc_coca_band_10k+grade_estimate_12+general_or_nonacademic
tinkle,9907,155,12,0,n,tier3_bnc_coca+bnc_coca_band_10k+grade_estimate_12+general_or_nonacademic
tome,9908,152,12,0,n,tier3_bnc_coca+bnc_coca_band_10k+grade_estimate_12+general_or_nonacademic
tomography,9909,137,12,1,n,tier3_bnc_coca+bnc_coca_band_10k+grade_estimate_12+academic_exact
tong,9910,186,12,0,n,tier3_bnc_coca+bnc_coca_band_10k+grade_estimate_12+general_or_nonacademic
topaz,9911,281,12,0,n,tier3_bnc_coca+bnc_coca_band_10k+grade_estimate_12+general_or_nonacademic
totter,9912,194,12,0,v,tier3_bnc_coca+bnc_coca_band_10k+grade_estimate_12+general_or_nonacademic
touchy,9913,105,12,0,n,tier3_bnc_coca+bnc_coca_band_10k+grade_estimate_12+general_or_nonacademic
tousle,9914,156,12,0,n,tier3_bnc_coca+bnc_coca_band_10k+grade_estimate_12+general_or_nonacademic
transducer,9915,102,12,0,n,tier3_bnc_coca+bnc_coca_band_10k+grade_estimate_12+general_or_nonacademic
transverse,9916,250,12,0,adj,tier3_bnc_coca+bnc_coca_band_10k+grade_estimate_12+general_or_nonacademic
traumatise,9917,70,12,0,v,tier3_bnc_coca+bnc_coca_band_10k+grade_estimate_12+general_or_nonacademic
trellis,9918,118,12,0,n,tier3_bnc_coca+bnc_coca_band_10k+grade_estimate_12+general_or_nonacademic
trepidation,9919,144,12,0,n,tier3_bnc_coca+bnc_coca_band_10k+grade_estimate_12+general_or_nonacademic
trill,9920,139,12,0,v,tier3_bnc_coca+bnc_coca_band_10k+grade_estimate_12+general_or_nonacademic
tripartite,9921,220,12,0,n,tier3_bnc_coca+bnc_coca_band_10k+grade_estimate_12+general_or_nonacademic
triplet,9922,135,12,0,n,tier3_bnc_coca+bnc_coca_band_10k+grade_estimate_12+general_or_nonacademic
trivia,9923,118,12,0,n,tier3_bnc_coca+bnc_coca_band_10k+grade_estimate_12+general_or_nonacademic
truffle,9924,127,12,0,n,tier3_bnc_coca+bnc_coca_band_10k+grade_estimate_12+general_or_nonacademic
truncate,9925,201,12,0,v,tier3_bnc_coca+bnc_coca_band_10k+grade_estimate_12+general_or_nonacademic
trundle,9926,185,12,0,n,tier3_bnc_coca+bnc_coca_band_10k+grade_estimate_12+general_or_nonacademic
tuber,9927,126,12,0,n,tier3_bnc_coca+bnc_coca_band_10k+grade_estimate_12+general_or_nonacademic
turban,9928,111,12,0,n,tier3_bnc_coca+bnc_coca_band_10k+grade_estimate_12+general_or_nonacademic
turkeys,9929,82,12,0,n,tier3_bnc_coca+bnc_coca_band_10k+grade_estimate_12+general_or_nonacademic
tuxedo,9931,136,12,0,n,tier3_bnc_coca+bnc_coca_band_10k+grade_estimate_12+general_or_nonacademic
twig,9932,476,12,0,n,tier3_bnc_coca+bnc_coca_band_10k+grade_estimate_12+general_or_nonacademic
twinge,9933,145,12,0,n,tier3_bnc_coca+bnc_coca_band_10k+grade_estimate_12+general_or_nonacademic
typography,9934,253,12,1,n,tier3_bnc_coca+bnc_coca_band_10k+grade_estimate_12+academic_suffix
typology,9935,154,12,1,n,tier3_bnc_coca+bnc_coca_band_10k+grade_estimate_12+academic_suffix
ubiquitous,9936,360,12,0,adj,tier3_bnc_coca+bnc_coca_band_10k+grade_estimate_12+general_or_nonacademic
umbilical,9937,117,12,0,adj,tier3_bnc_coca+bnc_coca_band_10k+grade_estimate_12+general_or_nonacademic
unanimity,9938,183,12,0,n,tier3_bnc_coca+bnc_coca_band_10k+grade_estimate_12+general_or_nonacademic
underachieve,9939,88,12,0,n,tier3_bnc_coca+bnc_coca_band_10k+grade_estimate_12+general_or_nonacademic
undercurrent,9940,108,12,0,n,tier3_bnc_coca+bnc_coca_band_10k+grade_estimate_12+general_or_nonacademic
underdog,9941,90,12,0,n,tier3_bnc_coca+bnc_coca_band_10k+grade_estimate_12+general_or_nonacademic
underfund,9942,144,12,0,v,tier3_bnc_coca+bnc_coca_band_10k+grade_estimate_12+general_or_nonacademic
underrate,9943,109,12,0,v,tier3_bnc_coca+bnc_coca_band_10k+grade_estimate_12+general_or_nonacademic
unfurl,9944,106,12,0,v,tier3_bnc_coca+bnc_coca_band_10k+grade_estimate_12+general_or_nonacademic
unicorn,9945,124,12,0,n,tier3_bnc_coca+bnc_coca_band_10k+grade_estimate_12+general_or_nonacademic
unwieldy,9946,124,12,0,n,tier3_bnc_coca+bnc_coca_band_10k+grade_estimate_12+general_or_nonacademic
upkeep,9947,159,12,0,n,tier3_bnc_coca+bnc_coca_band_10k+grade_estimate_12+general_or_nonacademic
upshot,9948,155,12,0,n,tier3_bnc_coca+bnc_coca_band_10k+grade_estimate_12+general_or_nonacademic
upstage,9949,146,12,0,n,tier3_bnc_coca+bnc_coca_band_10k+grade_estimate_12+general_or_nonacademic
upstart,9950,91,12,0,n,tier3_bnc_coca+bnc_coca_band_10k+grade_estimate_12+general_or_nonacademic
upsurge,9951,268,12,0,n,tier3_bnc_coca+bnc_coca_band_10k+grade_estimate_12+general_or_nonacademic
vagary,9952,167,12,0,n,tier3_bnc_coca+bnc_coca_band_10k+grade_estimate_12+general_or_nonacademic
vagrant,9953,247,12,0,n,tier3_bnc_coca+bnc_coca_band_10k+grade_estimate_12+general_or_nonacademic
valet,9954,92,12,0,n,tier3_bnc_coca+bnc_coca_band_10k+grade_estimate_12+general_or_nonacademic
valour,9955,132,12,0,n,tier3_bnc_coca+bnc_coca_band_10k+grade_estimate_12+general_or_nonacademic
variegated,9956,160,12,0,n,tier3_bnc_coca+bnc_coca_band_10k+grade_estimate_12+general_or_nonacademic
varsity,9957,57,12,0,n,tier3_bnc_coca+bnc_coca_band_10k+grade_estimate_12+general_or_nonacademic
vend,9958,86,12,0,v,tier3_bnc_coca+bnc_coca_band_10k+grade_estimate_12+general_or_nonacademic
venerate,9959,135,12,0,v,tier3_bnc_coca+bnc_coca_band_10k+grade_estimate_12+general_or_nonacademic
venison,9960,139,12,0,n,tier3_bnc_coca+bnc_coca_band_10k+grade_estimate_12+general_or_nonacademic
venous,9961,209,12,0,adj,tier3_bnc_coca+bnc_coca_band_10k+grade_estimate_12+general_or_nonacademic
ventricular,9962,239,12,0,n,tier3_bnc_coca+bnc_coca_band_10k+grade_estimate_12+general_or_nonacademic
vertigo,9963,89,12,0,n,tier3_bnc_coca+bnc_coca_band_10k+grade_estimate_12+general_or_nonacademic
vestibule,9964,93,12,0,n,tier3_bnc_coca+bnc_coca_band_10k+grade_estimate_12+general_or_nonacademic
vicarious,9965,152,12,0,adj,tier3_bnc_coca+bnc_coca_band_10k+grade_estimate_12+general_or_nonacademic
vigilante,9966,127,12,0,n,tier3_bnc_coca+bnc_coca_band_10k+grade_estimate_12+general_or_nonacademic
vignette,9967,67,12,0,n,tier3_bnc_coca+bnc_coca_band_10k+grade_estimate_12+general_or_nonacademic
vilify,9968,97,12,0,v,tier3_bnc_coca+bnc_coca_band_10k+grade_estimate_12+general_or_nonacademic
vinaigrette,9969,66,12,0,n,tier3_bnc_coca+bnc_coca_band_10k+grade_estimate_12+general_or_nonacademic
vindictive,9970,170,12,0,adj,tier3_bnc_coca+bnc_coca_band_10k+grade_estimate_12+general_or_nonacademic
viper,9971,104,12,0,n,tier3_bnc_coca+bnc_coca_band_10k+grade_estimate_12+general_or_nonacademic
virile,9972,156,12,0,n,tier3_bnc_coca+bnc_coca_band_10k+grade_estimate_12+general_or_nonacademic
visor,9973,118,12,0,n,tier3_bnc_coca+bnc_coca_band_10k+grade_estimate_12+general_or_nonacademic
vociferous,9974,220,12,0,adj,tier3_bnc_coca+bnc_coca_band_10k+grade_estimate_12+general_or_nonacademic
voluminous,9975,140,12,0,adj,tier3_bnc_coca+bnc_coca_band_10k+grade_estimate_12+general_or_nonacademic
voluptuous,9976,117,12,0,adj,tier3_bnc_coca+bnc_coca_band_10k+grade_estimate_12+general_or_nonacademic
voodoo,9977,79,12,0,n,tier3_bnc_coca+bnc_coca_band_10k+grade_estimate_12+general_or_nonacademic
voracious,9978,108,12,0,adj,tier3_bnc_coca+bnc_coca_band_10k+grade_estimate_12+general_or_nonacademic
vortex,9979,211,12,0,n,tier3_bnc_coca+bnc_coca_band_10k+grade_estimate_12+general_or_nonacademic
voyeur,9980,121,12,0,n,tier3_bnc_coca+bnc_coca_band_10k+grade_estimate_12+general_or_nonacademic
wacky,9981,113,12,0,n,tier3_bnc_coca+bnc_coca_band_10k+grade_estimate_12+general_or_nonacademic
waddle,9982,198,12,0,n,tier3_bnc_coca+bnc_coca_band_10k+grade_estimate_12+general_or_nonacademic
wafer,9983,145,12,0,n,tier3_bnc_coca+bnc_coca_band_10k+grade_estimate_12+general_or_nonacademic
walkman,9984,202,12,0,n,tier3_bnc_coca+bnc_coca_band_10k+grade_estimate_12+general_or_nonacademic
wanton,9985,192,12,0,adj,tier3_bnc_coca+bnc_coca_band_10k+grade_estimate_12+general_or_nonacademic
wayside,9986,124,12,0,n,tier3_bnc_coca+bnc_coca_band_10k+grade_estimate_12+general_or_nonacademic
weasel,9987,193,12,0,adj,tier3_bnc_coca+bnc_coca_band_10k+grade_estimate_12+general_or_nonacademic
whiting,9988,110,12,0,n,tier3_bnc_coca+bnc_coca_band_10k+grade_estimate_12+general_or_nonacademic
whoosh,9989,83,12,0,v,tier3_bnc_coca+bnc_coca_band_10k+grade_estimate_12+general_or_nonacademic
wiry,9990,119,12,0,n,tier3_bnc_coca+bnc_coca_band_10k+grade_estimate_12+general_or_nonacademic
workhouse,9991,474,12,0,n,tier3_bnc_coca+bnc_coca_band_10k+grade_estimate_12+general_or_nonacademic
wrest,9992,126,12,0,v,tier3_bnc_coca+bnc_coca_band_10k+grade_estimate_12+general_or_nonacademic
xenophobia,9993,126,12,1,n,tier3_bnc_coca+bnc_coca_band_10k+grade_estimate_12+academic_suffix
yeoman,9994,295,12,0,n,tier3_bnc_coca+bnc_coca_band_10k+grade_estimate_12+general_or_nonacademic
yew,9995,301,12,0,n,tier3_bnc_coca+bnc_coca_band_10k+grade_estimate_12+general_or_nonacademic
yiddish,9996,78,12,0,adj,tier3_bnc_coca+bnc_coca_band_10k+grade_estimate_12+general_or_nonacademic
yucky,9997,153,12,0,n,tier3_bnc_coca+bnc_coca_band_10k+grade_estimate_12+general_or_nonacademic
zap,9998,92,12,0,n,tier3_bnc_coca+bnc_coca_band_10k+grade_estimate_12+general_or_nonacademic
zealot,9999,120,12,0,n,tier3_bnc_coca+bnc_coca_band_10k+grade_estimate_12+general_or_nonacademic
zenith,10000,237,12,0,n,tier3_bnc_coca+bnc_coca_band_10k+grade_estimate_12+general_or_nonacademic
zodiac,10001,175,12,0,n,tier3_bnc_coca+bnc_coca_band_10k+grade_estimate_12+general_or_nonacademic