word,rank,count,grade_hint,academic,pos,notes
he,1,,K,0,pron,tier1_dolch+dolch_primer+fry_overlap+grade1_week3_item3
the,1,,K,0,det,tier1_dolch+dolch_preprimer+fry_overlap+grade1_week1_item1
now,2,,K,0,adv,tier1_dolch+dolch_primer+fry_overlap+grade1_week23_item2
one,2,,K,0,det,tier1_dolch+dolch_preprimer+fry_overlap+grade1_week7_item3
to,3,,K,0,prep,tier1_dolch+dolch_preprimer+fry_overlap+grade1_week2_item1
was,3,,K,0,v,tier1_dolch+dolch_primer+fry_overlap+grade1_week3_item4
my,4,,K,0,det,tier1_dolch+dolch_preprimer+fry_overlap+grade1_week21_item1
no,4,,K,0,adv,tier1_dolch+dolch_primer+fry_overlap+grade1_week20_item1
and,5,,K,0,conj,tier1_dolch+dolch_preprimer+fry_overlap+grade1_week1_item3
that,5,,K,0,det,tier1_dolch+dolch_primer+fry_overlap+grade1_week1_item4
came,6,,K,0,v,tier1_dolch+dolch_primer+fry_overlap+grade2_week9_item3
me,6,,K,0,pron,tier1_dolch+dolch_preprimer+fry_overlap+grade2_week3_item2
a,7,,K,0,det,tier1_dolch+dolch_preprimer+fry_overlap
she,7,,K,0,pron,tier1_dolch+dolch_primer+fry_overlap+grade1_week12_item2
big,8,,K,0,adj,tier1_dolch+dolch_preprimer+fry_overlap+grade1_week6_item5
ride,8,,K,0,v,tier1_dolch+dolch_primer+fry_overlap+grade2_week27_item14
i,9,,K,0,pron,tier1_dolch+dolch_preprimer+fry_overlap
on,9,,K,0,prep,tier1_dolch+dolch_primer+fry_overlap+grade1_week4_item2
come,10,,K,0,v,tier1_dolch+dolch_preprimer+fry_overlap+grade1_week25_item1
into,10,,K,0,prep,tier1_dolch+dolch_primer+fry_overlap+grade1_week17_item3
they,11,,K,0,pron,tier1_dolch+dolch_primer+fry_overlap+grade1_week5_item3
you,11,,K,0,pron,tier1_dolch+dolch_preprimer+fry_overlap+grade1_week2_item4
blue,12,,K,0,adj,tier1_dolch+dolch_preprimer+fry_overlap+grade2_week8_item6
good,12,,K,0,adj,tier1_dolch+dolch_primer+fry_overlap+grade1_week33_item3
but,13,,K,0,conj,tier1_dolch+dolch_primer+fry_overlap+grade1_week8_item3
it,13,,K,0,pron,tier1_dolch+dolch_preprimer+fry_overlap+grade1_week3_item2
red,14,,K,0,adj,tier1_dolch+dolch_preprimer+fry_overlap+grade1_week18_item5
want,14,,K,0,v,tier1_dolch+dolch_primer+fry_overlap+grade2_week9_item4
at,15,,K,0,prep,tier1_dolch+dolch_primer+fry_overlap+grade1_week6_item1
in,15,,K,0,prep,tier1_dolch+dolch_preprimer+fry_overlap+grade1_week2_item2
too,16,,K,0,adv,tier1_dolch+dolch_primer+fry_overlap+grade2_week7_item5
where,16,,K,0,adv,tier1_dolch+dolch_preprimer+fry_overlap+grade2_week29_item3
said,17,,K,0,v,tier1_dolch+dolch_preprimer+fry_overlap+grade1_week10_item4
with,17,,K,0,prep,tier1_dolch+dolch_primer+fry_overlap+grade1_week5_item1
jump,18,,K,0,v,tier1_dolch+dolch_preprimer
pretty,18,,K,0,adj,tier1_dolch+dolch_primer+fry_overlap
all,19,,K,0,n,tier1_dolch+dolch_primer+fry_overlap+grade1_week9_item2
for,19,,K,0,prep,tier1_dolch+dolch_preprimer+fry_overlap+grade1_week4_item1
away,20,,K,0,adv,tier1_dolch+dolch_preprimer+fry_overlap+grade2_week18_item1
four,20,,K,0,det,tier1_dolch+dolch_primer+fry_overlap+grade2_week6_item3
there,21,,K,0,adv,tier1_dolch+dolch_primer+fry_overlap+grade1_week11_item1
up,21,,K,0,n,tier1_dolch+dolch_preprimer+fry_overlap+grade1_week13_item4
here,22,,K,0,adv,tier1_dolch+dolch_preprimer+fry_overlap+grade2_week13_item4
saw,22,,K,0,v,tier1_dolch+dolch_primer+fry_overlap+grade2_week3_item6
look,23,,K,0,v,tier1_dolch+dolch_preprimer+fry_overlap+grade1_week18_item2
out,23,,K,0,prep,tier1_dolch+dolch_primer+fry_overlap+grade1_week14_item3
help,24,,K,0,v,tier1_dolch+dolch_preprimer+fry_overlap+grade2_week6_item4
well,24,,K,0,adv,tier1_dolch+dolch_primer+fry_overlap+grade1_week20_item8
be,25,,K,0,v,tier1_dolch+dolch_primer+fry_overlap+grade1_week6_item2
is,25,,K,0,v,tier1_dolch+dolch_preprimer+fry_overlap+grade1_week2_item3
make,26,,K,0,v,tier1_dolch+dolch_preprimer+fry_overlap+grade1_week16_item4
ran,26,,K,0,v,tier1_dolch+dolch_primer+fry_overlap+grade1_week2_item7
go,27,,K,0,v,tier1_dolch+dolch_preprimer+fry_overlap+grade1_week19_item2
have,27,,K,0,v,tier1_dolch+dolch_primer+fry_overlap+grade1_week6_item4
brown,28,,K,0,adj,tier1_dolch+dolch_primer+fry_overlap+grade1_week34_item3
yellow,28,,K,0,adj,tier1_dolch+dolch_preprimer+fry_overlap+grade2_week4_item12
am,29,,K,0,v,tier1_dolch+dolch_primer+fry_overlap
we,29,,K,0,pron,tier1_dolch+dolch_preprimer+fry_overlap+grade1_week9_item4
eat,30,,K,0,v,tier1_dolch+dolch_primer+fry_overlap+grade2_week5_item5
two,30,,K,0,det,tier1_dolch+dolch_preprimer+fry_overlap+grade1_week18_item3
do,31,,K,0,v,tier1_dolch+dolch_primer+fry_overlap+grade1_week12_item3
little,31,,K,0,adj,tier1_dolch+dolch_preprimer+fry_overlap+grade2_week2_item1
play,32,,K,0,v,tier1_dolch+dolch_preprimer+fry_overlap+grade1_week27_item5
who,32,,K,0,pron,tier1_dolch+dolch_primer+fry_overlap+grade1_week22_item3
did,33,,K,0,v,tier1_dolch+dolch_primer+fry_overlap+grade1_week24_item3
down,33,,K,0,n,tier1_dolch+dolch_preprimer+fry_overlap+grade1_week24_item1
new,34,,K,0,n,tier1_dolch+dolch_primer+fry_overlap+grade2_week1_item2
run,34,,K,0,v,tier1_dolch+dolch_preprimer+fry_overlap+grade1_week15_item6
can,35,,K,0,v,tier1_dolch+dolch_preprimer+fry_overlap+grade1_week2_item6
what,35,,K,0,det,tier1_dolch+dolch_primer+fry_overlap+grade1_week9_item1
find,36,,K,0,v,tier1_dolch+dolch_preprimer+fry_overlap+grade1_week23_item3
must,36,,K,0,v,tier1_dolch+dolch_primer+fry_overlap+grade1_week24_item7
see,37,,K,0,v,tier1_dolch+dolch_preprimer+fry_overlap+grade1_week19_item3
so,37,,K,0,conj,tier1_dolch+dolch_primer+fry_overlap+grade1_week15_item4
black,38,,K,0,adj,tier1_dolch+dolch_primer+fry_overlap+grade1_week4_item7
three,38,,K,0,det,tier1_dolch+dolch_preprimer+fry_overlap+grade2_week10_item4
get,39,,K,0,v,tier1_dolch+dolch_primer+fry_overlap+grade1_week17_item6
not,39,,K,0,adv,tier1_dolch+dolch_preprimer+fry_overlap+grade1_week8_item4
funny,40,,K,0,adj,tier1_dolch+dolch_preprimer+grade3_week22_item3
white,40,,K,0,adj,tier1_dolch+dolch_primer+fry_overlap+grade2_week29_item9
like,41,,K,0,n,tier1_dolch+dolch_primer+fry_overlap+grade1_week17_item1
soon,42,,K,0,adv,tier1_dolch+dolch_primer+fry_overlap+grade2_week9_item2
this,43,,K,0,det,tier1_dolch+dolch_primer+fry_overlap+grade1_week6_item3
our,44,,K,0,det,tier1_dolch+dolch_primer+fry_overlap+grade2_week4_item4
will,45,,K,0,v,tier1_dolch+dolch_primer+fry_overlap+grade1_week13_item3
ate,46,,K,0,n,tier1_dolch+dolch_primer
yes,47,,K,0,adv,tier1_dolch+dolch_primer+fry_overlap+grade2_week17_item13
say,48,,K,0,v,tier1_dolch+dolch_primer+fry_overlap+grade2_week6_item1
went,49,,K,0,v,tier1_dolch+dolch_primer+fry_overlap+grade2_week14_item2
under,50,,K,0,prep,tier1_dolch+dolch_primer+fry_overlap+grade3_week35_item1
are,51,,K,0,v,tier1_dolch+dolch_primer+fry_overlap+grade1_week4_item3
please,52,,K,0,adv,tier1_dolch+dolch_primer+fry_overlap+grade3_week28_item4
if,1,,1,0,conj,tier1_dolch+dolch_grade3+fry_overlap+grade1_week13_item2
of,1,,1,0,prep,tier1_dolch+dolch_grade1+fry_overlap+grade1_week1_item2
would,1,,1,0,v,tier1_dolch+dolch_grade2+fry_overlap+grade1_week16_item3
take,2,,1,0,v,tier1_dolch+dolch_grade1+fry_overlap+grade2_week1_item4
write,2,,1,0,v,tier1_dolch+dolch_grade2+fry_overlap+grade1_week19_item1
his,3,,1,0,det,tier1_dolch+dolch_grade1+fry_overlap+grade1_week5_item2
long,3,,1,0,adj,tier1_dolch+dolch_grade3+fry_overlap+grade1_week23_item4
every,4,,1,0,det,tier1_dolch+dolch_grade1+fry_overlap+grade3_week1_item2
about,5,,1,0,n,tier1_dolch+dolch_grade3+fry_overlap+grade1_week14_item2
had,5,,1,0,v,tier1_dolch+dolch_grade1+fry_overlap+grade1_week7_item4
your,5,,1,0,det,tier1_dolch+dolch_grade2+fry_overlap+grade1_week10_item2
light,6,,1,0,n,tier1_dolch+dolch_grade3+fry_overlap+grade1_week29_item7
made,6,,1,0,n,tier1_dolch+dolch_grade2+fry_overlap+grade1_week25_item2
old,6,,1,0,adj,tier1_dolch+dolch_grade1+fry_overlap+grade2_week8_item2
him,7,,1,0,pron,tier1_dolch+dolch_grade1+fry_overlap+grade1_week17_item2
by,8,,1,0,prep,tier1_dolch+dolch_grade1+fry_overlap+grade1_week8_item1
her,9,,1,0,pron,tier1_dolch+dolch_grade1+fry_overlap+grade1_week16_item2
after,10,,1,0,prep,tier1_dolch+dolch_grade1+fry_overlap+grade2_week4_item2
some,11,,1,0,det,tier1_dolch+dolch_grade1+fry_overlap+grade1_week16_item1
cut,12,,1,0,v,tier1_dolch+dolch_grade3+fry_overlap+grade1_week13_item5
think,12,,1,0,v,tier1_dolch+dolch_grade1+fry_overlap+grade2_week26_item2
as,13,,1,0,n,tier1_dolch+dolch_grade1+fry_overlap+grade1_week4_item4
let,14,,1,0,v,tier1_dolch+dolch_grade1+fry_overlap+grade1_week17_item8
green,15,,1,0,adj,tier1_dolch+dolch_grade2+fry_overlap+grade1_week36_item3
then,15,,1,0,adv,tier1_dolch+dolch_grade1+fry_overlap+grade1_week15_item1
going,16,,1,0,v,tier1_dolch+dolch_grade1
use,16,,1,0,v,tier1_dolch+dolch_grade2+fry_overlap+grade1_week11_item2
could,17,,1,0,v,tier1_dolch+dolch_grade1+fry_overlap+grade1_week20_item3
their,17,,1,0,det,tier1_dolch+dolch_grade2+fry_overlap+grade1_week13_item1
walk,18,,1,0,v,tier1_dolch+dolch_grade1+fry_overlap+grade3_week12_item4
when,19,,1,0,adv,tier1_dolch+dolch_grade1+fry_overlap+grade1_week10_item1
again,20,,1,0,adv,tier1_dolch+dolch_grade1+fry_overlap+grade2_week16_item5
were,21,,1,0,v,tier1_dolch+dolch_grade1+fry_overlap+grade1_week9_item3
may,22,,1,0,v,tier1_dolch+dolch_grade1+fry_overlap+grade1_week25_item3
five,23,,1,0,adj,tier1_dolch+dolch_grade2+fry_overlap+grade1_week28_item6
them,23,,1,0,pron,tier1_dolch+dolch_grade1+fry_overlap+grade1_week15_item2
show,24,,1,0,v,tier1_dolch+dolch_grade3+fry_overlap+grade1_week31_item5
sit,24,,1,0,v,tier1_dolch+dolch_grade2+fry_overlap+grade1_week5_item5
stop,24,,1,0,v,tier1_dolch+dolch_grade1+fry_overlap+grade1_week32_item7
ask,25,,1,0,v,tier1_dolch+dolch_grade1+fry_overlap+grade2_week18_item9
try,25,,1,0,v,tier1_dolch+dolch_grade3+fry_overlap+grade1_week29_item6
fly,26,,1,0,adv,tier1_dolch+dolch_grade1+fry_overlap+grade3_week18_item1
hot,26,,1,0,adj,tier1_dolch+dolch_grade3+fry_overlap+grade1_week9_item5
which,26,,1,0,det,tier1_dolch+dolch_grade2+fry_overlap+grade1_week12_item1
an,27,,1,0,det,tier1_dolch+dolch_grade1+fry_overlap+grade1_week11_item3
or,27,,1,0,conj,tier1_dolch+dolch_grade2+fry_overlap+grade1_week7_item2
round,28,,1,0,adj,tier1_dolch+dolch_grade1+fry_overlap+grade2_week7_item7
over,29,,1,0,prep,tier1_dolch+dolch_grade1+fry_overlap+grade2_week1_item1
ten,29,,1,0,det,tier1_dolch+dolch_grade3+fry_overlap+grade1_week19_item8
give,30,,1,0,v,tier1_dolch+dolch_grade1+fry_overlap+grade2_week3_item4
been,31,,1,0,v,tier1_dolch+dolch_grade2+fry_overlap+grade1_week22_item1
just,31,,1,0,n,tier1_dolch+dolch_grade1+fry_overlap+grade2_week4_item5
once,32,,1,0,adv,tier1_dolch+dolch_grade1+fry_overlap+grade3_week14_item4
from,33,,1,0,prep,tier1_dolch+dolch_grade1+fry_overlap+grade1_week7_item1
grow,34,,1,0,v,tier1_dolch+dolch_grade3+fry_overlap+grade1_week31_item3
open,34,,1,0,adj,tier1_dolch+dolch_grade1+fry_overlap+grade3_week8_item3
any,35,,1,0,det,tier1_dolch+dolch_grade1+fry_overlap+grade2_week8_item3
has,36,,1,0,v,tier1_dolch+dolch_grade1+fry_overlap+grade1_week18_item1
how,37,,1,0,adv,tier1_dolch+dolch_grade1+fry_overlap+grade1_week12_item4
tell,37,,1,0,v,tier1_dolch+dolch_grade2+fry_overlap+grade1_week20_item5
live,38,,1,0,v,tier1_dolch+dolch_grade1+fry_overlap+grade2_week3_item1
know,39,,1,0,v,tier1_dolch+dolch_grade1+fry_overlap+grade2_week2_item3
thank,40,,1,0,n,tier1_dolch+dolch_grade1+grade2_week26_item6
these,40,,1,0,det,tier1_dolch+dolch_grade2+fry_overlap+grade1_week15_item3
first,41,,1,0,det,tier1_dolch+dolch_grade2+fry_overlap+grade1_week21_item3
put,41,,1,0,v,tier1_dolch+dolch_grade1+fry_overlap+grade2_week11_item2
many,46,,1,0,det,tier1_dolch+dolch_grade2+fry_overlap+grade1_week14_item4
full,2,,2,0,adj,tier1_dolch+dolch_grade3+fry_overlap+grade2_week16_item16
very,3,,2,0,adv,tier1_dolch+dolch_grade2+fry_overlap+grade2_week4_item1
always,4,,2,0,adv,tier1_dolch+dolch_grade2+fry_overlap+grade3_week25_item9
done,4,,2,0,n,tier1_dolch+dolch_grade3+fry_overlap+grade2_week14_item11
got,7,,2,0,n,tier1_dolch+dolch_grade3+fry_overlap+grade2_week4_item14
its,7,,2,0,det,tier1_dolch+dolch_grade2
gave,8,,2,0,n,tier1_dolch+dolch_grade2+fry_overlap+grade2_week7_item11
around,9,,2,0,prep,tier1_dolch+dolch_grade2+fry_overlap+grade3_week13_item8
six,9,,2,0,det,tier1_dolch+dolch_grade3+fry_overlap+grade2_week19_item16
us,10,,2,0,pron,tier1_dolch+dolch_grade2+fry_overlap+grade2_week15_item4
don't,11,,2,0,v,tier1_dolch+dolch_grade2+fry_overlap+grade3_week33_item11
buy,12,,2,0,v,tier1_dolch+dolch_grade2+fry_overlap+grade3_week17_item2
right,13,,2,0,adj,tier1_dolch+dolch_grade2+fry_overlap+grade2_week5_item6
seven,13,,2,0,det,tier1_dolch+dolch_grade3+fry_overlap+grade2_week16_item4
kind,14,,2,0,n,tier1_dolch+dolch_grade3+fry_overlap+grade2_week8_item16
those,14,,2,0,det,tier1_dolch+dolch_grade2+fry_overlap+grade3_week9_item3
fall,16,,2,0,v,tier1_dolch+dolch_grade3+fry_overlap+grade2_week13_item5
fast,18,,2,0,adv,tier1_dolch+dolch_grade2+fry_overlap+grade2_week16_item6
call,19,,2,0,v,tier1_dolch+dolch_grade2+fry_overlap
pull,20,,2,0,v,tier1_dolch+dolch_grade2+grade2_week5_item15
small,20,,2,0,adj,tier1_dolch+dolch_grade3+fry_overlap+grade2_week10_item5
much,21,,2,0,n,tier1_dolch+dolch_grade3+fry_overlap+grade2_week19_item6
sleep,21,,2,0,v,tier1_dolch+dolch_grade2+fry_overlap+grade3_week14_item1
both,22,,2,0,det,tier1_dolch+dolch_grade2+fry_overlap+grade3_week9_item4
wash,25,,2,0,v,tier1_dolch+dolch_grade2+fry_overlap+grade2_week20_item9
far,28,,2,0,adv,tier1_dolch+dolch_grade3+fry_overlap+grade2_week5_item13
read,28,,2,0,v,tier1_dolch+dolch_grade2+fry_overlap+grade2_week14_item4
before,29,,2,0,prep,tier1_dolch+dolch_grade2+fry_overlap+grade2_week7_item2
draw,30,,2,0,v,tier1_dolch+dolch_grade3+fry_overlap+grade2_week3_item11
why,30,,2,0,adv,tier1_dolch+dolch_grade2+fry_overlap+grade2_week29_item5
bring,31,,2,0,v,tier1_dolch+dolch_grade3+fry_overlap+grade2_week22_item4
clean,32,,2,0,adj,tier1_dolch+dolch_grade3+fry_overlap+grade2_week10_item7
found,32,,2,0,v,tier1_dolch+dolch_grade2+fry_overlap+grade2_week7_item8
drink,33,,2,0,v,tier1_dolch+dolch_grade3+grade2_week26_item1
off,33,,2,0,prep,tier1_dolch+dolch_grade2+fry_overlap+grade2_week17_item2
because,34,,2,0,conj,tier1_dolch+dolch_grade2+fry_overlap+grade2_week13_item2
cold,35,,2,0,adj,tier1_dolch+dolch_grade2+fry_overlap+grade2_week6_item7
only,35,,2,0,adv,tier1_dolch+dolch_grade3+fry_overlap+grade2_week1_item5
best,36,,2,0,adj,tier1_dolch+dolch_grade2+fry_overlap+grade3_week1_item6
upon,38,,2,0,prep,tier1_dolch+dolch_grade2+fry_overlap+grade3_week5_item1
hold,39,,2,0,v,tier1_dolch+dolch_grade3+fry_overlap+grade2_week1_item16
work,39,,2,0,v,tier1_dolch+dolch_grade2+fry_overlap+grade2_week2_item2
laugh,40,,2,0,v,tier1_dolch+dolch_grade3+grade2_week23_item2
warm,41,,2,0,adj,tier1_dolch+dolch_grade3+fry_overlap+grade2_week14_item3
sing,42,,2,0,v,tier1_dolch+dolch_grade2+fry_overlap+grade2_week22_item3
does,43,,2,0,v,tier1_dolch+dolch_grade2+fry_overlap+grade2_week11_item4
wish,44,,2,0,adj,tier1_dolch+dolch_grade2+fry_overlap+grade2_week20_item10
goes,45,,2,0,n,tier1_dolch+dolch_grade2
pick,8,,3,0,v,tier1_dolch+dolch_grade3
hurt,10,,3,0,n,tier1_dolch+dolch_grade3
never,11,,3,0,adv,tier1_dolch+dolch_grade3+fry_overlap+grade3_week35_item3
eight,15,,3,0,det,tier1_dolch+dolch_grade3+fry_overlap
today,17,,3,0,adv,tier1_dolch+dolch_grade3+fry_overlap+grade4_week4_item4
carry,18,,3,0,v,tier1_dolch+dolch_grade3+fry_overlap+grade3_week14_item2
myself,19,,3,0,pron,tier1_dolch+dolch_grade3
own,22,,3,0,n,tier1_dolch+dolch_grade3+fry_overlap+grade3_week2_item2
keep,23,,3,0,v,tier1_dolch+dolch_grade3+fry_overlap+grade3_week3_item4
start,27,,3,0,v,tier1_dolch+dolch_grade3+fry_overlap+grade3_week4_item2
together,36,,3,0,adv,tier1_dolch+dolch_grade3+fry_overlap+grade3_week10_item1
better,37,,3,0,adj,tier1_dolch+dolch_grade3+fry_overlap+grade3_week23_item4
shall,38,,3,0,v,tier1_dolch+dolch_grade3+fry_overlap+grade3_week9_item2
word,30,,K,1,n,tier2_fry_filtered+fry_rank_30+grade_estimated_from_fry_rank
each,44,,1,0,det,tier2_fry_filtered+fry_rank_44+grade1_week11_item4
other,53,,1,0,n,tier2_fry_filtered+fry_rank_53+grade1_week14_item1
time,68,,1,0,n,tier2_fry_filtered+fry_rank_68+grade1_week17_item4
more,72,,1,0,adv,tier2_fry_filtered+fry_rank_72+grade1_week18_item4
number,76,,1,0,n,tier2_fry_filtered+fry_rank_76+grade1_week19_item4
way,78,,1,0,n,tier2_fry_filtered+fry_rank_78+grade1_week27_item1
people,80,,1,0,n,tier2_fry_filtered+fry_rank_80+grade1_week20_item4
than,82,,1,0,conj,tier2_fry_filtered+fry_rank_82+grade1_week3_item1
water,84,,1,0,n,tier2_fry_filtered+fry_rank_84+grade1_week21_item4
oil,88,,1,0,n,tier2_fry_filtered+fry_rank_88+grade1_week22_item4
day,93,,1,0,n,tier2_fry_filtered+fry_rank_93+grade1_week24_item2
part,99,,1,0,n,tier2_fry_filtered+fry_rank_99+grade1_week25_item4
back,112,,1,0,n,tier2_fry_filtered+fry_rank_112+grade1_week4_item5
name,120,,1,0,n,tier2_fry_filtered+fry_rank_120+grade1_week26_item5
man,123,,1,0,n,tier2_fry_filtered+fry_rank_123+grade1_week2_item5
set,150,,1,0,n,tier2_fry_filtered+fry_rank_150+grade1_week24_item4
men,167,,1,0,n,tier2_fry_filtered+fry_rank_167+grade1_week19_item5
need,169,,1,0,v,tier2_fry_filtered+fry_rank_169+grade1_week36_item5
animal,186,,1,0,adj,tier2_fry_filtered+fry_rank_186+grade1_week26_item8
page,189,,1,0,n,tier2_fry_filtered+fry_rank_189+grade1_week26_item2
below,207,,1,0,prep,tier2_fry_filtered+fry_rank_207+grade1_week31_item8
tree,214,,1,0,n,tier2_fry_filtered+fry_rank_214+grade1_week27_item8
took,263,,1,0,v,tier2_fry_filtered+fry_rank_263+grade1_week33_item2
above,286,,1,0,prep,tier2_fry_filtered+fry_rank_286+grade1_week31_item7
sun,305,,1,0,n,tier2_fry_filtered+fry_rank_305+grade1_week15_item5
dog,310,,1,0,n,tier2_fry_filtered+fry_rank_310+grade1_week23_item1
sure,329,,1,0,adj,tier2_fry_filtered+fry_rank_329+grade1_week34_item7
top,331,,1,0,n,tier2_fry_filtered+fry_rank_331+grade1_week10_item6
ship,332,,1,0,n,tier2_fry_filtered+fry_rank_332+grade1_week22_item8
low,340,,1,0,adj,tier2_fry_filtered+fry_rank_340+grade1_week31_item1
rock,353,,1,0,n,tier2_fry_filtered+fry_rank_353+grade1_week12_item6
map,375,,1,1,n,tier2_fry_filtered+fry_rank_375+grade1_week3_item5
town,391,,1,0,n,tier2_fry_filtered+fry_rank_391+grade1_week34_item4
wood,398,,1,0,n,tier2_fry_filtered+fry_rank_398+grade1_week33_item5
feel,422,,1,0,n,tier2_fry_filtered+fry_rank_422+grade1_week36_item2
note,434,,1,0,n,tier2_fry_filtered+fry_rank_434+grade1_week30_item6
stay,441,,1,0,n,tier2_fry_filtered+fry_rank_441+grade1_week27_item3
less,446,,1,0,adv,tier2_fry_filtered+fry_rank_446+grade1_week25_item7
stood,450,,1,0,v,tier2_fry_filtered+fry_rank_450+grade1_week33_item4
boat,456,,1,0,n,tier2_fry_filtered+fry_rank_456+grade1_week32_item2
game,457,,1,0,n,tier2_fry_filtered+fry_rank_457+grade1_week26_item1
dry,465,,1,0,n,tier2_fry_filtered+fry_rank_465+grade1_week29_item1
deep,469,,1,0,adj,tier2_fry_filtered+fry_rank_469+grade1_week36_item1
heat,477,,1,0,n,tier2_fry_filtered+fry_rank_477+grade1_week33_item8
moon,520,,1,0,n,tier2_fry_filtered+fry_rank_520+grade1_week35_item1
drop,539,,1,0,n,tier2_fry_filtered+fry_rank_539+grade1_week10_item8
summer,547,,1,0,n,tier2_fry_filtered+fry_rank_547+grade1_week36_item8
legs,551,,1,0,n,tier2_fry_filtered+fry_rank_551+grade1_week25_item6
sat,552,,1,0,v,tier2_fry_filtered+fry_rank_552+grade1_week1_item7
race,563,,1,0,n,tier2_fry_filtered+fry_rank_563+grade1_week26_item3
job,567,,1,0,n,tier2_fry_filtered+fry_rank_567+grade1_week11_item5
sky,578,,1,0,n,tier2_fry_filtered+fry_rank_578+grade1_week29_item3
weather,583,,1,0,n,tier2_fry_filtered+fry_rank_583+grade1_week30_item7
drive,600,,1,0,v,tier2_fry_filtered+fry_rank_600+grade1_week28_item2
ice,608,,1,0,n,tier2_fry_filtered+fry_rank_608+grade1_week35_item8
snow,614,,1,0,n,tier2_fry_filtered+fry_rank_614+grade1_week31_item2
soil,629,,1,0,n,tier2_fry_filtered+fry_rank_629+grade1_week29_item8
bed,630,,1,0,v,tier2_fry_filtered+fry_rank_630+grade1_week18_item6
free,632,,1,0,adj,tier2_fry_filtered+fry_rank_632+grade1_week36_item6
lot,666,,1,0,n,tier2_fry_filtered+fry_rank_666+grade1_week9_item8
cat,673,,1,0,n,tier2_fry_filtered+fry_rank_673+grade1_week1_item5
trip,686,,1,0,n,tier2_fry_filtered+fry_rank_686+grade1_week32_item8
hole,687,,1,0,n,tier2_fry_filtered+fry_rank_687+grade1_week30_item5
gas,711,,1,0,n,tier2_fry_filtered+fry_rank_711+grade1_week33_item7
foot,716,,1,0,n,tier2_fry_filtered+fry_rank_716+grade1_week33_item6
grass,719,,1,0,n,tier2_fry_filtered+fry_rank_719+grade1_week36_item7
skin,722,,1,0,n,tier2_fry_filtered+fry_rank_722+grade1_week7_item8
bad,735,,1,0,adj,tier2_fry_filtered+fry_rank_735+grade1_week21_item5
pay,742,,1,0,v,tier2_fry_filtered+fry_rank_742+grade1_week27_item2
stick,758,,1,0,n,tier2_fry_filtered+fry_rank_758+grade1_week8_item8
bit,770,,1,0,n,tier2_fry_filtered+fry_rank_770+grade1_week5_item7
fell,777,,1,0,n,tier2_fry_filtered+fry_rank_777+grade1_week20_item6
flow,795,,1,0,n,tier2_fry_filtered+fry_rank_795+grade1_week31_item4
hit,807,,1,0,n,tier2_fry_filtered+fry_rank_807+grade1_week5_item6
mine,819,,1,0,n,tier2_fry_filtered+fry_rank_819+grade1_week28_item3
fit,821,,1,0,v,tier2_fry_filtered+fry_rank_821+grade1_week5_item8
blow,843,,1,0,v,tier2_fry_filtered+fry_rank_843+grade1_week31_item6
bell,855,,1,0,n,tier2_fry_filtered+fry_rank_855+grade1_week20_item2
fun,856,,1,0,n,tier2_fry_filtered+fry_rank_856+grade1_week15_item7
thin,860,,1,0,adj,tier2_fry_filtered+fry_rank_860+grade1_week7_item6
hat,885,,1,0,n,tier2_fry_filtered+fry_rank_885+grade1_week1_item8
sell,892,,1,0,v,tier2_fry_filtered+fry_rank_892+grade1_week20_item7
block,896,,1,0,n,tier2_fry_filtered+fry_rank_896+grade1_week12_item7
truck,911,,1,0,n,tier2_fry_filtered+fry_rank_911+grade1_week24_item6
shop,938,,1,0,n,tier2_fry_filtered+fry_rank_938+grade1_week23_item8
nose,943,,1,0,n,tier2_fry_filtered+fry_rank_943+grade1_week30_item1
huge,950,,1,0,adj,tier2_fry_filtered+fry_rank_950+grade1_week35_item7
rose,958,,1,0,n,tier2_fry_filtered+fry_rank_958+grade1_week30_item8
win,973,,1,0,v,tier2_fry_filtered+fry_rank_973+grade1_week22_item5
sound,102,,2,0,n,tier2_fry_filtered+fry_rank_102+grade2_week28_item16
place,108,,2,0,n,tier2_fry_filtered+fry_rank_108+grade2_week2_item4
year,109,,2,0,n,tier2_fry_filtered+fry_rank_109+grade2_week24_item15
most,114,,2,0,n,tier2_fry_filtered+fry_rank_114+grade2_week3_item5
thing,117,,2,0,v,tier2_fry_filtered+fry_rank_117+grade2_week22_item1
great,126,,2,0,n,tier2_fry_filtered+fry_rank_126+grade2_week6_item2
through,129,,2,0,prep,tier2_fry_filtered+fry_rank_129+grade2_week6_item5
line,132,,2,0,n,tier2_fry_filtered+fry_rank_132+grade2_week7_item3
mean,135,,2,0,n,tier2_fry_filtered+fry_rank_135+grade2_week10_item6
same,138,,2,0,adj,tier2_fry_filtered+fry_rank_138+grade2_week8_item4
boy,140,,2,0,n,tier2_fry_filtered+fry_rank_140+grade2_week9_item1
also,145,,2,0,n,tier2_fry_filtered+fry_rank_145+grade2_week10_item1
form,147,,2,0,n,tier2_fry_filtered+fry_rank_147+grade2_week27_item13
end,152,,2,0,n,tier2_fry_filtered+fry_rank_152+grade2_week11_item3
another,154,,2,0,det,tier2_fry_filtered+fry_rank_154+grade2_week11_item5
large,156,,2,0,adj,tier2_fry_filtered+fry_rank_156+grade2_week12_item2
even,159,,2,0,n,tier2_fry_filtered+fry_rank_159+grade2_week12_item5
such,160,,2,0,n,tier2_fry_filtered+fry_rank_160+grade2_week19_item7
turn,162,,2,0,v,tier2_fry_filtered+fry_rank_162+grade2_week9_item8
land,170,,2,0,n,tier2_fry_filtered+fry_rank_170+grade2_week17_item11
home,172,,2,0,n,tier2_fry_filtered+fry_rank_172+grade2_week15_item3
move,174,,2,0,v,tier2_fry_filtered+fry_rank_174+grade2_week15_item5
hand,177,,2,0,n,tier2_fry_filtered+fry_rank_177+grade2_week16_item3
picture,178,,2,0,n,tier2_fry_filtered+fry_rank_178+grade2_week31_item5
change,180,,2,0,v,tier2_fry_filtered+fry_rank_180+grade2_week3_item16
spell,183,,2,0,v,tier2_fry_filtered+fry_rank_183+grade2_week17_item4
air,184,,2,0,n,tier2_fry_filtered+fry_rank_184+grade2_week17_item5
house,187,,2,0,n,tier2_fry_filtered+fry_rank_187+grade2_week18_item3
point,188,,2,0,n,tier2_fry_filtered+fry_rank_188+grade2_week18_item4
letter,190,,2,0,n,tier2_fry_filtered+fry_rank_190+grade2_week19_item1
mother,191,,2,0,n,tier2_fry_filtered+fry_rank_191+grade2_week19_item2
answer,192,,2,0,n,tier2_fry_filtered+fry_rank_192+grade2_week6_item13
study,194,,2,0,v,tier2_fry_filtered+fry_rank_194+grade2_week19_item5
still,195,,2,0,adv,tier2_fry_filtered+fry_rank_195+grade2_week20_item1
learn,196,,2,0,v,tier2_fry_filtered+fry_rank_196+grade2_week20_item2
should,197,,2,0,v,tier2_fry_filtered+fry_rank_197+grade2_week20_item3
world,199,,2,0,n,tier2_fry_filtered+fry_rank_199+grade2_week20_item5
add,203,,2,1,n,tier2_fry_filtered+fry_rank_203+grade2_week4_item13
food,204,,2,0,n,tier2_fry_filtered+fry_rank_204+grade2_week13_item12
country,208,,2,0,n,tier2_fry_filtered+fry_rank_208+grade2_week3_item12
last,210,,2,0,n,tier2_fry_filtered+fry_rank_210+grade2_week16_item8
eye,219,,2,0,n,tier2_fry_filtered+fry_rank_219+grade_estimated_from_fry_rank
head,222,,2,0,n,tier2_fry_filtered+fry_rank_222+grade2_week11_item6
left,226,,2,0,v,tier2_fry_filtered+fry_rank_226+grade2_week27_item6
few,228,,2,0,det,tier2_fry_filtered+fry_rank_228+grade2_week12_item10
while,229,,2,0,conj,tier2_fry_filtered+fry_rank_229+grade2_week29_item10
might,231,,2,0,v,tier2_fry_filtered+fry_rank_231+grade2_week5_item7
hard,236,,2,0,adj,tier2_fry_filtered+fry_rank_236+grade2_week1_item8
life,240,,2,0,n,tier2_fry_filtered+fry_rank_240+grade2_week4_item15
group,247,,2,0,n,tier2_fry_filtered+fry_rank_247+grade2_week19_item15
side,253,,2,0,n,tier2_fry_filtered+fry_rank_253+grade2_week7_item4
feet,254,,2,0,n,tier2_fry_filtered+fry_rank_254+grade2_week17_item1
car,255,,2,0,n,tier2_fry_filtered+fry_rank_255+grade2_week1_item6
mile,256,,2,0,n,tier2_fry_filtered+fry_rank_256+grade2_week24_item16
second,273,,2,0,det,tier2_fry_filtered+fry_rank_273+grade2_week24_item14
late,274,,2,0,n,tier2_fry_filtered+fry_rank_274+grade2_week7_item1
enough,277,,2,0,adv,tier2_fry_filtered+fry_rank_277+grade2_week23_item6
face,279,,2,0,n,tier2_fry_filtered+fry_rank_279+grade2_week28_item12
girl,287,,2,0,n,tier2_fry_filtered+fry_rank_287+grade2_week4_item6
mountain,289,,2,0,n,tier2_fry_filtered+fry_rank_289+grade_estimated_from_fry_rank
song,295,,2,0,n,tier2_fry_filtered+fry_rank_295+grade2_week8_item13
afternoon,300,,2,0,n,tier2_fry_filtered+fry_rank_300+grade_estimated_from_fry_rank
body,301,,2,0,n,tier2_fry_filtered+fry_rank_301+grade2_week13_item3
color,303,,2,0,n,tier2_fry_filtered+fry_rank_303+grade2_week12_item15
fish,307,,2,0,adj,tier2_fry_filtered+fry_rank_307+grade2_week9_item14
problem,313,,2,0,n,tier2_fry_filtered+fry_rank_313+grade2_week31_item14
room,315,,2,0,n,tier2_fry_filtered+fry_rank_315+grade2_week11_item13
knew,316,,2,0,v,tier2_fry_filtered+fry_rank_316+grade2_week29_item15
ever,318,,2,0,adv,tier2_fry_filtered+fry_rank_318+grade2_week12_item12
told,320,,2,0,v,tier2_fry_filtered+fry_rank_320+grade2_week6_item11
door,328,,2,0,n,tier2_fry_filtered+fry_rank_328+grade2_week14_item16
short,336,,2,0,adj,tier2_fry_filtered+fry_rank_336+grade2_week14_item6
whole,345,,2,0,adj,tier2_fry_filtered+fry_rank_345+grade2_week21_item13
listen,351,,2,0,v,tier2_fry_filtered+fry_rank_351+grade2_week8_item12
wind,352,,2,0,n,tier2_fry_filtered+fry_rank_352+grade2_week17_item12
himself,359,,2,0,pron,tier2_fry_filtered+fry_rank_359+grade2_week29_item16
step,362,,2,0,n,tier2_fry_filtered+fry_rank_362+grade2_week13_item1
true,366,,2,0,adj,tier2_fry_filtered+fry_rank_366+grade2_week8_item7
money,374,,2,0,n,tier2_fry_filtered+fry_rank_374+grade2_week20_item12
farm,376,,2,0,n,tier2_fry_filtered+fry_rank_376+grade2_week15_item1
seen,380,,2,0,n,tier2_fry_filtered+fry_rank_380+grade2_week5_item4
plan,383,,2,0,n,tier2_fry_filtered+fry_rank_383+grade2_week14_item1
king,390,,2,0,v,tier2_fry_filtered+fry_rank_390+grade2_week22_item7
unit,393,,2,0,n,tier2_fry_filtered+fry_rank_393+grade2_week12_item13
fire,399,,2,0,n,tier2_fry_filtered+fry_rank_399+grade2_week15_item2
road,403,,2,0,n,tier2_fry_filtered+fry_rank_403+grade2_week22_item16
box,408,,2,0,n,tier2_fry_filtered+fry_rank_408+grade2_week16_item13
wait,410,,2,0,n,tier2_fry_filtered+fry_rank_410+grade2_week2_item8
oh,412,,2,0,int,tier2_fry_filtered+fry_rank_412+grade2_week1_item13
quickly,413,,2,0,adv,tier2_fry_filtered+fry_rank_413+grade2_week30_item3
ocean,432,,2,0,n,tier2_fry_filtered+fry_rank_432+grade2_week3_item13
rest,436,,2,0,n,tier2_fry_filtered+fry_rank_436+grade2_week16_item2
week,445,,2,0,n,tier2_fry_filtered+fry_rank_445+grade2_week17_item14
ago,449,,2,0,n,tier2_fry_filtered+fry_rank_449+grade2_week13_item16
plane,451,,2,0,n,tier2_fry_filtered+fry_rank_451+grade2_week25_item16
force,458,,2,0,n,tier2_fry_filtered+fry_rank_458+grade2_week23_item11
though,466,,2,0,conj,tier2_fry_filtered+fry_rank_466+grade2_week23_item9
shape,468,,2,0,n,tier2_fry_filtered+fry_rank_468+grade2_week12_item16
check,480,,2,0,n,tier2_fry_filtered+fry_rank_480+grade2_week25_item11
power,486,,2,0,n,tier2_fry_filtered+fry_rank_486+grade2_week34_item14
able,488,,2,0,adj,tier2_fry_filtered+fry_rank_488+grade2_week18_item13
size,490,,2,0,n,tier2_fry_filtered+fry_rank_490+grade2_week14_item15
dark,491,,2,0,n,tier2_fry_filtered+fry_rank_491+grade2_week1_item12
ball,492,,2,0,n,tier2_fry_filtered+fry_rank_492+grade2_week19_item3
pair,497,,2,0,n,tier2_fry_filtered+fry_rank_497+grade2_week18_item15
circle,498,,2,1,n,tier2_fry_filtered+fry_rank_498+grade2_week25_item12
built,500,,2,0,v,tier2_fry_filtered+fry_rank_500+grade2_week28_item7
square,503,,2,1,n,tier2_fry_filtered+fry_rank_503+grade2_week25_item13
bill,506,,2,0,n,tier2_fry_filtered+fry_rank_506+grade2_week20_item14
felt,507,,2,0,v,tier2_fry_filtered+fry_rank_507+grade2_week28_item4
test,509,,2,0,n,tier2_fry_filtered+fry_rank_509+grade2_week15_item13
direction,510,,2,0,n,tier2_fry_filtered+fry_rank_510+grade2_week36_item11
simple,527,,2,0,adj,tier2_fry_filtered+fry_rank_527+grade2_week30_item15
paint,529,,2,0,v,tier2_fry_filtered+fry_rank_529+grade2_week2_item9
mind,530,,2,0,n,tier2_fry_filtered+fry_rank_530+grade2_week17_item8
love,531,,2,0,n,tier2_fry_filtered+fry_rank_531+grade2_week15_item15
cause,532,,2,0,n,tier2_fry_filtered+fry_rank_532+grade2_week8_item14
rain,533,,2,0,n,tier2_fry_filtered+fry_rank_533+grade2_week2_item6
eggs,535,,2,0,n,tier2_fry_filtered+fry_rank_535+grade2_week9_item5
distance,543,,2,0,n,tier2_fry_filtered+fry_rank_543+grade2_week10_item16
wall,548,,2,0,n,tier2_fry_filtered+fry_rank_548+grade2_week22_item13
wide,555,,2,0,adj,tier2_fry_filtered+fry_rank_555+grade2_week23_item13
length,557,,2,0,n,tier2_fry_filtered+fry_rank_557+grade2_week10_item12
arms,561,,2,0,n,tier2_fry_filtered+fry_rank_561+grade2_week28_item15
store,566,,2,0,n,tier2_fry_filtered+fry_rank_566+grade2_week23_item14
edge,568,,2,0,n,tier2_fry_filtered+fry_rank_568+grade2_week28_item13
past,569,,2,0,n,tier2_fry_filtered+fry_rank_569+grade2_week16_item7
record,571,,2,0,n,tier2_fry_filtered+fry_rank_571+grade2_week16_item15
gone,577,,2,0,n,tier2_fry_filtered+fry_rank_577+grade2_week26_item12
glass,579,,2,0,n,tier2_fry_filtered+fry_rank_579+grade2_week36_item12
lay,582,,2,0,n,tier2_fry_filtered+fry_rank_582+grade2_week28_item14
root,584,,2,0,n,tier2_fry_filtered+fry_rank_584+grade2_week26_item15
meet,586,,2,0,n,tier2_fry_filtered+fry_rank_586+grade2_week26_item16
third,587,,2,0,det,tier2_fry_filtered+fry_rank_587+grade2_week4_item9
months,588,,2,0,n,tier2_fry_filtered+fry_rank_588+grade2_week24_item11
paragraph,589,,2,1,n,tier2_fry_filtered+fry_rank_589+grade2_week23_item3
soft,592,,2,0,adj,tier2_fry_filtered+fry_rank_592+grade2_week27_item1
teacher,597,,2,0,n,tier2_fry_filtered+fry_rank_597+grade2_week31_item8
speak,602,,2,0,v,tier2_fry_filtered+fry_rank_602+grade2_week8_item15
care,616,,2,0,v,tier2_fry_filtered+fry_rank_616+grade2_week30_item12
hill,618,,2,0,n,tier2_fry_filtered+fry_rank_618+grade2_week30_item13
baby,620,,2,0,n,tier2_fry_filtered+fry_rank_620+grade2_week6_item14
tall,625,,2,0,n,tier2_fry_filtered+fry_rank_625+grade2_week31_item12
spring,634,,2,0,v,tier2_fry_filtered+fry_rank_634+grade2_week22_item5
case,635,,2,0,n,tier2_fry_filtered+fry_rank_635+grade2_week30_item14
bright,642,,2,0,n,tier2_fry_filtered+fry_rank_642+grade2_week5_item11
lead,643,,2,0,v,tier2_fry_filtered+fry_rank_643+grade2_week31_item13
method,645,,2,1,n,tier2_fry_filtered+fry_rank_645+grade2_week33_item14
age,652,,2,0,n,tier2_fry_filtered+fry_rank_652+grade2_week31_item15
scale,654,,2,1,n,tier2_fry_filtered+fry_rank_654+grade2_week25_item15
gold,662,,2,0,n,tier2_fry_filtered+fry_rank_662+grade2_week6_item6
act,668,,2,0,n,tier2_fry_filtered+fry_rank_668+grade2_week32_item12
build,669,,2,0,n,tier2_fry_filtered+fry_rank_669+grade2_week13_item14
count,672,,2,0,v,tier2_fry_filtered+fry_rank_672+grade2_week7_item10
sail,675,,2,0,n,tier2_fry_filtered+fry_rank_675+grade2_week2_item12
fight,690,,2,0,v,tier2_fry_filtered+fry_rank_690+grade2_week5_item3
beat,694,,2,0,n,tier2_fry_filtered+fry_rank_694+grade2_week10_item2
row,701,,2,0,n,tier2_fry_filtered+fry_rank_701+grade2_week25_item1
law,717,,2,0,n,tier2_fry_filtered+fry_rank_717+grade2_week3_item7
ears,718,,2,0,n,tier2_fry_filtered+fry_rank_718+grade2_week33_item2
grew,721,,2,0,v,tier2_fry_filtered+fry_rank_721+grade2_week12_item6
cents,724,,2,0,n,tier2_fry_filtered+fry_rank_724+grade2_week20_item15
key,725,,2,0,n,tier2_fry_filtered+fry_rank_725+grade2_week36_item13
cool,729,,2,0,adj,tier2_fry_filtered+fry_rank_729+grade2_week3_item3
lost,731,,2,0,v,tier2_fry_filtered+fry_rank_731+grade2_week5_item12
sent,732,,2,0,v,tier2_fry_filtered+fry_rank_732+grade2_week12_item4
wear,734,,2,0,v,tier2_fry_filtered+fry_rank_734+grade2_week11_item1
touch,744,,2,0,v,tier2_fry_filtered+fry_rank_744+grade2_week7_item16
mouth,747,,2,0,n,tier2_fry_filtered+fry_rank_747+grade2_week24_item6
equal,749,,2,1,adj,tier2_fry_filtered+fry_rank_749+grade2_week27_item16
report,754,,2,0,v,tier2_fry_filtered+fry_rank_754+grade2_week14_item9
rise,756,,2,0,n,tier2_fry_filtered+fry_rank_756+grade2_week14_item14
seeds,760,,2,0,n,tier2_fry_filtered+fry_rank_760+grade2_week34_item9
woman,762,,2,0,n,tier2_fry_filtered+fry_rank_762+grade2_week29_item13
bank,764,,2,0,n,tier2_fry_filtered+fry_rank_764+grade2_week26_item7
wire,766,,2,0,n,tier2_fry_filtered+fry_rank_766+grade2_week5_item2
team,778,,2,0,n,tier2_fry_filtered+fry_rank_778+grade2_week10_item11
ring,782,,2,0,v,tier2_fry_filtered+fry_rank_782+grade2_week22_item6
serve,783,,2,0,v,tier2_fry_filtered+fry_rank_783+grade2_week13_item10
cost,788,,2,0,n,tier2_fry_filtered+fry_rank_788+grade2_week16_item9
break,792,,2,0,n,tier2_fry_filtered+fry_rank_792+grade2_week11_item14
art,799,,2,0,n,tier2_fry_filtered+fry_rank_799+grade2_week1_item3
tone,806,,2,0,n,tier2_fry_filtered+fry_rank_806+grade2_week32_item16
sand,808,,2,0,n,tier2_fry_filtered+fry_rank_808+grade2_week17_item10
cook,813,,2,0,v,tier2_fry_filtered+fry_rank_813+grade2_week12_item3
bones,814,,2,0,n,tier2_fry_filtered+fry_rank_814+grade2_week34_item10
addition,822,,2,1,n,tier2_fry_filtered+fry_rank_822+grade2_week36_item1
guess,826,,2,0,v,tier2_fry_filtered+fry_rank_826+grade2_week15_item16
flat,838,,2,0,adj,tier2_fry_filtered+fry_rank_838+grade2_week13_item15
string,842,,2,0,v,tier2_fry_filtered+fry_rank_842+grade2_week22_item2
value,845,,2,0,n,tier2_fry_filtered+fry_rank_845+grade2_week13_item13
wings,846,,2,0,n,tier2_fry_filtered+fry_rank_846+grade2_week22_item9
pole,848,,2,0,n,tier2_fry_filtered+fry_rank_848+grade2_week5_item1
lie,853,,2,0,n,tier2_fry_filtered+fry_rank_853+grade2_week14_item5
spot,854,,2,0,n,tier2_fry_filtered+fry_rank_854+grade2_week18_item5
loud,857,,2,0,adj,tier2_fry_filtered+fry_rank_857+grade2_week7_item6
fruit,863,,2,0,n,tier2_fry_filtered+fry_rank_863+grade2_week9_item16
rich,865,,2,0,adj,tier2_fry_filtered+fry_rank_865+grade2_week19_item4
dollars,866,,2,0,n,tier2_fry_filtered+fry_rank_866+grade2_week20_item16
send,867,,2,0,v,tier2_fry_filtered+fry_rank_867+grade2_week17_item7
sight,868,,2,0,n,tier2_fry_filtered+fry_rank_868+grade2_week5_item8
observe,877,,2,0,v,tier2_fry_filtered+fry_rank_877+grade2_week33_item15
weight,880,,2,0,n,tier2_fry_filtered+fry_rank_880+grade2_week10_item13
meat,881,,2,0,n,tier2_fry_filtered+fry_rank_881+grade2_week10_item15
park,891,,2,0,n,tier2_fry_filtered+fry_rank_891+grade2_week1_item7
spread,897,,2,0,v,tier2_fry_filtered+fry_rank_897+grade2_week11_item11
fair,912,,2,0,n,tier2_fry_filtered+fry_rank_912+grade2_week21_item15
chart,933,,2,0,n,tier2_fry_filtered+fry_rank_933+grade2_week22_item12
suffix,939,,2,1,n,tier2_fry_filtered+fry_rank_939+grade2_week35_item13
dead,945,,2,0,adj,tier2_fry_filtered+fry_rank_945+grade2_week11_item8
fig,948,,2,0,n,tier2_fry_filtered+fry_rank_948+grade2_week36_item14
death,953,,2,0,n,tier2_fry_filtered+fry_rank_953+grade2_week24_item10
fear,960,,2,0,n,tier2_fry_filtered+fry_rank_960+grade2_week21_item14
workers,961,,2,0,n,tier2_fry_filtered+fry_rank_961+grade2_week31_item6
led,966,,2,0,v,tier2_fry_filtered+fry_rank_966+grade2_week17_item3
march,967,,2,0,n,tier2_fry_filtered+fry_rank_967+grade2_week19_item10
deal,977,,2,0,adj,tier2_fry_filtered+fry_rank_977+grade2_week11_item12
rope,981,,2,0,n,tier2_fry_filtered+fry_rank_981+grade2_week25_item7
apple,983,,2,0,n,tier2_fry_filtered+fry_rank_983+grade2_week31_item16
corn,986,,2,0,n,tier2_fry_filtered+fry_rank_986+grade2_week8_item5
cows,991,,2,0,n,tier2_fry_filtered+fry_rank_991+grade2_week34_item11
seat,996,,2,0,n,tier2_fry_filtered+fry_rank_996+grade2_week10_item3
division,997,,2,1,n,tier2_fry_filtered+fry_rank_997+grade2_week36_item4
follow,141,,3,0,v,tier2_fry_filtered+fry_rank_141+grade3_week4_item7
different,171,,3,0,adj,tier2_fry_filtered+fry_rank_171+grade3_week22_item9
high,200,,3,0,adj,tier2_fry_filtered+fry_rank_200+grade3_week1_item1
near,202,,3,0,adv,tier2_fry_filtered+fry_rank_202+grade3_week1_item3
between,205,,3,0,prep,tier2_fry_filtered+fry_rank_205+grade3_week2_item1
plant,209,,3,0,adj,tier2_fry_filtered+fry_rank_209+grade3_week2_item5
school,211,,3,0,n,tier2_fry_filtered+fry_rank_211+grade3_week3_item2
father,212,,3,0,n,tier2_fry_filtered+fry_rank_212+grade3_week3_item3
city,217,,3,0,n,tier2_fry_filtered+fry_rank_217+grade3_week4_item3
earth,218,,3,0,n,tier2_fry_filtered+fry_rank_218+grade3_week4_item4
thought,221,,3,0,n,tier2_fry_filtered+fry_rank_221+grade3_week5_item2
story,224,,3,0,adj,tier2_fry_filtered+fry_rank_224+grade3_week5_item5
along,230,,3,0,n,tier2_fry_filtered+fry_rank_230+grade3_week7_item1
close,232,,3,0,v,tier2_fry_filtered+fry_rank_232+grade3_week7_item3
something,233,,3,0,v,tier2_fry_filtered+fry_rank_233+grade3_week7_item4
seem,234,,3,0,v,tier2_fry_filtered+fry_rank_234+grade3_week7_item5
next,235,,3,0,n,tier2_fry_filtered+fry_rank_235+grade3_week1_item7
example,238,,3,0,n,tier2_fry_filtered+fry_rank_238+grade3_week8_item4
begin,239,,3,0,v,tier2_fry_filtered+fry_rank_239+grade3_week8_item5
paper,244,,3,0,n,tier2_fry_filtered+fry_rank_244+grade3_week9_item5
often,248,,3,0,adv,tier2_fry_filtered+fry_rank_248+grade3_week10_item4
important,250,,3,0,adj,tier2_fry_filtered+fry_rank_250+grade3_week11_item1
until,251,,3,0,conj,tier2_fry_filtered+fry_rank_251+grade3_week25_item8
children,252,,3,0,n,tier2_fry_filtered+fry_rank_252+grade3_week11_item3
night,257,,3,0,n,tier2_fry_filtered+fry_rank_257+grade3_week12_item3
sea,260,,3,0,n,tier2_fry_filtered+fry_rank_260+grade3_week13_item1
began,261,,3,0,v,tier2_fry_filtered+fry_rank_261+grade3_week13_item2
river,264,,3,0,n,tier2_fry_filtered+fry_rank_264+grade3_week13_item5
state,267,,3,0,n,tier2_fry_filtered+fry_rank_267+grade3_week35_item16
book,269,,3,0,n,tier2_fry_filtered+fry_rank_269+grade3_week14_item5
hear,270,,3,0,v,tier2_fry_filtered+fry_rank_270+grade3_week19_item7
without,272,,3,0,prep,tier2_fry_filtered+fry_rank_272+grade3_week15_item3
miss,275,,3,0,n,tier2_fry_filtered+fry_rank_275+grade3_week16_item1
idea,276,,3,0,n,tier2_fry_filtered+fry_rank_276+grade3_week16_item2
watch,280,,3,0,v,tier2_fry_filtered+fry_rank_280+grade3_week8_item8
real,283,,3,0,adj,tier2_fry_filtered+fry_rank_283+grade3_week17_item4
almost,284,,3,0,adv,tier2_fry_filtered+fry_rank_284+grade3_week17_item5
sometimes,288,,3,0,n,tier2_fry_filtered+fry_rank_288+grade3_week18_item4
young,291,,3,0,adj,tier2_fry_filtered+fry_rank_291+grade3_week19_item2
talk,292,,3,0,v,tier2_fry_filtered+fry_rank_292+grade3_week19_item3
list,294,,3,0,n,tier2_fry_filtered+fry_rank_294+grade3_week19_item5
being,296,,3,0,v,tier2_fry_filtered+fry_rank_296+grade3_week20_item2
leave,297,,3,0,v,tier2_fry_filtered+fry_rank_297+grade3_week20_item3
family,298,,3,0,n,tier2_fry_filtered+fry_rank_298+grade3_week26_item9
it's,299,,3,0,pron,tier2_fry_filtered+fry_rank_299+grade3_week20_item5
music,302,,3,0,adj,tier2_fry_filtered+fry_rank_302+grade3_week26_item3
stand,304,,3,0,v,tier2_fry_filtered+fry_rank_304+grade3_week1_item11
questions,306,,3,0,n,tier2_fry_filtered+fry_rank_306+grade_estimated_from_fry_rank
area,308,,3,0,n,tier2_fry_filtered+fry_rank_308+grade3_week2_item13
mark,309,,3,0,n,tier2_fry_filtered+fry_rank_309+grade_estimated_from_fry_rank
horse,311,,3,0,n,tier2_fry_filtered+fry_rank_311+grade3_week18_item9
birds,312,,3,0,n,tier2_fry_filtered+fry_rank_312+grade3_week15_item5
didn't,322,,3,0,v,tier2_fry_filtered+fry_rank_322+grade3_week33_item3
friends,323,,3,0,n,tier2_fry_filtered+fry_rank_323+grade_estimated_from_fry_rank
easy,324,,3,0,adj,tier2_fry_filtered+fry_rank_324+grade3_week3_item11
however,339,,3,0,adv,tier2_fry_filtered+fry_rank_339+grade3_week13_item7
hours,341,,3,0,n,tier2_fry_filtered+fry_rank_341+grade_estimated_from_fry_rank
products,343,,3,0,n,tier2_fry_filtered+fry_rank_343+grade_estimated_from_fry_rank
measure,346,,3,0,v,tier2_fry_filtered+fry_rank_346+grade_estimated_from_fry_rank
waves,349,,3,0,n,tier2_fry_filtered+fry_rank_349+grade_estimated_from_fry_rank
reached,350,,3,0,v,tier2_fry_filtered+fry_rank_350+grade3_week3_item7
space,354,,3,0,n,tier2_fry_filtered+fry_rank_354+grade3_week10_item6
morning,363,,3,0,v,tier2_fry_filtered+fry_rank_363+grade3_week18_item10
passed,364,,3,0,v,tier2_fry_filtered+fry_rank_364+grade_estimated_from_fry_rank
hundred,367,,3,0,v,tier2_fry_filtered+fry_rank_367+grade3_week5_item12
numeral,370,,3,0,adj,tier2_fry_filtered+fry_rank_370+grade_estimated_from_fry_rank
table,371,,3,0,adj,tier2_fry_filtered+fry_rank_371+grade3_week10_item5
north,372,,3,0,n,tier2_fry_filtered+fry_rank_372+grade3_week14_item3
pulled,377,,3,0,v,tier2_fry_filtered+fry_rank_377+grade3_week19_item4
voice,379,,3,0,n,tier2_fry_filtered+fry_rank_379+grade3_week12_item7
cried,382,,3,0,v,tier2_fry_filtered+fry_rank_382+grade3_week6_item1
notice,384,,3,0,n,tier2_fry_filtered+fry_rank_384+grade_estimated_from_fry_rank
south,385,,3,0,n,tier2_fry_filtered+fry_rank_385+grade3_week15_item1
war,387,,3,0,n,tier2_fry_filtered+fry_rank_387+grade3_week18_item8
ground,388,,3,0,n,tier2_fry_filtered+fry_rank_388+grade3_week13_item11
i'll,392,,3,0,v,tier2_fry_filtered+fry_rank_392+grade3_week34_item2
travel,397,,3,0,n,tier2_fry_filtered+fry_rank_397+grade3_week3_item15
correct,411,,3,0,n,tier2_fry_filtered+fry_rank_411+grade3_week22_item2
person,414,,3,0,n,tier2_fry_filtered+fry_rank_414+grade3_week21_item8
minutes,417,,3,0,n,tier2_fry_filtered+fry_rank_417+grade_estimated_from_fry_rank
strong,418,,3,0,adj,tier2_fry_filtered+fry_rank_418+grade3_week5_item4
verb,419,,3,1,n,tier2_fry_filtered+fry_rank_419+grade3_week19_item1
stars,420,,3,0,n,tier2_fry_filtered+fry_rank_420+grade3_week16_item7
front,421,,3,0,n,tier2_fry_filtered+fry_rank_421+grade3_week2_item9
fact,423,,3,0,n,tier2_fry_filtered+fry_rank_423+grade_estimated_from_fry_rank
inches,424,,3,0,n,tier2_fry_filtered+fry_rank_424+grade3_week2_item11
street,425,,3,0,n,tier2_fry_filtered+fry_rank_425+grade3_week5_item9
decided,426,,3,0,v,tier2_fry_filtered+fry_rank_426+grade_estimated_from_fry_rank
class,433,,3,0,n,tier2_fry_filtered+fry_rank_433+grade_estimated_from_fry_rank
nothing,435,,3,0,v,tier2_fry_filtered+fry_rank_435+grade3_week5_item15
carefully,437,,3,0,adv,tier2_fry_filtered+fry_rank_437+grade3_week29_item11
wheels,440,,3,0,n,tier2_fry_filtered+fry_rank_440+grade_estimated_from_fry_rank
known,443,,3,0,v,tier2_fry_filtered+fry_rank_443+grade3_week6_item6
base,448,,3,0,n,tier2_fry_filtered+fry_rank_448+grade3_week2_item3
behind,453,,3,0,prep,tier2_fry_filtered+fry_rank_453+grade3_week26_item5
common,462,,3,0,adj,tier2_fry_filtered+fry_rank_462+grade3_week22_item6
thousands,470,,3,0,n,tier2_fry_filtered+fry_rank_470+grade_estimated_from_fry_rank
clear,472,,3,0,n,tier2_fry_filtered+fry_rank_472+grade3_week20_item12
yet,474,,3,0,conj,tier2_fry_filtered+fry_rank_474+grade_estimated_from_fry_rank
government,475,,3,0,n,tier2_fry_filtered+fry_rank_475+grade3_week35_item14
object,481,,3,0,n,tier2_fry_filtered+fry_rank_481+grade3_week13_item16
rule,483,,3,0,n,tier2_fry_filtered+fry_rank_483+grade3_week26_item2
among,484,,3,0,prep,tier2_fry_filtered+fry_rank_484+grade3_week17_item1
noun,485,,3,1,n,tier2_fry_filtered+fry_rank_485+grade3_week20_item4
cannot,487,,3,0,n,tier2_fry_filtered+fry_rank_487+grade3_week11_item2
material,493,,3,0,adj,tier2_fry_filtered+fry_rank_493+grade3_week8_item13
fine,496,,3,0,adj,tier2_fry_filtered+fry_rank_496+grade_estimated_from_fry_rank
can't,501,,3,0,v,tier2_fry_filtered+fry_rank_501+grade3_week9_item1
suddenly,508,,3,0,adv,tier2_fry_filtered+fry_rank_508+grade3_week30_item2
center,511,,3,0,n,tier2_fry_filtered+fry_rank_511+grade3_week35_item5
general,516,,3,0,adj,tier2_fry_filtered+fry_rank_516+grade3_week31_item16
dance,524,,3,0,v,tier2_fry_filtered+fry_rank_524+grade3_week10_item15
picked,526,,3,0,v,tier2_fry_filtered+fry_rank_526+grade3_week12_item5
difference,542,,3,0,n,tier2_fry_filtered+fry_rank_542+grade3_week29_item15
sum,546,,3,0,n,tier2_fry_filtered+fry_rank_546+grade3_week31_item15
forest,549,,3,0,n,tier2_fry_filtered+fry_rank_549+grade3_week21_item16
main,553,,3,0,adj,tier2_fry_filtered+fry_rank_553+grade3_week35_item4
winter,554,,3,0,n,tier2_fry_filtered+fry_rank_554+grade3_week25_item1
brother,562,,3,0,n,tier2_fry_filtered+fry_rank_562+grade3_week26_item10
beautiful,565,,3,0,adj,tier2_fry_filtered+fry_rank_565+grade3_week29_item1
sign,570,,3,0,n,tier2_fry_filtered+fry_rank_570+grade3_week4_item9
happy,575,,3,0,adj,tier2_fry_filtered+fry_rank_575+grade3_week22_item4
west,581,,3,0,n,tier2_fry_filtered+fry_rank_581+grade3_week1_item4
whether,593,,3,0,conj,tier2_fry_filtered+fry_rank_593+grade3_week35_item9
held,598,,3,0,v,tier2_fry_filtered+fry_rank_598+grade3_week12_item1
cross,601,,3,0,n,tier2_fry_filtered+fry_rank_601+grade3_week12_item2
village,610,,3,0,n,tier2_fry_filtered+fry_rank_610+grade3_week7_item13
jumped,613,,3,0,v,tier2_fry_filtered+fry_rank_613+grade3_week23_item11
floor,617,,3,0,n,tier2_fry_filtered+fry_rank_617+grade3_week16_item5
pushed,619,,3,0,v,tier2_fry_filtered+fry_rank_619+grade3_week9_item6
copy,631,,3,0,n,tier2_fry_filtered+fry_rank_631+grade3_week16_item3
hope,633,,3,0,v,tier2_fry_filtered+fry_rank_633+grade3_week4_item5
laughed,636,,3,0,v,tier2_fry_filtered+fry_rank_636+grade3_week7_item6
nation,637,,3,0,n,tier2_fry_filtered+fry_rank_637+grade3_week28_item8
temperature,641,,3,1,n,tier2_fry_filtered+fry_rank_641+grade3_week29_item14
everyone,644,,3,0,pron,tier2_fry_filtered+fry_rank_644+grade3_week24_item5
hair,651,,3,0,n,tier2_fry_filtered+fry_rank_651+grade3_week20_item10
amount,653,,3,0,n,tier2_fry_filtered+fry_rank_653+grade3_week5_item16
pounds,655,,3,0,n,tier2_fry_filtered+fry_rank_655+grade3_week13_item12
tiny,660,,3,0,adj,tier2_fry_filtered+fry_rank_660+grade3_week4_item10
milk,663,,3,0,n,tier2_fry_filtered+fry_rank_663+grade3_week6_item3
quiet,664,,3,0,adj,tier2_fry_filtered+fry_rank_664+grade3_week24_item12
natural,665,,3,0,adj,tier2_fry_filtered+fry_rank_665+grade3_week33_item13
stone,667,,3,0,n,tier2_fry_filtered+fry_rank_667+grade3_week4_item6
middle,670,,3,0,n,tier2_fry_filtered+fry_rank_670+grade3_week36_item7
bear,677,,3,0,n,tier2_fry_filtered+fry_rank_677+grade3_week19_item9
fraction,681,,3,1,n,tier2_fry_filtered+fry_rank_681+grade3_week20_item13
poor,688,,3,0,adj,tier2_fry_filtered+fry_rank_688+grade3_week16_item4
let's,689,,3,0,v,tier2_fry_filtered+fry_rank_689+grade3_week6_item4
dress,697,,3,0,n,tier2_fry_filtered+fry_rank_697+grade3_week1_item5
iron,698,,3,0,n,tier2_fry_filtered+fry_rank_698+grade3_week8_item16
least,702,,3,0,n,tier2_fry_filtered+fry_rank_702+grade3_week5_item11
shouted,706,,3,0,v,tier2_fry_filtered+fry_rank_706+grade3_week13_item3
else,709,,3,0,n,tier2_fry_filtered+fry_rank_709+grade3_week1_item8
plains,710,,3,0,n,tier2_fry_filtered+fry_rank_710+grade3_week10_item16
you're,720,,3,0,v,tier2_fry_filtered+fry_rank_720+grade3_week33_item5
cloud,730,,3,0,n,tier2_fry_filtered+fry_rank_730+grade3_week8_item1
save,736,,3,0,v,tier2_fry_filtered+fry_rank_736+grade3_week3_item1
engine,738,,3,0,n,tier2_fry_filtered+fry_rank_738+grade3_week11_item9
east,741,,3,0,n,tier2_fry_filtered+fry_rank_741+grade3_week5_item13
express,746,,3,0,n,tier2_fry_filtered+fry_rank_746+grade3_week6_item16
yard,748,,3,0,n,tier2_fry_filtered+fry_rank_748+grade3_week2_item12
decimal,750,,3,1,n,tier2_fry_filtered+fry_rank_750+grade3_week27_item15
party,759,,3,0,n,tier2_fry_filtered+fry_rank_759+grade3_week16_item10
choose,767,,3,0,n,tier2_fry_filtered+fry_rank_767+grade3_week15_item7
visit,769,,3,0,v,tier2_fry_filtered+fry_rank_769+grade3_week23_item16
whose,771,,3,0,det,tier2_fry_filtered+fry_rank_771+grade3_week25_item16
garden,773,,3,0,n,tier2_fry_filtered+fry_rank_773+grade3_week25_item4
child,784,,3,0,n,tier2_fry_filtered+fry_rank_784+grade3_week8_item2
desert,785,,3,0,n,tier2_fry_filtered+fry_rank_785+grade3_week21_item12
history,787,,3,0,adj,tier2_fry_filtered+fry_rank_787+grade3_week7_item12
uncle,793,,3,0,n,tier2_fry_filtered+fry_rank_793+grade3_week36_item11
hunting,794,,3,0,v,tier2_fry_filtered+fry_rank_794+grade3_week28_item7
lady,796,,3,0,n,tier2_fry_filtered+fry_rank_796+grade3_week7_item7
feeling,800,,3,0,v,tier2_fry_filtered+fry_rank_800+grade3_week31_item8
electric,803,,3,1,adj,tier2_fry_filtered+fry_rank_803+grade3_week4_item14
won't,812,,3,0,v,tier2_fry_filtered+fry_rank_812+grade3_week33_item10
board,816,,3,0,n,tier2_fry_filtered+fry_rank_816+grade3_week20_item9
wasn't,820,,3,0,v,tier2_fry_filtered+fry_rank_820+grade3_week33_item16
belong,823,,3,0,v,tier2_fry_filtered+fry_rank_823+grade3_week26_item8
safe,824,,3,0,adj,tier2_fry_filtered+fry_rank_824+grade3_week3_item5
trade,828,,3,0,n,tier2_fry_filtered+fry_rank_828+grade3_week4_item1
compare,830,,3,0,v,tier2_fry_filtered+fry_rank_830+grade3_week27_item14
thick,851,,3,0,adj,tier2_fry_filtered+fry_rank_851+grade3_week23_item1
blood,852,,3,0,n,tier2_fry_filtered+fry_rank_852+grade3_week18_item16
position,861,,3,0,n,tier2_fry_filtered+fry_rank_861+grade3_week22_item12
tied,864,,3,0,v,tier2_fry_filtered+fry_rank_864+grade3_week10_item2
stream,871,,3,0,n,tier2_fry_filtered+fry_rank_871+grade3_week5_item8
planets,872,,3,1,n,tier2_fry_filtered+fry_rank_872+grade3_week19_item14
science,875,,3,1,n,tier2_fry_filtered+fry_rank_875+grade3_week4_item15
tube,878,,3,0,n,tier2_fry_filtered+fry_rank_878+grade3_week31_item12
army,884,,3,0,n,tier2_fry_filtered+fry_rank_884+grade3_week25_item2
swim,888,,3,0,n,tier2_fry_filtered+fry_rank_888+grade3_week35_item2
terms,889,,3,0,n,tier2_fry_filtered+fry_rank_889+grade3_week21_item9
current,890,,3,0,adj,tier2_fry_filtered+fry_rank_890+grade3_week4_item13
shoulder,893,,3,0,n,tier2_fry_filtered+fry_rank_893+grade3_week9_item12
wife,899,,3,0,n,tier2_fry_filtered+fry_rank_899+grade3_week11_item4
sharp,900,,3,0,n,tier2_fry_filtered+fry_rank_900+grade3_week9_item7
we'll,903,,3,0,v,tier2_fry_filtered+fry_rank_903+grade3_week34_item1
action,904,,3,0,n,tier2_fry_filtered+fry_rank_904+grade3_week28_item5
settled,907,,3,0,v,tier2_fry_filtered+fry_rank_907+grade3_week27_item6
isn't,909,,3,0,v,tier2_fry_filtered+fry_rank_909+grade3_week33_item4
chance,916,,3,0,n,tier2_fry_filtered+fry_rank_916+grade3_week8_item6
born,917,,3,0,n,tier2_fry_filtered+fry_rank_917+grade3_week18_item2
church,925,,3,0,n,tier2_fry_filtered+fry_rank_925+grade3_week21_item3
sister,926,,3,0,n,tier2_fry_filtered+fry_rank_926+grade3_week35_item8
wrong,932,,3,0,adj,tier2_fry_filtered+fry_rank_932+grade3_week6_item9
especially,940,,3,0,adv,tier2_fry_filtered+fry_rank_940+grade3_week30_item5
shoes,941,,3,0,n,tier2_fry_filtered+fry_rank_941+grade3_week9_item11
actually,942,,3,0,adv,tier2_fry_filtered+fry_rank_942+grade3_week30_item3
sugar,946,,3,0,n,tier2_fry_filtered+fry_rank_946+grade3_week20_item1
office,949,,3,0,n,tier2_fry_filtered+fry_rank_949+grade3_week10_item9
gun,951,,3,0,n,tier2_fry_filtered+fry_rank_951+grade3_week5_item3
women,964,,3,0,n,tier2_fry_filtered+fry_rank_964+grade3_week8_item15
bought,965,,3,0,v,tier2_fry_filtered+fry_rank_965+grade3_week7_item2
match,972,,3,0,v,tier2_fry_filtered+fry_rank_972+grade3_week8_item7
steel,975,,3,0,n,tier2_fry_filtered+fry_rank_975+grade3_week8_item10
total,976,,3,0,adj,tier2_fry_filtered+fry_rank_976+grade3_week36_item1
smell,988,,3,0,n,tier2_fry_filtered+fry_rank_988+grade3_week18_item3
sir,995,,3,0,n,tier2_fry_filtered+fry_rank_995+grade3_week15_item2
sentence,122,,4,1,n,tier2_fry_filtered+fry_rank_122+grade4_week10_item8
complete,314,,4,0,adj,tier2_fry_filtered+fry_rank_314+grade4_week2_item4
since,317,,4,0,conj,tier2_fry_filtered+fry_rank_317+grade4_week2_item7
piece,319,,4,0,n,tier2_fry_filtered+fry_rank_319+grade4_week2_item9
usually,321,,4,0,adv,tier2_fry_filtered+fry_rank_321+grade4_week3_item1
heard,325,,4,0,v,tier2_fry_filtered+fry_rank_325+grade4_week3_item5
order,326,,4,0,n,tier2_fry_filtered+fry_rank_326+grade4_week3_item6
become,330,,4,0,v,tier2_fry_filtered+fry_rank_330+grade4_week3_item10
across,333,,4,0,prep,tier2_fry_filtered+fry_rank_333+grade4_week4_item3
during,335,,4,0,prep,tier2_fry_filtered+fry_rank_335+grade4_week4_item5
happened,344,,4,0,v,tier2_fry_filtered+fry_rank_344+grade4_week5_item4
remember,347,,4,0,v,tier2_fry_filtered+fry_rank_347+grade4_week5_item7
early,348,,4,0,adv,tier2_fry_filtered+fry_rank_348+grade4_week5_item8
covered,355,,4,0,v,tier2_fry_filtered+fry_rank_355+grade4_week6_item5
several,357,,4,0,adj,tier2_fry_filtered+fry_rank_357+grade4_week6_item7
toward,360,,4,0,prep,tier2_fry_filtered+fry_rank_360+grade4_week6_item10
vowel,365,,4,1,n,tier2_fry_filtered+fry_rank_365+grade4_week7_item5
against,368,,4,0,prep,tier2_fry_filtered+fry_rank_368+grade4_week7_item8
pattern,369,,4,0,n,tier2_fry_filtered+fry_rank_369+grade4_week7_item18
slowly,373,,4,0,adv,tier2_fry_filtered+fry_rank_373+grade4_week8_item3
figure,394,,4,0,n,tier2_fry_filtered+fry_rank_394+grade4_week9_item15
certain,395,,4,0,adj,tier2_fry_filtered+fry_rank_395+grade4_week1_item12
field,396,,4,0,n,tier2_fry_filtered+fry_rank_396+grade4_week10_item6
half,404,,4,0,n,tier2_fry_filtered+fry_rank_404+grade4_week11_item4
finally,409,,4,0,adv,tier2_fry_filtered+fry_rank_409+grade4_week11_item9
became,415,,4,0,v,tier2_fry_filtered+fry_rank_415+grade4_week12_item5
shown,416,,4,0,v,tier2_fry_filtered+fry_rank_416+grade4_week12_item6
contain,427,,4,0,v,tier2_fry_filtered+fry_rank_427+grade4_week13_item7
course,428,,4,0,n,tier2_fry_filtered+fry_rank_428+grade4_week13_item8
surface,429,,4,0,n,tier2_fry_filtered+fry_rank_429+grade4_week13_item9
produce,430,,4,0,v,tier2_fry_filtered+fry_rank_430+grade4_week13_item10
building,431,,4,0,v,tier2_fry_filtered+fry_rank_431+grade4_week14_item1
scientist,438,,4,1,n,tier2_fry_filtered+fry_rank_438+grade4_week14_item8
inside,439,,4,0,prep,tier2_fry_filtered+fry_rank_439+grade4_week14_item9
island,444,,4,0,n,tier2_fry_filtered+fry_rank_444+grade4_week15_item4
machine,447,,4,0,n,tier2_fry_filtered+fry_rank_447+grade4_week15_item7
system,452,,4,0,n,tier2_fry_filtered+fry_rank_452+grade4_week16_item2
brought,459,,4,0,n,tier2_fry_filtered+fry_rank_459+grade4_week16_item9
understand,460,,4,0,n,tier2_fry_filtered+fry_rank_460+grade4_week16_item10
explain,464,,4,0,v,tier2_fry_filtered+fry_rank_464+grade4_week17_item4
language,467,,4,1,n,tier2_fry_filtered+fry_rank_467+grade4_week17_item7
equation,473,,4,1,n,tier2_fry_filtered+fry_rank_473+grade4_week18_item3
filled,476,,4,0,v,tier2_fry_filtered+fry_rank_476+grade4_week18_item6
special,494,,4,0,adj,tier2_fry_filtered+fry_rank_494+grade4_week20_item4
heavy,495,,4,0,n,tier2_fry_filtered+fry_rank_495+grade4_week20_item5
include,499,,4,0,v,tier2_fry_filtered+fry_rank_499+grade4_week20_item9
syllables,504,,4,1,n,tier2_fry_filtered+fry_rank_504+grade_estimated_from_fry_rank
perhaps,505,,4,0,adv,tier2_fry_filtered+fry_rank_505+grade4_week21_item5
farmers,512,,4,0,n,tier2_fry_filtered+fry_rank_512+grade_estimated_from_fry_rank
ready,513,,4,0,n,tier2_fry_filtered+fry_rank_513+grade4_week22_item3
anything,514,,4,0,v,tier2_fry_filtered+fry_rank_514+grade4_week22_item4
divided,515,,4,0,v,tier2_fry_filtered+fry_rank_515+grade_estimated_from_fry_rank
energy,517,,4,1,n,tier2_fry_filtered+fry_rank_517+grade4_week20_item19
subject,518,,4,0,n,tier2_fry_filtered+fry_rank_518+grade4_week22_item8
region,521,,4,0,n,tier2_fry_filtered+fry_rank_521+grade4_week23_item1
return,522,,4,0,n,tier2_fry_filtered+fry_rank_522+grade4_week23_item2
believe,523,,4,0,v,tier2_fry_filtered+fry_rank_523+grade4_week23_item3
members,525,,4,0,n,tier2_fry_filtered+fry_rank_525+grade_estimated_from_fry_rank
cells,528,,4,1,n,tier2_fry_filtered+fry_rank_528+grade_estimated_from_fry_rank
exercise,534,,4,0,n,tier2_fry_filtered+fry_rank_534+grade4_week24_item4
train,536,,4,0,n,tier2_fry_filtered+fry_rank_536+grade4_week24_item6
developed,540,,4,0,v,tier2_fry_filtered+fry_rank_540+grade_estimated_from_fry_rank
window,541,,4,0,n,tier2_fry_filtered+fry_rank_541+grade4_week25_item1
heart,544,,4,0,n,tier2_fry_filtered+fry_rank_544+grade4_week25_item4
probably,550,,4,0,adv,tier2_fry_filtered+fry_rank_550+grade4_week25_item10
written,556,,4,0,n,tier2_fry_filtered+fry_rank_556+grade4_week26_item6
reason,558,,4,0,n,tier2_fry_filtered+fry_rank_558+grade4_week26_item8
kept,559,,4,0,v,tier2_fry_filtered+fry_rank_559+grade4_week26_item9
interest,560,,4,0,n,tier2_fry_filtered+fry_rank_560+grade4_week26_item10
present,564,,4,0,adj,tier2_fry_filtered+fry_rank_564+grade4_week27_item4
finished,572,,4,0,v,tier2_fry_filtered+fry_rank_572+grade_estimated_from_fry_rank
discovered,573,,4,0,v,tier2_fry_filtered+fry_rank_573+grade_estimated_from_fry_rank
wild,574,,4,0,adj,tier2_fry_filtered+fry_rank_574+grade_estimated_from_fry_rank
beside,576,,4,0,prep,tier2_fry_filtered+fry_rank_576+grade4_week28_item6
million,580,,4,0,n,tier2_fry_filtered+fry_rank_580+grade4_week28_item10
instruments,585,,4,1,n,tier2_fry_filtered+fry_rank_585+grade4_week12_item18
raised,590,,4,0,v,tier2_fry_filtered+fry_rank_590+grade_estimated_from_fry_rank
represent,591,,4,0,v,tier2_fry_filtered+fry_rank_591+grade4_week35_item19
clothes,594,,4,0,n,tier2_fry_filtered+fry_rank_594+grade4_week30_item4
flowers,595,,4,0,n,tier2_fry_filtered+fry_rank_595+grade_estimated_from_fry_rank
describe,599,,4,0,v,tier2_fry_filtered+fry_rank_599+grade4_week30_item9
solve,603,,4,0,v,tier2_fry_filtered+fry_rank_603+grade4_week31_item3
appear,604,,4,0,v,tier2_fry_filtered+fry_rank_604+grade_estimated_from_fry_rank
metal,605,,4,0,adj,tier2_fry_filtered+fry_rank_605+grade4_week31_item10
son,606,,4,0,n,tier2_fry_filtered+fry_rank_606+grade_estimated_from_fry_rank
either,607,,4,0,det,tier2_fry_filtered+fry_rank_607+grade4_week31_item7
factors,611,,4,0,n,tier2_fry_filtered+fry_rank_611+grade_estimated_from_fry_rank
result,612,,4,0,n,tier2_fry_filtered+fry_rank_612+grade4_week32_item2
century,622,,4,0,n,tier2_fry_filtered+fry_rank_622+grade4_week33_item2
outside,623,,4,0,prep,tier2_fry_filtered+fry_rank_623+grade4_week33_item3
everything,624,,4,0,v,tier2_fry_filtered+fry_rank_624+grade4_week33_item4
already,626,,4,0,adv,tier2_fry_filtered+fry_rank_626+grade4_week33_item6
instead,627,,4,0,adv,tier2_fry_filtered+fry_rank_627+grade4_week33_item7
phrase,628,,4,1,n,tier2_fry_filtered+fry_rank_628+grade4_week33_item8
quite,638,,4,0,adv,tier2_fry_filtered+fry_rank_638+grade4_week34_item8
type,639,,4,0,n,tier2_fry_filtered+fry_rank_639+grade4_week34_item9
themselves,640,,4,0,n,tier2_fry_filtered+fry_rank_640+grade4_week34_item10
section,646,,4,0,n,tier2_fry_filtered+fry_rank_646+grade4_week35_item6
lake,647,,4,0,n,tier2_fry_filtered+fry_rank_647+grade_estimated_from_fry_rank
within,649,,4,0,prep,tier2_fry_filtered+fry_rank_649+grade4_week35_item1
dictionary,650,,4,1,n,tier2_fry_filtered+fry_rank_650+grade4_week35_item10
although,656,,4,0,conj,tier2_fry_filtered+fry_rank_656+grade4_week36_item6
per,657,,4,0,n,tier2_fry_filtered+fry_rank_657+grade_estimated_from_fry_rank
broken,658,,4,0,adj,tier2_fry_filtered+fry_rank_658+grade4_week36_item8
moment,659,,4,0,n,tier2_fry_filtered+fry_rank_659+grade4_week36_item9
speed,671,,4,0,v,tier2_fry_filtered+fry_rank_671+grade4_week1_item4
rolled,676,,4,0,v,tier2_fry_filtered+fry_rank_676+grade4_week1_item1
smiled,679,,4,0,v,tier2_fry_filtered+fry_rank_679+grade_estimated_from_fry_rank
angle,680,,4,1,n,tier2_fry_filtered+fry_rank_680+grade4_week27_item16
died,693,,4,0,v,tier2_fry_filtered+fry_rank_693+grade_estimated_from_fry_rank
couldn't,699,,4,0,v,tier2_fry_filtered+fry_rank_699+grade4_week1_item5
fingers,700,,4,0,n,tier2_fry_filtered+fry_rank_700+grade_estimated_from_fry_rank
catch,703,,4,0,v,tier2_fry_filtered+fry_rank_703+grade4_week1_item7
climbed,704,,4,0,v,tier2_fry_filtered+fry_rank_704+grade_estimated_from_fry_rank
continued,707,,4,0,v,tier2_fry_filtered+fry_rank_707+grade_estimated_from_fry_rank
itself,708,,4,0,pron,tier2_fry_filtered+fry_rank_708+grade4_week1_item8
burning,713,,4,0,v,tier2_fry_filtered+fry_rank_713+grade_estimated_from_fry_rank
joined,715,,4,0,v,tier2_fry_filtered+fry_rank_715+grade4_week23_item4
president,726,,4,0,adj,tier2_fry_filtered+fry_rank_726+grade4_week32_item19
symbols,733,,4,0,n,tier2_fry_filtered+fry_rank_733+grade_estimated_from_fry_rank
experiment,737,,4,0,n,tier2_fry_filtered+fry_rank_737+grade_estimated_from_fry_rank
alone,739,,4,0,n,tier2_fry_filtered+fry_rank_739+grade4_week19_item7
drawing,740,,4,0,v,tier2_fry_filtered+fry_rank_740+grade_estimated_from_fry_rank
yourself,751,,4,0,pron,tier2_fry_filtered+fry_rank_751+grade4_week2_item1
control,752,,4,0,v,tier2_fry_filtered+fry_rank_752+grade4_week30_item15
maybe,789,,4,0,adv,tier2_fry_filtered+fry_rank_789+grade4_week2_item2
corner,802,,4,0,n,tier2_fry_filtered+fry_rank_802+grade4_week25_item7
rather,829,,4,0,adv,tier2_fry_filtered+fry_rank_829+grade4_week2_item5
crowd,831,,4,0,n,tier2_fry_filtered+fry_rank_831+grade4_week2_item6
except,836,,4,0,n,tier2_fry_filtered+fry_rank_836+grade4_week1_item3
movement,847,,4,0,n,tier2_fry_filtered+fry_rank_847+grade4_week6_item16
cattle,898,,4,0,n,tier2_fry_filtered+fry_rank_898+grade4_week15_item18
plural,928,,4,0,adj,tier2_fry_filtered+fry_rank_928+grade4_week29_item13
fresh,937,,4,0,adj,tier2_fry_filtered+fry_rank_937+grade4_week2_item8
score,954,,4,0,n,tier2_fry_filtered+fry_rank_954+grade4_week27_item2
forward,955,,4,0,adj,tier2_fry_filtered+fry_rank_955+grade4_week26_item2
determine,978,,4,0,v,tier2_fry_filtered+fry_rank_978+grade4_week7_item20
cotton,982,,4,0,n,tier2_fry_filtered+fry_rank_982+grade4_week2_item10
view,1000,,4,0,n,tier2_fry_filtered+fry_rank_1000+grade4_week9_item19
matter,502,,5,0,n,tier2_fry_filtered+fry_rank_502+grade5_week5_item17
consonant,648,,5,1,n,tier2_fry_filtered+fry_rank_648+grade5_week1_item16
possible,661,,5,0,adj,tier2_fry_filtered+fry_rank_661+grade5_week4_item13
someone,674,,5,0,pron,tier2_fry_filtered+fry_rank_674+grade5_week2_item4
wonder,678,,5,0,v,tier2_fry_filtered+fry_rank_678+grade5_week2_item8
killed,683,,5,0,v,tier2_fry_filtered+fry_rank_683+grade5_week3_item3
melody,684,,5,0,n,tier2_fry_filtered+fry_rank_684+grade5_week3_item4
bottom,685,,5,0,n,tier2_fry_filtered+fry_rank_685+grade5_week3_item5
surprise,691,,5,0,v,tier2_fry_filtered+fry_rank_691+grade5_week4_item1
exactly,695,,5,0,adv,tier2_fry_filtered+fry_rank_695+grade5_week4_item5
remain,696,,5,0,v,tier2_fry_filtered+fry_rank_696+grade5_week4_item6
wrote,705,,5,0,v,tier2_fry_filtered+fry_rank_705+grade5_week5_item5
design,714,,5,0,n,tier2_fry_filtered+fry_rank_714+grade5_week6_item3
valley,723,,5,0,n,tier2_fry_filtered+fry_rank_723+grade5_week7_item3
trouble,728,,5,0,n,tier2_fry_filtered+fry_rank_728+grade5_week7_item8
single,743,,5,0,adj,tier2_fry_filtered+fry_rank_743+grade5_week9_item3
information,745,,5,0,n,tier2_fry_filtered+fry_rank_745+grade5_week8_item10
practice,753,,5,0,v,tier2_fry_filtered+fry_rank_753+grade5_week10_item3
straight,755,,5,0,n,tier2_fry_filtered+fry_rank_755+grade5_week10_item5
statement,757,,5,0,n,tier2_fry_filtered+fry_rank_757+grade5_week10_item7
suppose,761,,5,0,n,tier2_fry_filtered+fry_rank_761+grade5_week11_item1
coast,763,,5,0,n,tier2_fry_filtered+fry_rank_763+grade5_week11_item3
period,765,,5,0,n,tier2_fry_filtered+fry_rank_765+grade5_week11_item5
received,772,,5,0,v,tier2_fry_filtered+fry_rank_772+grade_estimated_from_fry_rank
strange,775,,5,0,n,tier2_fry_filtered+fry_rank_775+grade5_week12_item5
caught,776,,5,0,v,tier2_fry_filtered+fry_rank_776+grade5_week12_item6
captain,780,,5,0,n,tier2_fry_filtered+fry_rank_780+grade5_week12_item10
direct,781,,5,0,adj,tier2_fry_filtered+fry_rank_781+grade5_week13_item1
increase,786,,5,0,v,tier2_fry_filtered+fry_rank_786+grade5_week13_item6
business,790,,5,0,n,tier2_fry_filtered+fry_rank_790+grade5_week13_item10
separate,791,,5,0,adj,tier2_fry_filtered+fry_rank_791+grade5_week13_item11
students,797,,5,0,n,tier2_fry_filtered+fry_rank_797+grade_estimated_from_fry_rank
human,798,,5,0,adj,tier2_fry_filtered+fry_rank_798+grade5_week14_item8
supply,801,,5,0,v,tier2_fry_filtered+fry_rank_801+grade5_week15_item1
insects,804,,5,0,n,tier2_fry_filtered+fry_rank_804+grade_estimated_from_fry_rank
crops,805,,5,0,n,tier2_fry_filtered+fry_rank_805+grade_estimated_from_fry_rank
doctor,809,,5,0,n,tier2_fry_filtered+fry_rank_809+grade5_week15_item7
provide,810,,5,0,n,tier2_fry_filtered+fry_rank_810+grade5_week15_item8
thus,811,,5,0,adv,tier2_fry_filtered+fry_rank_811+grade5_week16_item1
tail,815,,5,0,n,tier2_fry_filtered+fry_rank_815+grade_estimated_from_fry_rank
modern,817,,5,0,adj,tier2_fry_filtered+fry_rank_817+grade5_week16_item7
compound,818,,5,0,n,tier2_fry_filtered+fry_rank_818+grade5_week16_item8
soldiers,825,,5,0,n,tier2_fry_filtered+fry_rank_825+grade5_week17_item5
silent,827,,5,0,adj,tier2_fry_filtered+fry_rank_827+grade5_week17_item7
poem,832,,5,0,n,tier2_fry_filtered+fry_rank_832+grade_estimated_from_fry_rank
enjoy,833,,5,0,v,tier2_fry_filtered+fry_rank_833+grade5_week18_item3
elements,834,,5,1,n,tier2_fry_filtered+fry_rank_834+grade_estimated_from_fry_rank
indicate,835,,5,0,v,tier2_fry_filtered+fry_rank_835+grade5_week18_item5
expect,837,,5,0,v,tier2_fry_filtered+fry_rank_837+grade5_week18_item7
interesting,840,,5,0,adj,tier2_fry_filtered+fry_rank_840+grade5_week18_item10
sense,841,,5,0,n,tier2_fry_filtered+fry_rank_841+grade5_week19_item1
famous,844,,5,0,adj,tier2_fry_filtered+fry_rank_844+grade5_week19_item4
exciting,849,,5,0,adj,tier2_fry_filtered+fry_rank_849+grade5_week19_item9
branches,850,,5,0,n,tier2_fry_filtered+fry_rank_850+grade5_week19_item10
consider,858,,5,0,v,tier2_fry_filtered+fry_rank_858+grade_estimated_from_fry_rank
suggested,859,,5,0,v,tier2_fry_filtered+fry_rank_859+grade5_week20_item9
entered,862,,5,0,v,tier2_fry_filtered+fry_rank_862+grade5_week21_item2
chief,869,,5,0,adj,tier2_fry_filtered+fry_rank_869+grade5_week21_item7
rhythm,873,,5,0,n,tier2_fry_filtered+fry_rank_873+grade5_week6_item19
major,876,,5,0,adj,tier2_fry_filtered+fry_rank_876+grade5_week22_item6
necessary,879,,5,0,adj,tier2_fry_filtered+fry_rank_879+grade5_week22_item9
lifted,882,,5,0,v,tier2_fry_filtered+fry_rank_882+grade_estimated_from_fry_rank
process,883,,5,0,n,tier2_fry_filtered+fry_rank_883+grade5_week10_item16
property,886,,5,0,n,tier2_fry_filtered+fry_rank_886+grade5_week19_item18
particular,887,,5,0,adj,tier2_fry_filtered+fry_rank_887+grade5_week23_item7
industry,894,,5,0,n,tier2_fry_filtered+fry_rank_894+grade5_week24_item4
company,901,,5,0,n,tier2_fry_filtered+fry_rank_901+grade5_week25_item1
radio,902,,5,0,n,tier2_fry_filtered+fry_rank_902+grade5_week25_item2
capital,905,,5,0,adj,tier2_fry_filtered+fry_rank_905+grade5_week25_item5
factories,906,,5,0,n,tier2_fry_filtered+fry_rank_906+grade_estimated_from_fry_rank
southern,910,,5,0,adj,tier2_fry_filtered+fry_rank_910+grade5_week25_item10
printed,913,,5,0,v,tier2_fry_filtered+fry_rank_913+grade5_week26_item3
wouldn't,914,,5,0,v,tier2_fry_filtered+fry_rank_914+grade5_week26_item4
ahead,915,,5,0,n,tier2_fry_filtered+fry_rank_915+grade5_week26_item5
level,918,,5,0,n,tier2_fry_filtered+fry_rank_918+grade5_week26_item8
triangle,919,,5,0,n,tier2_fry_filtered+fry_rank_919+grade_estimated_from_fry_rank
molecules,920,,5,1,n,tier2_fry_filtered+fry_rank_920+grade_estimated_from_fry_rank
repeated,922,,5,0,v,tier2_fry_filtered+fry_rank_922+grade5_week27_item2
column,923,,5,0,n,tier2_fry_filtered+fry_rank_923+grade5_week27_item3
western,924,,5,0,adj,tier2_fry_filtered+fry_rank_924+grade5_week27_item4
oxygen,927,,5,1,n,tier2_fry_filtered+fry_rank_927+grade5_week10_item19
various,929,,5,0,adj,tier2_fry_filtered+fry_rank_929+grade5_week27_item9
agreed,930,,5,0,v,tier2_fry_filtered+fry_rank_930+grade_estimated_from_fry_rank
opposite,931,,5,0,n,tier2_fry_filtered+fry_rank_931+grade5_week28_item1
prepared,934,,5,0,v,tier2_fry_filtered+fry_rank_934+grade_estimated_from_fry_rank
solution,936,,5,0,n,tier2_fry_filtered+fry_rank_936+grade5_week27_item19
afraid,944,,5,0,adj,tier2_fry_filtered+fry_rank_944+grade5_week29_item4
adjective,947,,5,1,n,tier2_fry_filtered+fry_rank_947+grade5_week29_item7
similar,952,,5,0,adj,tier2_fry_filtered+fry_rank_952+grade5_week30_item2
stretched,956,,5,0,v,tier2_fry_filtered+fry_rank_956+grade5_week30_item6
experienced,957,,5,0,v,tier2_fry_filtered+fry_rank_957+grade_estimated_from_fry_rank
allow,959,,5,0,v,tier2_fry_filtered+fry_rank_959+grade5_week30_item9
northern,968,,5,0,adj,tier2_fry_filtered+fry_rank_968+grade5_week31_item8
create,969,,5,0,n,tier2_fry_filtered+fry_rank_969+grade5_week31_item9
difficult,971,,5,0,n,tier2_fry_filtered+fry_rank_971+grade5_week32_item1
doesn't,974,,5,0,v,tier2_fry_filtered+fry_rank_974+grade_estimated_from_fry_rank
evening,979,,5,0,v,tier2_fry_filtered+fry_rank_979+grade5_week32_item9
nor,980,,5,0,conj,tier2_fry_filtered+fry_rank_980+grade_estimated_from_fry_rank
details,984,,5,0,n,tier2_fry_filtered+fry_rank_984+grade5_week33_item4
entire,985,,5,0,adj,tier2_fry_filtered+fry_rank_985+grade5_week33_item5
substances,987,,5,0,n,tier2_fry_filtered+fry_rank_987+grade5_week33_item7
tools,989,,5,0,n,tier2_fry_filtered+fry_rank_989+grade_estimated_from_fry_rank
conditions,990,,5,0,n,tier2_fry_filtered+fry_rank_990+grade5_week33_item10
track,992,,5,0,n,tier2_fry_filtered+fry_rank_992+grade5_week34_item2
arrived,993,,5,0,v,tier2_fry_filtered+fry_rank_993+grade_estimated_from_fry_rank
located,994,,5,0,v,tier2_fry_filtered+fry_rank_994+grade_estimated_from_fry_rank
effect,998,,5,0,n,tier2_fry_filtered+fry_rank_998+grade5_week34_item8
underline,999,,5,0,n,tier2_fry_filtered+fry_rank_999+grade5_week34_item9
mat,6,,1,0,n,elementary_fill+grade1+grade1_week1_item6
pan,16,,1,0,n,elementary_fill+grade1+grade1_week2_item8
cap,22,,1,0,n,elementary_fill+grade1+grade1_week3_item6
nap,23,,1,0,n,elementary_fill+grade1+grade1_week3_item7
tap,24,,1,0,n,elementary_fill+grade1+grade1_week3_item8
sack,30,,1,0,n,elementary_fill+grade1+grade1_week4_item6
snack,32,,1,0,n,elementary_fill+grade1+grade1_week4_item8
pit,36,,1,0,n,elementary_fill+grade1+grade1_week5_item4
pig,46,,1,0,n,elementary_fill+grade1+grade1_week6_item6
dig,47,,1,0,n,elementary_fill+grade1+grade1_week6_item7
wig,48,,1,0,n,elementary_fill+grade1+grade1_week6_item8
pin,53,,1,0,n,elementary_fill+grade1+grade1_week7_item5
spin,55,,1,0,n,elementary_fill+grade1+grade1_week7_item7
sick,61,,1,0,n,elementary_fill+grade1+grade1_week8_item5
kick,62,,1,0,n,elementary_fill+grade1+grade1_week8_item6
brick,63,,1,0,n,elementary_fill+grade1+grade1_week8_item7
pot,70,,1,0,n,elementary_fill+grade1+grade1_week9_item6
pop,75,,1,0,n,elementary_fill+grade1+grade1_week10_item3
mop,77,,1,0,n,elementary_fill+grade1+grade1_week10_item5
hop,79,,1,0,n,elementary_fill+grade1+grade1_week10_item7
mob,86,,1,0,n,elementary_fill+grade1+grade1_week11_item6
cob,87,,1,0,n,elementary_fill+grade1+grade1_week11_item7
rob,88,,1,0,n,elementary_fill+grade1+grade1_week11_item8
sock,93,,1,0,n,elementary_fill+grade1+grade1_week12_item5
clock,96,,1,0,n,elementary_fill+grade1+grade1_week12_item8
nut,102,,1,0,n,elementary_fill+grade1+grade1_week13_item6
hut,103,,1,0,n,elementary_fill+grade1+grade1_week13_item7
shut,104,,1,0,n,elementary_fill+grade1+grade1_week13_item8
bug,109,,1,0,n,elementary_fill+grade1+grade1_week14_item5
hug,110,,1,0,n,elementary_fill+grade1+grade1_week14_item6
rug,111,,1,0,n,elementary_fill+grade1+grade1_week14_item7
mug,112,,1,0,n,elementary_fill+grade1+grade1_week14_item8
bun,120,,1,0,n,elementary_fill+grade1+grade1_week15_item8
duck,125,,1,0,n,elementary_fill+grade1+grade1_week16_item5
luck,126,,1,0,n,elementary_fill+grade1+grade1_week16_item6
suck,127,,1,0,n,elementary_fill+grade1+grade1_week16_item7
stuck,128,,1,0,n,elementary_fill+grade1+grade1_week16_item8
pet,133,,1,0,n,elementary_fill+grade1+grade1_week17_item5
wet,135,,1,0,n,elementary_fill+grade1+grade1_week17_item7
fed,143,,1,0,v,elementary_fill+grade1+grade1_week18_item7
sled,144,,1,0,v,elementary_fill+grade1+grade1_week18_item8
hen,150,,1,0,n,elementary_fill+grade1+grade1_week19_item6
pen,151,,1,0,n,elementary_fill+grade1+grade1_week19_item7
ant,162,,1,0,adj,elementary_fill+grade1+grade1_week21_item2
bat,166,,1,0,n,elementary_fill+grade1+grade1_week21_item6
glad,167,,1,0,n,elementary_fill+grade1+grade1_week21_item7
mad,168,,1,0,n,elementary_fill+grade1+grade1_week21_item8
called,170,,1,0,v,elementary_fill+grade1+grade1_week22_item2
lip,174,,1,0,n,elementary_fill+grade1+grade1_week22_item6
kid,175,,1,0,n,elementary_fill+grade1+grade1_week22_item7
mom,181,,1,0,n,elementary_fill+grade1+grade1_week23_item5
fox,182,,1,0,n,elementary_fill+grade1+grade1_week23_item6
chop,183,,1,0,n,elementary_fill+grade1+grade1_week23_item7
bus,189,,1,0,n,elementary_fill+grade1+grade1_week24_item5
cup,192,,1,0,n,elementary_fill+grade1+grade1_week24_item8
web,197,,1,0,n,elementary_fill+grade1+grade1_week25_item5
shell,200,,1,0,n,elementary_fill+grade1+grade1_week25_item8
tape,204,,1,0,n,elementary_fill+grade1+grade1_week26_item4
shake,206,,1,0,n,elementary_fill+grade1+grade1_week26_item6
tame,207,,1,0,n,elementary_fill+grade1+grade1_week26_item7
clay,212,,1,0,n,elementary_fill+grade1+grade1_week27_item4
tray,214,,1,0,n,elementary_fill+grade1+grade1_week27_item6
roots,215,,1,0,n,elementary_fill+grade1+grade1_week27_item7
nice,217,,1,0,n,elementary_fill+grade1+grade1_week28_item1
wise,220,,1,0,n,elementary_fill+grade1+grade1_week28_item4
dime,221,,1,0,n,elementary_fill+grade1+grade1_week28_item5
lime,223,,1,0,n,elementary_fill+grade1+grade1_week28_item7
nest,224,,1,0,n,elementary_fill+grade1+grade1_week28_item8
cry,226,,1,0,v,elementary_fill+grade1+grade1_week29_item2
shy,228,,1,0,n,elementary_fill+grade1+grade1_week29_item4
spy,229,,1,0,n,elementary_fill+grade1+grade1_week29_item5
bone,234,,1,0,n,elementary_fill+grade1+grade1_week30_item2
code,235,,1,0,n,elementary_fill+grade1+grade1_week30_item3
spoke,236,,1,0,n,elementary_fill+grade1+grade1_week30_item4
coat,249,,1,0,n,elementary_fill+grade1+grade1_week32_item1
float,251,,1,0,n,elementary_fill+grade1+grade1_week32_item3
soak,252,,1,0,n,elementary_fill+grade1+grade1_week32_item4
load,253,,1,0,n,elementary_fill+grade1+grade1_week32_item5
soap,254,,1,0,n,elementary_fill+grade1+grade1_week32_item6
hook,257,,1,0,n,elementary_fill+grade1+grade1_week33_item1
cow,265,,1,0,n,elementary_fill+grade1+grade1_week34_item1
plow,266,,1,0,n,elementary_fill+grade1+grade1_week34_item2
clown,269,,1,0,n,elementary_fill+grade1+grade1_week34_item5
tower,270,,1,0,n,elementary_fill+grade1+grade1_week34_item6
vote,272,,1,0,n,elementary_fill+grade1+grade1_week34_item8
spoon,274,,1,0,n,elementary_fill+grade1+grade1_week35_item2
tooth,275,,1,0,n,elementary_fill+grade1+grade1_week35_item3
broom,276,,1,0,n,elementary_fill+grade1+grade1_week35_item4
roof,277,,1,0,n,elementary_fill+grade1+grade1_week35_item5
pool,278,,1,0,n,elementary_fill+grade1+grade1_week35_item6
seed,284,,1,0,v,elementary_fill+grade1+grade1_week36_item4
barn,9,,2,0,n,elementary_fill+grade2+grade2_week1_item9
card,10,,2,0,n,elementary_fill+grade2+grade2_week1_item10
shark,11,,2,0,n,elementary_fill+grade2+grade2_week1_item11
eyes,14,,2,0,n,elementary_fill+grade2+grade2_week1_item14
date,15,,2,0,n,elementary_fill+grade2+grade2_week1_item15
years,21,,2,0,n,elementary_fill+grade2+grade2_week2_item5
mail,23,,2,0,n,elementary_fill+grade2+grade2_week2_item7
chant,26,,2,0,adj,elementary_fill+grade2+grade2_week2_item10
paid,27,,2,0,v,elementary_fill+grade2+grade2_week2_item11
goods,29,,2,0,n,elementary_fill+grade2+grade2_week2_item13
services,30,,2,0,n,elementary_fill+grade2+grade2_week2_item14
consumer,31,,2,1,n,elementary_fill+grade2+grade2_week2_item15
producer,32,,2,1,n,elementary_fill+grade2+grade2_week2_item16
raw,40,,2,0,n,elementary_fill+grade2+grade2_week3_item8
jar,41,,2,0,n,elementary_fill+grade2+grade2_week3_item9
straw,42,,2,0,n,elementary_fill+grade2+grade2_week3_item10
title,46,,2,0,n,elementary_fill+grade2+grade2_week3_item14
skip,47,,2,0,n,elementary_fill+grade2+grade2_week3_item15
things,51,,2,0,n,elementary_fill+grade2+grade2_week4_item3
dirt,55,,2,0,n,elementary_fill+grade2+grade2_week4_item7
shirt,56,,2,0,n,elementary_fill+grade2+grade2_week4_item8
thirst,58,,2,0,n,elementary_fill+grade2+grade2_week4_item10
birth,59,,2,0,n,elementary_fill+grade2+grade2_week4_item11
cycle,64,,2,1,n,elementary_fill+grade2+grade2_week4_item16
tight,73,,2,0,n,elementary_fill+grade2+grade2_week5_item9
flight,74,,2,0,n,elementary_fill+grade2+grade2_week5_item10
push,78,,2,0,v,elementary_fill+grade2+grade2_week5_item14
resource,80,,2,1,n,elementary_fill+grade2+grade2_week5_item16
fold,88,,2,0,n,elementary_fill+grade2+grade2_week6_item8
mold,89,,2,0,n,elementary_fill+grade2+grade2_week6_item9
sold,90,,2,0,n,elementary_fill+grade2+grade2_week6_item10
subtract,92,,2,1,n,elementary_fill+grade2+grade2_week6_item12
parent,95,,2,0,adj,elementary_fill+grade2+grade2_week6_item15
stages,96,,2,0,n,elementary_fill+grade2+grade2_week6_item16
shout,105,,2,0,n,elementary_fill+grade2+grade2_week7_item9
urban,108,,2,1,n,elementary_fill+grade2+grade2_week7_item12
suburban,109,,2,1,n,elementary_fill+grade2+grade2_week7_item13
rural,110,,2,1,adj,elementary_fill+grade2+grade2_week7_item14
community,111,,2,0,n,elementary_fill+grade2+grade2_week7_item15
means,113,,2,0,n,elementary_fill+grade2+grade2_week8_item1
clue,120,,2,0,n,elementary_fill+grade2+grade2_week8_item8
glue,121,,2,0,n,elementary_fill+grade2+grade2_week8_item9
due,122,,2,0,n,elementary_fill+grade2+grade2_week8_item10
argue,123,,2,0,n,elementary_fill+grade2+grade2_week8_item11
nurse,134,,2,0,n,elementary_fill+grade2+grade2_week9_item6
curve,135,,2,0,n,elementary_fill+grade2+grade2_week9_item7
burn,137,,2,0,v,elementary_fill+grade2+grade2_week9_item9
curl,138,,2,0,n,elementary_fill+grade2+grade2_week9_item10
purse,139,,2,0,n,elementary_fill+grade2+grade2_week9_item11
growth,140,,2,0,n,elementary_fill+grade2+grade2_week9_item12
affect,141,,2,0,n,elementary_fill+grade2+grade2_week9_item13
mammal,143,,2,1,adj,elementary_fill+grade2+grade2_week9_item15
peak,152,,2,0,n,elementary_fill+grade2+grade2_week10_item8
dream,153,,2,0,n,elementary_fill+grade2+grade2_week10_item9
beach,154,,2,0,n,elementary_fill+grade2+grade2_week10_item10
height,158,,2,0,n,elementary_fill+grade2+grade2_week10_item14
bread,167,,2,0,n,elementary_fill+grade2+grade2_week11_item7
sweat,169,,2,0,n,elementary_fill+grade2+grade2_week11_item9
citizen,170,,2,1,n,elementary_fill+grade2+grade2_week11_item10
stew,183,,2,0,n,elementary_fill+grade2+grade2_week12_item7
drew,184,,2,0,n,elementary_fill+grade2+grade2_week12_item8
chew,185,,2,0,n,elementary_fill+grade2+grade2_week12_item9
brew,187,,2,0,n,elementary_fill+grade2+grade2_week12_item11
violet,190,,2,0,n,elementary_fill+grade2+grade2_week12_item14
germ,198,,2,0,n,elementary_fill+grade2+grade2_week13_item6
herd,199,,2,0,n,elementary_fill+grade2+grade2_week13_item7
clerk,200,,2,0,n,elementary_fill+grade2+grade2_week13_item8
nerve,201,,2,0,n,elementary_fill+grade2+grade2_week13_item9
fern,203,,2,0,n,elementary_fill+grade2+grade2_week13_item11
core,215,,2,0,n,elementary_fill+grade2+grade2_week14_item7
sport,216,,2,0,n,elementary_fill+grade2+grade2_week14_item8
port,218,,2,0,n,elementary_fill+grade2+grade2_week14_item10
solid,220,,2,1,n,elementary_fill+grade2+grade2_week14_item12
liquid,221,,2,1,n,elementary_fill+grade2+grade2_week14_item13
bump,230,,2,0,n,elementary_fill+grade2+grade2_week15_item6
stump,231,,2,0,n,elementary_fill+grade2+grade2_week15_item7
clump,232,,2,0,n,elementary_fill+grade2+grade2_week15_item8
stamp,233,,2,0,n,elementary_fill+grade2+grade2_week15_item9
clamp,234,,2,0,n,elementary_fill+grade2+grade2_week15_item10
camp,235,,2,0,n,elementary_fill+grade2+grade2_week15_item11
pride,236,,2,0,n,elementary_fill+grade2+grade2_week15_item12
event,238,,2,0,adj,elementary_fill+grade2+grade2_week15_item14
blast,250,,2,0,n,elementary_fill+grade2+grade2_week16_item10
cast,251,,2,0,n,elementary_fill+grade2+grade2_week16_item11
oral,252,,2,0,adj,elementary_fill+grade2+grade2_week16_item12
fuel,254,,2,0,n,elementary_fill+grade2+grade2_week16_item14
bend,262,,2,0,n,elementary_fill+grade2+grade2_week17_item6
offend,265,,2,0,n,elementary_fill+grade2+grade2_week17_item9
share,271,,2,0,n,elementary_fill+grade2+grade2_week17_item15
fourth,272,,2,0,det,elementary_fill+grade2+grade2_week17_item16
desk,278,,2,0,n,elementary_fill+grade2+grade2_week18_item6
mask,279,,2,0,n,elementary_fill+grade2+grade2_week18_item7
task,280,,2,0,n,elementary_fill+grade2+grade2_week18_item8
tusk,282,,2,0,n,elementary_fill+grade2+grade2_week18_item10
disk,283,,2,0,n,elementary_fill+grade2+grade2_week18_item11
hero,284,,2,0,n,elementary_fill+grade2+grade2_week18_item12
monument,286,,2,0,n,elementary_fill+grade2+grade2_week18_item14
multiply,288,,2,1,adv,elementary_fill+grade2+grade2_week18_item16
patch,296,,2,0,n,elementary_fill+grade2+grade2_week19_item8
search,297,,2,0,n,elementary_fill+grade2+grade2_week19_item9
starch,299,,2,0,n,elementary_fill+grade2+grade2_week19_item11
rotate,300,,2,0,n,elementary_fill+grade2+grade2_week19_item12
tornado,301,,2,0,n,elementary_fill+grade2+grade2_week19_item13
funnel,302,,2,0,n,elementary_fill+grade2+grade2_week19_item14
hush,310,,2,0,n,elementary_fill+grade2+grade2_week20_item6
slush,311,,2,0,n,elementary_fill+grade2+grade2_week20_item7
dash,312,,2,0,n,elementary_fill+grade2+grade2_week20_item8
dish,315,,2,0,adj,elementary_fill+grade2+grade2_week20_item11
coin,317,,2,0,n,elementary_fill+grade2+grade2_week20_item13
boxes,321,,2,0,n,elementary_fill+grade2+grade2_week21_item1
foxes,322,,2,0,n,elementary_fill+grade2+grade2_week21_item2
messes,323,,2,0,n,elementary_fill+grade2+grade2_week21_item3
dishes,324,,2,0,n,elementary_fill+grade2+grade2_week21_item4
couches,325,,2,0,n,elementary_fill+grade2+grade2_week21_item5
brushes,326,,2,0,n,elementary_fill+grade2+grade2_week21_item6
bushes,327,,2,0,n,elementary_fill+grade2+grade2_week21_item7
rushes,328,,2,0,n,elementary_fill+grade2+grade2_week21_item8
wishes,329,,2,0,n,elementary_fill+grade2+grade2_week21_item9
washes,330,,2,0,n,elementary_fill+grade2+grade2_week21_item10
dashes,331,,2,0,n,elementary_fill+grade2+grade2_week21_item11
flutter,336,,2,0,n,elementary_fill+grade2+grade2_week21_item16
sting,344,,2,0,v,elementary_fill+grade2+grade2_week22_item8
cling,346,,2,0,v,elementary_fill+grade2+grade2_week22_item10
sling,347,,2,0,v,elementary_fill+grade2+grade2_week22_item11
holiday,350,,2,0,n,elementary_fill+grade2+grade2_week22_item14
freedom,351,,2,0,n,elementary_fill+grade2+grade2_week22_item15
graph,353,,2,0,n,elementary_fill+grade2+grade2_week23_item1
tough,356,,2,0,n,elementary_fill+grade2+grade2_week23_item4
rough,357,,2,0,n,elementary_fill+grade2+grade2_week23_item5
triumph,359,,2,0,n,elementary_fill+grade2+grade2_week23_item7
dough,360,,2,0,n,elementary_fill+grade2+grade2_week23_item8
cough,362,,2,0,n,elementary_fill+grade2+grade2_week23_item10
feather,364,,2,0,n,elementary_fill+grade2+grade2_week23_item12
gravity,367,,2,1,n,elementary_fill+grade2+grade2_week23_item15
model,368,,2,0,n,elementary_fill+grade2+grade2_week23_item16
bath,369,,2,0,n,elementary_fill+grade2+grade2_week24_item1
math,370,,2,0,n,elementary_fill+grade2+grade2_week24_item2
moth,371,,2,0,n,elementary_fill+grade2+grade2_week24_item3
sloth,372,,2,0,n,elementary_fill+grade2+grade2_week24_item4
breath,373,,2,0,n,elementary_fill+grade2+grade2_week24_item5
path,375,,2,0,n,elementary_fill+grade2+grade2_week24_item7
cloth,376,,2,0,n,elementary_fill+grade2+grade2_week24_item8
hour,380,,2,0,n,elementary_fill+grade2+grade2_week24_item12
minute,381,,2,0,n,elementary_fill+grade2+grade2_week24_item13
stack,386,,2,0,n,elementary_fill+grade2+grade2_week25_item2
pack,387,,2,0,n,elementary_fill+grade2+grade2_week25_item3
dock,388,,2,0,n,elementary_fill+grade2+grade2_week25_item4
lock,389,,2,0,n,elementary_fill+grade2+grade2_week25_item5
quack,390,,2,0,n,elementary_fill+grade2+grade2_week25_item6
quick,393,,2,0,n,elementary_fill+grade2+grade2_week25_item9
neck,394,,2,0,n,elementary_fill+grade2+grade2_week25_item10
rectangle,398,,2,1,n,elementary_fill+grade2+grade2_week25_item14
sink,403,,2,0,n,elementary_fill+grade2+grade2_week26_item3
stink,404,,2,0,n,elementary_fill+grade2+grade2_week26_item4
wink,405,,2,0,n,elementary_fill+grade2+grade2_week26_item5
drank,408,,2,0,v,elementary_fill+grade2+grade2_week26_item8
honk,409,,2,0,n,elementary_fill+grade2+grade2_week26_item9
blank,410,,2,0,n,elementary_fill+grade2+grade2_week26_item10
shrink,411,,2,0,n,elementary_fill+grade2+grade2_week26_item11
lava,413,,2,0,n,elementary_fill+grade2+grade2_week26_item13
volcano,414,,2,0,n,elementary_fill+grade2+grade2_week26_item14
lift,418,,2,0,n,elementary_fill+grade2+grade2_week27_item2
shift,419,,2,0,n,elementary_fill+grade2+grade2_week27_item3
drift,420,,2,0,n,elementary_fill+grade2+grade2_week27_item4
gift,421,,2,0,n,elementary_fill+grade2+grade2_week27_item5
raft,423,,2,0,n,elementary_fill+grade2+grade2_week27_item7
craft,424,,2,0,n,elementary_fill+grade2+grade2_week27_item8
loft,425,,2,0,n,elementary_fill+grade2+grade2_week27_item9
swift,426,,2,0,n,elementary_fill+grade2+grade2_week27_item10
sift,427,,2,0,n,elementary_fill+grade2+grade2_week27_item11
apart,428,,2,0,adv,elementary_fill+grade2+grade2_week27_item12
greater,431,,2,0,n,elementary_fill+grade2+grade2_week27_item15
bolt,433,,2,0,n,elementary_fill+grade2+grade2_week28_item1
jolt,434,,2,0,n,elementary_fill+grade2+grade2_week28_item2
colt,435,,2,0,n,elementary_fill+grade2+grade2_week28_item3
belt,437,,2,0,n,elementary_fill+grade2+grade2_week28_item5
welt,438,,2,0,n,elementary_fill+grade2+grade2_week28_item6
stilt,440,,2,0,n,elementary_fill+grade2+grade2_week28_item8
wilt,441,,2,0,n,elementary_fill+grade2+grade2_week28_item9
melt,442,,2,0,n,elementary_fill+grade2+grade2_week28_item10
salt,443,,2,0,n,elementary_fill+grade2+grade2_week28_item11
whale,449,,2,0,n,elementary_fill+grade2+grade2_week29_item1
whistle,455,,2,0,n,elementary_fill+grade2+grade2_week29_item7
whip,456,,2,0,n,elementary_fill+grade2+grade2_week29_item8
whirl,459,,2,0,n,elementary_fill+grade2+grade2_week29_item11
seasons,462,,2,0,n,elementary_fill+grade2+grade2_week29_item14
badly,465,,2,0,adv,elementary_fill+grade2+grade2_week30_item1
madly,466,,2,0,adv,elementary_fill+grade2+grade2_week30_item2
weekly,468,,2,0,n,elementary_fill+grade2+grade2_week30_item4
daily,469,,2,0,n,elementary_fill+grade2+grade2_week30_item5
sadly,470,,2,0,adv,elementary_fill+grade2+grade2_week30_item6
gladly,471,,2,0,adv,elementary_fill+grade2+grade2_week30_item7
proudly,472,,2,0,adv,elementary_fill+grade2+grade2_week30_item8
softly,473,,2,0,adv,elementary_fill+grade2+grade2_week30_item9
loudly,474,,2,0,adv,elementary_fill+grade2+grade2_week30_item10
bravely,475,,2,0,adv,elementary_fill+grade2+grade2_week30_item11
echo,480,,2,0,n,elementary_fill+grade2+grade2_week30_item16
painter,481,,2,0,n,elementary_fill+grade2+grade2_week31_item1
washer,482,,2,0,n,elementary_fill+grade2+grade2_week31_item2
dryer,483,,2,0,n,elementary_fill+grade2+grade2_week31_item3
flyer,484,,2,0,n,elementary_fill+grade2+grade2_week31_item4
singer,487,,2,0,n,elementary_fill+grade2+grade2_week31_item7
speaker,489,,2,0,n,elementary_fill+grade2+grade2_week31_item9
thinker,490,,2,0,n,elementary_fill+grade2+grade2_week31_item10
dreamer,491,,2,0,n,elementary_fill+grade2+grade2_week31_item11
fastest,497,,2,0,n,elementary_fill+grade2+grade2_week32_item1
slowest,498,,2,0,n,elementary_fill+grade2+grade2_week32_item2
biggest,499,,2,0,n,elementary_fill+grade2+grade2_week32_item3
shortest,500,,2,0,n,elementary_fill+grade2+grade2_week32_item4
loudest,501,,2,0,n,elementary_fill+grade2+grade2_week32_item5
softest,502,,2,0,n,elementary_fill+grade2+grade2_week32_item6
smartest,503,,2,0,n,elementary_fill+grade2+grade2_week32_item7
silliest,504,,2,0,n,elementary_fill+grade2+grade2_week32_item8
brightest,505,,2,0,n,elementary_fill+grade2+grade2_week32_item9
funniest,506,,2,0,n,elementary_fill+grade2+grade2_week32_item10
bravest,507,,2,0,n,elementary_fill+grade2+grade2_week32_item11
discussion,509,,2,0,n,elementary_fill+grade2+grade2_week32_item13
attention,510,,2,0,n,elementary_fill+grade2+grade2_week32_item14
select,511,,2,0,n,elementary_fill+grade2+grade2_week32_item15
thankful,513,,2,0,adj,elementary_fill+grade2+grade2_week33_item1
hopeful,515,,2,0,adj,elementary_fill+grade2+grade2_week33_item3
grateful,516,,2,0,adj,elementary_fill+grade2+grade2_week33_item4
thoughtful,517,,2,0,adj,elementary_fill+grade2+grade2_week33_item5
useful,518,,2,0,adj,elementary_fill+grade2+grade2_week33_item6
forgetful,519,,2,0,adj,elementary_fill+grade2+grade2_week33_item7
painful,520,,2,0,adj,elementary_fill+grade2+grade2_week33_item8
joyful,521,,2,0,adj,elementary_fill+grade2+grade2_week33_item9
careful,522,,2,0,adj,elementary_fill+grade2+grade2_week33_item10
helpful,523,,2,0,adj,elementary_fill+grade2+grade2_week33_item11
prediction,524,,2,0,n,elementary_fill+grade2+grade2_week33_item12
question,525,,2,0,n,elementary_fill+grade2+grade2_week33_item13
outcome,528,,2,0,n,elementary_fill+grade2+grade2_week33_item16
happiness,529,,2,0,n,elementary_fill+grade2+grade2_week34_item1
darkness,530,,2,0,n,elementary_fill+grade2+grade2_week34_item2
likeness,531,,2,0,n,elementary_fill+grade2+grade2_week34_item3
kindness,532,,2,0,n,elementary_fill+grade2+grade2_week34_item4
sickness,533,,2,0,n,elementary_fill+grade2+grade2_week34_item5
helpfulness,534,,2,0,n,elementary_fill+grade2+grade2_week34_item6
goodness,535,,2,0,n,elementary_fill+grade2+grade2_week34_item7
brightness,536,,2,0,n,elementary_fill+grade2+grade2_week34_item8
pentagon,540,,2,1,n,elementary_fill+grade2+grade2_week34_item12
hexagon,541,,2,1,n,elementary_fill+grade2+grade2_week34_item13
apply,544,,2,0,v,elementary_fill+grade2+grade2_week34_item16
likable,545,,2,0,adj,elementary_fill+grade2+grade2_week35_item1
acceptable,546,,2,0,adj,elementary_fill+grade2+grade2_week35_item2
adorable,547,,2,0,adj,elementary_fill+grade2+grade2_week35_item3
chewable,548,,2,0,adj,elementary_fill+grade2+grade2_week35_item4
agreeable,549,,2,0,adj,elementary_fill+grade2+grade2_week35_item5
bearable,550,,2,0,adj,elementary_fill+grade2+grade2_week35_item6
usable,551,,2,0,adj,elementary_fill+grade2+grade2_week35_item7
comfortable,552,,2,0,adj,elementary_fill+grade2+grade2_week35_item8
lovable,553,,2,0,adj,elementary_fill+grade2+grade2_week35_item9
sizable,554,,2,0,adj,elementary_fill+grade2+grade2_week35_item10
valuable,555,,2,0,adj,elementary_fill+grade2+grade2_week35_item11
prefix,556,,2,1,n,elementary_fill+grade2+grade2_week35_item12
compass,558,,2,0,n,elementary_fill+grade2+grade2_week35_item14
magnet,559,,2,0,n,elementary_fill+grade2+grade2_week35_item15
guide,560,,2,0,n,elementary_fill+grade2+grade2_week35_item16
subtraction,562,,2,1,n,elementary_fill+grade2+grade2_week36_item2
fiction,563,,2,1,n,elementary_fill+grade2+grade2_week36_item3
education,565,,2,0,n,elementary_fill+grade2+grade2_week36_item5
recreation,566,,2,0,n,elementary_fill+grade2+grade2_week36_item6
confusion,567,,2,0,n,elementary_fill+grade2+grade2_week36_item7
vacation,568,,2,0,n,elementary_fill+grade2+grade2_week36_item8
location,569,,2,0,n,elementary_fill+grade2+grade2_week36_item9
explosion,570,,2,0,n,elementary_fill+grade2+grade2_week36_item10
context,575,,2,1,n,elementary_fill+grade2+grade2_week36_item15
detective,576,,2,1,n,elementary_fill+grade2+grade2_week36_item16
checked,9,,3,0,v,elementary_fill+grade3+grade3_week1_item9
grand,10,,3,0,n,elementary_fill+grade3+grade3_week1_item10
punish,12,,3,0,adj,elementary_fill+grade3+grade3_week1_item12
monarch,13,,3,0,n,elementary_fill+grade3+grade3_week1_item13
migrate,14,,3,0,n,elementary_fill+grade3+grade3_week1_item14
butterfly,15,,3,0,adv,elementary_fill+grade3+grade3_week1_item15
nectar,16,,3,0,n,elementary_fill+grade3+grade3_week1_item16
slip,22,,3,0,n,elementary_fill+grade3+grade3_week2_item6
lunch,23,,3,0,n,elementary_fill+grade3+grade3_week2_item7
pond,24,,3,0,n,elementary_fill+grade3+grade3_week2_item8
thump,26,,3,0,n,elementary_fill+grade3+grade3_week2_item10
formula,30,,3,1,n,elementary_fill+grade3+grade3_week2_item14
width,31,,3,0,n,elementary_fill+grade3+grade3_week2_item15
calculate,32,,3,1,n,elementary_fill+grade3+grade3_week2_item16
grade,38,,3,0,n,elementary_fill+grade3+grade3_week3_item6
raise,40,,3,0,n,elementary_fill+grade3+grade3_week3_item8
theme,41,,3,0,n,elementary_fill+grade3+grade3_week3_item9
scream,42,,3,0,n,elementary_fill+grade3+grade3_week3_item10
highway,44,,3,0,n,elementary_fill+grade3+grade3_week3_item12
navigate,45,,3,0,n,elementary_fill+grade3+grade3_week3_item13
broke,56,,3,0,n,elementary_fill+grade3+grade3_week4_item8
wave,60,,3,0,n,elementary_fill+grade3+grade3_week4_item12
burst,70,,3,0,n,elementary_fill+grade3+grade3_week5_item6
strip,71,,3,0,n,elementary_fill+grade3+grade3_week5_item7
zero,78,,3,0,n,elementary_fill+grade3+grade3_week5_item14
dried,82,,3,0,v,elementary_fill+grade3+grade3_week6_item2
knife,87,,3,0,n,elementary_fill+grade3+grade3_week6_item7
knock,88,,3,0,n,elementary_fill+grade3+grade3_week6_item8
knot,90,,3,0,n,elementary_fill+grade3+grade3_week6_item10
wrinkle,91,,3,0,n,elementary_fill+grade3+grade3_week6_item11
wrap,92,,3,0,n,elementary_fill+grade3+grade3_week6_item12
wrist,93,,3,0,n,elementary_fill+grade3+grade3_week6_item13
knee,94,,3,0,n,elementary_fill+grade3+grade3_week6_item14
aloud,95,,3,0,adv,elementary_fill+grade3+grade3_week6_item15
photograph,107,,3,0,n,elementary_fill+grade3+grade3_week7_item11
future,110,,3,0,n,elementary_fill+grade3+grade3_week7_item14
hometown,111,,3,0,n,elementary_fill+grade3+grade3_week7_item15
settlers,112,,3,0,n,elementary_fill+grade3+grade3_week7_item16
batch,121,,3,0,n,elementary_fill+grade3+grade3_week8_item9
speech,123,,3,0,n,elementary_fill+grade3+grade3_week8_item11
source,124,,3,0,n,elementary_fill+grade3+grade3_week8_item12
ditch,126,,3,0,n,elementary_fill+grade3+grade3_week8_item14
shock,136,,3,0,n,elementary_fill+grade3+grade3_week9_item8
crash,137,,3,0,n,elementary_fill+grade3+grade3_week9_item9
showed,138,,3,0,v,elementary_fill+grade3+grade3_week9_item10
product,141,,3,0,n,elementary_fill+grade3+grade3_week9_item13
quotient,142,,3,1,n,elementary_fill+grade3+grade3_week9_item14
multiplication,143,,3,1,n,elementary_fill+grade3+grade3_week9_item15
fence,151,,3,0,n,elementary_fill+grade3+grade3_week10_item7
price,152,,3,0,n,elementary_fill+grade3+grade3_week10_item8
police,154,,3,0,n,elementary_fill+grade3+grade3_week10_item10
pencil,155,,3,0,n,elementary_fill+grade3+grade3_week10_item11
civil,156,,3,0,n,elementary_fill+grade3+grade3_week10_item12
tribal,157,,3,0,adj,elementary_fill+grade3+grade3_week10_item13
buffalo,158,,3,0,n,elementary_fill+grade3+grade3_week10_item14
gentle,165,,3,0,n,elementary_fill+grade3+grade3_week11_item5
giraffe,166,,3,0,n,elementary_fill+grade3+grade3_week11_item6
hoe,167,,3,0,n,elementary_fill+grade3+grade3_week11_item7
stage,168,,3,0,n,elementary_fill+grade3+grade3_week11_item8
badge,170,,3,0,n,elementary_fill+grade3+grade3_week11_item10
ginger,171,,3,0,n,elementary_fill+grade3+grade3_week11_item11
arctic,172,,3,0,adj,elementary_fill+grade3+grade3_week11_item12
adapt,173,,3,0,n,elementary_fill+grade3+grade3_week11_item13
tundra,174,,3,0,n,elementary_fill+grade3+grade3_week11_item14
behavior,175,,3,0,n,elementary_fill+grade3+grade3_week11_item15
pelt,176,,3,0,n,elementary_fill+grade3+grade3_week11_item16
choice,182,,3,0,n,elementary_fill+grade3+grade3_week12_item6
royal,184,,3,0,adj,elementary_fill+grade3+grade3_week12_item8
annoy,185,,3,0,n,elementary_fill+grade3+grade3_week12_item9
noise,186,,3,0,n,elementary_fill+grade3+grade3_week12_item10
tomato,187,,3,0,n,elementary_fill+grade3+grade3_week12_item11
potato,188,,3,0,n,elementary_fill+grade3+grade3_week12_item12
citrus,189,,3,0,n,elementary_fill+grade3+grade3_week12_item13
nutrients,190,,3,0,n,elementary_fill+grade3+grade3_week12_item14
vitamins,191,,3,0,n,elementary_fill+grade3+grade3_week12_item15
vegetable,192,,3,0,adj,elementary_fill+grade3+grade3_week12_item16
crown,198,,3,0,n,elementary_fill+grade3+grade3_week13_item6
growl,201,,3,0,n,elementary_fill+grade3+grade3_week13_item9
fountain,202,,3,0,n,elementary_fill+grade3+grade3_week13_item10
account,205,,3,0,n,elementary_fill+grade3+grade3_week13_item13
drought,206,,3,0,n,elementary_fill+grade3+grade3_week13_item14
remainder,207,,3,0,n,elementary_fill+grade3+grade3_week13_item15
crawl,214,,3,0,n,elementary_fill+grade3+grade3_week14_item6
laundry,215,,3,0,n,elementary_fill+grade3+grade3_week14_item7
author,216,,3,0,n,elementary_fill+grade3+grade3_week14_item8
taught,217,,3,0,n,elementary_fill+grade3+grade3_week14_item9
pause,218,,3,0,n,elementary_fill+grade3+grade3_week14_item10
dawn,219,,3,0,n,elementary_fill+grade3+grade3_week14_item11
folklore,220,,3,0,n,elementary_fill+grade3+grade3_week14_item12
custom,221,,3,0,n,elementary_fill+grade3+grade3_week14_item13
disappear,222,,3,0,n,elementary_fill+grade3+grade3_week14_item14
willow,223,,3,0,n,elementary_fill+grade3+grade3_week14_item15
traditional,224,,3,0,adj,elementary_fill+grade3+grade3_week14_item16
loose,230,,3,0,n,elementary_fill+grade3+grade3_week15_item6
shook,232,,3,0,v,elementary_fill+grade3+grade3_week15_item8
understood,233,,3,0,v,elementary_fill+grade3+grade3_week15_item9
balloon,234,,3,0,n,elementary_fill+grade3+grade3_week15_item10
looked,235,,3,0,v,elementary_fill+grade3+grade3_week15_item11
moose,236,,3,0,n,elementary_fill+grade3+grade3_week15_item12
wheel,237,,3,0,n,elementary_fill+grade3+grade3_week15_item13
season,238,,3,0,n,elementary_fill+grade3+grade3_week15_item14
axle,239,,3,0,n,elementary_fill+grade3+grade3_week15_item15
momentum,240,,3,0,n,elementary_fill+grade3+grade3_week15_item16
started,246,,3,0,v,elementary_fill+grade3+grade3_week16_item6
carpet,248,,3,0,n,elementary_fill+grade3+grade3_week16_item8
marker,249,,3,0,n,elementary_fill+grade3+grade3_week16_item9
pardon,251,,3,0,n,elementary_fill+grade3+grade3_week16_item11
lunar,252,,3,0,n,elementary_fill+grade3+grade3_week16_item12
appearance,254,,3,0,n,elementary_fill+grade3+grade3_week16_item14
quarter,255,,3,0,n,elementary_fill+grade3+grade3_week16_item15
phase,256,,3,0,n,elementary_fill+grade3+grade3_week16_item16
fairy,259,,3,0,n,elementary_fill+grade3+grade3_week17_item3
stairs,262,,3,0,n,elementary_fill+grade3+grade3_week17_item6
glare,263,,3,0,n,elementary_fill+grade3+grade3_week17_item7
airplane,264,,3,0,n,elementary_fill+grade3+grade3_week17_item8
airy,265,,3,0,n,elementary_fill+grade3+grade3_week17_item9
repair,266,,3,0,n,elementary_fill+grade3+grade3_week17_item10
prepare,267,,3,0,v,elementary_fill+grade3+grade3_week17_item11
culture,268,,3,0,n,elementary_fill+grade3+grade3_week17_item12
delta,269,,3,0,n,elementary_fill+grade3+grade3_week17_item13
bayou,270,,3,0,n,elementary_fill+grade3+grade3_week17_item14
interact,271,,3,0,n,elementary_fill+grade3+grade3_week17_item15
establish,272,,3,0,adj,elementary_fill+grade3+grade3_week17_item16
mountains,277,,3,0,n,elementary_fill+grade3+grade3_week18_item5
worn,278,,3,0,n,elementary_fill+grade3+grade3_week18_item6
poured,283,,3,0,v,elementary_fill+grade3+grade3_week18_item11
portrait,284,,3,0,n,elementary_fill+grade3+grade3_week18_item12
contrast,285,,3,0,n,elementary_fill+grade3+grade3_week18_item13
shadow,287,,3,0,n,elementary_fill+grade3+grade3_week18_item15
bare,296,,3,0,n,elementary_fill+grade3+grade3_week19_item8
weigh,299,,3,0,n,elementary_fill+grade3+grade3_week19_item11
telescope,300,,3,0,n,elementary_fill+grade3+grade3_week19_item12
magnify,301,,3,0,n,elementary_fill+grade3+grade3_week19_item13
reflect,303,,3,0,v,elementary_fill+grade3+grade3_week19_item15
mirror,304,,3,0,n,elementary_fill+grade3+grade3_week19_item16
flower,310,,3,0,n,elementary_fill+grade3+grade3_week20_item6
flour,311,,3,0,n,elementary_fill+grade3+grade3_week20_item7
bored,312,,3,0,v,elementary_fill+grade3+grade3_week20_item8
hare,315,,3,0,n,elementary_fill+grade3+grade3_week20_item11
numerator,318,,3,1,n,elementary_fill+grade3+grade3_week20_item14
denominator,319,,3,1,n,elementary_fill+grade3+grade3_week20_item15
improper,320,,3,1,n,elementary_fill+grade3+grade3_week20_item16
perfect,321,,3,0,n,elementary_fill+grade3+grade3_week21_item1
curled,322,,3,0,v,elementary_fill+grade3+grade3_week21_item2
firm,324,,3,0,n,elementary_fill+grade3+grade3_week21_item4
skirt,325,,3,0,n,elementary_fill+grade3+grade3_week21_item5
jerked,330,,3,0,v,elementary_fill+grade3+grade3_week21_item10
burned,331,,3,0,v,elementary_fill+grade3+grade3_week21_item11
climate,333,,3,0,n,elementary_fill+grade3+grade3_week21_item13
geography,334,,3,1,n,elementary_fill+grade3+grade3_week21_item14
rainfall,335,,3,0,n,elementary_fill+grade3+grade3_week21_item15
hugged,337,,3,0,v,elementary_fill+grade3+grade3_week22_item1
puppy,341,,3,0,n,elementary_fill+grade3+grade3_week22_item5
collect,343,,3,0,n,elementary_fill+grade3+grade3_week22_item7
bottles,344,,3,0,n,elementary_fill+grade3+grade3_week22_item8
lesson,346,,3,0,n,elementary_fill+grade3+grade3_week22_item10
orbit,347,,3,1,n,elementary_fill+grade3+grade3_week22_item11
solar,349,,3,1,n,elementary_fill+grade3+grade3_week22_item13
elliptical,350,,3,0,adj,elementary_fill+grade3+grade3_week22_item14
likely,352,,3,0,adv,elementary_fill+grade3+grade3_week22_item16
strangest,354,,3,0,n,elementary_fill+grade3+grade3_week23_item2
bigger,355,,3,0,n,elementary_fill+grade3+grade3_week23_item3
highest,357,,3,0,n,elementary_fill+grade3+grade3_week23_item5
tallest,358,,3,0,n,elementary_fill+grade3+grade3_week23_item6
richest,359,,3,0,n,elementary_fill+grade3+grade3_week23_item7
smarter,360,,3,0,n,elementary_fill+grade3+grade3_week23_item8
louder,361,,3,0,n,elementary_fill+grade3+grade3_week23_item9
hotter,362,,3,0,n,elementary_fill+grade3+grade3_week23_item10
happiest,364,,3,0,n,elementary_fill+grade3+grade3_week23_item12
data,365,,3,0,n,elementary_fill+grade3+grade3_week23_item13
measurement,366,,3,0,n,elementary_fill+grade3+grade3_week23_item14
prettier,367,,3,0,n,elementary_fill+grade3+grade3_week23_item15
notebook,369,,3,0,n,elementary_fill+grade3+grade3_week24_item1
sunset,370,,3,0,n,elementary_fill+grade3+grade3_week24_item2
bookcase,371,,3,0,n,elementary_fill+grade3+grade3_week24_item3
classroom,372,,3,0,n,elementary_fill+grade3+grade3_week24_item4
football,374,,3,0,n,elementary_fill+grade3+grade3_week24_item6
sunshine,375,,3,0,n,elementary_fill+grade3+grade3_week24_item7
rainbow,376,,3,0,n,elementary_fill+grade3+grade3_week24_item8
baseball,377,,3,0,n,elementary_fill+grade3+grade3_week24_item9
hallway,378,,3,0,n,elementary_fill+grade3+grade3_week24_item10
outdoors,379,,3,0,n,elementary_fill+grade3+grade3_week24_item11
knowledge,381,,3,0,n,elementary_fill+grade3+grade3_week24_item13
organize,383,,3,0,n,elementary_fill+grade3+grade3_week24_item15
review,384,,3,0,n,elementary_fill+grade3+grade3_week24_item16
cellar,387,,3,0,n,elementary_fill+grade3+grade3_week25_item3
market,389,,3,0,n,elementary_fill+grade3+grade3_week25_item5
basket,390,,3,0,n,elementary_fill+grade3+grade3_week25_item6
welcome,391,,3,0,n,elementary_fill+grade3+grade3_week25_item7
cowboy,394,,3,0,n,elementary_fill+grade3+grade3_week25_item10
lasso,395,,3,0,n,elementary_fill+grade3+grade3_week25_item11
barter,396,,3,0,n,elementary_fill+grade3+grade3_week25_item12
continuity,397,,3,0,n,elementary_fill+grade3+grade3_week25_item13
worth,399,,3,0,n,elementary_fill+grade3+grade3_week25_item15
cabin,401,,3,0,n,elementary_fill+grade3+grade3_week26_item1
tiger,404,,3,0,n,elementary_fill+grade3+grade3_week26_item4
rewind,406,,3,0,n,elementary_fill+grade3+grade3_week26_item6
focus,407,,3,0,n,elementary_fill+grade3+grade3_week26_item7
motel,411,,3,0,n,elementary_fill+grade3+grade3_week26_item11
conduct,412,,3,0,n,elementary_fill+grade3+grade3_week26_item12
lightning,413,,3,0,v,elementary_fill+grade3+grade3_week26_item13
volts,414,,3,0,n,elementary_fill+grade3+grade3_week26_item14
complex,415,,3,0,n,elementary_fill+grade3+grade3_week26_item15
particle,416,,3,0,n,elementary_fill+grade3+grade3_week26_item16
liked,417,,3,0,v,elementary_fill+grade3+grade3_week27_item1
worried,418,,3,0,v,elementary_fill+grade3+grade3_week27_item2
rolling,419,,3,0,v,elementary_fill+grade3+grade3_week27_item3
singing,420,,3,0,v,elementary_fill+grade3+grade3_week27_item4
swimming,421,,3,0,v,elementary_fill+grade3+grade3_week27_item5
talked,423,,3,0,v,elementary_fill+grade3+grade3_week27_item7
hurried,424,,3,0,v,elementary_fill+grade3+grade3_week27_item8
buying,425,,3,0,v,elementary_fill+grade3+grade3_week27_item9
trying,426,,3,0,v,elementary_fill+grade3+grade3_week27_item10
leaving,427,,3,0,v,elementary_fill+grade3+grade3_week27_item11
diving,428,,3,0,v,elementary_fill+grade3+grade3_week27_item12
icing,429,,3,0,v,elementary_fill+grade3+grade3_week27_item13
simplify,432,,3,0,n,elementary_fill+grade3+grade3_week27_item16
permission,433,,3,0,n,elementary_fill+grade3+grade3_week28_item1
confession,434,,3,0,n,elementary_fill+grade3+grade3_week28_item2
vision,435,,3,0,n,elementary_fill+grade3+grade3_week28_item3
quotation,438,,3,1,n,elementary_fill+grade3+grade3_week28_item6
combination,441,,3,0,n,elementary_fill+grade3+grade3_week28_item9
independence,444,,3,0,n,elementary_fill+grade3+grade3_week28_item12
constitution,445,,3,1,n,elementary_fill+grade3+grade3_week28_item13
majority,446,,3,1,n,elementary_fill+grade3+grade3_week28_item14
exact,447,,3,0,adj,elementary_fill+grade3+grade3_week28_item15
national,448,,3,0,adj,elementary_fill+grade3+grade3_week28_item16
cheerful,450,,3,0,adj,elementary_fill+grade3+grade3_week29_item2
harmful,451,,3,0,adj,elementary_fill+grade3+grade3_week29_item3
playful,452,,3,0,adj,elementary_fill+grade3+grade3_week29_item4
colorful,454,,3,0,adj,elementary_fill+grade3+grade3_week29_item6
thankfully,455,,3,0,adv,elementary_fill+grade3+grade3_week29_item7
joyfully,456,,3,0,adv,elementary_fill+grade3+grade3_week29_item8
helpfully,457,,3,0,adv,elementary_fill+grade3+grade3_week29_item9
painfully,458,,3,0,adv,elementary_fill+grade3+grade3_week29_item10
feature,460,,3,0,n,elementary_fill+grade3+grade3_week29_item12
bountiful,461,,3,0,adj,elementary_fill+grade3+grade3_week29_item13
thermometer,464,,3,0,n,elementary_fill+grade3+grade3_week29_item16
lonely,465,,3,0,adj,elementary_fill+grade3+grade3_week30_item1
personally,468,,3,0,adv,elementary_fill+grade3+grade3_week30_item4
formally,470,,3,0,adv,elementary_fill+grade3+grade3_week30_item6
rapidly,471,,3,0,adv,elementary_fill+grade3+grade3_week30_item7
dangerously,472,,3,0,adv,elementary_fill+grade3+grade3_week30_item8
tenderly,473,,3,0,adv,elementary_fill+grade3+grade3_week30_item9
lovely,474,,3,0,n,elementary_fill+grade3+grade3_week30_item10
nicely,475,,3,0,adv,elementary_fill+grade3+grade3_week30_item11
audience,476,,3,1,n,elementary_fill+grade3+grade3_week30_item12
orchestra,477,,3,1,n,elementary_fill+grade3+grade3_week30_item13
apron,478,,3,0,n,elementary_fill+grade3+grade3_week30_item14
balcony,479,,3,0,n,elementary_fill+grade3+grade3_week30_item15
curtain,480,,3,0,n,elementary_fill+grade3+grade3_week30_item16
honorably,482,,3,0,adv,elementary_fill+grade3+grade3_week31_item2
erasable,483,,3,0,adj,elementary_fill+grade3+grade3_week31_item3
available,484,,3,0,adj,elementary_fill+grade3+grade3_week31_item4
portable,485,,3,0,adj,elementary_fill+grade3+grade3_week31_item5
laughable,486,,3,0,adj,elementary_fill+grade3+grade3_week31_item6
irritably,487,,3,0,adv,elementary_fill+grade3+grade3_week31_item7
capable,489,,3,0,adj,elementary_fill+grade3+grade3_week31_item9
disposable,490,,3,0,adj,elementary_fill+grade3+grade3_week31_item10
reusable,491,,3,0,adj,elementary_fill+grade3+grade3_week31_item11
syllable,493,,3,1,n,elementary_fill+grade3+grade3_week31_item13
perimeter,494,,3,1,n,elementary_fill+grade3+grade3_week31_item14
penny,497,,3,0,n,elementary_fill+grade3+grade3_week32_item1
pennies,498,,3,0,n,elementary_fill+grade3+grade3_week32_item2
empty,499,,3,0,adj,elementary_fill+grade3+grade3_week32_item3
emptied,500,,3,0,v,elementary_fill+grade3+grade3_week32_item4
parties,501,,3,0,n,elementary_fill+grade3+grade3_week32_item5
families,502,,3,0,n,elementary_fill+grade3+grade3_week32_item6
mystery,503,,3,0,n,elementary_fill+grade3+grade3_week32_item7
mysteries,504,,3,0,n,elementary_fill+grade3+grade3_week32_item8
discovery,505,,3,0,n,elementary_fill+grade3+grade3_week32_item9
married,506,,3,0,v,elementary_fill+grade3+grade3_week32_item10
carried,507,,3,0,v,elementary_fill+grade3+grade3_week32_item11
jury,508,,3,1,n,elementary_fill+grade3+grade3_week32_item12
argument,509,,3,0,n,elementary_fill+grade3+grade3_week32_item13
verdict,510,,3,1,n,elementary_fill+grade3+grade3_week32_item14
guilty,511,,3,0,n,elementary_fill+grade3+grade3_week32_item15
lawyer,512,,3,1,n,elementary_fill+grade3+grade3_week32_item16
he's,513,,3,0,v,elementary_fill+grade3+grade3_week33_item1
she's,514,,3,0,v,elementary_fill+grade3+grade3_week33_item2
we're,518,,3,0,v,elementary_fill+grade3+grade3_week33_item6
they're,519,,3,0,v,elementary_fill+grade3+grade3_week33_item7
there's,520,,3,0,v,elementary_fill+grade3+grade3_week33_item8
haven't,521,,3,0,v,elementary_fill+grade3+grade3_week33_item9
extinct,524,,3,0,n,elementary_fill+grade3+grade3_week33_item12
species,526,,3,0,n,elementary_fill+grade3+grade3_week33_item14
condor,527,,3,0,n,elementary_fill+grade3+grade3_week33_item15
he'll,531,,3,0,v,elementary_fill+grade3+grade3_week34_item3
she'll,532,,3,0,v,elementary_fill+grade3+grade3_week34_item4
you'll,533,,3,0,v,elementary_fill+grade3+grade3_week34_item5
they'll,534,,3,0,v,elementary_fill+grade3+grade3_week34_item6
you've,535,,3,0,v,elementary_fill+grade3+grade3_week34_item7
they've,536,,3,0,v,elementary_fill+grade3+grade3_week34_item8
i've,537,,3,0,v,elementary_fill+grade3+grade3_week34_item9
i'd,538,,3,0,v,elementary_fill+grade3+grade3_week34_item10
we'd,539,,3,0,v,elementary_fill+grade3+grade3_week34_item11
she'd,540,,3,0,v,elementary_fill+grade3+grade3_week34_item12
elapse,541,,3,0,n,elementary_fill+grade3+grade3_week34_item13
interaction,542,,3,0,n,elementary_fill+grade3+grade3_week34_item14
sundial,543,,3,0,adj,elementary_fill+grade3+grade3_week34_item15
atomic,544,,3,0,adj,elementary_fill+grade3+grade3_week34_item16
border,550,,3,0,n,elementary_fill+grade3+grade3_week35_item6
fever,551,,3,0,n,elementary_fill+grade3+grade3_week35_item7
shower,555,,3,0,n,elementary_fill+grade3+grade3_week35_item11
local,556,,3,0,adj,elementary_fill+grade3+grade3_week35_item12
explorer,557,,3,0,n,elementary_fill+grade3+grade3_week35_item13
federal,559,,3,0,adj,elementary_fill+grade3+grade3_week35_item15
central,562,,3,0,adj,elementary_fill+grade3+grade3_week36_item2
final,563,,3,0,adj,elementary_fill+grade3+grade3_week36_item3
chuckle,565,,3,0,n,elementary_fill+grade3+grade3_week36_item5
giggle,566,,3,0,n,elementary_fill+grade3+grade3_week36_item6
signal,568,,3,0,adj,elementary_fill+grade3+grade3_week36_item8
handle,569,,3,0,n,elementary_fill+grade3+grade3_week36_item9
candle,570,,3,0,n,elementary_fill+grade3+grade3_week36_item10
piano,572,,3,0,n,elementary_fill+grade3+grade3_week36_item12
ivory,573,,3,0,adj,elementary_fill+grade3+grade3_week36_item13
musical,574,,3,1,adj,elementary_fill+grade3+grade3_week36_item14
modify,575,,3,0,v,elementary_fill+grade3+grade3_week36_item15
clarify,576,,3,0,v,elementary_fill+grade3+grade3_week36_item16
finger,2,,4,0,n,elementary_fill+grade4+grade4_week1_item2
eleven,6,,4,0,n,elementary_fill+grade4+grade4_week1_item6
stolen,9,,4,0,v,elementary_fill+grade4+grade4_week1_item9
button,10,,4,0,n,elementary_fill+grade4+grade4_week1_item10
bargain,11,,4,0,n,elementary_fill+grade4+grade4_week1_item11
orphan,13,,4,0,n,elementary_fill+grade4+grade4_week1_item13
opinion,14,,4,0,n,elementary_fill+grade4+grade4_week1_item14
oxen,15,,4,0,n,elementary_fill+grade4+grade4_week1_item15
absolute,19,,4,0,n,elementary_fill+grade4+grade4_week1_item19
equator,20,,4,1,n,elementary_fill+grade4+grade4_week1_item20
veteran,23,,4,0,n,elementary_fill+grade4+grade4_week2_item3
colon,31,,4,0,n,elementary_fill+grade4+grade4_week2_item11
rainforest,32,,4,0,n,elementary_fill+grade4+grade4_week2_item12
heaven,33,,4,0,n,elementary_fill+grade4+grade4_week2_item13
satin,34,,4,0,n,elementary_fill+grade4+grade4_week2_item14
penguin,35,,4,0,n,elementary_fill+grade4+grade4_week2_item15
tropical,36,,4,0,adj,elementary_fill+grade4+grade4_week2_item16
reproduce,40,,4,0,n,elementary_fill+grade4+grade4_week2_item20
character,42,,4,0,n,elementary_fill+grade4+grade4_week3_item2
friend,43,,4,0,n,elementary_fill+grade4+grade4_week3_item3
whom,44,,4,0,pron,elementary_fill+grade4+grade4_week3_item4
villain,47,,4,0,n,elementary_fill+grade4+grade4_week3_item7
basin,48,,4,0,n,elementary_fill+grade4+grade4_week3_item8
carton,49,,4,0,n,elementary_fill+grade4+grade4_week3_item9
muffin,51,,4,0,n,elementary_fill+grade4+grade4_week3_item11
pumpkin,52,,4,0,n,elementary_fill+grade4+grade4_week3_item12
deposit,53,,4,0,n,elementary_fill+grade4+grade4_week3_item13
cannon,54,,4,0,n,elementary_fill+grade4+grade4_week3_item14
poison,55,,4,0,n,elementary_fill+grade4+grade4_week3_item15
origin,56,,4,0,n,elementary_fill+grade4+grade4_week3_item16
prime,57,,4,0,n,elementary_fill+grade4+grade4_week3_item17
elbow,58,,4,0,n,elementary_fill+grade4+grade4_week3_item18
perch,59,,4,0,n,elementary_fill+grade4+grade4_week3_item19
shorten,60,,4,0,n,elementary_fill+grade4+grade4_week3_item20
twelve,61,,4,0,n,elementary_fill+grade4+grade4_week4_item1
proverb,62,,4,0,n,elementary_fill+grade4+grade4_week4_item2
simile,67,,4,1,n,elementary_fill+grade4+grade4_week4_item7
quiz,68,,4,0,n,elementary_fill+grade4+grade4_week4_item8
pupil,69,,4,0,n,elementary_fill+grade4+grade4_week4_item9
proposal,70,,4,0,adj,elementary_fill+grade4+grade4_week4_item10
bridal,71,,4,0,adj,elementary_fill+grade4+grade4_week4_item11
dental,72,,4,0,adj,elementary_fill+grade4+grade4_week4_item12
gerbil,73,,4,0,n,elementary_fill+grade4+grade4_week4_item13
nasal,74,,4,0,adj,elementary_fill+grade4+grade4_week4_item14
postal,75,,4,0,adj,elementary_fill+grade4+grade4_week4_item15
immigrant,77,,4,0,adj,elementary_fill+grade4+grade4_week4_item17
passage,78,,4,0,n,elementary_fill+grade4+grade4_week4_item18
population,79,,4,0,n,elementary_fill+grade4+grade4_week4_item19
pioneer,80,,4,0,n,elementary_fill+grade4+grade4_week4_item20
stencil,81,,4,0,n,elementary_fill+grade4+grade4_week5_item1
twenty,82,,4,0,n,elementary_fill+grade4+grade4_week5_item2
tranquil,83,,4,0,n,elementary_fill+grade4+grade4_week5_item3
whine,85,,4,0,n,elementary_fill+grade4+grade4_week5_item5
fossil,86,,4,0,n,elementary_fill+grade4+grade4_week5_item6
utensil,89,,4,0,n,elementary_fill+grade4+grade4_week5_item9
mortal,90,,4,0,adj,elementary_fill+grade4+grade4_week5_item10
normal,91,,4,0,adj,elementary_fill+grade4+grade4_week5_item11
mental,92,,4,0,adj,elementary_fill+grade4+grade4_week5_item12
neutral,93,,4,0,adj,elementary_fill+grade4+grade4_week5_item13
partial,94,,4,0,adj,elementary_fill+grade4+grade4_week5_item14
council,95,,4,0,n,elementary_fill+grade4+grade4_week5_item15
eclipse,96,,4,0,n,elementary_fill+grade4+grade4_week5_item16
diamond,97,,4,0,n,elementary_fill+grade4+grade4_week5_item17
corona,98,,4,0,n,elementary_fill+grade4+grade4_week5_item18
retain,99,,4,0,n,elementary_fill+grade4+grade4_week5_item19
resist,100,,4,0,n,elementary_fill+grade4+grade4_week5_item20
thirty,101,,4,0,n,elementary_fill+grade4+grade4_week6_item1
synonym,102,,4,0,n,elementary_fill+grade4+grade4_week6_item2
antonym,103,,4,0,n,elementary_fill+grade4+grade4_week6_item3
emotion,104,,4,0,n,elementary_fill+grade4+grade4_week6_item4
anyone,106,,4,0,pron,elementary_fill+grade4+grade4_week6_item6
juvenile,108,,4,0,n,elementary_fill+grade4+grade4_week6_item8
reptile,109,,4,1,n,elementary_fill+grade4+grade4_week6_item9
fragile,111,,4,0,n,elementary_fill+grade4+grade4_week6_item11
hostile,112,,4,0,n,elementary_fill+grade4+grade4_week6_item12
mobile,113,,4,0,n,elementary_fill+grade4+grade4_week6_item13
tonsil,114,,4,0,n,elementary_fill+grade4+grade4_week6_item14
evil,115,,4,0,n,elementary_fill+grade4+grade4_week6_item15
depend,117,,4,0,n,elementary_fill+grade4+grade4_week6_item17
destroy,118,,4,0,n,elementary_fill+grade4+grade4_week6_item18
celebrate,119,,4,0,n,elementary_fill+grade4+grade4_week6_item19
factory,120,,4,0,adj,elementary_fill+grade4+grade4_week6_item20
bytes,121,,4,1,n,elementary_fill+grade4+grade4_week7_item1
extend,122,,4,0,n,elementary_fill+grade4+grade4_week7_item2
monitor,124,,4,1,n,elementary_fill+grade4+grade4_week7_item4
portal,126,,4,0,adj,elementary_fill+grade4+grade4_week7_item6
tunnel,127,,4,0,n,elementary_fill+grade4+grade4_week7_item7
channel,129,,4,0,n,elementary_fill+grade4+grade4_week7_item9
numerical,130,,4,0,adj,elementary_fill+grade4+grade4_week7_item10
fatal,131,,4,0,adj,elementary_fill+grade4+grade4_week7_item11
oval,132,,4,0,adj,elementary_fill+grade4+grade4_week7_item12
towel,133,,4,0,n,elementary_fill+grade4+grade4_week7_item13
chapel,134,,4,0,n,elementary_fill+grade4+grade4_week7_item14
tinsel,135,,4,0,n,elementary_fill+grade4+grade4_week7_item15
dispersal,136,,4,0,adj,elementary_fill+grade4+grade4_week7_item16
compatible,137,,4,0,adj,elementary_fill+grade4+grade4_week7_item17
lettuce,141,,4,0,n,elementary_fill+grade4+grade4_week8_item1
spinach,142,,4,0,n,elementary_fill+grade4+grade4_week8_item2
squash,144,,4,0,n,elementary_fill+grade4+grade4_week8_item4
carrot,145,,4,0,n,elementary_fill+grade4+grade4_week8_item5
onion,146,,4,0,n,elementary_fill+grade4+grade4_week8_item6
jungle,147,,4,0,n,elementary_fill+grade4+grade4_week8_item7
crumble,148,,4,0,n,elementary_fill+grade4+grade4_week8_item8
cable,149,,4,0,adj,elementary_fill+grade4+grade4_week8_item9
puzzle,150,,4,0,n,elementary_fill+grade4+grade4_week8_item10
ankle,151,,4,0,n,elementary_fill+grade4+grade4_week8_item11
freckle,152,,4,0,n,elementary_fill+grade4+grade4_week8_item12
knuckle,153,,4,0,n,elementary_fill+grade4+grade4_week8_item13
sprinkle,154,,4,0,n,elementary_fill+grade4+grade4_week8_item14
dimple,155,,4,0,n,elementary_fill+grade4+grade4_week8_item15
camouflage,156,,4,0,n,elementary_fill+grade4+grade4_week8_item16
habitat,157,,4,1,n,elementary_fill+grade4+grade4_week8_item17
prey,158,,4,1,n,elementary_fill+grade4+grade4_week8_item18
imitate,159,,4,0,n,elementary_fill+grade4+grade4_week8_item19
thirteen,161,,4,0,n,elementary_fill+grade4+grade4_week9_item1
appoint,162,,4,0,n,elementary_fill+grade4+grade4_week9_item2
discuss,163,,4,0,n,elementary_fill+grade4+grade4_week9_item3
demand,164,,4,0,n,elementary_fill+grade4+grade4_week9_item4
request,165,,4,0,n,elementary_fill+grade4+grade4_week9_item5
relief,166,,4,0,n,elementary_fill+grade4+grade4_week9_item6
structure,167,,4,0,n,elementary_fill+grade4+grade4_week9_item7
signature,168,,4,0,n,elementary_fill+grade4+grade4_week9_item8
furniture,169,,4,0,n,elementary_fill+grade4+grade4_week9_item9
departure,170,,4,0,n,elementary_fill+grade4+grade4_week9_item10
capture,171,,4,0,n,elementary_fill+grade4+grade4_week9_item11
miniature,172,,4,0,n,elementary_fill+grade4+grade4_week9_item12
creature,173,,4,0,n,elementary_fill+grade4+grade4_week9_item13
fixture,174,,4,0,n,elementary_fill+grade4+grade4_week9_item14
railroad,177,,4,0,n,elementary_fill+grade4+grade4_week9_item17
architecture,178,,4,0,n,elementary_fill+grade4+grade4_week9_item18
transportation,180,,4,0,n,elementary_fill+grade4+grade4_week9_item20
fourteen,181,,4,0,n,elementary_fill+grade4+grade4_week10_item1
plenty,182,,4,0,n,elementary_fill+grade4+grade4_week10_item2
relax,183,,4,0,n,elementary_fill+grade4+grade4_week10_item3
bureau,184,,4,0,n,elementary_fill+grade4+grade4_week10_item4
plateau,185,,4,0,n,elementary_fill+grade4+grade4_week10_item5
clause,187,,4,0,n,elementary_fill+grade4+grade4_week10_item7
sketch,189,,4,0,n,elementary_fill+grade4+grade4_week10_item9
rancher,190,,4,0,n,elementary_fill+grade4+grade4_week10_item10
bleacher,191,,4,0,n,elementary_fill+grade4+grade4_week10_item11
richer,192,,4,0,n,elementary_fill+grade4+grade4_week10_item12
voucher,193,,4,0,n,elementary_fill+grade4+grade4_week10_item13
pitcher,194,,4,0,n,elementary_fill+grade4+grade4_week10_item14
catcher,195,,4,0,n,elementary_fill+grade4+grade4_week10_item15
earthquake,196,,4,0,n,elementary_fill+grade4+grade4_week10_item16
tremor,198,,4,0,n,elementary_fill+grade4+grade4_week10_item18
fault,199,,4,0,n,elementary_fill+grade4+grade4_week10_item19
crust,200,,4,0,n,elementary_fill+grade4+grade4_week10_item20
forty,201,,4,0,n,elementary_fill+grade4+grade4_week11_item1
split,203,,4,0,n,elementary_fill+grade4+grade4_week11_item3
minus,205,,4,1,n,elementary_fill+grade4+grade4_week11_item5
plus,206,,4,1,n,elementary_fill+grade4+grade4_week11_item6
totally,207,,4,0,adv,elementary_fill+grade4+grade4_week11_item7
really,208,,4,0,adv,elementary_fill+grade4+grade4_week11_item8
locally,210,,4,0,adv,elementary_fill+grade4+grade4_week11_item10
fresher,211,,4,0,n,elementary_fill+grade4+grade4_week11_item11
usher,212,,4,0,n,elementary_fill+grade4+grade4_week11_item12
gusher,213,,4,0,n,elementary_fill+grade4+grade4_week11_item13
crusher,214,,4,0,n,elementary_fill+grade4+grade4_week11_item14
flasher,215,,4,0,n,elementary_fill+grade4+grade4_week11_item15
balance,216,,4,0,n,elementary_fill+grade4+grade4_week11_item16
arithmetic,217,,4,0,adj,elementary_fill+grade4+grade4_week11_item17
parentheses,218,,4,0,n,elementary_fill+grade4+grade4_week11_item18
bracket,219,,4,0,n,elementary_fill+grade4+grade4_week11_item19
percent,220,,4,1,n,elementary_fill+grade4+grade4_week11_item20
slide,221,,4,0,n,elementary_fill+grade4+grade4_week12_item1
swings,222,,4,0,n,elementary_fill+grade4+grade4_week12_item2
goal,223,,4,0,adj,elementary_fill+grade4+grade4_week12_item3
coach,224,,4,0,n,elementary_fill+grade4+grade4_week12_item4
blown,227,,4,0,n,elementary_fill+grade4+grade4_week12_item7
pasture,228,,4,0,n,elementary_fill+grade4+grade4_week12_item8
adventure,229,,4,0,n,elementary_fill+grade4+grade4_week12_item9
mixture,232,,4,0,n,elementary_fill+grade4+grade4_week12_item12
moisture,233,,4,0,n,elementary_fill+grade4+grade4_week12_item13
puncture,234,,4,0,n,elementary_fill+grade4+grade4_week12_item14
sculpture,235,,4,0,n,elementary_fill+grade4+grade4_week12_item15
brass,236,,4,0,n,elementary_fill+grade4+grade4_week12_item16
violin,237,,4,0,n,elementary_fill+grade4+grade4_week12_item17
fifteen,241,,4,0,n,elementary_fill+grade4+grade4_week13_item1
polite,242,,4,0,n,elementary_fill+grade4+grade4_week13_item2
peanut,243,,4,0,n,elementary_fill+grade4+grade4_week13_item3
soccer,244,,4,0,n,elementary_fill+grade4+grade4_week13_item4
backpack,245,,4,0,n,elementary_fill+grade4+grade4_week13_item5
decide,246,,4,0,v,elementary_fill+grade4+grade4_week13_item6
stretcher,251,,4,0,n,elementary_fill+grade4+grade4_week13_item11
preacher,252,,4,0,n,elementary_fill+grade4+grade4_week13_item12
pressure,253,,4,0,n,elementary_fill+grade4+grade4_week13_item13
closure,254,,4,0,n,elementary_fill+grade4+grade4_week13_item14
treasure,255,,4,0,n,elementary_fill+grade4+grade4_week13_item15
dwelling,256,,4,0,v,elementary_fill+grade4+grade4_week13_item16
lodge,257,,4,0,n,elementary_fill+grade4+grade4_week13_item17
igloo,258,,4,0,n,elementary_fill+grade4+grade4_week13_item18
pueblo,259,,4,0,n,elementary_fill+grade4+grade4_week13_item19
wigwam,260,,4,0,n,elementary_fill+grade4+grade4_week13_item20
erratic,263,,4,0,adj,elementary_fill+grade4+grade4_week14_item3
fifty,264,,4,0,n,elementary_fill+grade4+grade4_week14_item4
receive,265,,4,0,adj,elementary_fill+grade4+grade4_week14_item5
revise,266,,4,0,n,elementary_fill+grade4+grade4_week14_item6
deceive,267,,4,0,adj,elementary_fill+grade4+grade4_week14_item7
rupture,270,,4,0,n,elementary_fill+grade4+grade4_week14_item10
leisure,271,,4,0,n,elementary_fill+grade4+grade4_week14_item11
seizure,272,,4,0,n,elementary_fill+grade4+grade4_week14_item12
pleasure,273,,4,0,n,elementary_fill+grade4+grade4_week14_item13
vulture,274,,4,0,n,elementary_fill+grade4+grade4_week14_item14
glacier,275,,4,0,n,elementary_fill+grade4+grade4_week14_item15
debris,276,,4,0,n,elementary_fill+grade4+grade4_week14_item16
moraine,277,,4,0,n,elementary_fill+grade4+grade4_week14_item17
cirque,278,,4,0,n,elementary_fill+grade4+grade4_week14_item18
iceberg,279,,4,0,n,elementary_fill+grade4+grade4_week14_item19
advance,280,,4,0,n,elementary_fill+grade4+grade4_week14_item20
sixteen,281,,4,0,n,elementary_fill+grade4+grade4_week15_item1
chicken,282,,4,0,n,elementary_fill+grade4+grade4_week15_item2
elephant,283,,4,0,adj,elementary_fill+grade4+grade4_week15_item3
gorilla,285,,4,0,n,elementary_fill+grade4+grade4_week15_item5
dolphin,286,,4,0,n,elementary_fill+grade4+grade4_week15_item6
ticket,288,,4,0,n,elementary_fill+grade4+grade4_week15_item8
diet,289,,4,0,n,elementary_fill+grade4+grade4_week15_item9
puppet,290,,4,0,n,elementary_fill+grade4+grade4_week15_item10
banquet,291,,4,0,n,elementary_fill+grade4+grade4_week15_item11
blanket,292,,4,0,n,elementary_fill+grade4+grade4_week15_item12
gadget,293,,4,0,n,elementary_fill+grade4+grade4_week15_item13
musket,294,,4,0,n,elementary_fill+grade4+grade4_week15_item14
poet,295,,4,0,n,elementary_fill+grade4+grade4_week15_item15
range,296,,4,0,n,elementary_fill+grade4+grade4_week15_item16
strike,297,,4,0,n,elementary_fill+grade4+grade4_week15_item17
stampede,300,,4,0,n,elementary_fill+grade4+grade4_week15_item20
sixty,301,,4,0,n,elementary_fill+grade4+grade4_week16_item1
crocodile,303,,4,0,n,elementary_fill+grade4+grade4_week16_item3
monkey,304,,4,0,n,elementary_fill+grade4+grade4_week16_item4
alligator,305,,4,0,n,elementary_fill+grade4+grade4_week16_item5
wolves,306,,4,0,n,elementary_fill+grade4+grade4_week16_item6
kangaroo,307,,4,0,n,elementary_fill+grade4+grade4_week16_item7
rabbit,311,,4,0,n,elementary_fill+grade4+grade4_week16_item11
credit,312,,4,0,n,elementary_fill+grade4+grade4_week16_item12
hermit,313,,4,0,n,elementary_fill+grade4+grade4_week16_item13
transmit,314,,4,0,n,elementary_fill+grade4+grade4_week16_item14
habit,315,,4,0,n,elementary_fill+grade4+grade4_week16_item15
bandit,316,,4,0,n,elementary_fill+grade4+grade4_week16_item16
calendar,317,,4,0,n,elementary_fill+grade4+grade4_week16_item17
axis,319,,4,1,n,elementary_fill+grade4+grade4_week16_item19
astronomy,320,,4,0,n,elementary_fill+grade4+grade4_week16_item20
seventeen,321,,4,0,n,elementary_fill+grade4+grade4_week17_item1
browser,322,,4,1,n,elementary_fill+grade4+grade4_week17_item2
memory,323,,4,0,adj,elementary_fill+grade4+grade4_week17_item3
adage,325,,4,0,n,elementary_fill+grade4+grade4_week17_item5
courage,326,,4,0,n,elementary_fill+grade4+grade4_week17_item6
luggage,328,,4,0,n,elementary_fill+grade4+grade4_week17_item8
storage,329,,4,0,n,elementary_fill+grade4+grade4_week17_item9
thousand,330,,4,0,n,elementary_fill+grade4+grade4_week17_item10
bandage,331,,4,0,n,elementary_fill+grade4+grade4_week17_item11
cabbage,332,,4,0,n,elementary_fill+grade4+grade4_week17_item12
carriage,333,,4,0,n,elementary_fill+grade4+grade4_week17_item13
damage,334,,4,0,n,elementary_fill+grade4+grade4_week17_item14
garbage,335,,4,0,n,elementary_fill+grade4+grade4_week17_item15
landscape,336,,4,0,n,elementary_fill+grade4+grade4_week17_item16
carve,337,,4,0,n,elementary_fill+grade4+grade4_week17_item17
canyon,338,,4,0,n,elementary_fill+grade4+grade4_week17_item18
erosion,339,,4,0,n,elementary_fill+grade4+grade4_week17_item19
sediment,340,,4,0,n,elementary_fill+grade4+grade4_week17_item20
seventy,341,,4,0,n,elementary_fill+grade4+grade4_week18_item1
rhombus,342,,4,1,n,elementary_fill+grade4+grade4_week18_item2
average,344,,4,1,n,elementary_fill+grade4+grade4_week18_item4
caution,345,,4,0,n,elementary_fill+grade4+grade4_week18_item5
pledge,347,,4,0,n,elementary_fill+grade4+grade4_week18_item7
bridge,348,,4,0,n,elementary_fill+grade4+grade4_week18_item8
ridge,349,,4,0,n,elementary_fill+grade4+grade4_week18_item9
wedge,350,,4,0,n,elementary_fill+grade4+grade4_week18_item10
ledge,351,,4,0,n,elementary_fill+grade4+grade4_week18_item11
cartridge,352,,4,0,n,elementary_fill+grade4+grade4_week18_item12
partridge,353,,4,0,n,elementary_fill+grade4+grade4_week18_item13
porridge,354,,4,0,n,elementary_fill+grade4+grade4_week18_item14
globe,355,,4,1,n,elementary_fill+grade4+grade4_week18_item15
public,356,,4,0,adj,elementary_fill+grade4+grade4_week18_item16
private,357,,4,0,adj,elementary_fill+grade4+grade4_week18_item17
academic,358,,4,0,adj,elementary_fill+grade4+grade4_week18_item18
listening,359,,4,0,v,elementary_fill+grade4+grade4_week18_item19
skill,360,,4,0,n,elementary_fill+grade4+grade4_week18_item20
dragon,361,,4,0,n,elementary_fill+grade4+grade4_week19_item1
castle,362,,4,0,n,elementary_fill+grade4+grade4_week19_item2
knight,363,,4,0,n,elementary_fill+grade4+grade4_week19_item3
queen,364,,4,0,n,elementary_fill+grade4+grade4_week19_item4
prince,365,,4,0,n,elementary_fill+grade4+grade4_week19_item5
kingdom,366,,4,0,n,elementary_fill+grade4+grade4_week19_item6
ghost,368,,4,0,n,elementary_fill+grade4+grade4_week19_item8
robot,369,,4,0,n,elementary_fill+grade4+grade4_week19_item9
program,370,,4,1,n,elementary_fill+grade4+grade4_week19_item10
compose,371,,4,0,n,elementary_fill+grade4+grade4_week19_item11
coastal,372,,4,0,adj,elementary_fill+grade4+grade4_week19_item12
boast,373,,4,0,n,elementary_fill+grade4+grade4_week19_item13
toaster,374,,4,0,n,elementary_fill+grade4+grade4_week19_item14
owner,375,,4,0,n,elementary_fill+grade4+grade4_week19_item15
golden,376,,4,0,n,elementary_fill+grade4+grade4_week19_item16
boomtown,377,,4,0,n,elementary_fill+grade4+grade4_week19_item17
miner,378,,4,0,n,elementary_fill+grade4+grade4_week19_item18
claim,379,,4,0,n,elementary_fill+grade4+grade4_week19_item19
nugget,380,,4,0,n,elementary_fill+grade4+grade4_week19_item20
solo,381,,4,0,n,elementary_fill+grade4+grade4_week20_item1
duet,382,,4,0,n,elementary_fill+grade4+grade4_week20_item2
cello,383,,4,0,n,elementary_fill+grade4+grade4_week20_item3
trio,386,,4,0,n,elementary_fill+grade4+grade4_week20_item6
choir,387,,4,0,n,elementary_fill+grade4+grade4_week20_item7
remote,388,,4,0,n,elementary_fill+grade4+grade4_week20_item8
homework,390,,4,0,n,elementary_fill+grade4+grade4_week20_item10
lower,391,,4,0,n,elementary_fill+grade4+grade4_week20_item11
flamingo,392,,4,0,n,elementary_fill+grade4+grade4_week20_item12
stroller,393,,4,0,n,elementary_fill+grade4+grade4_week20_item13
decode,394,,4,0,n,elementary_fill+grade4+grade4_week20_item14
envelope,395,,4,0,n,elementary_fill+grade4+grade4_week20_item15
engineer,396,,4,0,n,elementary_fill+grade4+grade4_week20_item16
generate,400,,4,0,v,elementary_fill+grade4+grade4_week20_item20
positive,401,,4,0,adj,elementary_fill+grade4+grade4_week21_item1
negative,402,,4,0,adj,elementary_fill+grade4+grade4_week21_item2
college,403,,4,0,n,elementary_fill+grade4+grade4_week21_item3
university,404,,4,0,n,elementary_fill+grade4+grade4_week21_item4
hammer,406,,4,0,n,elementary_fill+grade4+grade4_week21_item6
nail,407,,4,0,n,elementary_fill+grade4+grade4_week21_item7
drill,408,,4,0,n,elementary_fill+grade4+grade4_week21_item8
chain,409,,4,0,n,elementary_fill+grade4+grade4_week21_item9
wrench,410,,4,0,n,elementary_fill+grade4+grade4_week21_item10
robin,411,,4,0,n,elementary_fill+grade4+grade4_week21_item11
bother,412,,4,0,n,elementary_fill+grade4+grade4_week21_item12
copper,413,,4,0,n,elementary_fill+grade4+grade4_week21_item13
comment,414,,4,0,n,elementary_fill+grade4+grade4_week21_item14
monster,415,,4,0,n,elementary_fill+grade4+grade4_week21_item15
series,417,,4,1,n,elementary_fill+grade4+grade4_week21_item17
charge,418,,4,0,n,elementary_fill+grade4+grade4_week21_item18
tenths,419,,4,1,n,elementary_fill+grade4+grade4_week21_item19
hotel,421,,4,0,n,elementary_fill+grade4+grade4_week22_item1
guest,422,,4,0,n,elementary_fill+grade4+grade4_week22_item2
elevator,425,,4,0,n,elementary_fill+grade4+grade4_week22_item5
generalize,426,,4,0,n,elementary_fill+grade4+grade4_week22_item6
package,427,,4,0,n,elementary_fill+grade4+grade4_week22_item7
umbrella,430,,4,0,n,elementary_fill+grade4+grade4_week22_item10
bubble,431,,4,0,n,elementary_fill+grade4+grade4_week22_item11
husband,432,,4,0,n,elementary_fill+grade4+grade4_week22_item12
bucket,433,,4,0,n,elementary_fill+grade4+grade4_week22_item13
publish,434,,4,0,v,elementary_fill+grade4+grade4_week22_item14
snuggle,435,,4,0,n,elementary_fill+grade4+grade4_week22_item15
inflation,436,,4,0,n,elementary_fill+grade4+grade4_week22_item16
ration,437,,4,0,n,elementary_fill+grade4+grade4_week22_item17
stock,438,,4,0,n,elementary_fill+grade4+grade4_week22_item18
depression,439,,4,0,n,elementary_fill+grade4+grade4_week22_item19
unemployment,440,,4,0,n,elementary_fill+grade4+grade4_week22_item20
member,445,,4,0,n,elementary_fill+grade4+grade4_week23_item5
contest,446,,4,0,n,elementary_fill+grade4+grade4_week23_item6
reject,447,,4,0,n,elementary_fill+grade4+grade4_week23_item7
unite,449,,4,0,v,elementary_fill+grade4+grade4_week23_item9
abuse,451,,4,0,n,elementary_fill+grade4+grade4_week23_item11
mute,452,,4,0,n,elementary_fill+grade4+grade4_week23_item12
youth,453,,4,0,n,elementary_fill+grade4+grade4_week23_item13
bugle,454,,4,0,n,elementary_fill+grade4+grade4_week23_item14
commute,455,,4,0,n,elementary_fill+grade4+grade4_week23_item15
actor,456,,4,0,n,elementary_fill+grade4+grade4_week23_item16
magnetic,457,,4,0,adj,elementary_fill+grade4+grade4_week23_item17
attraction,458,,4,0,n,elementary_fill+grade4+grade4_week23_item18
permanent,459,,4,0,adj,elementary_fill+grade4+grade4_week23_item19
temporary,460,,4,0,adj,elementary_fill+grade4+grade4_week23_item20
eighty,461,,4,0,n,elementary_fill+grade4+grade4_week24_item1
sheriff,462,,4,0,n,elementary_fill+grade4+grade4_week24_item2
rodeo,463,,4,0,n,elementary_fill+grade4+grade4_week24_item3
wagon,465,,4,0,n,elementary_fill+grade4+grade4_week24_item5
saddle,468,,4,0,n,elementary_fill+grade4+grade4_week24_item8
calf,469,,4,0,n,elementary_fill+grade4+grade4_week24_item9
develop,470,,4,0,v,elementary_fill+grade4+grade4_week24_item10
alarm,471,,4,0,n,elementary_fill+grade4+grade4_week24_item11
carbon,472,,4,1,n,elementary_fill+grade4+grade4_week24_item12
charcoal,473,,4,0,adj,elementary_fill+grade4+grade4_week24_item13
marble,474,,4,0,n,elementary_fill+grade4+grade4_week24_item14
scarlet,475,,4,0,n,elementary_fill+grade4+grade4_week24_item15
artistic,476,,4,0,adj,elementary_fill+grade4+grade4_week24_item16
medium,477,,4,0,n,elementary_fill+grade4+grade4_week24_item17
pastel,478,,4,0,n,elementary_fill+grade4+grade4_week24_item18
canvas,479,,4,0,n,elementary_fill+grade4+grade4_week24_item19
acrylic,480,,4,0,adj,elementary_fill+grade4+grade4_week24_item20
emerald,482,,4,0,n,elementary_fill+grade4+grade4_week25_item2
eighteen,483,,4,0,n,elementary_fill+grade4+grade4_week25_item3
site,485,,4,0,n,elementary_fill+grade4+grade4_week25_item5
harbor,486,,4,0,n,elementary_fill+grade4+grade4_week25_item6
barber,488,,4,0,n,elementary_fill+grade4+grade4_week25_item8
garlic,489,,4,0,adj,elementary_fill+grade4+grade4_week25_item9
parsley,491,,4,0,n,elementary_fill+grade4+grade4_week25_item11
tardy,492,,4,0,n,elementary_fill+grade4+grade4_week25_item12
tariff,493,,4,0,n,elementary_fill+grade4+grade4_week25_item13
prairie,494,,4,0,n,elementary_fill+grade4+grade4_week25_item14
barrel,495,,4,0,n,elementary_fill+grade4+grade4_week25_item15
ray,496,,4,0,n,elementary_fill+grade4+grade4_week25_item16
dimension,497,,4,0,n,elementary_fill+grade4+grade4_week25_item17
perpendicular,498,,4,0,n,elementary_fill+grade4+grade4_week25_item18
intersecting,499,,4,0,v,elementary_fill+grade4+grade4_week25_item19
array,500,,4,0,n,elementary_fill+grade4+grade4_week25_item20
ninety,501,,4,0,n,elementary_fill+grade4+grade4_week26_item1
purple,503,,4,0,adj,elementary_fill+grade4+grade4_week26_item3
chord,504,,4,0,n,elementary_fill+grade4+grade4_week26_item4
porch,505,,4,0,n,elementary_fill+grade4+grade4_week26_item5
purpose,507,,4,0,n,elementary_fill+grade4+grade4_week26_item7
berry,511,,4,0,n,elementary_fill+grade4+grade4_week26_item11
cherub,512,,4,0,n,elementary_fill+grade4+grade4_week26_item12
merit,513,,4,0,n,elementary_fill+grade4+grade4_week26_item13
perish,514,,4,0,adj,elementary_fill+grade4+grade4_week26_item14
mercy,515,,4,0,n,elementary_fill+grade4+grade4_week26_item15
ballot,516,,4,0,n,elementary_fill+grade4+grade4_week26_item16
principle,517,,4,0,n,elementary_fill+grade4+grade4_week26_item17
participate,519,,4,0,n,elementary_fill+grade4+grade4_week26_item19
responsibility,520,,4,0,n,elementary_fill+grade4+grade4_week26_item20
nineteen,521,,4,0,n,elementary_fill+grade4+grade4_week27_item1
cousin,523,,4,0,n,elementary_fill+grade4+grade4_week27_item3
wonderful,525,,4,0,adj,elementary_fill+grade4+grade4_week27_item5
charm,526,,4,0,n,elementary_fill+grade4+grade4_week27_item6
format,527,,4,0,n,elementary_fill+grade4+grade4_week27_item7
scarf,528,,4,0,n,elementary_fill+grade4+grade4_week27_item8
merge,529,,4,0,n,elementary_fill+grade4+grade4_week27_item9
squirt,530,,4,0,n,elementary_fill+grade4+grade4_week27_item10
sermon,531,,4,0,n,elementary_fill+grade4+grade4_week27_item11
barking,532,,4,0,v,elementary_fill+grade4+grade4_week27_item12
battery,533,,4,0,n,elementary_fill+grade4+grade4_week27_item13
earthworm,534,,4,0,n,elementary_fill+grade4+grade4_week27_item14
nervous,535,,4,0,adj,elementary_fill+grade4+grade4_week27_item15
obtuse,537,,4,0,n,elementary_fill+grade4+grade4_week27_item17
acute,538,,4,0,n,elementary_fill+grade4+grade4_week27_item18
vertex,540,,4,1,n,elementary_fill+grade4+grade4_week27_item20
principal,541,,4,0,adj,elementary_fill+grade4+grade4_week28_item1
finish,542,,4,0,adj,elementary_fill+grade4+grade4_week28_item2
translation,543,,4,0,n,elementary_fill+grade4+grade4_week28_item3
amuse,544,,4,0,n,elementary_fill+grade4+grade4_week28_item4
allowance,545,,4,0,n,elementary_fill+grade4+grade4_week28_item5
concern,547,,4,0,n,elementary_fill+grade4+grade4_week28_item7
thorn,548,,4,0,n,elementary_fill+grade4+grade4_week28_item8
sword,549,,4,0,n,elementary_fill+grade4+grade4_week28_item9
archer,551,,4,0,n,elementary_fill+grade4+grade4_week28_item11
marvelous,552,,4,0,adj,elementary_fill+grade4+grade4_week28_item12
career,553,,4,0,n,elementary_fill+grade4+grade4_week28_item13
merely,554,,4,0,adv,elementary_fill+grade4+grade4_week28_item14
sincere,555,,4,0,n,elementary_fill+grade4+grade4_week28_item15
carnivore,556,,4,0,n,elementary_fill+grade4+grade4_week28_item16
herbivore,557,,4,0,n,elementary_fill+grade4+grade4_week28_item17
omnivore,558,,4,0,n,elementary_fill+grade4+grade4_week28_item18
echolocation,559,,4,0,n,elementary_fill+grade4+grade4_week28_item19
ultrasound,560,,4,0,n,elementary_fill+grade4+grade4_week28_item20
kitchen,561,,4,0,n,elementary_fill+grade4+grade4_week29_item1
dining,562,,4,0,v,elementary_fill+grade4+grade4_week29_item2
pantry,563,,4,0,n,elementary_fill+grade4+grade4_week29_item3
staircase,564,,4,0,n,elementary_fill+grade4+grade4_week29_item4
scorpion,565,,4,0,n,elementary_fill+grade4+grade4_week29_item5
ornament,566,,4,0,n,elementary_fill+grade4+grade4_week29_item6
shoreline,567,,4,0,n,elementary_fill+grade4+grade4_week29_item7
storm,568,,4,0,n,elementary_fill+grade4+grade4_week29_item8
afford,569,,4,0,n,elementary_fill+grade4+grade4_week29_item9
margin,570,,4,0,n,elementary_fill+grade4+grade4_week29_item10
burden,571,,4,0,n,elementary_fill+grade4+grade4_week29_item11
purchase,572,,4,0,n,elementary_fill+grade4+grade4_week29_item12
surgeon,574,,4,0,n,elementary_fill+grade4+grade4_week29_item14
endure,575,,4,0,n,elementary_fill+grade4+grade4_week29_item15
merchant,576,,4,0,adj,elementary_fill+grade4+grade4_week29_item16
ounce,577,,4,0,n,elementary_fill+grade4+grade4_week29_item17
gram,578,,4,0,n,elementary_fill+grade4+grade4_week29_item18
milligram,579,,4,0,n,elementary_fill+grade4+grade4_week29_item19
kilogram,580,,4,0,n,elementary_fill+grade4+grade4_week29_item20
marriage,581,,4,0,n,elementary_fill+grade4+grade4_week30_item1
reply,582,,4,0,n,elementary_fill+grade4+grade4_week30_item2
achieve,583,,4,0,v,elementary_fill+grade4+grade4_week30_item3
tomorrow,585,,4,0,adv,elementary_fill+grade4+grade4_week30_item5
scan,586,,4,0,n,elementary_fill+grade4+grade4_week30_item6
delete,587,,4,0,n,elementary_fill+grade4+grade4_week30_item7
address,588,,4,0,n,elementary_fill+grade4+grade4_week30_item8
stern,590,,4,0,n,elementary_fill+grade4+grade4_week30_item10
mature,591,,4,0,n,elementary_fill+grade4+grade4_week30_item11
obscure,592,,4,0,n,elementary_fill+grade4+grade4_week30_item12
surely,593,,4,0,adv,elementary_fill+grade4+grade4_week30_item13
assure,594,,4,0,n,elementary_fill+grade4+grade4_week30_item14
dirty,596,,4,0,adj,elementary_fill+grade4+grade4_week30_item16
curb,597,,4,0,n,elementary_fill+grade4+grade4_week30_item17
vocal,598,,4,0,adj,elementary_fill+grade4+grade4_week30_item18
expression,599,,4,0,n,elementary_fill+grade4+grade4_week30_item19
inflection,600,,4,0,n,elementary_fill+grade4+grade4_week30_item20
actress,601,,4,0,n,elementary_fill+grade4+grade4_week31_item1
theater,602,,4,0,n,elementary_fill+grade4+grade4_week31_item2
comedy,604,,4,0,n,elementary_fill+grade4+grade4_week31_item4
tragedy,605,,4,0,n,elementary_fill+grade4+grade4_week31_item5
drama,606,,4,0,n,elementary_fill+grade4+grade4_week31_item6
neither,608,,4,0,det,elementary_fill+grade4+grade4_week31_item8
goose,609,,4,0,n,elementary_fill+grade4+grade4_week31_item9
aloof,611,,4,0,n,elementary_fill+grade4+grade4_week31_item11
moody,612,,4,0,n,elementary_fill+grade4+grade4_week31_item12
raccoon,613,,4,0,n,elementary_fill+grade4+grade4_week31_item13
askew,614,,4,0,n,elementary_fill+grade4+grade4_week31_item14
jewel,615,,4,0,n,elementary_fill+grade4+grade4_week31_item15
crew,616,,4,0,n,elementary_fill+grade4+grade4_week31_item16
customary,617,,4,0,adj,elementary_fill+grade4+grade4_week31_item17
kilometer,618,,4,0,n,elementary_fill+grade4+grade4_week31_item18
millimeter,619,,4,0,n,elementary_fill+grade4+grade4_week31_item19
centimeter,620,,4,0,n,elementary_fill+grade4+grade4_week31_item20
neighbor,621,,4,0,n,elementary_fill+grade4+grade4_week32_item1
camera,623,,4,0,n,elementary_fill+grade4+grade4_week32_item3
video,624,,4,1,n,elementary_fill+grade4+grade4_week32_item4
image,625,,4,1,n,elementary_fill+grade4+grade4_week32_item5
frame,626,,4,0,n,elementary_fill+grade4+grade4_week32_item6
movie,627,,4,0,n,elementary_fill+grade4+grade4_week32_item7
digital,628,,4,1,adj,elementary_fill+grade4+grade4_week32_item8
cookies,629,,4,0,n,elementary_fill+grade4+grade4_week32_item9
brotherhood,630,,4,0,n,elementary_fill+grade4+grade4_week32_item10
flooding,631,,4,0,v,elementary_fill+grade4+grade4_week32_item11
crooked,632,,4,0,v,elementary_fill+grade4+grade4_week32_item12
footprint,633,,4,0,n,elementary_fill+grade4+grade4_week32_item13
woodland,634,,4,0,n,elementary_fill+grade4+grade4_week32_item14
mistook,635,,4,0,n,elementary_fill+grade4+grade4_week32_item15
executive,636,,4,0,adj,elementary_fill+grade4+grade4_week32_item16
judicial,637,,4,0,adj,elementary_fill+grade4+grade4_week32_item17
legislative,638,,4,0,adj,elementary_fill+grade4+grade4_week32_item18
congress,640,,4,0,n,elementary_fill+grade4+grade4_week32_item20
decade,641,,4,0,n,elementary_fill+grade4+grade4_week33_item1
release,645,,4,0,n,elementary_fill+grade4+grade4_week33_item5
distraction,649,,4,0,n,elementary_fill+grade4+grade4_week33_item9
completion,650,,4,0,n,elementary_fill+grade4+grade4_week33_item10
affection,651,,4,0,n,elementary_fill+grade4+grade4_week33_item11
collection,652,,4,0,n,elementary_fill+grade4+grade4_week33_item12
construction,653,,4,0,n,elementary_fill+grade4+grade4_week33_item13
profession,654,,4,0,n,elementary_fill+grade4+grade4_week33_item14
inspection,655,,4,0,n,elementary_fill+grade4+grade4_week33_item15
illegal,656,,4,0,adj,elementary_fill+grade4+grade4_week33_item16
pollution,657,,4,0,n,elementary_fill+grade4+grade4_week33_item17
conservation,658,,4,0,n,elementary_fill+grade4+grade4_week33_item18
ecology,659,,4,1,n,elementary_fill+grade4+grade4_week33_item19
recycle,660,,4,0,v,elementary_fill+grade4+grade4_week33_item20
orange,661,,4,0,adj,elementary_fill+grade4+grade4_week34_item1
banana,662,,4,0,n,elementary_fill+grade4+grade4_week34_item2
grapefruit,663,,4,0,n,elementary_fill+grade4+grade4_week34_item3
pineapple,664,,4,0,n,elementary_fill+grade4+grade4_week34_item4
strawberry,665,,4,0,n,elementary_fill+grade4+grade4_week34_item5
apricot,666,,4,0,n,elementary_fill+grade4+grade4_week34_item6
lemon,667,,4,0,n,elementary_fill+grade4+grade4_week34_item7
protection,671,,4,0,n,elementary_fill+grade4+grade4_week34_item11
reaction,672,,4,0,n,elementary_fill+grade4+grade4_week34_item12
compassion,673,,4,0,n,elementary_fill+grade4+grade4_week34_item13
adoption,674,,4,0,n,elementary_fill+grade4+grade4_week34_item14
corruption,675,,4,0,n,elementary_fill+grade4+grade4_week34_item15
illustrate,676,,4,0,v,elementary_fill+grade4+grade4_week34_item16
immature,677,,4,0,n,elementary_fill+grade4+grade4_week34_item17
gallon,678,,4,0,n,elementary_fill+grade4+grade4_week34_item18
pint,679,,4,0,n,elementary_fill+grade4+grade4_week34_item19
liter,680,,4,0,n,elementary_fill+grade4+grade4_week34_item20
breeze,683,,4,0,n,elementary_fill+grade4+grade4_week35_item3
calm,684,,4,0,n,elementary_fill+grade4+grade4_week35_item4
irritation,685,,4,0,n,elementary_fill+grade4+grade4_week35_item5
devotion,687,,4,0,n,elementary_fill+grade4+grade4_week35_item7
infection,688,,4,0,n,elementary_fill+grade4+grade4_week35_item8
occasion,689,,4,0,n,elementary_fill+grade4+grade4_week35_item9
digestion,691,,4,0,n,elementary_fill+grade4+grade4_week35_item11
disruption,692,,4,0,n,elementary_fill+grade4+grade4_week35_item12
invention,693,,4,0,n,elementary_fill+grade4+grade4_week35_item13
prevention,694,,4,0,n,elementary_fill+grade4+grade4_week35_item14
suggestion,695,,4,0,n,elementary_fill+grade4+grade4_week35_item15
elected,696,,4,0,v,elementary_fill+grade4+grade4_week35_item16
official,697,,4,0,adj,elementary_fill+grade4+grade4_week35_item17
contact,698,,4,0,n,elementary_fill+grade4+grade4_week35_item18
district,700,,4,0,n,elementary_fill+grade4+grade4_week35_item20
ribbon,701,,4,0,n,elementary_fill+grade4+grade4_week36_item1
quantity,702,,4,0,n,elementary_fill+grade4+grade4_week36_item2
yesterday,703,,4,0,adv,elementary_fill+grade4+grade4_week36_item3
sweet,704,,4,0,n,elementary_fill+grade4+grade4_week36_item4
remove,705,,4,0,v,elementary_fill+grade4+grade4_week36_item5
bitter,707,,4,0,n,elementary_fill+grade4+grade4_week36_item7
invitation,710,,4,0,n,elementary_fill+grade4+grade4_week36_item10
mitten,711,,4,0,n,elementary_fill+grade4+grade4_week36_item11
invasion,712,,4,0,n,elementary_fill+grade4+grade4_week36_item12
elevation,713,,4,0,n,elementary_fill+grade4+grade4_week36_item13
illusion,714,,4,0,n,elementary_fill+grade4+grade4_week36_item14
presentation,715,,4,0,n,elementary_fill+grade4+grade4_week36_item15
promotion,716,,4,0,n,elementary_fill+grade4+grade4_week36_item16
revision,717,,4,0,n,elementary_fill+grade4+grade4_week36_item17
rotation,718,,4,0,n,elementary_fill+grade4+grade4_week36_item18
reflection,719,,4,0,n,elementary_fill+grade4+grade4_week36_item19
comic,1,,5,0,adj,elementary_fill+grade5+grade5_week1_item1
ostrich,2,,5,0,n,elementary_fill+grade5+grade5_week1_item2
insult,4,,5,0,n,elementary_fill+grade5+grade5_week1_item4
grumble,5,,5,0,n,elementary_fill+grade5+grade5_week1_item5
gallop,6,,5,0,n,elementary_fill+grade5+grade5_week1_item6
hurry,7,,5,0,n,elementary_fill+grade5+grade5_week1_item7
distinct,8,,5,0,adj,elementary_fill+grade5+grade5_week1_item8
contestant,9,,5,0,adj,elementary_fill+grade5+grade5_week1_item9
defendant,10,,5,0,adj,elementary_fill+grade5+grade5_week1_item10
assistant,11,,5,0,adj,elementary_fill+grade5+grade5_week1_item11
brilliant,12,,5,0,adj,elementary_fill+grade5+grade5_week1_item12
compliant,13,,5,0,adj,elementary_fill+grade5+grade5_week1_item13
ignorant,15,,5,0,adj,elementary_fill+grade5+grade5_week1_item15
applicant,17,,5,0,adj,elementary_fill+grade5+grade5_week1_item17
route,19,,5,0,n,elementary_fill+grade5+grade5_week1_item19
trace,20,,5,0,n,elementary_fill+grade5+grade5_week1_item20
ashamed,21,,5,0,v,elementary_fill+grade5+grade5_week2_item1
indeed,22,,5,0,v,elementary_fill+grade5+grade5_week2_item2
sweater,25,,5,0,n,elementary_fill+grade5+grade5_week2_item5
instant,27,,5,0,adj,elementary_fill+grade5+grade5_week2_item7
smile,29,,5,0,v,elementary_fill+grade5+grade5_week2_item9
irritate,30,,5,0,n,elementary_fill+grade5+grade5_week2_item10
plunge,31,,5,0,n,elementary_fill+grade5+grade5_week2_item11
absent,32,,5,0,adj,elementary_fill+grade5+grade5_week2_item12
excellent,33,,5,0,adj,elementary_fill+grade5+grade5_week2_item13
reverent,34,,5,0,adj,elementary_fill+grade5+grade5_week2_item14
impatient,35,,5,0,adj,elementary_fill+grade5+grade5_week2_item15
stringent,36,,5,0,adj,elementary_fill+grade5+grade5_week2_item16
constant,41,,5,0,adj,elementary_fill+grade5+grade5_week3_item1
secret,47,,5,0,n,elementary_fill+grade5+grade5_week3_item7
tumble,48,,5,0,n,elementary_fill+grade5+grade5_week3_item8
afterwards,49,,5,0,n,elementary_fill+grade5+grade5_week3_item9
cathedral,50,,5,0,adj,elementary_fill+grade5+grade5_week3_item10
desirable,51,,5,0,adj,elementary_fill+grade5+grade5_week3_item11
excitable,52,,5,0,adj,elementary_fill+grade5+grade5_week3_item12
breakable,53,,5,0,adj,elementary_fill+grade5+grade5_week3_item13
notable,54,,5,0,adj,elementary_fill+grade5+grade5_week3_item14
tolerable,55,,5,0,adj,elementary_fill+grade5+grade5_week3_item15
tenth,59,,5,0,n,elementary_fill+grade5+grade5_week3_item19
millionth,60,,5,0,n,elementary_fill+grade5+grade5_week3_item20
hesitate,63,,5,0,n,elementary_fill+grade5+grade5_week4_item3
tenant,64,,5,0,adj,elementary_fill+grade5+grade5_week4_item4
beige,67,,5,0,n,elementary_fill+grade5+grade5_week4_item7
breathe,68,,5,0,n,elementary_fill+grade5+grade5_week4_item8
succeed,69,,5,0,v,elementary_fill+grade5+grade5_week4_item9
horrible,70,,5,0,adj,elementary_fill+grade5+grade5_week4_item10
tangible,71,,5,0,adj,elementary_fill+grade5+grade5_week4_item11
gullible,72,,5,0,adj,elementary_fill+grade5+grade5_week4_item12
invisible,76,,5,0,adj,elementary_fill+grade5+grade5_week4_item16
specific,77,,5,0,adj,elementary_fill+grade5+grade5_week4_item17
ancient,79,,5,0,adj,elementary_fill+grade5+grade5_week4_item19
cliff,80,,5,0,n,elementary_fill+grade5+grade5_week4_item20
beetle,81,,5,0,n,elementary_fill+grade5+grade5_week5_item1
jewelry,82,,5,0,n,elementary_fill+grade5+grade5_week5_item2
avenue,83,,5,0,n,elementary_fill+grade5+grade5_week5_item3
climb,84,,5,0,v,elementary_fill+grade5+grade5_week5_item4
continue,87,,5,0,n,elementary_fill+grade5+grade5_week5_item7
launch,88,,5,0,n,elementary_fill+grade5+grade5_week5_item8
active,89,,5,0,adj,elementary_fill+grade5+grade5_week5_item9
passive,90,,5,0,adj,elementary_fill+grade5+grade5_week5_item10
sprint,91,,5,0,n,elementary_fill+grade5+grade5_week5_item11
allowable,92,,5,0,adj,elementary_fill+grade5+grade5_week5_item12
suitable,93,,5,0,adj,elementary_fill+grade5+grade5_week5_item13
preferable,95,,5,0,adj,elementary_fill+grade5+grade5_week5_item15
debatable,96,,5,0,adj,elementary_fill+grade5+grade5_week5_item16
solidify,99,,5,0,n,elementary_fill+grade5+grade5_week5_item19
petroleum,100,,5,0,n,elementary_fill+grade5+grade5_week5_item20
bruise,104,,5,0,n,elementary_fill+grade5+grade5_week6_item4
awkward,105,,5,0,n,elementary_fill+grade5+grade5_week6_item5
picnic,106,,5,0,adj,elementary_fill+grade5+grade5_week6_item6
bicycle,107,,5,0,n,elementary_fill+grade5+grade5_week6_item7
triple,108,,5,0,n,elementary_fill+grade5+grade5_week6_item8
trilogy,109,,5,0,n,elementary_fill+grade5+grade5_week6_item9
trinity,110,,5,0,n,elementary_fill+grade5+grade5_week6_item10
duplicate,111,,5,0,n,elementary_fill+grade5+grade5_week6_item11
quadruple,112,,5,0,n,elementary_fill+grade5+grade5_week6_item12
unicycle,113,,5,0,n,elementary_fill+grade5+grade5_week6_item13
duplex,114,,5,0,n,elementary_fill+grade5+grade5_week6_item14
uniform,115,,5,0,n,elementary_fill+grade5+grade5_week6_item15
quartet,116,,5,0,n,elementary_fill+grade5+grade5_week6_item16
octave,118,,5,0,n,elementary_fill+grade5+grade5_week6_item18
cadence,120,,5,0,n,elementary_fill+grade5+grade5_week6_item20
discard,122,,5,0,n,elementary_fill+grade5+grade5_week7_item2
freight,124,,5,0,n,elementary_fill+grade5+grade5_week7_item4
canter,125,,5,0,n,elementary_fill+grade5+grade5_week7_item5
vocabulary,126,,5,0,adj,elementary_fill+grade5+grade5_week7_item6
aware,127,,5,0,n,elementary_fill+grade5+grade5_week7_item7
fashion,134,,5,0,n,elementary_fill+grade5+grade5_week7_item14
divisible,137,,5,0,adj,elementary_fill+grade5+grade5_week7_item17
factor,138,,5,0,n,elementary_fill+grade5+grade5_week7_item18
composite,139,,5,0,n,elementary_fill+grade5+grade5_week7_item19
greatest,140,,5,0,n,elementary_fill+grade5+grade5_week7_item20
coward,142,,5,0,n,elementary_fill+grade5+grade5_week8_item2
breakfast,143,,5,0,n,elementary_fill+grade5+grade5_week8_item3
remarkable,144,,5,0,adj,elementary_fill+grade5+grade5_week8_item4
vanish,146,,5,0,adj,elementary_fill+grade5+grade5_week8_item6
saucer,147,,5,0,n,elementary_fill+grade5+grade5_week8_item7
politician,149,,5,0,n,elementary_fill+grade5+grade5_week8_item9
loyal,157,,5,0,adj,elementary_fill+grade5+grade5_week8_item17
renewable,158,,5,0,adj,elementary_fill+grade5+grade5_week8_item18
vertical,159,,5,0,adj,elementary_fill+grade5+grade5_week8_item19
panel,160,,5,0,n,elementary_fill+grade5+grade5_week8_item20
novel,164,,5,0,n,elementary_fill+grade5+grade5_week9_item4
horizon,165,,5,0,n,elementary_fill+grade5+grade5_week9_item5
eagle,166,,5,0,n,elementary_fill+grade5+grade5_week9_item6
recent,167,,5,0,adj,elementary_fill+grade5+grade5_week9_item7
ancestor,168,,5,0,n,elementary_fill+grade5+grade5_week9_item8
walrus,169,,5,0,n,elementary_fill+grade5+grade5_week9_item9
escape,170,,5,0,n,elementary_fill+grade5+grade5_week9_item10
criticize,172,,5,0,n,elementary_fill+grade5+grade5_week9_item12
ethnicity,173,,5,0,n,elementary_fill+grade5+grade5_week9_item13
publicity,174,,5,0,n,elementary_fill+grade5+grade5_week9_item14
elasticity,175,,5,0,n,elementary_fill+grade5+grade5_week9_item15
voyage,176,,5,0,n,elementary_fill+grade5+grade5_week9_item16
pilgrim,178,,5,0,n,elementary_fill+grade5+grade5_week9_item18
compact,179,,5,0,n,elementary_fill+grade5+grade5_week9_item19
agreement,180,,5,0,n,elementary_fill+grade5+grade5_week9_item20
gopher,182,,5,0,n,elementary_fill+grade5+grade5_week10_item2
archery,184,,5,0,n,elementary_fill+grade5+grade5_week10_item4
comet,186,,5,0,n,elementary_fill+grade5+grade5_week10_item6
secretary,188,,5,0,adj,elementary_fill+grade5+grade5_week10_item8
galaxy,189,,5,0,n,elementary_fill+grade5+grade5_week10_item9
universe,190,,5,0,n,elementary_fill+grade5+grade5_week10_item10
commercial,191,,5,0,adj,elementary_fill+grade5+grade5_week10_item11
financial,192,,5,0,adj,elementary_fill+grade5+grade5_week10_item12
racial,193,,5,0,adj,elementary_fill+grade5+grade5_week10_item13
rely,197,,5,0,adv,elementary_fill+grade5+grade5_week10_item17
exchange,198,,5,0,n,elementary_fill+grade5+grade5_week10_item18
noodle,204,,5,0,n,elementary_fill+grade5+grade5_week11_item4
autumn,206,,5,0,n,elementary_fill+grade5+grade5_week11_item6
lizard,207,,5,0,n,elementary_fill+grade5+grade5_week11_item7
ambulance,208,,5,0,n,elementary_fill+grade5+grade5_week11_item8
torrential,210,,5,0,adj,elementary_fill+grade5+grade5_week11_item10
essential,211,,5,0,adj,elementary_fill+grade5+grade5_week11_item11
impartial,212,,5,0,adj,elementary_fill+grade5+grade5_week11_item12
palatial,214,,5,0,adj,elementary_fill+grade5+grade5_week11_item14
turtle,216,,5,0,n,elementary_fill+grade5+grade5_week11_item16
tortoise,217,,5,0,n,elementary_fill+grade5+grade5_week11_item17
mustard,218,,5,0,n,elementary_fill+grade5+grade5_week11_item18
symbol,219,,5,0,n,elementary_fill+grade5+grade5_week11_item19
brace,220,,5,0,n,elementary_fill+grade5+grade5_week11_item20
conceive,222,,5,0,adj,elementary_fill+grade5+grade5_week12_item2
insurance,223,,5,0,n,elementary_fill+grade5+grade5_week12_item3
spaghetti,224,,5,0,n,elementary_fill+grade5+grade5_week12_item4
agility,227,,5,0,n,elementary_fill+grade5+grade5_week12_item7
hyena,228,,5,0,n,elementary_fill+grade5+grade5_week12_item8
flavor,229,,5,0,n,elementary_fill+grade5+grade5_week12_item9
advocate,231,,5,0,n,elementary_fill+grade5+grade5_week12_item11
alternate,232,,5,0,n,elementary_fill+grade5+grade5_week12_item12
articulate,233,,5,0,n,elementary_fill+grade5+grade5_week12_item13
graduate,234,,5,0,n,elementary_fill+grade5+grade5_week12_item14
attribute,235,,5,0,n,elementary_fill+grade5+grade5_week12_item15
frequent,236,,5,0,adj,elementary_fill+grade5+grade5_week12_item16
thorough,237,,5,0,n,elementary_fill+grade5+grade5_week12_item17
transfer,238,,5,0,n,elementary_fill+grade5+grade5_week12_item18
pharmacy,243,,5,0,n,elementary_fill+grade5+grade5_week13_item3
scissors,244,,5,0,n,elementary_fill+grade5+grade5_week13_item4
skunk,245,,5,0,n,elementary_fill+grade5+grade5_week13_item5
convict,247,,5,0,n,elementary_fill+grade5+grade5_week13_item7
finance,248,,5,0,n,elementary_fill+grade5+grade5_week13_item8
wound,249,,5,0,n,elementary_fill+grade5+grade5_week13_item9
estimate,253,,5,0,n,elementary_fill+grade5+grade5_week13_item13
associate,254,,5,0,n,elementary_fill+grade5+grade5_week13_item14
colony,256,,5,0,n,elementary_fill+grade5+grade5_week13_item16
spherical,257,,5,0,adj,elementary_fill+grade5+grade5_week13_item17
calico,261,,5,0,n,elementary_fill+grade5+grade5_week14_item1
library,263,,5,0,adj,elementary_fill+grade5+grade5_week14_item3
hospital,264,,5,0,adj,elementary_fill+grade5+grade5_week14_item4
restaurant,265,,5,0,adj,elementary_fill+grade5+grade5_week14_item5
clinic,266,,5,0,adj,elementary_fill+grade5+grade5_week14_item6
student,267,,5,0,adj,elementary_fill+grade5+grade5_week14_item7
shelf,269,,5,0,n,elementary_fill+grade5+grade5_week14_item9
shelves,270,,5,0,n,elementary_fill+grade5+grade5_week14_item10
alumni,272,,5,0,n,elementary_fill+grade5+grade5_week14_item12
cactus,273,,5,0,n,elementary_fill+grade5+grade5_week14_item13
cacti,274,,5,0,n,elementary_fill+grade5+grade5_week14_item14
nucleus,275,,5,0,n,elementary_fill+grade5+grade5_week14_item15
nuclei,276,,5,0,n,elementary_fill+grade5+grade5_week14_item16
stomach,277,,5,0,n,elementary_fill+grade5+grade5_week14_item17
esophagus,278,,5,0,n,elementary_fill+grade5+grade5_week14_item18
digestive,279,,5,0,adj,elementary_fill+grade5+grade5_week14_item19
intestine,280,,5,0,n,elementary_fill+grade5+grade5_week14_item20
reindeer,283,,5,0,n,elementary_fill+grade5+grade5_week15_item3
insect,284,,5,0,n,elementary_fill+grade5+grade5_week15_item4
internal,285,,5,0,adj,elementary_fill+grade5+grade5_week15_item5
external,286,,5,0,adj,elementary_fill+grade5+grade5_week15_item6
wolf,289,,5,0,n,elementary_fill+grade5+grade5_week15_item9
fungus,291,,5,0,n,elementary_fill+grade5+grade5_week15_item11
fungi,292,,5,0,n,elementary_fill+grade5+grade5_week15_item12
octopus,295,,5,0,n,elementary_fill+grade5+grade5_week15_item15
octopi,296,,5,0,n,elementary_fill+grade5+grade5_week15_item16
elf,297,,5,0,n,elementary_fill+grade5+grade5_week15_item17
elves,298,,5,0,n,elementary_fill+grade5+grade5_week15_item18
interstate,300,,5,0,n,elementary_fill+grade5+grade5_week15_item20
ignore,303,,5,0,n,elementary_fill+grade5+grade5_week16_item3
chapter,304,,5,0,n,elementary_fill+grade5+grade5_week16_item4
mall,305,,5,0,n,elementary_fill+grade5+grade5_week16_item5
volunteer,306,,5,0,n,elementary_fill+grade5+grade5_week16_item6
grinned,309,,5,0,v,elementary_fill+grade5+grade5_week16_item9
plugged,310,,5,0,v,elementary_fill+grade5+grade5_week16_item10
admitted,311,,5,0,v,elementary_fill+grade5+grade5_week16_item11
controlled,312,,5,0,v,elementary_fill+grade5+grade5_week16_item12
permitted,313,,5,0,v,elementary_fill+grade5+grade5_week16_item13
referred,314,,5,0,v,elementary_fill+grade5+grade5_week16_item14
inferred,315,,5,0,v,elementary_fill+grade5+grade5_week16_item15
settlement,316,,5,0,n,elementary_fill+grade5+grade5_week16_item16
porcupine,317,,5,0,n,elementary_fill+grade5+grade5_week16_item17
standard,320,,5,0,n,elementary_fill+grade5+grade5_week16_item20
scowl,322,,5,0,n,elementary_fill+grade5+grade5_week17_item2
cougar,323,,5,0,n,elementary_fill+grade5+grade5_week17_item3
encounter,324,,5,0,n,elementary_fill+grade5+grade5_week17_item4
exodus,326,,5,0,n,elementary_fill+grade5+grade5_week17_item6
running,328,,5,0,v,elementary_fill+grade5+grade5_week17_item8
knitting,329,,5,0,v,elementary_fill+grade5+grade5_week17_item9
stopping,330,,5,0,v,elementary_fill+grade5+grade5_week17_item10
forgetting,331,,5,0,v,elementary_fill+grade5+grade5_week17_item11
expelling,332,,5,0,v,elementary_fill+grade5+grade5_week17_item12
rubbing,333,,5,0,v,elementary_fill+grade5+grade5_week17_item13
equipping,334,,5,0,v,elementary_fill+grade5+grade5_week17_item14
regretting,335,,5,0,v,elementary_fill+grade5+grade5_week17_item15
winning,336,,5,0,v,elementary_fill+grade5+grade5_week17_item16
slamming,337,,5,0,v,elementary_fill+grade5+grade5_week17_item17
inherit,338,,5,0,n,elementary_fill+grade5+grade5_week17_item18
headache,342,,5,0,n,elementary_fill+grade5+grade5_week18_item2
conflict,344,,5,0,n,elementary_fill+grade5+grade5_week18_item4
throughout,346,,5,0,n,elementary_fill+grade5+grade5_week18_item6
exhausting,348,,5,0,v,elementary_fill+grade5+grade5_week18_item8
appearing,351,,5,0,v,elementary_fill+grade5+grade5_week18_item11
explaining,353,,5,0,v,elementary_fill+grade5+grade5_week18_item13
developing,354,,5,0,v,elementary_fill+grade5+grade5_week18_item14
benefiting,355,,5,0,v,elementary_fill+grade5+grade5_week18_item15
evaluating,356,,5,0,v,elementary_fill+grade5+grade5_week18_item16
substitute,363,,5,0,n,elementary_fill+grade5+grade5_week19_item3
giant,365,,5,0,adj,elementary_fill+grade5+grade5_week19_item5
colonel,366,,5,0,n,elementary_fill+grade5+grade5_week19_item6
improving,367,,5,0,v,elementary_fill+grade5+grade5_week19_item7
upsetting,368,,5,0,v,elementary_fill+grade5+grade5_week19_item8
editing,371,,5,0,v,elementary_fill+grade5+grade5_week19_item11
entering,372,,5,0,v,elementary_fill+grade5+grade5_week19_item12
exiting,373,,5,0,v,elementary_fill+grade5+grade5_week19_item13
limiting,374,,5,0,v,elementary_fill+grade5+grade5_week19_item14
suffering,375,,5,0,v,elementary_fill+grade5+grade5_week19_item15
suffrage,380,,5,0,n,elementary_fill+grade5+grade5_week19_item20
delight,382,,5,0,n,elementary_fill+grade5+grade5_week20_item2
burglar,383,,5,0,n,elementary_fill+grade5+grade5_week20_item3
museum,384,,5,0,n,elementary_fill+grade5+grade5_week20_item4
leopard,385,,5,0,n,elementary_fill+grade5+grade5_week20_item5
cloudiness,387,,5,0,n,elementary_fill+grade5+grade5_week20_item7
perishable,390,,5,0,adj,elementary_fill+grade5+grade5_week20_item10
beginning,394,,5,0,v,elementary_fill+grade5+grade5_week20_item14
committing,395,,5,0,v,elementary_fill+grade5+grade5_week20_item15
powerful,396,,5,0,adj,elementary_fill+grade5+grade5_week20_item16
webbed,400,,5,0,v,elementary_fill+grade5+grade5_week20_item20
solstice,401,,5,0,n,elementary_fill+grade5+grade5_week21_item1
laughter,404,,5,0,n,elementary_fill+grade5+grade5_week21_item4
whisper,406,,5,0,n,elementary_fill+grade5+grade5_week21_item6
entrance,408,,5,0,n,elementary_fill+grade5+grade5_week21_item8
expensive,409,,5,0,adj,elementary_fill+grade5+grade5_week21_item9
tentative,410,,5,0,adj,elementary_fill+grade5+grade5_week21_item10
measuring,411,,5,0,v,elementary_fill+grade5+grade5_week21_item11
tolerating,412,,5,0,v,elementary_fill+grade5+grade5_week21_item12
replacing,414,,5,0,v,elementary_fill+grade5+grade5_week21_item14
forbidding,415,,5,0,v,elementary_fill+grade5+grade5_week21_item15
inquiry,416,,5,0,n,elementary_fill+grade5+grade5_week21_item16
eventually,417,,5,0,adv,elementary_fill+grade5+grade5_week21_item17
accompany,418,,5,0,n,elementary_fill+grade5+grade5_week21_item18
technique,420,,5,0,n,elementary_fill+grade5+grade5_week21_item20