word,rank,count,grade_hint,academic,pos,notes
repertoire,1,1759,6,1,n,tier2_nawl_academic+nawl_rank_1+grade_estimate_6
obtain,2,449,6,1,v,tier2_nawl_academic+nawl_rank_2+grade_estimate_6
distribution,3,369,6,1,n,tier2_nawl_academic+nawl_rank_3+grade_estimate_6
parameter,4,273,6,1,n,tier2_nawl_academic+nawl_rank_4+grade_estimate_6
aspect,5,262,6,1,n,tier2_nawl_academic+nawl_rank_5+grade_estimate_6
dynamic,6,224,6,1,adj,tier2_nawl_academic+nawl_rank_6+grade_estimate_6
impact,7,223,6,1,n,tier2_nawl_academic+nawl_rank_7+grade_estimate_6
domain,8,222,6,1,n,tier2_nawl_academic+nawl_rank_8+grade_estimate_6
publish,9,195,6,1,v,tier2_nawl_academic+nawl_rank_9+bridge_from_beginner_grade_4+grade_estimate_6
denote,10,181,6,1,v,tier2_nawl_academic+nawl_rank_10+grade_estimate_6
authority,11,178,6,1,n,tier2_nawl_academic+nawl_rank_11+grade_estimate_6
semantic,12,173,6,1,adj,tier2_nawl_academic+nawl_rank_12+grade_estimate_6
par,13,171,6,1,n,tier2_nawl_academic+nawl_rank_13+grade_estimate_6
ion,14,165,6,1,n,tier2_nawl_academic+nawl_rank_14+grade_estimate_6
matrix,15,165,6,1,n,tier2_nawl_academic+nawl_rank_15+grade_estimate_6
linear,16,163,6,1,adj,tier2_nawl_academic+nawl_rank_16+grade_estimate_6
cognitive,17,161,6,1,adj,tier2_nawl_academic+nawl_rank_17+grade_estimate_6
graph,18,152,6,1,n,tier2_nawl_academic+nawl_rank_18+bridge_from_beginner_grade_2+grade_estimate_6
correlation,19,150,6,1,n,tier2_nawl_academic+nawl_rank_19+grade_estimate_6
linguistic,20,149,6,1,adj,tier2_nawl_academic+nawl_rank_20+grade_estimate_6
acid,21,149,6,1,n,tier2_nawl_academic+nawl_rank_21+grade_estimate_6
induce,22,146,6,1,v,tier2_nawl_academic+nawl_rank_22+grade_estimate_6
velocity,23,146,6,1,n,tier2_nawl_academic+nawl_rank_23+grade_estimate_6
interval,24,145,6,1,adj,tier2_nawl_academic+nawl_rank_24+grade_estimate_6
discourse,25,142,6,1,n,tier2_nawl_academic+nawl_rank_25+grade_estimate_6
finite,26,141,6,1,adj,tier2_nawl_academic+nawl_rank_26+grade_estimate_6
stimulus,27,139,6,1,n,tier2_nawl_academic+nawl_rank_27+grade_estimate_6
vector,28,139,6,1,n,tier2_nawl_academic+nawl_rank_28+grade_estimate_6
electron,29,138,6,1,n,tier2_nawl_academic+nawl_rank_29+grade_estimate_6
receptor,30,137,6,1,n,tier2_nawl_academic+nawl_rank_30+grade_estimate_6
theorem,31,135,6,1,n,tier2_nawl_academic+nawl_rank_31+grade_estimate_6
algorithm,32,133,6,1,n,tier2_nawl_academic+nawl_rank_32+grade_estimate_6
fluid,33,132,6,1,adj,tier2_nawl_academic+nawl_rank_33+grade_estimate_6
developmental,34,131,6,1,adj,tier2_nawl_academic+nawl_rank_34+grade_estimate_6
bound,35,130,6,1,adj,tier2_nawl_academic+nawl_rank_35+grade_estimate_6
molecular,36,126,6,1,n,tier2_nawl_academic+nawl_rank_36+grade_estimate_6
transformation,37,125,6,1,n,tier2_nawl_academic+nawl_rank_37+grade_estimate_6
spatial,38,123,6,1,adj,tier2_nawl_academic+nawl_rank_38+grade_estimate_6
coefficient,39,121,6,1,adj,tier2_nawl_academic+nawl_rank_39+grade_estimate_6
translation,40,117,6,1,n,tier2_nawl_academic+nawl_rank_40+bridge_from_beginner_grade_4+grade_estimate_6
membrane,41,117,6,1,n,tier2_nawl_academic+nawl_rank_41+grade_estimate_6
neuron,42,116,6,1,n,tier2_nawl_academic+nawl_rank_42+grade_estimate_6
simulation,43,116,6,1,n,tier2_nawl_academic+nawl_rank_43+grade_estimate_6
lexical,44,115,6,1,adj,tier2_nawl_academic+nawl_rank_44+grade_estimate_6
regime,45,113,6,1,n,tier2_nawl_academic+nawl_rank_45+grade_estimate_6
variance,46,108,6,1,n,tier2_nawl_academic+nawl_rank_46+grade_estimate_6
molecule,47,107,6,1,n,tier2_nawl_academic+nawl_rank_47+grade_estimate_6
marker,48,106,6,1,n,tier2_nawl_academic+nawl_rank_48+bridge_from_beginner_grade_3+grade_estimate_6
empirical,49,103,6,1,adj,tier2_nawl_academic+nawl_rank_49+grade_estimate_6
robot,50,101,6,1,n,tier2_nawl_academic+nawl_rank_50+bridge_from_beginner_grade_4+grade_estimate_6
statistical,51,100,6,1,adj,tier2_nawl_academic+nawl_rank_51+grade_estimate_6
vowel,52,99,6,1,n,tier2_nawl_academic+nawl_rank_52+bridge_from_beginner_grade_4+grade_estimate_6
equilibrium,53,99,6,1,n,tier2_nawl_academic+nawl_rank_53+grade_estimate_6
intensity,54,99,6,1,n,tier2_nawl_academic+nawl_rank_54+grade_estimate_6
regression,55,98,6,1,n,tier2_nawl_academic+nawl_rank_55+grade_estimate_6
diagnosis,56,96,6,1,n,tier2_nawl_academic+nawl_rank_56+grade_estimate_6
identification,57,96,6,1,n,tier2_nawl_academic+nawl_rank_57+grade_estimate_6
node,58,95,6,1,n,tier2_nawl_academic+nawl_rank_58+grade_estimate_6
candidate,59,94,6,1,n,tier2_ngsl_nawl_overlap+ngsl_rank_977+nawl_rank_59+grade_estimate_6
partial,60,94,6,1,adj,tier2_nawl_academic+nawl_rank_60+bridge_from_beginner_grade_4+grade_estimate_6
correlate,61,93,6,1,v,tier2_nawl_academic+nawl_rank_61+grade_estimate_6
mortality,62,93,6,1,n,tier2_nawl_academic+nawl_rank_62+grade_estimate_6
antibody,63,92,6,1,n,tier2_nawl_academic+nawl_rank_63+grade_estimate_6
temporal,64,91,6,1,adj,tier2_nawl_academic+nawl_rank_64+grade_estimate_6
particle,65,91,6,1,n,tier2_nawl_academic+nawl_rank_65+bridge_from_beginner_grade_3+grade_estimate_6
duration,66,91,6,1,n,tier2_nawl_academic+nawl_rank_66+grade_estimate_6
behavioral,67,90,6,1,adj,tier2_nawl_academic+nawl_rank_67+grade_estimate_6
consumption,68,90,6,1,n,tier2_nawl_academic+nawl_rank_68+grade_estimate_6
bilingual,69,89,6,1,adj,tier2_nawl_academic+nawl_rank_69+grade_estimate_6
sensitivity,70,89,6,1,n,tier2_nawl_academic+nawl_rank_70+grade_estimate_6
similarity,71,88,6,1,n,tier2_nawl_academic+nawl_rank_71+grade_estimate_6
optimal,72,87,6,1,adj,tier2_nawl_academic+nawl_rank_72+grade_estimate_6
explicit,73,87,6,1,n,tier2_nawl_academic+nawl_rank_73+grade_estimate_6
mutation,74,87,6,1,n,tier2_nawl_academic+nawl_rank_74+grade_estimate_6
colonial,75,86,6,1,adj,tier2_nawl_academic+nawl_rank_75+grade_estimate_6
phonological,76,86,6,1,adj,tier2_nawl_academic+nawl_rank_76+grade_estimate_6
spectrum,76,86,6,1,n,tier2_nawl_academic+nawl_rank_76+grade_estimate_6
nucleus,78,86,6,1,n,tier2_nawl_academic+nawl_rank_78+bridge_from_beginner_grade_5+grade_estimate_6
onset,79,85,6,1,n,tier2_nawl_academic+nawl_rank_79+grade_estimate_6
integration,80,84,6,1,n,tier2_nawl_academic+nawl_rank_80+grade_estimate_6
dominant,81,84,6,1,adj,tier2_nawl_academic+nawl_rank_81+grade_estimate_6
pathway,82,83,6,1,n,tier2_nawl_academic+nawl_rank_82+grade_estimate_6
coordinate,83,83,6,1,v,tier2_nawl_academic+nawl_rank_83+grade_estimate_6
calculation,84,83,6,1,n,tier2_nawl_academic+nawl_rank_84+grade_estimate_6
precede,85,82,6,1,v,tier2_nawl_academic+nawl_rank_85+grade_estimate_6
subset,86,82,6,1,n,tier2_nawl_academic+nawl_rank_86+grade_estimate_6
syntactic,87,82,6,1,adj,tier2_nawl_academic+nawl_rank_87+grade_estimate_6
orientation,88,82,6,1,n,tier2_nawl_academic+nawl_rank_88+grade_estimate_6
proposition,89,82,6,1,n,tier2_nawl_academic+nawl_rank_89+grade_estimate_6
inequality,90,81,6,1,n,tier2_nawl_academic+nawl_rank_90+grade_estimate_6
identical,91,81,6,1,adj,tier2_nawl_academic+nawl_rank_91+grade_estimate_6
prevalence,92,81,6,1,n,tier2_nawl_academic+nawl_rank_92+grade_estimate_6
differential,93,80,6,1,adj,tier2_nawl_academic+nawl_rank_93+grade_estimate_6
generalize,94,80,6,1,n,tier2_nawl_academic+nawl_rank_94+bridge_from_beginner_grade_4+grade_estimate_6
beam,95,80,6,1,n,tier2_nawl_academic+nawl_rank_95+grade_estimate_6
pulse,96,80,6,1,n,tier2_nawl_academic+nawl_rank_96+grade_estimate_6
norm,97,80,6,1,n,tier2_nawl_academic+nawl_rank_97+grade_estimate_6
trait,98,79,6,1,n,tier2_nawl_academic+nawl_rank_98+grade_estimate_6
prediction,99,79,6,1,n,tier2_nawl_academic+nawl_rank_99+bridge_from_beginner_grade_2+grade_estimate_6
correspondence,100,78,6,1,n,tier2_nawl_academic+nawl_rank_100+grade_estimate_6
essentially,101,78,6,1,adv,tier2_nawl_academic+nawl_rank_101+grade_estimate_6
syllable,102,76,6,1,n,tier2_nawl_academic+nawl_rank_102+bridge_from_beginner_grade_3+grade_estimate_6
chromosome,103,75,6,1,n,tier2_nawl_academic+nawl_rank_103+grade_estimate_6
infect,104,75,6,1,v,tier2_nawl_academic+nawl_rank_104+grade_estimate_6
magnetic,105,75,6,1,adj,tier2_nawl_academic+nawl_rank_105+bridge_from_beginner_grade_4+grade_estimate_6
configuration,106,75,6,1,n,tier2_nawl_academic+nawl_rank_106+grade_estimate_6
numerical,107,75,6,1,adj,tier2_nawl_academic+nawl_rank_107+bridge_from_beginner_grade_4+grade_estimate_6
namely,108,75,6,1,adv,tier2_nawl_academic+nawl_rank_108+grade_estimate_6
intermediate,109,74,6,1,v,tier2_nawl_academic+nawl_rank_109+grade_estimate_6
transmission,110,74,6,1,n,tier2_nawl_academic+nawl_rank_110+grade_estimate_6
dose,111,74,6,1,n,tier2_nawl_academic+nawl_rank_111+grade_estimate_6
occurrence,112,74,6,1,n,tier2_nawl_academic+nawl_rank_112+grade_estimate_6
maternal,113,74,6,1,adj,tier2_nawl_academic+nawl_rank_113+grade_estimate_6
axis,114,74,6,1,n,tier2_nawl_academic+nawl_rank_114+bridge_from_beginner_grade_4+grade_estimate_6
rational,115,73,6,1,adj,tier2_nawl_academic+nawl_rank_115+grade_estimate_6
locus,116,73,6,1,n,tier2_nawl_academic+nawl_rank_116+grade_estimate_6
elite,117,73,6,1,n,tier2_nawl_academic+nawl_rank_117+grade_estimate_6
approximation,118,72,6,1,n,tier2_nawl_academic+nawl_rank_118+grade_estimate_6
thesis,119,72,6,1,n,tier2_nawl_academic+nawl_rank_119+grade_estimate_6
sin,120,72,6,1,n,tier2_nawl_academic+nawl_rank_120+grade_estimate_6
classification,121,71,6,1,n,tier2_nawl_academic+nawl_rank_121+grade_estimate_6
threshold,122,71,6,1,n,tier2_nawl_academic+nawl_rank_122+grade_estimate_6
syndrome,123,71,6,1,n,tier2_nawl_academic+nawl_rank_123+grade_estimate_6
comparative,124,71,6,1,adj,tier2_nawl_academic+nawl_rank_124+grade_estimate_6
activate,125,70,6,1,v,tier2_nawl_academic+nawl_rank_125+grade_estimate_6
adolescent,126,70,6,1,adj,tier2_nawl_academic+nawl_rank_126+grade_estimate_6
vocabulary,127,70,6,1,adj,tier2_nawl_academic+nawl_rank_127+bridge_from_beginner_grade_5+grade_estimate_6
encode,128,70,6,1,v,tier2_nawl_academic+nawl_rank_128+grade_estimate_6
utterance,128,70,6,1,n,tier2_nawl_academic+nawl_rank_128+grade_estimate_6
facilitate,130,70,6,1,v,tier2_nawl_academic+nawl_rank_130+grade_estimate_6
incidence,131,70,6,1,n,tier2_nawl_academic+nawl_rank_131+grade_estimate_6
induction,132,69,6,1,n,tier2_nawl_academic+nawl_rank_132+grade_estimate_6
trajectory,133,69,6,1,adj,tier2_nawl_academic+nawl_rank_133+grade_estimate_6
manuscript,134,69,6,1,n,tier2_nawl_academic+nawl_rank_134+grade_estimate_6
commonly,135,68,6,1,adv,tier2_nawl_academic+nawl_rank_135+grade_estimate_6
grammatical,136,68,6,1,adj,tier2_nawl_academic+nawl_rank_136+grade_estimate_6
accuracy,137,68,6,1,n,tier2_nawl_academic+nawl_rank_137+grade_estimate_6
adaptation,138,68,6,1,n,tier2_nawl_academic+nawl_rank_138+grade_estimate_6
amplitude,138,68,6,1,n,tier2_nawl_academic+nawl_rank_138+grade_estimate_6
cortex,140,68,6,1,n,tier2_nawl_academic+nawl_rank_140+grade_estimate_6
minimal,141,67,6,1,adj,tier2_nawl_academic+nawl_rank_141+grade_estimate_6
systematic,142,67,6,1,adj,tier2_nawl_academic+nawl_rank_142+grade_estimate_6
horizontal,143,67,6,1,adj,tier2_nawl_academic+nawl_rank_143+grade_estimate_6
projection,144,67,6,1,n,tier2_nawl_academic+nawl_rank_144+grade_estimate_6
synthesis,144,67,6,1,n,tier2_nawl_academic+nawl_rank_144+grade_estimate_6
diameter,146,67,6,1,n,tier2_nawl_academic+nawl_rank_146+grade_estimate_6
cone,147,67,6,1,n,tier2_nawl_academic+nawl_rank_147+grade_estimate_6
dependence,148,67,6,1,n,tier2_nawl_academic+nawl_rank_148+grade_estimate_6
organism,149,66,6,1,n,tier2_nawl_academic+nawl_rank_149+grade_estimate_6
emergence,150,66,6,1,n,tier2_nawl_academic+nawl_rank_150+grade_estimate_6
overlap,151,66,6,1,n,tier2_nawl_academic+nawl_rank_151+grade_estimate_6
substitution,152,65,6,1,n,tier2_nawl_academic+nawl_rank_152+grade_estimate_6
explicitly,153,65,6,1,adv,tier2_nawl_academic+nawl_rank_153+grade_estimate_6
evident,154,65,6,1,adj,tier2_nawl_academic+nawl_rank_154+grade_estimate_6
conceptual,155,65,6,1,adj,tier2_nawl_academic+nawl_rank_155+grade_estimate_6
detection,156,65,6,1,n,tier2_nawl_academic+nawl_rank_156+grade_estimate_6
interact,157,65,6,1,n,tier2_nawl_academic+nawl_rank_157+bridge_from_beginner_grade_3+grade_estimate_6
neural,158,64,6,1,adj,tier2_nawl_academic+nawl_rank_158+grade_estimate_6
chronic,159,64,6,1,adj,tier2_nawl_academic+nawl_rank_159+grade_estimate_6
integral,160,64,6,1,adj,tier2_nawl_academic+nawl_rank_160+grade_estimate_6
enzyme,161,64,6,1,n,tier2_nawl_academic+nawl_rank_161+grade_estimate_6
conference,162,64,6,1,n,tier2_ngsl_nawl_overlap+ngsl_rank_812+nawl_rank_162+grade_estimate_6
conception,163,64,6,1,n,tier2_nawl_academic+nawl_rank_163+grade_estimate_6
ex,164,64,6,1,n,tier2_nawl_academic+nawl_rank_164+grade_estimate_6
ideology,165,63,6,1,n,tier2_nawl_academic+nawl_rank_165+grade_estimate_6
sperm,166,63,6,1,n,tier2_nawl_academic+nawl_rank_166+grade_estimate_6
quantitative,167,63,6,1,adj,tier2_nawl_academic+nawl_rank_167+grade_estimate_6
sphere,168,63,6,1,n,tier2_nawl_academic+nawl_rank_168+grade_estimate_6
instability,169,63,6,1,n,tier2_nawl_academic+nawl_rank_169+grade_estimate_6
mediate,170,62,6,1,v,tier2_nawl_academic+nawl_rank_170+grade_estimate_6
specification,171,62,6,1,n,tier2_nawl_academic+nawl_rank_171+grade_estimate_6
classify,172,62,6,1,v,tier2_nawl_academic+nawl_rank_172+grade_estimate_6
physician,173,62,6,1,n,tier2_nawl_academic+nawl_rank_173+grade_estimate_6
computation,174,62,6,1,n,tier2_nawl_academic+nawl_rank_174+grade_estimate_6
oral,175,62,6,1,adj,tier2_nawl_academic+nawl_rank_175+bridge_from_beginner_grade_2+grade_estimate_6
mid,176,62,6,1,n,tier2_nawl_academic+nawl_rank_176+grade_estimate_6
indicator,177,62,6,1,n,tier2_nawl_academic+nawl_rank_177+grade_estimate_6
variant,178,61,6,1,adj,tier2_nawl_academic+nawl_rank_178+grade_estimate_6
evolutionary,179,61,6,1,adj,tier2_nawl_academic+nawl_rank_179+grade_estimate_6
feedback,180,61,6,1,n,tier2_nawl_academic+nawl_rank_180+grade_estimate_6
collective,181,61,6,1,adj,tier2_nawl_academic+nawl_rank_181+grade_estimate_6
arbitrary,182,60,6,1,adj,tier2_nawl_academic+nawl_rank_182+grade_estimate_6
fraction,183,60,6,1,n,tier2_nawl_academic+nawl_rank_183+bridge_from_beginner_grade_3+grade_estimate_6
estimation,184,60,6,1,n,tier2_nawl_academic+nawl_rank_184+grade_estimate_6
nonlinear,185,60,6,1,n,tier2_nawl_academic+nawl_rank_185+grade_estimate_6
compact,186,60,6,1,n,tier2_nawl_academic+nawl_rank_186+bridge_from_beginner_grade_5+grade_estimate_6
deviation,186,60,6,1,n,tier2_nawl_academic+nawl_rank_186+grade_estimate_6
diagram,188,60,6,1,n,tier2_nawl_academic+nawl_rank_188+grade_estimate_6
tropical,189,60,6,1,adj,tier2_nawl_academic+nawl_rank_189+bridge_from_beginner_grade_4+grade_estimate_6
morphology,190,60,6,1,n,tier2_nawl_academic+nawl_rank_190+grade_estimate_6
thereby,191,60,6,1,adv,tier2_nawl_academic+nawl_rank_191+grade_estimate_6
syntax,192,60,6,1,n,tier2_nawl_academic+nawl_rank_192+grade_estimate_6
defect,193,59,6,1,n,tier2_nawl_academic+nawl_rank_193+grade_estimate_6
separation,194,59,6,1,n,tier2_nawl_academic+nawl_rank_194+grade_estimate_6
convergence,195,59,6,1,n,tier2_nawl_academic+nawl_rank_195+grade_estimate_6
sufficiently,196,59,6,1,adv,tier2_nawl_academic+nawl_rank_196+grade_estimate_6
valid,197,59,6,1,adj,tier2_nawl_academic+nawl_rank_197+grade_estimate_6
interface,198,59,6,1,n,tier2_nawl_academic+nawl_rank_198+grade_estimate_6
radiation,199,59,6,1,n,tier2_nawl_academic+nawl_rank_199+grade_estimate_6
embed,200,59,6,1,v,tier2_nawl_academic+nawl_rank_200+grade_estimate_6
vertical,200,59,6,1,adj,tier2_nawl_academic+nawl_rank_200+bridge_from_beginner_grade_5+grade_estimate_6
acute,202,59,6,1,n,tier2_nawl_academic+nawl_rank_202+bridge_from_beginner_grade_4+grade_estimate_6
utility,203,59,6,1,n,tier2_nawl_academic+nawl_rank_203+grade_estimate_6
complement,204,58,6,1,adj,tier2_nawl_academic+nawl_rank_204+grade_estimate_6
leaf,205,58,6,1,n,tier2_nawl_academic+nawl_rank_205+grade_estimate_6
verbal,206,58,6,1,adj,tier2_nawl_academic+nawl_rank_206+grade_estimate_6
aggregate,207,58,6,1,v,tier2_nawl_academic+nawl_rank_207+grade_estimate_6
equality,208,58,6,1,n,tier2_nawl_academic+nawl_rank_208+grade_estimate_6
corpus,209,58,6,1,n,tier2_nawl_academic+nawl_rank_209+grade_estimate_6
organ,210,58,6,1,n,tier2_nawl_academic+nawl_rank_210+grade_estimate_6
gradient,211,58,6,1,adj,tier2_nawl_academic+nawl_rank_211+grade_estimate_6
methodology,212,57,6,1,n,tier2_nawl_academic+nawl_rank_212+grade_estimate_6
entity,213,57,6,1,n,tier2_nawl_academic+nawl_rank_213+grade_estimate_6
tumor,214,57,6,1,n,tier2_nawl_academic+nawl_rank_214+grade_estimate_6
fiber,215,57,6,1,n,tier2_nawl_academic+nawl_rank_215+grade_estimate_6
paradigm,216,57,6,1,n,tier2_nawl_academic+nawl_rank_216+grade_estimate_6
psychology,217,57,6,1,n,tier2_nawl_academic+nawl_rank_217+grade_estimate_6
infinite,218,56,6,1,n,tier2_nawl_academic+nawl_rank_218+grade_estimate_6
diverse,219,56,6,1,adj,tier2_nawl_academic+nawl_rank_219+grade_estimate_6
diagnostic,220,56,6,1,adj,tier2_nawl_academic+nawl_rank_220+grade_estimate_6
continuity,221,56,6,1,n,tier2_nawl_academic+nawl_rank_221+bridge_from_beginner_grade_3+grade_estimate_6
variability,222,55,6,1,n,tier2_nawl_academic+nawl_rank_222+grade_estimate_6
outer,223,55,6,1,adj,tier2_nawl_academic+nawl_rank_223+grade_estimate_6
notation,224,55,6,1,n,tier2_nawl_academic+nawl_rank_224+grade_estimate_6
probe,225,55,6,1,n,tier2_nawl_academic+nawl_rank_225+grade_estimate_6
migration,226,55,6,1,n,tier2_nawl_academic+nawl_rank_226+grade_estimate_6
mathematical,227,55,6,1,adj,tier2_nawl_academic+nawl_rank_227+grade_estimate_6
likelihood,228,55,6,1,n,tier2_nawl_academic+nawl_rank_228+grade_estimate_6
comparable,229,54,6,1,adj,tier2_nawl_academic+nawl_rank_229+grade_estimate_6
magnitude,230,54,6,1,n,tier2_nawl_academic+nawl_rank_230+grade_estimate_6
array,231,54,6,1,n,tier2_nawl_academic+nawl_rank_231+bridge_from_beginner_grade_4+grade_estimate_6
inclusion,232,54,6,1,n,tier2_nawl_academic+nawl_rank_232+grade_estimate_6
emission,233,53,6,1,n,tier2_nawl_academic+nawl_rank_233+grade_estimate_6
inference,234,53,6,1,n,tier2_nawl_academic+nawl_rank_234+grade_estimate_6
non,235,53,6,1,n,tier2_nawl_academic+nawl_rank_235+grade_estimate_6
consciousness,236,53,6,1,n,tier2_nawl_academic+nawl_rank_236+grade_estimate_6
simultaneously,237,53,6,1,adv,tier2_nawl_academic+nawl_rank_237+grade_estimate_6
disturbance,238,53,6,1,n,tier2_nawl_academic+nawl_rank_238+grade_estimate_6
hierarchy,239,53,6,1,n,tier2_nawl_academic+nawl_rank_239+grade_estimate_6
rotation,240,52,6,1,n,tier2_nawl_academic+nawl_rank_240+bridge_from_beginner_grade_4+grade_estimate_6
periodic,241,52,6,1,adj,tier2_nawl_academic+nawl_rank_241+grade_estimate_6
validity,241,52,6,1,n,tier2_nawl_academic+nawl_rank_241+grade_estimate_6
archaeology,243,52,6,1,n,tier2_nawl_academic+nawl_rank_243+grade_estimate_6
atom,244,52,6,1,n,tier2_nawl_academic+nawl_rank_244+grade_estimate_6
modification,245,52,6,1,n,tier2_nawl_academic+nawl_rank_245+grade_estimate_6
partition,246,52,6,1,n,tier2_nawl_academic+nawl_rank_246+grade_estimate_6
initiate,247,52,6,1,v,tier2_nawl_academic+nawl_rank_247+grade_estimate_6
autonomy,248,52,6,1,n,tier2_nawl_academic+nawl_rank_248+grade_estimate_6
inhibit,249,52,6,1,v,tier2_nawl_academic+nawl_rank_249+grade_estimate_6
consonant,250,51,6,1,n,tier2_nawl_academic+nawl_rank_250+bridge_from_beginner_grade_5+grade_estimate_6
classroom,256,51,6,1,n,tier2_nawl_academic+nawl_rank_256+bridge_from_beginner_grade_3+grade_estimate_6
insect,261,51,6,1,n,tier2_nawl_academic+nawl_rank_261+bridge_from_beginner_grade_5+grade_estimate_6
neutral,266,50,6,1,adj,tier2_nawl_academic+nawl_rank_266+bridge_from_beginner_grade_4+grade_estimate_6
oxygen,280,49,6,1,n,tier2_nawl_academic+nawl_rank_280+bridge_from_beginner_grade_5+grade_estimate_6
colony,283,49,6,1,n,tier2_nawl_academic+nawl_rank_283+bridge_from_beginner_grade_5+grade_estimate_6
conservation,297,48,6,1,n,tier2_nawl_academic+nawl_rank_297+bridge_from_beginner_grade_4+grade_estimate_6
closure,322,46,6,1,n,tier2_nawl_academic+nawl_rank_322+bridge_from_beginner_grade_4+grade_estimate_6
locally,339,45,6,1,adv,tier2_nawl_academic+nawl_rank_339+bridge_from_beginner_grade_4+grade_estimate_6
ecology,346,45,6,1,n,tier2_nawl_academic+nawl_rank_346+bridge_from_beginner_grade_4+grade_estimate_6
reproduce,364,43,6,1,n,tier2_nawl_academic+nawl_rank_364+bridge_from_beginner_grade_4+grade_estimate_6
simplify,369,42,6,1,n,tier2_nawl_academic+nawl_rank_369+bridge_from_beginner_grade_3+grade_estimate_6
monkey,375,41,6,1,n,tier2_nawl_academic+nawl_rank_375+bridge_from_beginner_grade_4+grade_estimate_6
habitat,376,41,6,1,n,tier2_nawl_academic+nawl_rank_376+bridge_from_beginner_grade_4+grade_estimate_6
cattle,381,40,6,1,n,tier2_nawl_academic+nawl_rank_381+bridge_from_beginner_grade_4+grade_estimate_6
transmit,418,37,6,1,n,tier2_nawl_academic+nawl_rank_418+bridge_from_beginner_grade_4+grade_estimate_6
conceive,419,37,6,1,adj,tier2_nawl_academic+nawl_rank_419+bridge_from_beginner_grade_5+grade_estimate_6
plural,435,36,6,1,adj,tier2_nawl_academic+nawl_rank_435+bridge_from_beginner_grade_4+grade_estimate_6
articulate,442,35,6,1,n,tier2_nawl_academic+nawl_rank_442+bridge_from_beginner_grade_5+grade_estimate_6
sketch,461,33,6,1,n,tier2_nawl_academic+nawl_rank_461+bridge_from_beginner_grade_4+grade_estimate_6
rhythm,468,32,6,1,n,tier2_nawl_academic+nawl_rank_468+bridge_from_beginner_grade_5+grade_estimate_6
dictionary,470,32,6,1,n,tier2_nawl_academic+nawl_rank_470+bridge_from_beginner_grade_4+grade_estimate_6
constitution,471,32,6,1,n,tier2_nawl_academic+nawl_rank_471+bridge_from_beginner_grade_3+grade_estimate_6
basin,489,31,6,1,n,tier2_nawl_academic+nawl_rank_489+bridge_from_beginner_grade_4+grade_estimate_6
clarify,492,30,6,1,v,tier2_nawl_academic+nawl_rank_492+bridge_from_beginner_grade_3+grade_estimate_6
formally,506,29,6,1,adv,tier2_nawl_academic+nawl_rank_506+bridge_from_beginner_grade_3+grade_estimate_6
stack,523,28,6,1,n,tier2_nawl_academic+nawl_rank_523+bridge_from_beginner_grade_2+grade_estimate_6
drift,524,28,6,1,n,tier2_nawl_academic+nawl_rank_524+bridge_from_beginner_grade_2+grade_estimate_6
nest,525,28,6,1,n,tier2_nawl_academic+nawl_rank_525+bridge_from_beginner_grade_1+grade_estimate_6
fossil,526,28,6,1,n,tier2_nawl_academic+nawl_rank_526+bridge_from_beginner_grade_4+grade_estimate_6
sediment,537,28,6,1,n,tier2_nawl_academic+nawl_rank_537+bridge_from_beginner_grade_4+grade_estimate_6
ray,538,27,6,1,n,tier2_nawl_academic+nawl_rank_538+bridge_from_beginner_grade_4+grade_estimate_6
triangle,545,27,6,1,n,tier2_nawl_academic+nawl_rank_545+bridge_from_beginner_grade_5+grade_estimate_6
merge,553,26,6,1,n,tier2_nawl_academic+nawl_rank_553+bridge_from_beginner_grade_4+grade_estimate_6
clinic,558,26,6,1,adj,tier2_nawl_academic+nawl_rank_558+bridge_from_beginner_grade_5+grade_estimate_6
momentum,568,25,6,1,n,tier2_nawl_academic+nawl_rank_568+bridge_from_beginner_grade_3+grade_estimate_6
multiply,571,25,6,1,adv,tier2_nawl_academic+nawl_rank_571+bridge_from_beginner_grade_2+grade_estimate_6
rainfall,575,25,6,1,n,tier2_nawl_academic+nawl_rank_575+bridge_from_beginner_grade_3+grade_estimate_6
invasion,577,25,6,1,n,tier2_nawl_academic+nawl_rank_577+bridge_from_beginner_grade_4+grade_estimate_6
quotation,583,25,6,1,n,tier2_nawl_academic+nawl_rank_583+bridge_from_beginner_grade_3+grade_estimate_6
composite,584,25,6,1,n,tier2_nawl_academic+nawl_rank_584+bridge_from_beginner_grade_5+grade_estimate_6
horizon,594,24,6,1,n,tier2_nawl_academic+nawl_rank_594+bridge_from_beginner_grade_5+grade_estimate_6
rotate,598,24,6,1,n,tier2_nawl_academic+nawl_rank_598+bridge_from_beginner_grade_2+grade_estimate_6
elevation,600,24,6,1,n,tier2_nawl_academic+nawl_rank_600+bridge_from_beginner_grade_4+grade_estimate_6
atomic,603,24,6,1,adj,tier2_nawl_academic+nawl_rank_603+bridge_from_beginner_grade_3+grade_estimate_6
ancestor,609,24,6,1,n,tier2_nawl_academic+nawl_rank_609+bridge_from_beginner_grade_5+grade_estimate_6
gravity,613,23,6,1,n,tier2_nawl_academic+nawl_rank_613+bridge_from_beginner_grade_2+grade_estimate_6
pole,614,23,6,1,n,tier2_nawl_academic+nawl_rank_614+bridge_from_beginner_grade_2+grade_estimate_6
puzzle,615,23,6,1,n,tier2_nawl_academic+nawl_rank_615+bridge_from_beginner_grade_4+grade_estimate_6
corruption,619,23,6,1,n,tier2_nawl_academic+nawl_rank_619+bridge_from_beginner_grade_4+grade_estimate_6
obscure,621,23,6,1,n,tier2_nawl_academic+nawl_rank_621+bridge_from_beginner_grade_4+grade_estimate_6
artistic,638,21,6,1,adj,tier2_nawl_academic+nawl_rank_638+bridge_from_beginner_grade_4+grade_estimate_6
goods,649,21,6,1,n,tier2_nawl_academic+nawl_rank_649+bridge_from_beginner_grade_2+grade_estimate_6
bargain,659,20,6,1,n,tier2_nawl_academic+nawl_rank_659+bridge_from_beginner_grade_4+grade_estimate_6
illusion,668,19,6,1,n,tier2_nawl_academic+nawl_rank_668+bridge_from_beginner_grade_4+grade_estimate_6
bat,669,19,6,1,n,tier2_nawl_academic+nawl_rank_669+bridge_from_beginner_grade_1+grade_estimate_6
fever,671,19,6,1,n,tier2_nawl_academic+nawl_rank_671+bridge_from_beginner_grade_3+grade_estimate_6
migrate,675,19,6,1,n,tier2_nawl_academic+nawl_rank_675+bridge_from_beginner_grade_3+grade_estimate_6
solar,680,18,6,1,n,tier2_ngsl_nawl_overlap+ngsl_rank_2796+nawl_rank_680+bridge_from_beginner_grade_3+grade_estimate_6
bubble,683,18,6,1,n,tier2_nawl_academic+nawl_rank_683+bridge_from_beginner_grade_4+grade_estimate_6
bracket,684,18,6,1,n,tier2_nawl_academic+nawl_rank_684+bridge_from_beginner_grade_4+grade_estimate_6
elasticity,685,18,6,1,n,tier2_nawl_academic+nawl_rank_685+bridge_from_beginner_grade_5+grade_estimate_6
leisure,695,17,6,1,n,tier2_nawl_academic+nawl_rank_695+bridge_from_beginner_grade_4+grade_estimate_6
prey,697,17,6,1,n,tier2_nawl_academic+nawl_rank_697+bridge_from_beginner_grade_4+grade_estimate_6
clue,699,17,6,1,n,tier2_nawl_academic+nawl_rank_699+bridge_from_beginner_grade_2+grade_estimate_6
clay,722,16,6,1,n,tier2_nawl_academic+nawl_rank_722+bridge_from_beginner_grade_1+grade_estimate_6
fungus,751,14,6,1,n,tier2_nawl_academic+nawl_rank_751+bridge_from_beginner_grade_5+grade_estimate_6
punish,765,13,6,1,adj,tier2_nawl_academic+nawl_rank_765+bridge_from_beginner_grade_3+grade_estimate_6
goodness,771,13,6,1,n,tier2_nawl_academic+nawl_rank_771+bridge_from_beginner_grade_2+grade_estimate_6
apple,785,12,6,1,n,tier2_nawl_academic+nawl_rank_785+bridge_from_beginner_grade_2+grade_estimate_6
blank,795,11,6,1,n,tier2_nawl_academic+nawl_rank_795+bridge_from_beginner_grade_2+grade_estimate_6
painful,801,11,6,1,adj,tier2_nawl_academic+nawl_rank_801+bridge_from_beginner_grade_2+grade_estimate_6
minus,805,11,6,1,n,tier2_nawl_academic+nawl_rank_805+bridge_from_beginner_grade_4+grade_estimate_6
subtract,808,11,6,1,n,tier2_nawl_academic+nawl_rank_808+bridge_from_beginner_grade_2+grade_estimate_6
gram,819,10,6,1,n,tier2_nawl_academic+nawl_rank_819+bridge_from_beginner_grade_4+grade_estimate_6
marble,821,10,6,1,n,tier2_nawl_academic+nawl_rank_821+bridge_from_beginner_grade_4+grade_estimate_6
delta,829,9,6,1,n,tier2_nawl_academic+nawl_rank_829+bridge_from_beginner_grade_3+grade_estimate_6
ghost,833,9,6,1,n,tier2_nawl_academic+nawl_rank_833+bridge_from_beginner_grade_4+grade_estimate_6
surgeon,835,9,6,1,n,tier2_nawl_academic+nawl_rank_835+bridge_from_beginner_grade_4+grade_estimate_6
denominator,838,8,6,1,n,tier2_nawl_academic+nawl_rank_838+bridge_from_beginner_grade_3+grade_estimate_6
kilometer,842,8,6,1,n,tier2_nawl_academic+nawl_rank_842+bridge_from_beginner_grade_4+grade_estimate_6
skip,867,6,6,1,n,tier2_nawl_academic+nawl_rank_867+bridge_from_beginner_grade_2+grade_estimate_6
sword,869,6,6,1,n,tier2_nawl_academic+nawl_rank_869+bridge_from_beginner_grade_4+grade_estimate_6
barrel,872,6,6,1,n,tier2_nawl_academic+nawl_rank_872+bridge_from_beginner_grade_4+grade_estimate_6
nicely,874,6,6,1,adv,tier2_nawl_academic+nawl_rank_874+bridge_from_beginner_grade_3+grade_estimate_6
quiz,876,6,6,1,n,tier2_nawl_academic+nawl_rank_876+bridge_from_beginner_grade_4+grade_estimate_6
liter,878,6,6,1,n,tier2_nawl_academic+nawl_rank_878+bridge_from_beginner_grade_4+grade_estimate_6
rope,891,5,6,1,n,tier2_nawl_academic+nawl_rank_891+bridge_from_beginner_grade_2+grade_estimate_6
bucket,896,5,6,1,n,tier2_nawl_academic+nawl_rank_896+bridge_from_beginner_grade_4+grade_estimate_6
airplane,899,5,6,1,n,tier2_nawl_academic+nawl_rank_899+bridge_from_beginner_grade_3+grade_estimate_6
deceive,901,5,6,1,adj,tier2_nawl_academic+nawl_rank_901+bridge_from_beginner_grade_4+grade_estimate_6
pardon,924,3,6,1,n,tier2_nawl_academic+nawl_rank_924+bridge_from_beginner_grade_3+grade_estimate_6
millimeter,925,3,6,1,n,tier2_nawl_academic+nawl_rank_925+bridge_from_beginner_grade_4+grade_estimate_6
homework,933,3,6,1,n,tier2_nawl_academic+nawl_rank_933+bridge_from_beginner_grade_4+grade_estimate_6
mall,959,1,6,1,n,tier2_nawl_academic+nawl_rank_959+bridge_from_beginner_grade_5+grade_estimate_6
really,104,870,6,0,adv,tier1_ngsl_general+ngsl_rank_104+bridge_from_beginner_grade_4+grade_estimate_6
company,107,842,6,0,n,tier1_ngsl_general+ngsl_rank_107+bridge_from_beginner_grade_5+grade_estimate_6
become,141,654,6,0,v,tier1_ngsl_general+ngsl_rank_141+bridge_from_beginner_grade_4+grade_estimate_6
interest,142,653,6,0,n,tier1_ngsl_general+ngsl_rank_142+bridge_from_beginner_grade_4+grade_estimate_6
include,163,575,6,0,v,tier1_ngsl_general+ngsl_rank_163+bridge_from_beginner_grade_4+grade_estimate_6
course,164,575,6,0,n,tier1_ngsl_general+ngsl_rank_164+bridge_from_beginner_grade_4+grade_estimate_6
system,179,545,6,0,n,tier1_ngsl_general+ngsl_rank_179+bridge_from_beginner_grade_4+grade_estimate_6
early,197,499,6,0,adv,tier1_ngsl_general+ngsl_rank_197+bridge_from_beginner_grade_4+grade_estimate_6
provide,205,476,6,0,n,tier1_ngsl_general+ngsl_rank_205+bridge_from_beginner_grade_5+grade_estimate_6
friend,208,468,6,0,n,tier1_ngsl_general+ngsl_rank_208+bridge_from_beginner_grade_4+grade_estimate_6
month,209,468,6,0,n,tier1_ngsl_general+ngsl_rank_209+grade_estimate_6
business,211,464,6,0,n,tier1_ngsl_general+ngsl_rank_211+bridge_from_beginner_grade_5+grade_estimate_6
information,213,459,6,0,n,tier1_ngsl_general+ngsl_rank_213+bridge_from_beginner_grade_5+grade_estimate_6
order,215,456,6,0,n,tier1_ngsl_general+ngsl_rank_215+bridge_from_beginner_grade_4+grade_estimate_6
issue,218,453,6,0,n,tier1_ngsl_general+ngsl_rank_218+grade_estimate_6
service,223,440,6,0,n,tier1_ngsl_general+ngsl_rank_223+grade_estimate_6
believe,225,435,6,0,v,tier1_ngsl_general+ngsl_rank_225+bridge_from_beginner_grade_4+grade_estimate_6
increase,230,425,6,0,v,tier1_ngsl_general+ngsl_rank_230+bridge_from_beginner_grade_5+grade_estimate_6
result,233,424,6,0,n,tier1_ngsl_general+ngsl_rank_233+bridge_from_beginner_grade_4+grade_estimate_6
happen,236,420,6,0,v,tier1_ngsl_general+ngsl_rank_236+grade_estimate_6
offer,237,418,6,0,v,tier1_ngsl_general+ngsl_rank_237+grade_estimate_6
program,240,414,6,0,n,tier1_ngsl_general+ngsl_rank_240+bridge_from_beginner_grade_4+grade_estimate_6
understand,243,403,6,0,n,tier1_ngsl_general+ngsl_rank_243+bridge_from_beginner_grade_4+grade_estimate_6
student,248,391,6,0,adj,tier1_ngsl_general+ngsl_rank_248+bridge_from_beginner_grade_5+grade_estimate_6
reason,256,383,6,0,n,tier1_ngsl_general+ngsl_rank_256+bridge_from_beginner_grade_4+grade_estimate_6
spend,258,378,6,0,n,tier1_ngsl_general+ngsl_rank_258+grade_estimate_6
level,262,373,6,0,n,tier1_ngsl_general+ngsl_rank_262+bridge_from_beginner_grade_5+grade_estimate_6
experience,264,365,6,0,n,tier1_ngsl_general+ngsl_rank_264+grade_estimate_6
member,266,364,6,0,n,tier1_ngsl_general+ngsl_rank_266+bridge_from_beginner_grade_4+grade_estimate_6
support,272,359,6,0,v,tier1_ngsl_general+ngsl_rank_272+grade_estimate_6
present,275,358,6,0,adj,tier1_ngsl_general+ngsl_rank_275+bridge_from_beginner_grade_4+grade_estimate_6
quite,277,354,6,0,adv,tier1_ngsl_general+ngsl_rank_277+bridge_from_beginner_grade_4+grade_estimate_6
term,280,350,6,0,n,tier1_ngsl_general+ngsl_rank_280+grade_estimate_6
process,286,346,6,0,n,tier1_ngsl_general+ngsl_rank_286+bridge_from_beginner_grade_5+grade_estimate_6
public,287,343,6,0,adj,tier1_ngsl_general+ngsl_rank_287+bridge_from_beginner_grade_4+grade_estimate_6
train,289,338,6,0,n,tier1_ngsl_general+ngsl_rank_289+bridge_from_beginner_grade_4+grade_estimate_6
possible,290,337,6,0,adj,tier1_ngsl_general+ngsl_rank_290+bridge_from_beginner_grade_5+grade_estimate_6
rather,292,336,6,0,adv,tier1_ngsl_general+ngsl_rank_292+bridge_from_beginner_grade_4+grade_estimate_6
view,293,336,6,0,n,tier1_ngsl_general+ngsl_rank_293+bridge_from_beginner_grade_4+grade_estimate_6
consider,295,334,6,0,v,tier1_ngsl_general+ngsl_rank_295+bridge_from_beginner_grade_5+grade_estimate_6
control,301,320,6,0,v,tier1_ngsl_general+ngsl_rank_301+bridge_from_beginner_grade_4+grade_estimate_6
already,302,318,6,0,adv,tier1_ngsl_general+ngsl_rank_302+bridge_from_beginner_grade_4+grade_estimate_6
concern,303,317,6,0,n,tier1_ngsl_general+ngsl_rank_303+bridge_from_beginner_grade_4+grade_estimate_6
lose,305,316,6,0,n,tier1_ngsl_general+ngsl_rank_305+grade_estimate_6
continue,308,314,6,0,n,tier1_ngsl_general+ngsl_rank_308+bridge_from_beginner_grade_5+grade_estimate_6
rate,312,312,6,0,v,tier1_ngsl_general+ngsl_rank_312+grade_estimate_6
expect,314,311,6,0,v,tier1_ngsl_general+ngsl_rank_314+bridge_from_beginner_grade_5+grade_estimate_6
effect,315,311,6,0,n,tier1_ngsl_general+ngsl_rank_315+bridge_from_beginner_grade_5+grade_estimate_6
sort,316,311,6,0,n,tier1_ngsl_general+ngsl_rank_316+grade_estimate_6
anything,318,310,6,0,v,tier1_ngsl_general+ngsl_rank_318+bridge_from_beginner_grade_4+grade_estimate_6
allow,324,305,6,0,v,tier1_ngsl_general+ngsl_rank_324+bridge_from_beginner_grade_5+grade_estimate_6
probably,328,299,6,0,adv,tier1_ngsl_general+ngsl_rank_328+bridge_from_beginner_grade_4+grade_estimate_6
suggest,329,298,6,0,v,tier1_ngsl_general+ngsl_rank_329+grade_estimate_6
return,337,294,6,0,n,tier1_ngsl_general+ngsl_rank_337+bridge_from_beginner_grade_4+grade_estimate_6
matter,340,290,6,0,n,tier1_ngsl_general+ngsl_rank_340+bridge_from_beginner_grade_5+grade_estimate_6
several,348,285,6,0,adj,tier1_ngsl_general+ngsl_rank_348+bridge_from_beginner_grade_4+grade_estimate_6
develop,350,282,6,0,v,tier1_ngsl_general+ngsl_rank_350+bridge_from_beginner_grade_4+grade_estimate_6
remember,351,282,6,0,v,tier1_ngsl_general+ngsl_rank_351+bridge_from_beginner_grade_4+grade_estimate_6
figure,357,278,6,0,n,tier1_ngsl_general+ngsl_rank_357+bridge_from_beginner_grade_4+grade_estimate_6
decide,359,276,6,0,v,tier1_ngsl_general+ngsl_rank_359+bridge_from_beginner_grade_4+grade_estimate_6
language,360,275,6,0,n,tier1_ngsl_general+ngsl_rank_360+bridge_from_beginner_grade_4+grade_estimate_6
subject,361,273,6,0,n,tier1_ngsl_general+ngsl_rank_361+bridge_from_beginner_grade_4+grade_estimate_6
development,363,270,6,0,n,tier1_ngsl_general+ngsl_rank_363+grade_estimate_6
half,365,269,6,0,n,tier1_ngsl_general+ngsl_rank_365+bridge_from_beginner_grade_4+grade_estimate_6
per,373,265,6,0,n,tier1_ngsl_general+ngsl_rank_373+bridge_from_beginner_grade_4+grade_estimate_6
remain,374,265,6,0,v,tier1_ngsl_general+ngsl_rank_374+bridge_from_beginner_grade_5+grade_estimate_6
involve,379,260,6,0,v,tier1_ngsl_general+ngsl_rank_379+grade_estimate_6
reach,380,260,6,0,n,tier1_ngsl_general+ngsl_rank_380+grade_estimate_6
social,381,260,6,0,adj,tier1_ngsl_general+ngsl_rank_381+grade_estimate_6
period,382,259,6,0,n,tier1_ngsl_general+ngsl_rank_382+bridge_from_beginner_grade_5+grade_estimate_6
create,386,258,6,0,n,tier1_ngsl_general+ngsl_rank_386+bridge_from_beginner_grade_5+grade_estimate_6
type,389,257,6,0,n,tier1_ngsl_general+ngsl_rank_389+bridge_from_beginner_grade_4+grade_estimate_6
political,394,255,6,0,adj,tier1_ngsl_general+ngsl_rank_394+grade_estimate_6
receive,396,254,6,0,adj,tier1_ngsl_general+ngsl_rank_396+bridge_from_beginner_grade_4+grade_estimate_6
moment,397,254,6,0,n,tier1_ngsl_general+ngsl_rank_397+bridge_from_beginner_grade_4+grade_estimate_6
sale,398,254,6,0,n,tier1_ngsl_general+ngsl_rank_398+grade_estimate_6
policy,399,253,6,0,n,tier1_ngsl_general+ngsl_rank_399+grade_estimate_6
further,400,251,6,0,adv,tier1_ngsl_general+ngsl_rank_400+grade_estimate_6
require,402,249,6,0,v,tier1_ngsl_general+ngsl_rank_402+grade_estimate_6
appear,405,248,6,0,v,tier1_ngsl_general+ngsl_rank_405+bridge_from_beginner_grade_4+grade_estimate_6
individual,409,248,6,0,adj,tier1_ngsl_general+ngsl_rank_409+grade_estimate_6
sense,412,247,6,0,n,tier1_ngsl_general+ngsl_rank_412+bridge_from_beginner_grade_5+grade_estimate_6
perhaps,413,246,6,0,adv,tier1_ngsl_general+ngsl_rank_413+bridge_from_beginner_grade_4+grade_estimate_6
pass,416,243,6,0,n,tier1_ngsl_general+ngsl_rank_416+grade_estimate_6
produce,417,243,6,0,v,tier1_ngsl_general+ngsl_rank_417+bridge_from_beginner_grade_4+grade_estimate_6
agree,420,240,6,0,v,tier1_ngsl_general+ngsl_rank_420+grade_estimate_6
everything,422,238,6,0,v,tier1_ngsl_general+ngsl_rank_422+bridge_from_beginner_grade_4+grade_estimate_6
research,423,237,6,0,n,tier1_ngsl_general+ngsl_rank_423+grade_estimate_6
cover,424,236,6,0,v,tier1_ngsl_general+ngsl_rank_424+grade_estimate_6
human,428,235,6,0,adj,tier1_ngsl_general+ngsl_rank_428+bridge_from_beginner_grade_5+grade_estimate_6
computer,429,235,6,0,n,tier1_ngsl_general+ngsl_rank_429+grade_estimate_6
situation,430,235,6,0,n,tier1_ngsl_general+ngsl_rank_430+grade_estimate_6
staff,431,234,6,0,n,tier1_ngsl_general+ngsl_rank_431+grade_estimate_6
activity,432,234,6,0,n,tier1_ngsl_general+ngsl_rank_432+grade_estimate_6
film,433,232,6,0,n,tier1_ngsl_general+ngsl_rank_433+grade_estimate_6
major,438,229,6,0,adj,tier1_ngsl_general+ngsl_rank_438+bridge_from_beginner_grade_5+grade_estimate_6
design,441,228,6,0,n,tier1_ngsl_general+ngsl_rank_441+bridge_from_beginner_grade_5+grade_estimate_6
special,443,228,6,0,adj,tier1_ngsl_general+ngsl_rank_443+bridge_from_beginner_grade_4+grade_estimate_6
condition,445,226,6,0,n,tier1_ngsl_general+ngsl_rank_445+grade_estimate_6
decision,449,224,6,0,n,tier1_ngsl_general+ngsl_rank_449+grade_estimate_6
certain,451,223,6,0,adj,tier1_ngsl_general+ngsl_rank_451+bridge_from_beginner_grade_4+grade_estimate_6
forward,452,223,6,0,adj,tier1_ngsl_general+ngsl_rank_452+bridge_from_beginner_grade_4+grade_estimate_6
die,454,222,6,0,n,tier1_ngsl_general+ngsl_rank_454+grade_estimate_6
describe,457,220,6,0,v,tier1_ngsl_general+ngsl_rank_457+bridge_from_beginner_grade_4+grade_estimate_6
maybe,464,217,6,0,adv,tier1_ngsl_general+ngsl_rank_464+bridge_from_beginner_grade_4+grade_estimate_6
particular,467,215,6,0,adj,tier1_ngsl_general+ngsl_rank_467+bridge_from_beginner_grade_5+grade_estimate_6
role,468,215,6,0,n,tier1_ngsl_general+ngsl_rank_468+grade_estimate_6
join,469,215,6,0,n,tier1_ngsl_general+ngsl_rank_469+grade_estimate_6
difficult,470,215,6,0,n,tier1_ngsl_general+ngsl_rank_470+bridge_from_beginner_grade_5+grade_estimate_6
detail,472,213,6,0,n,tier1_ngsl_general+ngsl_rank_472+grade_estimate_6
health,475,209,6,0,n,tier1_ngsl_general+ngsl_rank_475+grade_estimate_6
phone,479,207,6,0,n,tier1_ngsl_general+ngsl_rank_479+grade_estimate_6
themselves,480,207,6,0,n,tier1_ngsl_general+ngsl_rank_480+bridge_from_beginner_grade_4+grade_estimate_6
practice,484,205,6,0,v,tier1_ngsl_general+ngsl_rank_484+bridge_from_beginner_grade_5+grade_estimate_6
customer,487,205,6,0,n,tier1_ngsl_general+ngsl_rank_487+grade_estimate_6
explain,489,202,6,0,v,tier1_ngsl_general+ngsl_rank_489+bridge_from_beginner_grade_4+grade_estimate_6
economic,493,199,6,0,adj,tier1_ngsl_general+ngsl_rank_493+grade_estimate_6
site,494,199,6,0,n,tier1_ngsl_general+ngsl_rank_494+bridge_from_beginner_grade_4+grade_estimate_6
approach,495,199,6,0,n,tier1_ngsl_general+ngsl_rank_495+grade_estimate_6
charge,498,197,6,0,n,tier1_ngsl_general+ngsl_rank_498+bridge_from_beginner_grade_4+grade_estimate_6
finally,499,197,6,0,adv,tier1_ngsl_general+ngsl_rank_499+bridge_from_beginner_grade_4+grade_estimate_6
claim,501,196,6,0,n,tier1_ngsl_general+ngsl_rank_501+bridge_from_beginner_grade_4+grade_estimate_6
relationship,502,196,6,0,n,tier1_ngsl_general+ngsl_rank_502+grade_estimate_6
enjoy,504,195,6,0,v,tier1_ngsl_general+ngsl_rank_504+bridge_from_beginner_grade_5+grade_estimate_6
improve,508,192,6,0,v,tier1_ngsl_general+ngsl_rank_508+grade_estimate_6
regard,511,191,6,0,n,tier1_ngsl_general+ngsl_rank_511+grade_estimate_6
organization,512,191,6,0,n,tier1_ngsl_general+ngsl_rank_512+grade_estimate_6
couple,514,191,6,0,n,tier1_ngsl_general+ngsl_rank_514+grade_estimate_6
range,516,190,6,0,n,tier1_ngsl_general+ngsl_rank_516+bridge_from_beginner_grade_4+grade_estimate_6
quality,517,190,6,0,n,tier1_ngsl_general+ngsl_rank_517+grade_estimate_6
project,518,190,6,0,n,tier1_ngsl_general+ngsl_rank_518+grade_estimate_6
opportunity,520,189,6,0,n,tier1_ngsl_general+ngsl_rank_520+grade_estimate_6
accord,522,188,6,0,n,tier1_ngsl_general+ngsl_rank_522+grade_estimate_6
therefore,525,187,6,0,adv,tier1_ngsl_general+ngsl_rank_525+grade_estimate_6
fund,527,187,6,0,n,tier1_ngsl_general+ngsl_rank_527+grade_estimate_6
industry,530,185,6,0,n,tier1_ngsl_general+ngsl_rank_530+bridge_from_beginner_grade_5+grade_estimate_6
kill,533,184,6,0,n,tier1_ngsl_general+ngsl_rank_533+grade_estimate_6
certainly,536,182,6,0,adv,tier1_ngsl_general+ngsl_rank_536+grade_estimate_6
teach,539,181,6,0,n,tier1_ngsl_general+ngsl_rank_539+grade_estimate_6
field,540,181,6,0,n,tier1_ngsl_general+ngsl_rank_540+bridge_from_beginner_grade_4+grade_estimate_6
security,541,180,6,0,n,tier1_ngsl_general+ngsl_rank_541+grade_estimate_6
benefit,543,179,6,0,n,tier1_ngsl_general+ngsl_rank_543+grade_estimate_6
risk,545,179,6,0,n,tier1_ngsl_general+ngsl_rank_545+grade_estimate_6
news,546,178,6,0,n,tier1_ngsl_general+ngsl_rank_546+grade_estimate_6
standard,547,178,6,0,n,tier1_ngsl_general+ngsl_rank_547+bridge_from_beginner_grade_5+grade_estimate_6
percent,549,177,6,0,n,tier1_ngsl_general+ngsl_rank_549+bridge_from_beginner_grade_4+grade_estimate_6
instead,553,176,6,0,adv,tier1_ngsl_general+ngsl_rank_553+bridge_from_beginner_grade_4+grade_estimate_6
realize,554,176,6,0,v,tier1_ngsl_general+ngsl_rank_554+grade_estimate_6
usually,555,175,6,0,adv,tier1_ngsl_general+ngsl_rank_555+bridge_from_beginner_grade_4+grade_estimate_6
single,557,174,6,0,adj,tier1_ngsl_general+ngsl_rank_557+bridge_from_beginner_grade_5+grade_estimate_6
address,558,173,6,0,n,tier1_ngsl_general+ngsl_rank_558+bridge_from_beginner_grade_4+grade_estimate_6
performance,559,172,6,0,n,tier1_ngsl_general+ngsl_rank_559+grade_estimate_6
accept,561,172,6,0,v,tier1_ngsl_general+ngsl_rank_561+grade_estimate_6
society,562,172,6,0,n,tier1_ngsl_general+ngsl_rank_562+grade_estimate_6
technology,563,172,6,0,n,tier1_ngsl_general+ngsl_rank_563+grade_estimate_6
mention,564,172,6,0,v,tier1_ngsl_general+ngsl_rank_564+grade_estimate_6
demand,570,169,6,0,n,tier1_ngsl_general+ngsl_rank_570+bridge_from_beginner_grade_4+grade_estimate_6
limit,572,168,6,0,v,tier1_ngsl_general+ngsl_rank_572+grade_estimate_6
effort,577,167,6,0,n,tier1_ngsl_general+ngsl_rank_577+grade_estimate_6
complete,581,166,6,0,adj,tier1_ngsl_general+ngsl_rank_581+bridge_from_beginner_grade_4+grade_estimate_6
reduce,584,165,6,0,v,tier1_ngsl_general+ngsl_rank_584+grade_estimate_6
personal,585,165,6,0,adj,tier1_ngsl_general+ngsl_rank_585+grade_estimate_6
arrive,588,165,6,0,v,tier1_ngsl_general+ngsl_rank_588+grade_estimate_6
patient,589,165,6,0,adj,tier1_ngsl_general+ngsl_rank_589+grade_estimate_6
century,591,163,6,0,n,tier1_ngsl_general+ngsl_rank_591+bridge_from_beginner_grade_4+grade_estimate_6
evidence,592,163,6,0,n,tier1_ngsl_general+ngsl_rank_592+grade_estimate_6
exist,593,163,6,0,v,tier1_ngsl_general+ngsl_rank_593+grade_estimate_6
similar,594,163,6,0,adj,tier1_ngsl_general+ngsl_rank_594+bridge_from_beginner_grade_5+grade_estimate_6
leader,596,163,6,0,n,tier1_ngsl_general+ngsl_rank_596+grade_estimate_6
former,599,162,6,0,adj,tier1_ngsl_general+ngsl_rank_599+grade_estimate_6
contact,600,162,6,0,n,tier1_ngsl_general+ngsl_rank_600+bridge_from_beginner_grade_4+grade_estimate_6
particularly,601,162,6,0,adv,tier1_ngsl_general+ngsl_rank_601+grade_estimate_6
discuss,605,160,6,0,n,tier1_ngsl_general+ngsl_rank_605+bridge_from_beginner_grade_4+grade_estimate_6
response,606,159,6,0,n,tier1_ngsl_general+ngsl_rank_606+grade_estimate_6
piece,608,159,6,0,n,tier1_ngsl_general+ngsl_rank_608+bridge_from_beginner_grade_4+grade_estimate_6
finish,609,158,6,0,adj,tier1_ngsl_general+ngsl_rank_609+bridge_from_beginner_grade_4+grade_estimate_6
suppose,610,157,6,0,n,tier1_ngsl_general+ngsl_rank_610+bridge_from_beginner_grade_5+grade_estimate_6
president,612,157,6,0,adj,tier1_ngsl_general+ngsl_rank_612+bridge_from_beginner_grade_4+grade_estimate_6
court,615,156,6,0,n,tier1_ngsl_general+ngsl_rank_615+grade_estimate_6
arm,621,155,6,0,n,tier1_ngsl_general+ngsl_rank_621+grade_estimate_6
heart,622,155,6,0,n,tier1_ngsl_general+ngsl_rank_622+bridge_from_beginner_grade_4+grade_estimate_6
employee,624,154,6,0,n,tier1_ngsl_general+ngsl_rank_624+grade_estimate_6
manage,625,154,6,0,v,tier1_ngsl_general+ngsl_rank_625+grade_estimate_6
simply,626,153,6,0,adv,tier1_ngsl_general+ngsl_rank_626+grade_estimate_6
cell,629,153,6,0,n,tier1_ngsl_general+ngsl_rank_629+grade_estimate_6
article,630,152,6,0,n,tier1_ngsl_general+ngsl_rank_630+grade_estimate_6
attack,632,151,6,0,v,tier1_ngsl_general+ngsl_rank_632+grade_estimate_6
foreign,633,151,6,0,adj,tier1_ngsl_general+ngsl_rank_633+grade_estimate_6
surprise,634,151,6,0,v,tier1_ngsl_general+ngsl_rank_634+bridge_from_beginner_grade_5+grade_estimate_6
factor,636,150,6,0,n,tier1_ngsl_general+ngsl_rank_636+bridge_from_beginner_grade_5+grade_estimate_6
recently,638,150,6,0,adv,tier1_ngsl_general+ngsl_rank_638+grade_estimate_6
recent,641,149,6,0,adj,tier1_ngsl_general+ngsl_rank_641+bridge_from_beginner_grade_5+grade_estimate_6
relate,642,149,6,0,v,tier1_ngsl_general+ngsl_rank_642+grade_estimate_6
official,643,149,6,0,adj,tier1_ngsl_general+ngsl_rank_643+bridge_from_beginner_grade_4+grade_estimate_6
financial,644,149,6,0,adj,tier1_ngsl_general+ngsl_rank_644+bridge_from_beginner_grade_5+grade_estimate_6
campaign,647,148,6,0,n,tier1_ngsl_general+ngsl_rank_647+grade_estimate_6
private,648,148,6,0,adj,tier1_ngsl_general+ngsl_rank_648+bridge_from_beginner_grade_4+grade_estimate_6
forget,651,147,6,0,n,tier1_ngsl_general+ngsl_rank_651+grade_estimate_6
worry,653,147,6,0,n,tier1_ngsl_general+ngsl_rank_653+grade_estimate_6
opinion,656,147,6,0,n,tier1_ngsl_general+ngsl_rank_656+bridge_from_beginner_grade_4+grade_estimate_6
represent,658,146,6,0,v,tier1_ngsl_general+ngsl_rank_658+bridge_from_beginner_grade_4+grade_estimate_6
manager,661,145,6,0,n,tier1_ngsl_general+ngsl_rank_661+grade_estimate_6
international,662,144,6,0,adj,tier1_ngsl_general+ngsl_rank_662+grade_estimate_6
contain,663,144,6,0,v,tier1_ngsl_general+ngsl_rank_663+bridge_from_beginner_grade_4+grade_estimate_6
wonder,665,143,6,0,v,tier1_ngsl_general+ngsl_rank_665+bridge_from_beginner_grade_5+grade_estimate_6
nature,666,143,6,0,n,tier1_ngsl_general+ngsl_rank_666+grade_estimate_6
structure,667,143,6,0,n,tier1_ngsl_general+ngsl_rank_667+bridge_from_beginner_grade_4+grade_estimate_6
section,668,142,6,0,n,tier1_ngsl_general+ngsl_rank_668+bridge_from_beginner_grade_4+grade_estimate_6
exactly,670,142,6,0,adv,tier1_ngsl_general+ngsl_rank_670+bridge_from_beginner_grade_5+grade_estimate_6
worker,673,141,6,0,n,tier1_ngsl_general+ngsl_rank_673+grade_estimate_6
press,674,141,6,0,n,tier1_ngsl_general+ngsl_rank_674+grade_estimate_6
whatever,675,141,6,0,n,tier1_ngsl_general+ngsl_rank_675+grade_estimate_6
necessary,676,141,6,0,adj,tier1_ngsl_general+ngsl_rank_676+bridge_from_beginner_grade_5+grade_estimate_6
region,677,141,6,0,n,tier1_ngsl_general+ngsl_rank_677+bridge_from_beginner_grade_4+grade_estimate_6
evening,679,140,6,0,v,tier1_ngsl_general+ngsl_rank_679+bridge_from_beginner_grade_5+grade_estimate_6
influence,680,140,6,0,n,tier1_ngsl_general+ngsl_rank_680+grade_estimate_6
respect,681,140,6,0,n,tier1_ngsl_general+ngsl_rank_681+grade_estimate_6
various,682,140,6,0,adj,tier1_ngsl_general+ngsl_rank_682+bridge_from_beginner_grade_5+grade_estimate_6
catch,683,140,6,0,v,tier1_ngsl_general+ngsl_rank_683+bridge_from_beginner_grade_4+grade_estimate_6
thus,684,139,6,0,adv,tier1_ngsl_general+ngsl_rank_684+bridge_from_beginner_grade_5+grade_estimate_6
skill,685,139,6,0,n,tier1_ngsl_general+ngsl_rank_685+bridge_from_beginner_grade_4+grade_estimate_6
attempt,686,139,6,0,n,tier1_ngsl_general+ngsl_rank_686+grade_estimate_6
son,687,139,6,0,n,tier1_ngsl_general+ngsl_rank_687+bridge_from_beginner_grade_4+grade_estimate_6
medium,689,138,6,0,n,tier1_ngsl_general+ngsl_rank_689+bridge_from_beginner_grade_4+grade_estimate_6
average,690,138,6,0,n,tier1_ngsl_general+ngsl_rank_690+bridge_from_beginner_grade_4+grade_estimate_6
stock,691,138,6,0,n,tier1_ngsl_general+ngsl_rank_691+bridge_from_beginner_grade_4+grade_estimate_6
management,692,138,6,0,n,tier1_ngsl_general+ngsl_rank_692+grade_estimate_6
character,693,138,6,0,n,tier1_ngsl_general+ngsl_rank_693+bridge_from_beginner_grade_4+grade_estimate_6
indeed,697,137,6,0,v,tier1_ngsl_general+ngsl_rank_697+bridge_from_beginner_grade_5+grade_estimate_6
economy,699,137,6,0,n,tier1_ngsl_general+ngsl_rank_699+grade_estimate_6
guy,701,136,6,0,n,tier1_ngsl_general+ngsl_rank_701+grade_estimate_6
function,702,135,6,0,n,tier1_ngsl_general+ngsl_rank_702+grade_estimate_6
yesterday,703,135,6,0,adv,tier1_ngsl_general+ngsl_rank_703+bridge_from_beginner_grade_4+grade_estimate_6
image,704,135,6,0,n,tier1_ngsl_general+ngsl_rank_704+bridge_from_beginner_grade_4+grade_estimate_6
determine,708,134,6,0,v,tier1_ngsl_general+ngsl_rank_708+bridge_from_beginner_grade_4+grade_estimate_6
station,709,134,6,0,n,tier1_ngsl_general+ngsl_rank_709+grade_estimate_6
population,710,134,6,0,n,tier1_ngsl_general+ngsl_rank_710+bridge_from_beginner_grade_4+grade_estimate_6
fail,711,134,6,0,n,tier1_ngsl_general+ngsl_rank_711+grade_estimate_6
environment,712,134,6,0,n,tier1_ngsl_general+ngsl_rank_712+grade_estimate_6
production,713,133,6,0,n,tier1_ngsl_general+ngsl_rank_713+grade_estimate_6
contract,714,133,6,0,n,tier1_ngsl_general+ngsl_rank_714+grade_estimate_6
player,715,132,6,0,n,tier1_ngsl_general+ngsl_rank_715+grade_estimate_6
comment,716,132,6,0,n,tier1_ngsl_general+ngsl_rank_716+bridge_from_beginner_grade_4+grade_estimate_6
enter,717,132,6,0,n,tier1_ngsl_general+ngsl_rank_717+grade_estimate_6
occur,718,132,6,0,n,tier1_ngsl_general+ngsl_rank_718+grade_estimate_6
alone,719,132,6,0,n,tier1_ngsl_general+ngsl_rank_719+bridge_from_beginner_grade_4+grade_estimate_6
significant,720,131,6,0,adj,tier1_ngsl_general+ngsl_rank_720+grade_estimate_6
drug,721,131,6,0,n,tier1_ngsl_general+ngsl_rank_721+grade_estimate_6
series,723,131,6,0,n,tier1_ngsl_general+ngsl_rank_723+bridge_from_beginner_grade_4+grade_estimate_6
direct,724,131,6,0,adj,tier1_ngsl_general+ngsl_rank_724+bridge_from_beginner_grade_5+grade_estimate_6
success,725,130,6,0,n,tier1_ngsl_general+ngsl_rank_725+grade_estimate_6
tomorrow,726,130,6,0,adv,tier1_ngsl_general+ngsl_rank_726+bridge_from_beginner_grade_4+grade_estimate_6
director,727,130,6,0,n,tier1_ngsl_general+ngsl_rank_727+grade_estimate_6
clearly,728,130,6,0,adv,tier1_ngsl_general+ngsl_rank_728+grade_estimate_6
lack,729,129,6,0,n,tier1_ngsl_general+ngsl_rank_729+grade_estimate_6
depend,731,129,6,0,n,tier1_ngsl_general+ngsl_rank_731+bridge_from_beginner_grade_4+grade_estimate_6
recognize,733,129,6,0,v,tier1_ngsl_general+ngsl_rank_733+grade_estimate_6
window,734,129,6,0,n,tier1_ngsl_general+ngsl_rank_734+bridge_from_beginner_grade_4+grade_estimate_6
purpose,735,128,6,0,n,tier1_ngsl_general+ngsl_rank_735+bridge_from_beginner_grade_4+grade_estimate_6
department,736,128,6,0,n,tier1_ngsl_general+ngsl_rank_736+grade_estimate_6
gain,737,128,6,0,n,tier1_ngsl_general+ngsl_rank_737+grade_estimate_6
college,739,128,6,0,n,tier1_ngsl_general+ngsl_rank_739+bridge_from_beginner_grade_4+grade_estimate_6
machine,745,126,6,0,n,tier1_ngsl_general+ngsl_rank_745+bridge_from_beginner_grade_4+grade_estimate_6
achieve,746,126,6,0,v,tier1_ngsl_general+ngsl_rank_746+bridge_from_beginner_grade_4+grade_estimate_6
item,747,126,6,0,n,tier1_ngsl_general+ngsl_rank_747+grade_estimate_6
prove,748,126,6,0,n,tier1_ngsl_general+ngsl_rank_748+grade_estimate_6
cent,749,126,6,0,adj,tier1_ngsl_general+ngsl_rank_749+grade_estimate_6
stuff,752,126,6,0,n,tier1_ngsl_general+ngsl_rank_752+grade_estimate_6
analysis,756,126,6,0,n,tier1_ngsl_general+ngsl_rank_756+grade_estimate_6
election,757,126,6,0,n,tier1_ngsl_general+ngsl_rank_757+grade_estimate_6
military,758,126,6,0,adj,tier1_ngsl_general+ngsl_rank_758+grade_estimate_6
hotel,759,126,6,0,n,tier1_ngsl_general+ngsl_rank_759+bridge_from_beginner_grade_4+grade_estimate_6
club,760,126,6,0,n,tier1_ngsl_general+ngsl_rank_760+grade_estimate_6
movie,762,126,6,0,n,tier1_ngsl_general+ngsl_rank_762+bridge_from_beginner_grade_4+grade_estimate_6
doctor,763,125,6,0,n,tier1_ngsl_general+ngsl_rank_763+bridge_from_beginner_grade_5+grade_estimate_6
sorry,765,125,6,0,n,tier1_ngsl_general+ngsl_rank_765+grade_estimate_6
challenge,766,125,6,0,n,tier1_ngsl_general+ngsl_rank_766+grade_estimate_6
nearly,768,125,6,0,adv,tier1_ngsl_general+ngsl_rank_768+grade_estimate_6
statement,769,125,6,0,n,tier1_ngsl_general+ngsl_rank_769+bridge_from_beginner_grade_5+grade_estimate_6
link,770,124,6,0,n,tier1_ngsl_general+ngsl_rank_770+grade_estimate_6
despite,771,124,6,0,prep,tier1_ngsl_general+ngsl_rank_771+grade_estimate_6
introduce,772,124,6,0,v,tier1_ngsl_general+ngsl_rank_772+grade_estimate_6
advantage,773,124,6,0,n,tier1_ngsl_general+ngsl_rank_773+grade_estimate_6
ready,774,124,6,0,n,tier1_ngsl_general+ngsl_rank_774+bridge_from_beginner_grade_4+grade_estimate_6
marry,775,124,6,0,n,tier1_ngsl_general+ngsl_rank_775+grade_estimate_6
strike,776,124,6,0,n,tier1_ngsl_general+ngsl_rank_776+bridge_from_beginner_grade_4+grade_estimate_6
seek,778,123,6,0,n,tier1_ngsl_general+ngsl_rank_778+grade_estimate_6
ability,779,123,6,0,n,tier1_ngsl_general+ngsl_rank_779+grade_estimate_6
hospital,782,123,6,0,adj,tier1_ngsl_general+ngsl_rank_782+bridge_from_beginner_grade_5+grade_estimate_6
interview,784,122,6,0,n,tier1_ngsl_general+ngsl_rank_784+grade_estimate_6
agreement,785,122,6,0,n,tier1_ngsl_general+ngsl_rank_785+bridge_from_beginner_grade_5+grade_estimate_6
release,786,122,6,0,n,tier1_ngsl_general+ngsl_rank_786+bridge_from_beginner_grade_4+grade_estimate_6
tax,787,122,6,0,n,tier1_ngsl_general+ngsl_rank_787+grade_estimate_6
solution,788,122,6,0,n,tier1_ngsl_general+ngsl_rank_788+bridge_from_beginner_grade_5+grade_estimate_6
capital,789,121,6,0,adj,tier1_ngsl_general+ngsl_rank_789+bridge_from_beginner_grade_5+grade_estimate_6
popular,790,121,6,0,n,tier1_ngsl_general+ngsl_rank_790+grade_estimate_6
specific,791,121,6,0,adj,tier1_ngsl_general+ngsl_rank_791+bridge_from_beginner_grade_5+grade_estimate_6
aim,794,121,6,0,n,tier1_ngsl_general+ngsl_rank_794+grade_estimate_6
television,795,120,6,0,n,tier1_ngsl_general+ngsl_rank_795+grade_estimate_6
serious,796,120,6,0,adj,tier1_ngsl_general+ngsl_rank_796+grade_estimate_6
target,797,120,6,0,n,tier1_ngsl_general+ngsl_rank_797+grade_estimate_6
degree,798,120,6,0,n,tier1_ngsl_general+ngsl_rank_798+grade_estimate_6
husband,801,119,6,0,n,tier1_ngsl_general+ngsl_rank_801+bridge_from_beginner_grade_4+grade_estimate_6
access,802,119,6,0,n,tier1_ngsl_general+ngsl_rank_802+grade_estimate_6
movement,803,119,6,0,n,tier1_ngsl_general+ngsl_rank_803+bridge_from_beginner_grade_4+grade_estimate_6
treat,804,119,6,0,n,tier1_ngsl_general+ngsl_rank_804+grade_estimate_6
identify,805,118,6,0,v,tier1_ngsl_general+ngsl_rank_805+grade_estimate_6
loss,806,118,6,0,n,tier1_ngsl_general+ngsl_rank_806+grade_estimate_6
modern,808,117,6,0,adj,tier1_ngsl_general+ngsl_rank_808+bridge_from_beginner_grade_5+grade_estimate_6
pressure,809,117,6,0,n,tier1_ngsl_general+ngsl_rank_809+bridge_from_beginner_grade_4+grade_estimate_6
treatment,811,117,6,0,n,tier1_ngsl_general+ngsl_rank_811+grade_estimate_6
supply,814,116,6,0,v,tier1_ngsl_general+ngsl_rank_814+bridge_from_beginner_grade_5+grade_estimate_6
indicate,819,116,6,0,v,tier1_ngsl_general+ngsl_rank_819+bridge_from_beginner_grade_5+grade_estimate_6
attend,820,116,6,0,n,tier1_ngsl_general+ngsl_rank_820+grade_estimate_6
investment,822,116,6,0,n,tier1_ngsl_general+ngsl_rank_822+grade_estimate_6
score,823,115,6,0,n,tier1_ngsl_general+ngsl_rank_823+bridge_from_beginner_grade_4+grade_estimate_6
beyond,826,115,6,0,prep,tier1_ngsl_general+ngsl_rank_826+grade_estimate_6
promise,829,115,6,0,v,tier1_ngsl_general+ngsl_rank_829+grade_estimate_6
potential,830,115,6,0,adj,tier1_ngsl_general+ngsl_rank_830+grade_estimate_6
energy,831,115,6,0,n,tier1_ngsl_general+ngsl_rank_831+bridge_from_beginner_grade_4+grade_estimate_6
trouble,832,115,6,0,n,tier1_ngsl_general+ngsl_rank_832+bridge_from_beginner_grade_5+grade_estimate_6
relation,833,114,6,0,n,tier1_ngsl_general+ngsl_rank_833+grade_estimate_6
file,835,114,6,0,adj,tier1_ngsl_general+ngsl_rank_835+grade_estimate_6
bar,837,114,6,0,n,tier1_ngsl_general+ngsl_rank_837+grade_estimate_6
suffer,838,113,6,0,n,tier1_ngsl_general+ngsl_rank_838+grade_estimate_6
strategy,839,113,6,0,n,tier1_ngsl_general+ngsl_rank_839+grade_estimate_6
except,841,113,6,0,n,tier1_ngsl_general+ngsl_rank_841+bridge_from_beginner_grade_4+grade_estimate_6
tend,843,113,6,0,n,tier1_ngsl_general+ngsl_rank_843+grade_estimate_6
advance,844,113,6,0,n,tier1_ngsl_general+ngsl_rank_844+bridge_from_beginner_grade_4+grade_estimate_6
fill,845,113,6,0,n,tier1_ngsl_general+ngsl_rank_845+grade_estimate_6
star,846,113,6,0,n,tier1_ngsl_general+ngsl_rank_846+grade_estimate_6
network,847,112,6,0,n,tier1_ngsl_general+ngsl_rank_847+grade_estimate_6
generally,848,112,6,0,adv,tier1_ngsl_general+ngsl_rank_848+grade_estimate_6
operation,849,112,6,0,n,tier1_ngsl_general+ngsl_rank_849+grade_estimate_6
avoid,851,111,6,0,n,tier1_ngsl_general+ngsl_rank_851+grade_estimate_6
throw,853,111,6,0,n,tier1_ngsl_general+ngsl_rank_853+grade_estimate_6
normal,855,110,6,0,adj,tier1_ngsl_general+ngsl_rank_855+bridge_from_beginner_grade_4+grade_estimate_6
goal,856,110,6,0,adj,tier1_ngsl_general+ngsl_rank_856+bridge_from_beginner_grade_4+grade_estimate_6
associate,857,110,6,0,n,tier1_ngsl_general+ngsl_rank_857+bridge_from_beginner_grade_5+grade_estimate_6
positive,859,110,6,0,adj,tier1_ngsl_general+ngsl_rank_859+bridge_from_beginner_grade_4+grade_estimate_6
option,860,110,6,0,n,tier1_ngsl_general+ngsl_rank_860+grade_estimate_6
message,863,109,6,0,n,tier1_ngsl_general+ngsl_rank_863+grade_estimate_6
instance,864,109,6,0,n,tier1_ngsl_general+ngsl_rank_864+grade_estimate_6
style,865,109,6,0,n,tier1_ngsl_general+ngsl_rank_865+grade_estimate_6
refer,866,109,6,0,n,tier1_ngsl_general+ngsl_rank_866+grade_estimate_6
assume,870,108,6,0,n,tier1_ngsl_general+ngsl_rank_870+grade_estimate_6
successful,872,108,6,0,adj,tier1_ngsl_general+ngsl_rank_872+grade_estimate_6
doubt,874,108,6,0,n,tier1_ngsl_general+ngsl_rank_874+grade_estimate_6
competition,875,108,6,0,n,tier1_ngsl_general+ngsl_rank_875+grade_estimate_6
theory,876,108,6,0,n,tier1_ngsl_general+ngsl_rank_876+grade_estimate_6
propose,877,107,6,0,v,tier1_ngsl_general+ngsl_rank_877+grade_estimate_6
reference,878,107,6,0,n,tier1_ngsl_general+ngsl_rank_878+grade_estimate_6
adult,880,107,6,0,n,tier1_ngsl_general+ngsl_rank_880+grade_estimate_6
document,882,107,6,0,n,tier1_ngsl_general+ngsl_rank_882+grade_estimate_6
pattern,883,107,6,0,n,tier1_ngsl_general+ngsl_rank_883+bridge_from_beginner_grade_4+grade_estimate_6
application,884,107,6,0,n,tier1_ngsl_general+ngsl_rank_884+grade_estimate_6
obviously,886,107,6,0,adv,tier1_ngsl_general+ngsl_rank_886+grade_estimate_6
unclear,887,106,6,0,n,tier1_ngsl_general+ngsl_rank_887+grade_estimate_6
separate,890,106,6,0,adj,tier1_ngsl_general+ngsl_rank_890+bridge_from_beginner_grade_5+grade_estimate_6
career,892,106,6,0,n,tier1_ngsl_general+ngsl_rank_892+bridge_from_beginner_grade_4+grade_estimate_6
anyway,893,106,6,0,adv,tier1_ngsl_general+ngsl_rank_893+grade_estimate_6
officer,896,106,6,0,n,tier1_ngsl_general+ngsl_rank_896+grade_estimate_6
throughout,897,106,6,0,n,tier1_ngsl_general+ngsl_rank_897+bridge_from_beginner_grade_5+grade_estimate_6
profit,900,105,6,0,n,tier1_ngsl_general+ngsl_rank_900+grade_estimate_6
protect,903,105,6,0,n,tier1_ngsl_general+ngsl_rank_903+grade_estimate_6
disease,906,104,6,0,n,tier1_ngsl_general+ngsl_rank_906+grade_estimate_6
balance,907,104,6,0,n,tier1_ngsl_general+ngsl_rank_907+bridge_from_beginner_grade_4+grade_estimate_6
damage,908,104,6,0,n,tier1_ngsl_general+ngsl_rank_908+bridge_from_beginner_grade_4+grade_estimate_6
basis,909,104,6,0,n,tier1_ngsl_general+ngsl_rank_909+grade_estimate_6
basic,911,104,6,0,adj,tier1_ngsl_general+ngsl_rank_911+grade_estimate_6
encourage,912,104,6,0,v,tier1_ngsl_general+ngsl_rank_912+grade_estimate_6
male,914,103,6,0,n,tier1_ngsl_general+ngsl_rank_914+grade_estimate_6
operate,915,103,6,0,v,tier1_ngsl_general+ngsl_rank_915+grade_estimate_6
exercise,917,103,6,0,n,tier1_ngsl_general+ngsl_rank_917+bridge_from_beginner_grade_4+grade_estimate_6
restaurant,919,103,6,0,adj,tier1_ngsl_general+ngsl_rank_919+bridge_from_beginner_grade_5+grade_estimate_6
income,920,103,6,0,n,tier1_ngsl_general+ngsl_rank_920+grade_estimate_6
property,921,103,6,0,n,tier1_ngsl_general+ngsl_rank_921+bridge_from_beginner_grade_5+grade_estimate_6
previous,922,103,6,0,adj,tier1_ngsl_general+ngsl_rank_922+grade_estimate_6
imagine,924,102,6,0,n,tier1_ngsl_general+ngsl_rank_924+grade_estimate_6
okay,925,102,6,0,n,tier1_ngsl_general+ngsl_rank_925+grade_estimate_6
earn,926,102,6,0,n,tier1_ngsl_general+ngsl_rank_926+grade_estimate_6
daughter,927,102,6,0,n,tier1_ngsl_general+ngsl_rank_927+grade_estimate_6
post,928,102,6,0,n,tier1_ngsl_general+ngsl_rank_928+grade_estimate_6
newspaper,929,102,6,0,n,tier1_ngsl_general+ngsl_rank_929+grade_estimate_6
define,930,101,6,0,v,tier1_ngsl_general+ngsl_rank_930+grade_estimate_6
conclusion,931,101,6,0,n,tier1_ngsl_general+ngsl_rank_931+grade_estimate_6
everybody,933,101,6,0,n,tier1_ngsl_general+ngsl_rank_933+grade_estimate_6
weekend,934,101,6,0,n,tier1_ngsl_general+ngsl_rank_934+grade_estimate_6
perform,935,101,6,0,n,tier1_ngsl_general+ngsl_rank_935+grade_estimate_6
professional,936,101,6,0,adj,tier1_ngsl_general+ngsl_rank_936+grade_estimate_6
debate,938,101,6,0,v,tier1_ngsl_general+ngsl_rank_938+grade_estimate_6
memory,939,101,6,0,adj,tier1_ngsl_general+ngsl_rank_939+bridge_from_beginner_grade_4+grade_estimate_6
maintain,943,100,6,0,n,tier1_ngsl_general+ngsl_rank_943+grade_estimate_6
credit,944,100,6,0,n,tier1_ngsl_general+ngsl_rank_944+bridge_from_beginner_grade_4+grade_estimate_6
discover,946,99,6,0,n,tier1_ngsl_general+ngsl_rank_946+grade_estimate_6
prefer,949,99,6,0,n,tier1_ngsl_general+ngsl_rank_949+grade_estimate_6
extend,950,99,6,0,n,tier1_ngsl_general+ngsl_rank_950+bridge_from_beginner_grade_4+grade_estimate_6
possibility,951,99,6,0,n,tier1_ngsl_general+ngsl_rank_951+grade_estimate_6
facility,953,99,6,0,n,tier1_ngsl_general+ngsl_rank_953+grade_estimate_6
variety,954,98,6,0,n,tier1_ngsl_general+ngsl_rank_954+grade_estimate_6
clothes,956,98,6,0,n,tier1_ngsl_general+ngsl_rank_956+bridge_from_beginner_grade_4+grade_estimate_6
screen,957,98,6,0,v,tier1_ngsl_general+ngsl_rank_957+grade_estimate_6
track,958,98,6,0,n,tier1_ngsl_general+ngsl_rank_958+bridge_from_beginner_grade_5+grade_estimate_6
completely,960,97,6,0,adv,tier1_ngsl_general+ngsl_rank_960+grade_estimate_6
female,961,97,6,0,n,tier1_ngsl_general+ngsl_rank_961+grade_estimate_6
responsibility,962,97,6,0,n,tier1_ngsl_general+ngsl_rank_962+bridge_from_beginner_grade_4+grade_estimate_6
original,963,96,6,0,adj,tier1_ngsl_general+ngsl_rank_963+grade_estimate_6
university,968,96,6,0,n,tier1_ngsl_general+ngsl_rank_968+bridge_from_beginner_grade_4+grade_estimate_6
easily,969,96,6,0,adv,tier1_ngsl_general+ngsl_rank_969+grade_estimate_6
agency,970,96,6,0,n,tier1_ngsl_general+ngsl_rank_970+grade_estimate_6
dollar,971,96,6,0,n,tier1_ngsl_general+ngsl_rank_971+grade_estimate_6
fix,973,95,6,0,n,tier1_ngsl_general+ngsl_rank_973+grade_estimate_6
ahead,974,95,6,0,n,tier1_ngsl_general+ngsl_rank_974+bridge_from_beginner_grade_5+grade_estimate_6
yeah,976,95,6,0,n,tier1_ngsl_general+ngsl_rank_976+grade_estimate_6
legal,979,94,6,0,adj,tier1_ngsl_general+ngsl_rank_979+grade_estimate_6
proposal,980,94,6,0,adj,tier1_ngsl_general+ngsl_rank_980+bridge_from_beginner_grade_4+grade_estimate_6
version,981,94,6,0,n,tier1_ngsl_general+ngsl_rank_981+grade_estimate_6
conversation,982,93,6,0,n,tier1_ngsl_general+ngsl_rank_982+grade_estimate_6
somebody,983,93,6,0,n,tier1_ngsl_general+ngsl_rank_983+grade_estimate_6
pound,984,93,6,0,n,tier1_ngsl_general+ngsl_rank_984+grade_estimate_6
magazine,985,93,6,0,n,tier1_ngsl_general+ngsl_rank_985+grade_estimate_6
immediately,988,93,6,0,adv,tier1_ngsl_general+ngsl_rank_988+grade_estimate_6
welcome,989,93,6,0,n,tier1_ngsl_general+ngsl_rank_989+bridge_from_beginner_grade_3+grade_estimate_6
smile,990,93,6,0,v,tier1_ngsl_general+ngsl_rank_990+bridge_from_beginner_grade_5+grade_estimate_6
communication,991,93,6,0,n,tier1_ngsl_general+ngsl_rank_991+grade_estimate_6
agent,992,92,6,0,adj,tier1_ngsl_general+ngsl_rank_992+grade_estimate_6
traditional,993,92,6,0,adj,tier1_ngsl_general+ngsl_rank_993+bridge_from_beginner_grade_3+grade_estimate_6
replace,994,92,6,0,v,tier1_ngsl_general+ngsl_rank_994+grade_estimate_6
judge,995,92,6,0,n,tier1_ngsl_general+ngsl_rank_995+grade_estimate_6
herself,996,92,6,0,pron,tier1_ngsl_general+ngsl_rank_996+grade_estimate_6
suddenly,997,92,6,0,adv,tier1_ngsl_general+ngsl_rank_997+bridge_from_beginner_grade_3+grade_estimate_6
generation,998,92,6,0,n,tier1_ngsl_general+ngsl_rank_998+grade_estimate_6
estimate,999,92,6,0,n,tier1_ngsl_general+ngsl_rank_999+bridge_from_beginner_grade_5+grade_estimate_6
favorite,1000,92,6,0,n,tier1_ngsl_general+ngsl_rank_1000+grade_estimate_6
difficulty,1001,92,6,0,n,tier1_ngsl_general+ngsl_rank_1001+grade_estimate_6
purchase,1002,91,6,0,n,tier1_ngsl_general+ngsl_rank_1002+bridge_from_beginner_grade_4+grade_estimate_6
shoot,1003,91,6,0,n,tier1_ngsl_general+ngsl_rank_1003+grade_estimate_6
announce,1004,91,6,0,n,tier1_ngsl_general+ngsl_rank_1004+grade_estimate_6
unless,1005,91,6,0,conj,tier1_ngsl_general+ngsl_rank_1005+grade_estimate_6
independent,1006,91,6,0,adj,tier1_ngsl_general+ngsl_rank_1006+grade_estimate_6
recommend,1007,91,6,0,n,tier1_ngsl_general+ngsl_rank_1007+grade_estimate_6
survey,1008,91,6,0,n,tier1_ngsl_general+ngsl_rank_1008+grade_estimate_6
majority,1009,91,6,0,n,tier1_ngsl_general+ngsl_rank_1009+bridge_from_beginner_grade_3+grade_estimate_6
request,1011,90,6,0,n,tier1_ngsl_general+ngsl_rank_1011+bridge_from_beginner_grade_4+grade_estimate_6
none,1014,90,6,0,n,tier1_ngsl_general+ngsl_rank_1014+grade_estimate_6
exchange,1015,90,6,0,n,tier1_ngsl_general+ngsl_rank_1015+bridge_from_beginner_grade_5+grade_estimate_6
budget,1016,89,6,0,n,tier1_ngsl_general+ngsl_rank_1016+grade_estimate_6
famous,1017,89,6,0,adj,tier1_ngsl_general+ngsl_rank_1017+bridge_from_beginner_grade_5+grade_estimate_6
blood,1018,89,6,0,n,tier1_ngsl_general+ngsl_rank_1018+bridge_from_beginner_grade_3+grade_estimate_6
appropriate,1019,89,6,0,v,tier1_ngsl_general+ngsl_rank_1019+grade_estimate_6
scene,1023,89,6,0,n,tier1_ngsl_general+ngsl_rank_1023+grade_estimate_6
writer,1024,89,6,0,n,tier1_ngsl_general+ngsl_rank_1024+grade_estimate_6
content,1025,89,6,0,adj,tier1_ngsl_general+ngsl_rank_1025+grade_estimate_6
prevent,1026,89,6,0,v,tier1_ngsl_general+ngsl_rank_1026+grade_estimate_6
safe,1027,89,6,0,adj,tier1_ngsl_general+ngsl_rank_1027+bridge_from_beginner_grade_3+grade_estimate_6
invite,1028,88,6,0,n,tier1_ngsl_general+ngsl_rank_1028+grade_estimate_6
mix,1029,88,6,0,n,tier1_ngsl_general+ngsl_rank_1029+grade_estimate_6
element,1030,88,6,0,n,tier1_ngsl_general+ngsl_rank_1030+grade_estimate_6
effective,1031,88,6,0,adj,tier1_ngsl_general+ngsl_rank_1031+grade_estimate_6
correct,1032,88,6,0,n,tier1_ngsl_general+ngsl_rank_1032+bridge_from_beginner_grade_3+grade_estimate_6
medical,1033,88,6,0,adj,tier1_ngsl_general+ngsl_rank_1033+grade_estimate_6
admit,1034,88,6,0,n,tier1_ngsl_general+ngsl_rank_1034+grade_estimate_6
telephone,1036,87,6,0,n,tier1_ngsl_general+ngsl_rank_1036+grade_estimate_6
copy,1037,87,6,0,n,tier1_ngsl_general+ngsl_rank_1037+bridge_from_beginner_grade_3+grade_estimate_6
committee,1038,87,6,0,n,tier1_ngsl_general+ngsl_rank_1038+grade_estimate_6
aware,1039,87,6,0,n,tier1_ngsl_general+ngsl_rank_1039+bridge_from_beginner_grade_5+grade_estimate_6
advice,1040,87,6,0,n,tier1_ngsl_general+ngsl_rank_1040+grade_estimate_6
handle,1041,87,6,0,n,tier1_ngsl_general+ngsl_rank_1041+bridge_from_beginner_grade_3+grade_estimate_6
trial,1043,87,6,0,adj,tier1_ngsl_general+ngsl_rank_1043+grade_estimate_6
stress,1044,87,6,0,n,tier1_ngsl_general+ngsl_rank_1044+grade_estimate_6
radio,1045,86,6,0,n,tier1_ngsl_general+ngsl_rank_1045+bridge_from_beginner_grade_5+grade_estimate_6
administration,1046,86,6,0,n,tier1_ngsl_general+ngsl_rank_1046+grade_estimate_6
complex,1047,86,6,0,n,tier1_ngsl_general+ngsl_rank_1047+bridge_from_beginner_grade_3+grade_estimate_6
text,1048,86,6,0,n,tier1_ngsl_general+ngsl_rank_1048+grade_estimate_6
directly,1051,86,6,0,adv,tier1_ngsl_general+ngsl_rank_1051+grade_estimate_6
heavy,1052,86,6,0,n,tier1_ngsl_general+ngsl_rank_1052+bridge_from_beginner_grade_4+grade_estimate_6
remove,1053,86,6,0,v,tier1_ngsl_general+ngsl_rank_1053+bridge_from_beginner_grade_4+grade_estimate_6
conduct,1054,86,6,0,n,tier1_ngsl_general+ngsl_rank_1054+bridge_from_beginner_grade_3+grade_estimate_6
equipment,1055,86,6,0,n,tier1_ngsl_general+ngsl_rank_1055+grade_estimate_6
otherwise,1056,86,6,0,adv,tier1_ngsl_general+ngsl_rank_1056+grade_estimate_6
extra,1058,85,6,0,n,tier1_ngsl_general+ngsl_rank_1058+grade_estimate_6
executive,1059,85,6,0,adj,tier1_ngsl_general+ngsl_rank_1059+bridge_from_beginner_grade_4+grade_estimate_6
chair,1060,85,6,0,n,tier1_ngsl_general+ngsl_rank_1060+grade_estimate_6
expensive,1061,85,6,0,adj,tier1_ngsl_general+ngsl_rank_1061+bridge_from_beginner_grade_5+grade_estimate_6
sample,1062,85,6,0,n,tier1_ngsl_general+ngsl_rank_1062+grade_estimate_6
sex,1063,85,6,0,n,tier1_ngsl_general+ngsl_rank_1063+grade_estimate_6
deliver,1064,85,6,0,n,tier1_ngsl_general+ngsl_rank_1064+grade_estimate_6
video,1065,85,6,0,n,tier1_ngsl_general+ngsl_rank_1065+bridge_from_beginner_grade_4+grade_estimate_6
connection,1066,85,6,0,n,tier1_ngsl_general+ngsl_rank_1066+grade_estimate_6
primary,1067,85,6,0,adj,tier1_ngsl_general+ngsl_rank_1067+grade_estimate_6
collect,1069,84,6,0,n,tier1_ngsl_general+ngsl_rank_1069+bridge_from_beginner_grade_3+grade_estimate_6
inform,1070,84,6,0,n,tier1_ngsl_general+ngsl_rank_1070+grade_estimate_6
principle,1071,84,6,0,n,tier1_ngsl_general+ngsl_rank_1071+bridge_from_beginner_grade_4+grade_estimate_6
straight,1072,84,6,0,n,tier1_ngsl_general+ngsl_rank_1072+bridge_from_beginner_grade_5+grade_estimate_6
appeal,1073,84,6,0,adj,tier1_ngsl_general+ngsl_rank_1073+grade_estimate_6
highly,1074,84,6,0,adv,tier1_ngsl_general+ngsl_rank_1074+grade_estimate_6
trust,1075,84,6,0,n,tier1_ngsl_general+ngsl_rank_1075+grade_estimate_6
wonderful,1076,84,6,0,adj,tier1_ngsl_general+ngsl_rank_1076+bridge_from_beginner_grade_4+grade_estimate_6
absolutely,1078,84,6,0,adv,tier1_ngsl_general+ngsl_rank_1078+grade_estimate_6
additional,1081,83,6,0,adj,tier1_ngsl_general+ngsl_rank_1081+grade_estimate_6
responsible,1082,83,6,0,adj,tier1_ngsl_general+ngsl_rank_1082+grade_estimate_6
collection,1084,83,6,0,n,tier1_ngsl_general+ngsl_rank_1084+bridge_from_beginner_grade_4+grade_estimate_6
hang,1085,83,6,0,n,tier1_ngsl_general+ngsl_rank_1085+grade_estimate_6
negative,1086,83,6,0,adj,tier1_ngsl_general+ngsl_rank_1086+bridge_from_beginner_grade_4+grade_estimate_6
band,1087,83,6,0,n,tier1_ngsl_general+ngsl_rank_1087+grade_estimate_6
relative,1088,83,6,0,adj,tier1_ngsl_general+ngsl_rank_1088+grade_estimate_6
tour,1089,83,6,0,n,tier1_ngsl_general+ngsl_rank_1089+grade_estimate_6
alternative,1090,83,6,0,adj,tier1_ngsl_general+ngsl_rank_1090+grade_estimate_6
software,1091,83,6,0,n,tier1_ngsl_general+ngsl_rank_1091+grade_estimate_6
attitude,1094,82,6,0,n,tier1_ngsl_general+ngsl_rank_1094+grade_estimate_6
cheap,1095,82,6,0,n,tier1_ngsl_general+ngsl_rank_1095+grade_estimate_6
double,1096,82,6,0,n,tier1_ngsl_general+ngsl_rank_1096+grade_estimate_6
leg,1097,82,6,0,n,tier1_ngsl_general+ngsl_rank_1097+grade_estimate_6
sentence,1099,82,6,0,n,tier1_ngsl_general+ngsl_rank_1099+bridge_from_beginner_grade_4+grade_estimate_6
print,1100,82,6,0,n,tier1_ngsl_general+ngsl_rank_1100+grade_estimate_6
progress,1101,82,6,0,n,tier1_ngsl_general+ngsl_rank_1101+grade_estimate_6
truth,1102,82,6,0,n,tier1_ngsl_general+ngsl_rank_1102+grade_estimate_6
nobody,1103,82,6,0,pron,tier1_ngsl_general+ngsl_rank_1103+grade_estimate_6
examine,1104,81,6,0,v,tier1_ngsl_general+ngsl_rank_1104+grade_estimate_6
speed,1106,81,6,0,v,tier1_ngsl_general+ngsl_rank_1106+bridge_from_beginner_grade_4+grade_estimate_6
politics,1107,81,6,0,n,tier1_ngsl_general+ngsl_rank_1107+grade_estimate_6
reply,1108,81,6,0,n,tier1_ngsl_general+ngsl_rank_1108+bridge_from_beginner_grade_4+grade_estimate_6
display,1109,81,6,0,v,tier1_ngsl_general+ngsl_rank_1109+grade_estimate_6
transfer,1110,81,6,0,n,tier1_ngsl_general+ngsl_rank_1110+bridge_from_beginner_grade_5+grade_estimate_6
perfect,1111,81,6,0,n,tier1_ngsl_general+ngsl_rank_1111+bridge_from_beginner_grade_3+grade_estimate_6
slightly,1112,81,6,0,adv,tier1_ngsl_general+ngsl_rank_1112+grade_estimate_6
overall,1113,81,6,0,adj,tier1_ngsl_general+ngsl_rank_1113+grade_estimate_6
intend,1114,80,6,0,n,tier1_ngsl_general+ngsl_rank_1114+grade_estimate_6
user,1115,80,6,0,n,tier1_ngsl_general+ngsl_rank_1115+grade_estimate_6
respond,1116,80,6,0,v,tier1_ngsl_general+ngsl_rank_1116+grade_estimate_6
dinner,1117,80,6,0,n,tier1_ngsl_general+ngsl_rank_1117+grade_estimate_6
slow,1118,80,6,0,n,tier1_ngsl_general+ngsl_rank_1118+grade_estimate_6
regular,1119,80,6,0,n,tier1_ngsl_general+ngsl_rank_1119+grade_estimate_6
physical,1120,80,6,0,adj,tier1_ngsl_general+ngsl_rank_1120+grade_estimate_6
suit,1122,80,6,0,n,tier1_ngsl_general+ngsl_rank_1122+grade_estimate_6
federal,1123,80,6,0,adj,tier1_ngsl_general+ngsl_rank_1123+bridge_from_beginner_grade_3+grade_estimate_6
reveal,1124,80,6,0,adj,tier1_ngsl_general+ngsl_rank_1124+grade_estimate_6
percentage,1125,79,6,0,n,tier1_ngsl_general+ngsl_rank_1125+grade_estimate_6
peace,1126,79,6,0,n,tier1_ngsl_general+ngsl_rank_1126+grade_estimate_6
status,1127,79,6,0,n,tier1_ngsl_general+ngsl_rank_1127+grade_estimate_6
crime,1128,79,6,0,n,tier1_ngsl_general+ngsl_rank_1128+grade_estimate_6
decline,1129,79,6,0,n,tier1_ngsl_general+ngsl_rank_1129+grade_estimate_6
decade,1130,79,6,0,n,tier1_ngsl_general+ngsl_rank_1130+bridge_from_beginner_grade_4+grade_estimate_6
launch,1131,79,6,0,n,tier1_ngsl_general+ngsl_rank_1131+bridge_from_beginner_grade_5+grade_estimate_6
warn,1132,79,6,0,n,tier1_ngsl_general+ngsl_rank_1132+grade_estimate_6
favor,1134,79,6,0,n,tier1_ngsl_general+ngsl_rank_1134+grade_estimate_6
partner,1136,78,6,0,n,tier1_ngsl_general+ngsl_rank_1136+grade_estimate_6
institution,1137,78,6,0,n,tier1_ngsl_general+ngsl_rank_1137+grade_estimate_6
horse,1139,78,6,0,n,tier1_ngsl_general+ngsl_rank_1139+bridge_from_beginner_grade_3+grade_estimate_6
eventually,1140,78,6,0,adv,tier1_ngsl_general+ngsl_rank_1140+bridge_from_beginner_grade_5+grade_estimate_6
excite,1142,78,6,0,n,tier1_ngsl_general+ngsl_rank_1142+grade_estimate_6
reader,1143,78,6,0,n,tier1_ngsl_general+ngsl_rank_1143+grade_estimate_6
importance,1144,78,6,0,n,tier1_ngsl_general+ngsl_rank_1144+grade_estimate_6
grant,1147,78,6,0,adj,tier1_ngsl_general+ngsl_rank_1147+grade_estimate_6
taxi,1148,77,6,0,n,tier1_ngsl_general+ngsl_rank_1148+grade_estimate_6
feed,1149,77,6,0,v,tier1_ngsl_general+ngsl_rank_1149+grade_estimate_6
pain,1150,77,6,0,n,tier1_ngsl_general+ngsl_rank_1150+grade_estimate_6
sector,1151,77,6,0,n,tier1_ngsl_general+ngsl_rank_1151+grade_estimate_6
mistake,1152,77,6,0,n,tier1_ngsl_general+ngsl_rank_1152+grade_estimate_6
ensure,1153,77,6,0,n,tier1_ngsl_general+ngsl_rank_1153+grade_estimate_6
satisfy,1154,77,6,0,n,tier1_ngsl_general+ngsl_rank_1154+grade_estimate_6
chief,1155,77,6,0,adj,tier1_ngsl_general+ngsl_rank_1155+bridge_from_beginner_grade_5+grade_estimate_6
expert,1157,77,6,0,n,tier1_ngsl_general+ngsl_rank_1157+grade_estimate_6
wave,1158,77,6,0,n,tier1_ngsl_general+ngsl_rank_1158+bridge_from_beginner_grade_3+grade_estimate_6
south,1159,77,6,0,n,tier1_ngsl_general+ngsl_rank_1159+bridge_from_beginner_grade_3+grade_estimate_6
labor,1160,76,6,0,n,tier1_ngsl_general+ngsl_rank_1160+grade_estimate_6
surface,1161,76,6,0,n,tier1_ngsl_general+ngsl_rank_1161+bridge_from_beginner_grade_4+grade_estimate_6
library,1162,76,6,0,adj,tier1_ngsl_general+ngsl_rank_1162+bridge_from_beginner_grade_5+grade_estimate_6
excellent,1163,76,6,0,adj,tier1_ngsl_general+ngsl_rank_1163+bridge_from_beginner_grade_5+grade_estimate_6
audience,1166,76,6,0,n,tier1_ngsl_general+ngsl_rank_1166+bridge_from_beginner_grade_3+grade_estimate_6
procedure,1168,76,6,0,n,tier1_ngsl_general+ngsl_rank_1168+grade_estimate_6
email,1169,76,6,0,n,tier1_ngsl_general+ngsl_rank_1169+grade_estimate_6
global,1170,76,6,0,adj,tier1_ngsl_general+ngsl_rank_1170+grade_estimate_6
struggle,1171,76,6,0,n,tier1_ngsl_general+ngsl_rank_1171+grade_estimate_6
advertise,1172,75,6,0,v,tier1_ngsl_general+ngsl_rank_1172+grade_estimate_6
surround,1174,75,6,0,n,tier1_ngsl_general+ngsl_rank_1174+grade_estimate_6
extent,1175,75,6,0,adj,tier1_ngsl_general+ngsl_rank_1175+grade_estimate_6
river,1176,75,6,0,n,tier1_ngsl_general+ngsl_rank_1176+bridge_from_beginner_grade_3+grade_estimate_6
annual,1177,75,6,0,adj,tier1_ngsl_general+ngsl_rank_1177+grade_estimate_6
fully,1178,75,6,0,adv,tier1_ngsl_general+ngsl_rank_1178+grade_estimate_6
contrast,1179,75,6,0,n,tier1_ngsl_general+ngsl_rank_1179+bridge_from_beginner_grade_3+grade_estimate_6
roll,1180,74,6,0,n,tier1_ngsl_general+ngsl_rank_1180+grade_estimate_6
reality,1181,74,6,0,n,tier1_ngsl_general+ngsl_rank_1181+grade_estimate_6
photograph,1182,74,6,0,n,tier1_ngsl_general+ngsl_rank_1182+bridge_from_beginner_grade_3+grade_estimate_6
artist,1183,74,6,0,n,tier1_ngsl_general+ngsl_rank_1183+grade_estimate_6
conflict,1184,74,6,0,n,tier1_ngsl_general+ngsl_rank_1184+bridge_from_beginner_grade_5+grade_estimate_6
entire,1185,74,6,0,adj,tier1_ngsl_general+ngsl_rank_1185+bridge_from_beginner_grade_5+grade_estimate_6
presence,1186,74,6,0,n,tier1_ngsl_general+ngsl_rank_1186+grade_estimate_6
crowd,1187,74,6,0,n,tier1_ngsl_general+ngsl_rank_1187+bridge_from_beginner_grade_4+grade_estimate_6
corner,1188,74,6,0,n,tier1_ngsl_general+ngsl_rank_1188+bridge_from_beginner_grade_4+grade_estimate_6
net,1191,74,6,0,n,tier1_ngsl_general+ngsl_rank_1191+grade_estimate_6
category,1192,74,6,0,n,tier1_ngsl_general+ngsl_rank_1192+grade_estimate_6
secretary,1193,74,6,0,adj,tier1_ngsl_general+ngsl_rank_1193+bridge_from_beginner_grade_5+grade_estimate_6
defense,1194,74,6,0,n,tier1_ngsl_general+ngsl_rank_1194+grade_estimate_6
nuclear,1198,73,6,0,n,tier1_ngsl_general+ngsl_rank_1198+grade_estimate_6
driver,1200,73,6,0,n,tier1_ngsl_general+ngsl_rank_1200+grade_estimate_6
north,1205,73,6,0,n,tier1_ngsl_general+ngsl_rank_1205+bridge_from_beginner_grade_3+grade_estimate_6
island,1214,72,6,0,n,tier1_ngsl_general+ngsl_rank_1214+bridge_from_beginner_grade_4+grade_estimate_6
football,1217,72,6,0,n,tier1_ngsl_general+ngsl_rank_1217+bridge_from_beginner_grade_3+grade_estimate_6
solve,1221,72,6,0,v,tier1_ngsl_general+ngsl_rank_1221+bridge_from_beginner_grade_4+grade_estimate_6
neighbor,1222,72,6,0,n,tier1_ngsl_general+ngsl_rank_1222+bridge_from_beginner_grade_4+grade_estimate_6
technique,1224,71,6,0,n,tier1_ngsl_general+ngsl_rank_1224+bridge_from_beginner_grade_5+grade_estimate_6
reaction,1231,71,6,0,n,tier1_ngsl_general+ngsl_rank_1231+bridge_from_beginner_grade_4+grade_estimate_6
lesson,1234,71,6,0,n,tier1_ngsl_general+ngsl_rank_1234+bridge_from_beginner_grade_3+grade_estimate_6
bottom,1242,70,6,0,n,tier1_ngsl_general+ngsl_rank_1242+bridge_from_beginner_grade_5+grade_estimate_6
marriage,1248,70,6,0,n,tier1_ngsl_general+ngsl_rank_1248+bridge_from_beginner_grade_4+grade_estimate_6
ticket,1249,70,6,0,n,tier1_ngsl_general+ngsl_rank_1249+bridge_from_beginner_grade_4+grade_estimate_6
expression,1255,70,6,0,n,tier1_ngsl_general+ngsl_rank_1255+bridge_from_beginner_grade_4+grade_estimate_6
plus,1256,70,6,0,n,tier1_ngsl_general+ngsl_rank_1256+bridge_from_beginner_grade_4+grade_estimate_6
owner,1258,70,6,0,n,tier1_ngsl_general+ngsl_rank_1258+bridge_from_beginner_grade_4+grade_estimate_6
commercial,1260,69,6,0,adj,tier1_ngsl_general+ngsl_rank_1260+bridge_from_beginner_grade_5+grade_estimate_6
lady,1261,69,6,0,n,tier1_ngsl_general+ngsl_rank_1261+bridge_from_beginner_grade_3+grade_estimate_6
chapter,1275,68,6,0,n,tier1_ngsl_general+ngsl_rank_1275+bridge_from_beginner_grade_5+grade_estimate_6
secret,1276,68,6,0,n,tier1_ngsl_general+ngsl_rank_1276+bridge_from_beginner_grade_5+grade_estimate_6
novel,1278,68,6,0,n,tier1_ngsl_general+ngsl_rank_1278+bridge_from_beginner_grade_5+grade_estimate_6
pleasure,1283,68,6,0,n,tier1_ngsl_general+ngsl_rank_1283+bridge_from_beginner_grade_4+grade_estimate_6
suggestion,1284,68,6,0,n,tier1_ngsl_general+ngsl_rank_1284+bridge_from_beginner_grade_4+grade_estimate_6
earth,1288,67,6,0,n,tier1_ngsl_general+ngsl_rank_1288+bridge_from_beginner_grade_3+grade_estimate_6
essential,1290,67,6,0,adj,tier1_ngsl_general+ngsl_rank_1290+bridge_from_beginner_grade_5+grade_estimate_6
powerful,1300,67,6,0,adj,tier1_ngsl_general+ngsl_rank_1300+bridge_from_beginner_grade_5+grade_estimate_6
flower,1301,67,6,0,n,tier1_ngsl_general+ngsl_rank_1301+bridge_from_beginner_grade_3+grade_estimate_6
kitchen,1307,66,6,0,n,tier1_ngsl_general+ngsl_rank_1307+bridge_from_beginner_grade_4+grade_estimate_6
fresh,1309,66,6,0,adj,tier1_ngsl_general+ngsl_rank_1309+bridge_from_beginner_grade_4+grade_estimate_6
engineer,1312,66,6,0,n,tier1_ngsl_general+ngsl_rank_1312+bridge_from_beginner_grade_4+grade_estimate_6
quiet,1313,66,6,0,adj,tier1_ngsl_general+ngsl_rank_1313+bridge_from_beginner_grade_3+grade_estimate_6
insurance,1314,66,6,0,n,tier1_ngsl_general+ngsl_rank_1314+bridge_from_beginner_grade_5+grade_estimate_6
package,1319,66,6,0,n,tier1_ngsl_general+ngsl_rank_1319+bridge_from_beginner_grade_4+grade_estimate_6
winter,1328,65,6,0,n,tier1_ngsl_general+ngsl_rank_1328+bridge_from_beginner_grade_3+grade_estimate_6
district,1329,65,6,0,n,tier1_ngsl_general+ngsl_rank_1329+bridge_from_beginner_grade_4+grade_estimate_6
lunch,1334,64,6,0,n,tier1_ngsl_general+ngsl_rank_1334+bridge_from_beginner_grade_3+grade_estimate_6
coach,1342,64,6,0,n,tier1_ngsl_general+ngsl_rank_1342+bridge_from_beginner_grade_4+grade_estimate_6
experiment,1343,64,6,0,n,tier1_ngsl_general+ngsl_rank_1343+bridge_from_beginner_grade_4+grade_estimate_6
strange,1345,64,6,0,n,tier1_ngsl_general+ngsl_rank_1345+bridge_from_beginner_grade_5+grade_estimate_6
afraid,1353,63,6,0,adj,tier1_ngsl_general+ngsl_rank_1353+bridge_from_beginner_grade_5+grade_estimate_6
active,1354,63,6,0,adj,tier1_ngsl_general+ngsl_rank_1354+bridge_from_beginner_grade_5+grade_estimate_6
actor,1369,63,6,0,n,tier1_ngsl_general+ngsl_rank_1369+bridge_from_beginner_grade_4+grade_estimate_6
opposite,1373,62,6,0,n,tier1_ngsl_general+ngsl_rank_1373+bridge_from_beginner_grade_5+grade_estimate_6
stone,1374,62,6,0,n,tier1_ngsl_general+ngsl_rank_1374+bridge_from_beginner_grade_3+grade_estimate_6
sum,1375,62,6,0,n,tier1_ngsl_general+ngsl_rank_1375+bridge_from_beginner_grade_3+grade_estimate_6
monitor,1377,62,6,0,n,tier1_ngsl_general+ngsl_rank_1377+bridge_from_beginner_grade_4+grade_estimate_6
finance,1379,62,6,0,n,tier1_ngsl_general+ngsl_rank_1379+bridge_from_beginner_grade_5+grade_estimate_6
shock,1383,62,6,0,n,tier1_ngsl_general+ngsl_rank_1383+bridge_from_beginner_grade_3+grade_estimate_6
carefully,1386,62,6,0,adv,tier1_ngsl_general+ngsl_rank_1386+bridge_from_beginner_grade_3+grade_estimate_6
camera,1390,62,6,0,n,tier1_ngsl_general+ngsl_rank_1390+bridge_from_beginner_grade_4+grade_estimate_6
swim,1391,62,6,0,n,tier1_ngsl_general+ngsl_rank_1391+bridge_from_beginner_grade_3+grade_estimate_6
theater,1393,61,6,0,n,tier1_ngsl_general+ngsl_rank_1393+bridge_from_beginner_grade_4+grade_estimate_6
totally,1396,61,6,0,adv,tier1_ngsl_general+ngsl_rank_1396+bridge_from_beginner_grade_4+grade_estimate_6
museum,1397,61,6,0,n,tier1_ngsl_general+ngsl_rank_1397+bridge_from_beginner_grade_5+grade_estimate_6
construction,1400,61,6,0,n,tier1_ngsl_general+ngsl_rank_1400+bridge_from_beginner_grade_4+grade_estimate_6
scientist,1409,60,6,0,n,tier1_ngsl_general+ngsl_rank_1409+bridge_from_beginner_grade_4+grade_estimate_6
route,1410,60,6,0,n,tier1_ngsl_general+ngsl_rank_1410+bridge_from_beginner_grade_5+grade_estimate_6
belong,1412,60,6,0,v,tier1_ngsl_general+ngsl_rank_1412+bridge_from_beginner_grade_3+grade_estimate_6
fashion,1415,60,6,0,n,tier1_ngsl_general+ngsl_rank_1415+bridge_from_beginner_grade_5+grade_estimate_6
army,1418,60,6,0,n,tier1_ngsl_general+ngsl_rank_1418+bridge_from_beginner_grade_3+grade_estimate_6
hurt,1421,60,6,0,n,tier1_ngsl_general+ngsl_rank_1421+bridge_from_beginner_grade_3+grade_estimate_6
council,1422,60,6,0,n,tier1_ngsl_general+ngsl_rank_1422+bridge_from_beginner_grade_4+grade_estimate_6
generate,1426,59,6,0,v,tier1_ngsl_general+ngsl_rank_1426+bridge_from_beginner_grade_4+grade_estimate_6
guest,1430,59,6,0,n,tier1_ngsl_general+ngsl_rank_1430+bridge_from_beginner_grade_4+grade_estimate_6
climb,1434,59,6,0,v,tier1_ngsl_general+ngsl_rank_1434+bridge_from_beginner_grade_5+grade_estimate_6
noise,1440,59,6,0,n,tier1_ngsl_general+ngsl_rank_1440+bridge_from_beginner_grade_3+grade_estimate_6
gun,1442,58,6,0,n,tier1_ngsl_general+ngsl_rank_1442+bridge_from_beginner_grade_3+grade_estimate_6
occasion,1444,58,6,0,n,tier1_ngsl_general+ngsl_rank_1444+bridge_from_beginner_grade_4+grade_estimate_6
ignore,1446,58,6,0,n,tier1_ngsl_general+ngsl_rank_1446+bridge_from_beginner_grade_5+grade_estimate_6
destroy,1447,58,6,0,n,tier1_ngsl_general+ngsl_rank_1447+bridge_from_beginner_grade_4+grade_estimate_6
civil,1449,58,6,0,n,tier1_ngsl_general+ngsl_rank_1449+bridge_from_beginner_grade_3+grade_estimate_6
temperature,1452,58,6,0,n,tier1_ngsl_general+ngsl_rank_1452+bridge_from_beginner_grade_3+grade_estimate_6
participate,1468,57,6,0,n,tier1_ngsl_general+ngsl_rank_1468+bridge_from_beginner_grade_4+grade_estimate_6
border,1473,56,6,0,n,tier1_ngsl_general+ngsl_rank_1473+bridge_from_beginner_grade_3+grade_estimate_6
escape,1482,56,6,0,n,tier1_ngsl_general+ngsl_rank_1482+bridge_from_beginner_grade_5+grade_estimate_6
relax,1485,56,6,0,n,tier1_ngsl_general+ngsl_rank_1485+bridge_from_beginner_grade_4+grade_estimate_6
afford,1488,56,6,0,n,tier1_ngsl_general+ngsl_rank_1488+bridge_from_beginner_grade_4+grade_estimate_6
lawyer,1489,56,6,0,n,tier1_ngsl_general+ngsl_rank_1489+bridge_from_beginner_grade_3+grade_estimate_6
signal,1502,55,6,0,adj,tier1_ngsl_general+ngsl_rank_1502+bridge_from_beginner_grade_3+grade_estimate_6
finger,1503,55,6,0,n,tier1_ngsl_general+ngsl_rank_1503+bridge_from_beginner_grade_4+grade_estimate_6
frame,1511,54,6,0,n,tier1_ngsl_general+ngsl_rank_1511+bridge_from_beginner_grade_4+grade_estimate_6
slowly,1512,54,6,0,adv,tier1_ngsl_general+ngsl_rank_1512+bridge_from_beginner_grade_4+grade_estimate_6
internal,1517,54,6,0,adj,tier1_ngsl_general+ngsl_rank_1517+bridge_from_beginner_grade_5+grade_estimate_6
chain,1518,54,6,0,n,tier1_ngsl_general+ngsl_rank_1518+bridge_from_beginner_grade_4+grade_estimate_6
forest,1527,53,6,0,n,tier1_ngsl_general+ngsl_rank_1527+bridge_from_beginner_grade_3+grade_estimate_6
factory,1530,53,6,0,adj,tier1_ngsl_general+ngsl_rank_1530+bridge_from_beginner_grade_4+grade_estimate_6
channel,1532,53,6,0,n,tier1_ngsl_general+ngsl_rank_1532+bridge_from_beginner_grade_4+grade_estimate_6
west,1537,53,6,0,n,tier1_ngsl_general+ngsl_rank_1537+bridge_from_beginner_grade_3+grade_estimate_6
plenty,1542,53,6,0,n,tier1_ngsl_general+ngsl_rank_1542+bridge_from_beginner_grade_4+grade_estimate_6
bridge,1546,53,6,0,n,tier1_ngsl_general+ngsl_rank_1546+bridge_from_beginner_grade_4+grade_estimate_6
graduate,1548,52,6,0,n,tier1_ngsl_general+ngsl_rank_1548+bridge_from_beginner_grade_5+grade_estimate_6
combination,1552,52,6,0,n,tier1_ngsl_general+ngsl_rank_1552+bridge_from_beginner_grade_3+grade_estimate_6
abuse,1553,52,6,0,n,tier1_ngsl_general+ngsl_rank_1553+bridge_from_beginner_grade_4+grade_estimate_6
principal,1555,52,6,0,adj,tier1_ngsl_general+ngsl_rank_1555+bridge_from_beginner_grade_4+grade_estimate_6
grade,1559,52,6,0,n,tier1_ngsl_general+ngsl_rank_1559+bridge_from_beginner_grade_3+grade_estimate_6
protection,1563,52,6,0,n,tier1_ngsl_general+ngsl_rank_1563+bridge_from_beginner_grade_4+grade_estimate_6
appearance,1568,52,6,0,n,tier1_ngsl_general+ngsl_rank_1568+bridge_from_beginner_grade_3+grade_estimate_6
theme,1572,51,6,0,n,tier1_ngsl_general+ngsl_rank_1572+bridge_from_beginner_grade_3+grade_estimate_6
rely,1584,51,6,0,adv,tier1_ngsl_general+ngsl_rank_1584+bridge_from_beginner_grade_5+grade_estimate_6
succeed,1586,51,6,0,v,tier1_ngsl_general+ngsl_rank_1586+bridge_from_beginner_grade_5+grade_estimate_6
wild,1591,51,6,0,adj,tier1_ngsl_general+ngsl_rank_1591+bridge_from_beginner_grade_4+grade_estimate_6
empty,1592,50,6,0,adj,tier1_ngsl_general+ngsl_rank_1592+bridge_from_beginner_grade_3+grade_estimate_6
lovely,1600,50,6,0,n,tier1_ngsl_general+ngsl_rank_1600+bridge_from_beginner_grade_3+grade_estimate_6
youth,1603,50,6,0,n,tier1_ngsl_general+ngsl_rank_1603+bridge_from_beginner_grade_4+grade_estimate_6
celebrate,1608,50,6,0,n,tier1_ngsl_general+ngsl_rank_1608+bridge_from_beginner_grade_4+grade_estimate_6
shoulder,1610,50,6,0,n,tier1_ngsl_general+ngsl_rank_1610+bridge_from_beginner_grade_3+grade_estimate_6
engine,1617,49,6,0,n,tier1_ngsl_general+ngsl_rank_1617+bridge_from_beginner_grade_3+grade_estimate_6
relief,1623,49,6,0,n,tier1_ngsl_general+ngsl_rank_1623+bridge_from_beginner_grade_4+grade_estimate_6
musical,1630,49,6,0,adj,tier1_ngsl_general+ngsl_rank_1630+bridge_from_beginner_grade_3+grade_estimate_6
tiny,1636,48,6,0,adj,tier1_ngsl_general+ngsl_rank_1636+bridge_from_beginner_grade_3+grade_estimate_6
suitable,1638,48,6,0,adj,tier1_ngsl_general+ngsl_rank_1638+bridge_from_beginner_grade_5+grade_estimate_6
mental,1649,48,6,0,adj,tier1_ngsl_general+ngsl_rank_1649+bridge_from_beginner_grade_4+grade_estimate_6
vision,1651,47,6,0,n,tier1_ngsl_general+ngsl_rank_1651+bridge_from_beginner_grade_3+grade_estimate_6
capture,1658,47,6,0,n,tier1_ngsl_general+ngsl_rank_1658+bridge_from_beginner_grade_4+grade_estimate_6
disappear,1665,47,6,0,n,tier1_ngsl_general+ngsl_rank_1665+bridge_from_beginner_grade_3+grade_estimate_6
yard,1667,47,6,0,n,tier1_ngsl_general+ngsl_rank_1667+bridge_from_beginner_grade_3+grade_estimate_6
constant,1668,47,6,0,adj,tier1_ngsl_general+ngsl_rank_1668+bridge_from_beginner_grade_5+grade_estimate_6
surely,1676,46,6,0,adv,tier1_ngsl_general+ngsl_rank_1676+bridge_from_beginner_grade_4+grade_estimate_6
presentation,1681,46,6,0,n,tier1_ngsl_general+ngsl_rank_1681+bridge_from_beginner_grade_4+grade_estimate_6
phase,1697,46,6,0,n,tier1_ngsl_general+ngsl_rank_1697+bridge_from_beginner_grade_3+grade_estimate_6
reject,1703,45,6,0,n,tier1_ngsl_general+ngsl_rank_1703+bridge_from_beginner_grade_4+grade_estimate_6
column,1721,45,6,0,n,tier1_ngsl_general+ngsl_rank_1721+bridge_from_beginner_grade_5+grade_estimate_6
ancient,1727,44,6,0,adj,tier1_ngsl_general+ngsl_rank_1727+bridge_from_beginner_grade_5+grade_estimate_6
coast,1728,44,6,0,n,tier1_ngsl_general+ngsl_rank_1728+bridge_from_beginner_grade_5+grade_estimate_6
mobile,1738,44,6,0,n,tier1_ngsl_general+ngsl_rank_1738+bridge_from_beginner_grade_4+grade_estimate_6
assistant,1739,44,6,0,adj,tier1_ngsl_general+ngsl_rank_1739+bridge_from_beginner_grade_5+grade_estimate_6
east,1749,43,6,0,n,tier1_ngsl_general+ngsl_rank_1749+bridge_from_beginner_grade_3+grade_estimate_6
academic,1751,43,6,0,adj,tier1_ngsl_general+ngsl_rank_1751+bridge_from_beginner_grade_4+grade_estimate_6
settlement,1766,43,6,0,n,tier1_ngsl_general+ngsl_rank_1766+bridge_from_beginner_grade_5+grade_estimate_6
northern,1770,43,6,0,adj,tier1_ngsl_general+ngsl_rank_1770+bridge_from_beginner_grade_5+grade_estimate_6
sweet,1781,42,6,0,n,tier1_ngsl_general+ngsl_rank_1781+bridge_from_beginner_grade_4+grade_estimate_6
permanent,1782,42,6,0,adj,tier1_ngsl_general+ngsl_rank_1782+bridge_from_beginner_grade_4+grade_estimate_6
emotion,1783,42,6,0,n,tier1_ngsl_general+ngsl_rank_1783+bridge_from_beginner_grade_4+grade_estimate_6
appoint,1788,42,6,0,n,tier1_ngsl_general+ngsl_rank_1788+bridge_from_beginner_grade_4+grade_estimate_6
milk,1789,42,6,0,n,tier1_ngsl_general+ngsl_rank_1789+bridge_from_beginner_grade_3+grade_estimate_6
smell,1791,42,6,0,n,tier1_ngsl_general+ngsl_rank_1791+bridge_from_beginner_grade_3+grade_estimate_6
phrase,1795,42,6,0,n,tier1_ngsl_general+ngsl_rank_1795+bridge_from_beginner_grade_4+grade_estimate_6
merely,1798,42,6,0,adv,tier1_ngsl_general+ngsl_rank_1798+bridge_from_beginner_grade_4+grade_estimate_6
slip,1810,41,6,0,n,tier1_ngsl_general+ngsl_rank_1810+bridge_from_beginner_grade_3+grade_estimate_6
accompany,1811,41,6,0,n,tier1_ngsl_general+ngsl_rank_1811+bridge_from_beginner_grade_5+grade_estimate_6
politician,1812,41,6,0,n,tier1_ngsl_general+ngsl_rank_1812+bridge_from_beginner_grade_5+grade_estimate_6
knock,1814,41,6,0,n,tier1_ngsl_general+ngsl_rank_1814+bridge_from_beginner_grade_3+grade_estimate_6
illustrate,1817,41,6,0,v,tier1_ngsl_general+ngsl_rank_1817+bridge_from_beginner_grade_4+grade_estimate_6
breakfast,1819,41,6,0,n,tier1_ngsl_general+ngsl_rank_1819+bridge_from_beginner_grade_5+grade_estimate_6
temporary,1820,41,6,0,adj,tier1_ngsl_general+ngsl_rank_1820+bridge_from_beginner_grade_4+grade_estimate_6
lake,1822,41,6,0,n,tier1_ngsl_general+ngsl_rank_1822+bridge_from_beginner_grade_4+grade_estimate_6
habit,1828,41,6,0,n,tier1_ngsl_general+ngsl_rank_1828+bridge_from_beginner_grade_4+grade_estimate_6
metal,1834,40,6,0,adj,tier1_ngsl_general+ngsl_rank_1834+bridge_from_beginner_grade_4+grade_estimate_6
panel,1837,40,6,0,n,tier1_ngsl_general+ngsl_rank_1837+bridge_from_beginner_grade_5+grade_estimate_6
prime,1838,40,6,0,n,tier1_ngsl_general+ngsl_rank_1838+bridge_from_beginner_grade_4+grade_estimate_6
bother,1844,40,6,0,n,tier1_ngsl_general+ngsl_rank_1844+bridge_from_beginner_grade_4+grade_estimate_6
sharp,1846,40,6,0,n,tier1_ngsl_general+ngsl_rank_1846+bridge_from_beginner_grade_3+grade_estimate_6
diet,1847,40,6,0,n,tier1_ngsl_general+ngsl_rank_1847+bridge_from_beginner_grade_4+grade_estimate_6
passage,1858,40,6,0,n,tier1_ngsl_general+ngsl_rank_1858+bridge_from_beginner_grade_4+grade_estimate_6
crash,1867,39,6,0,n,tier1_ngsl_general+ngsl_rank_1867+bridge_from_beginner_grade_3+grade_estimate_6
interaction,1877,39,6,0,n,tier1_ngsl_general+ngsl_rank_1877+bridge_from_beginner_grade_3+grade_estimate_6
repair,1878,39,6,0,n,tier1_ngsl_general+ngsl_rank_1878+bridge_from_beginner_grade_3+grade_estimate_6
capable,1885,39,6,0,adj,tier1_ngsl_general+ngsl_rank_1885+bridge_from_beginner_grade_3+grade_estimate_6
slide,1897,38,6,0,n,tier1_ngsl_general+ngsl_rank_1897+bridge_from_beginner_grade_4+grade_estimate_6
personally,1899,38,6,0,adv,tier1_ngsl_general+ngsl_rank_1899+bridge_from_beginner_grade_3+grade_estimate_6
climate,1906,38,6,0,n,tier1_ngsl_general+ngsl_rank_1906+bridge_from_beginner_grade_3+grade_estimate_6
encounter,1912,38,6,0,n,tier1_ngsl_general+ngsl_rank_1912+bridge_from_beginner_grade_5+grade_estimate_6
breathe,1914,38,6,0,n,tier1_ngsl_general+ngsl_rank_1914+bridge_from_beginner_grade_5+grade_estimate_6
southern,1920,38,6,0,adj,tier1_ngsl_general+ngsl_rank_1920+bridge_from_beginner_grade_5+grade_estimate_6
calculate,1925,38,6,0,n,tier1_ngsl_general+ngsl_rank_1925+bridge_from_beginner_grade_3+grade_estimate_6
split,1936,38,6,0,n,tier1_ngsl_general+ngsl_rank_1936+bridge_from_beginner_grade_4+grade_estimate_6
retain,1959,37,6,0,n,tier1_ngsl_general+ngsl_rank_1959+bridge_from_beginner_grade_4+grade_estimate_6
volunteer,1962,37,6,0,n,tier1_ngsl_general+ngsl_rank_1962+bridge_from_beginner_grade_5+grade_estimate_6
calm,1964,37,6,0,n,tier1_ngsl_general+ngsl_rank_1964+bridge_from_beginner_grade_4+grade_estimate_6
rapidly,1968,37,6,0,adv,tier1_ngsl_general+ngsl_rank_1968+bridge_from_beginner_grade_3+grade_estimate_6
delight,1971,36,6,0,n,tier1_ngsl_general+ngsl_rank_1971+bridge_from_beginner_grade_5+grade_estimate_6
unemployment,1984,36,6,0,n,tier1_ngsl_general+ngsl_rank_1984+bridge_from_beginner_grade_4+grade_estimate_6
wheel,1985,36,6,0,n,tier1_ngsl_general+ngsl_rank_1985+bridge_from_beginner_grade_3+grade_estimate_6
origin,1988,36,6,0,n,tier1_ngsl_general+ngsl_rank_1988+bridge_from_beginner_grade_4+grade_estimate_6
drama,1991,36,6,0,n,tier1_ngsl_general+ngsl_rank_1991+bridge_from_beginner_grade_4+grade_estimate_6
landscape,1992,36,6,0,n,tier1_ngsl_general+ngsl_rank_1992+bridge_from_beginner_grade_4+grade_estimate_6
fault,1995,36,6,0,n,tier1_ngsl_general+ngsl_rank_1995+bridge_from_beginner_grade_4+grade_estimate_6
storm,1999,36,6,0,n,tier1_ngsl_general+ngsl_rank_1999+bridge_from_beginner_grade_4+grade_estimate_6
thick,2000,36,6,0,adj,tier1_ngsl_general+ngsl_rank_2000+bridge_from_beginner_grade_3+grade_estimate_6
laughter,2011,36,6,0,n,tier1_ngsl_general+ngsl_rank_2011+bridge_from_beginner_grade_5+grade_estimate_6
trace,2047,35,6,0,n,tier1_ngsl_general+ngsl_rank_2047+bridge_from_beginner_grade_5+grade_estimate_6
uniform,2055,35,6,0,n,tier1_ngsl_general+ngsl_rank_2055+bridge_from_beginner_grade_5+grade_estimate_6
assure,2064,34,6,0,n,tier1_ngsl_general+ngsl_rank_2064+bridge_from_beginner_grade_4+grade_estimate_6
cable,2076,34,6,0,adj,tier1_ngsl_general+ngsl_rank_2076+bridge_from_beginner_grade_4+grade_estimate_6
nervous,2078,34,6,0,adj,tier1_ngsl_general+ngsl_rank_2078+bridge_from_beginner_grade_4+grade_estimate_6
cloud,2090,33,6,0,n,tier1_ngsl_general+ngsl_rank_2090+bridge_from_beginner_grade_3+grade_estimate_6
grand,2093,33,6,0,n,tier1_ngsl_general+ngsl_rank_2093+bridge_from_beginner_grade_3+grade_estimate_6
crew,2095,33,6,0,n,tier1_ngsl_general+ngsl_rank_2095+bridge_from_beginner_grade_4+grade_estimate_6
pupil,2097,33,6,0,n,tier1_ngsl_general+ngsl_rank_2097+bridge_from_beginner_grade_4+grade_estimate_6
formula,2101,33,6,0,n,tier1_ngsl_general+ngsl_rank_2101+bridge_from_beginner_grade_3+grade_estimate_6
external,2125,33,6,0,adj,tier1_ngsl_general+ngsl_rank_2125+bridge_from_beginner_grade_5+grade_estimate_6
depression,2128,33,6,0,n,tier1_ngsl_general+ngsl_rank_2128+bridge_from_beginner_grade_4+grade_estimate_6
guilty,2129,33,6,0,n,tier1_ngsl_general+ngsl_rank_2129+bridge_from_beginner_grade_3+grade_estimate_6
sir,2138,33,6,0,n,tier1_ngsl_general+ngsl_rank_2138+bridge_from_beginner_grade_3+grade_estimate_6
stream,2148,32,6,0,n,tier1_ngsl_general+ngsl_rank_2148+bridge_from_beginner_grade_3+grade_estimate_6
western,2152,32,6,0,adj,tier1_ngsl_general+ngsl_rank_2152+bridge_from_beginner_grade_5+grade_estimate_6
scream,2162,32,6,0,n,tier1_ngsl_general+ngsl_rank_2162+bridge_from_beginner_grade_3+grade_estimate_6
pollution,2164,32,6,0,n,tier1_ngsl_general+ngsl_rank_2164+bridge_from_beginner_grade_4+grade_estimate_6
furniture,2166,32,6,0,n,tier1_ngsl_general+ngsl_rank_2166+bridge_from_beginner_grade_4+grade_estimate_6
symbol,2167,32,6,0,n,tier1_ngsl_general+ngsl_rank_2167+bridge_from_beginner_grade_5+grade_estimate_6
steel,2172,32,6,0,n,tier1_ngsl_general+ngsl_rank_2172+bridge_from_beginner_grade_3+grade_estimate_6
wound,2175,31,6,0,n,tier1_ngsl_general+ngsl_rank_2175+bridge_from_beginner_grade_5+grade_estimate_6
loose,2185,31,6,0,n,tier1_ngsl_general+ngsl_rank_2185+bridge_from_beginner_grade_3+grade_estimate_6
evil,2190,31,6,0,n,tier1_ngsl_general+ngsl_rank_2190+bridge_from_beginner_grade_4+grade_estimate_6
remarkable,2191,31,6,0,adj,tier1_ngsl_general+ngsl_rank_2191+bridge_from_beginner_grade_5+grade_estimate_6
invitation,2194,31,6,0,n,tier1_ngsl_general+ngsl_rank_2194+bridge_from_beginner_grade_4+grade_estimate_6
brilliant,2200,31,6,0,adj,tier1_ngsl_general+ngsl_rank_2200+bridge_from_beginner_grade_5+grade_estimate_6
mirror,2205,31,6,0,n,tier1_ngsl_general+ngsl_rank_2205+bridge_from_beginner_grade_3+grade_estimate_6
poem,2211,31,6,0,n,tier1_ngsl_general+ngsl_rank_2211+bridge_from_beginner_grade_5+grade_estimate_6
vegetable,2216,31,6,0,adj,tier1_ngsl_general+ngsl_rank_2216+bridge_from_beginner_grade_3+grade_estimate_6
knee,2221,31,6,0,n,tier1_ngsl_general+ngsl_rank_2221+bridge_from_beginner_grade_3+grade_estimate_6
entrance,2225,31,6,0,n,tier1_ngsl_general+ngsl_rank_2225+bridge_from_beginner_grade_5+grade_estimate_6
giant,2227,31,6,0,adj,tier1_ngsl_general+ngsl_rank_2227+bridge_from_beginner_grade_5+grade_estimate_6
independence,2233,30,6,0,n,tier1_ngsl_general+ngsl_rank_2233+bridge_from_beginner_grade_3+grade_estimate_6
sugar,2234,30,6,0,n,tier1_ngsl_general+ngsl_rank_2234+bridge_from_beginner_grade_3+grade_estimate_6
shadow,2239,30,6,0,n,tier1_ngsl_general+ngsl_rank_2239+bridge_from_beginner_grade_3+grade_estimate_6
strip,2240,30,6,0,n,tier1_ngsl_general+ngsl_rank_2240+bridge_from_beginner_grade_3+grade_estimate_6
dimension,2250,30,6,0,n,tier1_ngsl_general+ngsl_rank_2250+bridge_from_beginner_grade_4+grade_estimate_6
infection,2252,30,6,0,n,tier1_ngsl_general+ngsl_rank_2252+bridge_from_beginner_grade_4+grade_estimate_6
dirty,2255,30,6,0,adj,tier1_ngsl_general+ngsl_rank_2255+bridge_from_beginner_grade_4+grade_estimate_6
iron,2259,30,6,0,n,tier1_ngsl_general+ngsl_rank_2259+bridge_from_beginner_grade_3+grade_estimate_6
quantity,2267,30,6,0,n,tier1_ngsl_general+ngsl_rank_2267+bridge_from_beginner_grade_4+grade_estimate_6
mature,2269,30,6,0,n,tier1_ngsl_general+ngsl_rank_2269+bridge_from_beginner_grade_4+grade_estimate_6
alarm,2271,30,6,0,n,tier1_ngsl_general+ngsl_rank_2271+bridge_from_beginner_grade_4+grade_estimate_6
button,2285,29,6,0,n,tier1_ngsl_general+ngsl_rank_2285+bridge_from_beginner_grade_4+grade_estimate_6
burden,2286,29,6,0,n,tier1_ngsl_general+ngsl_rank_2286+bridge_from_beginner_grade_4+grade_estimate_6
desert,2287,29,6,0,n,tier1_ngsl_general+ngsl_rank_2287+bridge_from_beginner_grade_3+grade_estimate_6
discovery,2292,29,6,0,n,tier1_ngsl_general+ngsl_rank_2292+bridge_from_beginner_grade_3+grade_estimate_6
criticize,2296,29,6,0,n,tier1_ngsl_general+ngsl_rank_2296+bridge_from_beginner_grade_5+grade_estimate_6
attribute,2300,29,6,0,n,tier1_ngsl_general+ngsl_rank_2300+bridge_from_beginner_grade_5+grade_estimate_6
digital,2309,29,6,0,adj,tier1_ngsl_general+ngsl_rank_2309+bridge_from_beginner_grade_4+grade_estimate_6
deposit,2313,29,6,0,n,tier1_ngsl_general+ngsl_rank_2313+bridge_from_beginner_grade_4+grade_estimate_6
advocate,2316,29,6,0,n,tier1_ngsl_general+ngsl_rank_2316+bridge_from_beginner_grade_5+grade_estimate_6
tube,2323,28,6,0,n,tier1_ngsl_general+ngsl_rank_2323+bridge_from_beginner_grade_3+grade_estimate_6
exact,2327,28,6,0,adj,tier1_ngsl_general+ngsl_rank_2327+bridge_from_beginner_grade_3+grade_estimate_6
wrap,2334,28,6,0,n,tier1_ngsl_general+ngsl_rank_2334+bridge_from_beginner_grade_3+grade_estimate_6
angle,2338,28,6,0,n,tier1_ngsl_general+ngsl_rank_2338+bridge_from_beginner_grade_4+grade_estimate_6
chicken,2339,28,6,0,n,tier1_ngsl_general+ngsl_rank_2339+bridge_from_beginner_grade_4+grade_estimate_6
shower,2352,28,6,0,n,tier1_ngsl_general+ngsl_rank_2352+bridge_from_beginner_grade_3+grade_estimate_6
illegal,2353,28,6,0,adj,tier1_ngsl_general+ngsl_rank_2353+bridge_from_beginner_grade_4+grade_estimate_6
cousin,2361,28,6,0,n,tier1_ngsl_general+ngsl_rank_2361+bridge_from_beginner_grade_4+grade_estimate_6
custom,2371,28,6,0,n,tier1_ngsl_general+ngsl_rank_2371+bridge_from_beginner_grade_3+grade_estimate_6
adapt,2372,28,6,0,n,tier1_ngsl_general+ngsl_rank_2372+bridge_from_beginner_grade_3+grade_estimate_6
charm,2376,27,6,0,n,tier1_ngsl_general+ngsl_rank_2376+bridge_from_beginner_grade_4+grade_estimate_6
compound,2380,27,6,0,n,tier1_ngsl_general+ngsl_rank_2380+bridge_from_beginner_grade_5+grade_estimate_6
margin,2393,27,6,0,n,tier1_ngsl_general+ngsl_rank_2393+bridge_from_beginner_grade_4+grade_estimate_6
resist,2396,27,6,0,n,tier1_ngsl_general+ngsl_rank_2396+bridge_from_beginner_grade_4+grade_estimate_6
absolute,2398,27,6,0,n,tier1_ngsl_general+ngsl_rank_2398+bridge_from_beginner_grade_4+grade_estimate_6
frequent,2409,27,6,0,adj,tier1_ngsl_general+ngsl_rank_2409+bridge_from_beginner_grade_5+grade_estimate_6
permission,2414,27,6,0,n,tier1_ngsl_general+ngsl_rank_2414+bridge_from_beginner_grade_3+grade_estimate_6
valley,2415,27,6,0,n,tier1_ngsl_general+ngsl_rank_2415+bridge_from_beginner_grade_5+grade_estimate_6
electric,2420,26,6,0,adj,tier1_ngsl_general+ngsl_rank_2420+bridge_from_beginner_grade_3+grade_estimate_6
architecture,2427,26,6,0,n,tier1_ngsl_general+ngsl_rank_2427+bridge_from_beginner_grade_4+grade_estimate_6
measurement,2431,26,6,0,n,tier1_ngsl_general+ngsl_rank_2431+bridge_from_beginner_grade_3+grade_estimate_6
burst,2436,26,6,0,n,tier1_ngsl_general+ngsl_rank_2436+bridge_from_beginner_grade_3+grade_estimate_6
promotion,2444,26,6,0,n,tier1_ngsl_general+ngsl_rank_2444+bridge_from_beginner_grade_4+grade_estimate_6
skirt,2451,26,6,0,n,tier1_ngsl_general+ngsl_rank_2451+bridge_from_beginner_grade_3+grade_estimate_6
contest,2462,26,6,0,n,tier1_ngsl_general+ngsl_rank_2462+bridge_from_beginner_grade_4+grade_estimate_6
format,2469,26,6,0,n,tier1_ngsl_general+ngsl_rank_2469+bridge_from_beginner_grade_4+grade_estimate_6
silent,2474,25,6,0,adj,tier1_ngsl_general+ngsl_rank_2474+bridge_from_beginner_grade_5+grade_estimate_6
weigh,2481,25,6,0,n,tier1_ngsl_general+ngsl_rank_2481+bridge_from_beginner_grade_3+grade_estimate_6
modify,2484,25,6,0,v,tier1_ngsl_general+ngsl_rank_2484+bridge_from_beginner_grade_3+grade_estimate_6
profession,2487,25,6,0,n,tier1_ngsl_general+ngsl_rank_2487+bridge_from_beginner_grade_4+grade_estimate_6
equation,2489,25,6,0,n,tier1_ngsl_general+ngsl_rank_2489+bridge_from_beginner_grade_4+grade_estimate_6
inflation,2494,25,6,0,n,tier1_ngsl_general+ngsl_rank_2494+bridge_from_beginner_grade_4+grade_estimate_6
remote,2497,25,6,0,n,tier1_ngsl_general+ngsl_rank_2497+bridge_from_beginner_grade_4+grade_estimate_6
orange,2499,25,6,0,adj,tier1_ngsl_general+ngsl_rank_2499+bridge_from_beginner_grade_4+grade_estimate_6
poet,2515,25,6,0,n,tier1_ngsl_general+ngsl_rank_2515+bridge_from_beginner_grade_4+grade_estimate_6
mixture,2520,25,6,0,n,tier1_ngsl_general+ngsl_rank_2520+bridge_from_beginner_grade_4+grade_estimate_6
creature,2526,24,6,0,n,tier1_ngsl_general+ngsl_rank_2526+bridge_from_beginner_grade_4+grade_estimate_6
clause,2529,24,6,0,n,tier1_ngsl_general+ngsl_rank_2529+bridge_from_beginner_grade_4+grade_estimate_6
shelf,2538,24,6,0,n,tier1_ngsl_general+ngsl_rank_2538+bridge_from_beginner_grade_5+grade_estimate_6
tail,2540,24,6,0,n,tier1_ngsl_general+ngsl_rank_2540+bridge_from_beginner_grade_5+grade_estimate_6
inquiry,2565,24,6,0,n,tier1_ngsl_general+ngsl_rank_2565+bridge_from_beginner_grade_5+grade_estimate_6
distinct,2572,24,6,0,adj,tier1_ngsl_general+ngsl_rank_2572+bridge_from_beginner_grade_5+grade_estimate_6
compose,2579,23,6,0,n,tier1_ngsl_general+ngsl_rank_2579+bridge_from_beginner_grade_4+grade_estimate_6
carbon,2583,23,6,0,n,tier1_ngsl_general+ngsl_rank_2583+bridge_from_beginner_grade_4+grade_estimate_6
piano,2591,23,6,0,n,tier1_ngsl_general+ngsl_rank_2591+bridge_from_beginner_grade_3+grade_estimate_6
mystery,2593,23,6,0,n,tier1_ngsl_general+ngsl_rank_2593+bridge_from_beginner_grade_3+grade_estimate_6
whisper,2595,23,6,0,n,tier1_ngsl_general+ngsl_rank_2595+bridge_from_beginner_grade_5+grade_estimate_6
species,2598,23,6,0,n,tier1_ngsl_general+ngsl_rank_2598+bridge_from_beginner_grade_3+grade_estimate_6
jury,2605,23,6,0,n,tier1_ngsl_general+ngsl_rank_2605+bridge_from_beginner_grade_3+grade_estimate_6
scan,2611,23,6,0,n,tier1_ngsl_general+ngsl_rank_2611+bridge_from_beginner_grade_4+grade_estimate_6
racial,2613,23,6,0,adj,tier1_ngsl_general+ngsl_rank_2613+bridge_from_beginner_grade_5+grade_estimate_6
potato,2623,23,6,0,n,tier1_ngsl_general+ngsl_rank_2623+bridge_from_beginner_grade_3+grade_estimate_6
hesitate,2631,23,6,0,n,tier1_ngsl_general+ngsl_rank_2631+bridge_from_beginner_grade_5+grade_estimate_6
stomach,2637,22,6,0,n,tier1_ngsl_general+ngsl_rank_2637+bridge_from_beginner_grade_5+grade_estimate_6
immigrant,2642,22,6,0,adj,tier1_ngsl_general+ngsl_rank_2642+bridge_from_beginner_grade_4+grade_estimate_6
golden,2653,22,6,0,n,tier1_ngsl_general+ngsl_rank_2653+bridge_from_beginner_grade_4+grade_estimate_6
envelope,2656,22,6,0,n,tier1_ngsl_general+ngsl_rank_2656+bridge_from_beginner_grade_4+grade_estimate_6
knife,2657,22,6,0,n,tier1_ngsl_general+ngsl_rank_2657+bridge_from_beginner_grade_3+grade_estimate_6
adventure,2667,22,6,0,n,tier1_ngsl_general+ngsl_rank_2667+bridge_from_beginner_grade_4+grade_estimate_6
fence,2668,22,6,0,n,tier1_ngsl_general+ngsl_rank_2668+bridge_from_beginner_grade_3+grade_estimate_6
attraction,2670,22,6,0,n,tier1_ngsl_general+ngsl_rank_2670+bridge_from_beginner_grade_4+grade_estimate_6
castle,2673,22,6,0,n,tier1_ngsl_general+ngsl_rank_2673+bridge_from_beginner_grade_4+grade_estimate_6
veteran,2674,22,6,0,n,tier1_ngsl_general+ngsl_rank_2674+bridge_from_beginner_grade_4+grade_estimate_6
reflection,2675,22,6,0,n,tier1_ngsl_general+ngsl_rank_2675+bridge_from_beginner_grade_4+grade_estimate_6
carpet,2680,21,6,0,n,tier1_ngsl_general+ngsl_rank_2680+bridge_from_beginner_grade_3+grade_estimate_6
hurry,2683,21,6,0,n,tier1_ngsl_general+ngsl_rank_2683+bridge_from_beginner_grade_5+grade_estimate_6
revise,2688,21,6,0,n,tier1_ngsl_general+ngsl_rank_2688+bridge_from_beginner_grade_4+grade_estimate_6
uncle,2694,21,6,0,n,tier1_ngsl_general+ngsl_rank_2694+bridge_from_beginner_grade_3+grade_estimate_6
verb,2700,21,6,0,n,tier1_ngsl_general+ngsl_rank_2700+bridge_from_beginner_grade_3+grade_estimate_6
transportation,2703,21,6,0,n,tier1_ngsl_general+ngsl_rank_2703+bridge_from_beginner_grade_4+grade_estimate_6
harbor,2704,21,6,0,n,tier1_ngsl_general+ngsl_rank_2704+bridge_from_beginner_grade_4+grade_estimate_6
comedy,2705,21,6,0,n,tier1_ngsl_general+ngsl_rank_2705+bridge_from_beginner_grade_4+grade_estimate_6
storage,2707,21,6,0,n,tier1_ngsl_general+ngsl_rank_2707+bridge_from_beginner_grade_4+grade_estimate_6
universe,2708,21,6,0,n,tier1_ngsl_general+ngsl_rank_2708+bridge_from_beginner_grade_5+grade_estimate_6
horrible,2709,21,6,0,adj,tier1_ngsl_general+ngsl_rank_2709+bridge_from_beginner_grade_5+grade_estimate_6
portrait,2713,21,6,0,n,tier1_ngsl_general+ngsl_rank_2713+bridge_from_beginner_grade_3+grade_estimate_6
substitute,2715,21,6,0,n,tier1_ngsl_general+ngsl_rank_2715+bridge_from_beginner_grade_5+grade_estimate_6
gentle,2750,20,6,0,n,tier1_ngsl_general+ngsl_rank_2750+bridge_from_beginner_grade_3+grade_estimate_6
unite,2767,19,6,0,v,tier1_ngsl_general+ngsl_rank_2767+bridge_from_beginner_grade_4+grade_estimate_6
royal,2776,19,6,0,adj,tier1_ngsl_general+ngsl_rank_2776+bridge_from_beginner_grade_3+grade_estimate_6
curtain,2778,18,6,0,n,tier1_ngsl_general+ngsl_rank_2778+bridge_from_beginner_grade_3+grade_estimate_6
autumn,2792,15,6,0,n,tier1_ngsl_general+ngsl_rank_2792+bridge_from_beginner_grade_5+grade_estimate_6
noun,2799,11,6,0,n,tier1_ngsl_general+ngsl_rank_2799+bridge_from_beginner_grade_3+grade_estimate_6
ashamed,2806,8,6,0,v,tier1_ngsl_general+ngsl_rank_2806+bridge_from_beginner_grade_5+grade_estimate_6
biology,251,51,7,1,n,tier2_nawl_academic+nawl_rank_251+grade_estimate_7
scenario,252,51,7,1,n,tier2_nawl_academic+nawl_rank_252+grade_estimate_7
conditional,253,51,7,1,adj,tier2_nawl_academic+nawl_rank_253+grade_estimate_7
contrary,254,51,7,1,adj,tier2_nawl_academic+nawl_rank_254+grade_estimate_7
discrete,255,51,7,1,n,tier2_nawl_academic+nawl_rank_255+grade_estimate_7
morphological,257,51,7,1,adj,tier2_nawl_academic+nawl_rank_257+grade_estimate_7
lateral,258,51,7,1,adj,tier2_nawl_academic+nawl_rank_258+grade_estimate_7
injection,259,51,7,1,n,tier2_nawl_academic+nawl_rank_259+grade_estimate_7
effectiveness,260,51,7,1,n,tier2_nawl_academic+nawl_rank_260+grade_estimate_7
logical,262,50,7,1,adj,tier2_nawl_academic+nawl_rank_262+grade_estimate_7
calculus,263,50,7,1,n,tier2_nawl_academic+nawl_rank_263+grade_estimate_7
longitudinal,264,50,7,1,adj,tier2_nawl_academic+nawl_rank_264+grade_estimate_7
usage,264,50,7,1,n,tier2_nawl_academic+nawl_rank_264+grade_estimate_7
client,267,50,7,1,n,tier2_nawl_academic+nawl_rank_267+grade_estimate_7
marginal,267,50,7,1,adj,tier2_nawl_academic+nawl_rank_267+grade_estimate_7
characterization,269,50,7,1,n,tier2_nawl_academic+nawl_rank_269+grade_estimate_7
ethical,270,49,7,1,adj,tier2_nawl_academic+nawl_rank_270+grade_estimate_7
superior,271,49,7,1,n,tier2_nawl_academic+nawl_rank_271+grade_estimate_7
approximate,272,49,7,1,v,tier2_nawl_academic+nawl_rank_272+grade_estimate_7
composer,273,49,7,1,n,tier2_nawl_academic+nawl_rank_273+grade_estimate_7
singular,274,49,7,1,n,tier2_nawl_academic+nawl_rank_274+grade_estimate_7
converge,275,49,7,1,n,tier2_nawl_academic+nawl_rank_275+grade_estimate_7
fetal,276,49,7,1,adj,tier2_nawl_academic+nawl_rank_276+grade_estimate_7
comprehension,277,49,7,1,n,tier2_nawl_academic+nawl_rank_277+grade_estimate_7
implicit,278,49,7,1,n,tier2_nawl_academic+nawl_rank_278+grade_estimate_7
span,279,49,7,1,n,tier2_nawl_academic+nawl_rank_279+grade_estimate_7
formulation,281,49,7,1,n,tier2_nawl_academic+nawl_rank_281+grade_estimate_7
dialect,282,49,7,1,n,tier2_nawl_academic+nawl_rank_282+grade_estimate_7
immune,284,49,7,1,adj,tier2_nawl_academic+nawl_rank_284+grade_estimate_7
loop,285,48,7,1,n,tier2_nawl_academic+nawl_rank_285+grade_estimate_7
algebra,286,48,7,1,n,tier2_nawl_academic+nawl_rank_286+grade_estimate_7
derivative,287,48,7,1,adj,tier2_nawl_academic+nawl_rank_287+grade_estimate_7
appendix,288,48,7,1,n,tier2_nawl_academic+nawl_rank_288+grade_estimate_7
overview,289,48,7,1,n,tier2_nawl_academic+nawl_rank_289+grade_estimate_7
diffusion,290,48,7,1,n,tier2_nawl_academic+nawl_rank_290+grade_estimate_7
specimen,291,48,7,1,v,tier2_nawl_academic+nawl_rank_291+grade_estimate_7
assert,292,48,7,1,v,tier2_nawl_academic+nawl_rank_292+grade_estimate_7
widespread,293,48,7,1,n,tier2_nawl_academic+nawl_rank_293+grade_estimate_7
competence,294,48,7,1,n,tier2_nawl_academic+nawl_rank_294+grade_estimate_7
residual,295,48,7,1,adj,tier2_nawl_academic+nawl_rank_295+grade_estimate_7
fusion,296,48,7,1,n,tier2_nawl_academic+nawl_rank_296+grade_estimate_7
constrain,298,48,7,1,n,tier2_nawl_academic+nawl_rank_298+grade_estimate_7
differentiate,299,48,7,1,v,tier2_nawl_academic+nawl_rank_299+grade_estimate_7
virtue,299,48,7,1,n,tier2_nawl_academic+nawl_rank_299+grade_estimate_7
amino,301,48,7,1,n,tier2_nawl_academic+nawl_rank_301+grade_estimate_7
partially,302,48,7,1,adv,tier2_nawl_academic+nawl_rank_302+grade_estimate_7
preliminary,303,48,7,1,adj,tier2_nawl_academic+nawl_rank_303+grade_estimate_7
philosophical,304,48,7,1,adj,tier2_nawl_academic+nawl_rank_304+grade_estimate_7
pre,305,47,7,1,n,tier2_nawl_academic+nawl_rank_305+grade_estimate_7
transaction,306,47,7,1,n,tier2_nawl_academic+nawl_rank_306+grade_estimate_7
prominent,307,47,7,1,adj,tier2_nawl_academic+nawl_rank_307+grade_estimate_7
indigenous,308,47,7,1,adj,tier2_nawl_academic+nawl_rank_308+grade_estimate_7
render,309,47,7,1,v,tier2_nawl_academic+nawl_rank_309+grade_estimate_7
independently,310,47,7,1,adv,tier2_nawl_academic+nawl_rank_310+grade_estimate_7
symbolic,311,47,7,1,adj,tier2_nawl_academic+nawl_rank_311+grade_estimate_7
utilize,312,47,7,1,v,tier2_nawl_academic+nawl_rank_312+grade_estimate_7
physiological,313,47,7,1,adj,tier2_nawl_academic+nawl_rank_313+grade_estimate_7
indirect,314,47,7,1,n,tier2_nawl_academic+nawl_rank_314+grade_estimate_7
assembly,315,46,7,1,adv,tier2_nawl_academic+nawl_rank_315+grade_estimate_7
calcium,315,46,7,1,n,tier2_nawl_academic+nawl_rank_315+grade_estimate_7
strictly,317,46,7,1,adv,tier2_nawl_academic+nawl_rank_317+grade_estimate_7
psychiatric,318,46,7,1,adj,tier2_nawl_academic+nawl_rank_318+grade_estimate_7
unity,318,46,7,1,n,tier2_nawl_academic+nawl_rank_318+grade_estimate_7
critique,320,46,7,1,n,tier2_nawl_academic+nawl_rank_320+grade_estimate_7
differentiation,321,46,7,1,n,tier2_nawl_academic+nawl_rank_321+grade_estimate_7
minimize,323,46,7,1,v,tier2_nawl_academic+nawl_rank_323+grade_estimate_7
selective,324,46,7,1,adj,tier2_nawl_academic+nawl_rank_324+grade_estimate_7
availability,325,46,7,1,n,tier2_nawl_academic+nawl_rank_325+grade_estimate_7
depict,326,46,7,1,v,tier2_nawl_academic+nawl_rank_326+grade_estimate_7
cue,327,46,7,1,n,tier2_nawl_academic+nawl_rank_327+grade_estimate_7
parental,328,46,7,1,adj,tier2_nawl_academic+nawl_rank_328+grade_estimate_7
ritual,329,45,7,1,adj,tier2_nawl_academic+nawl_rank_329+grade_estimate_7
fertility,330,45,7,1,n,tier2_nawl_academic+nawl_rank_330+grade_estimate_7
adjacent,331,45,7,1,adj,tier2_nawl_academic+nawl_rank_331+grade_estimate_7
inhibition,332,45,7,1,n,tier2_nawl_academic+nawl_rank_332+grade_estimate_7
observer,332,45,7,1,n,tier2_nawl_academic+nawl_rank_332+grade_estimate_7
readily,332,45,7,1,adv,tier2_nawl_academic+nawl_rank_332+grade_estimate_7
questionnaire,335,45,7,1,n,tier2_nawl_academic+nawl_rank_335+grade_estimate_7
generalization,336,45,7,1,n,tier2_nawl_academic+nawl_rank_336+grade_estimate_7
qualitative,337,45,7,1,adj,tier2_nawl_academic+nawl_rank_337+grade_estimate_7
tense,338,45,7,1,adj,tier2_nawl_academic+nawl_rank_338+grade_estimate_7
transcription,339,45,7,1,n,tier2_nawl_academic+nawl_rank_339+grade_estimate_7
nutrient,341,45,7,1,adj,tier2_nawl_academic+nawl_rank_341+grade_estimate_7
reinforce,342,45,7,1,n,tier2_nawl_academic+nawl_rank_342+grade_estimate_7
simulate,343,45,7,1,v,tier2_nawl_academic+nawl_rank_343+grade_estimate_7
statistically,343,45,7,1,adv,tier2_nawl_academic+nawl_rank_343+grade_estimate_7
dense,345,45,7,1,adj,tier2_nawl_academic+nawl_rank_345+grade_estimate_7
,347,44,7,1,n,tier2_nawl_academic+nawl_rank_347+grade_estimate_7
terminal,348,44,7,1,adj,tier2_nawl_academic+nawl_rank_348+grade_estimate_7
informal,349,44,7,1,adj,tier2_nawl_academic+nawl_rank_349+grade_estimate_7
discharge,350,44,7,1,n,tier2_nawl_academic+nawl_rank_350+grade_estimate_7
adaptive,351,44,7,1,adj,tier2_nawl_academic+nawl_rank_351+grade_estimate_7
ecological,352,44,7,1,adj,tier2_nawl_academic+nawl_rank_352+grade_estimate_7
protocol,353,44,7,1,n,tier2_nawl_academic+nawl_rank_353+grade_estimate_7
progressive,354,44,7,1,adj,tier2_nawl_academic+nawl_rank_354+grade_estimate_7
aesthetic,355,44,7,1,adj,tier2_nawl_academic+nawl_rank_355+grade_estimate_7
agriculture,356,44,7,1,n,tier2_nawl_academic+nawl_rank_356+grade_estimate_7
exploit,356,44,7,1,v,tier2_nawl_academic+nawl_rank_356+grade_estimate_7
practitioner,358,44,7,1,n,tier2_nawl_academic+nawl_rank_358+grade_estimate_7
occupation,359,43,7,1,n,tier2_nawl_academic+nawl_rank_359+grade_estimate_7
equivalence,360,43,7,1,n,tier2_nawl_academic+nawl_rank_360+grade_estimate_7
pragmatic,361,43,7,1,adj,tier2_nawl_academic+nawl_rank_361+grade_estimate_7
productivity,362,43,7,1,n,tier2_nawl_academic+nawl_rank_362+grade_estimate_7
arrow,363,43,7,1,n,tier2_nawl_academic+nawl_rank_363+grade_estimate_7
commentary,365,43,7,1,adj,tier2_nawl_academic+nawl_rank_365+grade_estimate_7
residue,366,42,7,1,n,tier2_nawl_academic+nawl_rank_366+grade_estimate_7
unstable,367,42,7,1,adj,tier2_nawl_academic+nawl_rank_367+grade_estimate_7
consensus,368,42,7,1,n,tier2_nawl_academic+nawl_rank_368+grade_estimate_7
radius,370,42,7,1,n,tier2_nawl_academic+nawl_rank_370+grade_estimate_7
artificial,371,42,7,1,adj,tier2_nawl_academic+nawl_rank_371+grade_estimate_7
harvest,372,42,7,1,n,tier2_nawl_academic+nawl_rank_372+grade_estimate_7
suicide,373,42,7,1,n,tier2_nawl_academic+nawl_rank_373+grade_estimate_7
pi,374,41,7,1,n,tier2_nawl_academic+nawl_rank_374+grade_estimate_7
assignment,377,41,7,1,adj,tier2_nawl_academic+nawl_rank_377+grade_estimate_7
replicate,378,41,7,1,v,tier2_nawl_academic+nawl_rank_378+grade_estimate_7
mechanical,379,41,7,1,adj,tier2_nawl_academic+nawl_rank_379+grade_estimate_7
disability,380,40,7,1,n,tier2_nawl_academic+nawl_rank_380+grade_estimate_7
purely,382,40,7,1,adv,tier2_nawl_academic+nawl_rank_382+grade_estimate_7
contradiction,383,40,7,1,n,tier2_nawl_academic+nawl_rank_383+grade_estimate_7
scatter,384,40,7,1,v,tier2_nawl_academic+nawl_rank_384+grade_estimate_7
problematic,385,40,7,1,adj,tier2_nawl_academic+nawl_rank_385+grade_estimate_7
correction,386,40,7,1,n,tier2_nawl_academic+nawl_rank_386+grade_estimate_7
linguistics,387,40,7,1,n,tier2_nawl_academic+nawl_rank_387+grade_estimate_7
hormone,388,40,7,1,n,tier2_nawl_academic+nawl_rank_388+grade_estimate_7
primitive,389,40,7,1,adj,tier2_nawl_academic+nawl_rank_389+grade_estimate_7
ethics,390,40,7,1,n,tier2_nawl_academic+nawl_rank_390+grade_estimate_7
accumulation,391,40,7,1,n,tier2_nawl_academic+nawl_rank_391+grade_estimate_7
static,392,39,7,1,adj,tier2_nawl_academic+nawl_rank_392+grade_estimate_7
consent,393,39,7,1,n,tier2_nawl_academic+nawl_rank_393+grade_estimate_7
substrate,394,39,7,1,v,tier2_nawl_academic+nawl_rank_394+grade_estimate_7
straightforward,395,39,7,1,n,tier2_nawl_academic+nawl_rank_395+grade_estimate_7
discrimination,396,39,7,1,n,tier2_nawl_academic+nawl_rank_396+grade_estimate_7
separately,397,39,7,1,adv,tier2_nawl_academic+nawl_rank_397+grade_estimate_7
randomize,398,39,7,1,v,tier2_nawl_academic+nawl_rank_398+grade_estimate_7
sensory,399,38,7,1,adj,tier2_nawl_academic+nawl_rank_399+grade_estimate_7
confine,400,38,7,1,v,tier2_nawl_academic+nawl_rank_400+grade_estimate_7
mineral,401,38,7,1,adj,tier2_nawl_academic+nawl_rank_401+grade_estimate_7
peripheral,401,38,7,1,adj,tier2_nawl_academic+nawl_rank_401+grade_estimate_7
spontaneous,403,38,7,1,adj,tier2_nawl_academic+nawl_rank_403+grade_estimate_7
reliability,404,38,7,1,n,tier2_nawl_academic+nawl_rank_404+grade_estimate_7
clone,405,38,7,1,n,tier2_nawl_academic+nawl_rank_405+grade_estimate_7
orient,406,37,7,1,adj,tier2_nawl_academic+nawl_rank_406+grade_estimate_7
elaborate,407,37,7,1,v,tier2_nawl_academic+nawl_rank_407+grade_estimate_7
nominal,408,37,7,1,adj,tier2_nawl_academic+nawl_rank_408+grade_estimate_7
insert,409,37,7,1,v,tier2_nawl_academic+nawl_rank_409+grade_estimate_7
reproduction,410,37,7,1,n,tier2_nawl_academic+nawl_rank_410+grade_estimate_7
dominance,411,37,7,1,n,tier2_nawl_academic+nawl_rank_411+grade_estimate_7
allocation,412,37,7,1,n,tier2_nawl_academic+nawl_rank_412+grade_estimate_7
lung,413,37,7,1,n,tier2_nawl_academic+nawl_rank_413+grade_estimate_7
productive,414,37,7,1,adj,tier2_nawl_academic+nawl_rank_414+grade_estimate_7
decay,415,37,7,1,n,tier2_nawl_academic+nawl_rank_415+grade_estimate_7
conscious,416,37,7,1,adj,tier2_nawl_academic+nawl_rank_416+grade_estimate_7
thickness,417,37,7,1,n,tier2_nawl_academic+nawl_rank_417+grade_estimate_7
offspring,420,37,7,1,v,tier2_nawl_academic+nawl_rank_420+grade_estimate_7
resemble,421,37,7,1,n,tier2_nawl_academic+nawl_rank_421+grade_estimate_7
circulation,422,37,7,1,n,tier2_nawl_academic+nawl_rank_422+grade_estimate_7
correctly,423,36,7,1,adv,tier2_nawl_academic+nawl_rank_423+grade_estimate_7
necessity,424,36,7,1,n,tier2_nawl_academic+nawl_rank_424+grade_estimate_7
metaphor,425,36,7,1,n,tier2_nawl_academic+nawl_rank_425+grade_estimate_7
tract,426,36,7,1,n,tier2_nawl_academic+nawl_rank_426+grade_estimate_7
liver,427,36,7,1,n,tier2_nawl_academic+nawl_rank_427+grade_estimate_7
subjective,428,36,7,1,adj,tier2_nawl_academic+nawl_rank_428+grade_estimate_7
accumulate,429,36,7,1,v,tier2_nawl_academic+nawl_rank_429+grade_estimate_7
rejection,430,36,7,1,n,tier2_nawl_academic+nawl_rank_430+grade_estimate_7
maximize,431,36,7,1,v,tier2_nawl_academic+nawl_rank_431+grade_estimate_7
replacement,432,36,7,1,adj,tier2_nawl_academic+nawl_rank_432+grade_estimate_7
amongst,433,36,7,1,n,tier2_nawl_academic+nawl_rank_433+grade_estimate_7
complication,434,36,7,1,n,tier2_nawl_academic+nawl_rank_434+grade_estimate_7
valve,435,36,7,1,n,tier2_nawl_academic+nawl_rank_435+grade_estimate_7
absorption,437,35,7,1,n,tier2_nawl_academic+nawl_rank_437+grade_estimate_7
monetary,438,35,7,1,adj,tier2_nawl_academic+nawl_rank_438+grade_estimate_7
thermal,439,35,7,1,adj,tier2_nawl_academic+nawl_rank_439+grade_estimate_7
likewise,440,35,7,1,v,tier2_nawl_academic+nawl_rank_440+grade_estimate_7
tolerance,441,35,7,1,n,tier2_nawl_academic+nawl_rank_441+grade_estimate_7
donor,443,35,7,1,n,tier2_nawl_academic+nawl_rank_443+grade_estimate_7
flux,444,35,7,1,n,tier2_nawl_academic+nawl_rank_444+grade_estimate_7
mobility,445,35,7,1,n,tier2_nawl_academic+nawl_rank_445+grade_estimate_7
manipulation,446,35,7,1,n,tier2_nawl_academic+nawl_rank_446+grade_estimate_7
elevate,447,35,7,1,v,tier2_nawl_academic+nawl_rank_447+grade_estimate_7
nationalism,448,35,7,1,n,tier2_nawl_academic+nawl_rank_448+grade_estimate_7
analogy,449,35,7,1,n,tier2_nawl_academic+nawl_rank_449+grade_estimate_7
adverse,450,35,7,1,adj,tier2_nawl_academic+nawl_rank_450+grade_estimate_7
nitrogen,451,34,7,1,v,tier2_nawl_academic+nawl_rank_451+grade_estimate_7
plausible,451,34,7,1,adj,tier2_nawl_academic+nawl_rank_451+grade_estimate_7
vein,453,34,7,1,n,tier2_nawl_academic+nawl_rank_453+grade_estimate_7
controversy,454,34,7,1,n,tier2_nawl_academic+nawl_rank_454+grade_estimate_7
wheat,455,34,7,1,n,tier2_nawl_academic+nawl_rank_455+grade_estimate_7
rewrite,456,34,7,1,v,tier2_nawl_academic+nawl_rank_456+grade_estimate_7
manual,457,34,7,1,adj,tier2_nawl_academic+nawl_rank_457+grade_estimate_7
strategic,458,33,7,1,adj,tier2_nawl_academic+nawl_rank_458+grade_estimate_7
peasant,459,33,7,1,adj,tier2_nawl_academic+nawl_rank_459+grade_estimate_7
absorb,460,33,7,1,v,tier2_nawl_academic+nawl_rank_460+grade_estimate_7
justification,462,33,7,1,n,tier2_nawl_academic+nawl_rank_462+grade_estimate_7
lifetime,463,33,7,1,n,tier2_nawl_academic+nawl_rank_463+grade_estimate_7
binary,464,33,7,1,adj,tier2_nawl_academic+nawl_rank_464+grade_estimate_7
definite,465,33,7,1,n,tier2_nawl_academic+nawl_rank_465+grade_estimate_7
contour,466,33,7,1,n,tier2_nawl_academic+nawl_rank_466+grade_estimate_7
execution,467,33,7,1,n,tier2_nawl_academic+nawl_rank_467+grade_estimate_7
ultimate,469,32,7,1,v,tier2_nawl_academic+nawl_rank_469+grade_estimate_7
acceleration,472,32,7,1,n,tier2_nawl_academic+nawl_rank_472+grade_estimate_7
undermine,473,32,7,1,n,tier2_nawl_academic+nawl_rank_473+grade_estimate_7
disadvantage,474,32,7,1,n,tier2_nawl_academic+nawl_rank_474+grade_estimate_7
myth,475,32,7,1,n,tier2_nawl_academic+nawl_rank_475+grade_estimate_7
strand,476,32,7,1,n,tier2_nawl_academic+nawl_rank_476+grade_estimate_7
unify,477,31,7,1,v,tier2_nawl_academic+nawl_rank_477+grade_estimate_7
randomly,478,31,7,1,adv,tier2_nawl_academic+nawl_rank_478+grade_estimate_7
philosopher,479,31,7,1,n,tier2_nawl_academic+nawl_rank_479+grade_estimate_7
pronounce,480,31,7,1,n,tier2_nawl_academic+nawl_rank_480+grade_estimate_7
workshop,481,31,7,1,n,tier2_nawl_academic+nawl_rank_481+grade_estimate_7
objection,482,31,7,1,n,tier2_nawl_academic+nawl_rank_482+grade_estimate_7
meaningful,483,31,7,1,adj,tier2_nawl_academic+nawl_rank_483+grade_estimate_7
wavelength,484,31,7,1,n,tier2_nawl_academic+nawl_rank_484+grade_estimate_7
diagnose,485,31,7,1,n,tier2_nawl_academic+nawl_rank_485+grade_estimate_7
accent,486,31,7,1,n,tier2_nawl_academic+nawl_rank_486+grade_estimate_7
realm,487,31,7,1,n,tier2_nawl_academic+nawl_rank_487+grade_estimate_7
replication,488,31,7,1,n,tier2_nawl_academic+nawl_rank_488+grade_estimate_7
admission,490,31,7,1,n,tier2_nawl_academic+nawl_rank_490+grade_estimate_7
interestingly,491,30,7,1,adv,tier2_nawl_academic+nawl_rank_491+grade_estimate_7
grid,493,30,7,1,n,tier2_nawl_academic+nawl_rank_493+grade_estimate_7
curriculum,494,30,7,1,n,tier2_nawl_academic+nawl_rank_494+grade_estimate_7
displacement,495,30,7,1,adj,tier2_nawl_academic+nawl_rank_495+grade_estimate_7
coherent,496,30,7,1,adj,tier2_nawl_academic+nawl_rank_496+grade_estimate_7
standardize,497,30,7,1,v,tier2_nawl_academic+nawl_rank_497+grade_estimate_7
civilization,498,30,7,1,n,tier2_nawl_academic+nawl_rank_498+grade_estimate_7
positively,499,30,7,1,adv,tier2_nawl_academic+nawl_rank_499+grade_estimate_7
bacterial,500,30,7,1,adj,tier2_nawl_academic+nawl_rank_500+grade_estimate_7
deficiency,501,30,7,1,n,tier2_nawl_academic+nawl_rank_501+grade_estimate_7
legitimate,502,30,7,1,v,tier2_nawl_academic+nawl_rank_502+grade_estimate_7
sophisticate,503,29,7,1,v,tier2_nawl_academic+nawl_rank_503+grade_estimate_7
accelerate,504,29,7,1,v,tier2_nawl_academic+nawl_rank_504+grade_estimate_7
exponential,505,29,7,1,adj,tier2_nawl_academic+nawl_rank_505+grade_estimate_7
socially,507,29,7,1,adv,tier2_nawl_academic+nawl_rank_507+grade_estimate_7
accurately,508,29,7,1,adv,tier2_nawl_academic+nawl_rank_508+grade_estimate_7
influential,509,29,7,1,adj,tier2_nawl_academic+nawl_rank_509+grade_estimate_7
progression,510,29,7,1,n,tier2_nawl_academic+nawl_rank_510+grade_estimate_7
essence,511,29,7,1,n,tier2_nawl_academic+nawl_rank_511+grade_estimate_7
cylinder,512,29,7,1,n,tier2_nawl_academic+nawl_rank_512+grade_estimate_7
scholarship,513,29,7,1,n,tier2_nawl_academic+nawl_rank_513+grade_estimate_7
sodium,514,29,7,1,n,tier2_nawl_academic+nawl_rank_514+grade_estimate_7
predominantly,515,29,7,1,adv,tier2_nawl_academic+nawl_rank_515+grade_estimate_7
impulse,516,29,7,1,n,tier2_nawl_academic+nawl_rank_516+grade_estimate_7
oscillation,516,29,7,1,n,tier2_nawl_academic+nawl_rank_516+grade_estimate_7
theorist,518,29,7,1,n,tier2_nawl_academic+nawl_rank_518+grade_estimate_7
manipulate,519,29,7,1,v,tier2_nawl_academic+nawl_rank_519+grade_estimate_7
alliance,520,29,7,1,n,tier2_nawl_academic+nawl_rank_520+grade_estimate_7
crystal,521,28,7,1,n,tier2_nawl_academic+nawl_rank_521+grade_estimate_7
importantly,522,28,7,1,adv,tier2_nawl_academic+nawl_rank_522+grade_estimate_7
dimensional,527,28,7,1,adj,tier2_nawl_academic+nawl_rank_527+grade_estimate_7
resistant,527,28,7,1,adj,tier2_nawl_academic+nawl_rank_527+grade_estimate_7
punishment,529,28,7,1,adj,tier2_nawl_academic+nawl_rank_529+grade_estimate_7
rhetoric,530,28,7,1,adj,tier2_nawl_academic+nawl_rank_530+grade_estimate_7
artifact,531,28,7,1,n,tier2_nawl_academic+nawl_rank_531+grade_estimate_7
carrier,532,28,7,1,n,tier2_nawl_academic+nawl_rank_532+grade_estimate_7
surgical,533,28,7,1,adj,tier2_nawl_academic+nawl_rank_533+grade_estimate_7
coordination,534,28,7,1,n,tier2_nawl_academic+nawl_rank_534+grade_estimate_7
turbulent,535,28,7,1,adj,tier2_nawl_academic+nawl_rank_535+grade_estimate_7
quantum,536,28,7,1,n,tier2_nawl_academic+nawl_rank_536+grade_estimate_7
conserve,539,27,7,1,n,tier2_nawl_academic+nawl_rank_539+grade_estimate_7
primer,540,27,7,1,n,tier2_nawl_academic+nawl_rank_540+grade_estimate_7
grasp,541,27,7,1,n,tier2_nawl_academic+nawl_rank_541+grade_estimate_7
bulk,542,27,7,1,n,tier2_nawl_academic+nawl_rank_542+grade_estimate_7
terminology,543,27,7,1,n,tier2_nawl_academic+nawl_rank_543+grade_estimate_7
vegetation,544,27,7,1,n,tier2_nawl_academic+nawl_rank_544+grade_estimate_7
traditionally,546,27,7,1,adv,tier2_nawl_academic+nawl_rank_546+grade_estimate_7
execute,547,27,7,1,n,tier2_nawl_academic+nawl_rank_547+grade_estimate_7
intensive,548,26,7,1,adj,tier2_nawl_academic+nawl_rank_548+grade_estimate_7
reconstruct,549,26,7,1,n,tier2_nawl_academic+nawl_rank_549+grade_estimate_7
broadly,550,26,7,1,adv,tier2_nawl_academic+nawl_rank_550+grade_estimate_7
metabolism,551,26,7,1,n,tier2_nawl_academic+nawl_rank_551+grade_estimate_7
revolutionary,552,26,7,1,adj,tier2_nawl_academic+nawl_rank_552+grade_estimate_7
dilemma,554,26,7,1,n,tier2_nawl_academic+nawl_rank_554+grade_estimate_7
motif,555,26,7,1,n,tier2_nawl_academic+nawl_rank_555+grade_estimate_7
motive,556,26,7,1,n,tier2_nawl_academic+nawl_rank_556+grade_estimate_7
subtle,557,26,7,1,adj,tier2_nawl_academic+nawl_rank_557+grade_estimate_7
allocate,559,26,7,1,v,tier2_nawl_academic+nawl_rank_559+grade_estimate_7
hydrogen,560,26,7,1,v,tier2_nawl_academic+nawl_rank_560+grade_estimate_7
dissertation,561,26,7,1,n,tier2_nawl_academic+nawl_rank_561+grade_estimate_7
susceptible,562,26,7,1,adj,tier2_nawl_academic+nawl_rank_562+grade_estimate_7
architect,563,26,7,1,n,tier2_nawl_academic+nawl_rank_563+grade_estimate_7
coronary,564,26,7,1,adj,tier2_nawl_academic+nawl_rank_564+grade_estimate_7
breakdown,565,26,7,1,n,tier2_nawl_academic+nawl_rank_565+grade_estimate_7
inject,566,26,7,1,v,tier2_nawl_academic+nawl_rank_566+grade_estimate_7
economist,567,26,7,1,n,tier2_nawl_academic+nawl_rank_567+grade_estimate_7
polar,569,25,7,1,adj,tier2_nawl_academic+nawl_rank_569+grade_estimate_7
backward,570,25,7,1,n,tier2_nawl_academic+nawl_rank_570+grade_estimate_7
morality,572,25,7,1,n,tier2_nawl_academic+nawl_rank_572+grade_estimate_7
communicative,573,25,7,1,adj,tier2_nawl_academic+nawl_rank_573+grade_estimate_7
physically,574,25,7,1,adv,tier2_nawl_academic+nawl_rank_574+grade_estimate_7
politically,576,25,7,1,adv,tier2_nawl_academic+nawl_rank_576+grade_estimate_7
inevitably,578,25,7,1,adv,tier2_nawl_academic+nawl_rank_578+grade_estimate_7
capitalism,579,25,7,1,n,tier2_nawl_academic+nawl_rank_579+grade_estimate_7
expertise,580,25,7,1,v,tier2_nawl_academic+nawl_rank_580+grade_estimate_7
inferior,581,25,7,1,n,tier2_nawl_academic+nawl_rank_581+grade_estimate_7
actively,582,25,7,1,adv,tier2_nawl_academic+nawl_rank_582+grade_estimate_7
historically,585,25,7,1,adv,tier2_nawl_academic+nawl_rank_585+grade_estimate_7
textbook,586,24,7,1,n,tier2_nawl_academic+nawl_rank_586+grade_estimate_7
bundle,587,24,7,1,n,tier2_nawl_academic+nawl_rank_587+grade_estimate_7
elementary,588,24,7,1,adj,tier2_nawl_academic+nawl_rank_588+grade_estimate_7
capitalist,589,24,7,1,n,tier2_nawl_academic+nawl_rank_589+grade_estimate_7
flexibility,590,24,7,1,n,tier2_nawl_academic+nawl_rank_590+grade_estimate_7
cord,591,24,7,1,n,tier2_nawl_academic+nawl_rank_591+grade_estimate_7
initiation,592,24,7,1,n,tier2_nawl_academic+nawl_rank_592+grade_estimate_7
realistic,592,24,7,1,adj,tier2_nawl_academic+nawl_rank_592+grade_estimate_7
consultation,595,24,7,1,n,tier2_nawl_academic+nawl_rank_595+grade_estimate_7
ruler,596,24,7,1,n,tier2_nawl_academic+nawl_rank_596+grade_estimate_7
freely,597,24,7,1,adv,tier2_nawl_academic+nawl_rank_597+grade_estimate_7
commodity,599,24,7,1,n,tier2_nawl_academic+nawl_rank_599+grade_estimate_7
intervene,601,24,7,1,n,tier2_nawl_academic+nawl_rank_601+grade_estimate_7
compensate,602,24,7,1,v,tier2_nawl_academic+nawl_rank_602+grade_estimate_7
trivial,604,24,7,1,adj,tier2_nawl_academic+nawl_rank_604+grade_estimate_7
stance,605,24,7,1,n,tier2_nawl_academic+nawl_rank_605+grade_estimate_7
stabilize,606,24,7,1,v,tier2_nawl_academic+nawl_rank_606+grade_estimate_7
profound,607,24,7,1,n,tier2_nawl_academic+nawl_rank_607+grade_estimate_7
whereby,608,24,7,1,n,tier2_nawl_academic+nawl_rank_608+grade_estimate_7
genetics,610,23,7,1,n,tier2_nawl_academic+nawl_rank_610+grade_estimate_7
proton,611,23,7,1,n,tier2_nawl_academic+nawl_rank_611+grade_estimate_7
phosphate,612,23,7,1,v,tier2_nawl_academic+nawl_rank_612+grade_estimate_7
respiratory,616,23,7,1,adj,tier2_nawl_academic+nawl_rank_616+grade_estimate_7
elimination,617,23,7,1,n,tier2_nawl_academic+nawl_rank_617+grade_estimate_7
exit,618,23,7,1,n,tier2_nawl_academic+nawl_rank_618+grade_estimate_7
circulate,620,23,7,1,v,tier2_nawl_academic+nawl_rank_620+grade_estimate_7
contradict,622,23,7,1,n,tier2_nawl_academic+nawl_rank_622+grade_estimate_7
interfere,623,22,7,1,n,tier2_nawl_academic+nawl_rank_623+grade_estimate_7
trauma,624,22,7,1,n,tier2_nawl_academic+nawl_rank_624+grade_estimate_7
upward,625,22,7,1,n,tier2_nawl_academic+nawl_rank_625+grade_estimate_7
gross,626,22,7,1,n,tier2_nawl_academic+nawl_rank_626+grade_estimate_7
optical,627,22,7,1,adj,tier2_nawl_academic+nawl_rank_627+grade_estimate_7
communist,628,22,7,1,n,tier2_nawl_academic+nawl_rank_628+grade_estimate_7
continent,629,22,7,1,adj,tier2_nawl_academic+nawl_rank_629+grade_estimate_7
physics,630,22,7,1,n,tier2_nawl_academic+nawl_rank_630+grade_estimate_7
viable,631,22,7,1,adj,tier2_nawl_academic+nawl_rank_631+grade_estimate_7
limb,632,22,7,1,n,tier2_nawl_academic+nawl_rank_632+grade_estimate_7
retrieve,633,22,7,1,n,tier2_nawl_academic+nawl_rank_633+grade_estimate_7
presume,634,22,7,1,n,tier2_nawl_academic+nawl_rank_634+grade_estimate_7
rationality,635,22,7,1,n,tier2_nawl_academic+nawl_rank_635+grade_estimate_7
stereotype,636,22,7,1,n,tier2_nawl_academic+nawl_rank_636+grade_estimate_7
slavery,637,22,7,1,n,tier2_nawl_academic+nawl_rank_637+grade_estimate_7
anthropology,639,21,7,1,n,tier2_nawl_academic+nawl_rank_639+grade_estimate_7
faculty,639,21,7,1,n,tier2_nawl_academic+nawl_rank_639+grade_estimate_7
antibiotic,641,21,7,1,adj,tier2_nawl_academic+nawl_rank_641+grade_estimate_7
portray,642,21,7,1,n,tier2_nawl_academic+nawl_rank_642+grade_estimate_7
chemistry,643,21,7,1,n,tier2_nawl_academic+nawl_rank_643+grade_estimate_7
sexuality,643,21,7,1,n,tier2_nawl_academic+nawl_rank_643+grade_estimate_7
axiom,645,21,7,1,n,tier2_nawl_academic+nawl_rank_645+grade_estimate_7
pest,646,21,7,1,n,tier2_nawl_academic+nawl_rank_646+grade_estimate_7
fracture,647,21,7,1,n,tier2_nawl_academic+nawl_rank_647+grade_estimate_7
transplant,648,21,7,1,adj,tier2_nawl_academic+nawl_rank_648+grade_estimate_7
shortly,650,21,7,1,adv,tier2_nawl_academic+nawl_rank_650+grade_estimate_7
introduction,1203,73,7,0,n,tier1_ngsl_general+ngsl_rank_1203+grade_estimate_7
requirement,1204,73,7,0,n,tier1_ngsl_general+ngsl_rank_1204+grade_estimate_7
confirm,1206,73,7,0,n,tier1_ngsl_general+ngsl_rank_1206+grade_estimate_7
senior,1207,72,7,0,n,tier1_ngsl_general+ngsl_rank_1207+grade_estimate_7
photo,1208,72,7,0,n,tier1_ngsl_general+ngsl_rank_1208+grade_estimate_7
refuse,1209,72,7,0,n,tier1_ngsl_general+ngsl_rank_1209+grade_estimate_7
transport,1210,72,7,0,n,tier1_ngsl_general+ngsl_rank_1210+grade_estimate_7
emerge,1211,72,7,0,n,tier1_ngsl_general+ngsl_rank_1211+grade_estimate_7
concept,1213,72,7,0,n,tier1_ngsl_general+ngsl_rank_1213+grade_estimate_7
reform,1215,72,7,0,n,tier1_ngsl_general+ngsl_rank_1215+grade_estimate_7
survive,1218,72,7,0,v,tier1_ngsl_general+ngsl_rank_1218+grade_estimate_7
background,1223,71,7,0,n,tier1_ngsl_general+ngsl_rank_1223+grade_estimate_7
traffic,1225,71,7,0,adj,tier1_ngsl_general+ngsl_rank_1225+grade_estimate_7
improvement,1226,71,7,0,n,tier1_ngsl_general+ngsl_rank_1226+grade_estimate_7
tool,1227,71,7,0,n,tier1_ngsl_general+ngsl_rank_1227+grade_estimate_7
consequence,1228,71,7,0,n,tier1_ngsl_general+ngsl_rank_1228+grade_estimate_7
circumstance,1229,71,7,0,n,tier1_ngsl_general+ngsl_rank_1229+grade_estimate_7
smoke,1230,71,7,0,n,tier1_ngsl_general+ngsl_rank_1230+grade_estimate_7
busy,1233,71,7,0,n,tier1_ngsl_general+ngsl_rank_1233+grade_estimate_7
brain,1235,71,7,0,n,tier1_ngsl_general+ngsl_rank_1235+grade_estimate_7
mass,1236,71,7,0,n,tier1_ngsl_general+ngsl_rank_1236+grade_estimate_7
contribute,1238,71,7,0,v,tier1_ngsl_general+ngsl_rank_1238+grade_estimate_7
failure,1239,71,7,0,n,tier1_ngsl_general+ngsl_rank_1239+grade_estimate_7
schedule,1240,71,7,0,n,tier1_ngsl_general+ngsl_rank_1240+grade_estimate_7
adopt,1243,70,7,0,n,tier1_ngsl_general+ngsl_rank_1243+grade_estimate_7
combine,1244,70,7,0,n,tier1_ngsl_general+ngsl_rank_1244+grade_estimate_7
waste,1246,70,7,0,n,tier1_ngsl_general+ngsl_rank_1246+grade_estimate_7
hide,1247,70,7,0,n,tier1_ngsl_general+ngsl_rank_1247+grade_estimate_7
meal,1250,70,7,0,adj,tier1_ngsl_general+ngsl_rank_1250+grade_estimate_7
colleague,1251,70,7,0,n,tier1_ngsl_general+ngsl_rank_1251+grade_estimate_7
bag,1252,70,7,0,n,tier1_ngsl_general+ngsl_rank_1252+grade_estimate_7
repeat,1253,70,7,0,n,tier1_ngsl_general+ngsl_rank_1253+grade_estimate_7
extremely,1257,70,7,0,adv,tier1_ngsl_general+ngsl_rank_1257+grade_estimate_7
duty,1262,69,7,0,n,tier1_ngsl_general+ngsl_rank_1262+grade_estimate_7
strength,1263,69,7,0,n,tier1_ngsl_general+ngsl_rank_1263+grade_estimate_7
connect,1264,69,7,0,n,tier1_ngsl_general+ngsl_rank_1264+grade_estimate_7
cultural,1265,69,7,0,adj,tier1_ngsl_general+ngsl_rank_1265+grade_estimate_7
arrange,1266,68,7,0,n,tier1_ngsl_general+ngsl_rank_1266+grade_estimate_7
scheme,1267,68,7,0,n,tier1_ngsl_general+ngsl_rank_1267+grade_estimate_7
payment,1268,68,7,0,n,tier1_ngsl_general+ngsl_rank_1268+grade_estimate_7
unfortunately,1269,68,7,0,adv,tier1_ngsl_general+ngsl_rank_1269+grade_estimate_7
brief,1270,68,7,0,n,tier1_ngsl_general+ngsl_rank_1270+grade_estimate_7
bird,1271,68,7,0,n,tier1_ngsl_general+ngsl_rank_1271+grade_estimate_7
demonstrate,1272,68,7,0,v,tier1_ngsl_general+ngsl_rank_1272+grade_estimate_7
contribution,1273,68,7,0,n,tier1_ngsl_general+ngsl_rank_1273+grade_estimate_7
appreciate,1274,68,7,0,v,tier1_ngsl_general+ngsl_rank_1274+grade_estimate_7
apparently,1277,68,7,0,adv,tier1_ngsl_general+ngsl_rank_1277+grade_estimate_7
union,1279,68,7,0,n,tier1_ngsl_general+ngsl_rank_1279+grade_estimate_7
trend,1281,68,7,0,n,tier1_ngsl_general+ngsl_rank_1281+grade_estimate_7
initial,1282,68,7,0,adj,tier1_ngsl_general+ngsl_rank_1282+grade_estimate_7
critical,1285,67,7,0,adj,tier1_ngsl_general+ngsl_rank_1285+grade_estimate_7
gather,1286,67,7,0,n,tier1_ngsl_general+ngsl_rank_1286+grade_estimate_7
mostly,1287,67,7,0,adv,tier1_ngsl_general+ngsl_rank_1287+grade_estimate_7
desire,1291,67,7,0,n,tier1_ngsl_general+ngsl_rank_1291+grade_estimate_7
promote,1292,67,7,0,v,tier1_ngsl_general+ngsl_rank_1292+grade_estimate_7
currently,1293,67,7,0,adv,tier1_ngsl_general+ngsl_rank_1293+grade_estimate_7
employ,1294,67,7,0,n,tier1_ngsl_general+ngsl_rank_1294+grade_estimate_7
topic,1296,67,7,0,n,tier1_ngsl_general+ngsl_rank_1296+grade_estimate_7
attract,1298,67,7,0,n,tier1_ngsl_general+ngsl_rank_1298+grade_estimate_7
engage,1299,67,7,0,n,tier1_ngsl_general+ngsl_rank_1299+grade_estimate_7
crisis,1302,67,7,0,n,tier1_ngsl_general+ngsl_rank_1302+grade_estimate_7
settle,1303,67,7,0,n,tier1_ngsl_general+ngsl_rank_1303+grade_estimate_7
aid,1305,66,7,0,n,tier1_ngsl_general+ngsl_rank_1305+grade_estimate_7
fan,1306,66,7,0,n,tier1_ngsl_general+ngsl_rank_1306+grade_estimate_7
twice,1308,66,7,0,n,tier1_ngsl_general+ngsl_rank_1308+grade_estimate_7
delay,1310,66,7,0,n,tier1_ngsl_general+ngsl_rank_1310+grade_estimate_7
safety,1311,66,7,0,n,tier1_ngsl_general+ngsl_rank_1311+grade_estimate_7
divide,1316,66,7,0,n,tier1_ngsl_general+ngsl_rank_1316+grade_estimate_7
investigation,1318,66,7,0,n,tier1_ngsl_general+ngsl_rank_1318+grade_estimate_7
somewhere,1320,66,7,0,n,tier1_ngsl_general+ngsl_rank_1320+grade_estimate_7
expand,1321,66,7,0,v,tier1_ngsl_general+ngsl_rank_1321+grade_estimate_7
commit,1322,66,7,0,n,tier1_ngsl_general+ngsl_rank_1322+grade_estimate_7
obvious,1323,66,7,0,adj,tier1_ngsl_general+ngsl_rank_1323+grade_estimate_7
weapon,1325,65,7,0,n,tier1_ngsl_general+ngsl_rank_1325+grade_estimate_7
relatively,1326,65,7,0,adv,tier1_ngsl_general+ngsl_rank_1326+grade_estimate_7
host,1327,65,7,0,n,tier1_ngsl_general+ngsl_rank_1327+grade_estimate_7
broad,1330,65,7,0,n,tier1_ngsl_general+ngsl_rank_1330+grade_estimate_7
tire,1331,65,7,0,n,tier1_ngsl_general+ngsl_rank_1331+grade_estimate_7
spirit,1333,64,7,0,n,tier1_ngsl_general+ngsl_rank_1333+grade_estimate_7
actual,1335,64,7,0,adj,tier1_ngsl_general+ngsl_rank_1335+grade_estimate_7
battle,1337,64,7,0,n,tier1_ngsl_general+ngsl_rank_1337+grade_estimate_7
tradition,1338,64,7,0,n,tier1_ngsl_general+ngsl_rank_1338+grade_estimate_7
cash,1339,64,7,0,n,tier1_ngsl_general+ngsl_rank_1339+grade_estimate_7
hardly,1340,64,7,0,adv,tier1_ngsl_general+ngsl_rank_1340+grade_estimate_7
award,1341,64,7,0,n,tier1_ngsl_general+ngsl_rank_1341+grade_estimate_7
consideration,1344,64,7,0,n,tier1_ngsl_general+ngsl_rank_1344+grade_estimate_7
possibly,1347,64,7,0,adv,tier1_ngsl_general+ngsl_rank_1347+grade_estimate_7
threat,1348,64,7,0,n,tier1_ngsl_general+ngsl_rank_1348+grade_estimate_7
accident,1349,64,7,0,adj,tier1_ngsl_general+ngsl_rank_1349+grade_estimate_7
impossible,1350,64,7,0,adj,tier1_ngsl_general+ngsl_rank_1350+grade_estimate_7
revenue,1351,64,7,0,n,tier1_ngsl_general+ngsl_rank_1351+grade_estimate_7
enable,1352,64,7,0,v,tier1_ngsl_general+ngsl_rank_1352+grade_estimate_7
conclude,1355,63,7,0,n,tier1_ngsl_general+ngsl_rank_1355+grade_estimate_7
religious,1356,63,7,0,adj,tier1_ngsl_general+ngsl_rank_1356+grade_estimate_7
cancer,1357,63,7,0,n,tier1_ngsl_general+ngsl_rank_1357+grade_estimate_7
convince,1358,63,7,0,n,tier1_ngsl_general+ngsl_rank_1358+grade_estimate_7
vary,1359,63,7,0,v,tier1_ngsl_general+ngsl_rank_1359+grade_estimate_7
environmental,1360,63,7,0,adj,tier1_ngsl_general+ngsl_rank_1360+grade_estimate_7
healthy,1362,63,7,0,n,tier1_ngsl_general+ngsl_rank_1362+grade_estimate_7
volume,1364,63,7,0,n,tier1_ngsl_general+ngsl_rank_1364+grade_estimate_7
invest,1366,63,7,0,n,tier1_ngsl_general+ngsl_rank_1366+grade_estimate_7
proceed,1367,63,7,0,v,tier1_ngsl_general+ngsl_rank_1367+grade_estimate_7
whereas,1372,62,7,0,conj,tier1_ngsl_general+ngsl_rank_1372+grade_estimate_7
murder,1376,62,7,0,n,tier1_ngsl_general+ngsl_rank_1376+grade_estimate_7
soldier,1378,62,7,0,n,tier1_ngsl_general+ngsl_rank_1378+grade_estimate_7
hate,1380,62,7,0,v,tier1_ngsl_general+ngsl_rank_1380+grade_estimate_7
egg,1381,62,7,0,n,tier1_ngsl_general+ngsl_rank_1381+grade_estimate_7
concert,1382,62,7,0,n,tier1_ngsl_general+ngsl_rank_1382+grade_estimate_7
usual,1385,62,7,0,adj,tier1_ngsl_general+ngsl_rank_1385+grade_estimate_7
recall,1388,62,7,0,n,tier1_ngsl_general+ngsl_rank_1388+grade_estimate_7
wine,1389,62,7,0,n,tier1_ngsl_general+ngsl_rank_1389+grade_estimate_7
manufacture,1392,62,7,0,n,tier1_ngsl_general+ngsl_rank_1392+grade_estimate_7
coffee,1395,61,7,0,n,tier1_ngsl_general+ngsl_rank_1395+grade_estimate_7
visitor,1398,61,7,0,n,tier1_ngsl_general+ngsl_rank_1398+grade_estimate_7
dear,1401,61,7,0,n,tier1_ngsl_general+ngsl_rank_1401+grade_estimate_7
objective,1402,61,7,0,adj,tier1_ngsl_general+ngsl_rank_1402+grade_estimate_7
moreover,1403,61,7,0,n,tier1_ngsl_general+ngsl_rank_1403+grade_estimate_7
onto,1404,61,7,0,prep,tier1_ngsl_general+ngsl_rank_1404+grade_estimate_7
historical,1405,61,7,0,adj,tier1_ngsl_general+ngsl_rank_1405+grade_estimate_7
oppose,1406,61,7,0,n,tier1_ngsl_general+ngsl_rank_1406+grade_estimate_7
branch,1407,61,7,0,n,tier1_ngsl_general+ngsl_rank_1407+grade_estimate_7
vehicle,1408,61,7,0,n,tier1_ngsl_general+ngsl_rank_1408+grade_estimate_7
bind,1411,60,7,0,n,tier1_ngsl_general+ngsl_rank_1411+grade_estimate_7
taste,1413,60,7,0,n,tier1_ngsl_general+ngsl_rank_1413+grade_estimate_7
tonight,1414,60,7,0,n,tier1_ngsl_general+ngsl_rank_1414+grade_estimate_7
danger,1416,60,7,0,n,tier1_ngsl_general+ngsl_rank_1416+grade_estimate_7
bomb,1417,60,7,0,n,tier1_ngsl_general+ngsl_rank_1417+grade_estimate_7
dangerous,1419,60,7,0,adj,tier1_ngsl_general+ngsl_rank_1419+grade_estimate_7
decrease,1420,60,7,0,n,tier1_ngsl_general+ngsl_rank_1420+grade_estimate_7
editor,1423,59,7,0,n,tier1_ngsl_general+ngsl_rank_1423+grade_estimate_7
normally,1424,59,7,0,adv,tier1_ngsl_general+ngsl_rank_1424+grade_estimate_7
delivery,1428,59,7,0,n,tier1_ngsl_general+ngsl_rank_1428+grade_estimate_7
deny,1429,59,7,0,n,tier1_ngsl_general+ngsl_rank_1429+grade_estimate_7
anybody,1431,59,7,0,pron,tier1_ngsl_general+ngsl_rank_1431+grade_estimate_7
bedroom,1432,59,7,0,n,tier1_ngsl_general+ngsl_rank_1432+grade_estimate_7
quote,1433,59,7,0,n,tier1_ngsl_general+ngsl_rank_1433+grade_estimate_7
basically,1435,59,7,0,adv,tier1_ngsl_general+ngsl_rank_1435+grade_estimate_7
violence,1436,59,7,0,n,tier1_ngsl_general+ngsl_rank_1436+grade_estimate_7
minister,1437,59,7,0,n,tier1_ngsl_general+ngsl_rank_1437+grade_estimate_7
mainly,1438,59,7,0,adv,tier1_ngsl_general+ngsl_rank_1438+grade_estimate_7
manner,1441,59,7,0,n,tier1_ngsl_general+ngsl_rank_1441+grade_estimate_7
familiar,1445,58,7,0,n,tier1_ngsl_general+ngsl_rank_1445+grade_estimate_7
affair,1448,58,7,0,n,tier1_ngsl_general+ngsl_rank_1448+grade_estimate_7
locate,1450,58,7,0,v,tier1_ngsl_general+ngsl_rank_1450+grade_estimate_7
domestic,1454,57,7,0,adj,tier1_ngsl_general+ngsl_rank_1454+grade_estimate_7
belief,1456,57,7,0,n,tier1_ngsl_general+ngsl_rank_1456+grade_estimate_7
troop,1457,57,7,0,n,tier1_ngsl_general+ngsl_rank_1457+grade_estimate_7
technical,1458,57,7,0,adj,tier1_ngsl_general+ngsl_rank_1458+grade_estimate_7
remind,1459,57,7,0,n,tier1_ngsl_general+ngsl_rank_1459+grade_estimate_7
arrangement,1460,57,7,0,n,tier1_ngsl_general+ngsl_rank_1460+grade_estimate_7
prison,1462,57,7,0,n,tier1_ngsl_general+ngsl_rank_1462+grade_estimate_7
switch,1463,57,7,0,n,tier1_ngsl_general+ngsl_rank_1463+grade_estimate_7
acquire,1464,57,7,0,n,tier1_ngsl_general+ngsl_rank_1464+grade_estimate_7
corporate,1465,57,7,0,v,tier1_ngsl_general+ngsl_rank_1465+grade_estimate_7
fairly,1466,57,7,0,adv,tier1_ngsl_general+ngsl_rank_1466+grade_estimate_7
tear,1470,57,7,0,n,tier1_ngsl_general+ngsl_rank_1470+grade_estimate_7
representative,1471,57,7,0,adj,tier1_ngsl_general+ngsl_rank_1471+grade_estimate_7
capacity,1472,57,7,0,n,tier1_ngsl_general+ngsl_rank_1472+grade_estimate_7
assessment,1475,56,7,0,n,tier1_ngsl_general+ngsl_rank_1475+grade_estimate_7
shoe,1476,56,7,0,n,tier1_ngsl_general+ngsl_rank_1476+grade_estimate_7
ought,1477,56,7,0,n,tier1_ngsl_general+ngsl_rank_1477+grade_estimate_7
ad,1478,56,7,0,n,tier1_ngsl_general+ngsl_rank_1478+grade_estimate_7
fee,1479,56,7,0,n,tier1_ngsl_general+ngsl_rank_1479+grade_estimate_7
hall,1480,56,7,0,n,tier1_ngsl_general+ngsl_rank_1480+grade_estimate_7
regulation,1481,56,7,0,n,tier1_ngsl_general+ngsl_rank_1481+grade_estimate_7
studio,1483,56,7,0,n,tier1_ngsl_general+ngsl_rank_1483+grade_estimate_7
proper,1484,56,7,0,n,tier1_ngsl_general+ngsl_rank_1484+grade_estimate_7
tourist,1486,56,7,0,n,tier1_ngsl_general+ngsl_rank_1486+grade_estimate_7
component,1487,56,7,0,adj,tier1_ngsl_general+ngsl_rank_1487+grade_estimate_7
suspect,1490,56,7,0,n,tier1_ngsl_general+ngsl_rank_1490+grade_estimate_7
description,1492,56,7,0,n,tier1_ngsl_general+ngsl_rank_1492+grade_estimate_7
confidence,1493,55,7,0,n,tier1_ngsl_general+ngsl_rank_1493+grade_estimate_7
industrial,1494,55,7,0,adj,tier1_ngsl_general+ngsl_rank_1494+grade_estimate_7
complain,1495,55,7,0,n,tier1_ngsl_general+ngsl_rank_1495+grade_estimate_7
perspective,1496,55,7,0,adj,tier1_ngsl_general+ngsl_rank_1496+grade_estimate_7
error,1497,55,7,0,n,tier1_ngsl_general+ngsl_rank_1497+grade_estimate_7
arrest,1498,55,7,0,n,tier1_ngsl_general+ngsl_rank_1498+grade_estimate_7
assess,1499,55,7,0,n,tier1_ngsl_general+ngsl_rank_1499+grade_estimate_7
register,1500,55,7,0,n,tier1_ngsl_general+ngsl_rank_1500+grade_estimate_7
asset,1501,55,7,0,n,tier1_ngsl_general+ngsl_rank_1501+grade_estimate_7
relevant,1504,55,7,0,adj,tier1_ngsl_general+ngsl_rank_1504+grade_estimate_7
explore,1505,55,7,0,n,tier1_ngsl_general+ngsl_rank_1505+grade_estimate_7
leadership,1506,55,7,0,n,tier1_ngsl_general+ngsl_rank_1506+grade_estimate_7
commitment,1507,54,7,0,n,tier1_ngsl_general+ngsl_rank_1507+grade_estimate_7
wake,1508,54,7,0,n,tier1_ngsl_general+ngsl_rank_1508+grade_estimate_7
necessarily,1509,54,7,0,adv,tier1_ngsl_general+ngsl_rank_1509+grade_estimate_7
bond,1513,54,7,0,n,tier1_ngsl_general+ngsl_rank_1513+grade_estimate_7
hire,1514,54,7,0,n,tier1_ngsl_general+ngsl_rank_1514+grade_estimate_7
tie,1516,54,7,0,n,tier1_ngsl_general+ngsl_rank_1516+grade_estimate_7
literature,1519,54,7,0,n,tier1_ngsl_general+ngsl_rank_1519+grade_estimate_7
victim,1520,54,7,0,n,tier1_ngsl_general+ngsl_rank_1520+grade_estimate_7
threaten,1521,53,7,0,v,tier1_ngsl_general+ngsl_rank_1521+grade_estimate_7
secure,1523,53,7,0,n,tier1_ngsl_general+ngsl_rank_1523+grade_estimate_7
amaze,1524,53,7,0,n,tier1_ngsl_general+ngsl_rank_1524+grade_estimate_7
device,1525,53,7,0,n,tier1_ngsl_general+ngsl_rank_1525+grade_estimate_7
label,1528,53,7,0,n,tier1_ngsl_general+ngsl_rank_1528+grade_estimate_7
expense,1531,53,7,0,n,tier1_ngsl_general+ngsl_rank_1531+grade_estimate_7
investigate,1533,53,7,0,v,tier1_ngsl_general+ngsl_rank_1533+grade_estimate_7
recommendation,1534,53,7,0,n,tier1_ngsl_general+ngsl_rank_1534+grade_estimate_7
rank,1535,53,7,0,n,tier1_ngsl_general+ngsl_rank_1535+grade_estimate_7
typical,1536,53,7,0,adj,tier1_ngsl_general+ngsl_rank_1536+grade_estimate_7
friendly,1538,53,7,0,adv,tier1_ngsl_general+ngsl_rank_1538+grade_estimate_7
resident,1539,53,7,0,adj,tier1_ngsl_general+ngsl_rank_1539+grade_estimate_7
provision,1540,53,7,0,n,tier1_ngsl_general+ngsl_rank_1540+grade_estimate_7
concentrate,1541,53,7,0,v,tier1_ngsl_general+ngsl_rank_1541+grade_estimate_7
export,1543,53,7,0,n,tier1_ngsl_general+ngsl_rank_1543+grade_estimate_7
entirely,1544,53,7,0,adv,tier1_ngsl_general+ngsl_rank_1544+grade_estimate_7
strongly,1545,53,7,0,adv,tier1_ngsl_general+ngsl_rank_1545+grade_estimate_7
consist,1547,52,7,0,n,tier1_ngsl_general+ngsl_rank_1547+grade_estimate_7
brand,1549,52,7,0,n,tier1_ngsl_general+ngsl_rank_1549+grade_estimate_7
moral,1550,52,7,0,adj,tier1_ngsl_general+ngsl_rank_1550+grade_estimate_7
insist,1551,52,7,0,n,tier1_ngsl_general+ngsl_rank_1551+grade_estimate_7
master,1556,52,7,0,n,tier1_ngsl_general+ngsl_rank_1556+grade_estimate_7
definitely,1557,52,7,0,adv,tier1_ngsl_general+ngsl_rank_1557+grade_estimate_7
session,1558,52,7,0,n,tier1_ngsl_general+ngsl_rank_1558+grade_estimate_7
nevertheless,1560,52,7,0,adj,tier1_ngsl_general+ngsl_rank_1560+grade_estimate_7
predict,1561,52,7,0,v,tier1_ngsl_general+ngsl_rank_1561+grade_estimate_7
previously,1562,52,7,0,adv,tier1_ngsl_general+ngsl_rank_1562+grade_estimate_7
largely,1564,52,7,0,adv,tier1_ngsl_general+ngsl_rank_1564+grade_estimate_7
wed,1565,52,7,0,v,tier1_ngsl_general+ngsl_rank_1565+grade_estimate_7
rent,1566,52,7,0,adj,tier1_ngsl_general+ngsl_rank_1566+grade_estimate_7
shot,1567,52,7,0,n,tier1_ngsl_general+ngsl_rank_1567+grade_estimate_7
reasonable,1569,52,7,0,adj,tier1_ngsl_general+ngsl_rank_1569+grade_estimate_7
guarantee,1570,52,7,0,n,tier1_ngsl_general+ngsl_rank_1570+grade_estimate_7
till,1571,52,7,0,n,tier1_ngsl_general+ngsl_rank_1571+grade_estimate_7
judgment,1573,51,7,0,n,tier1_ngsl_general+ngsl_rank_1573+grade_estimate_7
odd,1574,51,7,0,n,tier1_ngsl_general+ngsl_rank_1574+grade_estimate_7
approve,1575,51,7,0,n,tier1_ngsl_general+ngsl_rank_1575+grade_estimate_7
loan,1576,51,7,0,n,tier1_ngsl_general+ngsl_rank_1576+grade_estimate_7
definition,1577,51,7,0,n,tier1_ngsl_general+ngsl_rank_1577+grade_estimate_7
elect,1578,51,7,0,n,tier1_ngsl_general+ngsl_rank_1578+grade_estimate_7
atmosphere,1579,51,7,0,n,tier1_ngsl_general+ngsl_rank_1579+grade_estimate_7
farmer,1580,51,7,0,n,tier1_ngsl_general+ngsl_rank_1580+grade_estimate_7
comparison,1581,51,7,0,n,tier1_ngsl_general+ngsl_rank_1581+grade_estimate_7
characteristic,1582,51,7,0,adj,tier1_ngsl_general+ngsl_rank_1582+grade_estimate_7
license,1583,51,7,0,n,tier1_ngsl_general+ngsl_rank_1583+grade_estimate_7
narrow,1585,51,7,0,n,tier1_ngsl_general+ngsl_rank_1585+grade_estimate_7
identity,1587,51,7,0,n,tier1_ngsl_general+ngsl_rank_1587+grade_estimate_7
permit,1589,51,7,0,v,tier1_ngsl_general+ngsl_rank_1589+grade_estimate_7
seriously,1590,51,7,0,adv,tier1_ngsl_general+ngsl_rank_1590+grade_estimate_7
commission,1593,50,7,0,n,tier1_ngsl_general+ngsl_rank_1593+grade_estimate_7
unique,1594,50,7,0,n,tier1_ngsl_general+ngsl_rank_1594+grade_estimate_7
association,1595,50,7,0,n,tier1_ngsl_general+ngsl_rank_1595+grade_estimate_7
instrument,1596,50,7,0,n,tier1_ngsl_general+ngsl_rank_1596+grade_estimate_7
investor,1597,50,7,0,n,tier1_ngsl_general+ngsl_rank_1597+grade_estimate_7
practical,1598,50,7,0,adj,tier1_ngsl_general+ngsl_rank_1598+grade_estimate_7
tea,1599,50,7,0,n,tier1_ngsl_general+ngsl_rank_1599+grade_estimate_7
expectation,1606,50,7,0,n,tier1_ngsl_general+ngsl_rank_1606+grade_estimate_7
employment,1607,50,7,0,n,tier1_ngsl_general+ngsl_rank_1607+grade_estimate_7
sexual,1609,50,7,0,adj,tier1_ngsl_general+ngsl_rank_1609+grade_estimate_7
increasingly,1612,50,7,0,adv,tier1_ngsl_general+ngsl_rank_1612+grade_estimate_7
import,1613,50,7,0,n,tier1_ngsl_general+ngsl_rank_1613+grade_estimate_7
bottle,1614,50,7,0,n,tier1_ngsl_general+ngsl_rank_1614+grade_estimate_7
ourselves,1615,49,7,0,pron,tier1_ngsl_general+ngsl_rank_1615+grade_estimate_7
sheet,1616,49,7,0,n,tier1_ngsl_general+ngsl_rank_1616+grade_estimate_7
notion,1619,49,7,0,n,tier1_ngsl_general+ngsl_rank_1619+grade_estimate_7
conservative,1620,49,7,0,adj,tier1_ngsl_general+ngsl_rank_1620+grade_estimate_7
journey,1621,49,7,0,n,tier1_ngsl_general+ngsl_rank_1621+grade_estimate_7
opposition,1622,49,7,0,n,tier1_ngsl_general+ngsl_rank_1622+grade_estimate_7
debt,1624,49,7,0,n,tier1_ngsl_general+ngsl_rank_1624+grade_estimate_7
honor,1625,49,7,0,n,tier1_ngsl_general+ngsl_rank_1625+grade_estimate_7
blame,1627,49,7,0,n,tier1_ngsl_general+ngsl_rank_1627+grade_estimate_7
explanation,1628,49,7,0,n,tier1_ngsl_general+ngsl_rank_1628+grade_estimate_7
arise,1629,49,7,0,v,tier1_ngsl_general+ngsl_rank_1629+grade_estimate_7
recover,1631,49,7,0,n,tier1_ngsl_general+ngsl_rank_1631+grade_estimate_7
dad,1632,49,7,0,n,tier1_ngsl_general+ngsl_rank_1632+grade_estimate_7
stretch,1633,49,7,0,n,tier1_ngsl_general+ngsl_rank_1633+grade_estimate_7
declare,1634,49,7,0,n,tier1_ngsl_general+ngsl_rank_1634+grade_estimate_7
retire,1635,48,7,0,n,tier1_ngsl_general+ngsl_rank_1635+grade_estimate_7
native,1639,48,7,0,adj,tier1_ngsl_general+ngsl_rank_1639+grade_estimate_7
analyze,1641,48,7,0,n,tier1_ngsl_general+ngsl_rank_1641+grade_estimate_7
witness,1642,48,7,0,n,tier1_ngsl_general+ngsl_rank_1642+grade_estimate_7
terrible,1644,48,7,0,adj,tier1_ngsl_general+ngsl_rank_1644+grade_estimate_7
researcher,1645,48,7,0,n,tier1_ngsl_general+ngsl_rank_1645+grade_estimate_7
ordinary,1646,48,7,0,adj,tier1_ngsl_general+ngsl_rank_1646+grade_estimate_7
selection,1647,48,7,0,n,tier1_ngsl_general+ngsl_rank_1647+grade_estimate_7
anywhere,1648,48,7,0,n,tier1_ngsl_general+ngsl_rank_1648+grade_estimate_7
participant,1650,48,7,0,adj,tier1_ngsl_general+ngsl_rank_1650+grade_estimate_7
personality,1652,47,7,0,n,tier1_ngsl_general+ngsl_rank_1652+grade_estimate_7
specifically,1653,47,7,0,adv,tier1_ngsl_general+ngsl_rank_1653+grade_estimate_7
fat,1654,47,7,0,n,tier1_ngsl_general+ngsl_rank_1654+grade_estimate_7
entry,1655,47,7,0,n,tier1_ngsl_general+ngsl_rank_1655+grade_estimate_7
fellow,1656,47,7,0,n,tier1_ngsl_general+ngsl_rank_1656+grade_estimate_7
chemical,1657,47,7,0,adj,tier1_ngsl_general+ngsl_rank_1657+grade_estimate_7
tip,1659,47,7,0,n,tier1_ngsl_general+ngsl_rank_1659+grade_estimate_7
discount,1660,47,7,0,n,tier1_ngsl_general+ngsl_rank_1660+grade_estimate_7
chairman,1662,47,7,0,n,tier1_ngsl_general+ngsl_rank_1662+grade_estimate_7
proportion,1663,47,7,0,n,tier1_ngsl_general+ngsl_rank_1663+grade_estimate_7
ear,1664,47,7,0,n,tier1_ngsl_general+ngsl_rank_1664+grade_estimate_7
significantly,1669,47,7,0,adv,tier1_ngsl_general+ngsl_rank_1669+grade_estimate_7
considerable,1671,46,7,0,adj,tier1_ngsl_general+ngsl_rank_1671+grade_estimate_7
instruction,1672,46,7,0,n,tier1_ngsl_general+ngsl_rank_1672+grade_estimate_7
intelligence,1673,46,7,0,n,tier1_ngsl_general+ngsl_rank_1673+grade_estimate_7
ideal,1674,46,7,0,adj,tier1_ngsl_general+ngsl_rank_1674+grade_estimate_7
folk,1675,46,7,0,n,tier1_ngsl_general+ngsl_rank_1675+grade_estimate_7
guard,1677,46,7,0,n,tier1_ngsl_general+ngsl_rank_1677+grade_estimate_7
somewhat,1679,46,7,0,n,tier1_ngsl_general+ngsl_rank_1679+grade_estimate_7
kiss,1680,46,7,0,n,tier1_ngsl_general+ngsl_rank_1680+grade_estimate_7
joint,1682,46,7,0,n,tier1_ngsl_general+ngsl_rank_1682+grade_estimate_7
compete,1683,46,7,0,v,tier1_ngsl_general+ngsl_rank_1683+grade_estimate_7
poll,1684,46,7,0,n,tier1_ngsl_general+ngsl_rank_1684+grade_estimate_7
weak,1685,46,7,0,n,tier1_ngsl_general+ngsl_rank_1685+grade_estimate_7
faith,1686,46,7,0,n,tier1_ngsl_general+ngsl_rank_1686+grade_estimate_7
reduction,1687,46,7,0,n,tier1_ngsl_general+ngsl_rank_1687+grade_estimate_7
reserve,1688,46,7,0,n,tier1_ngsl_general+ngsl_rank_1688+grade_estimate_7
complaint,1689,46,7,0,n,tier1_ngsl_general+ngsl_rank_1689+grade_estimate_7
bore,1690,46,7,0,n,tier1_ngsl_general+ngsl_rank_1690+grade_estimate_7
mission,1691,46,7,0,n,tier1_ngsl_general+ngsl_rank_1691+grade_estimate_7
somehow,1692,46,7,0,n,tier1_ngsl_general+ngsl_rank_1692+grade_estimate_7
neighborhood,1694,46,7,0,n,tier1_ngsl_general+ngsl_rank_1694+grade_estimate_7
passenger,1695,46,7,0,n,tier1_ngsl_general+ngsl_rank_1695+grade_estimate_7
justice,1696,46,7,0,n,tier1_ngsl_general+ngsl_rank_1696+grade_estimate_7
rush,1699,45,7,0,n,tier1_ngsl_general+ngsl_rank_1699+grade_estimate_7
formal,1700,45,7,0,adj,tier1_ngsl_general+ngsl_rank_1700+grade_estimate_7
religion,1701,45,7,0,n,tier1_ngsl_general+ngsl_rank_1701+grade_estimate_7
employer,1702,45,7,0,n,tier1_ngsl_general+ngsl_rank_1702+grade_estimate_7
latter,1704,45,7,0,n,tier1_ngsl_general+ngsl_rank_1704+grade_estimate_7
plate,1705,45,7,0,v,tier1_ngsl_general+ngsl_rank_1705+grade_estimate_7
ban,1706,45,7,0,n,tier1_ngsl_general+ngsl_rank_1706+grade_estimate_7
steal,1707,45,7,0,adj,tier1_ngsl_general+ngsl_rank_1707+grade_estimate_7
protest,1708,45,7,0,n,tier1_ngsl_general+ngsl_rank_1708+grade_estimate_7
index,1709,45,7,0,n,tier1_ngsl_general+ngsl_rank_1709+grade_estimate_7
sad,1710,45,7,0,n,tier1_ngsl_general+ngsl_rank_1710+grade_estimate_7
frequently,1711,45,7,0,adv,tier1_ngsl_general+ngsl_rank_1711+grade_estimate_7
command,1714,45,7,0,n,tier1_ngsl_general+ngsl_rank_1714+grade_estimate_7
attractive,1715,45,7,0,adj,tier1_ngsl_general+ngsl_rank_1715+grade_estimate_7
impression,1717,45,7,0,n,tier1_ngsl_general+ngsl_rank_1717+grade_estimate_7
unable,1718,45,7,0,adj,tier1_ngsl_general+ngsl_rank_1718+grade_estimate_7
joke,1719,45,7,0,n,tier1_ngsl_general+ngsl_rank_1719+grade_estimate_7
electronic,1722,45,7,0,adj,tier1_ngsl_general+ngsl_rank_1722+grade_estimate_7
impose,1723,45,7,0,n,tier1_ngsl_general+ngsl_rank_1723+grade_estimate_7
criminal,1724,45,7,0,adj,tier1_ngsl_general+ngsl_rank_1724+grade_estimate_7
besides,1725,44,7,0,n,tier1_ngsl_general+ngsl_rank_1725+grade_estimate_7
properly,1726,44,7,0,adv,tier1_ngsl_general+ngsl_rank_1726+grade_estimate_7
ill,1729,44,7,0,n,tier1_ngsl_general+ngsl_rank_1729+grade_estimate_7
closely,1731,44,7,0,adv,tier1_ngsl_general+ngsl_rank_1731+grade_estimate_7
multiple,1732,44,7,0,n,tier1_ngsl_general+ngsl_rank_1732+grade_estimate_7
yield,1733,44,7,0,n,tier1_ngsl_general+ngsl_rank_1733+grade_estimate_7
via,1734,44,7,0,n,tier1_ngsl_general+ngsl_rank_1734+grade_estimate_7
legislation,1735,44,7,0,n,tier1_ngsl_general+ngsl_rank_1735+grade_estimate_7
county,1736,44,7,0,n,tier1_ngsl_general+ngsl_rank_1736+grade_estimate_7
unlike,1737,44,7,0,n,tier1_ngsl_general+ngsl_rank_1737+grade_estimate_7
implement,1740,44,7,0,v,tier1_ngsl_general+ngsl_rank_1740+grade_estimate_7
attach,1742,44,7,0,n,tier1_ngsl_general+ngsl_rank_1742+grade_estimate_7
hell,1743,44,7,0,n,tier1_ngsl_general+ngsl_rank_1743+grade_estimate_7
everywhere,1744,44,7,0,n,tier1_ngsl_general+ngsl_rank_1744+grade_estimate_7
advise,1745,44,7,0,v,tier1_ngsl_general+ngsl_rank_1745+grade_estimate_7
household,1746,44,7,0,n,tier1_ngsl_general+ngsl_rank_1746+grade_estimate_7
acknowledge,1747,44,7,0,n,tier1_ngsl_general+ngsl_rank_1747+grade_estimate_7
reward,1748,43,7,0,n,tier1_ngsl_general+ngsl_rank_1748+grade_estimate_7
voter,1752,43,7,0,n,tier1_ngsl_general+ngsl_rank_1752+grade_estimate_7
meanwhile,1753,43,7,0,n,tier1_ngsl_general+ngsl_rank_1753+grade_estimate_7
furthermore,1754,43,7,0,n,tier1_ngsl_general+ngsl_rank_1754+grade_estimate_7
accuse,1755,43,7,0,n,tier1_ngsl_general+ngsl_rank_1755+grade_estimate_7
scientific,1756,43,7,0,adj,tier1_ngsl_general+ngsl_rank_1756+grade_estimate_7
wage,1757,43,7,0,n,tier1_ngsl_general+ngsl_rank_1757+grade_estimate_7
absence,1758,43,7,0,n,tier1_ngsl_general+ngsl_rank_1758+grade_estimate_7
construct,1759,43,7,0,v,tier1_ngsl_general+ngsl_rank_1759+grade_estimate_7
remark,1760,43,7,0,n,tier1_ngsl_general+ngsl_rank_1760+grade_estimate_7
medicine,1761,43,7,0,n,tier1_ngsl_general+ngsl_rank_1761+grade_estimate_7
professor,1762,43,7,0,n,tier1_ngsl_general+ngsl_rank_1762+grade_estimate_7
rare,1763,43,7,0,n,tier1_ngsl_general+ngsl_rank_1763+grade_estimate_7
intention,1764,43,7,0,n,tier1_ngsl_general+ngsl_rank_1764+grade_estimate_7
dozen,1765,43,7,0,v,tier1_ngsl_general+ngsl_rank_1765+grade_estimate_7
gap,1767,43,7,0,n,tier1_ngsl_general+ngsl_rank_1767+grade_estimate_7
widely,1768,43,7,0,adv,tier1_ngsl_general+ngsl_rank_1768+grade_estimate_7
minimum,1769,43,7,0,n,tier1_ngsl_general+ngsl_rank_1769+grade_estimate_7
estate,1771,43,7,0,v,tier1_ngsl_general+ngsl_rank_1771+grade_estimate_7
equally,1772,43,7,0,adv,tier1_ngsl_general+ngsl_rank_1772+grade_estimate_7
expose,1773,43,7,0,n,tier1_ngsl_general+ngsl_rank_1773+grade_estimate_7
alive,1774,43,7,0,adj,tier1_ngsl_general+ngsl_rank_1774+grade_estimate_7
victory,1776,42,7,0,n,tier1_ngsl_general+ngsl_rank_1776+grade_estimate_7
resolve,1777,42,7,0,n,tier1_ngsl_general+ngsl_rank_1777+grade_estimate_7
critic,1778,42,7,0,adj,tier1_ngsl_general+ngsl_rank_1778+grade_estimate_7
variable,1779,42,7,0,adj,tier1_ngsl_general+ngsl_rank_1779+grade_estimate_7
enormous,1780,42,7,0,adj,tier1_ngsl_general+ngsl_rank_1780+grade_estimate_7
pursue,1784,42,7,0,v,tier1_ngsl_general+ngsl_rank_1784+grade_estimate_7
urge,1786,42,7,0,n,tier1_ngsl_general+ngsl_rank_1786+grade_estimate_7
enemy,1787,42,7,0,n,tier1_ngsl_general+ngsl_rank_1787+grade_estimate_7
talent,1790,42,7,0,adj,tier1_ngsl_general+ngsl_rank_1790+grade_estimate_7
prior,1792,42,7,0,n,tier1_ngsl_general+ngsl_rank_1792+grade_estimate_7
priority,1793,42,7,0,n,tier1_ngsl_general+ngsl_rank_1793+grade_estimate_7
online,1794,42,7,0,n,tier1_ngsl_general+ngsl_rank_1794+grade_estimate_7
pilot,1796,42,7,0,n,tier1_ngsl_general+ngsl_rank_1796+grade_estimate_7
stable,1797,42,7,0,adj,tier1_ngsl_general+ngsl_rank_1797+grade_estimate_7
resolution,1799,42,7,0,n,tier1_ngsl_general+ngsl_rank_1799+grade_estimate_7
communicate,1800,42,7,0,v,tier1_ngsl_general+ngsl_rank_1800+grade_estimate_7
injury,1801,41,7,0,n,tier1_ngsl_general+ngsl_rank_1801+grade_estimate_7
vast,1802,41,7,0,n,tier1_ngsl_general+ngsl_rank_1802+grade_estimate_7
exhibition,1803,41,7,0,n,tier1_ngsl_general+ngsl_rank_1803+grade_estimate_7
regional,1805,41,7,0,adj,tier1_ngsl_general+ngsl_rank_1805+grade_estimate_7
immediate,1806,41,7,0,adj,tier1_ngsl_general+ngsl_rank_1806+grade_estimate_7
incident,1807,41,7,0,adj,tier1_ngsl_general+ngsl_rank_1807+grade_estimate_7
childhood,1808,41,7,0,n,tier1_ngsl_general+ngsl_rank_1808+grade_estimate_7
draft,1809,41,7,0,n,tier1_ngsl_general+ngsl_rank_1809+grade_estimate_7
angry,1813,41,7,0,n,tier1_ngsl_general+ngsl_rank_1813+grade_estimate_7
salary,1816,41,7,0,adj,tier1_ngsl_general+ngsl_rank_1816+grade_estimate_7
imply,1818,41,7,0,v,tier1_ngsl_general+ngsl_rank_1818+grade_estimate_7
liberal,1821,41,7,0,adj,tier1_ngsl_general+ngsl_rank_1821+grade_estimate_7
qualify,1823,41,7,0,v,tier1_ngsl_general+ngsl_rank_1823+grade_estimate_7
competitive,1824,41,7,0,adj,tier1_ngsl_general+ngsl_rank_1824+grade_estimate_7
truly,1825,41,7,0,adv,tier1_ngsl_general+ngsl_rank_1825+grade_estimate_7
hi,1826,41,7,0,n,tier1_ngsl_general+ngsl_rank_1826+grade_estimate_7
emotional,1831,41,7,0,adj,tier1_ngsl_general+ngsl_rank_1831+grade_estimate_7
aircraft,1832,40,7,0,n,tier1_ngsl_general+ngsl_rank_1832+grade_estimate_7
self,1833,40,7,0,n,tier1_ngsl_general+ngsl_rank_1833+grade_estimate_7
existence,1835,40,7,0,n,tier1_ngsl_general+ngsl_rank_1835+grade_estimate_7
appointment,1839,40,7,0,n,tier1_ngsl_general+ngsl_rank_1839+grade_estimate_7
emphasize,1840,40,7,0,v,tier1_ngsl_general+ngsl_rank_1840+grade_estimate_7
maximum,1841,40,7,0,n,tier1_ngsl_general+ngsl_rank_1841+grade_estimate_7
effectively,1842,40,7,0,adv,tier1_ngsl_general+ngsl_rank_1842+grade_estimate_7
elsewhere,1843,40,7,0,n,tier1_ngsl_general+ngsl_rank_1843+grade_estimate_7
initiative,1845,40,7,0,adj,tier1_ngsl_general+ngsl_rank_1845+grade_estimate_7
motion,1848,40,7,0,n,tier1_ngsl_general+ngsl_rank_1848+grade_estimate_7
gray,1849,40,7,0,n,tier1_ngsl_general+ngsl_rank_1849+grade_estimate_7
plastic,1850,40,7,0,adj,tier1_ngsl_general+ngsl_rank_1850+grade_estimate_7
complicate,1851,40,7,0,v,tier1_ngsl_general+ngsl_rank_1851+grade_estimate_7
discipline,1852,40,7,0,n,tier1_ngsl_general+ngsl_rank_1852+grade_estimate_7
disappoint,1853,40,7,0,n,tier1_ngsl_general+ngsl_rank_1853+grade_estimate_7
boss,1854,40,7,0,n,tier1_ngsl_general+ngsl_rank_1854+grade_estimate_7
assumption,1855,40,7,0,n,tier1_ngsl_general+ngsl_rank_1855+grade_estimate_7
freeze,1856,40,7,0,n,tier1_ngsl_general+ngsl_rank_1856+grade_estimate_7
extreme,1857,40,7,0,n,tier1_ngsl_general+ngsl_rank_1857+grade_estimate_7
reputation,1859,40,7,0,n,tier1_ngsl_general+ngsl_rank_1859+grade_estimate_7
forth,1860,40,7,0,n,tier1_ngsl_general+ngsl_rank_1860+grade_estimate_7
negotiation,1861,40,7,0,n,tier1_ngsl_general+ngsl_rank_1861+grade_estimate_7
mechanism,1862,39,7,0,n,tier1_ngsl_general+ngsl_rank_1862+grade_estimate_7
democracy,1864,39,7,0,n,tier1_ngsl_general+ngsl_rank_1864+grade_estimate_7
pocket,1865,39,7,0,n,tier1_ngsl_general+ngsl_rank_1865+grade_estimate_7
lucky,1866,39,7,0,n,tier1_ngsl_general+ngsl_rank_1866+grade_estimate_7
observation,1868,39,7,0,n,tier1_ngsl_general+ngsl_rank_1868+grade_estimate_7
concentration,1870,39,7,0,n,tier1_ngsl_general+ngsl_rank_1870+grade_estimate_7
implication,1871,39,7,0,n,tier1_ngsl_general+ngsl_rank_1871+grade_estimate_7
deserve,1872,39,7,0,n,tier1_ngsl_general+ngsl_rank_1872+grade_estimate_7
unusual,1873,39,7,0,adj,tier1_ngsl_general+ngsl_rank_1873+grade_estimate_7
defend,1874,39,7,0,n,tier1_ngsl_general+ngsl_rank_1874+grade_estimate_7
classic,1875,39,7,0,adj,tier1_ngsl_general+ngsl_rank_1875+grade_estimate_7
collapse,1879,39,7,0,n,tier1_ngsl_general+ngsl_rank_1879+grade_estimate_7
borrow,1880,39,7,0,n,tier1_ngsl_general+ngsl_rank_1880+grade_estimate_7
fundamental,1881,39,7,0,adj,tier1_ngsl_general+ngsl_rank_1881+grade_estimate_7
abroad,1883,39,7,0,n,tier1_ngsl_general+ngsl_rank_1883+grade_estimate_7
soul,1884,39,7,0,n,tier1_ngsl_general+ngsl_rank_1884+grade_estimate_7
defeat,1886,39,7,0,n,tier1_ngsl_general+ngsl_rank_1886+grade_estimate_7
presidential,1887,39,7,0,adj,tier1_ngsl_general+ngsl_rank_1887+grade_estimate_7
perfectly,1888,39,7,0,adv,tier1_ngsl_general+ngsl_rank_1888+grade_estimate_7
enhance,1889,39,7,0,v,tier1_ngsl_general+ngsl_rank_1889+grade_estimate_7
proud,1890,39,7,0,n,tier1_ngsl_general+ngsl_rank_1890+grade_estimate_7
emergency,1891,39,7,0,n,tier1_ngsl_general+ngsl_rank_1891+grade_estimate_7
educational,1892,39,7,0,adj,tier1_ngsl_general+ngsl_rank_1892+grade_estimate_7
distinguish,1893,39,7,0,adj,tier1_ngsl_general+ngsl_rank_1893+grade_estimate_7
substantial,1894,39,7,0,adj,tier1_ngsl_general+ngsl_rank_1894+grade_estimate_7
nearby,1895,38,7,0,n,tier1_ngsl_general+ngsl_rank_1895+grade_estimate_7
manufacturer,1896,38,7,0,n,tier1_ngsl_general+ngsl_rank_1896+grade_estimate_7
breast,1900,38,7,0,n,tier1_ngsl_general+ngsl_rank_1900+grade_estimate_7
cope,1901,38,7,0,n,tier1_ngsl_general+ngsl_rank_1901+grade_estimate_7
approximately,1902,38,7,0,adv,tier1_ngsl_general+ngsl_rank_1902+grade_estimate_7
accommodation,1903,38,7,0,n,tier1_ngsl_general+ngsl_rank_1903+grade_estimate_7
highlight,1904,38,7,0,n,tier1_ngsl_general+ngsl_rank_1904+grade_estimate_7
reporter,1905,38,7,0,n,tier1_ngsl_general+ngsl_rank_1905+grade_estimate_7
exception,1908,38,7,0,n,tier1_ngsl_general+ngsl_rank_1908+grade_estimate_7
corporation,1909,38,7,0,n,tier1_ngsl_general+ngsl_rank_1909+grade_estimate_7
chip,1910,38,7,0,n,tier1_ngsl_general+ngsl_rank_1910+grade_estimate_7
winner,1911,38,7,0,n,tier1_ngsl_general+ngsl_rank_1911+grade_estimate_7
excuse,1915,38,7,0,n,tier1_ngsl_general+ngsl_rank_1915+grade_estimate_7
partly,1916,38,7,0,adv,tier1_ngsl_general+ngsl_rank_1916+grade_estimate_7
tennis,1917,38,7,0,n,tier1_ngsl_general+ngsl_rank_1917+grade_estimate_7
confuse,1919,38,7,0,n,tier1_ngsl_general+ngsl_rank_1919+grade_estimate_7
output,1921,38,7,0,n,tier1_ngsl_general+ngsl_rank_1921+grade_estimate_7
beauty,1922,38,7,0,n,tier1_ngsl_general+ngsl_rank_1922+grade_estimate_7
massive,1923,38,7,0,adj,tier1_ngsl_general+ngsl_rank_1923+grade_estimate_7
install,1924,38,7,0,n,tier1_ngsl_general+ngsl_rank_1924+grade_estimate_7
mouse,1926,38,7,0,n,tier1_ngsl_general+ngsl_rank_1926+grade_estimate_7
mathematics,1927,38,7,0,n,tier1_ngsl_general+ngsl_rank_1927+grade_estimate_7
upper,1928,38,7,0,n,tier1_ngsl_general+ngsl_rank_1928+grade_estimate_7
creation,1929,38,7,0,n,tier1_ngsl_general+ngsl_rank_1929+grade_estimate_7
occupy,1930,38,7,0,v,tier1_ngsl_general+ngsl_rank_1930+grade_estimate_7
outline,1931,38,7,0,n,tier1_ngsl_general+ngsl_rank_1931+grade_estimate_7
sufficient,1932,38,7,0,adj,tier1_ngsl_general+ngsl_rank_1932+grade_estimate_7
update,1933,38,7,0,v,tier1_ngsl_general+ngsl_rank_1933+grade_estimate_7
preserve,1935,38,7,0,n,tier1_ngsl_general+ngsl_rank_1935+grade_estimate_7
swing,1937,38,7,0,v,tier1_ngsl_general+ngsl_rank_1937+grade_estimate_7
illness,1938,38,7,0,n,tier1_ngsl_general+ngsl_rank_1938+grade_estimate_7
journalist,1939,38,7,0,n,tier1_ngsl_general+ngsl_rank_1939+grade_estimate_7
sudden,1940,38,7,0,v,tier1_ngsl_general+ngsl_rank_1940+grade_estimate_7
advertisement,1941,38,7,0,n,tier1_ngsl_general+ngsl_rank_1941+grade_estimate_7
consistent,1942,38,7,0,adj,tier1_ngsl_general+ngsl_rank_1942+grade_estimate_7
originally,1943,37,7,0,adv,tier1_ngsl_general+ngsl_rank_1943+grade_estimate_7
aside,1944,37,7,0,n,tier1_ngsl_general+ngsl_rank_1944+grade_estimate_7
comfort,1945,37,7,0,n,tier1_ngsl_general+ngsl_rank_1945+grade_estimate_7
secondly,1946,37,7,0,adv,tier1_ngsl_general+ngsl_rank_1946+grade_estimate_7
severe,1947,37,7,0,n,tier1_ngsl_general+ngsl_rank_1947+grade_estimate_7
gene,1948,37,7,0,n,tier1_ngsl_general+ngsl_rank_1948+grade_estimate_7
prospect,1949,37,7,0,n,tier1_ngsl_general+ngsl_rank_1949+grade_estimate_7
plot,1951,37,7,0,n,tier1_ngsl_general+ngsl_rank_1951+grade_estimate_7
primarily,1954,37,7,0,adv,tier1_ngsl_general+ngsl_rank_1954+grade_estimate_7
integrate,1955,37,7,0,v,tier1_ngsl_general+ngsl_rank_1955+grade_estimate_7
criticism,1956,37,7,0,n,tier1_ngsl_general+ngsl_rank_1956+grade_estimate_7
convention,1957,37,7,0,n,tier1_ngsl_general+ngsl_rank_1957+grade_estimate_7
bet,1958,37,7,0,n,tier1_ngsl_general+ngsl_rank_1958+grade_estimate_7
sequence,1960,37,7,0,n,tier1_ngsl_general+ngsl_rank_1960+grade_estimate_7
plain,1961,37,7,0,n,tier1_ngsl_general+ngsl_rank_1961+grade_estimate_7
abandon,1965,37,7,0,n,tier1_ngsl_general+ngsl_rank_1965+grade_estimate_7
examination,1966,37,7,0,n,tier1_ngsl_general+ngsl_rank_1966+grade_estimate_7
silence,1967,37,7,0,n,tier1_ngsl_general+ngsl_rank_1967+grade_estimate_7
efficient,1969,37,7,0,adj,tier1_ngsl_general+ngsl_rank_1969+grade_estimate_7
revolution,1970,36,7,0,n,tier1_ngsl_general+ngsl_rank_1970+grade_estimate_7
premise,1973,36,7,0,v,tier1_ngsl_general+ngsl_rank_1973+grade_estimate_7
lean,1974,36,7,0,n,tier1_ngsl_general+ngsl_rank_1974+grade_estimate_7
dramatic,1975,36,7,0,adj,tier1_ngsl_general+ngsl_rank_1975+grade_estimate_7
differ,1976,36,7,0,n,tier1_ngsl_general+ngsl_rank_1976+grade_estimate_7
protein,1978,36,7,0,n,tier1_ngsl_general+ngsl_rank_1978+grade_estimate_7
bike,1979,36,7,0,n,tier1_ngsl_general+ngsl_rank_1979+grade_estimate_7
distribute,1980,36,7,0,v,tier1_ngsl_general+ngsl_rank_1980+grade_estimate_7
intellectual,1981,36,7,0,adj,tier1_ngsl_general+ngsl_rank_1981+grade_estimate_7
derive,1982,36,7,0,v,tier1_ngsl_general+ngsl_rank_1982+grade_estimate_7
crucial,1983,36,7,0,adj,tier1_ngsl_general+ngsl_rank_1983+grade_estimate_7
crop,1986,36,7,0,n,tier1_ngsl_general+ngsl_rank_1986+grade_estimate_7
minority,1987,36,7,0,n,tier1_ngsl_general+ngsl_rank_1987+grade_estimate_7
interpretation,1989,36,7,0,n,tier1_ngsl_general+ngsl_rank_1989+grade_estimate_7
gentleman,1990,36,7,0,n,tier1_ngsl_general+ngsl_rank_1990+grade_estimate_7
educate,1993,36,7,0,v,tier1_ngsl_general+ngsl_rank_1993+grade_estimate_7
toy,1994,36,7,0,n,tier1_ngsl_general+ngsl_rank_1994+grade_estimate_7
exhibit,1996,36,7,0,n,tier1_ngsl_general+ngsl_rank_1996+grade_estimate_7
minor,1997,36,7,0,n,tier1_ngsl_general+ngsl_rank_1997+grade_estimate_7
hunt,1998,36,7,0,n,tier1_ngsl_general+ngsl_rank_1998+grade_estimate_7
achievement,2001,36,7,0,n,tier1_ngsl_general+ngsl_rank_2001+grade_estimate_7
negotiate,2002,36,7,0,v,tier1_ngsl_general+ngsl_rank_2002+grade_estimate_7
dominate,2003,36,7,0,v,tier1_ngsl_general+ngsl_rank_2003+grade_estimate_7
supplier,2004,36,7,0,n,tier1_ngsl_general+ngsl_rank_2004+grade_estimate_7
prize,2005,36,7,0,v,tier1_ngsl_general+ngsl_rank_2005+grade_estimate_7
typically,2006,36,7,0,adv,tier1_ngsl_general+ngsl_rank_2006+grade_estimate_7
peer,2007,36,7,0,n,tier1_ngsl_general+ngsl_rank_2007+grade_estimate_7
pension,2008,36,7,0,n,tier1_ngsl_general+ngsl_rank_2008+grade_estimate_7
wing,2009,36,7,0,v,tier1_ngsl_general+ngsl_rank_2009+grade_estimate_7
acquisition,2010,36,7,0,n,tier1_ngsl_general+ngsl_rank_2010+grade_estimate_7
deeply,2012,36,7,0,adv,tier1_ngsl_general+ngsl_rank_2012+grade_estimate_7
recognition,2013,35,7,0,n,tier1_ngsl_general+ngsl_rank_2013+grade_estimate_7
electricity,2014,35,7,0,n,tier1_ngsl_general+ngsl_rank_2014+grade_estimate_7
assistance,2015,35,7,0,n,tier1_ngsl_general+ngsl_rank_2015+grade_estimate_7
retirement,2017,35,7,0,n,tier1_ngsl_general+ngsl_rank_2017+grade_estimate_7
respectively,2018,35,7,0,adv,tier1_ngsl_general+ngsl_rank_2018+grade_estimate_7
variation,2019,35,7,0,n,tier1_ngsl_general+ngsl_rank_2019+grade_estimate_7
ultimately,2020,35,7,0,adv,tier1_ngsl_general+ngsl_rank_2020+grade_estimate_7
proof,2021,35,7,0,n,tier1_ngsl_general+ngsl_rank_2021+grade_estimate_7
smart,2023,35,7,0,n,tier1_ngsl_general+ngsl_rank_2023+grade_estimate_7
layer,2024,35,7,0,n,tier1_ngsl_general+ngsl_rank_2024+grade_estimate_7
upset,2025,35,7,0,n,tier1_ngsl_general+ngsl_rank_2025+grade_estimate_7
representation,2027,35,7,0,n,tier1_ngsl_general+ngsl_rank_2027+grade_estimate_7
preparation,2028,35,7,0,n,tier1_ngsl_general+ngsl_rank_2028+grade_estimate_7
dispute,2029,35,7,0,n,tier1_ngsl_general+ngsl_rank_2029+grade_estimate_7
agenda,2030,35,7,0,n,tier1_ngsl_general+ngsl_rank_2030+grade_estimate_7
emphasis,2031,35,7,0,n,tier1_ngsl_general+ngsl_rank_2031+grade_estimate_7
edition,2032,35,7,0,n,tier1_ngsl_general+ngsl_rank_2032+grade_estimate_7
silver,2033,35,7,0,n,tier1_ngsl_general+ngsl_rank_2033+grade_estimate_7
entertainment,2034,35,7,0,n,tier1_ngsl_general+ngsl_rank_2034+grade_estimate_7
honest,2035,35,7,0,n,tier1_ngsl_general+ngsl_rank_2035+grade_estimate_7
undertake,2036,35,7,0,n,tier1_ngsl_general+ngsl_rank_2036+grade_estimate_7
retail,2037,35,7,0,n,tier1_ngsl_general+ngsl_rank_2037+grade_estimate_7
unlikely,2039,35,7,0,adv,tier1_ngsl_general+ngsl_rank_2039+grade_estimate_7
gay,2040,35,7,0,n,tier1_ngsl_general+ngsl_rank_2040+grade_estimate_7
publication,2041,35,7,0,n,tier1_ngsl_general+ngsl_rank_2041+grade_estimate_7
slight,2042,35,7,0,n,tier1_ngsl_general+ngsl_rank_2042+grade_estimate_7
unknown,2043,35,7,0,n,tier1_ngsl_general+ngsl_rank_2043+grade_estimate_7
framework,2044,35,7,0,n,tier1_ngsl_general+ngsl_rank_2044+grade_estimate_7
zone,2045,35,7,0,n,tier1_ngsl_general+ngsl_rank_2045+grade_estimate_7
restrict,2046,35,7,0,v,tier1_ngsl_general+ngsl_rank_2046+grade_estimate_7
inch,2048,35,7,0,n,tier1_ngsl_general+ngsl_rank_2048+grade_estimate_7
equivalent,2049,35,7,0,adj,tier1_ngsl_general+ngsl_rank_2049+grade_estimate_7
enterprise,2051,35,7,0,v,tier1_ngsl_general+ngsl_rank_2051+grade_estimate_7
elderly,2052,35,7,0,adv,tier1_ngsl_general+ngsl_rank_2052+grade_estimate_7
owe,2053,35,7,0,n,tier1_ngsl_general+ngsl_rank_2053+grade_estimate_7
governor,2054,35,7,0,n,tier1_ngsl_general+ngsl_rank_2054+grade_estimate_7
pitch,2057,34,7,0,n,tier1_ngsl_general+ngsl_rank_2057+grade_estimate_7
arrival,2058,34,7,0,adj,tier1_ngsl_general+ngsl_rank_2058+grade_estimate_7
contemporary,2059,34,7,0,adj,tier1_ngsl_general+ngsl_rank_2059+grade_estimate_7
gate,2060,34,7,0,v,tier1_ngsl_general+ngsl_rank_2060+grade_estimate_7
ease,2061,34,7,0,n,tier1_ngsl_general+ngsl_rank_2061+grade_estimate_7
beer,2062,34,7,0,n,tier1_ngsl_general+ngsl_rank_2062+grade_estimate_7
specialist,2063,34,7,0,n,tier1_ngsl_general+ngsl_rank_2063+grade_estimate_7
profile,2065,34,7,0,n,tier1_ngsl_general+ngsl_rank_2065+grade_estimate_7
mood,2066,34,7,0,n,tier1_ngsl_general+ngsl_rank_2066+grade_estimate_7
episode,2067,34,7,0,n,tier1_ngsl_general+ngsl_rank_2067+grade_estimate_7
crack,2068,34,7,0,n,tier1_ngsl_general+ngsl_rank_2068+grade_estimate_7
numerous,2069,34,7,0,adj,tier1_ngsl_general+ngsl_rank_2069+grade_estimate_7
submit,2070,34,7,0,n,tier1_ngsl_general+ngsl_rank_2070+grade_estimate_7
symptom,2071,34,7,0,n,tier1_ngsl_general+ngsl_rank_2071+grade_estimate_7
virtually,2072,34,7,0,adv,tier1_ngsl_general+ngsl_rank_2072+grade_estimate_7
era,2073,34,7,0,n,tier1_ngsl_general+ngsl_rank_2073+grade_estimate_7
coverage,2074,34,7,0,n,tier1_ngsl_general+ngsl_rank_2074+grade_estimate_7
tension,2075,34,7,0,n,tier1_ngsl_general+ngsl_rank_2075+grade_estimate_7
sensitive,2077,34,7,0,adj,tier1_ngsl_general+ngsl_rank_2077+grade_estimate_7
input,2079,34,7,0,n,tier1_ngsl_general+ngsl_rank_2079+grade_estimate_7
isolate,2080,34,7,0,v,tier1_ngsl_general+ngsl_rank_2080+grade_estimate_7
prisoner,2081,34,7,0,n,tier1_ngsl_general+ngsl_rank_2081+grade_estimate_7
eliminate,2082,34,7,0,v,tier1_ngsl_general+ngsl_rank_2082+grade_estimate_7
secondary,2085,34,7,0,adj,tier1_ngsl_general+ngsl_rank_2085+grade_estimate_7
welfare,2086,34,7,0,n,tier1_ngsl_general+ngsl_rank_2086+grade_estimate_7
recruit,2087,34,7,0,n,tier1_ngsl_general+ngsl_rank_2087+grade_estimate_7
exclude,2088,34,7,0,v,tier1_ngsl_general+ngsl_rank_2088+grade_estimate_7
persuade,2091,33,7,0,n,tier1_ngsl_general+ngsl_rank_2091+grade_estimate_7
inspire,2092,33,7,0,n,tier1_ngsl_general+ngsl_rank_2092+grade_estimate_7
hence,2094,33,7,0,n,tier1_ngsl_general+ngsl_rank_2094+grade_estimate_7
phenomenon,2096,33,7,0,n,tier1_ngsl_general+ngsl_rank_2096+grade_estimate_7
false,2098,33,7,0,n,tier1_ngsl_general+ngsl_rank_2098+grade_estimate_7
assist,2099,33,7,0,n,tier1_ngsl_general+ngsl_rank_2099+grade_estimate_7
restore,2100,33,7,0,n,tier1_ngsl_general+ngsl_rank_2100+grade_estimate_7
alter,2102,33,7,0,n,tier1_ngsl_general+ngsl_rank_2102+grade_estimate_7
perceive,2103,33,7,0,adj,tier1_ngsl_general+ngsl_rank_2103+grade_estimate_7
routine,2104,33,7,0,n,tier1_ngsl_general+ngsl_rank_2104+grade_estimate_7
stare,2106,33,7,0,n,tier1_ngsl_general+ngsl_rank_2106+grade_estimate_7
anymore,2107,33,7,0,n,tier1_ngsl_general+ngsl_rank_2107+grade_estimate_7
supporter,2109,33,7,0,n,tier1_ngsl_general+ngsl_rank_2109+grade_estimate_7
convert,2110,33,7,0,n,tier1_ngsl_general+ngsl_rank_2110+grade_estimate_7
steady,2111,33,7,0,n,tier1_ngsl_general+ngsl_rank_2111+grade_estimate_7
meter,2112,33,7,0,n,tier1_ngsl_general+ngsl_rank_2112+grade_estimate_7
disaster,2117,33,7,0,n,tier1_ngsl_general+ngsl_rank_2117+grade_estimate_7
pace,2118,33,7,0,n,tier1_ngsl_general+ngsl_rank_2118+grade_estimate_7
heavily,2119,33,7,0,adv,tier1_ngsl_general+ngsl_rank_2119+grade_estimate_7
devote,2120,33,7,0,n,tier1_ngsl_general+ngsl_rank_2120+grade_estimate_7
terrorist,2121,33,7,0,n,tier1_ngsl_general+ngsl_rank_2121+grade_estimate_7
justify,2122,33,7,0,v,tier1_ngsl_general+ngsl_rank_2122+grade_estimate_7
vital,2123,33,7,0,adj,tier1_ngsl_general+ngsl_rank_2123+grade_estimate_7
fascinate,2124,33,7,0,v,tier1_ngsl_general+ngsl_rank_2124+grade_estimate_7
spare,2126,33,7,0,n,tier1_ngsl_general+ngsl_rank_2126+grade_estimate_7
whenever,2127,33,7,0,n,tier1_ngsl_general+ngsl_rank_2127+grade_estimate_7
underlie,2130,33,7,0,n,tier1_ngsl_general+ngsl_rank_2130+grade_estimate_7
distinction,2132,33,7,0,n,tier1_ngsl_general+ngsl_rank_2132+grade_estimate_7
satisfaction,2133,33,7,0,n,tier1_ngsl_general+ngsl_rank_2133+grade_estimate_7
incorporate,2134,33,7,0,v,tier1_ngsl_general+ngsl_rank_2134+grade_estimate_7
pour,2135,33,7,0,n,tier1_ngsl_general+ngsl_rank_2135+grade_estimate_7
sweep,2136,33,7,0,n,tier1_ngsl_general+ngsl_rank_2136+grade_estimate_7
obligation,2137,33,7,0,n,tier1_ngsl_general+ngsl_rank_2137+grade_estimate_7
evaluate,2139,32,7,0,v,tier1_ngsl_general+ngsl_rank_2139+grade_estimate_7
anger,2140,32,7,0,n,tier1_ngsl_general+ngsl_rank_2140+grade_estimate_7
pub,2141,32,7,0,n,tier1_ngsl_general+ngsl_rank_2141+grade_estimate_7
perception,2142,32,7,0,n,tier1_ngsl_general+ngsl_rank_2142+grade_estimate_7
naturally,2143,32,7,0,adv,tier1_ngsl_general+ngsl_rank_2143+grade_estimate_7
currency,2144,32,7,0,n,tier1_ngsl_general+ngsl_rank_2144+grade_estimate_7
database,2145,32,7,0,n,tier1_ngsl_general+ngsl_rank_2145+grade_estimate_7
initially,2146,32,7,0,adv,tier1_ngsl_general+ngsl_rank_2146+grade_estimate_7
territory,2147,32,7,0,n,tier1_ngsl_general+ngsl_rank_2147+grade_estimate_7
rarely,2149,32,7,0,adv,tier1_ngsl_general+ngsl_rank_2149+grade_estimate_7
apparent,2151,32,7,0,adj,tier1_ngsl_general+ngsl_rank_2151+grade_estimate_7
expansion,2153,32,7,0,n,tier1_ngsl_general+ngsl_rank_2153+grade_estimate_7
constantly,2154,32,7,0,adv,tier1_ngsl_general+ngsl_rank_2154+grade_estimate_7
muscle,2155,32,7,0,n,tier1_ngsl_general+ngsl_rank_2155+grade_estimate_7
scare,2156,32,7,0,n,tier1_ngsl_general+ngsl_rank_2156+grade_estimate_7
everyday,2158,32,7,0,n,tier1_ngsl_general+ngsl_rank_2158+grade_estimate_7
boundary,2159,32,7,0,adj,tier1_ngsl_general+ngsl_rank_2159+grade_estimate_7
ratio,2160,32,7,0,n,tier1_ngsl_general+ngsl_rank_2160+grade_estimate_7
essay,2161,32,7,0,n,tier1_ngsl_general+ngsl_rank_2161+grade_estimate_7
withdraw,2163,32,7,0,n,tier1_ngsl_general+ngsl_rank_2163+grade_estimate_7
disorder,2165,32,7,0,n,tier1_ngsl_general+ngsl_rank_2165+grade_estimate_7
apartment,2168,32,7,0,n,tier1_ngsl_general+ngsl_rank_2168+grade_estimate_7
demonstration,2169,32,7,0,n,tier1_ngsl_general+ngsl_rank_2169+grade_estimate_7
analyst,2170,32,7,0,n,tier1_ngsl_general+ngsl_rank_2170+grade_estimate_7
platform,2171,32,7,0,n,tier1_ngsl_general+ngsl_rank_2171+grade_estimate_7
cake,2173,32,7,0,n,tier1_ngsl_general+ngsl_rank_2173+grade_estimate_7
transform,2174,32,7,0,n,tier1_ngsl_general+ngsl_rank_2174+grade_estimate_7
restriction,2176,31,7,0,n,tier1_ngsl_general+ngsl_rank_2176+grade_estimate_7
foundation,2177,31,7,0,n,tier1_ngsl_general+ngsl_rank_2177+grade_estimate_7
designer,2178,31,7,0,n,tier1_ngsl_general+ngsl_rank_2178+grade_estimate_7
strain,2179,31,7,0,n,tier1_ngsl_general+ngsl_rank_2179+grade_estimate_7
innovation,2180,31,7,0,n,tier1_ngsl_general+ngsl_rank_2180+grade_estimate_7
album,2181,31,7,0,n,tier1_ngsl_general+ngsl_rank_2181+grade_estimate_7
trail,2183,31,7,0,n,tier1_ngsl_general+ngsl_rank_2183+grade_estimate_7
trap,2184,31,7,0,n,tier1_ngsl_general+ngsl_rank_2184+grade_estimate_7
extension,2186,31,7,0,n,tier1_ngsl_general+ngsl_rank_2186+grade_estimate_7
wealth,2187,31,7,0,n,tier1_ngsl_general+ngsl_rank_2187+grade_estimate_7
gradually,2188,31,7,0,adv,tier1_ngsl_general+ngsl_rank_2188+grade_estimate_7
tank,2189,31,7,0,n,tier1_ngsl_general+ngsl_rank_2189+grade_estimate_7
tune,2192,31,7,0,n,tier1_ngsl_general+ngsl_rank_2192+grade_estimate_7
transition,2195,31,7,0,n,tier1_ngsl_general+ngsl_rank_2195+grade_estimate_7
frighten,2196,31,7,0,v,tier1_ngsl_general+ngsl_rank_2196+grade_estimate_7
bid,2197,31,7,0,n,tier1_ngsl_general+ngsl_rank_2197+grade_estimate_7
breed,2198,31,7,0,v,tier1_ngsl_general+ngsl_rank_2198+grade_estimate_7
extraordinary,2199,31,7,0,adj,tier1_ngsl_general+ngsl_rank_2199+grade_estimate_7
epidemic,651,21,8,1,adj,tier2_nawl_academic+nawl_rank_651+grade_estimate_8
inversion,652,20,8,1,n,tier2_nawl_academic+nawl_rank_652+grade_estimate_8
irrelevant,653,20,8,1,adj,tier2_nawl_academic+nawl_rank_653+grade_estimate_8
mechanic,654,20,8,1,adj,tier2_nawl_academic+nawl_rank_654+grade_estimate_8
epidemiology,655,20,8,1,n,tier2_nawl_academic+nawl_rank_655+grade_estimate_8
dissolve,656,20,8,1,n,tier2_nawl_academic+nawl_rank_656+grade_estimate_8
fatigue,657,20,8,1,n,tier2_nawl_academic+nawl_rank_657+grade_estimate_8
nonetheless,658,20,8,1,adj,tier2_nawl_academic+nawl_rank_658+grade_estimate_8
infectious,660,20,8,1,adj,tier2_nawl_academic+nawl_rank_660+grade_estimate_8
individually,661,20,8,1,adv,tier2_nawl_academic+nawl_rank_661+grade_estimate_8
psychologist,662,20,8,1,n,tier2_nawl_academic+nawl_rank_662+grade_estimate_8
trans,663,20,8,1,n,tier2_nawl_academic+nawl_rank_663+grade_estimate_8
irrigation,664,20,8,1,n,tier2_nawl_academic+nawl_rank_664+grade_estimate_8
diary,665,19,8,1,adj,tier2_nawl_academic+nawl_rank_665+grade_estimate_8
treaty,666,19,8,1,n,tier2_nawl_academic+nawl_rank_666+grade_estimate_8
rehabilitation,667,19,8,1,n,tier2_nawl_academic+nawl_rank_667+grade_estimate_8
optimum,670,19,8,1,n,tier2_nawl_academic+nawl_rank_670+grade_estimate_8
paradox,672,19,8,1,n,tier2_nawl_academic+nawl_rank_672+grade_estimate_8
kidney,673,19,8,1,n,tier2_nawl_academic+nawl_rank_673+grade_estimate_8
predator,674,19,8,1,n,tier2_nawl_academic+nawl_rank_674+grade_estimate_8
infinity,676,19,8,1,n,tier2_nawl_academic+nawl_rank_676+grade_estimate_8
shallow,677,19,8,1,n,tier2_nawl_academic+nawl_rank_677+grade_estimate_8
fundamentally,678,18,8,1,adv,tier2_nawl_academic+nawl_rank_678+grade_estimate_8
synthetic,679,18,8,1,adj,tier2_nawl_academic+nawl_rank_679+grade_estimate_8
hepatitis,681,18,8,1,n,tier2_nawl_academic+nawl_rank_681+grade_estimate_8
ton,682,18,8,1,n,tier2_nawl_academic+nawl_rank_682+grade_estimate_8
cure,686,18,8,1,n,tier2_nawl_academic+nawl_rank_686+grade_estimate_8
contradictory,687,18,8,1,adj,tier2_nawl_academic+nawl_rank_687+grade_estimate_8
sensation,688,18,8,1,n,tier2_nawl_academic+nawl_rank_688+grade_estimate_8
sustainable,689,18,8,1,adj,tier2_nawl_academic+nawl_rank_689+grade_estimate_8
elastic,690,18,8,1,adj,tier2_nawl_academic+nawl_rank_690+grade_estimate_8
machinery,691,18,8,1,n,tier2_nawl_academic+nawl_rank_691+grade_estimate_8
dictate,692,18,8,1,v,tier2_nawl_academic+nawl_rank_692+grade_estimate_8
vitamin,693,17,8,1,n,tier2_nawl_academic+nawl_rank_693+grade_estimate_8
incline,694,17,8,1,n,tier2_nawl_academic+nawl_rank_694+grade_estimate_8
enforcement,696,17,8,1,adj,tier2_nawl_academic+nawl_rank_696+grade_estimate_8
cyclic,697,17,8,1,adj,tier2_nawl_academic+nawl_rank_697+grade_estimate_8
friction,700,17,8,1,n,tier2_nawl_academic+nawl_rank_700+grade_estimate_8
parenthesis,701,17,8,1,n,tier2_nawl_academic+nawl_rank_701+grade_estimate_8
noble,702,17,8,1,n,tier2_nawl_academic+nawl_rank_702+grade_estimate_8
potassium,703,17,8,1,n,tier2_nawl_academic+nawl_rank_703+grade_estimate_8
reactive,704,17,8,1,adj,tier2_nawl_academic+nawl_rank_704+grade_estimate_8
genetically,705,17,8,1,adv,tier2_nawl_academic+nawl_rank_705+grade_estimate_8
bacteria,706,17,8,1,n,tier2_nawl_academic+nawl_rank_706+grade_estimate_8
wisdom,707,17,8,1,n,tier2_nawl_academic+nawl_rank_707+grade_estimate_8
crude,708,17,8,1,adj,tier2_nawl_academic+nawl_rank_708+grade_estimate_8
realism,709,17,8,1,n,tier2_nawl_academic+nawl_rank_709+grade_estimate_8
deliberately,710,17,8,1,adv,tier2_nawl_academic+nawl_rank_710+grade_estimate_8
chemotherapy,711,17,8,1,n,tier2_nawl_academic+nawl_rank_711+grade_estimate_8
surplus,712,17,8,1,n,tier2_nawl_academic+nawl_rank_712+grade_estimate_8
capillary,713,17,8,1,adj,tier2_nawl_academic+nawl_rank_713+grade_estimate_8
directive,714,17,8,1,adj,tier2_nawl_academic+nawl_rank_714+grade_estimate_8
globalization,715,17,8,1,n,tier2_nawl_academic+nawl_rank_715+grade_estimate_8
alien,716,16,8,1,v,tier2_nawl_academic+nawl_rank_716+grade_estimate_8
portfolio,717,16,8,1,n,tier2_nawl_academic+nawl_rank_717+grade_estimate_8
monopoly,718,16,8,1,adv,tier2_nawl_academic+nawl_rank_718+grade_estimate_8
lifestyle,719,16,8,1,n,tier2_nawl_academic+nawl_rank_719+grade_estimate_8
invert,720,16,8,1,n,tier2_nawl_academic+nawl_rank_720+grade_estimate_8
thread,721,16,8,1,n,tier2_nawl_academic+nawl_rank_721+grade_estimate_8
dye,723,16,8,1,n,tier2_nawl_academic+nawl_rank_723+grade_estimate_8
transcribe,724,16,8,1,n,tier2_nawl_academic+nawl_rank_724+grade_estimate_8
dilute,725,16,8,1,n,tier2_nawl_academic+nawl_rank_725+grade_estimate_8
tribe,726,16,8,1,n,tier2_nawl_academic+nawl_rank_726+grade_estimate_8
damp,727,16,8,1,n,tier2_nawl_academic+nawl_rank_727+grade_estimate_8
economically,728,16,8,1,adv,tier2_nawl_academic+nawl_rank_728+grade_estimate_8
critically,729,15,8,1,adv,tier2_nawl_academic+nawl_rank_729+grade_estimate_8
secrete,730,15,8,1,n,tier2_nawl_academic+nawl_rank_730+grade_estimate_8
hip,731,15,8,1,n,tier2_nawl_academic+nawl_rank_731+grade_estimate_8
plantation,732,15,8,1,n,tier2_nawl_academic+nawl_rank_732+grade_estimate_8
prejudice,733,15,8,1,n,tier2_nawl_academic+nawl_rank_733+grade_estimate_8
onwards,734,15,8,1,n,tier2_nawl_academic+nawl_rank_734+grade_estimate_8
anti,735,15,8,1,n,tier2_nawl_academic+nawl_rank_735+grade_estimate_8
helix,736,15,8,1,n,tier2_nawl_academic+nawl_rank_736+grade_estimate_8
interrupt,737,15,8,1,n,tier2_nawl_academic+nawl_rank_737+grade_estimate_8
domination,738,15,8,1,n,tier2_nawl_academic+nawl_rank_738+grade_estimate_8
undergraduate,739,15,8,1,v,tier2_nawl_academic+nawl_rank_739+grade_estimate_8
soluble,740,15,8,1,n,tier2_nawl_academic+nawl_rank_740+grade_estimate_8
innate,741,14,8,1,v,tier2_nawl_academic+nawl_rank_741+grade_estimate_8
dioxide,742,14,8,1,n,tier2_nawl_academic+nawl_rank_742+grade_estimate_8
goat,743,14,8,1,n,tier2_nawl_academic+nawl_rank_743+grade_estimate_8
emit,744,14,8,1,n,tier2_nawl_academic+nawl_rank_744+grade_estimate_8
confound,745,14,8,1,n,tier2_nawl_academic+nawl_rank_745+grade_estimate_8
competent,746,14,8,1,adj,tier2_nawl_academic+nawl_rank_746+grade_estimate_8
degrade,747,14,8,1,n,tier2_nawl_academic+nawl_rank_747+grade_estimate_8
layout,748,14,8,1,n,tier2_nawl_academic+nawl_rank_748+grade_estimate_8
fabric,749,14,8,1,adj,tier2_nawl_academic+nawl_rank_749+grade_estimate_8
container,750,14,8,1,n,tier2_nawl_academic+nawl_rank_750+grade_estimate_8
reservoir,752,14,8,1,n,tier2_nawl_academic+nawl_rank_752+grade_estimate_8
footnote,753,14,8,1,n,tier2_nawl_academic+nawl_rank_753+grade_estimate_8
bodily,754,14,8,1,adv,tier2_nawl_academic+nawl_rank_754+grade_estimate_8
niche,755,14,8,1,n,tier2_nawl_academic+nawl_rank_755+grade_estimate_8
vague,756,14,8,1,adj,tier2_nawl_academic+nawl_rank_756+grade_estimate_8
affirm,757,14,8,1,n,tier2_nawl_academic+nawl_rank_757+grade_estimate_8
urine,758,13,8,1,n,tier2_nawl_academic+nawl_rank_758+grade_estimate_8
afterward,759,13,8,1,n,tier2_nawl_academic+nawl_rank_759+grade_estimate_8
jazz,760,13,8,1,n,tier2_nawl_academic+nawl_rank_760+grade_estimate_8
antiquity,761,13,8,1,n,tier2_nawl_academic+nawl_rank_761+grade_estimate_8
unemployed,762,13,8,1,v,tier2_nawl_academic+nawl_rank_762+grade_estimate_8
toxic,763,13,8,1,adj,tier2_nawl_academic+nawl_rank_763+grade_estimate_8
yeast,764,13,8,1,n,tier2_nawl_academic+nawl_rank_764+grade_estimate_8
forum,766,13,8,1,n,tier2_nawl_academic+nawl_rank_766+grade_estimate_8
bleed,767,13,8,1,v,tier2_nawl_academic+nawl_rank_767+grade_estimate_8
overhead,768,13,8,1,n,tier2_nawl_academic+nawl_rank_768+grade_estimate_8
republic,769,13,8,1,adj,tier2_nawl_academic+nawl_rank_769+grade_estimate_8
processor,770,13,8,1,n,tier2_nawl_academic+nawl_rank_770+grade_estimate_8
audit,772,13,8,1,n,tier2_nawl_academic+nawl_rank_772+grade_estimate_8
comply,772,13,8,1,adv,tier2_nawl_academic+nawl_rank_772+grade_estimate_8
legend,774,13,8,1,n,tier2_nawl_academic+nawl_rank_774+grade_estimate_8
slot,775,12,8,1,n,tier2_nawl_academic+nawl_rank_775+grade_estimate_8
drain,776,12,8,1,n,tier2_nawl_academic+nawl_rank_776+grade_estimate_8
abdominal,777,12,8,1,adj,tier2_nawl_academic+nawl_rank_777+grade_estimate_8
media,778,12,8,1,n,tier2_nawl_academic+nawl_rank_778+grade_estimate_8
tempt,779,12,8,1,n,tier2_nawl_academic+nawl_rank_779+grade_estimate_8
outlet,780,12,8,1,n,tier2_nawl_academic+nawl_rank_780+grade_estimate_8
precipitation,781,12,8,1,n,tier2_nawl_academic+nawl_rank_781+grade_estimate_8
founds,782,12,8,1,n,tier2_nawl_academic+nawl_rank_782+grade_estimate_8
invade,783,12,8,1,n,tier2_nawl_academic+nawl_rank_783+grade_estimate_8
interviewer,784,12,8,1,n,tier2_nawl_academic+nawl_rank_784+grade_estimate_8
planner,786,12,8,1,n,tier2_nawl_academic+nawl_rank_786+grade_estimate_8
supposedly,787,12,8,1,adv,tier2_nawl_academic+nawl_rank_787+grade_estimate_8
gut,788,12,8,1,n,tier2_nawl_academic+nawl_rank_788+grade_estimate_8
swell,789,12,8,1,n,tier2_nawl_academic+nawl_rank_789+grade_estimate_8
emperor,790,12,8,1,n,tier2_nawl_academic+nawl_rank_790+grade_estimate_8
altitude,791,12,8,1,n,tier2_nawl_academic+nawl_rank_791+grade_estimate_8
gauge,792,12,8,1,n,tier2_nawl_academic+nawl_rank_792+grade_estimate_8
transparency,793,12,8,1,n,tier2_nawl_academic+nawl_rank_793+grade_estimate_8
sub,794,12,8,1,n,tier2_nawl_academic+nawl_rank_794+grade_estimate_8
chloride,796,11,8,1,n,tier2_nawl_academic+nawl_rank_796+grade_estimate_8
sensible,797,11,8,1,adj,tier2_nawl_academic+nawl_rank_797+grade_estimate_8
weave,798,11,8,1,n,tier2_nawl_academic+nawl_rank_798+grade_estimate_8
destination,799,11,8,1,n,tier2_nawl_academic+nawl_rank_799+grade_estimate_8
precipitate,800,11,8,1,v,tier2_nawl_academic+nawl_rank_800+grade_estimate_8
industrialization,802,11,8,1,n,tier2_nawl_academic+nawl_rank_802+grade_estimate_8
lab,803,11,8,1,n,tier2_nawl_academic+nawl_rank_803+grade_estimate_8
seminar,804,11,8,1,n,tier2_nawl_academic+nawl_rank_804+grade_estimate_8
conduction,806,11,8,1,n,tier2_nawl_academic+nawl_rank_806+grade_estimate_8
audio,807,11,8,1,n,tier2_nawl_academic+nawl_rank_807+grade_estimate_8
facet,809,11,8,1,n,tier2_nawl_academic+nawl_rank_809+grade_estimate_8
splice,810,10,8,1,n,tier2_nawl_academic+nawl_rank_810+grade_estimate_8
incumbent,811,10,8,1,adj,tier2_nawl_academic+nawl_rank_811+grade_estimate_8
biodiversity,812,10,8,1,n,tier2_nawl_academic+nawl_rank_812+grade_estimate_8
chunk,813,10,8,1,n,tier2_nawl_academic+nawl_rank_813+grade_estimate_8
credibility,814,10,8,1,n,tier2_nawl_academic+nawl_rank_814+grade_estimate_8
tutor,815,10,8,1,n,tier2_nawl_academic+nawl_rank_815+grade_estimate_8
super,816,10,8,1,n,tier2_nawl_academic+nawl_rank_816+grade_estimate_8
fin,817,10,8,1,n,tier2_nawl_academic+nawl_rank_817+grade_estimate_8
aluminum,818,10,8,1,n,tier2_nawl_academic+nawl_rank_818+grade_estimate_8
liable,820,10,8,1,adj,tier2_nawl_academic+nawl_rank_820+grade_estimate_8
pesticide,822,9,8,1,n,tier2_nawl_academic+nawl_rank_822+grade_estimate_8
technically,823,9,8,1,adv,tier2_nawl_academic+nawl_rank_823+grade_estimate_8
criteria,824,9,8,1,n,tier2_ngsl_nawl_overlap+ngsl_rank_1953+nawl_rank_824+grade_estimate_8
fringe,825,9,8,1,n,tier2_nawl_academic+nawl_rank_825+grade_estimate_8
messenger,826,9,8,1,n,tier2_nawl_academic+nawl_rank_826+grade_estimate_8
biologist,827,9,8,1,n,tier2_nawl_academic+nawl_rank_827+grade_estimate_8
connotation,828,9,8,1,n,tier2_nawl_academic+nawl_rank_828+grade_estimate_8
tremendous,830,9,8,1,adj,tier2_nawl_academic+nawl_rank_830+grade_estimate_8
snake,831,9,8,1,n,tier2_nawl_academic+nawl_rank_831+grade_estimate_8
flesh,832,9,8,1,n,tier2_nawl_academic+nawl_rank_832+grade_estimate_8
marrow,834,9,8,1,n,tier2_nawl_academic+nawl_rank_834+grade_estimate_8
instinct,836,9,8,1,n,tier2_nawl_academic+nawl_rank_836+grade_estimate_8
industrialize,837,8,8,1,v,tier2_nawl_academic+nawl_rank_837+grade_estimate_8
stripe,839,8,8,1,n,tier2_nawl_academic+nawl_rank_839+grade_estimate_8
junior,840,8,8,1,n,tier2_nawl_academic+nawl_rank_840+grade_estimate_8
solvent,841,8,8,1,adj,tier2_nawl_academic+nawl_rank_841+grade_estimate_8
slab,843,8,8,1,n,tier2_nawl_academic+nawl_rank_843+grade_estimate_8
click,844,8,8,1,n,tier2_ngsl_nawl_overlap+ngsl_rank_2514+nawl_rank_844+grade_estimate_8
hedge,845,8,8,1,n,tier2_nawl_academic+nawl_rank_845+grade_estimate_8
spray,846,8,8,1,n,tier2_nawl_academic+nawl_rank_846+grade_estimate_8
cinema,847,8,8,1,n,tier2_nawl_academic+nawl_rank_847+grade_estimate_8
plug,848,8,8,1,n,tier2_nawl_academic+nawl_rank_848+grade_estimate_8
naked,849,7,8,1,v,tier2_nawl_academic+nawl_rank_849+grade_estimate_8
indifference,850,7,8,1,n,tier2_nawl_academic+nawl_rank_850+grade_estimate_8
erase,851,7,8,1,n,tier2_nawl_academic+nawl_rank_851+grade_estimate_8
powder,852,7,8,1,n,tier2_nawl_academic+nawl_rank_852+grade_estimate_8
micro,853,7,8,1,n,tier2_nawl_academic+nawl_rank_853+grade_estimate_8
clip,854,7,8,1,n,tier2_nawl_academic+nawl_rank_854+grade_estimate_8
solute,855,7,8,1,n,tier2_nawl_academic+nawl_rank_855+grade_estimate_8
dissection,856,7,8,1,n,tier2_nawl_academic+nawl_rank_856+grade_estimate_8
censor,857,7,8,1,n,tier2_nawl_academic+nawl_rank_857+grade_estimate_8
portrayal,858,7,8,1,adj,tier2_nawl_academic+nawl_rank_858+grade_estimate_8
statistics,859,6,8,1,n,tier2_nawl_academic+nawl_rank_859+grade_estimate_8
thumb,860,6,8,1,n,tier2_nawl_academic+nawl_rank_860+grade_estimate_8
acidic,861,6,8,1,adj,tier2_nawl_academic+nawl_rank_861+grade_estimate_8
uplift,862,6,8,1,n,tier2_nawl_academic+nawl_rank_862+grade_estimate_8
flip,863,6,8,1,n,tier2_nawl_academic+nawl_rank_863+grade_estimate_8
congruent,864,6,8,1,adj,tier2_nawl_academic+nawl_rank_864+grade_estimate_8
parcel,865,6,8,1,n,tier2_nawl_academic+nawl_rank_865+grade_estimate_8
lecturer,866,6,8,1,n,tier2_nawl_academic+nawl_rank_866+grade_estimate_8
poster,868,6,8,1,n,tier2_nawl_academic+nawl_rank_868+grade_estimate_8
photographic,870,6,8,1,adj,tier2_nawl_academic+nawl_rank_870+grade_estimate_8
auction,871,6,8,1,n,tier2_nawl_academic+nawl_rank_871+grade_estimate_8
mentor,873,6,8,1,n,tier2_nawl_academic+nawl_rank_873+grade_estimate_8
lump,875,6,8,1,n,tier2_nawl_academic+nawl_rank_875+grade_estimate_8
watershed,877,6,8,1,v,tier2_nawl_academic+nawl_rank_877+grade_estimate_8
oxidize,879,5,8,1,v,tier2_nawl_academic+nawl_rank_879+grade_estimate_8
mercury,880,5,8,1,n,tier2_nawl_academic+nawl_rank_880+grade_estimate_8
noisy,881,5,8,1,n,tier2_nawl_academic+nawl_rank_881+grade_estimate_8
headquarters,882,5,8,1,n,tier2_nawl_academic+nawl_rank_882+grade_estimate_8
phenomenal,883,5,8,1,adj,tier2_nawl_academic+nawl_rank_883+grade_estimate_8
multinational,884,5,8,1,adj,tier2_nawl_academic+nawl_rank_884+grade_estimate_8
comma,885,5,8,1,n,tier2_nawl_academic+nawl_rank_885+grade_estimate_8
bizarre,886,5,8,1,n,tier2_nawl_academic+nawl_rank_886+grade_estimate_8
specialty,887,5,8,1,n,tier2_nawl_academic+nawl_rank_887+grade_estimate_8
socialize,888,5,8,1,v,tier2_nawl_academic+nawl_rank_888+grade_estimate_8
enormously,889,5,8,1,adv,tier2_nawl_academic+nawl_rank_889+grade_estimate_8
novice,889,5,8,1,n,tier2_nawl_academic+nawl_rank_889+grade_estimate_8
campus,892,5,8,1,n,tier2_nawl_academic+nawl_rank_892+grade_estimate_8
clever,893,5,8,1,n,tier2_nawl_academic+nawl_rank_893+grade_estimate_8
mole,894,5,8,1,n,tier2_nawl_academic+nawl_rank_894+grade_estimate_8
sometime,895,5,8,1,n,tier2_nawl_academic+nawl_rank_895+grade_estimate_8
swap,897,5,8,1,n,tier2_nawl_academic+nawl_rank_897+grade_estimate_8
recipe,898,5,8,1,n,tier2_nawl_academic+nawl_rank_898+grade_estimate_8
deflection,900,5,8,1,n,tier2_nawl_academic+nawl_rank_900+grade_estimate_8
syllabus,902,5,8,1,n,tier2_nawl_academic+nawl_rank_902+grade_estimate_8
neat,903,5,8,1,n,tier2_nawl_academic+nawl_rank_903+grade_estimate_8
factorial,904,4,8,1,adj,tier2_nawl_academic+nawl_rank_904+grade_estimate_8
lever,905,4,8,1,n,tier2_nawl_academic+nawl_rank_905+grade_estimate_8
descriptor,906,4,8,1,n,tier2_nawl_academic+nawl_rank_906+grade_estimate_8
semester,907,4,8,1,n,tier2_nawl_academic+nawl_rank_907+grade_estimate_8
underneath,908,4,8,1,n,tier2_nawl_academic+nawl_rank_908+grade_estimate_8
reactor,909,4,8,1,n,tier2_nawl_academic+nawl_rank_909+grade_estimate_8
herbicide,910,4,8,1,n,tier2_nawl_academic+nawl_rank_910+grade_estimate_8
bonus,911,4,8,1,n,tier2_nawl_academic+nawl_rank_911+grade_estimate_8
cheat,912,4,8,1,n,tier2_nawl_academic+nawl_rank_912+grade_estimate_8
missile,913,4,8,1,adj,tier2_nawl_academic+nawl_rank_913+grade_estimate_8
rub,914,4,8,1,n,tier2_nawl_academic+nawl_rank_914+grade_estimate_8
radar,915,4,8,1,n,tier2_nawl_academic+nawl_rank_915+grade_estimate_8
memorize,916,4,8,1,v,tier2_nawl_academic+nawl_rank_916+grade_estimate_8
scripture,917,4,8,1,n,tier2_nawl_academic+nawl_rank_917+grade_estimate_8
whoever,918,4,8,1,n,tier2_nawl_academic+nawl_rank_918+grade_estimate_8
whichever,919,4,8,1,n,tier2_nawl_academic+nawl_rank_919+grade_estimate_8
bullet,920,3,8,1,n,tier2_nawl_academic+nawl_rank_920+grade_estimate_8
punch,921,3,8,1,n,tier2_nawl_academic+nawl_rank_921+grade_estimate_8
postgraduate,922,3,8,1,v,tier2_nawl_academic+nawl_rank_922+grade_estimate_8
artwork,923,3,8,1,n,tier2_nawl_academic+nawl_rank_923+grade_estimate_8
incredible,926,3,8,1,adj,tier2_nawl_academic+nawl_rank_926+grade_estimate_8
halfway,927,3,8,1,n,tier2_nawl_academic+nawl_rank_927+grade_estimate_8
deadline,928,3,8,1,n,tier2_nawl_academic+nawl_rank_928+grade_estimate_8
bang,929,3,8,1,n,tier2_nawl_academic+nawl_rank_929+grade_estimate_8
semi,930,3,8,1,n,tier2_nawl_academic+nawl_rank_930+grade_estimate_8
slash,931,3,8,1,n,tier2_nawl_academic+nawl_rank_931+grade_estimate_8
ridiculous,932,3,8,1,adj,tier2_nawl_academic+nawl_rank_932+grade_estimate_8
multi,933,3,8,1,n,tier2_nawl_academic+nawl_rank_933+grade_estimate_8
volition,935,3,8,1,n,tier2_nawl_academic+nawl_rank_935+grade_estimate_8
tricky,936,2,8,1,n,tier2_nawl_academic+nawl_rank_936+grade_estimate_8
cheer,937,2,8,1,n,tier2_nawl_academic+nawl_rank_937+grade_estimate_8
shuttle,938,2,8,1,n,tier2_nawl_academic+nawl_rank_938+grade_estimate_8
aerosol,939,2,8,1,n,tier2_nawl_academic+nawl_rank_939+grade_estimate_8
athletic,940,2,8,1,adj,tier2_nawl_academic+nawl_rank_940+grade_estimate_8
chess,941,2,8,1,n,tier2_nawl_academic+nawl_rank_941+grade_estimate_8
terribly,942,2,8,1,adv,tier2_nawl_academic+nawl_rank_942+grade_estimate_8
unintelligible,943,2,8,1,adj,tier2_nawl_academic+nawl_rank_943+grade_estimate_8
circa,944,2,8,1,n,tier2_nawl_academic+nawl_rank_944+grade_estimate_8
scroll,945,2,8,1,n,tier2_nawl_academic+nawl_rank_945+grade_estimate_8
sponsorship,946,2,8,1,n,tier2_nawl_academic+nawl_rank_946+grade_estimate_8
connector,947,2,8,1,n,tier2_nawl_academic+nawl_rank_947+grade_estimate_8
nasty,948,2,8,1,n,tier2_nawl_academic+nawl_rank_948+grade_estimate_8
incredibly,949,2,8,1,adv,tier2_nawl_academic+nawl_rank_949+grade_estimate_8
neo,950,2,8,1,n,tier2_nawl_academic+nawl_rank_950+grade_estimate_8
entrant,951,2,8,1,adj,tier2_nawl_academic+nawl_rank_951+grade_estimate_8
hawk,952,2,8,1,n,tier2_nawl_academic+nawl_rank_952+grade_estimate_8
handout,953,2,8,1,n,tier2_nawl_academic+nawl_rank_953+grade_estimate_8
tech,954,2,8,1,n,tier2_nawl_academic+nawl_rank_954+grade_estimate_8
rack,955,2,8,1,n,tier2_nawl_academic+nawl_rank_955+grade_estimate_8
applause,956,2,8,1,n,tier2_nawl_academic+nawl_rank_956+grade_estimate_8
demonstrator,957,2,8,1,n,tier2_nawl_academic+nawl_rank_957+grade_estimate_8
calculator,958,2,8,1,n,tier2_nawl_academic+nawl_rank_958+grade_estimate_8
sneeze,960,1,8,1,n,tier2_nawl_academic+nawl_rank_960+grade_estimate_8
sniff,961,1,8,1,n,tier2_nawl_academic+nawl_rank_961+grade_estimate_8
stadium,962,1,8,1,n,tier2_nawl_academic+nawl_rank_962+grade_estimate_8
descendent,963,1,8,1,adj,tier2_nawl_academic+nawl_rank_963+grade_estimate_8
adviser,2201,31,8,0,n,tier1_ngsl_general+ngsl_rank_2201+grade_estimate_8
stem,2202,31,8,0,n,tier1_ngsl_general+ngsl_rank_2202+grade_estimate_8
reverse,2203,31,8,0,n,tier1_ngsl_general+ngsl_rank_2203+grade_estimate_8
mode,2204,31,8,0,n,tier1_ngsl_general+ngsl_rank_2204+grade_estimate_8
awful,2206,31,8,0,adj,tier1_ngsl_general+ngsl_rank_2206+grade_estimate_8
pose,2207,31,8,0,n,tier1_ngsl_general+ngsl_rank_2207+grade_estimate_8
adjust,2208,31,8,0,n,tier1_ngsl_general+ngsl_rank_2208+grade_estimate_8
creative,2209,31,8,0,adj,tier1_ngsl_general+ngsl_rank_2209+grade_estimate_8
nowadays,2210,31,8,0,n,tier1_ngsl_general+ngsl_rank_2210+grade_estimate_8
agricultural,2212,31,8,0,adj,tier1_ngsl_general+ngsl_rank_2212+grade_estimate_8
competitor,2213,31,8,0,n,tier1_ngsl_general+ngsl_rank_2213+grade_estimate_8
alcohol,2214,31,8,0,n,tier1_ngsl_general+ngsl_rank_2214+grade_estimate_8
festival,2215,31,8,0,adj,tier1_ngsl_general+ngsl_rank_2215+grade_estimate_8
van,2217,31,8,0,n,tier1_ngsl_general+ngsl_rank_2217+grade_estimate_8
confident,2218,31,8,0,adj,tier1_ngsl_general+ngsl_rank_2218+grade_estimate_8
planet,2219,31,8,0,n,tier1_ngsl_general+ngsl_rank_2219+grade_estimate_8
overcome,2222,31,8,0,n,tier1_ngsl_general+ngsl_rank_2222+grade_estimate_8
depth,2224,31,8,0,n,tier1_ngsl_general+ngsl_rank_2224+grade_estimate_8
log,2226,31,8,0,n,tier1_ngsl_general+ngsl_rank_2226+grade_estimate_8
god,2228,31,8,0,n,tier1_ngsl_general+ngsl_rank_2228+grade_estimate_8
portion,2229,31,8,0,n,tier1_ngsl_general+ngsl_rank_2229+grade_estimate_8
substance,2230,31,8,0,n,tier1_ngsl_general+ngsl_rank_2230+grade_estimate_8
extensive,2231,31,8,0,adj,tier1_ngsl_general+ngsl_rank_2231+grade_estimate_8
interpret,2232,30,8,0,v,tier1_ngsl_general+ngsl_rank_2232+grade_estimate_8
inner,2235,30,8,0,n,tier1_ngsl_general+ngsl_rank_2235+grade_estimate_8
harm,2236,30,8,0,n,tier1_ngsl_general+ngsl_rank_2236+grade_estimate_8
consult,2237,30,8,0,n,tier1_ngsl_general+ngsl_rank_2237+grade_estimate_8
pink,2238,30,8,0,n,tier1_ngsl_general+ngsl_rank_2238+grade_estimate_8
smooth,2241,30,8,0,n,tier1_ngsl_general+ngsl_rank_2241+grade_estimate_8
intervention,2242,30,8,0,n,tier1_ngsl_general+ngsl_rank_2242+grade_estimate_8
impress,2243,30,8,0,n,tier1_ngsl_general+ngsl_rank_2243+grade_estimate_8
exam,2244,30,8,0,n,tier1_ngsl_general+ngsl_rank_2244+grade_estimate_8
vice,2245,30,8,0,n,tier1_ngsl_general+ngsl_rank_2245+grade_estimate_8
radical,2246,30,8,0,adj,tier1_ngsl_general+ngsl_rank_2246+grade_estimate_8
similarly,2247,30,8,0,adv,tier1_ngsl_general+ngsl_rank_2247+grade_estimate_8
behave,2248,30,8,0,n,tier1_ngsl_general+ngsl_rank_2248+grade_estimate_8
subsequent,2251,30,8,0,adj,tier1_ngsl_general+ngsl_rank_2251+grade_estimate_8
jacket,2253,30,8,0,n,tier1_ngsl_general+ngsl_rank_2253+grade_estimate_8
efficiency,2254,30,8,0,n,tier1_ngsl_general+ngsl_rank_2254+grade_estimate_8
statistic,2256,30,8,0,adj,tier1_ngsl_general+ngsl_rank_2256+grade_estimate_8
regularly,2257,30,8,0,adv,tier1_ngsl_general+ngsl_rank_2257+grade_estimate_8
resort,2258,30,8,0,n,tier1_ngsl_general+ngsl_rank_2258+grade_estimate_8
broadcast,2260,30,8,0,n,tier1_ngsl_general+ngsl_rank_2260+grade_estimate_8
membership,2261,30,8,0,n,tier1_ngsl_general+ngsl_rank_2261+grade_estimate_8
blind,2263,30,8,0,n,tier1_ngsl_general+ngsl_rank_2263+grade_estimate_8
pure,2264,30,8,0,n,tier1_ngsl_general+ngsl_rank_2264+grade_estimate_8
bloody,2265,30,8,0,n,tier1_ngsl_general+ngsl_rank_2265+grade_estimate_8
ally,2266,30,8,0,adv,tier1_ngsl_general+ngsl_rank_2266+grade_estimate_8
briefly,2270,30,8,0,adv,tier1_ngsl_general+ngsl_rank_2270+grade_estimate_8
disturb,2272,30,8,0,n,tier1_ngsl_general+ngsl_rank_2272+grade_estimate_8
sustain,2273,30,8,0,n,tier1_ngsl_general+ngsl_rank_2273+grade_estimate_8
flood,2274,30,8,0,n,tier1_ngsl_general+ngsl_rank_2274+grade_estimate_8
poverty,2275,30,8,0,n,tier1_ngsl_general+ngsl_rank_2275+grade_estimate_8
crazy,2276,30,8,0,n,tier1_ngsl_general+ngsl_rank_2276+grade_estimate_8
cite,2277,30,8,0,n,tier1_ngsl_general+ngsl_rank_2277+grade_estimate_8
newly,2278,30,8,0,adv,tier1_ngsl_general+ngsl_rank_2278+grade_estimate_8
parallel,2279,30,8,0,adj,tier1_ngsl_general+ngsl_rank_2279+grade_estimate_8
gender,2280,30,8,0,n,tier1_ngsl_general+ngsl_rank_2280+grade_estimate_8
sponsor,2281,30,8,0,n,tier1_ngsl_general+ngsl_rank_2281+grade_estimate_8
boot,2282,30,8,0,n,tier1_ngsl_general+ngsl_rank_2282+grade_estimate_8
accurate,2283,30,8,0,v,tier1_ngsl_general+ngsl_rank_2283+grade_estimate_8
dealer,2284,29,8,0,n,tier1_ngsl_general+ngsl_rank_2284+grade_estimate_8
mate,2288,29,8,0,v,tier1_ngsl_general+ngsl_rank_2288+grade_estimate_8
occasionally,2289,29,8,0,adv,tier1_ngsl_general+ngsl_rank_2289+grade_estimate_8
shareholder,2290,29,8,0,n,tier1_ngsl_general+ngsl_rank_2290+grade_estimate_8
bowl,2291,29,8,0,n,tier1_ngsl_general+ngsl_rank_2291+grade_estimate_8
resistance,2293,29,8,0,n,tier1_ngsl_general+ngsl_rank_2293+grade_estimate_8
frequency,2295,29,8,0,n,tier1_ngsl_general+ngsl_rank_2295+grade_estimate_8
philosophy,2298,29,8,0,n,tier1_ngsl_general+ngsl_rank_2298+grade_estimate_8
apologize,2301,29,8,0,v,tier1_ngsl_general+ngsl_rank_2301+grade_estimate_8
approval,2302,29,8,0,adj,tier1_ngsl_general+ngsl_rank_2302+grade_estimate_8
grab,2303,29,8,0,n,tier1_ngsl_general+ngsl_rank_2303+grade_estimate_8
entitle,2304,29,8,0,n,tier1_ngsl_general+ngsl_rank_2304+grade_estimate_8
lend,2305,29,8,0,n,tier1_ngsl_general+ngsl_rank_2305+grade_estimate_8
involvement,2306,29,8,0,n,tier1_ngsl_general+ngsl_rank_2306+grade_estimate_8
exposure,2307,29,8,0,n,tier1_ngsl_general+ngsl_rank_2307+grade_estimate_8
conventional,2308,29,8,0,adj,tier1_ngsl_general+ngsl_rank_2308+grade_estimate_8
translate,2310,29,8,0,v,tier1_ngsl_general+ngsl_rank_2310+grade_estimate_8
edit,2311,29,8,0,n,tier1_ngsl_general+ngsl_rank_2311+grade_estimate_8
formation,2312,29,8,0,n,tier1_ngsl_general+ngsl_rank_2312+grade_estimate_8
pleasant,2314,29,8,0,adj,tier1_ngsl_general+ngsl_rank_2314+grade_estimate_8
overseas,2315,29,8,0,n,tier1_ngsl_general+ngsl_rank_2315+grade_estimate_8
establishment,2317,29,8,0,n,tier1_ngsl_general+ngsl_rank_2317+grade_estimate_8
summary,2318,29,8,0,adj,tier1_ngsl_general+ngsl_rank_2318+grade_estimate_8
recovery,2321,28,8,0,n,tier1_ngsl_general+ngsl_rank_2321+grade_estimate_8
seal,2322,28,8,0,adj,tier1_ngsl_general+ngsl_rank_2322+grade_estimate_8
characterize,2325,28,8,0,v,tier1_ngsl_general+ngsl_rank_2325+grade_estimate_8
specify,2326,28,8,0,v,tier1_ngsl_general+ngsl_rank_2326+grade_estimate_8
operator,2329,28,8,0,n,tier1_ngsl_general+ngsl_rank_2329+grade_estimate_8
infant,2330,28,8,0,adj,tier1_ngsl_general+ngsl_rank_2330+grade_estimate_8
drag,2332,28,8,0,n,tier1_ngsl_general+ngsl_rank_2332+grade_estimate_8
mount,2333,28,8,0,n,tier1_ngsl_general+ngsl_rank_2333+grade_estimate_8
anticipate,2335,28,8,0,v,tier1_ngsl_general+ngsl_rank_2335+grade_estimate_8
dependent,2336,28,8,0,adj,tier1_ngsl_general+ngsl_rank_2336+grade_estimate_8
specialize,2337,28,8,0,v,tier1_ngsl_general+ngsl_rank_2337+grade_estimate_8
anxiety,2340,28,8,0,n,tier1_ngsl_general+ngsl_rank_2340+grade_estimate_8
virus,2341,28,8,0,n,tier1_ngsl_general+ngsl_rank_2341+grade_estimate_8
precisely,2342,28,8,0,adv,tier1_ngsl_general+ngsl_rank_2342+grade_estimate_8
rival,2343,28,8,0,adj,tier1_ngsl_general+ngsl_rank_2343+grade_estimate_8
offense,2344,28,8,0,n,tier1_ngsl_general+ngsl_rank_2344+grade_estimate_8
detect,2345,28,8,0,v,tier1_ngsl_general+ngsl_rank_2345+grade_estimate_8
teenager,2346,28,8,0,n,tier1_ngsl_general+ngsl_rank_2346+grade_estimate_8
admire,2347,28,8,0,n,tier1_ngsl_general+ngsl_rank_2347+grade_estimate_8
moderate,2348,28,8,0,v,tier1_ngsl_general+ngsl_rank_2348+grade_estimate_8
surgery,2349,28,8,0,n,tier1_ngsl_general+ngsl_rank_2349+grade_estimate_8
musician,2350,28,8,0,n,tier1_ngsl_general+ngsl_rank_2350+grade_estimate_8
significance,2351,28,8,0,n,tier1_ngsl_general+ngsl_rank_2351+grade_estimate_8
charity,2354,28,8,0,n,tier1_ngsl_general+ngsl_rank_2354+grade_estimate_8
universal,2355,28,8,0,adj,tier1_ngsl_general+ngsl_rank_2355+grade_estimate_8
cigarette,2356,28,8,0,n,tier1_ngsl_general+ngsl_rank_2356+grade_estimate_8
constitute,2357,28,8,0,n,tier1_ngsl_general+ngsl_rank_2357+grade_estimate_8
adequate,2358,28,8,0,v,tier1_ngsl_general+ngsl_rank_2358+grade_estimate_8
consultant,2359,28,8,0,adj,tier1_ngsl_general+ngsl_rank_2359+grade_estimate_8
historian,2360,28,8,0,n,tier1_ngsl_general+ngsl_rank_2360+grade_estimate_8
visual,2362,28,8,0,adj,tier1_ngsl_general+ngsl_rank_2362+grade_estimate_8
stupid,2363,28,8,0,n,tier1_ngsl_general+ngsl_rank_2363+grade_estimate_8
keen,2364,28,8,0,v,tier1_ngsl_general+ngsl_rank_2364+grade_estimate_8
ethnic,2365,28,8,0,adj,tier1_ngsl_general+ngsl_rank_2365+grade_estimate_8
twin,2366,28,8,0,n,tier1_ngsl_general+ngsl_rank_2366+grade_estimate_8
clinical,2367,28,8,0,adj,tier1_ngsl_general+ngsl_rank_2367+grade_estimate_8
eastern,2368,28,8,0,n,tier1_ngsl_general+ngsl_rank_2368+grade_estimate_8
forecast,2369,28,8,0,n,tier1_ngsl_general+ngsl_rank_2369+grade_estimate_8
segment,2370,28,8,0,n,tier1_ngsl_general+ngsl_rank_2370+grade_estimate_8
prompt,2375,27,8,0,n,tier1_ngsl_general+ngsl_rank_2375+grade_estimate_8
react,2377,27,8,0,v,tier1_ngsl_general+ngsl_rank_2377+grade_estimate_8
lecture,2378,27,8,0,n,tier1_ngsl_general+ngsl_rank_2378+grade_estimate_8
venture,2379,27,8,0,n,tier1_ngsl_general+ngsl_rank_2379+grade_estimate_8
rescue,2381,27,8,0,n,tier1_ngsl_general+ngsl_rank_2381+grade_estimate_8
mess,2382,27,8,0,n,tier1_ngsl_general+ngsl_rank_2382+grade_estimate_8
preference,2383,27,8,0,n,tier1_ngsl_general+ngsl_rank_2383+grade_estimate_8
comprehensive,2384,27,8,0,adj,tier1_ngsl_general+ngsl_rank_2384+grade_estimate_8
incentive,2385,27,8,0,adj,tier1_ngsl_general+ngsl_rank_2385+grade_estimate_8
league,2386,27,8,0,n,tier1_ngsl_general+ngsl_rank_2386+grade_estimate_8
dialog,2387,27,8,0,n,tier1_ngsl_general+ngsl_rank_2387+grade_estimate_8
cream,2388,27,8,0,n,tier1_ngsl_general+ngsl_rank_2388+grade_estimate_8
rapid,2389,27,8,0,n,tier1_ngsl_general+ngsl_rank_2389+grade_estimate_8
cancel,2390,27,8,0,n,tier1_ngsl_general+ngsl_rank_2390+grade_estimate_8
regret,2391,27,8,0,n,tier1_ngsl_general+ngsl_rank_2391+grade_estimate_8
dismiss,2392,27,8,0,n,tier1_ngsl_general+ngsl_rank_2392+grade_estimate_8
beneath,2394,27,8,0,prep,tier1_ngsl_general+ngsl_rank_2394+grade_estimate_8
opponent,2395,27,8,0,adj,tier1_ngsl_general+ngsl_rank_2395+grade_estimate_8
capability,2397,27,8,0,n,tier1_ngsl_general+ngsl_rank_2397+grade_estimate_8
correspond,2399,27,8,0,n,tier1_ngsl_general+ngsl_rank_2399+grade_estimate_8
stroke,2400,27,8,0,n,tier1_ngsl_general+ngsl_rank_2400+grade_estimate_8
dare,2401,27,8,0,n,tier1_ngsl_general+ngsl_rank_2401+grade_estimate_8
barrier,2402,27,8,0,n,tier1_ngsl_general+ngsl_rank_2402+grade_estimate_8
rid,2403,27,8,0,n,tier1_ngsl_general+ngsl_rank_2403+grade_estimate_8
divorce,2404,27,8,0,n,tier1_ngsl_general+ngsl_rank_2404+grade_estimate_8
ruin,2405,27,8,0,n,tier1_ngsl_general+ngsl_rank_2405+grade_estimate_8
bury,2406,27,8,0,n,tier1_ngsl_general+ngsl_rank_2406+grade_estimate_8
counsel,2407,27,8,0,n,tier1_ngsl_general+ngsl_rank_2407+grade_estimate_8
tendency,2408,27,8,0,n,tier1_ngsl_general+ngsl_rank_2408+grade_estimate_8
motor,2410,27,8,0,n,tier1_ngsl_general+ngsl_rank_2410+grade_estimate_8
survival,2411,27,8,0,adj,tier1_ngsl_general+ngsl_rank_2411+grade_estimate_8
counter,2412,27,8,0,n,tier1_ngsl_general+ngsl_rank_2412+grade_estimate_8
possess,2413,27,8,0,n,tier1_ngsl_general+ngsl_rank_2413+grade_estimate_8
greatly,2418,27,8,0,adv,tier1_ngsl_general+ngsl_rank_2418+grade_estimate_8
visible,2419,26,8,0,adj,tier1_ngsl_general+ngsl_rank_2419+grade_estimate_8
impressive,2421,26,8,0,adj,tier1_ngsl_general+ngsl_rank_2421+grade_estimate_8
evolution,2422,26,8,0,n,tier1_ngsl_general+ngsl_rank_2422+grade_estimate_8
awareness,2423,26,8,0,n,tier1_ngsl_general+ngsl_rank_2423+grade_estimate_8
violent,2424,26,8,0,adj,tier1_ngsl_general+ngsl_rank_2424+grade_estimate_8
slave,2425,26,8,0,n,tier1_ngsl_general+ngsl_rank_2425+grade_estimate_8
wealthy,2426,26,8,0,n,tier1_ngsl_general+ngsl_rank_2426+grade_estimate_8
journal,2429,26,8,0,adj,tier1_ngsl_general+ngsl_rank_2429+grade_estimate_8
coal,2430,26,8,0,adj,tier1_ngsl_general+ngsl_rank_2430+grade_estimate_8
random,2432,26,8,0,n,tier1_ngsl_general+ngsl_rank_2432+grade_estimate_8
successfully,2433,26,8,0,adv,tier1_ngsl_general+ngsl_rank_2433+grade_estimate_8
depress,2434,26,8,0,n,tier1_ngsl_general+ngsl_rank_2434+grade_estimate_8
illustration,2435,26,8,0,n,tier1_ngsl_general+ngsl_rank_2435+grade_estimate_8
privilege,2437,26,8,0,n,tier1_ngsl_general+ngsl_rank_2437+grade_estimate_8
buyer,2438,26,8,0,n,tier1_ngsl_general+ngsl_rank_2438+grade_estimate_8
mutual,2439,26,8,0,adj,tier1_ngsl_general+ngsl_rank_2439+grade_estimate_8
rail,2440,26,8,0,n,tier1_ngsl_general+ngsl_rank_2440+grade_estimate_8
motivate,2441,26,8,0,v,tier1_ngsl_general+ngsl_rank_2441+grade_estimate_8
laboratory,2442,26,8,0,n,tier1_ngsl_general+ngsl_rank_2442+grade_estimate_8
mortgage,2443,26,8,0,n,tier1_ngsl_general+ngsl_rank_2443+grade_estimate_8
passion,2445,26,8,0,n,tier1_ngsl_general+ngsl_rank_2445+grade_estimate_8
champion,2446,26,8,0,n,tier1_ngsl_general+ngsl_rank_2446+grade_estimate_8
fulfill,2447,26,8,0,n,tier1_ngsl_general+ngsl_rank_2447+grade_estimate_8
dust,2448,26,8,0,n,tier1_ngsl_general+ngsl_rank_2448+grade_estimate_8
dedicate,2449,26,8,0,v,tier1_ngsl_general+ngsl_rank_2449+grade_estimate_8
roughly,2450,26,8,0,adv,tier1_ngsl_general+ngsl_rank_2450+grade_estimate_8
province,2452,26,8,0,n,tier1_ngsl_general+ngsl_rank_2452+grade_estimate_8
evaluation,2454,26,8,0,n,tier1_ngsl_general+ngsl_rank_2454+grade_estimate_8
compromise,2455,26,8,0,v,tier1_ngsl_general+ngsl_rank_2455+grade_estimate_8
accomplish,2456,26,8,0,adj,tier1_ngsl_general+ngsl_rank_2456+grade_estimate_8
weakness,2457,26,8,0,n,tier1_ngsl_general+ngsl_rank_2457+grade_estimate_8
announcement,2458,26,8,0,n,tier1_ngsl_general+ngsl_rank_2458+grade_estimate_8
glance,2460,26,8,0,n,tier1_ngsl_general+ngsl_rank_2460+grade_estimate_8
opera,2461,26,8,0,n,tier1_ngsl_general+ngsl_rank_2461+grade_estimate_8
brush,2463,26,8,0,n,tier1_ngsl_general+ngsl_rank_2463+grade_estimate_8
embarrass,2464,26,8,0,n,tier1_ngsl_general+ngsl_rank_2464+grade_estimate_8
gallery,2465,26,8,0,n,tier1_ngsl_general+ngsl_rank_2465+grade_estimate_8
genetic,2466,26,8,0,adj,tier1_ngsl_general+ngsl_rank_2466+grade_estimate_8
aggressive,2467,26,8,0,adj,tier1_ngsl_general+ngsl_rank_2467+grade_estimate_8
chest,2468,26,8,0,n,tier1_ngsl_general+ngsl_rank_2468+grade_estimate_8
literary,2470,26,8,0,adj,tier1_ngsl_general+ngsl_rank_2470+grade_estimate_8
govern,2471,26,8,0,n,tier1_ngsl_general+ngsl_rank_2471+grade_estimate_8
embrace,2472,25,8,0,n,tier1_ngsl_general+ngsl_rank_2472+grade_estimate_8
praise,2473,25,8,0,v,tier1_ngsl_general+ngsl_rank_2473+grade_estimate_8
pump,2475,25,8,0,n,tier1_ngsl_general+ngsl_rank_2475+grade_estimate_8
publisher,2476,25,8,0,n,tier1_ngsl_general+ngsl_rank_2476+grade_estimate_8
celebration,2477,25,8,0,n,tier1_ngsl_general+ngsl_rank_2477+grade_estimate_8
golf,2478,25,8,0,n,tier1_ngsl_general+ngsl_rank_2478+grade_estimate_8
compensation,2479,25,8,0,n,tier1_ngsl_general+ngsl_rank_2479+grade_estimate_8
classical,2480,25,8,0,adj,tier1_ngsl_general+ngsl_rank_2480+grade_estimate_8
versus,2482,25,8,0,n,tier1_ngsl_general+ngsl_rank_2482+grade_estimate_8
deficit,2483,25,8,0,n,tier1_ngsl_general+ngsl_rank_2483+grade_estimate_8
flash,2485,25,8,0,n,tier1_ngsl_general+ngsl_rank_2485+grade_estimate_8
friendship,2486,25,8,0,n,tier1_ngsl_general+ngsl_rank_2486+grade_estimate_8
literally,2488,25,8,0,adv,tier1_ngsl_general+ngsl_rank_2488+grade_estimate_8
gesture,2490,25,8,0,n,tier1_ngsl_general+ngsl_rank_2490+grade_estimate_8
entertain,2491,25,8,0,n,tier1_ngsl_general+ngsl_rank_2491+grade_estimate_8
fantastic,2492,25,8,0,adj,tier1_ngsl_general+ngsl_rank_2492+grade_estimate_8
assign,2493,25,8,0,n,tier1_ngsl_general+ngsl_rank_2493+grade_estimate_8
historic,2495,25,8,0,adj,tier1_ngsl_general+ngsl_rank_2495+grade_estimate_8
injure,2496,25,8,0,n,tier1_ngsl_general+ngsl_rank_2496+grade_estimate_8
therapy,2498,25,8,0,n,tier1_ngsl_general+ngsl_rank_2498+grade_estimate_8
twist,2500,25,8,0,n,tier1_ngsl_general+ngsl_rank_2500+grade_estimate_8
personnel,2501,25,8,0,n,tier1_ngsl_general+ngsl_rank_2501+grade_estimate_8
imagination,2502,25,8,0,n,tier1_ngsl_general+ngsl_rank_2502+grade_estimate_8
disagree,2503,25,8,0,n,tier1_ngsl_general+ngsl_rank_2503+grade_estimate_8
throat,2504,25,8,0,n,tier1_ngsl_general+ngsl_rank_2504+grade_estimate_8
insight,2505,25,8,0,n,tier1_ngsl_general+ngsl_rank_2505+grade_estimate_8
tackle,2506,25,8,0,n,tier1_ngsl_general+ngsl_rank_2506+grade_estimate_8
forever,2507,25,8,0,n,tier1_ngsl_general+ngsl_rank_2507+grade_estimate_8
exceed,2508,25,8,0,v,tier1_ngsl_general+ngsl_rank_2508+grade_estimate_8
expenditure,2509,25,8,0,n,tier1_ngsl_general+ngsl_rank_2509+grade_estimate_8
joy,2510,25,8,0,n,tier1_ngsl_general+ngsl_rank_2510+grade_estimate_8
pregnant,2511,25,8,0,adj,tier1_ngsl_general+ngsl_rank_2511+grade_estimate_8
reliable,2512,25,8,0,adj,tier1_ngsl_general+ngsl_rank_2512+grade_estimate_8
gear,2513,25,8,0,n,tier1_ngsl_general+ngsl_rank_2513+grade_estimate_8
fortune,2516,25,8,0,n,tier1_ngsl_general+ngsl_rank_2516+grade_estimate_8
ceremony,2517,25,8,0,n,tier1_ngsl_general+ngsl_rank_2517+grade_estimate_8
pile,2518,25,8,0,adj,tier1_ngsl_general+ngsl_rank_2518+grade_estimate_8
automatically,2521,24,8,0,adv,tier1_ngsl_general+ngsl_rank_2521+grade_estimate_8
scholar,2522,24,8,0,n,tier1_ngsl_general+ngsl_rank_2522+grade_estimate_8
psychological,2523,24,8,0,adj,tier1_ngsl_general+ngsl_rank_2523+grade_estimate_8
dramatically,2524,24,8,0,adv,tier1_ngsl_general+ngsl_rank_2524+grade_estimate_8
stake,2525,24,8,0,n,tier1_ngsl_general+ngsl_rank_2525+grade_estimate_8
partnership,2527,24,8,0,n,tier1_ngsl_general+ngsl_rank_2527+grade_estimate_8
participation,2528,24,8,0,n,tier1_ngsl_general+ngsl_rank_2528+grade_estimate_8
penalty,2530,24,8,0,n,tier1_ngsl_general+ngsl_rank_2530+grade_estimate_8
chamber,2531,24,8,0,n,tier1_ngsl_general+ngsl_rank_2531+grade_estimate_8
fancy,2532,24,8,0,n,tier1_ngsl_general+ngsl_rank_2532+grade_estimate_8
poetry,2533,24,8,0,n,tier1_ngsl_general+ngsl_rank_2533+grade_estimate_8
chat,2534,24,8,0,n,tier1_ngsl_general+ngsl_rank_2534+grade_estimate_8
clothing,2535,24,8,0,v,tier1_ngsl_general+ngsl_rank_2535+grade_estimate_8
evolve,2536,24,8,0,v,tier1_ngsl_general+ngsl_rank_2536+grade_estimate_8
sake,2537,24,8,0,n,tier1_ngsl_general+ngsl_rank_2537+grade_estimate_8
boost,2539,24,8,0,n,tier1_ngsl_general+ngsl_rank_2539+grade_estimate_8
possession,2541,24,8,0,n,tier1_ngsl_general+ngsl_rank_2541+grade_estimate_8
abortion,2542,24,8,0,n,tier1_ngsl_general+ngsl_rank_2542+grade_estimate_8
curious,2543,24,8,0,adj,tier1_ngsl_general+ngsl_rank_2543+grade_estimate_8
wooden,2544,24,8,0,v,tier1_ngsl_general+ngsl_rank_2544+grade_estimate_8
boom,2545,24,8,0,n,tier1_ngsl_general+ngsl_rank_2545+grade_estimate_8
tale,2546,24,8,0,n,tier1_ngsl_general+ngsl_rank_2546+grade_estimate_8
democratic,2547,24,8,0,adj,tier1_ngsl_general+ngsl_rank_2547+grade_estimate_8
maintenance,2548,24,8,0,n,tier1_ngsl_general+ngsl_rank_2548+grade_estimate_8
consequently,2549,24,8,0,adv,tier1_ngsl_general+ngsl_rank_2549+grade_estimate_8
strengthen,2552,24,8,0,v,tier1_ngsl_general+ngsl_rank_2552+grade_estimate_8
whilst,2553,24,8,0,n,tier1_ngsl_general+ngsl_rank_2553+grade_estimate_8
constraint,2554,24,8,0,n,tier1_ngsl_general+ngsl_rank_2554+grade_estimate_8
bin,2556,24,8,0,n,tier1_ngsl_general+ngsl_rank_2556+grade_estimate_8
undergo,2557,24,8,0,v,tier1_ngsl_general+ngsl_rank_2557+grade_estimate_8
potentially,2558,24,8,0,adv,tier1_ngsl_general+ngsl_rank_2558+grade_estimate_8
scope,2559,24,8,0,n,tier1_ngsl_general+ngsl_rank_2559+grade_estimate_8
pretend,2560,24,8,0,n,tier1_ngsl_general+ngsl_rank_2560+grade_estimate_8
diversity,2561,24,8,0,n,tier1_ngsl_general+ngsl_rank_2561+grade_estimate_8
allege,2562,24,8,0,n,tier1_ngsl_general+ngsl_rank_2562+grade_estimate_8
intense,2564,24,8,0,n,tier1_ngsl_general+ngsl_rank_2564+grade_estimate_8
resign,2566,24,8,0,n,tier1_ngsl_general+ngsl_rank_2566+grade_estimate_8
strict,2568,24,8,0,n,tier1_ngsl_general+ngsl_rank_2568+grade_estimate_8
concrete,2569,24,8,0,n,tier1_ngsl_general+ngsl_rank_2569+grade_estimate_8
damn,2571,24,8,0,n,tier1_ngsl_general+ngsl_rank_2571+grade_estimate_8
humor,2573,24,8,0,n,tier1_ngsl_general+ngsl_rank_2573+grade_estimate_8
limitation,2574,24,8,0,n,tier1_ngsl_general+ngsl_rank_2574+grade_estimate_8
indication,2575,23,8,0,n,tier1_ngsl_general+ngsl_rank_2575+grade_estimate_8
stability,2576,23,8,0,n,tier1_ngsl_general+ngsl_rank_2576+grade_estimate_8
neglect,2578,23,8,0,n,tier1_ngsl_general+ngsl_rank_2578+grade_estimate_8
jail,2580,23,8,0,n,tier1_ngsl_general+ngsl_rank_2580+grade_estimate_8
shelter,2581,23,8,0,n,tier1_ngsl_general+ngsl_rank_2581+grade_estimate_8
mere,2582,23,8,0,n,tier1_ngsl_general+ngsl_rank_2582+grade_estimate_8
regulate,2584,23,8,0,v,tier1_ngsl_general+ngsl_rank_2584+grade_estimate_8
cheese,2585,23,8,0,n,tier1_ngsl_general+ngsl_rank_2585+grade_estimate_8
trigger,2586,23,8,0,n,tier1_ngsl_general+ngsl_rank_2586+grade_estimate_8
pipe,2587,23,8,0,n,tier1_ngsl_general+ngsl_rank_2587+grade_estimate_8
destruction,2588,23,8,0,n,tier1_ngsl_general+ngsl_rank_2588+grade_estimate_8
guitar,2589,23,8,0,n,tier1_ngsl_general+ngsl_rank_2589+grade_estimate_8
flag,2590,23,8,0,n,tier1_ngsl_general+ngsl_rank_2590+grade_estimate_8
magic,2592,23,8,0,adj,tier1_ngsl_general+ngsl_rank_2592+grade_estimate_8
ski,2594,23,8,0,n,tier1_ngsl_general+ngsl_rank_2594+grade_estimate_8
rear,2596,23,8,0,n,tier1_ngsl_general+ngsl_rank_2596+grade_estimate_8
menu,2597,23,8,0,n,tier1_ngsl_general+ngsl_rank_2597+grade_estimate_8
presumably,2600,23,8,0,adv,tier1_ngsl_general+ngsl_rank_2600+grade_estimate_8
bless,2601,23,8,0,adj,tier1_ngsl_general+ngsl_rank_2601+grade_estimate_8
airline,2602,23,8,0,n,tier1_ngsl_general+ngsl_rank_2602+grade_estimate_8
amendment,2603,23,8,0,n,tier1_ngsl_general+ngsl_rank_2603+grade_estimate_8
grandmother,2604,23,8,0,n,tier1_ngsl_general+ngsl_rank_2604+grade_estimate_8
cooperation,2606,23,8,0,n,tier1_ngsl_general+ngsl_rank_2606+grade_estimate_8
civilian,2607,23,8,0,n,tier1_ngsl_general+ngsl_rank_2607+grade_estimate_8
composition,2608,23,8,0,n,tier1_ngsl_general+ngsl_rank_2608+grade_estimate_8
regardless,2610,23,8,0,adj,tier1_ngsl_general+ngsl_rank_2610+grade_estimate_8
bunch,2612,23,8,0,n,tier1_ngsl_general+ngsl_rank_2612+grade_estimate_8
greet,2614,23,8,0,n,tier1_ngsl_general+ngsl_rank_2614+grade_estimate_8
hopefully,2615,23,8,0,adv,tier1_ngsl_general+ngsl_rank_2615+grade_estimate_8
sanction,2616,23,8,0,n,tier1_ngsl_general+ngsl_rank_2616+grade_estimate_8
trick,2617,23,8,0,n,tier1_ngsl_general+ngsl_rank_2617+grade_estimate_8
maker,2619,23,8,0,n,tier1_ngsl_general+ngsl_rank_2619+grade_estimate_8
chocolate,2620,23,8,0,v,tier1_ngsl_general+ngsl_rank_2620+grade_estimate_8
stimulate,2621,23,8,0,v,tier1_ngsl_general+ngsl_rank_2621+grade_estimate_8
narrative,2624,23,8,0,adj,tier1_ngsl_general+ngsl_rank_2624+grade_estimate_8
tissue,2625,23,8,0,n,tier1_ngsl_general+ngsl_rank_2625+grade_estimate_8
barely,2626,23,8,0,adv,tier1_ngsl_general+ngsl_rank_2626+grade_estimate_8
invent,2627,23,8,0,adj,tier1_ngsl_general+ngsl_rank_2627+grade_estimate_8
tourism,2628,23,8,0,n,tier1_ngsl_general+ngsl_rank_2628+grade_estimate_8
pro,2629,23,8,0,n,tier1_ngsl_general+ngsl_rank_2629+grade_estimate_8
stair,2630,23,8,0,n,tier1_ngsl_general+ngsl_rank_2630+grade_estimate_8
shine,2632,23,8,0,n,tier1_ngsl_general+ngsl_rank_2632+grade_estimate_8
motivation,2633,23,8,0,n,tier1_ngsl_general+ngsl_rank_2633+grade_estimate_8
romantic,2634,22,8,0,adj,tier1_ngsl_general+ngsl_rank_2634+grade_estimate_8
firmly,2635,22,8,0,adv,tier1_ngsl_general+ngsl_rank_2635+grade_estimate_8
interior,2636,22,8,0,n,tier1_ngsl_general+ngsl_rank_2636+grade_estimate_8
nowhere,2638,22,8,0,n,tier1_ngsl_general+ngsl_rank_2638+grade_estimate_8
pray,2639,22,8,0,n,tier1_ngsl_general+ngsl_rank_2639+grade_estimate_8
championship,2640,22,8,0,n,tier1_ngsl_general+ngsl_rank_2640+grade_estimate_8
servant,2641,22,8,0,adj,tier1_ngsl_general+ngsl_rank_2641+grade_estimate_8
excess,2643,22,8,0,n,tier1_ngsl_general+ngsl_rank_2643+grade_estimate_8
complexity,2644,22,8,0,n,tier1_ngsl_general+ngsl_rank_2644+grade_estimate_8
liability,2645,22,8,0,n,tier1_ngsl_general+ngsl_rank_2645+grade_estimate_8
surprisingly,2646,22,8,0,adv,tier1_ngsl_general+ngsl_rank_2646+grade_estimate_8
extract,2647,22,8,0,n,tier1_ngsl_general+ngsl_rank_2647+grade_estimate_8
implementation,2648,22,8,0,n,tier1_ngsl_general+ngsl_rank_2648+grade_estimate_8
bias,2649,22,8,0,n,tier1_ngsl_general+ngsl_rank_2649+grade_estimate_8
differently,2650,22,8,0,adv,tier1_ngsl_general+ngsl_rank_2650+grade_estimate_8
catalog,2651,22,8,0,n,tier1_ngsl_general+ngsl_rank_2651+grade_estimate_8
continuous,2652,22,8,0,adj,tier1_ngsl_general+ngsl_rank_2652+grade_estimate_8
guideline,2655,22,8,0,n,tier1_ngsl_general+ngsl_rank_2655+grade_estimate_8
biological,2658,22,8,0,adj,tier1_ngsl_general+ngsl_rank_2658+grade_estimate_8
consume,2659,22,8,0,v,tier1_ngsl_general+ngsl_rank_2659+grade_estimate_8
luxury,2660,22,8,0,n,tier1_ngsl_general+ngsl_rank_2660+grade_estimate_8
wherever,2662,22,8,0,n,tier1_ngsl_general+ngsl_rank_2662+grade_estimate_8
bite,2663,22,8,0,n,tier1_ngsl_general+ngsl_rank_2663+grade_estimate_8
printer,2664,22,8,0,n,tier1_ngsl_general+ngsl_rank_2664+grade_estimate_8
firstly,2665,22,8,0,adv,tier1_ngsl_general+ngsl_rank_2665+grade_estimate_8
anxious,2666,22,8,0,adj,tier1_ngsl_general+ngsl_rank_2666+grade_estimate_8
exhaust,2669,22,8,0,n,tier1_ngsl_general+ngsl_rank_2669+grade_estimate_8
quietly,2672,22,8,0,adv,tier1_ngsl_general+ngsl_rank_2672+grade_estimate_8
determination,2677,22,8,0,n,tier1_ngsl_general+ngsl_rank_2677+grade_estimate_8
altogether,2678,22,8,0,adv,tier1_ngsl_general+ngsl_rank_2678+grade_estimate_8
cluster,2681,21,8,0,n,tier1_ngsl_general+ngsl_rank_2681+grade_estimate_8
logic,2684,21,8,0,adj,tier1_ngsl_general+ngsl_rank_2684+grade_estimate_8
controversial,2685,21,8,0,adj,tier1_ngsl_general+ngsl_rank_2685+grade_estimate_8
grammar,2687,21,8,0,n,tier1_ngsl_general+ngsl_rank_2687+grade_estimate_8
hint,2689,21,8,0,n,tier1_ngsl_general+ngsl_rank_2689+grade_estimate_8
panic,2693,21,8,0,adj,tier1_ngsl_general+ngsl_rank_2693+grade_estimate_8
rice,2695,21,8,0,n,tier1_ngsl_general+ngsl_rank_2695+grade_estimate_8
slope,2696,21,8,0,n,tier1_ngsl_general+ngsl_rank_2696+grade_estimate_8
genuine,2698,21,8,0,adj,tier1_ngsl_general+ngsl_rank_2698+grade_estimate_8
vessel,2699,21,8,0,n,tier1_ngsl_general+ngsl_rank_2699+grade_estimate_8
reckon,2701,21,8,0,n,tier1_ngsl_general+ngsl_rank_2701+grade_estimate_8
silly,2702,21,8,0,adv,tier1_ngsl_general+ngsl_rank_2702+grade_estimate_8
chase,2706,21,8,0,n,tier1_ngsl_general+ngsl_rank_2706+grade_estimate_8
sheep,2710,21,8,0,n,tier1_ngsl_general+ngsl_rank_2710+grade_estimate_8
lover,2711,21,8,0,n,tier1_ngsl_general+ngsl_rank_2711+grade_estimate_8
rat,2712,21,8,0,n,tier1_ngsl_general+ngsl_rank_2712+grade_estimate_8
innocent,2714,21,8,0,adj,tier1_ngsl_general+ngsl_rank_2714+grade_estimate_8
supplement,2716,21,8,0,n,tier1_ngsl_general+ngsl_rank_2716+grade_estimate_8
adjustment,2717,21,8,0,n,tier1_ngsl_general+ngsl_rank_2717+grade_estimate_8
reasonably,2718,21,8,0,adv,tier1_ngsl_general+ngsl_rank_2718+grade_estimate_8
filter,2719,21,8,0,n,tier1_ngsl_general+ngsl_rank_2719+grade_estimate_8
flexible,2720,21,8,0,adj,tier1_ngsl_general+ngsl_rank_2720+grade_estimate_8
abstract,2721,21,8,0,n,tier1_ngsl_general+ngsl_rank_2721+grade_estimate_8
tent,2722,20,8,0,adj,tier1_ngsl_general+ngsl_rank_2722+grade_estimate_8
precise,2723,20,8,0,v,tier1_ngsl_general+ngsl_rank_2723+grade_estimate_8
distant,2724,20,8,0,adj,tier1_ngsl_general+ngsl_rank_2724+grade_estimate_8
stranger,2725,20,8,0,n,tier1_ngsl_general+ngsl_rank_2725+grade_estimate_8
shade,2726,20,8,0,n,tier1_ngsl_general+ngsl_rank_2726+grade_estimate_8
grain,2727,20,8,0,n,tier1_ngsl_general+ngsl_rank_2727+grade_estimate_8
situate,2728,20,8,0,v,tier1_ngsl_general+ngsl_rank_2728+grade_estimate_8
summarize,2729,20,8,0,v,tier1_ngsl_general+ngsl_rank_2729+grade_estimate_8
leap,2730,20,8,0,n,tier1_ngsl_general+ngsl_rank_2730+grade_estimate_8
snap,2731,20,8,0,n,tier1_ngsl_general+ngsl_rank_2731+grade_estimate_8
probability,2732,20,8,0,n,tier1_ngsl_general+ngsl_rank_2732+grade_estimate_8
leather,2733,20,8,0,n,tier1_ngsl_general+ngsl_rank_2733+grade_estimate_8
uncertainty,2734,20,8,0,n,tier1_ngsl_general+ngsl_rank_2734+grade_estimate_8
swear,2735,20,8,0,n,tier1_ngsl_general+ngsl_rank_2735+grade_estimate_8
refugee,2736,20,8,0,n,tier1_ngsl_general+ngsl_rank_2736+grade_estimate_8
shore,2737,20,8,0,n,tier1_ngsl_general+ngsl_rank_2737+grade_estimate_8
monthly,2738,20,8,0,adv,tier1_ngsl_general+ngsl_rank_2738+grade_estimate_8
comprise,2739,20,8,0,v,tier1_ngsl_general+ngsl_rank_2739+grade_estimate_8
stir,2740,20,8,0,n,tier1_ngsl_general+ngsl_rank_2740+grade_estimate_8
excitement,2741,20,8,0,n,tier1_ngsl_general+ngsl_rank_2741+grade_estimate_8
sigh,2742,20,8,0,n,tier1_ngsl_general+ngsl_rank_2742+grade_estimate_8
pregnancy,2743,20,8,0,n,tier1_ngsl_general+ngsl_rank_2743+grade_estimate_8
experimental,2744,20,8,0,adj,tier1_ngsl_general+ngsl_rank_2744+grade_estimate_8
institutional,2745,20,8,0,adj,tier1_ngsl_general+ngsl_rank_2745+grade_estimate_8
slice,2746,20,8,0,n,tier1_ngsl_general+ngsl_rank_2746+grade_estimate_8
wander,2747,20,8,0,n,tier1_ngsl_general+ngsl_rank_2747+grade_estimate_8
empire,2748,20,8,0,n,tier1_ngsl_general+ngsl_rank_2748+grade_estimate_8
subsequently,2749,20,8,0,adv,tier1_ngsl_general+ngsl_rank_2749+grade_estimate_8
attendance,2751,19,8,0,n,tier1_ngsl_general+ngsl_rank_2751+grade_estimate_8
ownership,2752,19,8,0,n,tier1_ngsl_general+ngsl_rank_2752+grade_estimate_8
qualification,2753,19,8,0,n,tier1_ngsl_general+ngsl_rank_2753+grade_estimate_8
suspend,2754,19,8,0,n,tier1_ngsl_general+ngsl_rank_2754+grade_estimate_8
functional,2755,19,8,0,adj,tier1_ngsl_general+ngsl_rank_2755+grade_estimate_8
voluntary,2756,19,8,0,adj,tier1_ngsl_general+ngsl_rank_2756+grade_estimate_8
pale,2757,19,8,0,n,tier1_ngsl_general+ngsl_rank_2757+grade_estimate_8
stain,2758,19,8,0,n,tier1_ngsl_general+ngsl_rank_2758+grade_estimate_8
athlete,2759,19,8,0,n,tier1_ngsl_general+ngsl_rank_2759+grade_estimate_8
organic,2760,19,8,0,adj,tier1_ngsl_general+ngsl_rank_2760+grade_estimate_8
tongue,2761,19,8,0,n,tier1_ngsl_general+ngsl_rank_2761+grade_estimate_8
server,2762,19,8,0,n,tier1_ngsl_general+ngsl_rank_2762+grade_estimate_8
structural,2763,19,8,0,adj,tier1_ngsl_general+ngsl_rank_2763+grade_estimate_8
website,2764,19,8,0,n,tier1_ngsl_general+ngsl_rank_2764+grade_estimate_8
fool,2765,19,8,0,n,tier1_ngsl_general+ngsl_rank_2765+grade_estimate_8
alongside,2766,19,8,0,n,tier1_ngsl_general+ngsl_rank_2766+grade_estimate_8
gently,2768,19,8,0,adv,tier1_ngsl_general+ngsl_rank_2768+grade_estimate_8
compute,2769,19,8,0,n,tier1_ngsl_general+ngsl_rank_2769+grade_estimate_8
wipe,2770,19,8,0,n,tier1_ngsl_general+ngsl_rank_2770+grade_estimate_8
weird,2771,19,8,0,n,tier1_ngsl_general+ngsl_rank_2771+grade_estimate_8
gaze,2772,19,8,0,n,tier1_ngsl_general+ngsl_rank_2772+grade_estimate_8
fade,2773,19,8,0,n,tier1_ngsl_general+ngsl_rank_2773+grade_estimate_8
hypothesis,2775,19,8,0,n,tier1_ngsl_general+ngsl_rank_2775+grade_estimate_8
theoretical,2777,19,8,0,adj,tier1_ngsl_general+ngsl_rank_2777+grade_estimate_8
mayor,2779,18,8,0,n,tier1_ngsl_general+ngsl_rank_2779+grade_estimate_8
aunt,2781,18,8,0,n,tier1_ngsl_general+ngsl_rank_2781+grade_estimate_8
tournament,2782,17,8,0,n,tier1_ngsl_general+ngsl_rank_2782+grade_estimate_8
registration,2783,17,8,0,n,tier1_ngsl_general+ngsl_rank_2783+grade_estimate_8
fragment,2784,17,8,0,n,tier1_ngsl_general+ngsl_rank_2784+grade_estimate_8
listener,2785,17,8,0,n,tier1_ngsl_general+ngsl_rank_2785+grade_estimate_8
immigration,2786,17,8,0,n,tier1_ngsl_general+ngsl_rank_2786+grade_estimate_8
tender,2787,16,8,0,n,tier1_ngsl_general+ngsl_rank_2787+grade_estimate_8
density,2788,16,8,0,n,tier1_ngsl_general+ngsl_rank_2788+grade_estimate_8
ugly,2789,16,8,0,adv,tier1_ngsl_general+ngsl_rank_2789+grade_estimate_8
module,2790,15,8,0,n,tier1_ngsl_general+ngsl_rank_2790+grade_estimate_8
faithfully,2791,15,8,0,adv,tier1_ngsl_general+ngsl_rank_2791+grade_estimate_8
cheek,2793,15,8,0,n,tier1_ngsl_general+ngsl_rank_2793+grade_estimate_8
attachment,2794,15,8,0,n,tier1_ngsl_general+ngsl_rank_2794+grade_estimate_8
holder,2795,14,8,0,n,tier1_ngsl_general+ngsl_rank_2795+grade_estimate_8
grin,2797,12,8,0,n,tier1_ngsl_general+ngsl_rank_2797+grade_estimate_8
fortunate,2800,11,8,0,v,tier1_ngsl_general+ngsl_rank_2800+grade_estimate_8
alright,2801,11,8,0,n,tier1_ngsl_general+ngsl_rank_2801+grade_estimate_8
lazy,2802,10,8,0,n,tier1_ngsl_general+ngsl_rank_2802+grade_estimate_8
hello,2803,10,8,0,n,tier1_ngsl_general+ngsl_rank_2803+grade_estimate_8
hunger,2804,9,8,0,n,tier1_ngsl_general+ngsl_rank_2804+grade_estimate_8
insure,2805,9,8,0,n,tier1_ngsl_general+ngsl_rank_2805+grade_estimate_8
blog,2808,7,8,0,n,tier1_ngsl_general+ngsl_rank_2808+grade_estimate_8
reflect,916,103,6,0,v,tier1_ngsl_general+ngsl_rank_916+buffer_from_beginner_grade_3+intermediate_buffer_addition+grade_estimate_6
author,910,104,6,0,n,tier1_ngsl_general+ngsl_rank_910+buffer_from_beginner_grade_3+intermediate_buffer_addition+grade_estimate_6
science,905,104,6,0,n,tier1_ngsl_general+ngsl_rank_905+buffer_from_beginner_grade_3+intermediate_buffer_addition+grade_estimate_6
speech,894,106,6,0,n,tier1_ngsl_general+ngsl_rank_894+buffer_from_beginner_grade_3+intermediate_buffer_addition+grade_estimate_6
central,891,106,6,0,adj,tier1_ngsl_general+ngsl_rank_891+buffer_from_beginner_grade_3+intermediate_buffer_addition+grade_estimate_6
argument,879,107,6,0,n,tier1_ngsl_general+ngsl_rank_879+buffer_from_beginner_grade_3+intermediate_buffer_addition+grade_estimate_6
quarter,869,109,6,0,n,tier1_ngsl_general+ngsl_rank_869+buffer_from_beginner_grade_3+intermediate_buffer_addition+grade_estimate_6
middle,836,114,6,0,n,tier1_ngsl_general+ngsl_rank_836+buffer_from_beginner_grade_3+intermediate_buffer_addition+grade_estimate_6
organize,824,115,6,0,n,tier1_ngsl_general+ngsl_rank_824+buffer_from_beginner_grade_3+intermediate_buffer_addition+grade_estimate_6
express,818,116,6,0,n,tier1_ngsl_general+ngsl_rank_818+buffer_from_beginner_grade_3+intermediate_buffer_addition+grade_estimate_6
natural,817,116,6,0,adj,tier1_ngsl_general+ngsl_rank_817+buffer_from_beginner_grade_3+intermediate_buffer_addition+grade_estimate_6
worth,816,116,6,0,n,tier1_ngsl_general+ngsl_rank_816+buffer_from_beginner_grade_3+intermediate_buffer_addition+grade_estimate_6
village,815,116,6,0,n,tier1_ngsl_general+ngsl_rank_815+buffer_from_beginner_grade_3+intermediate_buffer_addition+grade_estimate_6
shall,807,118,6,0,v,tier1_ngsl_general+ngsl_rank_807+buffer_from_beginner_grade_3+intermediate_buffer_addition+grade_estimate_6
beautiful,792,121,6,0,adj,tier1_ngsl_general+ngsl_rank_792+buffer_from_beginner_grade_3+intermediate_buffer_addition+grade_estimate_6
nation,767,125,6,0,n,tier1_ngsl_general+ngsl_rank_767+buffer_from_beginner_grade_3+intermediate_buffer_addition+grade_estimate_6
season,750,126,6,0,n,tier1_ngsl_general+ngsl_rank_750+buffer_from_beginner_grade_3+intermediate_buffer_addition+grade_estimate_6
review,730,129,6,0,n,tier1_ngsl_general+ngsl_rank_730+buffer_from_beginner_grade_3+intermediate_buffer_addition+grade_estimate_6
behavior,706,135,6,0,n,tier1_ngsl_general+ngsl_rank_706+buffer_from_beginner_grade_3+intermediate_buffer_addition+grade_estimate_6
final,698,137,6,0,adj,tier1_ngsl_general+ngsl_rank_698+buffer_from_beginner_grade_3+intermediate_buffer_addition+grade_estimate_6
establish,696,137,6,0,adj,tier1_ngsl_general+ngsl_rank_696+buffer_from_beginner_grade_3+intermediate_buffer_addition+grade_estimate_6
notice,664,143,6,0,n,tier1_ngsl_general+ngsl_rank_664+buffer_from_beginner_grade_3+intermediate_buffer_addition+grade_estimate_6
pause,649,148,6,0,n,tier1_ngsl_general+ngsl_rank_649+buffer_from_beginner_grade_3+intermediate_buffer_addition+grade_estimate_6
feature,635,150,6,0,n,tier1_ngsl_general+ngsl_rank_635+buffer_from_beginner_grade_3+intermediate_buffer_addition+grade_estimate_6
source,623,155,6,0,n,tier1_ngsl_general+ngsl_rank_623+buffer_from_beginner_grade_3+intermediate_buffer_addition+grade_estimate_6
knowledge,619,155,6,0,n,tier1_ngsl_general+ngsl_rank_619+buffer_from_beginner_grade_3+intermediate_buffer_addition+grade_estimate_6
police,616,156,6,0,n,tier1_ngsl_general+ngsl_rank_616+buffer_from_beginner_grade_3+intermediate_buffer_addition+grade_estimate_6
compare,614,157,6,0,v,tier1_ngsl_general+ngsl_rank_614+buffer_from_beginner_grade_3+intermediate_buffer_addition+grade_estimate_6
voice,607,159,6,0,n,tier1_ngsl_general+ngsl_rank_607+buffer_from_beginner_grade_3+intermediate_buffer_addition+grade_estimate_6
prepare,604,160,6,0,v,tier1_ngsl_general+ngsl_rank_604+buffer_from_beginner_grade_3+intermediate_buffer_addition+grade_estimate_6
current,590,164,6,0,adj,tier1_ngsl_general+ngsl_rank_590+buffer_from_beginner_grade_3+intermediate_buffer_addition+grade_estimate_6
ground,586,165,6,0,n,tier1_ngsl_general+ngsl_rank_586+buffer_from_beginner_grade_3+intermediate_buffer_addition+grade_estimate_6
wrong,575,167,6,0,adj,tier1_ngsl_general+ngsl_rank_575+buffer_from_beginner_grade_3+intermediate_buffer_addition+grade_estimate_6
material,571,168,6,0,adj,tier1_ngsl_general+ngsl_rank_571+buffer_from_beginner_grade_3+intermediate_buffer_addition+grade_estimate_6
total,569,169,6,0,adj,tier1_ngsl_general+ngsl_rank_569+buffer_from_beginner_grade_3+intermediate_buffer_addition+grade_estimate_6
culture,568,170,6,0,n,tier1_ngsl_general+ngsl_rank_568+buffer_from_beginner_grade_3+intermediate_buffer_addition+grade_estimate_6
common,567,170,6,0,adj,tier1_ngsl_general+ngsl_rank_567+buffer_from_beginner_grade_3+intermediate_buffer_addition+grade_estimate_6
stage,551,177,6,0,n,tier1_ngsl_general+ngsl_rank_551+buffer_from_beginner_grade_3+intermediate_buffer_addition+grade_estimate_6
focus,550,177,6,0,n,tier1_ngsl_general+ngsl_rank_550+buffer_from_beginner_grade_3+intermediate_buffer_addition+grade_estimate_6
trade,544,179,6,0,n,tier1_ngsl_general+ngsl_rank_544+buffer_from_beginner_grade_3+intermediate_buffer_addition+grade_estimate_6
national,537,181,6,0,adj,tier1_ngsl_general+ngsl_rank_537+buffer_from_beginner_grade_3+intermediate_buffer_addition+grade_estimate_6
likely,535,183,6,0,adv,tier1_ngsl_general+ngsl_rank_535+buffer_from_beginner_grade_3+intermediate_buffer_addition+grade_estimate_6
measure,532,185,6,0,v,tier1_ngsl_general+ngsl_rank_532+buffer_from_beginner_grade_3+intermediate_buffer_addition+grade_estimate_6
amount,507,193,6,0,n,tier1_ngsl_general+ngsl_rank_507+buffer_from_beginner_grade_3+intermediate_buffer_addition+grade_estimate_6
raise,486,205,6,0,n,tier1_ngsl_general+ngsl_rank_486+buffer_from_beginner_grade_3+intermediate_buffer_addition+grade_estimate_6
action,474,210,6,0,n,tier1_ngsl_general+ngsl_rank_474+buffer_from_beginner_grade_3+intermediate_buffer_addition+grade_estimate_6
difference,473,212,6,0,n,tier1_ngsl_general+ngsl_rank_473+buffer_from_beginner_grade_3+intermediate_buffer_addition+grade_estimate_6
especially,460,220,6,0,adv,tier1_ngsl_general+ngsl_rank_460+buffer_from_beginner_grade_3+intermediate_buffer_addition+grade_estimate_6
available,459,220,6,0,adj,tier1_ngsl_general+ngsl_rank_459+buffer_from_beginner_grade_3+intermediate_buffer_addition+grade_estimate_6
sometimes,444,227,6,0,n,tier1_ngsl_general+ngsl_rank_444+buffer_from_beginner_grade_3+intermediate_buffer_addition+grade_estimate_6
account,436,231,6,0,n,tier1_ngsl_general+ngsl_rank_436+buffer_from_beginner_grade_3+intermediate_buffer_addition+grade_estimate_6
position,426,236,6,0,n,tier1_ngsl_general+ngsl_rank_426+buffer_from_beginner_grade_3+intermediate_buffer_addition+grade_estimate_6
general,404,248,6,0,adj,tier1_ngsl_general+ngsl_rank_404+buffer_from_beginner_grade_3+intermediate_buffer_addition+grade_estimate_6
along,388,257,6,0,n,tier1_ngsl_general+ngsl_rank_388+buffer_from_beginner_grade_3+intermediate_buffer_addition+grade_estimate_6
history,385,258,6,0,adj,tier1_ngsl_general+ngsl_rank_385+buffer_from_beginner_grade_3+intermediate_buffer_addition+grade_estimate_6
future,370,266,6,0,n,tier1_ngsl_general+ngsl_rank_370+buffer_from_beginner_grade_3+intermediate_buffer_addition+grade_estimate_6
clear,369,266,6,0,n,tier1_ngsl_general+ngsl_rank_369+buffer_from_beginner_grade_3+intermediate_buffer_addition+grade_estimate_6
office,343,288,6,0,n,tier1_ngsl_general+ngsl_rank_343+buffer_from_beginner_grade_3+intermediate_buffer_addition+grade_estimate_6
product,304,317,6,0,n,tier1_ngsl_general+ngsl_rank_304+buffer_from_beginner_grade_3+intermediate_buffer_addition+grade_estimate_6
local,300,321,6,0,adj,tier1_ngsl_general+ngsl_rank_300+buffer_from_beginner_grade_3+intermediate_buffer_addition+grade_estimate_6
together,294,334,6,0,adv,tier1_ngsl_general+ngsl_rank_294+buffer_from_beginner_grade_3+intermediate_buffer_addition+grade_estimate_6
actually,291,337,6,0,adv,tier1_ngsl_general+ngsl_rank_291+buffer_from_beginner_grade_3+intermediate_buffer_addition+grade_estimate_6
often,288,341,6,0,adv,tier1_ngsl_general+ngsl_rank_288+buffer_from_beginner_grade_3+intermediate_buffer_addition+grade_estimate_6
least,281,350,6,0,n,tier1_ngsl_general+ngsl_rank_281+buffer_from_beginner_grade_3+intermediate_buffer_addition+grade_estimate_6
close,239,416,6,0,v,tier1_ngsl_general+ngsl_rank_239+buffer_from_beginner_grade_3+intermediate_buffer_addition+grade_estimate_6
example,235,420,6,0,n,tier1_ngsl_general+ngsl_rank_235+buffer_from_beginner_grade_3+intermediate_buffer_addition+grade_estimate_6
market,219,450,6,0,n,tier1_ngsl_general+ngsl_rank_219+buffer_from_beginner_grade_3+intermediate_buffer_addition+grade_estimate_6
government,216,455,6,0,n,tier1_ngsl_general+ngsl_rank_216+buffer_from_beginner_grade_3+intermediate_buffer_addition+grade_estimate_6
however,203,479,6,0,adv,tier1_ngsl_general+ngsl_rank_203+buffer_from_beginner_grade_3+intermediate_buffer_addition+grade_estimate_6
state,199,494,6,0,n,tier1_ngsl_general+ngsl_rank_199+buffer_from_beginner_grade_3+intermediate_buffer_addition+grade_estimate_6
important,190,518,6,0,adj,tier1_ngsl_general+ngsl_rank_190+buffer_from_beginner_grade_3+intermediate_buffer_addition+grade_estimate_6
begin,189,518,6,0,v,tier1_ngsl_general+ngsl_rank_189+buffer_from_beginner_grade_3+intermediate_buffer_addition+grade_estimate_6
follow,188,521,6,0,v,tier1_ngsl_general+ngsl_rank_188+buffer_from_beginner_grade_3+intermediate_buffer_addition+grade_estimate_6
never,162,580,6,0,adv,tier1_ngsl_general+ngsl_rank_162+buffer_from_beginner_grade_3+intermediate_buffer_addition+grade_estimate_6
different,149,636,6,0,adj,tier1_ngsl_general+ngsl_rank_149+buffer_from_beginner_grade_3+intermediate_buffer_addition+grade_estimate_6
something,138,665,6,0,v,tier1_ngsl_general+ngsl_rank_138+buffer_from_beginner_grade_3+intermediate_buffer_addition+grade_estimate_6
start,136,669,6,0,v,tier1_ngsl_general+ngsl_rank_136+buffer_from_beginner_grade_3+intermediate_buffer_addition+grade_estimate_6
leave,126,699,6,0,v,tier1_ngsl_general+ngsl_rank_126+buffer_from_beginner_grade_3+intermediate_buffer_addition+grade_estimate_6
darkness,2780,18,6,0,n,tier1_ngsl_general+ngsl_rank_2780+buffer_from_beginner_grade_2+intermediate_buffer_addition+grade_estimate_6
happiness,2697,21,6,0,n,tier1_ngsl_general+ngsl_rank_2697+buffer_from_beginner_grade_2+intermediate_buffer_addition+grade_estimate_6
liquid,2692,21,6,0,n,tier1_ngsl_general+ngsl_rank_2692+buffer_from_beginner_grade_2+intermediate_buffer_addition+grade_estimate_6
confusion,2682,21,6,0,n,tier1_ngsl_general+ngsl_rank_2682+buffer_from_beginner_grade_2+intermediate_buffer_addition+grade_estimate_6
fiction,2679,22,6,0,n,tier1_ngsl_general+ngsl_rank_2679+buffer_from_beginner_grade_2+intermediate_buffer_addition+grade_estimate_6
nerve,2676,22,6,0,n,tier1_ngsl_general+ngsl_rank_2676+buffer_from_beginner_grade_2+intermediate_buffer_addition+grade_estimate_6
paragraph,2618,23,6,0,n,tier1_ngsl_general+ngsl_rank_2618+buffer_from_beginner_grade_2+intermediate_buffer_addition+grade_estimate_6
acceptable,2428,26,6,0,adj,tier1_ngsl_general+ngsl_rank_2428+buffer_from_beginner_grade_2+intermediate_buffer_addition+grade_estimate_6
height,2150,32,6,0,n,tier1_ngsl_general+ngsl_rank_2150+buffer_from_beginner_grade_2+intermediate_buffer_addition+grade_estimate_6
solid,2050,35,6,0,n,tier1_ngsl_general+ngsl_rank_2050+buffer_from_beginner_grade_2+intermediate_buffer_addition+grade_estimate_6
grateful,1977,36,6,0,adj,tier1_ngsl_general+ngsl_rank_1977+buffer_from_beginner_grade_2+intermediate_buffer_addition+grade_estimate_6
rural,1963,37,6,0,adj,tier1_ngsl_general+ngsl_rank_1963+buffer_from_beginner_grade_2+intermediate_buffer_addition+grade_estimate_6
urban,1918,38,6,0,n,tier1_ngsl_general+ngsl_rank_1918+buffer_from_beginner_grade_2+intermediate_buffer_addition+grade_estimate_6
valuable,1898,38,6,0,adj,tier1_ngsl_general+ngsl_rank_1898+buffer_from_beginner_grade_2+intermediate_buffer_addition+grade_estimate_6
producer,1804,41,6,0,n,tier1_ngsl_general+ngsl_rank_1804+buffer_from_beginner_grade_2+intermediate_buffer_addition+grade_estimate_6
chart,1741,44,6,0,n,tier1_ngsl_general+ngsl_rank_1741+buffer_from_beginner_grade_2+intermediate_buffer_addition+grade_estimate_6
outcome,1626,49,6,0,n,tier1_ngsl_general+ngsl_rank_1626+buffer_from_beginner_grade_2+intermediate_buffer_addition+grade_estimate_6
division,1522,53,6,0,n,tier1_ngsl_general+ngsl_rank_1522+buffer_from_beginner_grade_2+intermediate_buffer_addition+grade_estimate_6
tough,1469,57,6,0,n,tier1_ngsl_general+ngsl_rank_1469+buffer_from_beginner_grade_2+intermediate_buffer_addition+grade_estimate_6
citizen,1451,58,6,0,n,tier1_ngsl_general+ngsl_rank_1451+buffer_from_beginner_grade_2+intermediate_buffer_addition+grade_estimate_6
square,1443,58,6,0,n,tier1_ngsl_general+ngsl_rank_1443+buffer_from_beginner_grade_2+intermediate_buffer_addition+grade_estimate_6
freedom,1399,61,6,0,n,tier1_ngsl_general+ngsl_rank_1399+buffer_from_beginner_grade_2+intermediate_buffer_addition+grade_estimate_6