ID,Title,Level,Total_Words,Unique_Words,Coverage_Ratio,New_Word_Count,New_Words,Flesch_Kincaid_Grade,Candidate
12,Anarchism,beginner,6793,1932,0.15854556160753716,1923,"'anarchism', a, ability, able, abolish, abolishing, abolition, about, above, abstentionism, academia, academic, academics, accept, acceptance, accepting, according, accused, achieve, achieved, acknowledging, acquiring, act, action, actions, active, activism, activist, activists, activity",16.086762109411755,False
39,Albedo,beginner,3889,1073,0.14476729236307534,1065,"'black', a, about, above, absolute, absorb, absorbed, absorbing, absorbs, absorption, achieve, achieved, across, act, activities, acts, actual, adding, adjacent, aerosol, aerosols, affect, affected, affects, afforestation, afternoon, air, airless, airliner, aka",13.410712795264946,False
290,A,beginner,1713,544,0.20140105078809106,536,"'aleph, a, aardvark, aaron, abbreviations, abjad, about, above, ace, ad, adopted, advent, ae, aes, after, ages, aleph, algebra, all, along, alpha, alphabet, alphabets, also, although, american, among, an, anarchy, ancestor",15.160446050242136,False
303,Alabama,beginner,11706,2803,0.1875961045617632,2794,"'clearers, 'herb, 'here, 'plants', 's, 'to, 'weeds', a, abandoned, abc, abhe, ability, abortion, abortions, about, academic, access, according, accounted, accounts, accreditation, accrediting, achievement, acics, acquired, acres, across, act, acting, active",12.998679316888047,False
305,Achilles,beginner,7542,2285,0.18217979315831345,2275,"'folk, 'narrators', 'river, 's, a, aback, abandoned, abandons, able, about, abrantes, absolute, absorbed, accepting, accident, accidentally, according, account, accounted, accounting, accounts, ach, achaean, achaeans, achaia, acheans, achelous, acheron, achileii, achill",12.313329224285528,False
307,Abraham Lincoln,beginner,13961,3359,0.18014468877587567,3349,"'em, 'radicalism', a, abate, abe, ability, able, abolish, abolished, abolishing, abolition, abolitionist, abolitionists, about, above, abraham, abraham's, abroad, absence, absorbed, abundance, abuse, accept, acceptance, accepted, according, account, accused, acknowledged, acquittal",12.260133543862228,False
308,Aristotle,beginner,10100,2572,0.18108910891089108,2563,"', 'act', 'aristotle', 'be, 'covering, 'generation', 'memory', 'what, a, abelard, ability, able, about, above, absence, absurd, absurdity, abydus, academia, academics, academy, academy's, accepted, accident, accidental, accidents, accompanied, accompanying, accomplished, accordance",13.739339318531211,False
309,An American in Paris,beginner,1763,695,0.184344866704481,685,"a, able, about, abroad, absorbs, accomplished, according, actual, advice, after, album, all, allegretto, allegro, already, also, although, alto, america, american, among, an, andante, andre, announced, apocryphal, applause, aragon, archives, around",13.508194787464145,False
316,Academy Award for Best Production Design,beginner,309,195,0.12297734627831715,188,"a, academy, achievement, adam, alexander, alphabetical, also, ames, ampas, are, art, arts, award, awarded, awards, b, bafta, being, below, best, blumenthal, box, branch, bumstead, burt, but, by, c, callahan, cameron",9.596973742768139,False
324,Academy Awards,beginner,8025,2019,0.1849221183800623,2009,"'oscars', 's, a, abandoned, abc, abc's, ability, able, about, academy, academy's, accelerated, accept, acceptance, accepted, accepting, accessed, acclaim, acclaimed, according, accusations, achieved, achievement, achievements, acknowledged, across, acting, action, active, activist",14.130190047800294,False
330,Actrius,beginner,382,210,0.14397905759162305,201,"'best, a, about, actors, actress, actress', actresses, actrius, adaptation, all, almost, also, american, an, anna, archived, as, assumpta, at, award, awards, barcelona, based, been, beneath, benet, best, bitchiness, bitchy, but",16.43376623376624,False
332,Animalia (book),beginner,362,187,0.1685082872928177,179,"a, about, abrams, accompany, activity, adaptations, additional, aids, airs, alligator, alliterative, along, alphabet, also, american, an, animal, animalia, animals, anniversary, appbooks, application, are, armadillo, as, australia, australian, australian's, author, award",11.685000000000002,False
334,International Atomic Time,beginner,1193,420,0.17099748533109807,412,"a, abbreviated, about, above, adjusted, adjustments, afterward, against, all, also, altitudes, am, an, another, anything, apart, applied, approximate, approximated, are, arrangement, as, aside, at, atom, atomic, atomichron, atomique, average, averaging",11.992237392864265,False
336,Altruism,beginner,5450,1562,0.15724770642201835,1552,"'good, a, abiding, ability, able, about, above, abraham, accepts, according, accounted, achieve, achieving, acknowledges, acquire, across, act, acting, action, actions, activated, activity, actor, acts, adaptations, adaptive, adhesion, adulterous, adults, advocating",14.586390999259809,False
339,Ayn Rand,beginner,6167,1782,0.1495054321388033,1772,"', 'intuition, 'just, 'revelation, 'to, a, a's, able, abortion, about, above, absolute, academe, academia, academic, academics, academy, accepted, according, accurately, accused, achieved, achievement, achievements, acknowledged, acknowledgement, acknowledging, acquired, acting, active",13.75422344029867,False
340,Alain Connes,beginner,753,303,0.22310756972111553,295,"a, about, academic, academies, academy, advanced, alain, algebra, algebras, almost, also, alumni, american, amp, an, analysis, analysts, andr, applied, april, areas, around, arts, as, associates, at, attended, authors, award, awarded",17.606094176524113,False
344,Allan Dwan,beginner,1106,575,0.15822784810126583,566,"a, abroad, accessed, accident, acclaimed, according, accusing, actor, after, age, alcoholic, alive, all, allan, alley, allowed, allowing, almost, aloysius, also, american, an, angel, angeles, annie, april, argentine, around, as, associate",17.419235766595794,False
358,Algeria,beginner,11500,3040,0.19069565217391304,3031,"'ir, a, aarayech, aarc, abandoned, abandoning, abassa, abbasids, abbreviated, abd, abdalwadid, abdelaziz, abdelhamid, abdelkader, abdelkhader, abdelmadjid, ability, able, abou, abounds, about, abstention, abu, abundance, acacias, academia, accelerated, acceptance, accepted, access",12.542173216260249,False
359,List of Atlas Shrugged characters,beginner,4530,1503,0.1947019867549669,1493,"'unification', a, abandoned, abandons, abhors, ability, about, absurdity, accepting, accidentally, according, achieve, achievement, achievements, achieves, across, act, acted, action, actions, actress, actually, adding, adherents, admiration, admire, admission, admits, adventures, advocates",10.640127114929431,False
569,Anthropology,beginner,7545,1975,0.16713055003313454,1965,"'aesthetic', 'aesthetics', 'art, 'art', 'artistic', 'cultural, 'literature', 'other, 'painting', 'peripheral', 'sculpture', 'social, 'sociocultural', a, aaa, abandoned, ability, aborigines', about, abstract, academia, academic, accepting, access, accommodated, according, account, accounts, acculturation, accuse",17.50751185636857,False
572,Agricultural science,beginner,795,428,0.11572327044025157,421,"a, academy, act, activities, adato, adverse, after, agrarie, agricultural, agriculture, agriculturists, agriscience, agroclimatology, agroecology, agrology, agronomic, agronomy, albert, also, america, american, animal, animals, ans, antonio, application, are, artificial, artturi, as",17.568106065763498,False
573,Alchemy,beginner,8857,2537,0.16472846336231228,2528,"', 'alchemical, 'ambix', 'black, 'decknamen', 'experiments', 'god, 'his', 'isis', 'the, 'the', a, ab, abandon, abelard, abelard's, able, about, above, absent, abstinence, academic, accelerators, acceptance, access, accessible, accomplished, accordance, according, accredited",14.111114374848068,False
579,Alien,beginner,748,305,0.10294117647058823,299,"a, above, actress, ahead, album, albums, alian, alians, alice, alien, alienoid, aliens, also, american, an, anderson, animorphs, annie, anthology, applegate, armenian, arts, astrobiology, atari, atlanta, atliens, australian, australianitalian, backing, baker",49.52877831282325,False
580,Astronomer,beginner,723,347,0.12171507607192254,339,"a, able, academic, added, aiding, allowing, almost, along, also, although, amateur, amateurs, ambitious, america, american, among, an, analysis, analyze, analyzing, any, approximately, are, armchair, as, assist, astronomer, astronomers, astronomers', astronomical",16.593070107192258,False
586,ASCII,beginner,5100,1273,0.1492156862745098,1263,"', a, abbreviated, abbreviation, abort, about, above, accented, acceptance, accidental, accommodated, according, accurately, ack, acknowledge, acronym, actual, adapted, added, adding, addition, additional, address, addressed, adds, adjacent, adopted, advance, advances, affecting",13.563984255412205,False
593,Animation,beginner,5514,1685,0.14345302865433443,1677,"'cartoon', a, abenteuer, about, academy, accomplishment, acetate, achieve, achmed, across, action, actors, actors', actual, actually, adapted, added, addition, adult, adults, advance, advanced, advection, advent, adventures, advertisements, aesthetic, affordable, after, afterward",15.002055812708388,False
594,Apollo,beginner,19132,3890,0.18246916161404975,3881,"'apollo', 'mercury, 'role', a, abae, abaeus, abaios, abandoned, abaris, abdomen, abe, ability, able, aboard, about, above, absence, absolved, absorbed, abstain, academica, accepted, access, accidentally, accompanied, accordance, according, accordingly, account, accounts",9.523686233571862,False
595,Andre Agassi,beginner,8501,1795,0.18938948359016586,1786,"a, able, about, above, abused, abusive, academics, academy, acceptance, accommodates, accurate, achieve, achieved, achievement, achievements, acquired, acre, action, actress, acura, ad, addition, additional, adds, adidas, admitted, advance, advanced, advertisement, advertisements",10.632188426021049,False
597,Austroasiatic languages,beginner,3824,1149,0.12186192468619247,1140,"', 'boat', 'catfish, 'crab', 'crocodile', 'eel', 'fish, 'fish', 'heron, 'otter', 'prawn', 'recognized, 'river, 'shrimp', 'tortoise', 'turtle', a, abandoned, aberrant, about, absorbed, accepted, accepts, access, according, account, aceh, acehnese, actually, adams",14.400670596778454,False
599,Afroasiatic languages,beginner,7801,1585,0.16369696192795796,1576,"', 'causative', 'middle, 'passive', 'proto, 'reflexive', a, aa, abandon, abbreviations, about, above, absence, absent, absolute, abstract, academic, accent, acceptable, acceptance, accepted, according, accusative, across, action, actual, ad, added, adding, addition",14.270954803477707,False
600,Andorra,beginner,8304,2310,0.19689306358381503,2301,"', a, able, about, above, absolute, abundant, academic, acb, access, accordance, according, accounts, accused, achieved, acquired, acquisition, across, acta, acted, action, actions, active, activities, activity, actually, adapt, addition, additional, administered",13.144439864134444,False
612,Arithmetic mean,beginner,1482,432,0.21322537112010798,425,"a, about, above, academic, across, addition, additional, additive, all, almost, also, always, amount, an, analog, angle, angles, anthropology, any, appear, application, applications, are, arithmetic, arithmetically, arranged, artificially, as, assumed, average",13.695559873904223,False
615,American Football Conference,beginner,1347,417,0.1915367483296214,409,"a, abbreviation, abc, add, added, adding, addition, adopted, afc, afc's, afl, afl's, aforementioned, after, afternoon, again, against, agree, agreed, aired, all, allows, along, already, also, american, among, an, angeles, appearance",14.170954757448833,False
620,Animal Farm,beginner,6808,2050,0.18390129259694477,2040,"'when, a, abandoned, abbreviates, abdicated, able, abolishes, abortive, abound, about, abridged, absent, abusing, academic, accept, accepted, access, according, account, accusations, accused, ace, acknowledgement, acquire, acquires, acre, act, action, actions, active",13.346949127063585,False
621,Amphibian,beginner,12021,2743,0.1681224523750104,2734,"'both, 'life', 'of, a, abdomen, abilities, ability, able, about, above, absorbed, abundant, accepted, access, accessory, accomplished, according, account, accumulates, acetylcholine, ache, acid, action, active, actively, activities, activity, acts, actual, adapt",12.052903685405184,False
624,Alaska,beginner,11733,2738,0.1807721810278701,2729,"'bed', 's, a, aboard, about, above, absences, absolute, abundance, abundant, abuse, academic, academy, acceptance, accepting, access, accessible, accommodate, according, account, accounting, accredited, accurately, achievers, acquaintances, acreage, acres, across, act, action",12.252031474439004,False
627,Agriculture,beginner,8702,2177,0.16030797517811998,2169,"'cultivation', 'field', 'growing, 'growing', 'intensification', a, abandoned, able, about, absent, absorb, abundance, abundant, accelerating, access, accidents, accomplishment, according, account, accounts, accumulate, achieving, acidification, acquired, acre, acreage, acres, across, act, action",14.901060592695796,False
628,Aldous Huxley,beginner,4351,1515,0.15605607906228453,1506,"'pacifism, a, aalter, able, about, academy, accepted, according, account, accounts, achievements, acknowledged, act, active, activists, acts, adaptations, addressing, adjourn, admired, advanced, adventures, advisor, advocates, after, afterwards, again, age, aged, agnostic",13.282322361340785,False
633,Algae,beginner,4347,1493,0.14124683689901082,1485,"'be, 'binding, 'dark, 'paint', 'seaweed', 'stems', a, abalone, abandoned, abandonment, about, above, absorb, abundance, accelerate, accomplished, according, accordingly, account, accumulated, accurate, acetabularia, acid, acids, acquired, acquisition, across, action, added, addition",13.79195561231846,False
634,Analysis of variance,beginner,5212,1203,0.16864927091327706,1195,"a, ability, about, above, accepted, according, account, achieve, achieving, across, action, activity, add, added, adding, addition, additional, additive, additivity, address, adequate, adequately, adjusting, adjustment, administrative, adult, advantage, advantages, advised, affecting",13.961988157836597,False
639,Alkane,beginner,6553,1581,0.1497024263696017,1573,"'paraffin, 'paraffins', a, abbreviated, ability, about, above, absence, absent, absorbs, absorption, abstraction, abstracts, abundances, accessible, accommodate, according, accurately, acid, acids, across, activation, active, activity, acts, actual, actually, acyclic, add, added",12.625200438257284,False
640,Appellate procedure in the United States,beginner,3673,807,0.18867410835829024,798,"', 'the, a, ability, able, absence, abuse, access, acquittal, act, acted, acting, action, actual, addition, adequate, adequately, adjudicative, administrative, admissible, admitting, adversarial, affirm, affirmance, affirmed, affirming, affirms, afford, afresh, after",13.219629414984386,False
642,Answer (law),beginner,272,149,0.12867647058823528,142,"'changing, a, accumulated, adverse, after, an, answer, answers, any, appearance, arraignment, as, assertion, authoritative, became, been, before, body, by, case, cases, certain, civil, colloquially, comes, common, complaint, contentious, correct, counter",14.217542087542089,False
643,Appellate court,beginner,1469,400,0.14976174268209666,392,"a, able, abolished, abstracts, abuse, across, action, affirmed, air, alabama, all, allow, allowed, also, amendment, american, an, anew, another, any, appeal, appealed, appeals, appellant's, appellate, applied, are, areas, argument, army",12.937427600271928,False
649,Arraignment,beginner,1164,378,0.2027491408934708,370,"'no, a, able, above, accept, acceptable, accused, act, additional, addressed, addresses, advice, africa, after, against, alford, alleged, allowed, allows, also, amendment, among, amount, an, another, any, anyone, appear, appearance, appearances",12.882658020477816,False
651,America the Beautiful,beginner,1754,728,0.18358038768529075,719,"'black, a, abbreviated, accompany, ad, adaptable, added, addition, additionally, adkins, administration, after, age, ahead, aired, album, all, also, amber, amended, america, america's, american, americans, amos, an, another, anthem, antlers, any",11.947725054192968,False
653,Assistive technology,beginner,5891,1697,0.1449668986589713,1689,"a, aac, abandoned, abilities, ability, about, above, absolute, accelerometers, acceptability, acceptance, access, accessibility, accessible, accessory, accommodate, accommodation, accompanied, accompanying, accomplish, accomplishing, according, accordingly, achieving, acoustic, acquired, act, activated, activating, activation",15.326900246221303,False
655,Abacus,beginner,3802,1158,0.18621778011572857,1149,"'counter, a, abaci, abacist, abacists, abacus, abacuses, abakos, abax, abh, abhidharmako, able, about, according, account, accounting, accounts, achaemenid, acquire, act, ad, adapted, addition, adopted, adoption, adopts, advanced, advantage, affordability, africa",11.84021851810419,False
656,Acid,beginner,5193,1114,0.15674947044097823,1106,"'sour', a, ability, able, above, accept, acceptor, accepts, accompanied, according, acetate, acetic, acetylsalicylic, acid, acidic, acidity, acids, activates, activity, acts, acyl, added, adding, addition, additional, additionally, additives, adjusting, advantages, after",13.431570148203086,False
657,Bitumen,beginner,8350,2219,0.17652694610778444,2210,"'breaking', a, abandoned, ability, aboriginal, about, above, absence, absorb, absorption, accadian, accessible, according, account, accounts, accumulating, achieved, achieving, acid, acids, acquire, across, acting, activity, acts, actually, ad, added, adding, addition",13.510790397783683,False
659,American National Standards Institute,beginner,1435,553,0.17770034843205576,545,"a, academic, acceptance, access, accessible, accordance, according, accreditation, accredited, accrediting, accredits, activities, adam, addition, additional, administers, adopted, adoption, advocates, aesc, affiliated, agencies, aiee, aime, all, alleging, almost, alphabets, also, although",14.868943565037856,False
662,Apollo 11,beginner,11195,2670,0.18186690486824475,2660,"'s, a, abandon, abandoned, abc, abernathy, ability, able, aboard, abort, about, above, abruptly, absence, absolutely, abstract, aca, acceleration, accent, acceptable, accepted, access, accidentally, accompanying, accomplish, accomplished, accomplishment, accordance, according, accused",11.706039854608417,False
663,Apollo 8,beginner,7948,1839,0.1936336185203825,1829,"', 's, a, abandoned, able, about, above, absorb, absorbing, academy, accelerating, accidentally, achieve, achieved, achievement, acquire, across, activity, actual, actuality, actually, adaptation, adapts, add, added, addition, additional, additionally, address, adept",11.508840147262784,False
664,Astronaut,beginner,4319,1343,0.1558231072007409,1334,"'sailor', 'sky', 'space', 'star', a, abdul, abdulaziz, ability, able, aboard, about, above, acaba, accelerate, accept, accepted, access, accident, accompanied, accumulate, across, active, activities, activity, actual, adaptions, adaptive, addition, address, administration",13.354256468762305,False
665,A Modest Proposal,beginner,2239,896,0.17954443948191157,886,"'a, 'melancholy', 'modest, a, about, absurdity, abuses, account, accusing, acknowledges, acquaintance, activist, actually, add, addressing, adopts, adultery, affinity, after, against, age, aggravation, agreement, aimed, alienate, aligned, all, allow, allusion, almost",15.410501957494407,False
666,Alkali metal,beginner,15839,2480,0.16579329503125198,2471,"', a, abandoned, ability, able, abnormally, about, above, absence, absolute, absorb, absorbed, absorbs, absorption, abundance, abundant, academic, accelerator, acceptor, accident, accidents, accomplished, accordance, account, accurate, acetylene, acetylide, acetylides, achieve, acid",15.191973990323145,False
670,Alphabet,beginner,4538,1105,0.18245923314235346,1097,"', 'spell, a, abandoned, abc, abcde, abecedarium, abgad, abjad, abjadi, abjads, aboriginal, about, abugida, abugidas, academies, accented, according, accuracy, achieve, achieved, acquired, acrophony, across, ad, adaptations, adapted, added, adding, additional",12.477440176871056,False
673,Atomic number,beginner,1676,507,0.17362768496420047,498,"'number', a, about, above, accomplished, addition, after, ahead, all, almost, alone, alpha, also, alternate, aluminium, always, among, an, anodic, antonius, any, apparent, appeared, apply, approximately, are, argon, arithmetic, arranged, as",16.302244627385686,False
674,Anatomy,beginner,6440,1776,0.1920807453416149,1767,"a, abdomen, aberdeen, able, about, above, abundant, academic, accurate, accurately, achievements, achillini, achromatic, acid, acids, act, action, active, activity, acts, adaptations, adapted, addition, adhesion, adipose, adopted, adulthood, advance, advanced, advances",12.591234294531052,False
675,Affirming the consequent,beginner,953,332,0.2088142707240294,322,"'the, a, abbreviated, abductive, about, academic, action, additional, affirm, affirming, also, alternatively, among, an, animal, another, antecedent, antecedents, any, appeal, applying, are, argument, arguments, arises, articles, as, assuming, assumptions, attention",10.751983413685696,False
676,Andrei Tarkovsky,beginner,6252,1749,0.18426103646833014,1739,"a, abalov, abbado, abbas, abdusalmov, ability, able, abort, about, above, abramov, abroad, academic, academy, acclaim, accompanied, accomplishment, according, accused, acquaintance, across, act, acted, acting, action, active, actor, actors, adaptation, added",11.315269230227226,False
677,Ambiguity,beginner,3721,1199,0.16124697661918838,1189,"'authoritatively, 'dialectically, 'mysterium, a, able, about, absorption, according, accuracy, achieve, acted, acting, actually, adding, addition, addressed, adimensional, aesthetic, africa, after, agreed, agreements, algorithmic, allow, allowed, allows, almost, also, alternately, although",13.80593913737465,False
678,Abel,beginner,757,350,0.21268163804491413,342,"'s, a, abel, abel's, ablu, abraham, abrahamic, accepted, according, accusative, adam, addition, additional, after, ahmad, akkadian, alexandrian, along, always, an, angelic, anush, apocryphon, appointed, are, article, as, assyrian, at, b",10.552444958168213,False
680,Aardvark,beginner,3411,1234,0.1706244503078276,1225,"'thumb', a, aarde, aardvark, aardvark's, aardvarks, ability, able, about, abundance, accompany, account, achieved, active, activity, acts, actually, adametzi, adapted, admired, adult, adverse, aethiopicus, afer, affected, affinities, africa, african, africanus, afrikaans",9.795893309833655,False
681,Aardwolf,beginner,1932,732,0.14906832298136646,724,"a, aardvark, aardwolf, aardwolf's, aardwolves, abandoned, about, abundant, accompanied, achieve, active, actually, adapted, add, adept, adult, africa, african, afrikaans, after, afternoon, age, ages, all, along, also, an, anal, analysis, anders",10.02475075830436,False
682,Adobe,beginner,2474,831,0.15885206143896524,822,"'canal', a, able, about, above, acceleration, accordingly, account, achaemenid, across, activity, ad, added, addition, adequate, adobe, adopted, advantage, advantages, adviser, africa, after, against, ages, agreement, air, aka, al, allow, allowed",11.25214233092677,False
683,Adventure,beginner,715,348,0.12307692307692308,340,"a, about, according, achieve, activities, adventure, adventurer, adventures, adventurous, adversity, ages, allows, also, an, ancient, andr, are, ark, arousal, as, assumes, author, based, be, became, becomes, becoming, best, bold, books",14.169264680028132,False
689,Asia,beginner,6703,1849,0.19797105773534238,1840,"'ali, 'southeast, 'stans, 'u'll, a, aaron, abdus, able, about, above, abrahamic, abundant, academics, accepted, accidental, according, achievements, achiever, across, act, active, activist, activities, activity, actually, ada, adapting, adhere, adhered, adherence",14.192510235637275,False
690,Aruba,beginner,9253,2513,0.19128931157462445,2504,"'s, a, aanleg, abandoned, abc, able, aboriginals, about, absent, abundant, access, accessible, accident, accordance, according, account, accurate, achtergronden, acknowledge, acknowledging, acquired, acres, across, act, actions, active, activities, acts, ad, add",12.120013921303691,False
691,Articles of Confederation,beginner,6561,1690,0.18030787989635727,1680,"', 'the, a, ability, abolition, absence, absent, accedes, accept, acceptance, accomplishments, according, account, achieved, acres, act, acted, acting, action, actions, acts, adams, added, additionally, address, addressed, addressing, adjourn, adjourned, administration",15.245497313944743,False
698,Atlantic Ocean,beginner,8128,1990,0.1937746062992126,1982,"', 'sea, 'the, a, abalone, abandon, abandoned, abolished, about, above, absolutist, abundance, abundant, abyss, abyssal, acceptance, access, accommodate, accompanied, accumulate, accumulated, across, acting, active, activities, activity, adapt, adjacent, adriatic, adults",13.432230846334456,False
700,Arthur Schopenhauer,beginner,13541,3420,0.17642714718263053,3410,"'great, 'lord', 'representation', 'subject, a, aberrations, abgeschmackten, abhor, abilities, able, abnormit, abnormity, abolition, abolitionists, about, above, abridged, abroad, absorption, absurd, academia, academic, academies, accept, accepted, access, accidental, accidentally, accompanied, accompanies",13.14772752392675,False
701,Angola,beginner,9496,2613,0.18860572872788542,2604,"', 'kingdom, 'not, 's, a, abandoned, able, abolished, abortive, about, abra, abroad, absence, absentee, abstaining, abundance, abundant, abuses, accepted, access, acclaim, accompanied, according, accords, account, accountability, accounts, accumulate, accumulated, accumulation",13.354695961385755,False
704,Demographics of Angola,beginner,1253,443,0.12928970470869913,435,"a, able, about, according, accounts, addition, adheres, adults, affiliations, africa, african, africans, age, aged, aids, all, also, ambundu, american, among, amount, an, angola, angola's, angolan, angolans, annual, annually, any, are",9.036384152935938,False
705,Politics of Angola,beginner,1406,545,0.20128022759601708,537,"a, abroad, absolute, accepted, action, active, administrative, adopted, adoption, advised, afdb, affected, africa, african, after, against, aligned, all, almost, also, amundsen, an, angola, angola's, angolan, angolans, another, ant, anton, any",14.968148072884919,False
706,Economy of Angola,beginner,2703,961,0.1757306696263411,953,"a, abandoned, abolished, about, above, abroad, absorbed, abundant, accord, according, account, accounted, accounts, across, actions, actively, activist, activities, addition, administrative, advantage, affairs, affordable, africa, african, after, aftermath, against, agency, agreements",12.962122076075367,False
708,Transport in Angola,beginner,259,150,0.08494208494208494,147,"a, aeroflot, african, agency, air, airlines, airports, airstrips, airways, all, an, angola, angolan, april, are, at, atlantic, barra, began, bengo, benguela, british, brussels, build, by, cabinda, cargo, carriers, catumbela, caxito",20.940562060889935,False
709,Angolan Armed Forces,beginner,1927,725,0.19045147898287493,717,"'angola', 's, a, ab, abortive, about, academy, accord, accordance, accords, acquire, acquired, actions, additional, administration, adverse, affairs, african, afrique, against, age, agreement, agriculture, aims, air, aircraft, al, all, also, ambriz",14.437833872043509,False
710,Foreign relations of Angola,beginner,298,156,0.17785234899328858,148,"a, affinities, africa, african, aid, aligned, also, americas, anglophone, angola, angola's, angolan, are, as, asia, asserting, association, at, based, bilateral, bloc, brazil, brazzaville, carry, central, citizens, civil, community, conflict, congo",15.880872483221477,False
711,Albert Sidney Johnston,beginner,5923,1637,0.1674826945804491,1627,"', 'i, a, abandoned, abigail, abolitionism, abolitionists, about, above, abraham, absence, abundant, academy, accepted, accident, accidental, accompanied, accompany, account, accounts, accused, across, act, acting, action, actions, active, activists, add, addition",10.718636368927069,False
713,Android (robot),beginner,2738,1065,0.1523009495982469,1056,"'s, a, aaai, abbreviation, able, about, abridgment, abuse, academy, accompany, act, activating, activities, actor, actroid, actual, actuator, adam, adaptation, added, addition, advanced, advancement, advances, aerospace, affirming, after, against, age, ai",12.659272566002297,False
717,Alberta,beginner,9230,2284,0.18039003250270855,2275,"', 'composite, 'local, a, aboard, aboriginal, about, above, abundances, access, accompany, according, achievement, acicularis, across, act, actions, acts, added, addition, additional, additionally, adequate, administer, administrative, adopt, advantage, advent, adventists, affected",12.227762219593231,False
728,List of anthropologists,beginner,808,605,0.02103960396039604,602,"a, abdellah, adair, adam, adamson, afanasy, aihwa, alan, albert, albright, alden, ale, alfred, alice, also, altman, alvin, ambedkar, anatoly, andrey, angioni, ann, anthony, anthropologists, anton, appadurai, arjun, arthur, arturo, asad",12.572073658062425,False
734,Actinopterygii,beginner,1897,842,0.11017395888244597,835,"a, about, above, abundant, acanthomorpha, acanthopteri, acanthopterygii, acipenseriformes, actinopteri, actinopterygian, actinopterygians, actinopterygii, added, adjacent, aeduelliformes, after, again, air, al, albuliformes, aldinger, alepocephali, alepocephaliformes, all, already, also, although, amiiformes, amphibious, an",14.826153846153847,False
736,Albert Einstein,beginner,13126,3186,0.17949108639341765,3176,"'chosen', 'draft', 'ethical, 'great, a, aarau, abandoned, abba, abdominal, ability, able, about, absent, absorption, academia, academic, academics, academy, accelerated, acceleration, accept, acceptance, accepted, access, accommodate, accompanying, accomplished, accomplishments, accordance, accorded",14.384954846675374,False
737,Afghanistan,beginner,13695,3188,0.1895582329317269,3179,"'alam, 'farsi', a, aamir, abandoned, abaya, abdalis, abdicated, abdul, abdullah, abdur, ability, able, abolished, abolishing, abolition, about, above, absorbed, academy, acb, acc, accept, acceptable, accepted, access, accessing, accidents, accompanied, accompanying",12.819479473432505,False
738,Albania,beginner,13840,3394,0.19848265895953757,3384,"', a, aac, abdyl, abolish, abolition, about, above, abroad, absence, absorbed, abundant, academic, access, accession, accidents, acclaimed, accompanied, according, account, accounted, accounting, achieve, achieved, achievement, achieving, acknowledged, acknowledging, across, action",14.182670341350075,False
740,Allah,beginner,3193,1024,0.20263075477607265,1014,"'if, 'ikhl, 'il, 'in, 'l, 'the, 'to, a, ab, abd, abdul, abdullah, abode, about, above, abraham, abrahamic, absolute, abu, according, actions, actual, ad, added, addison, addition, additionally, adopted, affirm, affixed",12.539490426827868,False
746,Azerbaijan,beginner,11169,2984,0.1895424836601307,2975,"'promote, a, abbas, abbasid, abdullayev, able, about, above, abroad, absheron, absolute, abulfaz, abundance, abuses, academy, accelerated, access, accompany, accomplishment, accomplishments, according, accountable, accounts, accused, acg, achaemenid, achaemenids, achieved, action, active",13.582677234698373,False
748,Amateur astronomy,beginner,3503,1110,0.14045104196403083,1101,"a, aavso, ab, able, about, academic, accurate, achievement, acquire, active, activities, activity, actor, add, additional, adjust, adoption, advanced, advances, advantage, advantages, advent, advise, after, aid, ainslie, akin, alan, albert, alcock",13.983166153712776,False
751,Aikido,beginner,4194,1273,0.1664282308059132,1264,"'combine, 'enter, 'i, 's, a, abdomen, abe, ability, able, about, according, act, action, actions, active, acupunture, adaptation, adaptations, add, addition, additionally, addresses, adductive, adjust, advanced, aeteological, africa, after, against, age",12.126857999837615,False
752,Art,beginner,9667,2649,0.16406330816178752,2639,"'art', 'harmony', a, abandonment, abbreviation, ability, able, aboriginal, about, above, abrasion, absent, absolute, abstract, abuse, academic, accepted, access, accessible, accessories, according, accurate, achieved, achieving, acknowledged, acquired, across, act, acting, action",13.54312079907729,False
764,Agnostida,beginner,611,301,0.14566284779050737,294,"a, absence, act, adult, agnostid, agnostida, agnostidan, agnostidans, agnostids, agnostina, allowing, along, although, always, an, analyses, animals, any, appear, appearances, appears, appendages, are, areas, arthropods, artiopoda, artiopodans, as, association, based",14.11656364974246,False
765,Abortion,beginner,8194,1884,0.1447400536978277,1875,"a, abdomen, abdominal, able, abnormal, abnormalities, abort, aborted, abortifacient, abortifacients, aborting, abortion, abortionist, abortions, abortive, abortives, about, above, absence, access, accessible, accidental, accomplished, according, account, accounting, accounts, acid, across, acting",14.603757455497007,False
766,Abstract (law),beginner,203,111,0.15270935960591134,105,"a, abstract, abstracts, affect, agreements, all, also, an, any, application, are, art, be, before, binding, brief, building, by, called, came, chain, common, contains, context, cooperation, deeds, defining, describes, disclosure, document",14.345068407960202,False
771,American Revolutionary War,beginner,17262,3288,0.16933147955045766,3279,"', 'extermination', 'foreign, 'foul, 'of, 'seventy, a, abandon, abandoned, abiding, ability, able, aboard, abolish, abolition, abolitionist, aborted, abortive, about, above, abraham, academy, accept, acceptance, accepted, access, accompanied, accordingly, account, accused",14.952343962014599,False
772,Ampere,beginner,1023,328,0.18963831867057673,320,"a, abampere, accumulated, accurate, accurately, adding, after, all, along, also, alternatively, ammeter, amount, amp, ampacity, ampere, amperes, an, analogy, andr, apart, appliances, approximately, are, as, at, atom, attractive, average, balance",14.662994379151765,False
775,Algorithm,beginner,11148,2238,0.15769644779332614,2228,"', 'effort', 'elegant, 'mechanical, 'simple, a, a', abacus, abandoned, about, above, abs, abstract, abstractly, absurdum, academy, accepted, access, according, account, accounting, accumulating, accurate, achieving, acm, acting, actions, activity, ad, ada",13.157398833478002,False
777,Annual plant,beginner,645,295,0.14728682170542637,287,"a, about, according, after, again, agriculture, all, also, although, always, an, animals, annual, annuals, arabidopsis, are, as, attack, autumn, bank, be, beans, because, begonia, being, bell, biennials, birds, bloom, by",11.738636363636363,False
782,Mouthwash,beginner,3793,1178,0.14974953862378065,1169,"a, aarhus, ability, able, about, abscess, abscesses, absence, absorbed, abstain, accidental, acid, acidity, acids, acne, acquiring, act, action, active, activity, acts, acute, added, adding, addition, additionally, adheres, adjunct, adjunctive, adjuncts",13.60176447876448,False
783,Alexander the Great,beginner,13599,3296,0.17618942569306567,3286,"'alexander, 'eagle, 'marian, 'milinda', 'orientalization', a, abandoned, abdalonymus, abdalonymus's, abilities, ability, able, aboard, about, absence, absent, academics, academies, academy, acarnania, accepted, accepting, accession, accident, accidentally, accompanied, accomplishments, according, accordingly, account",13.712761912499644,False
784,Alfred Korzybski,beginner,1498,622,0.17757009345794392,612,"a, abandon, abdank, about, abstracting, abstraction, abstractions, acceptable, access, accreted, actually, after, aid, alan, alanson, alfred, all, also, america, american, amount, an, anecdotes, another, anton, are, argued, aristocratic, aristotelian, armistice",11.076755331824142,False
785,Asteroids (video game),beginner,2971,1006,0.18848872433524066,996,"'em, 's, a, ability, about, accident, accomplishment, accumulate, accurately, accustomed, achieved, achievement, acornsoft's, across, activision, adamvision, adaptation, added, addictive, additional, additionally, adds, adjusted, adventure, after, age, agreed, aim, aiming, all",11.548138702314969,False
786,Asparagales,beginner,4503,1197,0.17144126138130136,1188,"', 'amaryllid, 'anomalous, 'anomalous', 'arabidopsis, 'asparagales', 'asparaginae', 'asparagoid', 'bracketed', 'core, 'core', 'human, 'liliiflorae', 'lily, 'lower, 'lower', 'narcissi', 'order', 'orders', 'series', a, able, about, above, absorbed, accommodate, accompanying, according, accounting, acid",13.079908667925512,False
787,Alismatales,beginner,715,329,0.16783216783216784,321,"a, about, above, accounts, acorales, additional, alismataceae, alismatales, alismatanae, alismatates, alismatid, alismatidae, alismatids, all, alone, also, amaryllidaceae, among, an, analyse, angiosperm, angiosperms, apg, aponogetonaceae, approach, aquatic, araceae, arales, are, aridae",14.749657267308574,False
788,Apiales,beginner,389,194,0.2236503856041131,188,"a, adjacent, along, also, among, an, angiosperm, apg, apiaceae, apiales, apiidae, araliaceae, aralianae, araliiflorae, are, ariales, arranged, as, asterid, asterids, at, based, be, bear, belongs, between, bi, bottle, but, by",11.375942779905383,False
789,Asterales,beginner,857,377,0.18203033838973162,369,"a, about, absinthe, according, adaptation, adapted, adjacent, africa, age, aggregated, ago, all, alseuosmiaceae, also, although, america, among, an, analysis, ancestor, ancestral, angiosperm, angiosperms, annuus, antarctica, apa, apg, appearance, appeared, approach",14.239177443609027,False
791,Asteroid,beginner,9650,2139,0.1598963730569948,2130,"'bumps', 'minor, 'small, 'star, a, aa, abilities, able, abnormally, about, above, absolute, academy, acceptance, accessible, according, account, accounted, accreted, accretion, accumulation, accurate, accurately, acfer, acids, across, action, activated, activation, active",13.097605930903978,False
794,Allocution,beginner,416,193,0.21153846153846154,185,"a, absence, absolute, actions, address, admits, allocute, allocution, allocutus, allowed, allows, also, an, another, any, anything, appeal, are, arraigns, as, associate, at, attempt, australia, bar, bargains, be, been, before, behalf",12.065750000000005,False
795,Affidavit,beginner,1407,467,0.1847903340440654,458,"a, able, abolishing, about, absence, accept, acceptable, acceptance, accepted, accompanied, according, act, actual, added, addressed, administer, administered, admissible, admission, admissions, admit, admitted, adopted, affiant, affiant's, affidavit, affidavits, affirmation, affirmed, all",15.501810211664509,False
798,Aries (constellation),beginner,3772,997,0.18955461293743373,988,"a, abbreviation, abdomen, about, above, absolute, acceptance, accepted, accompanied, accomplish, acquired, ad, adapted, after, age, ago, agrarian, agricultural, aja, al, albeit, all, almagest, along, alpha, also, although, alto, amateur, amon",9.119846524113672,False
799,Aquarius (constellation),beginner,2642,739,0.1854655563966692,731,"a, about, absolute, act, affection, after, age, akhbiya, al, albali, alchemy, almagest, along, alpha, also, alternative, amateur, among, an, analysis, ancha, ancient, announced, annual, another, any, apart, aperture, apparent, appear",9.447594363879464,False
800,Anime,beginner,6621,1860,0.16085183507023107,1851,"'animated, 'creation', 's, 'white, a, abanch, abe, about, above, abroad, abusive, academy, accent, access, accessible, accompanied, according, account, accounted, accounting, accurately, accused, achieved, achieving, across, acting, action, actions, actors, acute",14.135968683402584,False
802,Ankara,beginner,9098,2400,0.20147285117608266,2391,"'modern', 's, a, ababa, abandoned, abbasid, abd, abdi, ability, able, about, above, absorbed, academy, acclaimed, accommodate, accommodation, according, accords, acropolis, active, activity, acts, actually, ad, adana, added, addis, addition, additional",12.99305863804042,False
803,Arabic,beginner,13832,2662,0.1660641989589358,2652,"', 'almost, 'amro, 'and', 'apoptosis', 'automobile', 'ayn, 'big', 'book', 'books', 'branch', 'bring', 'brother, 'brother', 'cairo', 'come, 'compiling, 'cook', 'cooperation, 'death', 'democracy', 'desk, 'desks', 'dictated', 'downtown', 'easier', 'father, 'father', 'film', 'five",13.859607247286654,False
808,Alfred Hitchcock,beginner,12239,3207,0.18032518996650054,3197,"', 'he, 'only, 's, 'that's, 'tippi', 'trust, 'twas, 'we're, a, ability, able, about, above, academy, academy's, accepted, acclaimed, acclimatised, according, accurately, accused, aches, achieved, achievement, acoustics, acquired, acres, acrophobia, across",11.528669921065323,False
809,Anaconda,beginner,560,276,0.20714285714285716,267,"'tiger', a, account, action, actually, after, ahaetulla, aimed, also, although, america, american, an, anacaona, anacauchoa, anaconda, anacondas, andes, andreas, animals, another, any, applied, applies, aquatic, archaic, are, argentina, arm, armpit",16.793255323634828,False
824,Altaic languages,beginner,4476,1308,0.16532618409294011,1299,"', 'altaic', 'blood', 'bone', 'ear', 'eye', 'head, 'introduction, 'neck', 'non, 'piebald, 'stone', 'sun', 'two', 'ural, 'water', a, aalto, about, abu, academic, academy, accent, accept, accepted, according, accounting, accounts, acta, ad",12.335887369341993,False
825,Austrian German,beginner,1723,653,0.16424840394660475,645,"'', a, aachen, academic, accent, accents, accession, addition, administration, administrative, adopt, adopted, after, agreement, alemannic, along, already, als, also, ambiguity, american, ammon, an, andere, another, are, area, areas, arts, as",14.553251495265634,False
840,Axiom of choice,beginner,5951,1038,0.1618215425978827,1029,"a, abbreviate, abbreviated, abbreviations, abelian, able, about, above, abstract, ac, accept, acceptable, acceptance, accepted, action, ad, add, added, adding, additionally, additive, adjoint, after, against, alaoglu, algebra, algebraic, algebras, algorithm, all",11.909454199880177,False
841,Attila,beginner,4887,1606,0.1880499283814201,1597,"a, aba, abandoned, abilities, able, about, acceptance, accepted, accession, according, account, accounts, achieved, acknowledged, acquired, across, actor, ad, added, adil, adjacent, admitted, adrianople, advance, advancing, advantage, advantageous, adviser, adyy, aetius",13.133980587274099,False
842,Aegean Sea,beginner,4169,1174,0.20436555528903813,1165,"a, abandoned, about, abu, according, achaea, achaemenid, achieved, acropolis, across, activity, acts, adas, addition, address, administered, administrative, adopted, advanced, advances, aegaeum, aegaeus, aegean, aegeus, affairs, afield, africa, after, again, against",13.382555648762814,False
843,A Clockwork Orange (novel),beginner,4890,1663,0.16441717791411042,1653,"', 'the, a, abandon, abandons, abases, abilities, about, abroad, abruptly, abuse, acclaimed, accompany, according, accuses, actress, acts, acutely, adaptation, adaptations, adapted, additionally, addressing, adds, administered, administration, adviser, aesthetic, after, afterwards",12.39717358665202,False
844,Amsterdam,beginner,12785,2957,0.2007039499413375,2948,"', 'alderpersons', 'amsterdam, 'at, 'city, 'districts', 'jerusalem, 'live, 'new', 'old', 'river, 'river', 's, 'site, 'stille, 't, 'the, 'walloon', 'watery, a, aa, aalsmeer, aan, aardappeloproer, aartsen, abandoned, abcoude, abdication, abe, able",11.744222649808208,False
846,Museum of Work,beginner,559,232,0.23255813953488372,223,"a, about, addresses, aftonbladet, aim, also, alva, among, an, approximately, arbetets, arbetetsmuseum, archive, are, area, around, art, as, based, be, became, been, between, bond, both, bruk, building, buildings, but, by",13.836281661600811,False
848,Audi,beginner,10214,2354,0.183179949089485,2345,"', 'coup, 'main, 'roadster', 's, 's', 'segment', a, ab, abdullah, able, about, absence, abt, acceleration, accelerations, accelerator, accepted, access, accident, accidents, according, accounted, achieve, achieving, acknowledge, acknowledging, aco, acquired, acquiring",12.558332012932237,False
849,Aircraft,beginner,4770,1232,0.13962264150943396,1224,"a, able, about, above, abused, accelerate, accessories, accidents, according, achieve, achieved, across, act, acting, action, activity, actuators, added, addition, additional, adds, adopted, advance, advances, advent, aerial, aerodynamic, aerodyne, aerodynes, aerofoil",11.803270767338319,False
851,Alfred Nobel,beginner,2561,963,0.19601718078875438,954,"a, ab, able, about, abroad, absorbent, abstract, academy, accident, account, accused, achieving, acquired, activities, activity, acts, actually, added, addition, adopted, after, afterward, against, age, agnostic, ahlsell, aktiebolaget, akzonobel, alexandra, alfred",13.105992087556672,False
852,Alexander Graham Bell,beginner,10336,2656,0.16708591331269348,2646,"'alexander, 'famous, 'little, 'scottish, 'volta, a, abandoned, abilities, ability, able, about, above, abroad, absenteeism, absorbed, academic, academy, acceleration, accepted, accidentally, accompanied, accompanying, accomplished, according, account, accounts, accurately, accused, achieve, achieved",13.030126456039572,False
854,Anatolia,beginner,4909,1409,0.191892442452638,1400,"', 'east', 'to, a, abies, about, absorbed, acceleration, accepted, accorded, according, achaean, achaemenid, across, ad, adana, adapazar, addition, administration, adopted, advance, advanced, advances, aegean, aeolian, aeolic, aeolis, affected, affiliation, after",15.689203314755776,False
856,Apple Inc.,beginner,12825,2934,0.16522417153996102,2924,"'apple, 's, a, aapl, abandoning, ability, about, above, abroad, absence, absent, absolutely, abuse, abuses, abusive, acceptable, access, accessories, accessory, acclaim, acclaimed, according, accountability, accounted, accounting, accounts, achieves, acknowledges, acquire, acquired",13.42120478322732,False
857,Aberdeenshire,beginner,2146,858,0.19478098788443615,849,"'white, a, abandoned, aberdeen, aberdeenshire, aberdeenshire's, able, above, accounted, across, act, activity, ad, addition, adhered, adjacent, administration, administrative, after, age, agricultural, agriculture, alexander, all, allegiance, almost, along, alongside, also, america",11.386145376705318,False
859,Aztlan Underground,beginner,493,269,0.1663286004056795,262,"a, about, acabando, active, activists, addition, address, album, algun, also, american, an, angeles, animal, annual, appeared, are, artists, as, aug, august, australia, award, aztlan, background, bam, band, banda, basque, be",17.097623762376234,False
863,American Civil War,beginner,17788,3572,0.18754216325612771,3563,"'commanded', a, aaron, abandon, abandoned, abbreviated, ability, able, abolish, abolished, abolishing, abolition, abolitionism, abolitionist, abolitionists, about, above, abraham, abridged, absolute, absolutely, abundance, academia, acceptance, accepted, accepting, access, accidental, accidents, according",12.972890110426675,False
864,Andy Warhol,beginner,10814,2916,0.1671906787497688,2906,"', 'on, 'should', 'you're, a, abbi, able, about, above, absolut, abstract, abstraction, academy, acceptance, accepted, accident, acclaimed, accompanied, accompany, accompanying, accomplished, accordance, according, accounted, accumulated, accurately, achieve, achieved, acolyte, acquaintances",11.70305225849875,False
868,Alp Arslan,beginner,2092,822,0.17973231357552583,812,"'perpetual, a, abandon, abandoned, abbasid, able, ably, about, above, accommodate, accompanied, account, across, added, administration, administrative, advanced, affairs, after, again, against, agreeing, agreement, agricultural, aisha, aka, akhalkalaki, akka, al, alaverdi",10.689041319658305,False
869,American Film Institute,beginner,1506,603,0.17330677290836655,594,"a, above, abrahams, academia, academic, academy, accessible, acclaimed, accredited, accused, achievement, acknowledgment, acre, actor, admission, adrian, advanced, affiliated, afi, afi's, after, agn, all, almod, also, altman, alumnae, alumni, america, america's",14.91201793032787,False
872,Akira Kurosawa,beginner,10827,2669,0.17068440011083402,2660,"a, able, about, above, abroad, academically, academy, academy's, accept, acceptance, accepted, accident, acclaim, acclaimed, accolades, accorded, according, accurate, accusations, accused, achievement, achievements, across, acting, action, actions, actor, actor's, actors, actress",14.312652821316615,False
874,Ancient Egypt,beginner,12608,3218,0.17845812182741116,3209,"'he, 'hear', 'the, a, abandoned, ability, able, about, abraded, abroad, abscesses, absolute, abundance, abundant, abusir, abydos, accepted, access, accessible, accompanied, accompany, according, account, accountable, accounting, accounts, accumulated, accuracy, accused, achaemenid",13.620009435336424,False
875,Analog Brothers,beginner,326,179,0.06748466257668712,176,"a, addition, after, album, albums, all, also, american, an, analog, appearances, appears, as, at, band, banging, bass, be, bell, black, black's, bomb, bootlegs, brothers, but, by, called, cd, christopher, cisco",11.38425078369906,False
876,Motor neuron diseases,beginner,1435,511,0.11707317073170732,504,"a, ability, abnormal, abnormalities, about, according, accumulation, acquired, action, acts, acute, adhere, adults, affect, affected, affecting, affects, after, age, al, all, als, also, although, amyotrophic, amyotrophy, an, analysis, anterior, appear",12.58338488366757,False
877,Abjad,beginner,1214,486,0.16639209225700163,476,"a, abgad, abjad, abjads, abjadsthat, aboriginal, absence, abugida, abugidas, acceptance, according, ad, adapted, addition, aleph, all, allowing, alone, along, alphabet, alphabet's, alphabets, alphanumeric, already, also, although, ambiguities, among, an, ancestor",15.171780705626677,False
878,Abugida,beginner,3559,930,0.16156223658330993,922,"'diacritics', 'group, 'particular, 'stacked', a, abecedary, abjad, abjads, aboriginal, aborlan, about, above, absent, abugida, abugidas, accord, accordance, ad, addak, adding, additionally, adoption, advent, after, ahom, aksara, akshara, aksharas, akuru, all",14.092836035296532,False
880,ABBA,beginner,13136,2440,0.18133373934226554,2430,"', 'abba, 'o, 's, a, ab, abba, abba's, abbacadabra, abbamail, abbamania, abbatars, abbaworld, abbreviation, abc, about, absolute, absolutely, academy's, accept, accepted, accompanied, accomplishment, according, accordion, accounts, achieve, achieved, achievement, acoustic",12.259149828665958,False
881,Allegiance,beginner,2058,693,0.16763848396501457,684,"a, abandoned, about, above, abroad, absence, absoluta, absolute, ac, accept, accordingly, acquired, acquisita, acquisition, act, added, adopted, affected, affection, afforded, africa, after, against, age, al, alien, alien's, alienage, aliens, alike",17.230595412249084,False
887,MessagePad,beginner,3581,1127,0.1357162803686121,1118,"'s, a, aa, aaa, about, accept, access, account, accurate, achieve, acquire, acronym, actually, adapter, adapters, added, adding, addition, additional, address, adds, advanced, after, again, age, aged, algorithms, all, allowed, allowing",11.938618426410226,False
888,A. E. van Vogt,beginner,3514,1122,0.1531018782014798,1112,"', 'editions, 's, a, abhorred, about, abridged, absolute, accepted, accompanied, accordingly, achievement, acquired, act, adapted, added, adding, addition, adult, adventures, advertising, affected, afford, after, afterward, afterwards, again, against, aganetha, age",12.336746026838167,False
890,Anna Kournikova,beginner,3466,922,0.18032313906520483,913,"a, absorber, academy, acapulco, accomplishments, aces, achieved, acquired, across, actual, addition, addresses, adductor, advanced, after, again, against, age, agent, aids, aleksandra, alexandra, alive, alla, allan, also, although, amanda, ambassador, amelia",9.804000116930737,False
892,Alfons Maria Jakob,beginner,383,231,0.17493472584856398,222,"a, abscess, academic, afterwards, alfons, alois, along, alper's, alzheimer, america, an, anatomical, anatomie, army, as, aschaffenburg, associated, at, ataxia, aus, author, bavaria, became, bed, began, belgium, berlin, bibliography, births, born",11.89104969290899,False
894,Agnosticism,beginner,3526,1160,0.16647759500850823,1150,"a, abandon, ability, able, about, above, absolute, abstract, absurd, accept, accord, according, account, accurately, acknowledging, actually, adds, admirable, admiration, admit, admitting, adopt, adult, affairs, affiliation, affirming, aforementioned, after, afterlife, again",14.116944785819467,False
896,Argon,beginner,2794,958,0.17859699355762348,950,"'inactive', 'lazy', a, about, above, absorbed, abundance, abundant, abuse, accomplished, according, acetic, acid, activities, activity, actually, added, additional, additive, additives, aerial, aerosol, after, against, age, agency, agent, aim, air, alaska",11.760817727597171,False
897,Arsenic,beginner,7831,2149,0.1635806410420125,2140,"'the, a, ability, abiotic, able, about, above, absence, absorbed, absorption, abundant, acceptor, accidental, accordance, according, accordingly, account, accumulate, accumulates, acetate, acetoarsenite, achieved, acid, acidic, acids, across, act, action, active, activities",13.589307769271084,False
898,Antimony,beginner,3588,1279,0.1688963210702341,1271,"'find', a, abbreviation, about, above, abundance, abundant, accepts, accidental, accordance, according, accounted, accusative, acid, acidic, acids, acute, ad, adams, added, adding, addition, additive, adherents, adopts, advent, adverse, african, after, against",13.27094224509987,False
899,Actinium,beginner,2742,895,0.16666666666666666,886,"a, abbreviations, about, above, abundant, ac, acbe, acbr, accepted, accidentally, accl, according, accumulation, accuracy, acetaldehyde, acetate, acetyl, acf, achieved, achx, acid, acobr, acocl, acof, acpo, acting, actinide, actinides, actinium, actinium's",13.326861789735549,False
900,Americium,beginner,5213,1324,0.16190293497026664,1315,"a, abac, abc, about, above, absorbed, absorbs, absorption, accepted, accompanied, according, accumulated, accumulates, achieved, acid, acidic, acids, actinide, actinides, active, acts, adhere, affects, after, age, agency, agent, agents, air, aircraft",12.489884489170858,False
901,Astatine,beginner,4889,1361,0.14808754346492126,1352,"', 'unstable', a, ab, able, about, above, absence, absorption, accelerator, accommodate, according, accumulated, achieved, acid, acidic, acidification, acting, actinium, adaptations, adding, addition, addressed, adenocarcinomas, administered, adopt, adopted, advantages, aerated, affinity",13.776852229400099,False
902,Atom,beginner,8623,1631,0.16305230198306853,1622,"'surface', 't, a, ability, able, about, absence, absolute, absorb, absorbed, absorbing, absorption, abundance, acceleration, accelerators, accepted, accompanied, according, accounts, accuracy, accurate, accurately, achieved, across, acts, actual, actually, add, addition, additional",12.921830892804767,False
903,Arable land,beginner,960,441,0.15,435,"a, able, about, above, according, accumulate, accumulation, actual, adding, adverse, aerobic, against, agricultural, agriculturally, agriculture, air, allowed, along, also, alternative, alternatively, although, among, amounted, amounts, an, any, appearing, aqueducts, arability",14.760065620757281,False
904,Aluminium,beginner,7890,2110,0.170595690747782,2101,"a, ability, able, about, above, abrasive, abrasives, absorbed, absorbent, absorption, abundance, abundant, accelerator, acceptable, according, accordingly, accumulating, accumulation, acetate, acetylene, achieve, achieved, acid, acidic, acidity, acids, acknowledges, act, activity, acts",14.04771871115502,False
905,Advanced Chemistry,beginner,1299,557,0.13163972286374134,548,"'ethnic', 'roots', 'wall, a, about, abundance, according, actions, actively, activism, acts, actually, addressed, advanced, aesthetic, african, afro, after, against, alexander, alienation, allows, already, als, also, alternative, although, american, americans, among",13.440154484572087,False
909,Anglican Communion,beginner,3600,1035,0.1986111111111111,1026,"a, abortion, about, above, absence, acceptable, acceptance, accepted, accordance, achieving, acna, act, action, actions, acts, actual, addition, adherents, advent, advisory, aegis, affected, affirming, africa, after, again, aglipayan, agreed, agreement, all",16.195481721537394,False
910,Arne Kaijser,beginner,156,92,0.12179487179487179,86,"a, academic, academy, also, alumni, anthologies, arne, at, av, been, births, board, books, born, centaurus, century, co, de, den, drens, edited, editorial, emeritus, engineering, etableringen, extended, external, f, former, framtida",16.400939849624063,False
911,Archipelago,beginner,492,218,0.16869918699186992,211,"a, above, adjacent, aegean, along, also, amounts, an, ancient, andaman, antiquity, any, approximately, aquapelago, arc, archipelagic, archipelago, archipelagos, arcipelago, arcs, arctic, are, area, arkhi, artificial, as, azores, bahamas, balearic, be",15.55048935046647,False
914,Author,beginner,2357,780,0.1646160373355961,771,"', 'authorship', 'confiding', 'original, a, about, academic, access, according, across, act, acts, adapt, adaptation, advance, affect, after, against, agreeing, alexander, all, allegory, allow, already, also, alter, always, amended, among, amount",13.652365800127665,False
915,Andrey Markov,beginner,802,349,0.16957605985037408,342,"a, about, academics, academy, accept, activities, adjunct, affirmation, affirmed, after, age, agent, aleksandr, algebra, algebraic, alliteration, also, alternately, alumni, among, an, analysis, analytic, andreevich, andrei, andrey, andreyevich, another, appendix, application",12.405432546616826,False
921,Angst,beginner,547,296,0.170018281535649,288,"a, about, alban, also, ambiguous, amid, an, ancient, ange, angest, angst, anguish, animals, anxiety, anxious, appealing, appearance, apprehension, are, arnold, as, attested, attributed, b, ballet, bart, be, began, being, beings",14.390973007919836,False
922,Anxiety,beginner,5563,1572,0.14218946611540537,1562,"'environments', 'responsibility', a, abdominal, ability, about, above, abuse, abusing, acceptance, accepted, accidents, accommodate, accompanied, according, account, accumbens, achieving, acid, across, acting, action, actions, activate, activates, activities, activity, actually, acute, adapt",15.317084454859241,False
924,A. A. Milne,beginner,3337,1089,0.17530716212166617,1080,"'s, 'winnie, a, aa, about, above, accused, acre, act, actor, adaptation, adapted, admission, adrian, adult, adventure, affair, after, against, age, aged, agent, aid, aim, aims, akm, alan, albert, alexander, alibi",11.04715828731958,False
925,Asociación Alumni,beginner,497,254,0.14084507042253522,248,"a, achieved, adopting, aires, aki, alduncin, alexander, alive, all, along, already, also, alumni, an, anderson, april, argentina, argentine, as, asociaci, association, at, athletic, background, baehs, baldunciel, batezzatti, be, because, been",13.710874125874128,False
928,Axiom,beginner,4037,1042,0.160019816695566,1034,"'copenhagen, 'hidden, 'postulate', 's, 'states', 'that, a, abbreviated, able, about, absolute, abstract, abstraction, acceptance, accepted, accessible, accurate, across, act, actually, add, added, addition, additional, admits, again, agree, aid, aim, alain",14.010087552747056,False
929,Alpha,beginner,819,361,0.2148962148962149,352,"a, acceleration, accent, accented, according, added, adopted, aeolic, aerodynamics, after, air, aircraft, aleph, alfa, algebraic, all, alpha, alphabet, also, alternative, ambiguity, ammonius, an, ancient, angle, angles, angular, animals, any, are",12.090405025478827,False
930,Alvin Toffler,beginner,2413,920,0.16452548694571073,910,"a, abba, about, academy, accenture, according, account, activism, actress, adaptive, adelaide, advancement, advancements, advances, advice, advised, advisory, affairs, affectional, after, against, age, agrarian, agricultural, aid, air, albaum, all, alone, along",13.774509029871624,False
931,The Amazing Spider-Man,beginner,7083,1564,0.14668925596498658,1555,"', 'amazing', 'back, 's, a, able, about, absolute, according, achievement, acrimonious, across, act, acting, action, active, actually, added, additional, additionally, addressing, adopted, adventures, affecting, after, aftermath, afterward, again, against, agent",9.958585868739771,False
951,Antigua and Barbuda,beginner,5588,1766,0.19595561918396565,1756,"'ancient', 'bearded', a, able, ablp, ablp's, abolished, abolition, about, abroad, abs, abundant, accent, access, according, accounting, accounts, accused, achievement, across, active, activities, activity, acts, actually, added, addition, additional, additionally, administrative",11.861095340839192,False
953,Azincourt,beginner,539,268,0.20222634508348794,259,"a, according, action, adopted, after, against, agincourt, aisincurt, aizino, aizo, alliance, also, ambush, an, another, archers, are, armour, army, artois, arts, as, at, attested, audio, azincourt, battle, battlefield, became, been",13.875611111111116,False
954,Albert Speer,beginner,7650,2116,0.18209150326797385,2107,"'final, 's, a, abandonment, abated, able, about, absurd, accelerated, accepted, access, acclaimed, accommodated, accomplishment, according, account, accumulate, acquire, acquitted, acted, action, actions, active, actively, activities, actor, actual, actually, adam, added",11.507399774138907,False
956,Asteraceae,beginner,3037,1000,0.15212380638788278,992,"a, ability, able, about, above, absence, absent, absinthe, absinthium, accepted, aceae, acetylenes, achene, acid, actinomorphic, actually, adapted, adhere, adriaan, advantage, aerial, africa, age, agency, agents, ago, agreeing, aiding, air, al",11.876737655484362,False
957,Apiaceae,beginner,1671,696,0.15020945541591862,688,"a, about, absent, academic, accepted, accommodated, acronema, actinomorphic, ad, after, aggregated, aid, ajwain, al, alberto, all, almost, also, alternately, alternative, although, always, america, ammi, ammoniacum, an, analyses, andromonoecious, anethum, angelica",12.196694401429422,False
958,Axon,beginner,4618,1174,0.1775660459073192,1166,"'end, a, aa, ability, able, abnormal, about, absent, accompanied, accordingly, accumulations, achieved, acquired, across, act, actin, action, activated, activates, activation, active, activity, addition, adheres, adhesion, adjacent, adjoins, adult, advanced, affect",12.646068397983885,False
960,Aramaic alphabet,beginner,1777,555,0.18401800787844683,547,"'full', 'mothers, a, abbreviation, abjad, abjads, about, achaemenid, activities, ad, adapted, added, administration, adopted, adoption, after, akkadian, al, alive, all, alleges, alongside, alphabet, alphabets, also, although, amidst, among, an, analysis",14.607568181818184,False
966,American shot,beginner,264,150,0.1856060606060606,142,"a, act, actor, actors, actually, ago, all, allow, allowing, american, an, are, arranged, arrangement, as, at, attention, audience, be, became, because, both, called, camera, can, chan, changes, characteristic, characters, charlie",12.763575757575758,False
967,Acute disseminated encephalomyelitis,beginner,2366,775,0.1301775147928994,767,"'multiphasic', a, about, abrupt, accepted, achievement, actual, acute, adam, additional, additionally, adem, adem's, adolescents, adults, affect, affected, affects, after, again, against, age, aged, ages, aggressive, agreement, ahem, ahl, ahle, aimed",14.675833122629584,False
969,Ataxia,beginner,3243,1095,0.14091890225100215,1087,"'dysfunction, a, abetalipoproteinaemia, abetalipoproteinemia, able, abnormalities, abnormality, about, absent, absorbed, accelerations, accentuated, accounts, accumulates, accumulation, accurately, acetazolamide, acid, activate, activities, activity, acute, adaptations, adapting, addition, addressed, addressing, adjusted, admit, adverse",16.022988477862818,False
974,Ada Lovelace,beginner,5409,1706,0.16065816232205582,1696,"'celebrated, a, aal, abandon, abilities, ability, able, about, above, abstract, academy, according, accused, achieved, achievement, acknowledging, acquaintances, acrimonious, act, acting, actions, actual, actually, ada, ada's, added, admit, adrian, adult, advanced",12.988211847348257,False
980,August Derleth,beginner,3809,1298,0.16277238120241533,1289,"', 'august, 'corner, 'mass, 'the, a, abilities, abissinia, about, abroad, academicians, academy, accomplished, according, achieved, acknowledged, acknowledgement, active, activities, acuteness, added, addition, additionally, adds, admired, admirer, adventure, affectionate, after, again",12.07610228351152,False
981,Alps,beginner,9543,2514,0.20255684795137796,2505,"a, abbeys, aboard, abode, about, above, absolute, abundance, abutting, access, accessible, accommodate, accompanied, according, accumulate, accumulated, accumulates, accurately, achievement, achievements, acid, acidic, acquired, across, acted, activities, activity, adaptation, adaptations, adapted",11.562954405113157,False
983,Albert Camus,beginner,5370,1729,0.19050279329608938,1720,"'natives', a, able, about, absence, absolute, abstract, absurd, absurdism, absurdist, absurdity, academic, acault, accept, acceptance, accepted, accident, accompanying, according, accused, acknowledged, act, action, actions, active, activist, activists, activities, actress, acts",12.891054833379297,False
984,Agatha Christie,beginner,9450,2577,0.1653968253968254,2567,"', 'closed, 'good, 'how, 'jew', 's, a, abney, abound, about, above, abroad, absent, absolute, abu, accept, accepted, accompanied, according, account, accounts, accuracy, ackroyd, aconite, acorn, acorn's, acquired, acquiring, acre, act",11.665956739213886,False
986,The Plague (novel),beginner,4247,1372,0.2017894984695079,1363,"a, abandoned, able, about, abscesses, absurdist, academic, accept, accepted, according, act, acting, action, actions, activism, activity, actor, actors, adaptation, adaptations, adapted, adding, addresses, admire, admit, aduwudike, advance, advancement, advantage, advice",9.968457248813426,False
988,Applied ethics,beginner,822,387,0.15450121654501217,379,"'virtuous', a, abuse, academic, act, action, actions, acts, advances, adverse, agent, aggregated, agnostic, agree, agreement, albert, allocation, almost, also, altruism, an, another, appear, appears, application, applied, applying, approach, approaches, aquinas",16.04553235053235,False
991,Absolute value,beginner,2045,445,0.2058679706601467,437,"a, above, abs, absolute, abstract, academic, according, achieves, addition, additional, additive, again, agrees, algebra, algebraic, algebras, all, along, also, alternative, although, always, ambiguous, american, an, analysis, analytic, another, antiderivative, antiderivatives",14.575339558275306,False
993,Analog signal,beginner,423,187,0.14420803782505912,182,"a, accumulate, accumulation, additional, adds, also, amplifier, amplifiers, an, analog, analogous, aneroid, another, any, as, audio, balanced, bandwidth, barometer, be, by, can, cases, changes, channels, circuits, coil, communication, components, computer",15.887745266781412,False
994,Arecales,beginner,266,133,0.23684210526315788,126,"a, above, accepted, after, allowed, also, alternate, alternative, although, an, angiosperm, apg, appearances, arecaceae, arecales, arecanae, arecidae, areciflorae, as, assigned, became, becoming, been, botanical, browser, but, called, campanian, circumscription, clade",12.613062730627309,False
1000,Hercule Poirot,beginner,7012,2039,0.17940673131774101,2029,"'attesting', a, abc, abduction, abercrombie, ability, able, about, abroad, absence, academy, accent, acclaimed, accompanied, according, account, accounts, achille, acknowledged, acknowledges, ackroyd, acquitted, act, acted, actions, active, actor, actors, acts, actual",11.534050753254352,False
1002,Miss Marple,beginner,2977,956,0.16526704736311723,946,"a, ability, able, abney, about, accused, ackroyd, acquaintance, acquaintances, across, acting, action, actress, acts, actually, acuity, adaptation, adaptations, adapted, adult, adventure, affair, affairs, after, again, agatha, age, ageing, agile, ahoy",13.178366553232866,False
1004,April,beginner,2736,1006,0.10635964912280702,997,"', a, abeid, about, abuse, abusibaree, accidents, action, activity, added, administrative, afghanistan, africa, after, again, against, air, alabama, alienation, all, allusion, alphabet, also, amani, ambedkar, america, american, americas, an, ancient",29.002982529593123,False
1005,August,beginner,2173,841,0.09341923607915324,832,"', a, abkhazia, abolition, aborigines, about, acadian, acadians, accession, according, added, admission, adventures, afghan, afghanistan, africa, african, after, against, air, airborne, airmobile, akshay, al, all, alpha, alphabet, also, american, americas",33.784407894736844,False
1006,Aaron,beginner,3303,1091,0.20435967302452315,1081,"'s, a, aaron, aaron's, aaronic, aaronide, aaronides, aaronite, aaronites, abated, abihu, about, abrahamic, absence, accompanied, according, accords, account, accounts, act, active, activity, acts, administration, adoration, affair, affirmed, afflicted, affliction, after",11.704881572779662,False
1008,April 6,beginner,3818,1607,0.1037192247249869,1599,"a, aaron, aasmund, abdel, abdicates, abel, ability, academic, achievement, acquisition, activist, activists, actor, actress, adamantios, adams, adding, admiral, adopted, adri, adriel, affairs, affonso, african, afridi, after, afterward, against, aggression, agronomist",12.022777658068094,False
1009,April 12,beginner,3441,1522,0.09532112757919209,1514,"a, abandons, abbie, abd, academic, accident, act, activist, actor, actress, adam, addie, adelbert, admiral, adoniram, adopted, adriano, aeroplane, affairs, africa, african, after, ahearn, aircraft, airport, akiyama, al, alabama, alan, alchian",11.763581048429838,False
1010,April 15,beginner,3417,1434,0.1006731050629207,1427,"a, abbo, abdul, abigail, abraham, academic, across, activist, acton, actor, actress, adolf, adolphus, adopted, adrian, adventurer, african, after, against, agreement, ahbez, aida, aikin, air, aircraft, airport, ajoy, alberto, alex, alfred",11.513841164090756,False
1011,April 30,beginner,3302,1493,0.10115081768625075,1485,"a, abdication, abhishek, abolition, abrantes, abu, academic, accountant, activist, actor, actress, ad, adam, address, adjutor, admiral, adolf, adrian, adrift, adventurer, adys, affairs, affirmative, african, after, against, agent, agnes, agron, aides",11.27461204400695,False
1012,August 22,beginner,3435,1498,0.10480349344978165,1490,"a, abandon, abort, abulfaz, academic, accept, activist, actor, actress, acts, adam, adams, adewale, admiral, affairs, african, after, against, agatha, agbaje, agust, aid, aim, air, aircraft, airlines, airport, airtours, aizenberg, akinnuoye",11.11151493440354,False
1013,August 27,beginner,3790,1599,0.11134564643799472,1591,"'persons', a, aaron, abandons, abensberg, abolitionist, abu, academic, accordion, accuses, act, action, activist, actor, actress, adam, adams, admiral, admits, aegean, aerial, african, afrikaans, after, afyonkarahisar, against, ageltrude, agitating, agust, ahmed",12.045297764655203,False
1014,Alcohol (chemistry),beginner,2606,852,0.15963161933998465,844,"'s, a, able, about, above, abulcasis, acetobutylicum, acetylide, acid, acidic, acidity, acids, acute, acutely, adding, addition, additive, adds, advanced, affected, affinity, after, again, akkadian, al, alchymia, alcofoll, alcohol, alcoholic, alcohols",13.037974882260595,False
1016,Achill Island,beginner,3932,1314,0.18107833163784334,1304,"'booley, 'carts, 'cottage, 'deserted, 'lazy, 'rundale', 'scriptural', 'tattie, 'the, a, abandoned, about, abroad, accommodation, account, accounts, achill, achill's, achillbeg, acla, acquisition, across, actions, activities, activity, ad, additional, adventure, after, again",11.392882492492813,False
1017,Allen Ginsberg,beginner,9274,2655,0.16034073754582703,2645,"', 'beat, 'latter, 'obscurantism, 's, 'tangled, 'the, a, abandoned, abandoning, abolish, about, above, absence, abstract, abuse, academia, academics, academy, acceded, accessible, accompanied, accompany, according, account, accurately, accused, acknowledged, acquaintance, acquaintances",12.992460132784803,False
1018,Algebraically closed field,beginner,1465,235,0.1658703071672355,227,"a, above, algebra, algebraic, algebraically, all, also, among, an, another, any, are, argument, as, assertion, assertions, assuming, assure, at, b, be, because, both, but, by, called, can, characteristic, clearly, closed",12.981826746647847,False
1019,August 6,beginner,2933,1318,0.09819297647459939,1309,"a, abbey, abdallahi, abdel, abha, able, academic, accession, across, act, activist, actor, actress, adams, address, adhar, admiral, adoniran, adorno, adventist, affairs, afghan, afghanistan, african, after, afterwards, against, air, airways, al",10.857716763777969,False
1020,Anatoly Karpov,beginner,3588,1063,0.17892976588628762,1054,"a, about, academic, academy, accepted, accidentally, according, accused, achievements, acknowledged, activities, addition, adjourn, adoption, adult, advanced, advantage, adventures, advocating, affairs, after, again, against, age, aggressive, agree, agreed, ahead, alekhine, all",11.724124086926427,False
1021,Aspect ratio,beginner,597,236,0.1306532663316583,231,"a, actual, ad, aircraft, all, allow, also, alternative, an, analysis, applications, are, as, aspect, astigmatism, axes, axial, axis, be, between, bird, but, by, camera, can, century, cinematographic, circle, close, code",11.911976856316297,False
1022,Auto racing,beginner,4588,1346,0.1571490845684394,1338,"'banked', 'formula', a, ability, able, about, accelerate, accepted, accident, accidents, acf, achieved, aco, acquiring, across, active, addition, adhesion, adjusted, adjustments, advanced, aero, aerodynamic, aerodynamics, aerofoil, after, again, against, age, ahead",11.959096035543404,False
1023,Anarcho-capitalism,beginner,8501,2020,0.16009881190448183,2011,"', 'academic, 'against, 'anarchists', 'anarcho, 'anarcho', 'any, 'austrian, 'capitalism', 'chasm', 'free, 'limited, 'private', 'public', 'pure, 'sectarian', 'state, 'the, a, abandonment, able, abolish, abolishment, abolition, about, absence, absentee, absolute, absolutist, absorbed",18.398620529432176,False
1027,August 9,beginner,3295,1437,0.10531107738998483,1429,"'ndrangheta, a, abdi, abdication, abigail, academic, achonry, activist, actor, actress, ad, adam, ade, adewale, adoniram, adrianople, advertising, affiliated, afghan, africa, african, after, against, air, aircraft, airport, ajayi, al, alabama, alaska",11.88486102218063,False
1028,Aristophanes,beginner,6547,1918,0.19566213532915838,1908,"', 'a, 'anapestic, 'anapests', 'antistrophes', 'antodes', 'euripidaristophanist', 'odes', 'one, 'strophes', a, abbreviations, able, abomination, about, above, absence, absurd, absurdities, absurdity, academic, accommodated, accommodation, accompanied, according, acerbic, acharnians, achieved, achievement, achieves",15.564276581953553,False
1029,Albert Schweitzer,beginner,6892,2069,0.1839814277423099,2059,"', 'follow, 'i, 'the, a, abandoned, abdominal, abitur, able, abolition, about, above, academy, accept, acceptable, accepted, accepting, access, accessible, accommodation, according, accused, achebe, acknowledged, acknowledges, acquired, act, activists, actor, ad",12.895729026812063,False
1030,Austrian school of economics,beginner,4176,1277,0.16594827586206898,1268,"a, abct, able, about, abraham, absorbed, academia, academic, accept, accepted, accepting, accepts, according, account, acknowledged, across, act, action, actions, activities, activity, actually, added, additional, adherence, adherents, admission, adopted, advance, advised",17.34689441367686,False
1032,Abscess,beginner,2023,688,0.14780029658922392,680,"a, able, abnormality, abscess, abscesses, abscessus, absorb, absorbed, accumulations, acquired, act, action, addition, address, adjacent, administer, advice, advises, affected, after, against, agents, alone, also, alternative, america, american, among, amount, an",12.34388908087962,False
1036,Aalborg Municipality,beginner,609,284,0.17569786535303777,277,"a, aabybro, aalborg, aalborg's, about, airport, also, although, an, antibes, any, are, area, areas, as, at, austria, b, beginning, belonged, below, bight, board, body, bog, bordered, br, bredning, broadens, bugt",14.287377618263118,False
1038,Aarhus,beginner,11663,2798,0.20157763868644432,2788,"', 'damn, 'dumb', 'silly', 'snekke', 'the, 'tiresome', a, aa, aagaard, aalborg, aarhus, aarhus's, aarhusian, aarhusiansk, aarhuus, aars, aarsleff, abandoned, ability, abolished, about, above, academic, academies, academy, accelerating, accept, access, accessible",13.595806085297976,False
1049,Amateur,beginner,1259,527,0.16123907863383638,518,"a, abandoned, abilities, ability, about, according, act, activities, adopted, advanced, after, against, age, agreed, alan, all, allow, allowed, also, am, amateur, amateurism, amateurs, among, amounting, an, ancient, any, applied, approach",15.7132641660016,False
1051,Alexis Carrel,beginner,2312,947,0.17949826989619377,938,"a, about, absence, academic, academie, academy, accepted, accomplishments, according, account, accused, achieved, achievements, act, active, added, additionally, administer, advancement, advocate, advocated, affected, after, afterward, aging, agnostic, agnosticism, aimed, ais, aise",13.503550356691598,False
1055,All Souls' Day,beginner,2581,838,0.19682293684618365,829,"a, abbey, abbot, about, abrogated, acceptance, accompanied, according, acknowledged, actions, activities, ad, added, additionally, adopt, adopted, advent, aequales, after, all, alla, alle, allerseelen, allerzielen, allhallowtide, allowed, alms, almsgiving, also, altars",14.478289480972695,False
1057,Anatole France,beginner,1116,539,0.1971326164874552,530,"a, abbot, abolished, about, acad, according, achievements, affair, after, against, aise, alfred, alike, almost, alone, also, alumni, always, amethyst, an, anatole, angel, angels, another, appointed, approaches, april, arc, arcade, architect",12.620530367835759,False
1058,André Gide,beginner,2957,1116,0.18599932363882313,1106,"', ''', 'essentially, 'i, 'perpetual, a, abdicated, able, about, absolute, abyme, accept, accepted, accidental, according, achieve, achievements, acknowledged, activity, adjoining, admitting, adoration, adressed, adult, advance, adventurousness, advocated, africa, african, after",11.670763505262546,False
1063,Algorithms for calculating variance,beginner,2557,570,0.15408682049276495,561,"a, ab, able, above, access, accumulates, accumulation, accuracy, accurate, achieved, adapted, add, addition, additional, after, again, against, aggregate, aggregates, al, algorithm, algorithms, all, allow, also, alternate, alternative, always, an, analytical",17.845621339054627,False
1064,Almond,beginner,4303,1436,0.16128282593539392,1428,"'awwam's, 'like, 'marcona', a, aaron's, ability, about, abscission, abundant, according, achieve, acid, acids, acreage, across, acts, actually, acute, added, addition, additional, additives, adequate, adjective, administration, adult, affected, aflatoxin, aflatoxins, africa",11.395231682209033,False
1069,Demographics of Antigua and Barbuda,beginner,561,210,0.12121212121212122,204,"a, according, adjective, adult, adventist, affiliations, african, age, all, also, amerindian, anglican, annual, antigua, antiguan, antiguans, approximately, are, article, as, aspects, at, baptist, barbuda, barbudan, barbudans, birth, births, black, born",8.516401726308217,False
1070,Politics of Antigua and Barbuda,beginner,865,330,0.18265895953757225,322,"a, ablp, ablp's, acceded, account, act, acts, addition, additionally, administrative, advice, advises, affairs, african, agreement, agricultural, agriculture, alba, aligned, all, also, although, america, american, antigua, any, appeals, appellate, appointed, appointing",16.721935874168178,False
1072,Telecommunications in Antigua and Barbuda,beginner,138,85,0.09420289855072464,82,"abs, act, ag, also, am, antigua, apua, are, atlantic, authority, automatic, barbuda, broadcast, cable, cables, cellular, codes, com, comparison, computer, country, demographics, digicel, domestic, earth, external, fiber, fm, good, guadeloupe",30.963827160493825,False
1074,Antigua and Barbuda Defence Force,beginner,393,214,0.178117048346056,208,"a, abdf, acquisition, administration, administrative, after, against, aggressors, air, all, alliances, also, antigua, arm, armed, article, as, assistance, attempt, barbuda, be, better, boat, boats, boston, by, cadet, ceremonial, civil, class",17.235357142857143,False
1078,Antisemitism,beginner,10773,2837,0.17423187598626194,2827,"', 'anti, 'antisemitism', 'aryan, 'host, 'i, 'jews, 'judaise', 'mein, 'real', 'science', 'semite', 'semites', 'semitic, 'semitic', 'semitism, 'semitism', 'this, 'why, a, abandon, abdera, ability, able, abolished, about, abraham, abrahamic, absurdity, academic",14.563532674278289,False
1081,Economy of Azerbaijan,beginner,3453,1123,0.17144512018534608,1115,"'deposits, a, abbreviation, ability, able, abolishes, about, abroad, accessing, accordance, according, account, accounted, accounts, accumulated, achievable, activities, activity, addition, additional, administration, advantages, affairs, after, against, agencies, agency, agreed, agreement, agreements",13.607705679664111,False
1082,Geography of Azerbaijan,beginner,1269,519,0.1867612293144208,511,"a, abolished, about, above, abseron, absheron, administrative, admit, agreements, agricultural, air, alluvial, along, also, although, an, ancient, annual, application, applications, approximately, apsheron, arable, aras, arctic, are, area, areas, armenia, armenian",15.65417956656347,False
1087,Foreign relations of Azerbaijan,beginner,1245,564,0.15582329317269075,555,"a, aaz, abbasov, able, absurd, accepting, according, accused, active, advisors, aegis, africa, african, against, aimed, aligned, allegations, alleged, also, americas, amnesty, amounts, an, analytical, anar, anglo, ankara, another, anti, april",19.43162308003234,False
1088,Azerbaijani Armed Forces,beginner,5650,1519,0.17946902654867256,1510,"', 'national, 's, 'seeks, a, abdulhamid, abdullayev, abiyev, abolished, about, absheron, absorbed, academies, academy, acceded, access, accomplishments, accordance, according, accounting, accused, acquired, act, action, actively, activity, addition, additional, administered, adr",14.719167964416584,False
1091,Geography of Armenia,beginner,898,377,0.1870824053452116,370,"a, about, above, across, activity, adjacent, ago, agricultural, akna, akstafa, along, also, altitudes, amount, an, ancient, approximately, arable, aragats, araks, are, area, armenia, armenia's, armenian, around, arpi, as, asia, at",12.199135890680122,False
1092,Demographics of Armenia,beginner,2484,789,0.17753623188405798,781,"a, abbas, about, above, abroad, according, addition, addressed, adolescent, adopt, adopted, adult, adults, after, afterwards, age, aged, ages, agreement, all, allocated, almost, already, also, although, amd, american, amid, among, amount",11.300190929863291,False
1093,Politics of Armenia,beginner,1366,528,0.17130307467057102,519,"a, about, accession, according, acting, additionally, after, against, agencies, aim, all, allegations, allegedly, alliance, allowed, also, always, am, amendments, among, an, analytical, andranik, another, anti, any, apart, apostolic, appointed, approach",16.579550171396594,False
1094,Economy of Armenia,beginner,10390,2219,0.1670837343599615,2210,"a, abandon, ability, abkhazia, able, about, above, abroad, absolute, abuses, acba, accelerated, access, accommodation, according, account, accounted, accounting, accounts, accumulated, acquired, acquiring, acquisition, across, active, activities, activity, adaptable, add, added",11.878012345356755,False
1096,Transport in Armenia,beginner,1422,539,0.14486638537271448,531,"a, able, accept, access, acquired, across, active, addition, additional, administration, aerial, after, agency, agreements, ah, aims, air, airbus, aircompany, airlines, airport, airports, airspace, airways, all, also, amt, an, announced, annual",13.19325999424792,False
1097,Armed Forces of Armenia,beginner,4803,1332,0.1773891317926296,1323,"'peacekeepers', 's, a, ability, abiyev, able, about, above, abovyan, abstain, academies, academy, acceded, accord, accordance, according, accuses, acknowledged, action, active, activities, activity, addition, additional, administrative, admitted, affairs, affecting, afghanistan, after",15.666454571776018,False
1098,Foreign relations of Armenia,beginner,1614,698,0.15117719950433706,689,"a, about, abroad, access, action, additionally, adopted, affairs, afghanistan, africa, african, after, against, agenda, albania, alexander, algeria, aligned, all, alliance, almost, also, ambassadors, america, american, americas, an, analytical, andorra, angola",20.511818954854665,False
1110,Demographics of American Samoa,beginner,566,215,0.127208480565371,208,"a, about, according, account, adjective, adventists, affiliations, age, agnostic, american, among, an, annual, approximately, are, arrived, as, asia, asian, aspects, assemblies, at, bah, beginning, birth, births, book, born, buddhist, bureau",9.164036749928226,False
1111,Politics of American Samoa,beginner,524,202,0.25,195,"a, across, act, administered, affairs, all, along, also, american, an, appointed, approved, are, as, asia, associate, at, authority, based, being, body, both, boundaries, by, came, can, chambers, chief, chiefly, chiefs",15.10435114503817,False
1112,Economy of American Samoa,beginner,439,198,0.09567198177676538,193,"a, activity, add, agriculture, aid, american, are, art, attempts, australia, backbone, bananas, being, below, breadfruit, broader, budget, bulk, by, canned, canneries, capita, classbrain, coconuts, code, com, commodities, communally, comparison, composition",13.75320610687023,False
1129,August 13,beginner,3234,1454,0.09925788497217068,1447,"a, aaron, abbasid, abolitionist, abs, absorbed, academic, accused, activist, actor, actress, adam, adams, adler, admiral, advertiser, affected, african, after, ag, against, agent, agnelli, ahilyabai, ahlers, aircraft, airport, akhtar, al, alan",11.505492088968705,False
1130,Avicenna,beginner,7686,2136,0.17017954722872755,2127,"'ahd, 'ala, 'ala', 'ala'i, 'alai, 'ali, 'due, 'existents', 'false, 'ibn, 'necessary, 'one', 'philosophising, 's, 'sh'i, 'true, 'ubayd, a, ab, abd, abdallah, abdol, abdull, abilities, abivard, able, about, above, absolute, abstracted",13.930657290010554,False
1132,The Ashes,beginner,8535,1849,0.193087287639133,1840,"'botham's, 'demon', 'devil', a, abandoned, able, about, above, absence, acb, acceptance, accepted, accompany, accompanying, account, accused, accustomed, achieved, across, adam, adams's, additional, additionally, adelaide, adequate, adopt, affair, affected, africa, african",10.946030038981888,False
1134,Analysis,beginner,2237,837,0.16048278945015645,827,"a, above, abstraction, academic, account, accounts, activation, actual, actually, added, address, adds, admitted, again, agencies, agroecosystem, aid, aim, algorithm, algorithms, alhazen, all, alliteration, also, altered, among, an, ana, analyse, analysed",18.864528089887646,False
1135,Abner Doubleday,beginner,2693,887,0.20386186409209062,878,"a, abner, abraham, academy, according, achieved, act, actions, address, administrative, admirers, african, after, again, against, aimed, alexander, all, alleged, allow, also, although, alumni, am, america, american, americans, an, anderson, anime",12.034051254089423,False
1140,Amplitude modulation,beginner,4037,1019,0.1701758731731484,1009,"'s, a, ability, able, about, above, absence, absolutely, absorbs, ac, acceptable, accommodated, accomplished, according, achieve, acoustic, act, acts, adc, addition, additional, adjacent, adjusted, adopted, advanced, advantage, after, again, agc, aids",15.17015545839008,False
1141,Augustin-Jean Fresnel,beginner,18716,3264,0.1854562940799316,3255,"'s, a, aa, abandon, abandoned, aberration, abeyance, ability, able, about, above, abruptly, absence, absorbent, absorption, absurdum, acad, academic, academies, academy, accept, acceptance, accepted, access, accessed, accommodate, accommodated, accompanying, accomplices, accordance",14.156459710927884,False
1143,Abbot,beginner,4356,1311,0.1994949494949495,1302,"', a, aachen, abate, abb, abbacies, abbas, abbatial, abbess, abbey, abbeys, abbot, abbot's, abbots, abingdon, able, abounds, about, above, absolute, abstain, abt, abthain, abuse, accepted, according, acknowledged, acolyte, act, acts",13.520549771159327,False
1144,Ardipithecus,beginner,2350,821,0.1651063829787234,813,"a, aatu, abbreviation, abductable, ability, able, about, abrasive, absent, according, adaptation, adapted, adulthood, adults, afar, afarensis, african, after, against, age, aggression, ago, aided, all, allometry, allowed, allowing, allows, also, although",12.215783382789322,False
1146,Assembly line,beginner,2735,993,0.15758683729433273,984,"'the, a, able, about, according, account, achieve, acre, adam, adapt, add, added, adopt, advisory, after, aim, aircraft, alienation, all, allowed, allowing, almost, along, also, although, altruistic, american, an, ancient, another",12.789578127913483,False
1148,Adelaide,beginner,10248,2530,0.18091334894613584,2522,"'cultural, 'insurance, 'male, a, aaa, abandoned, abc, abduct, able, aboriginal, about, above, academics, access, acclaimed, according, accounts, ace, achieved, acknowledged, acpfg, acquired, across, act, active, activity, acts, actually, acute, adapted",13.310916253497282,False
1152,Alan Garner,beginner,3799,1267,0.1926822848117926,1258,"'forsake, a, abandon, abandoned, ability, able, about, abstract, academic, acclaimed, accompanied, according, account, achieve, achievement, across, adaptation, adaptations, adapted, added, admiration, adolescent, adult, adults, adults', advance, adventures, aeschylus, afford, afterwards",13.657647906488389,False
1154,August 2,beginner,3441,1505,0.1002615518744551,1498,"a, aaron, abd, abdicates, abdul, able, abolished, academic, achillini, ackermann, act, activist, actor, actress, adler, admiral, admitted, adolf, aegean, aemilius, affairs, afghan, afranius, african, after, against, agone, ahmad, ahmed, ahudemmeh",11.212431274291042,False
1158,Algebraic number,beginner,1123,274,0.18521816562778273,267,"a, abel, above, additions, adele, again, algebraic, algebraically, all, almost, also, an, analogous, another, any, are, arithmetic, arithmetical, as, basic, be, because, both, broadly, but, by, called, can, cannot, cardinal",13.699471452072988,False
1160,Automorphism,beginner,1241,343,0.1788879935535858,334,"a, abelian, abstract, addition, additional, algebra, algebraic, algebras, all, also, an, another, antiautomorphism, any, arbitrary, are, arithmetic, as, associative, associativity, assuming, at, aut, autc, automorphism, automorphisms, axiom, base, be, because",12.408888727904955,False
1162,Accordion,beginner,6131,1628,0.17729571032458,1618,"', a, ability, able, about, above, access, accessible, accompaniment, accompany, accompanying, accord, according, accordion, accordion's, accordionist, accordionists, accordions, acorde, acoustic, across, action, actions, activates, acts, adapted, add, added, addition, additional",13.104787276783416,False
1164,Artificial intelligence,beginner,9474,2464,0.15146717331644502,2454,"'ai, 'artificial, 'can, 'machines, 's, 'what, a, aaai, abandoned, abilities, ability, able, about, above, abruptly, academic, accepts, access, accommodate, accomplish, accordance, according, accountability, accountable, accurate, accurately, aced, achieve, acknowledge, acm",13.411346060130558,False
1166,Afro Celt Sound System,beginner,1425,595,0.14596491228070174,587,"a, ability, about, active, ad, adding, affinities, africa, african, afro, afrocelts, after, again, agreed, ainslie, air, album, albums, also, altan, amongst, an, anatomic, announced, announcement, any, anywhere, are, artist, artists",11.277987760697151,False
1167,Ancient philosophy,beginner,2789,1141,0.14879885263535317,1132,"a, about, abstraction, academic, acceptable, accredited, achaemenid, acharya, acknowledgement, action, actively, ad, adi, administrative, adopted, adurbad, adurfarnbag, advaita, advisers, advocated, aenesidemus, aesthetic, after, age, agrarianism, agrarians, agrippa, ahimsa, ajita, akiva",17.17429435483871,False
1168,Anaximander,beginner,5143,1476,0.19405016527318686,1467,"', a, abandon, able, about, above, abrupt, abstract, abstraction, abundant, abyss, accomplishment, accomplishments, accordance, according, accordingly, accurate, accurately, achaemenid, action, active, actually, adapt, add, addition, adequate, adjustment, adjustments, admirable, advancement",13.060036515091006,False
1170,Architect,beginner,2711,896,0.16230173367760975,887,"'gentleman', a, abbreviations, ability, abreast, aca, academic, accepts, access, accessibility, accomplished, account, accuracy, adherence, administer, advanced, advances, advancing, advise, affect, africa, african, after, agreement, aia, aided, air, ala, all, allocated",15.598114512200361,False
1171,Abbreviation,beginner,3393,1138,0.15207780725022105,1129,"'i's, 's, 't's, 'the', a, abbr, abbrev, abbreviated, abbreviating, abbreviation, abbreviations, abbrv, abound, about, above, academic, accepted, according, acronym, acronyms, across, acute, add, added, adding, addition, additionally, adi, adidas, adolf",13.197556511291626,False
1174,Aphrodite,beginner,10217,2662,0.16746598805911717,2653,"a, abandoned, abandoning, able, about, abraham, abundance, academic, academy, accentuated, accepted, accepting, acclaim, accompanied, according, account, achilles, acrocorinth, acropolis, across, act, actions, active, actually, ad, adapted, addition, addressing, administrative, admitted",13.112054496167179,False
1175,April 1,beginner,3157,1384,0.10484637313905606,1378,"'abd, a, abaqa, abbey, abbot, abdul, abizaid, abner, abraham, absolute, academic, academy, accidental, achieves, act, activist, actor, actress, acts, adams, aden, admiralty, adolf, aerospace, afghanistan, african, after, against, agency, air",11.498534184302894,False
1176,Antisymmetric relation,beginner,353,130,0.2237960339943343,123,"a, about, actually, all, also, an, antisymmetric, antisymmetry, any, are, as, asymmetric, asymmetry, be, bill, bills, binary, biological, both, but, by, can, cannot, case, contain, context, coreflexive, definition, different, distinct",15.209165329052968,False
1177,Aleister Crowley,beginner,11112,2951,0.1779157667386609,2941,"'leh, 'lone, 's, 'the, a, ab, abandon, abandoned, abbaye, abbey, abilities, able, aboard, abolished, abortion, about, abramelin, abroad, academic, academics, accept, accepted, accident, accompanying, accordance, according, account, accusations, accused, aceldama",13.520934096405956,False
1178,Afterlife,beginner,11151,2730,0.1802528921172989,2720,"'arabi, 'curses', 'door, 'location', a, aaru, ability, able, abode, about, above, abraham, abraham's, abrahamic, absence, accessible, accompany, accomplishments, according, account, accountant, accounts, achieve, achieved, achievements, achieves, achieving, acknowledged, acknowledges, across",12.457121666531425,False
1181,Astrometry,beginner,1305,560,0.17088122605363984,551,"a, abd, aberration, ability, about, accuracy, accurate, accurately, ad, addition, additional, affected, agency's, al, all, allowed, almagest, also, amateur, an, analyzed, angles, any, apart, apparent, application, applications, applies, approximately, arc",13.949813211845104,False
1182,Athena,beginner,8522,2356,0.1810607838535555,2346,"'s', a, ab, abandoned, ability, about, absence, accepted, access, accidentally, according, account, accused, accuses, achaeans, achaeans', achievements, achilles, acknowledger, acquit, acquitted, acropolis, across, actions, active, actively, actually, ad, adamantine, added",12.47244816345734,False
1183,Amber Diceless Roleplaying Game,beginner,3125,996,0.16832,986,"'end, 'history', a, abilities, ability, able, about, above, abyss, access, according, acquire, acquired, across, act, action, actions, actor, actress, adding, additional, additionally, additions, address, adds, admired, advanced, advancement, advantage, adventures",13.56347779561263,False
1187,Alloy,beginner,4536,1045,0.1541005291005291,1036,"a, ability, about, abrie, absorbs, absorption, abundant, accidental, account, achieve, across, ad, added, adding, addition, additives, admixture, adolf, adopted, adverse, aerospace, aesthetic, after, afterward, age, ages, ago, air, aircraft, airframes",13.391682884203409,False
1192,Artistic revolution,beginner,1247,572,0.161186848436247,563,"a, ability, about, abrupt, abstract, academic, accurately, across, actual, actually, add, administration, aesthetic, after, agency, aided, all, allow, also, altogether, america, america's, american, an, angry, another, any, apply, area, arrival",18.354816919492134,False
1193,Agrarianism,beginner,5049,1697,0.17983759160229748,1689,"'co, 'commonwealth', 'socialist, 'the, 'title', a, abolish, about, absentee, accepted, according, accumulations, acquire, acquires, across, act, active, activities, activity, acts, actual, adal, adaptation, adapted, addition, adherents, administered, adopted, advances, advisors",14.04854609526436,False
1196,Angle,beginner,3246,729,0.17467652495378927,721,"a, ab, about, above, absolute, abstract, ac, acceleration, according, acute, add, addition, adjacent, adopted, all, allows, alone, already, also, alternate, alternating, although, altitude, always, ambiguity, amount, amphicoelic, amphicyrtic, an, analysis",13.057310087173104,False
1198,Acoustics,beginner,3149,1088,0.15782788186725943,1079,"a, aas, ab, abatement, about, above, academic, accepted, access, accordingly, accuracy, achieve, acoustic, acoustical, acoustically, acoustician, acousticians, acoustics, acousticum, across, acta, activated, active, activities, acustica, address, advance, advanced, advances, aeroacoustics",15.311971104791265,False
1200,Atomic physics,beginner,927,387,0.162891046386192,379,"a, absorbed, absorbs, absorption, accelerators, according, advanced, advances, after, allowed, allows, also, although, amount, an, another, any, are, around, arranged, arrangements, as, assisted, associated, assumed, at, atmospheric, atom, atomic, atomism",14.231335403726707,False
1201,American Sign Language,beginner,5746,1468,0.15993734772015314,1458,"'apartment', 'choo, 'contact, 'k', 'on', 'p', a, aae, abbreviations, abilities, ability, able, about, absence, academic, academics, accept, accepted, access, accessible, accompanied, accompany, according, accordingly, account, accounts, accurate, achieve, achieved, acknowledged",13.357525984251968,False
1202,Applet,beginner,892,364,0.13340807174887892,356,"a, abstract, accessible, action, activities, advanced, against, allow, allowed, alone, also, an, annoyance, any, appear, appearance, applet, applet's, applets, applets', application, applications, approach, are, area, arpanet, as, at, attention, automatic",13.570681818181821,False
1203,Alternate history,beginner,8157,2365,0.16636018143925463,2355,"', 'if, 'our', 's, 'utopian', 'what, a, aaron, ab, abilities, ability, able, about, above, abraham, absence, abstract, academic, accept, accompanied, according, ace, acknowledge, across, action, active, activity, actor, actual, actually",13.904209851981278,False
1206,Atomic orbital,beginner,8008,1429,0.17619880119880119,1421,"', 'blocks', 'd', 'ess', 'f', 'g', 'one', 'p', 'periods', 's, 's', 'wavelength', a, abbreviate, abbreviated, abbreviating, ability, able, about, above, absolute, absorbed, absorbing, absorption, accelerating, accelerators, accepted, according, account, accounts",13.771031080883432,False
1207,Amino acid,beginner,5003,1279,0.15190885468718768,1270,"'dna, 'polypeptide, 'protein, 'rna, a, abbreviation, abbreviations, ability, abiotic, above, absorption, abundant, accept, according, achiral, acid, acidic, acids, acids', act, activated, active, activity, acyclic, add, added, addition, additional, additions, adenosylmethionine",13.677583073288861,False
1208,Alan Turing,beginner,7485,2131,0.1800935203740815,2121,"'universal, a, ability, able, about, abraham, abram, abreast, absence, absolute, abstract, academic, academics, accept, accepted, accessible, accidental, accomplishments, according, account, accumulating, ace, achievements, acknowledged, acquainted, across, act, action, active, acts",14.039067646206231,False
1209,Area,beginner,3545,725,0.20535966149506346,716,"a, about, above, absolute, acre, actually, addition, adjacent, administrative, algebra, algebraically, all, allowed, along, also, although, among, amount, an, analogue, analysis, ancient, angle, angles, another, anton, any, apothem, application, approach",12.504406686469967,False
1210,Astronomical unit,beginner,3399,910,0.20388349514563106,901,"a, abandon, abbreviations, aberration, about, absolute, accepted, access, accomplished, according, accounted, accounts, accuracy, accurate, accurately, actual, addition, additional, adjustment, adopted, advocated, after, again, agreement, al, align, all, allowed, alone, along",14.56488535749855,False
1212,Artist,beginner,880,413,0.14204545454545456,406,"', 'amorous, 'beautiful, 'blossoming, 'celestial, 'chanting, 'glorious, 'well, a, able, about, academic, academies, activity, actors, adjectival, aedificatoria, aesthetic, aesthetics, ages, alberti, alchemy, all, already, also, although, an, ancient, animators, any",12.59683598120385,False
1213,Actaeon,beginner,1903,825,0.1839201261166579,815,"', 's, 'wolf's, a, able, about, absent, accidentally, accompanying, according, achilles, across, act, actaeon, actaeon's, ad, adds, adjectives, adonais, aeneas, aeschylus, after, air, akkadian, aktai, aktaion, all, alluded, along, already",12.820555660874145,False
1214,Anglicanism,beginner,13527,2666,0.18947290603977232,2657,"', 'first, 'i, 'middle, 'the, a, abandoned, abbey, abbreviated, ability, about, abroad, absence, absolute, absolution, absolve, accelerate, accept, acceptable, acceptance, accessible, accommodate, accompanied, accompany, accompanying, accomplished, accord, accordance, accorded, according",16.339033838082084,False
1216,Athens,beginner,9112,2283,0.199297629499561,2274,"'maria, 'serenades', 'the, 'theatrical, a, abandoned, abolished, about, above, abroad, absence, academic, academy, accepted, access, accessible, accordance, according, account, accounting, accredited, acharnes, achieved, achievements, acronym, acropolis, across, act, activities, actually",14.417662266845348,False
1217,Anguilla,beginner,4042,1487,0.17664522513607125,1478,"'chef, 'french, a, abolished, above, abundance, abundant, accepted, accommodate, according, accounts, achieved, across, act, active, ad, adams, addresses, administered, administrative, adult, adventist, aerfc, africa, african, africans, after, aftermath, again, against",12.363859329446065,False
1223,Telecommunications in Anguilla,beginner,149,83,0.08053691275167785,79,"about, ai, also, am, anguilla, antilles, article, broadcast, cable, caribbean, cellular, code, com, commission, communications, comparison, country, coverage, digicel, domain, domestic, east, ecfs, external, fibre, flow, fm, gsm, guadeloupe, hosts",15.972083333333337,False
1227,Ashmore and Cartier Islands,beginner,1292,494,0.18575851393188855,486,"a, about, accept, acceptance, access, according, act, action, activities, addition, adjacent, administered, administration, affairs, after, agency, air, all, allows, also, although, american, an, anchorage, annex, annexation, annexed, any, applied, approximately",15.178205239485518,False
1234,Acoustic theory,beginner,679,197,0.24153166421207659,190,"a, above, acoustic, acoustics, adiabatic, again, all, alongside, also, an, analysis, any, applies, approach, appropriate, appropriately, approximate, are, arrive, as, assumptions, at, attenuation, be, become, becomes, before, being, boundary, by",17.847158203879747,False
1235,Alexander Mackenzie (politician),beginner,2985,1083,0.18760469011725292,1074,"'n, a, abatement, about, above, accepted, accompanying, accuracy, achieving, acquired, across, action, active, administer, advised, affectionate, after, aftermath, against, age, agreement, ailment, air, alexander, all, alleviate, allison, allowed, allowing, almost",12.796038574776187,False
1239,Ashoka,beginner,12986,2696,0.1744956106576313,2687,"'janapadasthamaviryaprapt', 'mahasammat', 'murdhabhishikta', 's, a, abh, able, abolished, abolition, about, above, abp, absurd, academic, accept, acceptance, accepted, access, accompanied, according, accordingly, account, accounts, accuracy, accused, achaemenid, acquainted, acquire, across, act",12.22873099664853,False
1241,American (word),beginner,2784,796,0.1968390804597701,786,"', 'artificial', 'in, 'must, 's, 'the, 'unnecessary', a, abbreviated, abbreviation, abbreviations, able, academia, academy, accent, acceptable, accepted, according, act, actions, added, address, adjectival, adjective, adopted, advertised, advised, african, afterwards, against",12.808903081598313,False
1242,Ada (programming language),beginner,4591,1229,0.13809627532128077,1220,"'access, a, abilities, aborts, about, above, abstract, abstractions, acats, accept, acceptance, accepts, access, accessed, accessibility, accidental, accidentally, achieved, acm, acvc, ada, ada's, adb, add, added, additionally, adds, adherence, admission, admitted",13.358561786696715,False
1247,Alfonso Cuarón,beginner,1509,584,0.15904572564612326,575,"a, aacta, about, academy, acclaim, acclaimed, accolades, actress, adaptation, adapted, addition, adventure, after, against, age, aids, alex, alfonso, alfonso's, alfredo, also, alumni, am, america, american, among, an, angels, annalisa, announced",15.03542098401153,False
1252,Arianism,beginner,5410,1372,0.20314232902033272,1363,"', 'coessential, 'like, a, able, about, above, acacius, academy, accept, acceptable, accepted, accession, according, accuracy, accurate, accusations, accused, achieve, acholius, across, act, actively, actually, ad, address, adhered, adhering, adjective, adopt",15.32576611300517,False
1254,August 1,beginner,4057,1674,0.11190534877988662,1666,"a, abashidze, abbasid, abbey, abbot, abdalqadir, abdellaoue, abdullah, abelson, abgar, abolished, abolition, aboukir, abrines, academic, accident, act, action, activist, activists, actor, actress, acts, ad, adam, adhemar, admiral, admitted, adolf, aero",11.478115936190783,False
1256,Antoninus Pius,beginner,5208,1713,0.17223502304147464,1704,"a, abandoned, about, above, absence, absolute, absorbed, abstaining, aburnius, access, accession, accolades, according, account, accusations, accused, achievement, achievements, acquired, act, acted, action, acts, actual, actually, ad, additional, addressed, administer, administration",14.620439391454667,False
1259,August 3,beginner,3274,1409,0.09926695174098961,1403,"a, aaron, abaza, abbasid, abhisit, abidogun, academic, accuses, acquitted, action, activist, actor, actress, addis, adler, admiral, afghanistan, african, after, agadir, against, agriculture, albrecht, aleksandr, alex, alexander, alexandria, alfred, algeciras, alger",11.707421800148236,False
1260,Advanced Encryption Standard,beginner,3343,918,0.15495064313490878,909,"'s, a, ability, able, about, above, academic, accessible, accordance, according, account, achieve, achieved, acquisition, added, addition, additional, adi, adopted, advanced, aes, aes's, affects, affine, after, against, agency, alex, algebraic, algorithm",11.495147696891571,False
1261,April 26,beginner,2995,1388,0.09682804674457429,1382,"a, aaron, abbey, abdulla, aboard, about, abraham, academic, accident, accidents, accordion, activist, actor, actress, adalbero, adam, adams, adrian, advocate, affects, africa, african, after, against, aged, agent, ahmed, aikido, airlines, airport",11.384849948001786,False
1264,Anisotropy,beginner,2063,741,0.1701405719825497,734,"'i', 'v', a, abnormal, abnormally, about, absorbance, absorption, according, account, accounts, acoustics, across, additionally, af, affects, albedo, aliasing, aligned, alignment, all, allows, along, also, aluminium, amorphous, an, angle, angled, angles",15.554046246319924,False
1267,Alpha decay,beginner,2148,683,0.17085661080074488,674,"'decays', 'instability', 'static, a, ability, about, above, accompanied, according, account, acquiring, added, after, against, age, air, alarm, alexander, all, allowing, allows, almost, along, alpha, also, although, americium, amount, an, analysis",14.985143930111548,False
1270,Extreme poverty,beginner,5410,1402,0.17042513863216266,1392,"a, able, about, above, absence, absolute, academics, accelerate, access, accomplished, according, account, accountability, accountable, accounted, accurately, achieve, across, acting, action, actively, actors, actually, adapted, addition, additional, additionally, address, adequate, administration",15.235501357210392,False
1271,Analytical engine,beginner,2296,829,0.1750871080139373,820,"a, able, about, absence, academic, achievements, acknowledged, activated, actual, actually, ada, addition, additions, adopt, advance, advancement, adventures, advised, after, again, against, aid, aiken, akin, alan, algorithmic, all, allan, also, alternative",14.739450263894877,False
1273,Augustus,beginner,13121,3002,0.1745293803825928,2992,"'august, 'imperial', 'mars, a, ability, able, abolition, abortive, about, above, absentia, accept, accepted, accepting, accomplish, accorded, according, account, accumulation, accusation, accusations, accuse, accused, accusing, achieve, achieved, achievement, achievements, acknowledged, acquired",14.478354908853028,False
1274,Geography of Antarctica,beginner,1949,676,0.13801949717804002,669,"', 'e, 's, 'w, a, abbot, about, above, ac, accounts, active, activity, ad, adding, additionally, agency, air, alkaline, all, almost, already, also, always, amery, amount, amundsen, an, another, antarctic, antarctica",12.003203775766952,False
1279,Transport in Antarctica,beginner,1485,597,0.1441077441077441,588,"', 'w, a, able, about, access, accordance, additional, advance, aeroplane, after, air, air's, airbase, airbus, aircraft, airline, airports, alberta, all, also, amount, amundsen, an, anchorage, anchorages, andrew, another, antarctic, antarctica",12.274580818242793,False
1285,Geography of Alabama,beginner,1828,664,0.21553610503282275,656,"a, about, above, absolute, abundance, abundant, across, adapted, adjoining, ago, alabama, alabama's, all, almost, along, also, although, america, american, among, amount, an, animals, annual, appalachian, are, area, areas, armadillo, as",13.116153846153846,False
1286,List of governors of Alabama,beginner,632,246,0.17246835443037975,237,"a, abolished, according, acting, admitted, after, again, alabama, alabama's, allowed, also, amendment, america, american, amidst, an, another, any, appointed, appointments, april, are, as, ascends, at, be, became, becomes, been, before",12.879562883435582,False
1288,Apocrypha,beginner,4935,1212,0.18601823708206686,1203,"a, about, accept, acceptance, accepted, accepts, accomplished, according, accustomed, achievement, acts, actually, ad, adam, adapted, added, addition, additional, additions, adds, adjective, administration, adopted, adopting, adoption, affirmation, affirmed, africa, after, again",15.519228971214865,False
1291,Antarctic Treaty System,beginner,3158,941,0.19126029132362254,932,"a, about, accept, acceptable, acceptance, achieved, act, active, activities, activity, addition, adhere, adjacent, administered, administering, administration, adopted, advance, aerial, affairs, africa, african, after, against, aggression, agreed, agreement, agreements, aires, albert",17.137457744681175,False
1293,Alfred Lawson,beginner,1364,621,0.1810850439882698,612,"a, about, accomplished, according, acolytes, across, additional, adoption, advanced, advocate, advocated, advocating, after, again, ago, air, aircraft, airline, airliner, airliners, airmail, airplane, albany, alfred, all, allegations, alleghenys, allowed, also, although",13.056575235109715,False
1298,"Ames, Iowa",beginner,3708,1261,0.17071197411003236,1253,"'s, a, abbie, abc, about, academic, accepted, access, according, across, act, acting, activated, actor, addition, adjacent, admitted, admitting, adult, affairs, affiliate, affiliated, african, after, age, aged, ages, agricultural, agriculture, agriculture's",11.083581343468563,False
1300,Abalone,beginner,3203,1134,0.1738994692475804,1126,"'ormering, a, abalone, abalones, abmap, about, above, absorb, abundant, abused, according, accordingly, acidification, across, active, activity, added, addition, additional, adjacent, adjusted, affected, africa, african, after, ago, air, alacrity, all, allocated",11.77101143265996,False
1301,Abbess,beginner,1385,570,0.1631768953068592,561,"a, abbatissa, abbess, abbesses, abbesses', abbey, abbeys, abbot, abbots, abess, ability, abolished, above, accompanied, according, act, activities, acts, adds, adjacent, administer, administration, administrative, admit, admitted, affairs, after, age, ages, albertina",14.87130434782609,False
1303,Abdominal surgery,beginner,711,325,0.12376933895921238,317,"a, abdomen, abdominal, abdominoplasty, absorption, across, adhesion, adhesions, adjusted, adjustment, administered, adult, affected, affecting, after, allow, also, although, an, another, antibiotics, any, appendectomy, appendicitis, appendix, approach, are, as, asa, aseptic",14.440891369232688,False
1305,Abensberg,beginner,1895,764,0.19155672823218997,755,"a, abbey, abens, abensberg, abensberger, abensperg, abensprech, above, abusina, addition, administered, administrative, admission, advent, after, age, ages, agnes, ago, agricola, agriculture, all, allersdorf, also, although, altm, am, among, an, ancient",13.024376858610438,False
1306,Arminianism,beginner,5143,1308,0.17149523624343768,1299,"', 'built', a, ability, able, about, absolute, absolutely, accept, acceptable, acceptance, accepted, accepts, according, accusations, achieved, acknowledged, across, act, action, actions, activity, acts, actual, actually, addition, additionally, adhere, adherence, adopted",13.200602147016383,False
1307,The Alan Parsons Project,beginner,1920,722,0.1640625,712,"'alan, 's, 'the, 'unofficial', a, abbey, about, accompanied, according, achieving, acoustic, act, active, actor, acts, addition, admitted, adventures, after, aggressive, agreed, air, al, alan, album, albums, alfred, all, allan, almost",13.880099502487564,False
1309,Almost all,beginner,1074,278,0.1685288640595903,271,"a, about, abstract, algebra, algebraic, all, almost, also, always, an, any, applications, are, areas, article, as, asymmetric, asymptotically, be, because, below, between, both, but, by, can, cantor, cantor's, case, choosing",12.075925925925926,False
1313,Aromatic compound,beginner,1177,483,0.1503823279524214,475,"a, ability, about, above, acid, acidic, acids, act, acting, active, addition, adenine, alder, aliphatic, alkenes, alkoxide, alkylarenes, alkylated, all, also, alternating, amino, an, aniline, anilines, another, any, approximately, aqueous, are",13.28830120481928,False
1315,Abbey,beginner,3723,1159,0.20333064732742412,1150,"a, abbatial, abbess, abbey, abbey's, abbeys, abbot, abbot's, able, abnegation, about, above, abundance, access, accessed, accommodate, accommodating, accommodation, according, acres, across, activities, actually, ad, added, adjacent, adopted, adoption, after, against",9.387389738812658,False
1316,Annales school,beginner,3846,1238,0.1747269890795632,1229,"a, aborder, about, academic, access, accounting, achievements, across, acted, actions, active, actors, admired, advocated, after, against, age, agen, agenda, ages, aise, al, all, allan, along, also, although, america, american, americans",12.059938549043661,False
1317,Antimatter,beginner,4435,1225,0.16166854565952649,1216,"'antimatter', a, abandoned, able, aboard, about, above, absence, absolute, absorbed, absorption, accelerated, accelerating, accelerators, accordance, according, accumulator, activated, adding, addition, address, advanced, aegis, aether, after, afterwards, again, agency's, aimed, air",14.674247997240716,False
1322,Casa Batlló,beginner,2115,732,0.21938534278959812,723,"'s, a, able, about, above, accessed, acquired, actually, added, ade, aesthetic, after, allowed, also, although, am, among, an, animal, animal's, anniversary, announcing, another, antoni, any, anything, apartment, apartments, apparent, application",10.782800853165696,False
1324,Park Güell,beginner,1404,593,0.17806267806267806,584,"'s, a, according, acquire, added, adds, advance, advancements, after, agbar, air, al, alignment, all, already, also, although, an, analysis, ancient, another, antoni, any, apollo, apparently, applied, arcades, arch, architect, architectonic",12.713176199852914,False
1325,Casa Milà,beginner,4046,1425,0.2009391992090954,1416,"'ballrooms, 's, 'strict, 'sweet, 'the, a, abandoned, abandoning, about, above, academy, access, accessing, accessories, accordance, acquired, activities, add, added, ade, adjusted, administer, administrative, admired, advantage, affecting, afforded, after, afternoon, again",11.665472445349383,False
1327,Antiparticle,beginner,1866,595,0.1714898177920686,587,"a, accelerator, accelerators, accommodated, acquired, act, admit, after, ak, all, allowed, almost, already, also, always, amounts, amplitudes, an, analysis, anderson, annihilate, annihilation, another, anti, anticommutes, antielectron, antihydrogen, antilinear, antimatter, antineutron",14.335177707565848,False
1331,Arabian Prince,beginner,934,418,0.15096359743040685,408,"a, about, african, after, again, ain, album, already, also, american, amerikkkant, amo, an, animation, anthology, appearance, appeared, arab, arabian, artist, artists, as, aside, asked, at, august, author, aware, away, back",9.425283171521038,False
1332,August 7,beginner,3181,1422,0.10751336057843446,1415,"a, aaron, aaron's, abbie, abebe, able, abner, abram, academic, across, act, activist, actor, actress, acts, ada, adair, adam, affairs, african, after, against, agent, ahlqvist, air, airport, aja, alain, alan, alasgarov",11.879917581673993,False
1333,August 8,beginner,3696,1630,0.10822510822510822,1622,"a, abbey, abegg, abey, abu, academic, accidents, achille, acres, activist, actor, actress, adderley, address, adolf, afghan, afghanistan, african, after, afterward, against, agree, agricola, ahmed, aho, air, aircraft, airship, ajzenberg, al",11.659489770106777,False
1334,April 16,beginner,3653,1613,0.10375034218450589,1604,"a, aaron, abdul, about, abuse, academic, accepted, accession, accidentally, achmatowicz, acre, across, act, acting, activist, actor, actress, ad, adams, adelaide, adler, administrator, admiral, admitting, adopt, affairs, affiliated, affirming, african, after",10.91616388207866,False
1335,Associative property,beginner,1277,417,0.16914643696162882,408,"a, about, absence, abstracting, abundant, addition, addresses, affects, after, agree, algebra, algebraic, algebras, algorithm, all, allow, allows, already, also, altered, alternativity, although, an, analysis, another, any, appear, appears, application, approaches",16.692373862696446,False
1336,The Apache Software Foundation,beginner,814,381,0.16216216216216217,373,"'apache', a, about, accordance, active, actively, activities, additional, affairs, after, agreement, alexei, all, allocation, allows, almost, also, american, among, an, annually, anthony, anything, apache, apachecon, apaches, appointment, appropriator, approximately, april",15.638418209876544,False
1338,Americans with Disabilities Act of 1990,beginner,6981,1850,0.1601489757914339,1841,"', 'effective, 'reasonable, 'virtual', a, ability, able, about, above, absence, absolutely, abuse, accepted, access, accessibility, accessible, accessing, accident, accommodate, accommodation, accommodation', accommodations, accomplished, according, account, accused, achievable, acquisition, acsi, act",14.75714694677183,False
1344,Apple I,beginner,2018,742,0.16897918731417244,732,"'s, a, able, about, ac, access, according, add, address, advised, affixed, afford, after, all, allow, allowed, allowing, along, also, altair, alto, an, analyzed, angeles, announcement, answer, answering, appear, apple, apple's",12.53598406334061,False
1346,Apatosaurus,beginner,6028,1535,0.17418712674187126,1526,"'brontosaurus', a, abandoning, able, about, above, abstract, accepted, access, according, accounted, accuratebut, acromial, across, activities, actually, adam, adapted, added, addition, additional, address, adult, after, again, age, aged, ages, ago, agree",11.08899370830634,False
1347,Allosaurus,beginner,8680,1979,0.1673963133640553,1970,"'allosaur', 'different, 'neoplastic', a, abelisaur, ability, able, about, above, absorbing, abundance, abundant, accept, accepted, access, according, accounting, accumulating, accumulation, achilles, acrocanthosaurus, across, acting, action, active, actual, actually, adaptation, adaptations, addition",12.327243707093825,False
1348,AK-47,beginner,5656,1643,0.17503536067892503,1634,"', 's, 'why, a, able, about, above, abroad, abs, absence, accelerated, accepted, access, accessories, according, accuracy, accurate, acknowledgment, acting, action, active, activist, acts, adapted, adaptor, added, addition, adequate, adhesive, adjustable",11.856902323433264,False
1349,Atanasoff–Berry computer,beginner,1669,632,0.18034751348112643,623,"a, abc, abc's, able, about, ac, according, account, active, add, additions, after, agronomy, alamos, algebraic, all, alleged, allowed, allowing, also, alternating, although, alu, ames, amid, among, amplifier, an, analysis, announced",14.240378201310303,False
1354,Andes,beginner,4352,1460,0.18520220588235295,1452,"'east, 'east', 'rope', a, ablation, about, above, acamarachi, accelerated, accomplished, according, accumulation, aconcagua, acotango, across, act, actions, active, activity, addition, adjacent, advance, advancing, after, ago, agriculture, aircraft, alkalic, all, alliance",13.686616206546201,False
1358,Anchor,beginner,6598,1559,0.17474992421946045,1550,"'depth', 'fresh, 'hope', 'secure', a, able, aboard, aborting, abound, about, above, abrasion, abrasive, absorb, absorber, absorbs, acceptable, access, accommodate, accommodated, accommodating, accomplishing, according, account, accurate, achieve, achieved, across, act, acting",10.377223580353434,False
1359,Anbar (town),beginner,1124,465,0.20551601423487545,456,"a, abandoned, abbas, abbasid, abbasids, abi, abu, abu'l, accelerated, according, activities, adjacent, administrative, after, again, agreement, agricultural, al, ali, already, also, america, an, anbar, ancient, another, apostolic, appeared, arab, arabic",12.185915091350726,False
1360,Anazarbus,beginner,1511,630,0.19589675711449372,622,"a, about, above, accepted, according, account, accurate, acropolis, ad, adana, aegeae, after, again, against, ain, aisle, akras, al, aleian, alexandretta, alexandria, alfonso, also, alves, amouda, an, anatolia, anavarza, anazarba, anazarbon",11.618008053893345,False
1361,Anagram,beginner,3259,1345,0.14114759128567045,1335,"'he, 's, 'the, a, abnormal, abode, about, account, acronym, activity, actor, actor's, actual, actually, ad, adapted, add, addition, adest, adjacent, adjective, adobe, adopted, adultery, adults, advent, adverb, afford, after, against",12.33525877295298,False
1362,Anadyr (river),beginner,612,293,0.24836601307189543,284,"a, about, after, also, american, amguema, an, anadyr, anadyr', anadyr's, anadyrsk, anadyrsky, anyuy, april, arctic, are, area, around, as, at, autonomous, basin, basins, bay, become, beginning, being, belaya, belsky, bering",11.359061083922423,False
1363,André-Marie Ampère,beginner,1698,684,0.15959952885747938,675,"', 'o, a, about, academic, academy, access, account, achieved, action, actualized, added, addition, adjacent, admirer, adolescence, advanced, after, age, ailing, albert, alessandro, allowing, almost, along, also, amis, among, amp, ampere",16.593875891445354,False
1365,Ammonia,beginner,8707,2246,0.16056046858849202,2238,"', 'alkaline, 'ammonia', 'ammonians', 'blue, 'concentrated', 'dense, 'dilute', 'fixed, 'green, 'out, 'pink, 'spirit, 'strongly, a, ability, abnormal, aboard, abounds, about, above, absence, absorbed, absorption, abundance, abundances, accelerate, acceptor, according, accounted",12.942300862506343,False
1366,Amethyst,beginner,1850,779,0.17405405405405405,771,"a, above, absolute, abstract, abundance, action, acts, adequate, advanced, affections, afghanistan, africa, against, agates, ages, all, allusion, along, also, america, amethyst, amethyste, amethyste's, amethystos, amethysts, ametrine, among, amounts, amours, amulets",11.664136380051875,False
1367,Albertosaurus,beginner,4341,1277,0.1594102741303847,1268,"a, ability, able, abler, abnormal, abnormalities, about, above, absence, acceptance, actively, actually, adaptations, adapted, addition, admitted, adult, adulthood, adults, affect, african, after, again, age, aged, ages, aggregations, aggressive, ago, agreement",12.527037673177379,False
1368,Assembly language,beginner,7277,1590,0.14580184141816682,1582,"'a', 'move, 'short', a, abbreviated, abbreviation, abilities, ability, able, about, above, absence, abstract, abstraction, abstractions, accept, accepted, accepts, access, accordance, accusations, achieve, achieved, acp, across, acted, actual, actually, add, added",14.84344083778884,False
1369,Ambrosia,beginner,1116,508,0.18727598566308243,499,"a, acceptance, according, achieve, achilles, actions, additionally, adjectival, aegean, aeneas, aeneid, after, ageless, akin, alchemy, alcman, all, along, also, alternate, am, amanita, ambiguous, ambrosia, ambrosial, among, an, anaxandrides, ancient, anoints",11.825092722371974,False
1370,Ambrose,beginner,8008,2213,0.16895604395604397,2203,"'bishop, a, abel, abiding, ability, about, abraham, acceptable, accepted, acclamation, according, accordingly, account, accusations, acquaintance, acquire, acquiring, act, acta, actions, active, acts, actual, actually, ad, adapt, adapting, addenda, addition, address",13.1002055123489,False
1371,Ambracia,beginner,501,258,0.17564870259481039,252,"a, about, acarnania, acarnanians, accept, actor, adorned, aetolian, aetolians, after, against, alliance, also, ambracia, ambracian, ambraciot, ambraciotes, amphilochians, ampracia, an, ancient, andromachus, arachthos, aratthus, archaeological, arta, artists, as, assistance, at",15.496862745098042,False
1372,Amber,beginner,4074,1463,0.16028473244968092,1454,"'normal', 'resin', a, abalus, abietic, ability, able, abnormal, about, above, absorption, abundant, academy, according, acetylcellulose, achiliid, acid, acids, acquisition, across, acrylic, actual, adaptation, addition, adopted, adoptive, affinity, africa, african, after",12.281807058534188,False
1373,Amalaric,beginner,517,278,0.1644100580270793,269,"a, according, acting, advice, affairs, africa, against, age, agrees, alaric, albi, allies, allowed, alongside, although, amalaric, amalaric's, amalarico, an, aquitanian, are, arian, army, as, assassinated, assassination, assumed, at, athalaric, back",13.178612558267073,False
1374,Alphorn,beginner,1281,586,0.17486338797814208,577,"a, abbey, aboriginal, abwesenheit, accomplished, according, account, ackerhorn, added, adjacent, admirandis, advertisements, albert, allg, along, alpen, alpenhorn, alph, alphorn, alphorn's, alphornists, alphorns, alpine, alpinum, alps, also, american, among, amongst, an",15.443208888018798,False
1376,Army,beginner,2948,1019,0.1655359565807327,1011,"'maskirovika', a, abilities, absolute, access, according, across, act, actually, ad, added, administration, administrators, affect, after, against, age, ages, agrarian, air, all, alliance, allies, allowed, almost, alone, along, also, alternative, although",12.55635661232758,False
1380,Alligatoridae,beginner,792,350,0.15656565656565657,343,"a, about, absence, acresuchus, across, age, agile, ago, alberta, all, alligator, alligator's, alligatoridae, alligatoridae's, alligatorinae, alligatoroid, alligatoroidea, alligatoroids, alligators, allognathosuchus, also, although, amazon, america, american, an, ancestor, ancestors, appearances, arambourgia",15.197957016434895,False
1383,Alder,beginner,1845,827,0.1078590785907859,820,"a, about, absorbs, abundance, acid, actinomycete, acuminata, addition, additional, adds, adopted, affinity, afflicted, after, against, ago, air, aiton, alamo, alaska, albero, alder, alders, aliso, allows, alni, alnobetula, alnus, along, alor",11.345738194441406,False
1384,Amos Bronson Alcott,beginner,5444,1651,0.15852314474650991,1641,"a, abby, ability, able, abolitionist, abolitionists, about, above, abraham, abrupt, absence, academy, acceptable, accepted, according, account, achieve, acquisition, acres, act, acting, activists, actualize, added, addressed, admirer, admirers, admitting, adult, advertiser",11.484941365799866,False
1386,Arachnophobia,beginner,906,433,0.1390728476821192,425,"a, about, acquisition, adaptive, adaptiveness, advances, advantage, affected, affects, against, aged, aid, all, alone, also, alternative, although, among, an, ancestral, animal, anthophobia, ants, any, apiphobia, arachne, arachnids, arachnophobes, arachnophobia, are",15.6141592920354,False
1387,Alabaster,beginner,2735,967,0.2003656307129799,959,"'alabaster', a, abandoned, about, above, abu, abundance, according, acid, acquires, ad, adept, afield, after, again, agatiform, age, ages, alabaster, alabastra, alabastrites, alabastron, albaida, albert, albino, algerian, aljafer, all, allowing, almost",13.99557522123894,False
1389,Ahab,beginner,1663,687,0.17678893565844858,678,"'a, 'idri, a, ab, abandon, ability, abiram, abjured, able, abstained, accession, according, accordingly, acha, achievements, action, actions, adad, adds, adherents, advice, after, again, against, ahab, ahab's, ahaz, ahaziah, albright, all",11.257466829342686,False
1392,Dasyproctidae,beginner,266,168,0.09022556390977443,162,"a, above, acouchi, acouchis, acouchy, agouti, agoutis, al, all, alloiomys, america, american, animaldiversity, appearances, are, as, at, australoprocta, authorities, azara's, azarae, back, be, bell, black, branisamys, burrows, bury, but, by",8.904049429657796,False
1394,Algol,beginner,1440,540,0.18680555555555556,531,"a, aa, ab, abbreviated, about, according, across, active, activity, actual, actually, ago, al, alexandrian, algol, algol's, allen, also, although, am, amateur, an, ancient, antiquity, any, apparent, appears, applegate, approach, approved",11.791892180670228,False
1395,Amazing Grace,beginner,6596,1896,0.1796543359611886,1887,"'amazing, 'amazing', 'grace', 'twas, a, ability, able, aboard, abolish, abolitionist, about, absence, abuse, accident, accompanied, accompaniment, accompanying, according, aces, acknowledged, acoustics, acquire, across, act, actions, activities, address, admitting, admonished, advantage",11.779322955598747,False
1397,AOL,beginner,7486,1972,0.14881111407961528,1962,"'simplify', a, abandoned, ability, about, academics, acceptance, access, accessed, accessible, accessing, acclimate, accompanying, according, account, accounted, accounts, achieved, achieving, acquire, acquired, acquisition, acquisitions, across, act, action, active, ad, adaptv, add",12.298110646746252,False
1400,Anno Domini,beginner,2493,727,0.19895707982350583,718,"'the, a, abbey, abbreviated, abbreviation, abbreviations, abolished, about, abraham, abrahami, ac, accepted, accession, according, accounts, acn, ad, adopt, adopted, adopting, advent, aerae, after, ages, alcuin, alexandria, alexandrian, all, allow, almanac",12.747219894725536,False
1408,Alcuin,beginner,3317,1303,0.1588785046728972,1293,"'accessing, 'albinus', 'an, 'david', 'flaccus', 'school, 'the, a, aachen, abbess, abbey, abbot, abolished, about, above, ac, accepted, according, account, act, acts, acuendos, ad, adoptionism, adoptionist, adrian, adrian's, adults, adviser, aelbert",10.715780285233823,False
1409,Angilbert,beginner,687,346,0.18631732168850074,337,"a, aachen, abbey, abbot, abbots, accompanied, administrator, adrian, adviser, affectionate, against, ages, alcuin, along, an, angilbert, angilbert's, another, aquae, are, arranged, as, assisted, at, attributed, attribution, author, avars, bare, became",11.596822845417236,False
1412,Amine,beginner,2460,810,0.13658536585365855,803,"a, abatement, about, above, absorbed, according, acetonitrile, acid, acidic, acids, activity, acyl, acylation, additionally, adjacent, affect, affects, agent, agents, alcohols, aldehydes, alike, aliphatic, alkali, alkaline, alkenes, alkyl, alkylamines, alkylammonium, alkylarylamines",12.268147878041564,False
1416,April 29,beginner,2758,1221,0.10116026105873821,1213,"a, abbey, abbot, abc, academic, achron, acquittal, acting, activist, actor, actress, adam, adams, adelstein, admiral, adolf, adolfo, adolphus, afa, affairs, affects, affiliate, afghanistan, after, agassi, agriculture, agrippa, aircraft, airdrops, airfield",11.060838765289343,False
1417,August 14,beginner,2689,1231,0.10449981405727037,1223,"a, academic, accountant, act, activist, actor, actress, administering, admiral, adopted, aelst, affairs, affects, africa, african, after, against, agreement, aims, air, airliner, airlines, airport, airways, albemarle, albert, alberto, alexander, alice, aljubarrota",11.107254468323745,False
1418,Absolute zero,beginner,3101,956,0.17155756207674944,947,"a, about, absolute, accepted, achievable, achieve, achieved, achievement, actual, actually, added, adding, addressed, adiabat, adiabatic, adiabats, adopted, after, agency, agent, agree, agreement, air, aired, albert, all, almost, along, also, although",14.24793251447127,False
1419,Adiabatic process,beginner,4132,914,0.1994191674733785,905,"'adiabatic', 'heat', a, about, above, absolute, absorbed, absorption, accordance, according, accordingly, across, acts, actually, added, additional, adi, adiabat, adiabatic, adiabatically, adiabats, adopted, advantageous, after, against, air, allowed, allowing, almost, along",14.819301158301158,False
1422,Amide,beginner,1185,451,0.1451476793248945,444,"a, about, above, accelerate, accept, acceptors, according, acetamide, acetic, acid, acid's, acidic, acids, acids', act, activating, active, acyl, additional, adds, agents, aldehydes, alkali, alkanoyl, all, allow, allows, almost, also, alternative",11.806844552253892,False
1423,Animism,beginner,5360,1735,0.16436567164179106,1726,"', 'animism', 'breath, 'eagle', 'i, 'thunderers', a, abandoning, ability, able, abnormal, aboriginals, about, abrahamic, abram, absence, abstract, academic, academics, accept, accepted, access, accord, according, accordingly, accords, account, acculturated, accused, achebe",15.785595051927746,False
1425,Antonio Vivaldi,beginner,4382,1413,0.1800547695116385,1404,"'s, a, abandoned, abc, about, abroad, absence, absolutely, academic, accademici, accept, accepted, accompanied, accompaniment, accuracy, acquainted, acquired, across, act, activities, activity, adamantly, adapted, added, adelaide, adjacent, admired, admirers, adolph, after",13.012555635062615,False
1428,Adrian,beginner,5076,1406,0.045114263199369585,1398,"a, aas, abbey, abbot, about, academia, academic, academy, ace, achowski, activist, actor, actress, acts, addie, ade, adgar, adi, adlam, administrator, admiral, adolph, adonis, adreian, adri, adria, adrian, adriano, adrianus, adriatic",86.89301697249564,False
1433,Aare,beginner,919,391,0.19586507072905332,383,"a, aa, aabach, aar, aarau, aarberg, aarburg, aare, aareschlucht, aargau, aargletschers, about, absorbs, accounting, across, after, afterwards, all, almost, along, alp, alps, also, ambassador, amounts, an, annually, araris, are, area",13.674079563781586,False
1435,"Abbotsford, Scottish Borders",beginner,1020,470,0.1980392156862745,461,"a, abbey, abbotsford, acquisition, across, afford, after, afterwards, alice, all, along, also, among, an, ancient, appears, application, arches, architects, architecture, armour, arms, as, ashestiel, at, atkinson, attached, attractions, attribution, august",12.351393318784623,False
1436,Abraham,beginner,5790,1662,0.1998272884283247,1653,"', 'cities, 's, 'shall, a, abba, abimelech, abimelech's, able, about, above, abrahae, abraham, abraham's, abrahamic, abram, abram's, abundant, acceptance, accessed, according, account, accustomed, acquired, action, actor, adam, additionally, adjoining, advice",11.520578649834906,False
1437,Abraxas,beginner,4492,1533,0.195013357079252,1523,"'abraxas', 'barbarous', 'charcoal', 'homerus', 'netherheaven', 'nihilistic, 'potent, 'praedestinatus', 's, 'stages', a, ablanathanalba, ablathanalba, about, above, abracadabra, abracax, abraham, abrakad, abrakd, abrasax, abrasaxtes, abrax, abraxas, abraxis, abraxo, abraxos, absence, absolutely, accepted",12.494710380924687,False
1438,Absalom,beginner,3203,1194,0.1751482984701842,1184,"', 'my, a, abandonment, abfall, abiathar, abijah, about, absalom, absalom's, absaloms, absalon, absalonism, absolom, absolons, abyss, accepting, accomplished, according, account, accustomed, achitophel, action, actions, ad, adam, adapted, advice, advised, after",11.101309449992328,False
1440,"Abydos, Egypt",beginner,2812,842,0.19772403982930298,833,"', 'forts', a, abdju, abdu, abdw, about, abutted, abydos, achievements, across, adams, added, adjacent, adjoined, after, afterwards, again, age, aha, ahmose, alexandria, all, almost, also, altars, american, amice, amrah, amun",11.744248230861135,False
1441,Abydos (Hellespont),beginner,2239,692,0.20634211701652524,683,"a, abandon, abandoned, abandonment, abd, about, abydene, abydos, abydos', abydou, abydus, according, acropolis, across, act, active, ad, administered, administrative, adramytteum, adramyttium, advance, aegean, aemilius, after, against, agesilaus, al, alexander, alexandria",12.783855395369159,False
1442,August 15,beginner,4375,1868,0.11405714285714286,1860,"'king', a, abbot, abby, abd, abolitionist, abraham, abu, academic, academician, acadian, acadians, accord, aceh, across, acting, activist, actor, actress, adalbertus, adam, adhiban, adnan, affleck, afghanistan, afloat, afonso, african, after, against",11.344077436353746,False
1445,Acacia sensu lato,beginner,2831,1103,0.16425291416460613,1094,"'bush', 'scarlet, 'wattle, a, abandoned, about, abundance, abundant, acacia, acacias, acacieae, acaciella, accompanied, according, accumulate, acorus, add, adopted, aenetus, aesthetic, afford, africa, african, after, against, aggressive, agilis, agricultural, alarm, albizia",11.865414826434254,False
1446,Acapulco,beginner,6535,1980,0.19510328997704668,1970,"'colectivo', 'diamond', 'golden, 'o, a, abierto, about, aca, acab, acapulco, acapulco's, accommodation, accompanied, according, accumulated, accusations, across, action, activities, activity, actress, adapted, added, adding, addition, additionally, adjoining, adorn, adults, aeromar",12.069903560262059,False
1448,August 16,beginner,3612,1576,0.1035437430786268,1568,"a, abbasid, abdul, above, abu, abune, academic, acheiropoietos, achleitner, acosta, acres, action, activist, activities, actor, actress, ad, adab, administrator, admiral, admit, affairs, affects, african, after, agathe, agostino, ahmad, ai, aid",11.098015264948959,False
1449,Alan Kay,beginner,1670,657,0.1694610778443114,648,"'class', 'model, 'object', a, abacus, abstract, academic, academy, accepting, accumulated, acm, actively, activities, acts, added, adjunct, adopted, advanced, advancement, advisory, advocates, after, agency, ago, air, alan, all, along, also, alto",14.996283166594171,False
1451,APL (programming language),beginner,5877,1540,0.16368895695082525,1531,"', 'hello, a, ability, able, about, above, abrams, academic, access, accord, according, accustomed, acm, acted, acting, action, actions, actual, adapted, added, addition, additional, additions, address, adin, adopter, advance, advanced, advent",12.92680027995165,False
1453,ALGOL,beginner,2205,776,0.1619047619047619,768,"', 'begin', 'end', 'full', 'hello, 'integer', 's, 'spo', a, able, above, abs, absence, absmax, absolute, academic, acm, actual, ad, added, adopted, adriaan, after, aggravated, ahead, al, alan, alcor, algebraic, algol",12.142116704805495,False
1456,AWK,beginner,3752,906,0.17830490405117272,897,"', ''', 'prog', a, about, above, access, accesses, according, account, acronym, action, actions, activities, actually, add, added, adding, addition, adjacent, adjacently, adopted, after, again, against, aho, alfred, all, allowing, allows",10.080052890103655,False
1460,Asgard,beginner,1435,580,0.2062717770034843,571,"'defender, 's, a, abodes, according, account, advanced, aeneid, after, agree, aimed, aligning, all, along, also, alternative, although, among, an, anglicisations, any, apparent, appear, appearance, appeared, appears, arbrunnr, are, argue, as",11.253010165109583,False
1461,Apollo program,beginner,9941,2184,0.16970123730007042,2175,"'s, a, aandb, aap, abe, ability, ablative, able, aboard, abort, aborted, about, above, absent, acceleration, accepted, accident, accidentally, accommodate, accomplished, accomplishing, according, account, accounted, accurate, achieve, achieved, achievement, achieving, acknowledging",13.286310133607255,False
1466,Assault,beginner,5296,1047,0.14463746223564955,1039,"'assault, 'assault', 'ruin, a, abh, ability, abolished, absence, abuse, accepted, accidental, accidentally, accompanies, according, accreditation, accredited, accused, acknowledge, acquit, act, acting, action, actions, activities, activity, acts, actual, addition, additionally, administer",13.848671319492983,False
1478,Álfheimr,beginner,162,97,0.1728395061728395,91,"a, abode, abodes, alfheim, alfheimbjerg, also, an, anglicized, as, attestations, beginning, bibliography, black, called, century, citations, cosmology, cutting, describes, died, divine, dwellings, earth, eddic, elfame, elfland, elves, explains, external, fairyland",17.3366935483871,False
1482,Ask and Embla,beginner,1373,583,0.1755280407865987,575,"'first, a, academic, according, account, act, ad, adam, adams, after, age, all, almil, almost, along, also, ambil, ambl, ambr, ambri, american, aml, amr, an, analogues, analogy, ancient, anders, andr, andy",9.855868103356986,False
1484,Alabama River,beginner,447,182,0.2080536912751678,175,"a, about, above, after, agricultural, alabama, allrefer, also, american, an, as, at, atlantic, autauga, bay, been, before, below, between, boats, by, cahaba, central, century, channel, claiborne, com, connect, considerably, construction",12.238976408656661,False
1485,Alain de Lille,beginner,1680,707,0.15357142857142858,698,"', 'alan, a, ab, abbot, abelard, ability, about, absolute, accounts, adam, addition, adultery, aforementioned, after, afterwards, against, age, ages, agreeably, alain, alain's, alan, alan's, alani, alanus, alis, all, allegory, also",14.873426540284363,False
1486,Alemanni,beginner,3231,1184,0.18817703497369234,1174,"a, about, absorbed, accepted, according, account, acted, actions, active, activities, ad, adopted, adoptees, advance, advanced, advances, adventurers, advice, aetius, after, afterwards, again, against, agathias, agri, aid, alah, alamanni, alamannia, alamannic",13.115777132710239,False
1488,NYSE American,beginner,1700,626,0.16705882352941176,617,"', 'cats, 'curb, a, abolished, abolition, about, access, according, acquired, acquisition, acquisitions, adams, advisers, advisors, after, agency, all, also, alternext, am, american, americas, amex, among, an, announced, approached, appropriate, approval",9.243173201460028,False
1490,August 17,beginner,3776,1613,0.1104343220338983,1605,"'deep, a, aase, abbess, abdelaziz, able, aboense, about, academic, accepts, accident, according, accountant, activist, actor, actress, adam, admits, adopted, adopts, adventurer, adys, aeroflot, african, after, against, agent, agreed, agreement, aiken",11.27761581323464,False
1491,August 12,beginner,3492,1476,0.1033791523482245,1470,"a, abandon, abraham, abu'l, academic, academician, activist, actor, actress, ad, adams, admiral, adolf, advisor, afdal, affairs, affleck, africa, african, after, aga, agius, agreement, aimo, air, aires, airlines, al, alam, albert",11.309980972661084,False
1494,Alfred Russel Wallace,beginner,10041,2525,0.18743153072403146,2515,"', 'directional', 'inevitable', 'malay, 'natural, 'personal, 'stabilizing, 'wallace, a, abandon, abbey, able, aboard, about, above, abroad, abstract, absurdity, abused, abuses, academic, accept, accepted, access, accidental, according, account, accounts, accusations, achieving",14.241212189204731,False
1495,Australian Labor Party,beginner,5982,1444,0.19408224674022065,1435,"'labor, 'labour, a, aboriginal, about, acceptance, accepted, according, achieve, achieved, achieving, act, action, active, activity, acts, added, addition, address, adelaide, administration, administrative, adopt, adopted, adoption, advocacy, advocate, aec, affairs, affiliated",14.18138152524168,False
1496,August 18,beginner,3259,1485,0.10800859159251304,1476,"a, abe, academic, accedes, accompanying, accused, across, act, activist, activists, actor, actress, adam, adamson, adoption, adrian, aerial, aeroflot, affecting, afghanistan, africa, africa's, african, after, agapitus, agha, agneta, air, airplane, airport",11.600066846520598,False
1497,August 19,beginner,3558,1589,0.10708263069139966,1581,"a, abbondanzieri, abbot, abdul, abdulaziz, abu, academic, accident, accidentally, accolay, accused, act, activist, actor, actress, ad, adam, adas, admiral, adolf, adventurer, af, afghan, afghanistan, african, after, against, aged, agency's, agreement",11.845422481711292,False
1499,August 21,beginner,3330,1455,0.1012012012012012,1448,"a, abandon, about, abraham, academic, accident, accordionist, across, activist, actor, actress, adam, adding, addison, adelbert, administration, admission, adopting, adoption, afonso, african, after, against, ahmed, air, aircraft, airlines, airport, al, alamos",11.558298808486764,False
1500,Dodo (Alice's Adventures in Wonderland),beginner,879,374,0.2150170648464164,365,"a, abilities, able, about, accidentally, actually, adaptation, adventures, advisers, after, again, alice, alice's, all, along, also, animal, animated, another, any, apparent, appear, appearance, appearing, appears, are, around, as, asks, at",9.98143764172336,False
1508,"Albert Alcibiades, Margrave of Brandenburg-Kulmbach",beginner,626,301,0.1900958466453674,292,"a, able, adherent, after, against, albert, albert's, albrecht, alcibiades, alliance, allies, allzeit, always, an, anna, ansbach, anxious, anything, april, army, as, assented, assistance, assisted, at, attack, august, away, bamberg, ban",12.545606299212597,False
1509,Albert the Bear,beginner,949,387,0.18545837723919917,379,"a, abbess, able, about, accompanied, adelheid, after, again, against, aim, albert, albert's, also, among, an, anhalt, archbishop, area, army, around, arrangement, as, ascania, aschersleben, assassinated, at, attacked, awarded, ballenstedt, barbarossa",15.792012987012985,False
1513,Albert of Brandenburg,beginner,1658,706,0.18154402895054284,697,"a, able, about, according, actions, actual, addition, addressed, administrator, admired, adorned, after, against, age, agnes, air, al, albert, albert's, albrecht, alexander's, all, also, altar, altars, alte, although, ambitions, among, amount",10.883424130427272,False
1514,"Albert, Duke of Prussia",beginner,2049,711,0.19765739385065886,702,"a, abandon, academy, accompanied, according, acquaintance, acted, active, adherents, administration, administrative, adopted, adrian, advancement, adventurer, advised, adys, after, against, agitation, albert, albert's, albertina, albertina's, albertus, albrecht, all, allee, allegiance, allies",12.853938880577314,False
1519,August 25,beginner,3816,1598,0.10560796645702306,1590,"a, aaliyah, aaron, abdicates, about, academic, across, activist, activities, acton, actor, actress, ad, adam, admiral, adolf, adrian, african, after, against, agent, ahmad, air, aircraft, airfields, airlines, airport, aitken, ak, al",11.4280314469333,False
1520,Aachen,beginner,6840,2041,0.19576023391812866,2032,"a, aachen, aachen's, aachener, abandoned, abbas, abbess, abbey, about, above, absent, abteilung, abul, academic, accept, accompanied, according, account, achieved, achilles, achim, acknowledged, acoustics, acquire, acquired, actions, active, activities, activity, acuas",11.658043874237745,False
1523,Agate,beginner,1403,648,0.14397719173200285,640,"a, ability, able, accurately, achates, acquire, affordable, africa, agate, agates, age, air, al, all, along, also, alternating, amber, american, amethyst, among, an, ancient, any, apex, appearance, aqeeq, aquamarine, archaeological, archean",12.147690109464307,False
1525,Aspirin,beginner,7687,1851,0.14635098217770262,1842,"a, ability, able, abnormally, about, above, absolute, absorbed, absorption, academic, academy, accurate, acetaminophen, acetate, acetates, acetazolamide, acetic, acetonitrile, acetyl, acetylate, acetylating, acetylation, acetylsalicylic, acid, acid's, acidic, acidosis, acids, acted, action",14.929501189856477,False
1526,Abner,beginner,2368,890,0.19045608108108109,881,"', 'rend, a, abiner, abner, abner's, about, above, abraham, abrahams, accepted, access, according, account, accounts, accusing, act, actor, adler, adler's, advantage, affected, affixed, africa, after, afterward, again, against, ages, agree",9.815057892761239,False
1527,Ahmed I,beginner,2795,867,0.17602862254025045,858,"a, abandoned, abbas, abide, ability, able, abolished, about, absolute, acceptance, accession, across, active, actor, adana, addressed, affairs, affection, after, afterwards, again, against, age, aged, ahmad, ahmed, ahmed's, akhaltsikhe, al, albeit",12.996390152490488,False
1528,Ahmed II,beginner,882,366,0.16326530612244897,357,"a, able, accession, achievement, addition, adjusting, administrator, advance, affected, against, ahmed, ahmed's, almost, along, also, among, an, anatolia, army, as, asiye, asiye's, at, atike, attached, attempted, attempting, attention, august, austria's",13.29206867621502,False
1529,Ahmed III,beginner,3666,1032,0.18085106382978725,1023,"'law, a, abd, abdication, accession, according, acemio, achmet, active, activities, actual, actually, addition, administer, administrative, admirer, advance, affairs, afforded, after, aftermath, against, agreed, ah, ahin, ahmed, ahmed's, aided, akile, alarmed",8.80112381191643,False
1530,Ainu people,beginner,11229,2675,0.1732122183631668,2665,"'cultural, 's, a, abhorrence, abide, aborigines, about, absent, abundant, acceptance, accepted, accepts, accompany, according, account, accurate, acknowledge, acknowledged, acknowledges, aconites, across, act, action, active, actively, activist, activists, activities, actual, adachi",11.627281967686947,False
1536,Acropolis,beginner,1399,508,0.19299499642601858,500,"a, able, academic, acrocorinth, acropoleis, acropolis, acropolises, ad, adjacent, affiliates, aided, air, album, alexander, all, also, altar, although, america, american, among, an, analogy, ancient, ankara, antigonos, apollo, applied, archaeological, archaeologists",14.52403487379588,False
1537,Acupuncture,beginner,8628,2026,0.16886879925822904,2017,"'acupuncturist', 'harnessing, 'meaningful, 'placebo', 'real', 'science, 'sham', 'theatrical, a, abandoned, abdominal, able, about, above, abscess, abscesses, absence, acad, academic, academics, academy, acc, accept, acceptable, accepted, accident, accidents, accompanied, according, accrediting",14.498014999316663,False
1540,Aeneas,beginner,3620,1312,0.17044198895027624,1303,"'aeneid, 'all, a, ab, abbandonata, able, about, abruptly, absent, accepted, accidentally, according, account, accounts, achates, achilles, acmon, acting, action, activists, adams', adaptation, add, added, addresses, adjective, adorns, aeneads, aeneans, aeneas",11.779963198726875,False
1541,April 13,beginner,3020,1281,0.10794701986754966,1274,"a, aaron, abbe, abdul, aboard, academic, academy, accidental, accordance, accountant, act, activist, actor, actress, adams, administering, admiral, advancement, affairs, afghanistan, african, after, air, al, alan, albritton, alexander, alfred, allen, allison",10.976804848013352,False
1542,Amaranth,beginner,3256,1173,0.16246928746928746,1164,"'hopi, a, about, above, acanthochiton, accepted, accompanying, acetolactate, achilles, acid, acids, acnida, acquired, across, acutilobus, adaptation, added, addition, additives, adequate, aellen, affecting, africa, african, after, ago, agriculturalists, agriculture, albersia, albus",12.50902716914987,False
1543,Agapanthus africanus,beginner,550,272,0.15454545454545454,265,"a, acid, across, activity, actually, adapted, africa, african, africanus, after, agapanthus, also, antifungal, application, april, are, area, as, assessed, baboons, be, been, bees, begin, being, best, better, biodiversity, biosphere, blue",9.641985347985347,False
1544,Agamemnon,beginner,3518,1115,0.15690733371233656,1107,"a, about, above, absolved, accepts, according, account, accounts, accused, achaean, achaeans, achilles, achilles', achilles's, acting, action, actions, adultery, adulthood, advice, aegeus, aegisthus, aegisthus', aegisthus's, aegithus, aerope, aeschylus, aeschylus', aetha, after",11.444281564950703,False
1545,Aga Khan I,beginner,1964,626,0.17566191446028515,618,"a, able, about, accept, accession, accompanied, accordance, achievements, address, afghan, afghanistan, afghans, after, aga, again, against, agreed, akbar, al, alarmed, ali, all, allah, allah's, allahi, allowed, along, also, although, always",12.4016940897159,False
1546,Aga Khan III,beginner,3097,1062,0.1908298353245076,1053,"', 'birth, 'pioneers, 'two, a, a'lia, able, about, absolute, accelerated, accepting, according, activities, addition, address, administration, advancement, advancing, advice, advocate, advocated, advocating, affairs, affected, affection, affirmations, afford, afghanistan, africa, after",14.172332437081874,False
1548,Alexander Agassiz,beginner,1441,519,0.1970853573907009,511,"'blake', a, able, about, abroad, academy, account, acquired, adams, administered, adriatic, after, afterwards, agassiz, agassiz', agassiz's, agassizi, agassizii, agent, alexander, along, also, alumni, america, american, an, animals, anna, annotations, anolis",12.156472148541116,False
1549,Agathon,beginner,822,400,0.17153284671532848,391,"a, accepted, according, across, actually, adopted, aerope, after, agathon, agathon's, alcmeon, alfred, all, alleged, almost, also, although, an, anacreon, ancient, another, antheus, anthology, anthos, apparently, appearance, appears, archelaus, are, aristophanes",14.72997942626451,False
1550,Agesilaus II,beginner,4067,1349,0.16744529136955988,1339,"a, ability, able, about, abroad, absorbed, abydos, acarnania, accession, according, accounts, achaemenid, achieve, achievements, acknowledge, acted, action, active, activity, actor, added, addition, adds, adherents, admirer, adult, advance, advice, aegean, affairs",12.940121091399522,False
1552,Antonio Agliardi,beginner,368,193,0.19293478260869565,185,"a, achilleo, acting, after, again, agliardi, agliardi's, al, albano, albertoni, alessandro, allowing, altieri, an, antonio, apostolic, appointed, archbishop, archbishops, arranged, as, at, austria, bavaria, be, became, benedict, bergamo, bernerio, biography",17.23791397849462,False
1553,Agnes of Merania,beginner,183,107,0.11475409836065574,101,"a, added, after, agnes, andechs, at, b, been, berthold, biography, birth, births, both, boulogne, buried, but, by, called, capet, castle, cause, century, child, childbirth, children, chroniclers, consented, consort, convent, corentin",10.580952380952379,False
1556,Agrippina the Elder,beginner,4441,1245,0.17496059446070705,1236,"a, abandoned, about, above, abundance, accepting, access, according, accordingly, accounts, accusations, accused, accusers, achieve, across, act, acted, acting, actions, active, activities, ad, add, addition, adds, administering, administration, adopt, adopted, adoption",11.29521816978243,False
1557,Agrippina the Younger,beginner,5205,1480,0.1579250720461095,1471,"a, abdicate, aboard, abominable, about, accessories, accident, accidental, accorded, according, account, accounts, accurately, accused, acerronia, achieved, acknowledged, across, acte, actions, active, ad, added, addition, additionally, administering, admirers, adopt, adopted, adopting",10.975353391107024,False
1558,American Chinese cuisine,beginner,5192,1462,0.14445300462249616,1453,"'dumbed, 's, a, about, abroad, absence, academic, acceptance, access, accessible, accommodates, accommodating, achieved, across, act, actual, actually, adapted, adapting, added, addition, administrative, adopting, after, again, against, alexandra, alhambra, all, allowed",13.988347607434036,False
1560,Ahmad Shah Durrani,beginner,2938,1016,0.16609938733832538,1006,"'king, 'panipat', a, abc, abd, abdali, abdalis, abdul, abdur, about, abridged, abrisham, abruptly, absorbed, accepted, accession, accident, accompanied, accomplishments, according, account, accused, achakzai, acknowledgment, acquire, acts, adamant, adjacent, administration, adopt",11.117555856465813,False
1563,Arthur Aikin,beginner,530,245,0.20754716981132076,238,"a, about, academy, adopted, aiken, aikin, also, among, an, anna, annual, applications, april, are, arthur, articles, arts, as, askesian, associated, at, attention, aunt, author, barbauld, became, being, best, between, births",12.08152334152334,False
1564,Ailanthus,beginner,322,193,0.13043478260869565,188,"a, about, accept, accepting, across, ailanthus, ailanto, alien, all, alliance's, almost, also, altissima, ambonese, america, among, an, andaman, angulated, as, asia, australasia, australia, austria, authorities, based, been, belonging, britain, brooklyn",15.506677018633543,False
1565,Aimoin of Fleury,beginner,248,151,0.1814516129032258,144,"a, abbatis, abbey, abbo, abbonis, abbots, about, acta, adrevald, ages, aimoin, aimoin's, all, also, analytical, another, appears, as, at, band, became, been, benedict, benedicti, berlin, between, birth, births, book, books",9.412400000000002,False
1566,Akkadian Empire,beginner,5852,1721,0.1696855775803144,1711,"'arbaim, 'event', 'palace', a, abandoned, abc, about, absolute, academy, accad, access, according, accurate, achieve, achieved, across, acta, acting, activity, acts, ad, adab, adda, addressed, addresses, administration, administrative, adopted, advancement, advantage",14.150855708489946,False
1567,Ajax the Lesser,beginner,1376,521,0.16279069767441862,513,"a, abduction, according, account, accounts, achaean, achilles, adam, aeneid, after, afterwards, against, aias, aivas, ajax, ajax's, alexander, alexandra, all, allegories, allowed, also, altar, although, always, among, an, ancient, andr, angry",8.76017997631891,False
1568,Ajax the Great,beginner,1826,727,0.1955093099671413,718,"a, abandoned, about, absent, abundant, accidental, according, account, achaean, achaeans, achilles, achilles', acquitted, act, acting, adam, aeacus, aetos, after, again, against, agamemnon, ai, aiacid, aianteia, aiantis, aias, aiaz, aid, aivas",11.566301843317973,False
1570,Alaric I,beginner,4436,1401,0.16321009918845808,1392,"'enemy, 'roma', a, abilities, able, about, acceptable, accompanied, accomplish, accomplished, accordance, according, account, accurate, accuses, achieved, achieving, acquired, across, acted, action, actually, ad, adds, administrative, admission, admitted, adrianople, advanced, advantage",14.172903762538493,False
1571,Alaric II,beginner,941,439,0.19234856535600425,430,"a, ability, about, abstract, academia, according, account, action, adds, advances, affairs, afraid, after, aftermath, agde, agust, aire, alaric, alaric's, alaricianum, alarico, all, allowed, also, although, amalaric, amalaric's, amboise, an, ancient",13.416622014654063,False
1573,Albertus Magnus,beginner,3879,1346,0.16834235627739108,1337,"'albert, a, able, about, absolute, academic, academics, academy, accept, accepted, accessible, accord, accordance, according, account, accurate, achieve, achievements, acting, activity, added, adds, adhaerendo, adherendo, advocated, affecting, africa, after, against, age",13.842667912757161,False
1575,Alboin,beginner,5858,1763,0.19153294639808807,1754,"a, abandoned, able, about, absorbed, accepted, accommodation, accompanied, accord, according, account, accuses, act, actually, adding, additionally, administration, administrative, adopted, adriatic, advance, advanced, advantage, adventure, affected, after, aftermath, afterwards, again, against",13.063857736121978,False
1576,Afonso de Albuquerque,beginner,5925,1694,0.1859915611814346,1684,"'robinson, 'the, a, abandon, abandoned, able, about, abreu, absence, abu, accepting, accompanied, accompany, according, accordingly, achieved, achievements, acquired, across, actions, actually, addressed, aden, adil, administration, administrator, administrators, admiral, admirals, advance",13.143166016164276,False
1577,Alcaeus of Mytilene,beginner,2735,1036,0.1769652650822669,1026,"'alcaic', 'celestial', 'down, 'educated, 'far, 'messon', 'modern', 'monodists', 'sapphic', 'secular', 'ship, 'solo, 'strophes', a, able, about, above, absence, accident, accompanied, according, achieved, achievement, achilles, action, actively, add, adding, addition, adorned",12.845019744189347,False
1578,Alcamenes,beginner,358,189,0.19832402234636873,180,"a, acharnes, after, agora, alcamenes, alcamenes', alkamenes, almost, also, among, an, ancient, andrew, antiquity, aphrodite, archaistic, ares, art, artist, artists, as, associated, at, athenian, athens, attic, augustus's, author, bc, be",17.950770949720674,False
